0,42164.169000000002,0,0,0,3.074660121114078,0
900.00000010477379,42073.395217637335,2765.2088405858226,0.00048798450899446215,-0.20164710188365004,3.0680427346942802,1.1578894656337864e-06
1799.9999998952262,41801.464724307581,5518.5135398666644,0.0022162462047441039,-0.40242596918082024,3.0482159687178569,2.7557958950387403e-06
2699.9999996856786,41349.548353235659,8248.0598082274591,0.0055791781810711387,-0.60147215160732659,3.0152651701252999,4.7894340635104278e-06
3600.0000001047738,40719.591869132746,10942.095630443069,0.010965458914418141,-0.79792864590461476,2.9693321827130408,7.2503677103278323e-06
4500.0000002095476,39914.307605478978,13589.021851156094,0.01875426004292757,-0.99094958228715679,2.9106147402231444,1.0125889095236015e-05
5400.0000003143214,38937.16280049389,16177.44212013701,0.029311358994132165,-1.1797038649848723,2.8393656193486843,1.3398928788592652e-05
6300.0000004190952,37792.364686281435,18696.211957376687,0.042985185945552791,-1.363378749518787,2.7558915564581947,1.7048000882226943e-05
7200.0000008381903,36484.842390809281,21134.486743393296,0.060102839441141628,-1.5411833426140393,2.6605519321908875,2.1047188993993148e-05
8100.0000003143214,35020.225733452891,23481.7684181269,0.080966109729897831,-1.7123520090034263,2.5537572295898796,2.5366178374869946e-05
9000.0000004190952,33404.820993482637,25727.950705514395,0.10584755378012208,-1.8761476717832928,2.4359672713309131,2.9970339207787872e-05
9900.0000005238689,31645.583775445695,27863.362634376121,0.13498666981658244,-2.0318649895431014,2.3076892448532371,3.4820865566170545e-05
10800.000000314321,29750.089062338218,29878.810208173261,0.16858622360386294,-2.1788333994121958,2.1694755217990718,3.9874973823118361e-05
11700.000000104774,27726.49860123379,31765.61601501688,0.20680878099105882,-2.3164200106565604,2.0219212821095676,4.5086163072125988e-05
12600.000000523869,25583.525757858388,33515.656614244283,0.24977350323354244,-2.4440323366909547,1.8656619525601597,5.0404538793105936e-05
13500.000000942964,23330.397989467361,35121.397539147321,0.29755326198106974,-2.56112085357347,1.7013704704965378,5.5777199354341491e-05
14400.000001047738,20976.817094452923,36575.925765083412,0.35017212968567196,-2.6671813737260601,1.529754384241816,6.114868311455527e-05
15300.00000083819,18532.917412773146,37872.979498419219,0.4076032981833364,-2.7617572240624,1.3515528028410397,6.6461471931662314e-05
16200.000000628643,16009.222161082982,39006.975155346889,0.46976747350963355,-2.8444412186923693,1.1675332085794512,7.1656544925400396e-05
17100.000000419095,13416.598086952961,39973.031416382953,0.53653178880140884,-2.9148774176052141,0.97848814580492549,7.6673974488528502e-05
18000.000000523869,10766.208636668165,40766.990251520438,0.60770926912147982,-2.9727626634243021,0.78523180037687723,8.1453554864359382e-05
18900.000000942964,8069.4658492923545,41385.434821162693,0.68305887237436347,-3.0178478891021605,0.58859648544049537,8.5935452225746132e-05
19800.000001047738,5337.9811719760946,41825.704180058281,0.76228612068097523,-3.0499391910809113,0.38942904797679306,9.0060864270885235e-05
20700.000001152512,2583.5154194739926,42085.904716536606,0.84504432491576409,-3.0688986628681842,0.18858721265280384,9.3772676803415025e-05
21600.000001257285,-182.07190764000771,42164.91827891826,0.93093639411422857,-3.0746449854664513,-0.013064121099894545,9.7016104784395483e-05
22500.000001362059,-2946.8737233407151,42062.406954425918,1.0195172102241232,-3.0671537721384814,-0.21465661224045626,9.9739305828965859e-05
23400.000001466833,-5698.9866611798534,41778.81448066303,1.1102965385827057,-3.0464576661309053,-0.4153222256145761,0.00010189395508974442
24300.000001885928,-8426.5623486547011,41315.364284594536,1.2027424344754367,-3.0126461911238214,-0.61419697635351822,0.00010343577180444415
25200.000001676381,-11117.858438607176,40674.054159483407,1.2962850988311254,-2.9658653553622725,-0.81042465544483866,0.00010432498948063664
26100.000001152512,-13761.289183331684,39857.647600820208,1.3903211296569391,-2.9063170112458998,-1.003160520635332,0.00010452676354834972
27000.000001571607,-16345.475311486414,38869.661844559771,1.4842181101627199,-2.8342579738163813,-1.1915749350091005,0.00010401151227456559
27900.000001990702,-18859.293002993501,37714.352661989091,1.5773194726915019,-2.7499989024124618,-1.3748569381966604,0.00010275518871707784
28800.000002095476,-21291.92176389883,36396.695972391019,1.6689495765692286,-2.6539029502763922,-1.5522177357245506,0.00010073948332136955
29700.00000220025,-23632.890979585991,34922.36635883792,1.7584189373534056,-2.546384188660872,-1.7228940903566301,9.7951958428629156e-05
30600.000002305023,-25872.124947904074,33297.712582889755,1.8450295473494753,-2.4279058127370812,-1.8861516010273893,9.4386117391177359e-05
31500.000002095476,-27999.986202595683,31529.730204628922,1.9280802303072773,-2.2989781373601494,-2.0412878556682248,9.0041412125123512e-05
32400.000001885928,-30007.316947391191,29626.031422104435,2.0068719771629286,-2.1601563912735959,-2.1876354450071567,8.4923193761869058e-05
33300.000001990702,-31885.478409818643,27594.81227262468,2.0807132133979307,-2.0120383203619774,-2.3245648236424583,7.9042611664803327e-05
34200.000002409797,-33626.387960999775,25444.817327883771,2.148924954549333,-1.8552616097503383,-2.4514870074408783,7.2416466329875857e-05
35100.000001885928,-35222.553835316037,23185.302042909436,2.2108458105805511,-1.690501136537633,-2.5678560954349887,6.5067021803082322e-05
36000.000001990702,-36667.107313489389,20825.992906323434,2.2658368055786995,-1.518466063983257,-2.6731716065734732,5.7021783065142665e-05
36900.000001781154,-37953.832209631204,18377.045596329386,2.3132859827662529,-1.3398967920586107,-2.7669806200080478,4.8313243726555393e-05
37800.000001885928,-39077.191567509886,15849.001279609731,2.3526127714315996,-1.1555617743158701,-2.8488797123132534,3.8978608762796254e-05
38700.000002305023,-40032.35142843108,13252.741277512499,2.383272094455728,-0.96625421732983741,-2.9185166818964605,2.9059496847093904e-05
39600.000002095476,-40815.201584562012,10599.440271763631,2.4047582003969952,-0.77278867511609095,-2.9755920545818975,1.8601626175452473e-05
40500.00000220025,-41422.373226555967,7900.5182496964235,2.4166082067348111,-0.57599755290796406,-3.0198603639577182,7.6544872736450936e-06
41400.000001990702,-41851.253405099851,5167.5914172840357,2.4184053438414752,-0.37672753670035825,-3.0511312008211511,-3.7289940809114887e-06
42300.000002409797,-42099.996255068931,2412.4222551881671,2.4097818921978167,-0.17583596106903907,-3.0692700281306942,-1.5492801341184164e-05
43200.000002828892,-42167.530926660511,-353.1310380982618,2.3904218070933898,0.025812867225537307,-3.0741987575110974,-2.7578176716163108e-05
44100.000002933666,-42053.566194574611,-3117.1655199960637,2.3600630272124921,0.22735137585674065,-3.0658960852517918,-3.9923973915622618e-05
45000.000002724119,-41758.591722835314,-5867.7846755015962,2.3184994648430748,0.42791244810831947,-3.0443975861629258,-5.2467012489672048e-05
45900.000003143214,-41283.875979991717,-8593.1495561345182,2.2655826770656335,0.62663314208765131,-3.0097955648514532,-6.5142432319132703e-05
46800.000002933666,-40631.460815578765,-11281.529672140203,2.2012232184386358,0.82265839264902629,-2.9622386651072627,-7.7884047069058397e-05
47700.00000303844,-39804.152713311749,-13921.353446163481,2.12539167593365,1.0151446822986578,-2.9019312383786904,-9.0624695668820176e-05
48600.000003457535,-38805.510767167347,-16501.257964109449,2.0381193894564853,1.2032636620354262,-2.8291324745126705,-0.00010329659063802191
49500.00000387663,-37639.831422331357,-19010.137854509168,1.9394988601881913,1.3862057100146048,-2.744155297596397,-0.00011583166258728344
50400.000003667083,-36312.130049159074,-21437.193064738185,1.8296838510939433,1.5631834112876479,-2.6473650316176536,-0.00012816189996143817
51300.000003143214,-34828.119422591692,-23771.975340928202,1.7088891837905,1.733434944631292,-2.5391778409549595,-0.00014021968328314105
52200.000003562309,-33194.185204628156,-26004.433197603368,1.5773902376916193,1.8962273609129678,-2.4200589525316216,-0.00015193811303754876
53100.000003667083,-31417.35853412572,-28124.955188458174,1.435522157506272,2.0508597392407544,-2.2905206669520815,-0.00016325133043425884
54000.000003771856,-29505.285825438274,-30124.411309021958,1.2836787746901774,2.196666208506401,-2.1511201657436132,-0.0001740948303480024
54900.000004190952,-27466.195921755319,-31994.192326590728,1.1223112517556224,2.3330188193039394,-2.0024571250744798,-0.00018440576550304106
55800.000003981404,-25308.86473512894,-33726.246880644911,0.95192645700706902,2.4593302546511473,-1.8451711453306312,-0.00019412324115998915
56700.000004400499,-23042.577515186527,-35313.116197699419,0.77308507795198689,2.5750563679552716,-1.6799390066921527,-0.00020318859951597821
57600.000004505273,-20677.088932228646,-36747.966250046215,0.58639948499746186,2.679698535574929,-1.5074717640724331,-0.00021154569288503602
58500.000004924368,-18222.581112558295,-38024.617244400921,0.3925313532341228,2.7728058154278621,-1.3285116913347723,-0.00021914114498386856
59400.000004714821,-15689.619836784521,-39137.570288816656,0.19218905588834534,2.8539769003300406,-1.1438290900601766,-0.00022592459937931719
60300.000004819594,-13089.10905963145,-40082.03113892804,-0.013875161029926829,2.9228618585841777,-0.95421897437998648,-0.00023184895440185826
61200.000004295725,-10432.24398412976,-40853.930901568077,-0.22486820736242899,2.9791636526546452,-0.76049764885512217,-0.00023687058364237141
62100.000004086178,-7730.4628450537275,-41449.943624520965,-0.43995937121344486,3.0226394304709463,-0.5634991907425092,-0.00024094954140990387
63000.000004190952,-4995.3976588596843,-41867.500676319643,-0.65828371732521851,3.0531015821032477,-0.36407185549978677,-0.00024404975233165667
63900.000004610047,-2238.8241158273272,-42104.801865760135,-0.87894564984199852,3.0704185579130518,-0.1630744184744905,-0.00024613918452521285
64800.000004714821,527.38914985999907,-42160.823245455744,-1.10102262287413,3.0745154439203528,0.038627529862066148,-0.00024719000570781378
65700.000004505273,3291.3317008118779,-42035.321566370469,-1.3235689839424403,3.065374291812744,0.24016531952801859,-0.00024717872172684921
66600.000004924368,6041.102624876693,-41728.83536187037,-1.5456199341633097,3.0430342019071595,0.44067095100274184,-0.00024608629705082579
67500.000005343463,8764.8618150891671,-41242.682657922735,-1.766195587664819,3.0075911587369286,0.63928084208810787,-0.00024389825685921198
68400.000005762558,11450.88100551667,-40578.955316919208,-1.9843051157055493,2.9591976197730196,0.83513955714525978,-0.00024060477044724211
69300.000005553011,14087.594315711713,-39740.510041289097,-2.1989509565042531,2.8980618591965053,1.0274035004235593,-0.00023620071576809448
70200.000005972106,16663.648106440807,-38730.956071752968,-2.409133075536662,2.8244470693174382,1.215244558849373,-0.00023068572501430695
71100.000005762558,19167.949900501775,-37554.639643021532,-2.6138532568136363,2.7386702243160577,1.3978536760955094,-0.0002240642113168612
72000.000005238689,21589.716199429498,-36216.625249604971,-2.8121194116691184,2.6411007102815125,1.5744443453890151,-0.00021634537662337583
72900.000005343463,23918.518947599456,-34722.673817746814,-3.0029498848939009,2.5321587287178868,1.7442560027629634,-0.00020754320109010591
73800.000004819594,26144.330460346475,-33079.217875060058,-3.1853777431524946,2.4123134803913828,1.9065573072405873,-0.00019767641434769684
74700.000004924368,28257.566635467818,-31293.333814281596,-3.3584550306911338,2.2820811367657434,2.0606492946802244,-0.00018676844906357994
75600.000004714821,30249.128227956069,-29372.711395424016,-3.5212569739675228,2.1420226097761059,2.2058683891700661,-0.00017484737755337539
76500.000004819594,32110.440049160148,-27325.620589893311,-3.6728861234019088,1.992741127727401,2.3415892618377061,-0.00016194583199286589
77400.000004924368,33833.487884268237,-25160.875942007933,-3.8124764148815546,1.8348796303406232,2.4672275220758175,-0.0001481009092591274
78300.000005029142,35410.853001455573,-22887.798573175758,-3.9391971401311285,1.6691179922992516,2.5822422320210476,-0.00013335406115817097
79200.000005448237,36835.744082176258,-20516.176015525969,-4.0522568114911346,1.4961700891164227,2.6861382319642138,-0.00011775097120820457
80100.000004924368,38102.026444310468,-18056.220043467063,-4.1509069101521021,1.316780717780508,2.7784682674845875,-0.00010134141905752096
81000.000004714821,39204.248440811331,-15518.522669283009,-4.2344455078022829,1.1317223844319533,2.8588349099276242,-8.4179133599411314e-05
81900.000004505273,40137.664903516517,-12914.010524611296,-4.3022207507369714,0.94179197535067105,2.9268922609220245,-6.6321636205782098e-05
82800.000004610047,40898.257549208829,-10253.897795758427,-4.3536341993113723,0.74780732356207524,2.9823474351049013,-4.7830075112957881e-05
83700.000004400499,41482.752252188038,-7549.6379331796825,-4.3881440146730162,0.55060368714534202,3.0249618142959451,-2.8769052282136071e-05
84600.000004190952,41888.633114861434,-4812.8743297909086,-4.4052679868145965,0.3510301534119073,3.054552068346875,-9.2064437933883227e-06
85500.000003981404,42114.15327303658,-2055.3901929123481,-4.404586398375872,0.14994598527631414,3.0709909382599667,1.0786785087091676e-05
86400.000004086178,42158.342393107981,710.94218090902734,-4.3857447199838218,-0.051783075033513461,3.0742077786468021,3.1136769302031517e-05
87300.00000387663,42021.010829642415,3474.2125102949644,-4.348456133438348,-0.25328852918470357,3.0641888573976175,5.1766937151691561e-05
88200.000003667083,41702.750425510698,6222.5237981069959,-4.2925038794783168,-0.45370285740077837,3.0409774113938464,7.25982067780873e-05
89100.000003771856,41204.931951886843,8944.0435344573507,-4.2177434273590633,-0.65216324795322345,3.0046734581649321,9.3549185761346689e-05
90000.000003247987,40529.699200307223,11627.054621780657,-4.1241044633524639,-0.84781530625166279,2.9554333644322468,0.00011453637410842782
90900.000002724119,39679.959749535607,14260.005810268574,-4.0115926945226628,-1.0398167283213762,2.8934691732076487,0.00013547437133365394
91800.000002828892,38659.372450801813,16831.561409610913,-3.8802914642545359,-1.2273409218242173,2.8190476925864156,0.0001562760886033145
92700.000002619345,37472.331684439901,19330.650075497993,-3.7303631740933483,-1.4095805601380973,2.7324893500188701,0.00017685296763867526
93600.000002409797,36123.948447579452,21746.512474023817,-3.5620505039895636,-1.585751055330695,2.6341668162860326,0.00019711520860022722
94500.00000220025,34620.028364958693,24068.747591600262,-3.3756774232971081,-1.7550939332423103,2.5245034057305662,0.00021697200934284511
95400.000002305023,32967.046707488815,26287.357514440366,-3.1716499796729676,-1.9168800979713638,2.4039712587204347,0.00023633181929949158
96300.000002095476,31172.120532106157,28392.790471544136,-2.9504568521460262,-2.0704129708150174,2.2730893144070237,0.00025510261133061818
97200.000002514571,29242.978049640733,30375.981971860801,-2.7126696490041207,-2.2150314913474123,2.1324210813287268,0.00027319217538921596
98100.000002305023,27187.92537204751,32228.393833054452,-2.4589429317886209,-2.3501129658414004,1.982572216660105,0.00029050843758875601
99000.000002409797,25015.810753640028,33942.05096461896,-2.1900139373517273,-2.4750757529499747,1.824187922236516,0.00030695980866560143
99900.00000220025,22735.986506795827,35509.575716746607,-1.906701973504352,-2.5893817727681641,1.6579501703014214,0.00032245556494342524
100800.00000261934,20358.268731253444,36924.219668860089,-1.6099074546264347,-2.6925388299067099,1.4845747689358748,0.00033690626478422085
101700.0000024098,17892.895055988542,38179.892700107135,-1.3006105477189502,-2.7841027388624782,1.304808281532114,0.00035022420222941513
102600.00000251457,15350.480539249609,39271.189238359555,-0.97986939041989762,-2.8636792438930962,1.119424810824033,0.00036232389880044949
103500.00000230502,12741.97195679212,40193.411548874239,-0.64881785197472552,-2.930925723000569,0.92922266419721622,0.00037312263253886139
104400.00000209548,10078.600643235362,40942.589979406839,-0.30866280042216121,-2.98555266967458,0.73502091230893685,0.00038254100218718541
105300.00000220025,7371.8341074395457,41515.500063551997,0.0393191517143857,-3.0273249449531088,0.53765585718721021,0.00039050352236207308
106200.00000230502,4633.3266311675925,41909.676409816202,0.39378544861094389,-3.0560627942495842,0.33797742518606172,0.00039693924387786318
107100.00000209548,1874.8690506609569,42123.423318332207,0.75333196037281069,-3.0716426244738488,0.13684549952424488,0.00040178239163131543
108000.00000251457,-891.66204866835994,42155.82207450812,1.1164979304388838,-3.0739975375526782,-0.064873790589824121,0.00040497301075407871
108900.0000019907,-3654.3554966594224,42006.734889794294,1.4817715029324072,-3.063117618029056,-0.2663118073839591,0.0004064576104470012
109800.0000024098,-6401.3168748601383,41676.80547188675,1.8475958273233226,-3.0390499733626677,-0.4666011545761361,0.00040618979393427645
110700.00000314321,-9120.7197470336232,41167.456222872046,2.2123757151664178,-3.0018985267986151,-0.66487941949043616,0.00040413086232696249
111600.00000356231,-11800.856614597773,40480.882076941365,2.5744848269490648,-2.9518235636944912,-0.86029289460572844,0.00040025038019530568
112500.0000039814,-14430.189346452502,39620.0410050594,2.9322733453082264,-2.8890410334112802,-1.0520002599822804,0.00039452669097873335
113400.00000408618,-16997.398872346817,38588.641228668392,3.2840760854844318,-2.813821610007349,-1.239176210930848,0.00038694737128445647
114300.00000419095,-19491.433922187345,37391.125199828552,3.6282209832299306,-2.7264895161478364,-1.4210150148333258,0.00037750961443167285
115200.00000429573,-21901.558604264894,36032.650417179342,3.9630378932682104,-2.62742111556194,-1.5967339818421764,0.00036622053523740491
116100.0000044005,-24217.39861336007,34519.067163559994,4.2868676240417258,-2.517043280615828,-1.7655768340941183,0.000353097389960722
117000.00000419095,-26428.985871818342,32856.893262351346,4.5980711307135742,-2.3958315424095802,-1.9268169590189355,0.00033816770734875065
117900.00000429573,-28526.80141404572,31053.285960642057,4.8950387857229201,-2.264308031620395,-2.0797605329249014,0.00032146932877941229
118800.00000471482,-30501.816320535734,29116.011069868156,5.1761996435765312,-2.1230392199531241,-2.2237495007901154,0.00030305035758831439
119700.00000513392,-32345.530537848852,27053.409490609069,5.4400306204492255,-1.9726334717511385,-2.3581644004606992,0.00028296901936693568
120600.00000555301,-34050.009414451852,24874.361268814817,5.685065509349327,-1.8137384167909807,-2.4824270190386355,0.00026129343671139367
121500.00000565778,-35607.917791990265,22588.247345803044,5.9099037552549367,-1.6470381563404539,-2.5960028699962616,0.00023810132329323217
122400.00000544824,-37012.551516433596,20204.909156639023,6.1132189214747257,-1.4732503139454198,-2.6984034814076576,0.00021347960299786405
123300.00000492437,-38257.86622582571,17734.606263453978,6.2937667813861706,-1.2931229446817993,-2.7891884851553095,0.00018752396085329194
124200.00000502914,-39338.503299469536,15187.972198216899,6.4503929782158327,-1.1074313156690634,-2.8679674990370168,0.00016033833274090229
125100.00000544824,-40249.812855506563,12575.968711062736,6.5820402005503231,-0.91697457215152023,-2.9344017938601148,0.00013203434124080965
126000.00000523869,-40987.873702704303,9909.8386167936787,6.6877548287386643,-0.72257230313583365,-2.9882057389789556,0.00010273068486306731
126900.00000565778,-41549.5101638161,7201.0574324671288,6.7666930136218975,-0.52506102053414561,-3.0291480205570016,7.2552487679216826e-05
127800.00000607688,-41932.305692387956,4461.2840409597129,6.8181261540488958,-0.32529056876695628,-3.0570526271363101,4.1630616477795244e-05
128700.00000649597,-42134.613235974022,1702.310557543718,6.8414457481202771,-0.12412047751242918,-3.0717995993267286,1.0100971496299373e-05
129600.00000597211,-42155.562295751275,-1063.9883593203299,6.8361675963002746,0.077583725073245485,-3.0733255401659618,-2.1896242992851597e-05
130500.00000576256,-41995.062655954483,-3825.7065643936639,6.8019353410094769,0.27895422520823948,-3.0616238843590007,-5.4217263049808294e-05
131400.00000618165,-41653.804766152542,-6570.9575939038987,6.7385233315785316,0.4791246441054462,-3.0367449252501784,-8.6715518915757924e-05
132300.00000628643,-41133.256777815208,-9287.9257592675513,6.6458388082613356,0.677233753098472,-2.9987955996670235,-0.00011924239411461679
133200.00000670552,-40435.658243503232,-11964.916947117339,6.523923401909121,0.87242916761783929,-2.9479390312190157,-0.00015164798562649495
134100.0000068103,-39564.010510564054,-14590.408882948772,6.3729539511082365,1.0638710026367506,-2.8843938342945967,-0.00018378186102053069
135000.00000660075,-38522.063843834032,-17153.100677177565,6.1932426398488776,1.2507354766676302,-2.8084331811374357,-0.00021549380947640711
135900.00000670552,-37314.301334622985,-19641.961420765638,5.9852364634074124,1.4322184475959032,-2.7203836359949389,-0.00024663458325944478
136800.00000649597,-35945.919668896699,-22046.277618990229,5.7495160331974224,1.6075388651612617,-2.6206237614300854,-0.00027705662665875009
137700.00000628643,-34422.806821854123,-24355.699288539003,5.4867937306348056,1.7759421275216698,-2.509582501436336,-0.00030661479000974797
138600.0000063912,-32751.516787179309,-26560.284488176749,5.1979112272732175,1.9367033252798638,-2.3877373489645115,-0.00033516702583999045
139500.00000649597,-30939.241442874183,-28650.542106875699,4.8838363874277553,2.0891303602108753,-2.25561230498904,-0.00036257506490678255
140400.00000660075,-28993.779665758073,-30617.472731656166,4.545659571255503,2.2325669257543184,-2.1137756369761407,-0.00038870506991727709
141300.00000670552,-26923.503836291031,-32452.60740444667,4.1845893613446634,2.366395335336887,-1.9628374467747749,-0.0004134282645535218
142200.0000068103,-24737.323867010582,-34148.044111850191,3.801947734386244,2.4900391870586436,-1.8034470573532848,-0.0004366215358538185
143100.00000628643,-22444.648916985421,-35696.4818408879,3.3991647045349045,2.6029658524379444,-1.6362902299481998,-0.00045816800782281743
144000.00000670552,-20055.346935758454,-37091.252067444759,2.9777724617402881,2.7046887793187615,-1.4620862218406614,-0.00047795758454693987
144900.00000712462,-17579.702245674034,-38326.347515318375,2.539399039831904,2.7947695969028934,-1.2815846997822029,-0.00049588746062975372
145800.00000660075,-15028.371299442686,-39396.448090659782,2.0857615365519577,2.872820015715448,-1.0955625188815745,-0.00051186259762141609
146700.00000607688,-12412.336829155318,-40296.943857539569,1.6186589217568004,2.9385035124398819,-0.90482038259730357,-0.00052579616450640517
147600.00000586733,-9742.8605889038718,-41023.954955625879,1.1399644677656728,2.9915367921144402,-0.71017939850617939,-0.00053760994071973853
148500.00000565778,-7031.4348747012637,-41574.348380496151,0.65161783271557538,3.0316910216006216,-0.51247754322324313,-0.00054723468038333936
149400.00000607688,-4289.7330389561439,-41945.751546787054,0.15561683396636408,3.0587928282140924,-0.3125660523475523,-0.00055461043637680012
150300.00000555301,-1529.5592247882378,-42136.562573129107,-0.34599104962026861,3.0727250587872206,-0.11130575194344793,-0.00055968684304940773
151200.00000597211,1237.2024981564157,-42145.95724677961,-0.85111741530153773,3.0734272958365789,0.090436655067338362,-0.00056242335663257671
152100.00000576256,3998.639316395233,-41973.892630706694,-1.3576418645643109,3.0608961278892082,0.29179232701520008,-0.00056278945235434859
153000.00000586733,6742.8610236027571,-41621.107300954631,-1.8634210955052759,3.0351851728862398,0.49189403493417655,-0.00056076477768346748
153900.00000565778,9458.0512545710135,-41089.118209693472,-2.3662981082640075,2.996404854174477,0.68987990631318441,-0.00055633926108742413
154800.0000063912,12132.518424302287,-40380.214185798228,-2.8641114914737678,2.9447219298412284,0.88489714792208274,-0.00054951317599646638
155700.00000618165,14754.74611430499,-39497.446105429452,-3.3547047425452043,2.8803587776989734,1.0761057286345395,-0.00054029715985887952
156600.00000628643,17313.442732853138,-38444.61376385855,-3.835935589822022,2.8035924381863371,1.262682009340901,-0.00052871218824086764
157500.00000607688,19797.590178709499,-37226.249520100726,-4.3056852660900313,2.7147534204401116,1.4438222999568289,-0.00051478950437522928
158400.00000618165,22196.491346863688,-35847.598769941564,-4.7618677027892993,2.6142242756752081,1.6187463314984438,-0.0004985705044716031
159300.00000597211,24499.816233345322,-34314.597345614318,-5.2024385985822414,2.5024379451639884,1.7867006252736539,-0.00048010657961213514
160200.00000544824,26697.646464203477,-32633.845929423693,-5.6254043282642447,2.3798758893460699,1.9469617462285038,-0.00045945891500223337
161100.00000586733,28780.51804377044,-30812.581596891498,-6.0288306519391242,2.2470660066942916,2.0988394253364566,-0.00043669824772605366
162000.00000628643,30739.462129022981,-28858.646622695269,-6.4108511861023985,2.1045803522788091,2.2416795368110676,-0.00041190458444360613
162900.00000576256,32566.043676980891,-26780.454666469457,-6.7696756056462828,1.9530326648077763,2.3748669188919966,-0.0003851668803222901
163800.00000586733,34252.39778338193,-24586.954493556419,-7.1035975399343618,1.7930757137051407,2.4978280249072546,-0.00035658268102228049
164700.00000628643,35791.263545077156,-22287.591405659077,-7.4110021283710799,1.6253984792359437,2.6100333923970367,-0.00032625772988784042
165600.0000063912,37176.015325118075,-19892.266521857127,-7.6903732097523658,1.4507231761671406,2.7109999215227636,-0.00029430554211071572
166500.00000618165,38400.691271775439,-17411.294100288997,-7.9403001139931231,1.2698021350710424,2.8002929520064868,-0.00026084694832961472
167400.00000628643,39460.018970862606,-14855.357084797559,-8.1594840300818223,1.0834145549175835,2.8775281299368363,-0.00022600961011803907
168300.0000063912,40349.438120316983,-12235.461075282898,-8.3467439257849616,0.89236314162517627,2.9423730565110131,-0.00018992751006115014
169200.00000618165,41065.120136194353,-9562.8869104495443,-8.501021998529728,0.69747064647094614,2.994548712283942,-0.0001527404190323464
170100.00000565778,41603.984604989673,-6849.1420660005388,-8.6213886379135936,0.49957631926846907,3.0338306509367796,-0.00011459334350676565
171000.00000576256,41963.712508661891,-4105.9110921303982,-8.7070468823785614,0.29953229269456061,3.0600499574267053,-7.5635956067859108e-05
171900.00000555301,42142.756170851695,-1345.0052994635575,-8.7573363569792502,0.098199913029189109,3.0730939669972708,-3.6022012077103865e-05
172800.00000565778,42140.345883812304,1421.6881083764019,-8.771736681403036,-0.10355396827194889,3.0729067423296494,4.0912446964848902e-06
173700.00000544824,41956.493185299252,4182.2572041290478,-8.7498703389858932,-0.30486072391315056,3.0594893068129423,4.4543683959758069e-05
174600.00000586733,41591.990775126731,6924.8166228339705,-8.691505001780099,-0.50485368760330873,3.0328996333837135,8.5172895766816913e-05
175500.00000565778,41048.409072812523,9637.5587115728795,-8.5965553085423849,-0.70267188013054049,2.9932523892125849,0.00012581479897237369
176400.00000544824,40328.089430184264,12308.804355199674,-8.4650840950666595,-0.89746371115514489,2.9407184373897701,0.00016630424893531522
177300.00000492437,39434.134030928981,14927.053235310728,-8.2973030792022424,-1.0883906392273608,2.8755240980437176,0.00020647564150508456
178200.00000502914,38370.392519270841,17481.033321815226,-8.0935730045758323,-1.2746307756229496,2.7979501720281368,0.00024616351115946023
179100.00000544824,37141.445419382835,19959.749373473238,-7.8544032500108081,-1.4553824159204858,2.7083307316840508,0.00028520312107989772
180000.00000555301,35752.584411168646,22352.530255529688,-7.580450911510332,-1.6298674855587798,2.6070516834317221,0.00032343104374888977
180900.00000534346,34209.789549410241,24649.074861646739,-7.272519366469723,-1.797334884076448,2.4945491084600131,0.00036068573069156213
181800.00000576256,32519.703523594348,26839.496444706292,-6.9315563302071288,-1.9570637139828204,2.3713073884912204,0.00039680807064397777
182700.00000586733,30689.60307550725,28914.365159116525,-6.5586514168059011,-2.1083663800404859,2.2378571250037593,0.00043164193581665564
183600.00000597211,28727.367679566672,30864.748654540796,-6.1550332113030493,-2.2505915474233684,2.0947728593796944,0.0004650347169737123
184500.00000607688,26641.445638372992,32682.250521047761,-5.7220658669104818,-2.3831269442618557,1.9426706048844944,0.00049683784781982571
185400.00000586733,24440.817725398665,34359.046437328601,-5.2612452335216187,-2.5054019978062874,1.7822051998713346,0.00052690732042848134
186300.00000628643,22134.958533734683,35887.917860259622,-4.7741945255248703,-2.6168902924158952,1.6140674935649431,0.00055510419355487553
187200.0000063912,19733.795707380672,37262.28310424857,-4.2626595367085445,-2.7171118382702697,1.4389813770650077,0.00058129509604812216
188100.0000068103,17247.667199846775,38476.225695457484,-3.7285033991358367,-2.8056351423235997,1.2577006699105597,0.00060535272831889226
189000.00000691507,14687.276782790885,39524.519852059668,-3.1737008951466019,-2.8820790704999411,1.0710058782553475,0.00062715636406558695
189900.00000733417,12063.647957527168,40402.65300267678,-2.6003323127947544,-2.9461144945334508,0.87970083564187418,0.00064659235525004659
190800.00000712462,9388.0764996975176,41106.845228166771,-2.0105768478960386,-2.9974657148553554,0.68460924305141846,0.00066355464218965888
191700.00000691507,6672.0818120947033,41634.065554042914,-1.4067055408979217,-3.0359116539742259,0.48657112092340882,0.00067794527058258911
192600.00000701984,3927.3573198443855,41982.045012869276,-0.79107374744673797,-3.0612868142019867,0.28643919020872349,0.00068967491593461389
193500.0000068103,1165.7201086281748,42149.286424572063,-0.16611313317540205,-3.0734819956594359,0.085075197132622224,0.00069866341501409978
194400.00000722939,-1600.9399807589239,42135.070849918033,0.46567681385165732,-3.0724447710366882,-0.1166538026818157,0.0007048403024636188
195300.00000701984,-4360.7115604951177,41939.460687393352,1.101737751500262,-3.0581797146973373,-0.31787918300420143,0.00070814534911066928
196200.00000712462,-7101.7130182974215,41563.299400148135,1.7394619397928865,-3.0307483849463739,-0.51773449478217315,0.00070852909705411632
197100.00000785803,-9812.1436948455521,41008.207873468353,2.3762021706794898,-2.9902690593315824,-0.71535920375251449,0.00070595338481342434
198000.00000764849,-12480.334718786116,40276.577419062771,3.009282164485775,-2.9369162240551097,-0.90990240322484328,0.00070039185449022984
198900.00000712462,-15094.799280985051,39371.559452421301,3.6360074132970048,-2.8709198193586545,-1.1005264858313601,0.00069183043148452958
199800.00000691507,-17644.282108692627,38297.05189324919,4.2536764369658098,-2.7925642445415004,-1.2864107564995224,0.00068026776643752892
200700.00000670552,-20117.807939383212,37057.682346977555,4.8595924161650315,-2.7021871269189668,-1.4667549717635229,0.00066571562849218743
201600.0000068103,-22504.72879070718,35658.788135952891,5.451075155340396,-2.6001778598653482,-1.6407827903096908,0.00064819923877733224
202500.00000691507,-24794.769802495517,34106.393276488408,6.0254733122460884,-2.4869759171549775,-1.8077451181907114,0.00062775753355974093
203400.00000701984,-26978.073473777691,32407.182491928397,6.5801768314277265,-2.3630689504256455,-1.9669233356173894,0.0006044433471308349
204300.00000743894,-29045.242085149555,30568.472385725694,7.1126295009271567,-2.2289906790968925,-2.1176323899125689,0.00057832350602256787
205200.00000722939,-30987.378136043681,28598.179893474651,7.6203415521910607,-2.0853185817343922,-2.2592237421324377,0.00054947882756865558
206100.00000764849,-32796.12262109419,26504.788150640372,8.1009022143249538,-1.9326713991633337,-2.3910881545347125,0.00051800401779378399
207000.00000775326,-34463.690970802738,24297.309936702331,8.5519921278588775,-1.7717064613813156,-2.5126583062134324,0.0004840074658767082
207900.00000754371,-35982.90652109962,21985.248835226299,8.9713955291459371,-1.6031168487599565,-2.6234112271556276,0.00044761093407591458
208800.00000733417,-37347.231351072915,19578.558298219592,9.3570121071344889,-1.427628401557115,-2.7228705391884014,0.00040894914464463056
209700.00000743894,-38550.794370104122,17087.59877728641,9.7068684442867088,-1.2459965898365055,-2.810608495396179,0.00036816926665073676
210600.00000754371,-39588.416526735404,14523.093120123505,10.019128951335148,-1.0590032584669939,-2.8862478089803143,0.00032543030773865821
211500.00000733417,-40455.633039789129,11896.08041358326,10.292106214909635,-0.8674532605522236,-2.9494632646197272,0.00028090241690183481
212400.00000712462,-41148.712554789614,9217.8684756909934,10.524270680364578,-0.67217099411969017,-2.9999831055943997,0.00023476610568625857
213300.00000754371,-41664.673144131579,6499.9852056142918,10.714259599629983,-0.47399685731341357,-3.0375901910615317,0.00018721139609138322
214200.00000796281,-42001.29508593124,3754.1289997525955,10.860885182382066,-0.27378363720721194,-3.0621229190693193,0.00013843690387321139
215100.00000775326,-42157.130369889674,992.11843828019869,10.963141896902329,-0.072392847012161171,-3.0734759118501751,8.8648866076262447e-05
216000.00000785803,-42131.508888583565,-1774.158539709453,11.02021287389635,0.1293089725992641,-3.0716004606396261,3.806012183879262e-05
216900.00000827713,-41924.541289555447,-4532.7957396270003,11.031475375017514,0.33045397131022469,-3.056504728462528,-1.3110944394336289e-05
217800.00000869622,-41537.118478535464,-7271.9199015750019,10.996505296873865,0.53017671240888198,-3.0282537103695657,-6.4641489178801016e-05
218700.00000848668,-40970.907776101201,-9979.7417363023433,10.915080687170262,0.72761788420547602,-2.9869689514248634,-0.00011630531733873308
219600.00000890577,-40228.345742426623,-12644.606611195255,10.787184257354449,0.92192798567310219,-2.9328280235857909,-0.00016787400291981482
220500.00000901055,-39312.62770744077,-15255.044638029567,10.6130048838041,1.1122709685449153,-2.8660637642075502,-0.00021911801602566972
221400.00000911532,-38227.694042569739,-17799.819989429383,10.392938093713761,1.2978278235815381,-2.7869632787600489,-0.00026980784962576476
222300.00000953441,-36978.213239672994,-20267.979200953872,10.127585539965443,1.477800093601654,-2.6958667124321756,-0.00031971513951169938
223200.00000932487,-35569.561866314783,-22648.898267672001,9.8177534732325054,1.6514132996302155,-2.5931657955012404,-0.00036861377195319912
224100.00000911532,-34007.801478447662,-24932.328337837072,9.4644502239424817,1.8179202660281693,-2.4793021681671776,-0.00041628097383237248
225000.00000859145,-32299.652595902196,-27108.439794298978,9.0688827138919894,1.9766043295513338,-2.35476549228314,-0.0004624983800546982
225900.0000083819,-30452.465844015765,-29167.86454806164,8.6324520184543463,2.12678241969894,-2.2200913572315879,-0.00050705307393702646
226800.00000848668,-28474.190388115203,-31101.73635509473,8.1567480067491793,2.2678079966884339,-2.0758589888772403,-0.00054973859616346227
227700.00000859145,-26373.339790929862,-32901.728988086448,7.6435430889992135,2.3990738348366576,-1.9226887707610392,-0.00059035591843711193
228600.00000901055,-24158.95543829722,-34560.092096916756,7.0947851046996604,2.5200146392221376,-1.7612395878116944,-0.00062871437806564427
229500.000008801,-21840.567694304227,-36069.684599046435,6.5125893898374878,2.6301094839870141,-1.5922060040103432,-0.00066463256988760072
230400.00000922009,-19428.154933242713,-37424.00546774223,5.8992300585436261,2.7288840625319124,-1.41631528445838,-0.00069793919254338929
231300.00000901055,-16932.100657140742,-38617.221761734269,5.2571305504780748,2.8159127380332314,-1.2343242768011697,-0.00072847384546240353
232200.00000911532,-14363.148834672045,-39644.193803754839,4.5888534774405567,2.8908203873253293,-1.0470161616761462,-0.00075608777437941033
233100.00000890577,-11732.357698814487,-40500.497370272147,3.8970898288959268,2.9532840278615282,-0.85519708930127647,-0.00078064456200434328
234000.00000932487,-9051.0521654339427,-41182.442814054892,3.1846475775564445,3.0030342217659864,-0.65969271388485329,-0.00080202076180858548
234900.00000911532,-6330.7751057332498,-41687.091023376561,2.4544397449421882,3.0398562496687349,-0.46134464274832621,-0.00082010647229989637
235800.00000890577,-3583.2376494606247,-42012.26615668615,1.7094719727333307,3.0635910495602827,-0.26100681302080825,-0.00083480584996691823
236700.00000932487,-820.26876485299601,-42156.565086561466,0.95282966459848584,3.0741359155360879,-0.059541813854726282,-0.00084603755872899797
237600.00000942964,1946.2356808440447,-42119.363516054706,0.1876647527832154,3.0714449534467803,0.14218283090747566,-0.00085373515438640513
238500.00000953441,4704.3641715560279,-41900.818737893445,-0.58281785452253609,3.0555292910244969,0.34329840428003711,-0.00085784740266170575
239400.00000932487,7442.2408606002418,-41501.869021496896,-1.3553740789413029,3.0264570411389178,0.54293874403869169,-0.00085833852957311002
240300.00000942964,10148.076751474089,-40924.229629320049,-2.1267346741192243,2.9843530180777873,0.74024398180010575,-0.00085518840329347739
241200.00000953441,12810.220503148148,-40170.385480196826,-2.893619357868296,2.9293982079647183,0.93436425568339798,-0.0008483926468491322
242100.00000995351,15417.208661927227,-39243.58048599524,-3.6527510182255933,2.8618289951022358,1.1244633818621348,-0.00083796268129256613
243000.00000942964,17957.815072537665,-38147.803613720687,-4.40086992245838,2.7819361479588216,1.3097224666961829,-0.00082392569933675949
243900.00000953441,20421.099291096467,-36887.771720634766,-5.1347478773184267,2.6900635682358089,1.4893434462292019,-0.00080632456956194196
244800.00000963919,22796.453743038626,-35468.909253804908,-5.8512022647588058,2.586606809696931,1.6625525340359706,-0.00078521767193939741
245700.00000974396,25073.649465380273,-33897.324884220121,-6.5471099045562573,2.4720113719407224,1.8286035654359667,-0.00076067866530075306
246600.00000953441,27242.880206396159,-32179.785188263068,-7.2194206748979379,2.3467707774516433,1.9867812212733718,-0.00073279618804488183
247500.00000995351,29294.804706418621,-30323.685482123525,-7.8651708360162056,2.211424439782042,2.1364041181814422,-0.0007016734934085139
248400.00000974396,31220.586956941221,-28337.017951752481,-8.4814959928023868,2.066555333451944,2.2768277503475511,-0.00066742802131523015
249300.00000953441,33011.934295807499,-26228.337188780977,-9.0656436502016362,1.9127874738366599,2.4074472722520794,-0.00063019090838550851
250200.00000901055,34661.133135434495,-24006.723316669431,-9.6149852950302268,1.75078322071865,2.5277001074608285,-0.00059010643902627049
251100.00000848668,36161.082200970835,-21681.74283761653,-10.127027962035452,1.5812404152752979,2.6370683744258039,-0.00054733143971730225
252000.00000890577,37505.32311593333,-19263.407389757107,-10.599425228480758,1.404889364582208,2.7350811174258225,-0.00050203461972297069
252900.00000869622,38688.068208948571,-16762.130591881221,-11.029987591910869,1.2224896868119024,2.8213163334560307,-0.00045439586136481993
253800.00000848668,39704.225431407925,-14188.683143201848,-11.416692190525817,1.0348270295889956,2.8954027870999219,-0.0004046054628813172
254700.00000827713,40549.420261844163,-11554.146405172285,-11.757691819197428,0.8427096782811152,2.9570216044385376,-0.00035286333811906034
255600.00000869622,41220.014518454904,-8869.8646381288636,-12.051323209024284,0.6469650670246514,3.0059076404150491,-0.00029937817637546636
256500.000008801,41713.121989653526,-6147.396127291121,-12.296114532627275,0.44843620975595899,3.0418506132630414,-0.00024436656698921907
257400.00000827713,42026.620826890525,-3398.4633745709266,-12.490792109341591,0.24797806424625901,3.0646960021378375,-0.0001880520922243045
258300.00000806758,42159.162638192895,-634.90259981758584,-12.634286280257388,0.046453846996350398,3.0743457036858817,-0.00013066439340044805
259200.00000817236,42110.178248881639,2131.3872341143251,-12.72573643220705,-0.15526868532812879,3.0707584453401959,-7.2438214743789577e-05
260100.00000859145,41879.880107338104,4888.4956642096095,-12.764495153389223,-0.35632097273071378,3.0539499539643113,-1.361242936247766e-05
261000.00000806758,41469.261325629399,7624.5520099145224,-12.750131506091382,-0.55583739039185676,3.0239928793321225,4.5570947779996852e-05
261900.00000817236,40880.091358579157,10327.776486187218,-12.682433406762707,-0.75295897366649334,2.981016472922065,0.00010486775536813986
262800.00000859145,40114.908346134071,12986.530898035373,-12.561409108439344,-0.94683711153889194,2.9252060240339626,0.00016403268429398377
263700.0000083819,39177.008149824782,15589.368732411011,-12.387287784832349,-1.1366371952622467,2.8568020556428366,0.00022282027523350023
264600.000008801,38070.430127268417,18125.084428049628,-12.160519217904332,-1.3215422063658762,2.7760992833298843,0.00028098591047581457
265500.00000859145,36799.939720642811,20582.761578453425,-11.881772599127389,-1.5007562263832166,2.6834453429253391,0.00033828679466674233
266400.00000869622,35371.007914858448,22951.819914733976,-11.551934452135338,-1.6735078573414826,2.5792392909833062,0.00039448292127253085
267300.00000817236,33789.787674776715,25222.060817200047,-11.172105696215924,-1.8390535349263544,2.4639298860763748,0.00044933801944900537
268200.00000890577,32063.087439685769,27383.711205511463,-10.743597864460718,-1.9966807235935169,2.338013656583565,0.00050262047847258616
269100.00000901055,30198.34182213341,29427.46556882661,-10.267928506729994,-2.1457109764431839,2.2020327656266856,0.00055410424497942231
270000.00000942964,28203.579592618422,31344.526017478624,-9.7468157920150507,-2.2855028514139892,2.0565726789868677,0.00060356969138141748
270900.00000922009,26087.389131192129,33126.640126827377,-9.1821723488811013,-2.4154546672413453,1.9022596490572774,0.00065080445139174543
271800.00000932487,23858.881457541385,34766.136453865402,-8.5760983648961329,-2.5350070906094375,1.739758022791255,0.00069560422160337243
272700.00000942964,21527.651029581244,36255.957542785094,-7.9308739850511429,-2.6436455411944655,1.5697673873033351,0.0007377735267670698
273600.00000890577,19103.734450565353,37589.69030260649,-7.2489510346773161,-2.7409024061324629,1.3930195631177189,0.00077712644848360057
274500.00000901055,16597.567272902579,38761.593613386176,-6.5329441031798323,-2.8263590534619807,1.2102754585654405,0.00081348731667480714
275400.00000942964,14019.939096685523,39766.623037720841,-5.7856210258349874,-2.8996476355181025,1.0223217995497453,0.00084669136398010018
276300.00000984874,11381.947127392301,40600.452545339322,-5.0098927886484574,-2.9604526754750022,0.82996774646510685,0.00087658534438479622
277200.00000963919,8694.9484152719415,41259.493143822474,-4.2088028947521536,-3.0085124291147465,0.63404141430912642,0.00090302811706487532
278100.00000974396,5970.5109635306426,41740.908341439834,-3.3855162176382181,-3.0436200162635592,0.43538630947566354,0.00092589119742293269
279000.00000984874,3220.3639367227793,42042.626368623518,-2.5433073763609126,-3.0656243163419399,0.23485769998427772,0.00094505927706119933
279900.00000963919,456.34716114791343,42163.349110514493,-1.6855486530599511,-3.0744306243390209,0.03331893305754375,0.0009604307149337001
280800.00001005828,-2309.6398570306687,42102.557706912572,-0.81569748038995837,-3.0700010637886401,-0.16836228352036373,0.00097191800137658147
281700.00001016306,-5065.6891615699287,41860.514795621202,0.062716472729600042,-3.0523547547514518,-0.3693176191471359,0.00097944819637312214
282600.00001026783,-7799.9356366196953,41438.26338835257,0.94610460488742254,-3.0215677357723165,-0.56868186351752981,0.00098296334293088367
283500.00001037261,-10500.608102264356,40837.622382319962,1.8308330423398502,-2.9777726398154098,-0.76559665634151319,0.00098242085520601052
284400.00000984874,-13156.080008985902,40061.17872772101,2.7132366369198118,-2.9211581254512322,-0.95921418845739037,0.00097779388016756212
285300.00000995351,-15754.919521621756,39112.276279891383,3.5896332802017366,-2.8519680652316239,-1.1487008588530945,0.00096907163016473621
286200.00000942964,-18285.938743875424,37995.001393456856,4.4563384954073584,-2.7705004953162704,-1.333240869196761,0.00095625968251169592
287100.00000890577,-20738.241917789048,36714.165305111499,5.3096802910153622,-2.6771063296869526,-1.5120397435349584,0.00093938024067231082
288000.00000932487,-23101.272344592275,35275.283395179082,6.1460142237928785,-2.5721878455176328,-1.6843277543930983,0.00091847235058835808
288900.00000974396,-25364.857840243327,33684.551415800488,6.9617386328582942,-2.4561969461600333,-1.8493632413955894,0.00089359206457963734
289800.00000953441,-27519.254541379181,31948.818779742938,7.7533099984141902,-2.3296332087126124,-2.0064358087166232,0.0008648125443069326
290700.00000963919,-29555.188859842812,30075.559029846758,8.5172583623936973,-2.1930417250943339,-2.1548693864239241,0.00083222409407553795
291600.00000942964,-31463.897391648803,28072.837631370123,9.2502027395349256,-2.0470107472162664,-2.2940251413813768,0.0007959341160183169
292500.00000922009,-33237.164637155052,25949.277203279005,9.9488664554152262,-1.8921691449733544,-2.4233042271400542,0.00075606697852423691
293400.00000932487,-34867.358345562563,23714.020359310249,10.610092321265846,-1.7291836898023822,-2.542150359124665,0.00071276379092443656
294300.00000911532,-36347.462340613631,21376.690315051972,11.230857561448742,-1.5587561755051345,-2.6500522046759909,0.00066618207835696867
295200.00000890577,-37671.106690866065,18947.349424836379,11.808288403456562,-1.3816203885887015,-2.7465455780498842,0.00061649535229068078
296100.0000083819,-38832.595085958128,16436.455842147359,12.339674231454929,-1.1985389425437303,-2.8312154303942041,0.00056389257447099701
297000.000008801,-39826.929313125402,13854.818472502209,12.82248121163931,-1.0102999886516415,-2.9036976271789325,0.0005085775133898897
297900.00000859145,-40649.830714667449,11213.550447254336,13.254365286367637,-0.81771382021116656,-2.9636805046179511,0.00045076799548320837
298800.00000901055,-41297.758557436056,8524.0212676871888,13.633184453583572,-0.62160938125971987,-3.010906200335123,0.00039069505339676654
299700.00000848668,-41767.925213575822,5797.8078882923282,13.957010230161487,-0.42283069952263641,-3.0451717512369902,0.00032860197787886293
300600.00000827713,-42058.308109413418,3046.6448859022616,14.224138225321576,-0.22223325434834421,-3.0663299557755743,0.00026474327866198678
301500.00000806758,-42167.658377689499,282.37398653283316,14.433097737766769,-0.020680299449182198,-3.0742899962072578,0.00019938356365159526
302400.00000817236,-42095.50618759184,-2483.1068730522738,14.582660312146883,0.18096084671374002,-3.0690178193066164,0.0001327963445572868
303300.00000796281,-41842.162727761657,-5237.8947092321414,14.671847190697385,0.38182252554653012,-3.050536274024291,6.5262779162883938e-05
304200.0000083819,-41408.718834529245,-7970.1326853342271,14.699935608577345,0.58104046387054653,-3.0189250057894652,-2.9296402189973092e-06
305100.00000817236,-40797.04027668733,-10668.061073030705,14.666463888030897,0.77775748151382418,-2.974320108502893,-7.1488440773595497e-05
306000.00000827713,-40009.759710760205,-13320.067826732091,14.571235298630322,0.97112716995224835,-2.9169135354072084,-0.00014011755704137439
306900.00000869622,-39050.265350969501,-15914.738491188693,14.414320657357633,1.1603175219071828,-2.846952272168449,-0.00020851874103830744
307800.00000911532,-37922.686397240293,-18440.905272024538,14.196059652963196,1.3445144998082972,-2.7647372753783785,-0.0002763929860793398
308700.00000890577,-36631.875285184564,-20887.695046027307,13.917060886266713,1.5229255271777302,-2.6706221811258191,-0.00034344195479712948
309600.00000932487,-35183.386829380848,-23244.576114407562,13.578200625483419,1.6947828889084258,-2.5650117887617712,-0.00040936940291676736
310500.00000911532,-33583.454365870115,-25501.403471193473,13.180620288191804,1.8593470241264864,-2.4483603274473973,-0.00047388258986722761
311400.00000953441,-31838.962966264164,-27648.462444615889,12.725722658136654,2.0159097015458247,-2.3211695105767789,-0.00053669367005401551
312300.00000963919,-29957.419870706191,-29676.510469716992,12.215166866000464,2.1637970599203444,-2.1839863885773392,-0.00059752105617908585
313200.00000974396,-27946.92223300059,-31576.816861041982,11.650862153764423,2.3023725042188916,-2.0374010066218666,-0.00065609074938768896
314100.00001016306,-25816.122340040405,-33341.200380565577,11.034960462211195,2.4310394427211821,-1.8820438787754723,-0.00071213762914643227
315000.00000963919,-23574.190444180764,-34962.064454769592,10.36984787800262,2.5492438544616429,-1.7185832883714405,-0.00076540669760429068
315900.00001005828,-21230.775350211712,-36432.429898665658,9.6581349787680697,2.6564766766729067,-1.5477224246222872,-0.00081565427349294473
316800.00000984874,-18795.962966845269,-37745.964975004274,8.9026461367847531,2.7522759996674515,-1.3701963704532845,-0.00086264912965885706
317700.00000995351,-16280.232938617532,-38897.012700568586,8.106407815400269,2.8362290626407578,-1.1867689497053213,-0.0009061735710680349
318600.00001005828,-13694.413604579051,-39880.615240687723,7.272635932998587,2.9079740386667035,-0.99822945139062402,-0.00094602444769191041
319500.00000984874,-11049.635431043502,-40692.535313686552,6.4047223407006646,2.9672016029860524,-0.80538924149162872,-0.00098201409931772442
320400.00000995351,-8357.2831365724633,-41329.274498877552,5.5062204828237471,3.0136562765990886,-0.60907827800305658,-0.0010139712282412861
321300.00000974396,-5628.9467154927661,-41788.088368934499,4.5808303070559759,3.0471375391278346,-0.41014154409677195,-0.0010417416965526713
322200.00000984874,-2876.371559556736,-42066.998382252692,3.6323824901064627,3.067500705967483,-0.20943541385158171,-0.0010651892451268104
323100.00000963919,-111.4079060535972,-42164.800479110199,2.6648220553556219,3.0746575653317079,-0.0078239671354320729,-0.0010841961314463483
324000.00000911532,2654.0401894331985,-42081.070344990323,1.6821914499820596,3.0685767722184676,0.19382473191455815,-0.0010986636840280494
324900.00000890577,5408.066117951651,-41816.165313389705,0.68861316371858072,3.0492839969820609,0.39464237543736341,-0.0011085127711845388
325800.00000869622,8138.8119986867487,-41371.222900844521,-0.31172803274054361,3.0168618277005619,0.59376415519923331,-0.0011136841824354951
326700.00000911532,10834.519778199803,-40748.155975535068,-1.314603158726086,2.9714494261804436,0.79033249410775308,-0.0011141389212064928
327600.00000922009,13483.581889452147,-39949.644582990753,-2.3157573102296447,2.9132419390868618,0.98350074689477107,-0.0011098584076337428
328500.00000932487,16074.591292051491,-38979.124455774923,-3.3109280960407728,2.8424896659709491,1.1724368567281629,-0.0011008445908350937
329400.000008801,18596.39063801086,-37840.772263680265,-4.2958641273906935,2.759496988169484,1.3563269488595238,-0.0010871199702796876
330300.00000890577,21038.120383041078,-36539.487657333091,-5.26634349193926,2.6646210623344033,1.5343788479178813,-0.001068727526244093
331200.00000901055,23389.265600595503,-35080.872195293989,-6.218192117469461,2.5582702851092964,1.7058255008693344,-0.0010457305599055017
332100.00000942964,25639.701330188578,-33471.205229548097,-7.1473019579110328,2.4409025344115762,1.8699282930787906,-0.0010182124436878845
333000.00000984874,27779.736234980384,-31717.416866353386,-8.0496489106091413,2.3130231958949161,2.0259802407944045,-0.00098627628321454374
333900.00000995351,29800.154392615754,-29827.058113065919,-8.9213103913214589,2.1751829827495435,2.1733090469630745,-0.00095004449236949157
334800.00001037261,31692.255037653755,-27808.268338029131,-9.7584824898021321,2.0279755582406374,2.3112800068955051,-0.00090965828337341483
335700.0000107917,33447.890073667375,-25669.740193253874,-10.557496626589035,1.8720349720730669,2.439298750309832,-0.0008652770743808189
336600.00001026783,35059.499200476901,-23420.682146246825,-11.314835641313822,1.7080329214559622,2.5568138083144141,-0.00081707781721103998
337500.00001068693,36520.142508463417,-21070.778774511931,-12.027149244307303,1.5366758482873881,2.663318994402371,-0.00076525424807554431
338400.00001110602,37823.530377471157,-18630.149026233939,-12.691268753771428,1.3587018875408818,2.7583555875201995,-0.00071001606539702726
339300.0000112108,38964.050580073927,-16109.302588874756,-13.304221067749706,1.1748776774396261,2.8415143098572995,-0.00065158803763495433
340200.00001131557,39936.792453237627,-13519.094578446922,-13.863241801386557,0.9859950471846689,2.9124370894416285,-0.00059020904568086931
341100.00001110602,40737.568036403631,-10870.678749434439,-14.365787532905895,0.79286759706383314,2.9708186001488976,-0.00052613106430474739
342000.00001089647,41362.930092324335,-8175.4594120521479,-14.809547109199787,0.59632718478527946,3.0164075731089599,-0.00045961808693694643
342900.00001131557,41810.186927475312,-5445.0422788441319,-15.192451959077209,0.39722033443335958,3.0490078735666049,-0.0003909449990283936
343800.00001142034,42077.41395131631,-2691.1844542698223,-15.512685370829654,0.19640458380814915,3.0684793389239289,-0.00032039640519390341
344700.00001089647,42163.461928022531,74.256231930202503,-15.768690696900419,-0.0052552150597686082,3.074738374764947,-0.00024826541513245593
345600.00001037261,42067.961882412244,2839.3723154752583,-15.959178448774653,-0.20689062517996132,3.0677583062753153,-0.00017485239422458817
346500.0000107917,41791.32664196461,5592.2579881993233,-16.083132253111582,-0.40763336723561155,3.0475694839547391,-0.00010046368466528365
347400.00001089647,41334.749012364977,8321.0603679696669,-16.139813646087365,-0.60661905945615868,3.0142591436597348,-2.5410303030772539e-05
348300.00001068693,40700.196591493353,11014.030553081528,-16.128765687807402,-0.80299094053223263,2.9679710215592219,4.9993380429890112e-05
349200.0000107917,39890.403248394636,13659.574204177317,-16.049815381525249,-0.99590355688280063,2.9089047261547369,0.00012543097368294175
350100.00001026783,38908.857307024751,16246.301451397489,-15.903074891820481,-1.1845263996078104,2.8373148704686946,0.00020058540021501952
351000.00000974396,37759.786480044131,18763.075928349605,-15.688941558363409,-1.3680474767766098,2.7535099678826009,0.00027514023605424088
351900.00000922009,36448.139629388403,21199.06269037498,-15.408096709939205,-1.5456768035158974,2.6578510973746932,0.00034878103942775202
352800.00000963919,34979.565420628009,23543.774845588767,-15.061503285852289,-1.7166497975623043,2.5507503431661411,0.00042119666793642355
353700.00000942964,33360.387980347565,25787.118664726877,-14.650402282341608,-1.8802305634097709,2.4326690168288923,0.00049208057621692508
354600.00000922009,31597.579638683972,27919.437017466793,-14.176308038549042,-2.0357150541461473,2.3041156678946795,0.0005611320894654975
355500.00000963919,29698.730895434132,29931.550912281073,-13.641002391526216,-2.1824340949294094,2.1656438930695585,0.00062805764601273301
356400.00000942964,27672.01773646567,31814.79897440035,-13.046527730270173,-2.3197562562456038,2.0178499532675138,0.00069257200384661023
357300.00000922009,25526.166421027578,33561.074711382091,-12.395178977620105,-2.4470905661688538,1.8613702071914799,0.00075439940656269139
358200.00000869622,23270.415921454791,35162.861375180401,-11.689494547780056,-2.5638890478670118,1.6968783745956268,0.00081327470288035332
359100.00000911532,20914.478146859561,36613.264300192634,-10.932246314228269,-2.6696490737203584,1.5250826386922589,0.00086894441630237839
360000.00000922009,18468.496154974626,37906.040553006656,-10.126428645470988,-2.7639155242023072,1.346722602432129,0.00092116776005818737
360900.00000963919,15943.000483675682,39035.625798034001,-9.2752465439259719,-2.8462827446301247,1.1625661080693785,0.00096971759509736585
361800.00001005828,13348.863843209552,39997.158229993489,-8.3821029584714015,-2.9163962889763493,0.97340593739310766,0.0010143813270036104
362700.00001047738,10697.254318567157,40786.499496571938,-7.4505853116783554,-2.9739544451690492,0.78005640332240289,0.0010549617406233759
363600.00001089647,7999.587310861989,41400.252506066419,-6.4844513082997191,-3.0187095341891501,0.58334984935450274,0.0010912777702125861
364500.00001068693,5267.4764095673609,41835.776050054643,-5.4876140786766729,-3.0504689778030616,0.38413307066670682,0.0011231652044509934
365400.0000107917,2512.6834035885968,42091.196175952915,-4.4641267147919548,-3.0690961300819137,0.18326367186589335,0.0011504773259961671
366300.0000112108,-252.93233371086802,42165.414257090466,-3.4181662654697367,-3.074510868755274,-0.018393621616062686,0.0011730854856435893
367200.00001131557,-3017.4648933630583,42058.11172958876,-2.3540172400064159,-3.0666899439968391,-0.21997068458236338,0.0011908796122284855
368100.00001142034,-5769.0130841222663,41769.751471148171,-1.276054681144204,-3.0456670826402865,-0.42059972893456488,0.0012037686593420747
369000.0000112108,-8495.7316643054291,41301.575815648728,-0.18872686575124314,-3.011532847178445,-0.61941703989520003,0.0012116809903709898
369900.00001068693,-11185.882339999394,40655.60121105126,0.90346231528440979,-2.9644342498818648,-0.81556669610714227,0.0012145647035687263
370800.00001047738,-13827.884304285852,39834.60954279983,1.9959712425541487,-2.9045741234474636,-1.0082042571174186,0.0012123878986978396
371700.00001026783,-16410.364098493221,38842.136160500835,3.084238666578476,-2.8322102507349896,-1.1965004021707299,0.0012051388865692756
372600.00001005828,-18922.204592042799,37682.454654275753,4.1637019732314391,-2.7476542567985822,-1.3796445053294546,0.0011928263422654713
373500.00001047738,-21352.59285291308,36360.558450225966,5.2298155589377124,-2.6512702681308871,-1.5568481301099122,0.0011754794021852785
374400.00001058215,-23691.066704199045,34882.13930603159,6.2780692656159998,-2.5434733449199407,-1.7273484285047302,0.0011531477042951265
375300.00001068693,-25927.55978386744,33253.562787915595,7.3040068318554789,-2.4247276921792382,-1.8904114308172908,0.0011259013697888251
376200.00001110602,-28052.444887104575,31481.840847627613,8.3032442955052801,-2.2955446583899279,-2.0453352099754714,0.0010938309236941965
377100.00001089647,-30056.575415320942,29574.60161395224,9.2714882960640743,-2.1564805300439627,-2.1914529072510422,0.0010570471508429865
378000.00001131557,-31931.324760592353,27540.056520202928,10.204554220904239,-2.0081341310368344,-2.328135606669488,0.0010156808826196908
378900.00001142034,-33668.623432345659,25386.964931299422,11.098384120013604,-1.8511442389811434,-2.4547950438200612,0.00096988270987329733
379800.0000112108,-35260.993792413879,23124.596399092316,11.949064333011346,-1.6861868280098284,-2.5708861391385502,0.00091982261614622718
380700.00001100125,-36701.582230155182,20762.690726231929,12.752842745735252,-1.5139721514402287,-2.6759093432728629,0.00086568952613433369
381600.00001110602,-37984.188645057911,18311.416006713829,13.506145600606409,-1.3352416768103648,-2.7694127848017391,0.00080769076422191894
382500.0000112108,-39103.293107377831,15781.324830802268,14.205593776202598,-1.1507648872417471,-2.8509942108648039,0.00074605141886624666
383400.00001068693,-40054.079588462766,13183.308834014249,14.848018453006324,-0.96133596250135067,-2.9203027128633545,0.00068101360927225619
384300.0000107917,-40832.456656702816,10528.551785795722,15.430476075614854,-0.76777035428837237,-2.9770402297644751,0.00061283565230469132
385200.00001058215,-41435.075042488628,7828.4814497893676,15.950262515085523,-0.57090127289272685,-3.0209628221406128,0.000541791129933297
386100.00001100125,-41859.34201438084,5094.7203756869185,16.404926353318697,-0.3715760970944878,-3.051881712956384,0.00046816785723307339
387000.00001047738,-42103.432490650477,2339.0358862925837,16.79228119036453,-0.17065272668438736,-3.0696640898391925,0.00039226675521552917
387900.00001026783,-42166.296851209605,-426.71057507559567,17.110416900078608,0.031004110249848549,-3.0742336665773085,0.00031440063180555178
388800.00000974396,-42047.665409894726,-3190.614469247465,17.357709746320488,0.23252657571411461,-3.0655710012364343,0.00023489287849985034
389700.00001016306,-41748.049534854457,-5940.7793793730434,17.532831292901346,0.43304745287274221,-3.0437135703136038,0.000154076089174112
390600.00001026783,-41268.739412657858,-8665.3681713777587,17.634756037644681,0.63170387154756136,-3.0087555989096821,7.2290610636384638e-05
391500.00001037261,-40611.798465801381,-11352.653907668908,17.662767715631261,0.82764101450481276,-2.960847647902678,-1.0116966343429404e-05
392400.00001047738,-39780.05445094953,-13991.070269449212,17.616464220931217,1.0200157868817739,-2.9001959603560468,-9.2795364525376012e-05
393300.00001026783,-38777.087276208673,-16569.261287846948,17.49576110883304,1.208000434420502,-2.8270615701501067,-0.0001753902160750888
394200.00001005828,-37607.213589468425,-19076.130169696095,17.300893648289239,1.3907860951633157,-2.7417591767730904,-0.0002575456860481865
395100.00000984874,-36275.468208933118,-21500.886999931223,17.032417405288143,1.5675862690068432,-2.6446557915417985,-0.00033890611249005377
396000.00000995351,-34787.582470634283,-23833.095131277227,16.691207346148577,1.7376401916176012,-2.5361691607279493,-0.00041911765314576929
396900.00001005828,-33149.959589855149,-26062.716053326756,16.278455460058517,1.9002160978570846,-2.4167659726191917,-0.000497829928346653
397800.00001016306,-31369.647138310986,-28180.152556480636,15.795666907891086,2.0546143615575994,-2.286959855842384,-0.00057469765062958752
398700.00001058215,-29454.306756500682,-30176.290002561422,15.244654713832102,2.2001704982000958,-2.1473091775027853,-0.00064938223178139583
399600.00001037261,-27412.18123380356,-32042.535523555547,14.627533025193927,2.3362580177157768,-1.9984146506032567,-0.00072155335856355298
400500.00001016306,-25252.059083998851,-33770.854993256544,13.946708968511052,2.4622911162922012,-1.840916759809508,-0.00079089052947945652
401400.00001026783,-22983.236786388195,-35353.807594267622,13.2048731464523,2.5777271943896016,-1.6754930176944698,-0.00085708454428392667
402300.00001037261,-20615.478835228623,-36784.577850112153,12.404988815707942,2.6820691915685697,-1.5028550615699892,-0.00091983893986715272
403200.0000107917,-18158.975775113471,-38057.004976120916,11.550279799493921,2.7748677275023139,-1.323745603549469,-0.00097887136564759518
404100.0000112108,-15624.300404109174,-39165.609422022819,10.64421719309388,2.8557230398946092,-1.1389352467885547,-0.0010339148923578922
405000.00001131557,-13022.362322592435,-40105.616496415132,9.6905049219391461,2.9242867112274156,-0.94921918057903043,-0.0010847192488292634
405900.0000107917,-10364.361028412661,-40872.976966316754,8.6930642218241818,2.9802631764310279,-0.75541376864419663,-0.001131051981408114
406800.00001026783,-7661.7377511670775,-41464.38454456711,7.6560171102940489,3.023411004948843,-0.55835304444096812,-0.0011726995313830085
407700.00001005828,-4926.1262466726694,-41877.290184133803,6.5836689308177716,3.0535439510872728,-0.35888512937315065,-0.0012094682258018655
408600.00001016306,-2169.3027447880413,-42109.913121816971,5.4804900428848455,3.0705317682165347,-0.15786858782613331,-0.0012411851780400581
409500.00001058215,596.86472708857832,-42161.248618575533,4.3510967438084895,3.0743007827082804,0.043831264892628938,-0.0012676990943809756
410400.00001037261,3360.4674228980221,-42031.072361786566,3.2002315101438965,3.0648342247989158,0.24534608560039459,-0.0012888809834100041
411300.0000107917,6109.6071581943488,-41719.941507968397,2.0327426397045634,3.042172314525005,0.44580824264350077,-0.0013046247655962369
412200.00001089647,8832.4475353453417,-41229.192360615918,0.85356339999332254,3.0064121020544143,0.6443545529323359,-0.0013148477803957264
413100.00001068693,11517.264935188448,-40560.934689408248,-0.33230924165247561,2.9577070625957997,0.84013000351800826,-0.0013194911892412172
414000.00001047738,14152.49902448459,-39718.042714232404,-1.5198361990413112,2.8962664473411159,1.0322914393121849,-0.0013185202726183108
414900.00001026783,16726.802569055351,-38704.142792170423,-2.703958066777354,2.8223543929955799,1.2200112014666491,-0.0013119246202119908
415800.00001068693,19229.090344008986,-37523.597856025372,-3.8796170453164112,2.7362887932436482,1.40248070100472,-0.0012997182134151253
416700.0000107917,21648.586912891114,-36181.488676414883,-5.0417788870393752,2.6384399372483038,1.5789139108412067,-0.0012819393999956843
417600.00001058215,23974.873091946494,-34683.59201693879,-6.1854547773076742,2.529228920140179,1.7485507625407681,-0.0012586507610418255
418500.00001068693,26197.930877594205,-33036.355783169536,-7.3057230447142629,2.409125832775886,1.910660431374543,-0.0012299388708812682
419400.00001016306,28308.186640488471,-31246.871277166112,-8.3977506035245106,2.278647738889922,2.0645444950728598,-0.0011959139512314424
420300.00001026783,30296.552423464476,-29322.842657583184,-9.4568140464773656,2.1383564469622036,2.2095399541492786,-0.0011567094208078945
421200.00001068693,32154.465128488129,-27272.553763456686,-10.478320277151473,1.9888560883968129,2.3450220978772509,-0.0011124813428807759
422100.0000107917,33873.923448665068,-25104.832426286641,-11.457826604202419,1.8307905112085654,2.4704072051918557,-0.0010634077729388494
423000.0000112108,35447.522379468435,-22829.012424727738,-12.391060206808501,1.6648405006151126,2.5851550682171891,-0.0010096880093234833
423900.00001162989,36868.485146677143,-20454.893263185731,-13.273936878386893,1.4917208399312769,2.6887713263933515,-0.00095154175055656837
424800.00001173466,38130.692428378818,-17992.697929779973,-14.102578975040467,1.3121772233032898,2.78080960211858,-0.00088920816270472171
425700.00001183944,39228.708733956402,-15453.028829816496,-14.873332483918141,1.1269830348055279,2.8608734278075336,-0.0008229448612345388
426600.00001162989,40157.805830300997,-12846.822080303944,-15.582783139027161,0.93693600765978347,2.9286179562993055,-0.00075302681177650491
427500.00001142034,40913.983113098147,-10185.300364343782,-16.227771513297032,0.74285477831103719,2.9837514471441895,-0.00067974515471397312
428400.00001089647,41493.98483387442,-7479.9245557904878,-16.805407019351946,0.54557535093387488,3.026036522274917,-0.00060340595901114849
429300.00001100125,41895.31411260226,-4742.3443105463566,-17.31308076092381,0.34594748691082333,3.0552911860003951,-0.00052432891047825899
430200.00001047738,42116.243670653406,-1984.3478628326986,-17.748477173512814,0.14483103686867041,3.0713896046600389,-0.00044284594101665574
431100.00001089647,42155.823244955471,782.18879387147422,-18.109584410885535,-0.05690777143983379,3.0742626432094329,-0.00035929980388688533
432000.00001068693,42013.883646318864,3545.3530680264748,-18.394703423127165,-0.25840006932967152,3.0638981561898935,-0.00027404260292265338
432900.00001047738,41691.037450133525,6293.2471150081901,-18.602455696681279,-0.45877809577835865,3.0403410323961575,-0.0001874342804015248
433800.00001026783,41188.676315037672,9014.0390868180166,-18.731789614823128,-0.65717893798039162,3.0036929931131051,-9.9841072040212752e-05
434700.00001068693,40508.96494300021,11696.014103409703,-18.781985416385631,-0.85274825045056446,2.9541121451028038,-1.1633934870290809e-05
435600.00001047738,39654.831711589788,14327.624698351587,-18.752658729831005,-1.044643934622677,2.8918122907911186,7.6813044109466877e-05
436500.00001026783,38629.956011672322,16897.540557200125,-18.643762669036576,-1.2320397657138309,2.8170619982801091,0.00016512425255715428
437400.00001068693,37438.752356675723,19394.697292548291,-18.455588481741653,-1.4141289482328907,2.7301834362030242,0.00025292416213620433
438300.00001047738,36086.351330560807,21808.34406851383,-18.188764750752529,-1.5901275865609086,2.6315509784967954,0.00033983893609910044
439200.00001089647,34578.577446307689,24128.089885710528,-17.844255149892074,-1.7592780569345403,2.521589584487848,0.00042549802850807775
440100.00001037261,32921.924034302247,26343.948284876864,-17.423354770249365,-1.9208522633332947,2.4007729631324044,0.00050953576640379728
441000.00001047738,31123.525240453757,28446.38032913761,-16.927685028590432,-2.0741547672146479,2.2696215273397162,0.0005915929097223948
441900.0000112108,29191.125286005619,30426.335632369759,-16.359187188794902,-2.2185257743107205,2.1287001495362734,0.0006713181802331014
442800.00001100125,27133.045101237341,32275.291291629554,-15.720114522000566,-2.3533439683073203,1.9786157266963009,0.00074836975393560137
443700.0000107917,24958.146475033653,33985.288552023943,-15.013023140169276,-2.4780291790730895,1.8200145652019066,0.00082241671018955926
444600.00001026783,22675.793894873827,35548.967029437299,-14.240761551397924,-2.5920448728871195,1.6535795982384585,0.00089314043047347626
445500.00000974396,20295.814220174238,36959.59636563481,-13.406458978232902,-2.6949004556859699,1.4800274460925551,0.00096023594154659648
446400.00000984874,17828.454372858232,38211.105169530565,-12.513512495050977,-2.7861533788252473,1.3001053326754981,0.0010234131968270511
447300.00001026783,15284.337232116817,39298.107120326771,-11.565573044674485,-2.8654110384301088,1.1145878717934659,0.0010823982905398316
448200.00001037261,12674.415904922502,40215.924130280146,-10.566530390493279,-2.9323324609931052,0.92427373553967052,0.0011369346001464148
449100.00001016306,10009.926581541735,40960.606459174567,-9.5204970754419644,-2.9866297674365057,0.7299822199136542,0.0011867838521670017
450000.00000995351,7302.3401780320037,41528.949696001917,-8.4317914586901157,-3.0280694095337841,0.53254972223102892,0.0012317271074705723
450900.00001005828,4563.3129695867319,41918.508536639725,-7.3049199028174874,-3.0564731735213222,0.33282614501747865,0.0012715656626928356
451800.00000984874,1804.6364297637547,42127.607297701477,-6.1445581897160579,-3.0717189465284847,0.13167124189569948,0.0013061218648900352
452700.00000995351,-961.81352172800644,42155.347122087398,-4.9555322391296741,-3.0737412425405166,-0.07004907992053705,0.0013352398373534912
453600.00001037261,-3724.1276227471853,42001.609842406739,-3.7427982199504419,-3.0625314853531931,-0.27146648318038047,0.0013587861146733538
454500.00000984874,-6470.4145233748686,41667.058488067101,-2.5114221286171028,-3.038138047380027,-0.47171393570367198,0.0013766501863433833
455400.00000995351,-9188.8519744632595,41153.134429730992,-1.2665589154579839,-3.0006660437241739,-0.66992944132087673,0.0013887449484402865
456300.00000974396,-11867.737698692419,40462.051177498222,-0.013431255963906708,-2.9502768825590846,-0.86525974838812336,0.0013950070633664163
457200.00000953441,-14495.539770887664,39596.784852958706,1.2426919711095668,-2.8871875731239309,-1.0568640232822015,0.001395397228599172
458100.00000995351,-17060.94625491984,38561.06137958372,2.4965174011504834,-2.8116697944061966,-1.2439174704501224,0.0013899003552648212
459000.00000974396,-19552.91389383161,37359.340446746413,3.742749020497095,-2.7240487283731607,-1.4256148841441367,0.0013785256580179075
459900.00001016306,-21960.71566098346,35996.796306390039,4.9761100524263568,-2.6247016618942021,-1.6011741177463961,0.0013613066576305781
460800.00000963919,-24273.986928804163,34479.295501785309,6.191364795524338,-2.5140563644594098,-1.769839452816117,0.0013383010979665158
461700.00000942964,-26482.770102661176,32813.371600512146,7.383340361541519,-2.3925892468329382,-1.9308848565886769,0.0013095907785206594
462600.00000922009,-28577.557482277833,31006.197064328728,8.5469482146780251,-2.260823310223651,-2.083617110424651,0.0012752813039770227
463500.00000901055,-30549.332197014664,29065.552358986894,9.6772054541318209,-2.119325893433945,-2.2273787978037349,0.001235501751362678
464400.00000848668,-32389.607021935735,26999.792447111689,10.769255757694982,-1.9687062284093868,-2.3615511375756579,0.0011904042553082664
465300.00000796281,-34090.460916691001,24817.810799568495,11.818389918267012,-1.8096128140945074,-2.4855566507400204,0.0011401635111248948
466200.0000083819,-35644.573118128006,22529.001091597416,12.820065892905346,-1.6427306207938701,-2.5988616482274214,0.0010849761953522128
467100.00000848668,-37045.254643483873,20143.216748666957,13.769928291601303,-1.4687781371828923,-2.7009785290671733,0.0010250603028514589
468000.00000796281,-38286.47707804323,17670.728500258057,14.663827236813836,-1.2885042716593433,-2.7914678796013419,0.00096065439881611091
468900.0000083819,-39362.898508843566,15122.180143089927,15.497836508188898,-1.1026851229151402,-2.8699403635491061,0.00089201678482308318
469800.000008801,-40269.88649412735,12508.542711766095,16.268270894154284,-0.91212063437355584,-2.9360583948243795,0.00081942457799908134
470700.00000859145,-41003.537982036891,9841.0672283208005,16.971702680714788,-0.7176311452180778,-2.9895375867981588,0.00074317270181478766
471600.0000083819,-41560.69608214969,7131.2362533409441,17.604977190722668,-0.52005385447394203,-3.0301479710314014,0.0006635727888005717
472500.000008801,-41938.963619275419,4390.714454097536,18.165227294088297,-0.32023921406580691,-3.0577149804421055,0.00058095199605380759
473400.00000922009,-42136.713416439838,1631.2983921009522,18.649886814415201,-0.11904726580481215,-3.0721201931978834,0.00049565173492057443
474300.00000963919,-42153.095262376046,-1135.1342554196665,19.056702755728537,0.082656061892153146,-3.073301834282296,0.00040802631760099073
475200.00000974396,-41988.039533458905,-3896.6758094533716,19.383746274120451,0.28400268061075284,-3.0612550327849481,0.00031844152509750647
476100.00000984874,-41642.257457077969,-6641.4398291415882,19.62942232770104,0.48412607653158007,-3.0360318342341315,0.00022727310147766205
477000.00000963919,-41117.238016744785,-9357.6122480628292,19.79247794013693,0.68216503624121805,-2.9977409682735194,0.00013490518122773136
477900.00001005828,-40415.241512542372,-12033.502198534159,19.872009021867857,0.87726734860571398,-2.9465473729550657,4.1728656885680796e-05
478800.00000953441,-39539.289811010953,-14657.59228350695,19.867465698149502,1.0685934652652538,-2.8826714784012246,-5.1860503783824852e-05
479700.00000932487,-38493.153316167423,-17218.588124604179,19.778656103429057,1.255320107389027,-2.8063882523898416,-0.00014546298335837149
480600.00000974396,-37281.334735165088,-19705.466914892306,19.605748607419713,1.4366437990873713,-2.7180260134281555,-0.00023867787118696639
481500.00000953441,-35909.049696509916,-22107.524817752274,19.349272450143356,1.61178431613874,-2.6179650157005625,-0.00033110444221719475
482400.00000901055,-34382.204305733183,-24414.422994316843,19.010116769186599,1.7799880344235164,-2.5066358121909862,-0.00042234394738746946
483300.00000848668,-32707.369742636012,-26616.232051638919,18.589528015083545,1.9405311631817974,-2.3845174036257575,-0.00051200140478754245
484200.00000890577,-30891.754003431066,-28703.474735081269,18.089105757740477,2.0927228505031419,-2.2521351807672669,-0.00059968738186517761
485100.00000901055,-28943.170915306237,-30667.166674353542,17.510796898168692,2.235908147426299,-2.110058669295845,-0.00068501975838682766
486000.000008801,-26870.006540179951,-32498.855026544257,16.856888302492337,2.3694708194847816,-1.9588990856784967,-0.00076762546128951285
486900.00000922009,-24681.183128660738,-34190.654829413288,16.12999789273492,2.4928359923151984,-1.7993067155995635,-0.00084714216134909061
487800.00000901055,-22386.120778190023,-35735.282915653377,15.333064233341421,2.6054726206409495,-1.6319681259726673,-0.00092321992314465151
488700.00000911532,-19994.69693720181,-37126.089258669344,14.469334651672821,2.7068957713489481,-1.4576032206333611,-0.00099552280085454391
489600.00000953441,-17517.203953528504,-38357.085594407268,13.542351953563051,2.796668709432915,-1.2769621538985987,-0.0010637303711973163
490500.00000995351,-14964.304836613423,-39422.971207546907,12.555939790018561,2.8744047787184943,-1.0908221140735801,-0.0011275391968047315
491400.00000974396,-12346.987417740043,-40319.155771780621,11.514186738954693,2.9397690693361613,-0.8999839900496982,-0.0011866642134015319
492300.00000953441,-9676.5171062956633,-41041.779142413048,10.421429174186949,2.9924798644767554,-0.70526893514904021,-0.0012408400344579762
493200.00000932487,-6964.3884566099132,-41587.728012368672,9.2822330039616485,3.0323098598520795,-0.50751484359031307,-0.0012898221673473265
494100.00000942964,-4222.2757314263627,-41954.649366208672,8.1013743526042035,3.059087150952343,-0.30757275289768737,-0.001333388136240876
495000.00000890577,-1461.9826905954826,-42140.960667579478,6.8838192785706802,3.0726959832118932,-0.1063031887061774,-0.0013713385065934076
495900.00000869622,1304.6082007288173,-42145.856737528047,5.6347026104332301,3.0730772617664899,0.0954275340467758,-0.0014034978072390086
496800.00000911532,4065.5868946405913,-41969.313289345111,4.3593060089088338,3.0602288180592057,0.29675103546708292,-0.0014297153457818095
497700.00000890577,6809.0670228124573,-41612.087106880426,3.0630353400333266,3.0342054320866332,0.49680060675087245,-0.0014498659143581168
498600.0000083819,9523.2370762563805,-41075.712859625375,1.7513974599235991,2.9951186095311724,0.69471494176055837,-0.0014638503827010855
499500.00000817236,12196.41126031822,-40362.496569204006,0.42997652406899911,2.9431361145808963,0.889641846463194,-0.001471596175904164
500400.00000796281,14817.079826966563,-39475.505752340985,-0.89559008409942387,2.878481260007244,1.0807419117449542,-0.0014730576351280546
501300.00000806758,17373.95865918152,-38418.556280977034,-2.2196360956696761,2.8014319572240378,1.2671921330846536,-0.0014682162596826027
502200.00000817236,19856.037893283996,-37196.196014652021,-3.5364908625730718,2.7123195301277607,1.4481894613343322,-0.0014570808295073358
503100.00000764849,22252.629367410311,-35813.685275207528,-4.8405039191206374,2.6115272976370032,1.6229542689930248,-0.0014396874075842973
504000.00000806758,24553.412703258135,-34276.9742386547,-6.1260694977043642,2.4994889302325971,1.7907337177113327,-0.0014160992221899243
504900.00000817236,26748.479786628548,-32592.677361222391,-7.3876508718771392,2.3766865889125306,1.9508050097092586,-0.0013864064297899128
505800.00000796281,28828.377502739451,-30768.044919950298,-8.6198044465487378,2.2436488523442377,2.1024785123712468,-0.0013507257592372667
506700.0000083819,30784.148502056803,-28810.931811319231,-9.8172034684666727,2.1009484426410445,2.2451007394250109,-0.0013092000390762632
507600.00000785803,32607.36982689131,-26729.763742868879,-10.974661255907424,1.9491997596087101,2.378057176085361,-0.0012619976101238711
508500.00000764849,34290.189252733129,-24533.500939519217,-12.087153859117885,1.789056232383158,2.5007749372818995,-0.001209311625356375
509400.00000743894,35825.359151446559,-22231.599556647929,-13.149842030367585,1.6212075025468686,2.6127252446869145,-0.0011513592409141177
510300.00000722939,37206.267758496644,-19833.970936113306,-14.158092425103371,1.4463764487724329,2.7134257137527618,-0.0010883807010984951
511200.00000733417,38426.967692215432,-17350.938898412416,-15.107497930894276,1.2653160672277235,2.8024424395017942,-0.0010206383217359592
512100.0000068103,39482.201604686117,-14793.195254417849,-15.993897036460689,1.0788062212911789,2.8793918721435494,-0.00094841537635947492
513000.00000722939,40367.424859285064,-12171.753712800324,-16.813392161028883,0.88765027360961968,2.9439424747539635,-0.00087201488962211908
513900.00000701984,41078.825120173235,-9497.9024232495067,-17.562366849400682,0.69267161821110934,2.9958161545754063,-0.00079175834438788707
514800.0000068103,41613.338791508584,-6783.1553032342399,-18.237501776449648,0.49471012365637784,3.0347894633589818,-0.00070798430653277425
515700.00000691507,41968.664214414086,-4039.202416219021,-18.835789471919284,0.29461850697593217,3.0606945600379789,-0.00062104697514535465
516600.00000670552,42143.271578032269,-1277.8595807630111,-19.354547712249875,0.093258651681811036,3.0734199325779961,-0.00053131466348266948
517500.00000618165,42136.409497517001,1488.9825606737736,-19.79143151656438,-0.10850211326609695,3.0729108756282133,-0.00043916821765888829
518400.00000628643,41948.108230819184,4249.4097946235179,-20.144443694081971,-0.30979475742144991,3.0591697220141043,-0.00034499937995599632
519300.0000063912,41579.179523117898,6991.5356705948871,-20.411943894359595,-0.50975229803820421,3.0322558273776248,-0.00024920910460586744
520200.00000618165,41031.213078935602,9703.5527326672272,-20.592656125861154,-0.70751354097043562,2.9922853081084471,-0.0001522058321477182
521100.00000660075,40306.569677926404,12373.783393301303,-20.685674704135504,-0.90222679455629384,2.9394305338905395,-5.4403731071050113e-05
522000.0000063912,39408.370968866824,14990.730234009972,-20.69046860569307,-1.0930535407059869,2.8739193775525518,4.3779085633099389e-05
522900.00000649597,38340.485979376033,17543.125540751382,-20.606884208727244,-1.2791720491372274,2.7960342251359935,0.00014192236211019724
523800.00000660075,37107.514410588985,20019.9798243892,-20.43514640721104,-1.4597809165380891,2.7061107514086684,0.00023960551024730648
524700.00000670552,35714.76678056606,22410.629148327789,-20.175858093880638,-1.6341025177003026,2.6045364656504044,0.00033640942246448459
525600.00000712462,34168.241511465552,24704.781037627887,-19.829998014418219,-1.8013863522090143,2.4917490348085543,0.00043191827792222603
526500.00000691507,32474.599055290295,26892.558785375473,-19.398917001763817,-1.960912273325355,2.3682343910919599,0.00052572133474580512
527400.00000733417,30641.13316616193,28964.543968214559,-18.884332605033467,-2.1119935854403002,2.2345246320137702,0.00061741470056659014
528300.00000712462,28675.739464110793,30911.816964568377,-18.288322141802972,-2.2539799951580193,2.0911957235737635,0.00070660307260148134
529200.00000722939,26586.881393231281,32725.995342548067,-17.613314194999134,-2.3862604064409538,1.9388650141745651,0.00079290144145399558
530100.00000764849,24383.553755918241,34399.269912307842,-16.862078600655192,-2.5082655449936095,1.7781885725921431,0.00087593674943620939
531000.00000743894,22075.243961574342,35924.438313086517,-16.037714965086337,-2.6194704025736262,1.6098583601342846,0.00095534949726171052
531900.00000722939,19671.89114915963,37294.935992064573,-15.143639757814165,-2.7193964909657744,1.4345992486234456,0.0010307952922698465
532800.00000733417,17183.843387764638,38504.864423571664,-14.183572046152246,-2.807613894726388,1.253165899080452,0.0011019463305116494
533700.00000712462,14621.813114408023,39549.016467427238,-13.161517924813054,-2.8837431154634023,1.0663395126787856,0.0011684928072774685
534600.00000691507,11996.831006848899,40422.898751343884,-12.081753709716136,-2.947456699396549,0.87492446832825477,0.0012301442497334751
535500.00000701984,9320.1984953494266,41122.750979680983,-10.948807970998342,-2.9984806411933653,0.67974486167231474,0.0012866307658710773
536400.00000649597,6603.4391171199604,41645.562088086888,-9.7674424830471267,-3.0365955583162729,0.48164096024886904,0.0013377042045950708
537300.00000660075,3858.2489072702647,41989.08317800724,-8.5426321671587928,-3.0616376311474314,0.28146558882595224,0.0013831392224341308
538200.00000607688,1096.4460695077128,42151.83716962811,-7.2795441262095855,-3.0734993044691068,0.080080462515530498,0.0014227342519609911
539100.00000618165,-1670.079900592149,42133.1251390342,-5.9835158422708146,-3.0721297478356995,-0.12164751987290987,0.0014563123688601509
540000.00000565778,-4429.4193701698632,41933.029306624827,-4.6600326533136158,-3.0575350724392045,-0.32285000272448183,0.0014837220535025744
540900.00000544824,-7169.6938345475382,41552.412667379409,-3.3147045808950346,-3.0297783037601675,-0.52266090872007809,0.0015048378450223791
541800.00000555301,-9879.10702752211,40992.91526358798,-1.9532426283525119,-2.988979110001488,-0.72022016287639312,0.0015195608850790238
542700.00000565778,-12545.995689961288,40256.947115342431,-0.5814346339146913,-2.9353132873486585,-0.91467739203934983,0.0015278193500344803
543600.00000607688,-15158.879763500405,39347.677838750693,0.79487921306858467,-2.8690120041484533,-1.1051955829226701,0.00152956877024686
544500.00000649597,-17706.511793708331,38269.022997452754,2.1698310906872535,-2.7903608072192516,-1.290954683040674,0.0015247922359592828
545400.00000628643,-20177.925335554308,37025.627244402065,3.5375503983354815,-2.6996983943235158,-1.4711551294738119,0.0015135004897557879
546300.0000063912,-22562.482155745503,35622.84432296396,4.8921886457267512,-2.5974151577069349,-1.6450212905016006,0.0014957319059505868
547200.00000586733,-24849.918012109618,34066.714021629363,6.2279442663966043,-2.4839515054482124,-1.811804804055678,0.001471552357868908
548100.00000565778,-27030.386837639329,32363.936167917182,7.5390872691373865,-2.3597959667322046,-1.9707878003722605,0.0014410549741373125
549000.00000576256,-29094.503113131035,30521.841787798665,8.8199836137090593,-2.2254830901426117,-2.1212859930065897,0.0014043597857432122
549900.00000618165,-31033.382267169778,28548.361540700404,10.065119225668113,-2.0815911429014742,-2.2626516263403018,0.0013616132655039021
550800.00000660075,-32838.678913942676,26451.991576511195,11.269123545544568,-1.9287396216580588,-2.3942762656271652,0.0013129877621591431
551700.00000670552,-34502.622774987598,24241.756951441108,12.426792525417669,-1.7675865847601122,-2.5155934182018065,0.0012586808310701102
552600.00000649597,-36018.052120272048,21927.172769140027,13.533110975046348,-1.5988258181281141,-2.6260809736842332,0.0011989144639948366
553500.00000628643,-37378.44458950757,19518.203209430765,14.583274171150162,-1.4231838465922952,-2.7252634528705499,0.001133934220198522
554400.0000063912,-38577.945259080589,17025.218622295168,15.572708641359078,-1.2414168037018489,-2.8127140553335148,0.0010640082613508979
555300.00000618165,-39611.391830276494,14458.950879980377,16.497092034654955,-1.0543071741598435,-2.8880564965235864,0.00098942629296684876
556200.00000597211,-40474.336840018252,11830.447158409477,17.352372003607801,-0.86266042148696087,-2.9509666270488402,0.00091049841444672003
557100.00000607688,-41163.066783949354,9151.0223782195553,18.134784005794749,-0.66730151785419989,-3.0011738260153478,0.00082755388145217608
558000.00000649597,-41674.618081499517,6432.2104856079168,18.840867956457306,-0.46907138938700249,-3.0384621632521194,0.00074093978305553711
558900.00000660075,-42006.789808305817,3685.7147986270234,19.467483652039235,-0.26882329356760803,-3.0626713249787474,0.00065101963762637289
559800.00000701984,-42158.153144421325,923.35762232637978,20.011824896317176,-0.067419143741223028,-3.073697299202363,0.000558171911097928
560700.00000743894,-42128.05749611435,-1842.9706366496732,20.471432258192074,0.13427420229373491,-3.0714928178607868,0.00046278846256745851
561600.00000754371,-41916.633267678255,-4601.3626482340351,20.844204400764323,0.33538867431488728,-3.0560675541300255,0.00036527292199872306
562500.00000764849,-41524.791270909627,-7339.9454041676618,21.128407921784145,0.53505872574828772,-3.0274880741721018,0.00026603900598881126
563400.00000806758,-40954.218776409383,-10046.931307361659,21.322685652488715,0.73242505744613307,-2.9858775438326304,0.00016550877816320602
564300.00000754371,-40207.372226658001,-12710.668882948505,21.426063368503144,0.92663831290883891,-2.9314151919701832,6.4110861454904977e-05
565200.00000733417,-39287.466637004007,-15319.692915617448,21.437954873629153,1.1168627307071413,-2.8643355325605624,-3.7721390833380376e-05
566100.00000712462,-38198.461743015418,-17862.77375294076,21.358165421541855,1.3022797351756981,-2.784927350073628,-0.00013955175517341167
567000.00000722939,-36945.044940858555,-20328.965615054025,21.186893452551526,1.482091453834431,-2.6935324517475658,-0.00024094302236717758
567900.00000701984,-35532.611109263125,-22707.653659821215,20.924730627581607,1.6555241433846544,-2.590544193416445,-0.00034145889570405145
568800.0000068103,-33967.239386277848,-24988.599637373874,20.572660149871197,1.8218315123439532,-2.4764057843936325,-0.00044066589477852105
569700.00000722939,-32255.667011232836,-27161.985914652785,20.132053374710171,1.980297924530289,-2.3516083795855378,-0.00053813525453914966
570600.00000764849,-30405.260346911029,-29218.457685142654,19.604664717076549,2.1302414701468368,-2.2166889672972707,-0.00063344481017785345
571500.00000775326,-28423.983195322555,-31149.163198236922,18.992624871079563,2.2710168926337748,-2.0722280610237989,-0.00072618085913289893
572400.00000785803,-26320.362547464127,-32945.791826525907,18.298432366666823,2.4020183582774446,-1.9188472054361756,-0.00081593999060277289
573300.00000764849,-24103.451925731661,-34600.609799779108,17.524943501044813,2.5226820563224708,-1.7572063080550631,-0.00090233087316557577
574200.00000743894,-21782.792454170616,-36106.493473485774,16.675360679169771,2.6324886201644824,-1.5880008063442026,-0.00098497599286615292
575100.00000785803,-19368.371843305486,-37456.959971178025,15.753219218595046,2.7309653580860105,-1.4119586836737166,-0.0010635133325908881
576000.00000827713,-16870.581455962685,-38646.195079102021,14.762372672206562,2.8176882848324025,-1.2298373460858667,-0.0011375979853078125
576900.00000869622,-14300.171629430417,-39669.078276211127,13.706976728407161,2.8922839456062612,-1.0424203724199197,-0.0012069036939147248
577800.000008801,-11668.205461899273,-40521.204782860528,12.59147176488673,2.9544310240443754,-0.85051415271160535,-0.0012711243101412185
578700.00000859145,-8986.0112458892854,-41198.904541424046,11.420564125975936,3.0038617278710968,-0.6549444279336607,-0.0013299751664216258
579600.0000083819,-6265.1337554390566,-41699.258043577633,10.199206206041078,3.0403629459866575,-0.45655274589942885,-0.0013831943544809228
580500.00000848668,-3517.2846041394832,-42020.108934154443,8.9325754295525375,3.0637771718092743,-0.25619284891254301,-0.0014305439048367214
581400.00000859145,-754.29187573467084,-42160.07334014216,7.6260522148287455,3.0740031890090131,-0.054727007643639351,-0.0014718108623254279
582300.00000806758,2011.9507582537394,-42118.545882065118,6.2851970165112485,3.070996516366034,0.14697768333128122,-0.0015068082529335427
583200.00000785803,4769.5352119059562,-41895.702339203497,4.915726548315849,3.0547696094900232,0.34805303231657087,-0.0015353759376357007
584100.00000733417,7506.5902215597798,-41492.498957222437,3.523489293740242,3.0253918183605051,0.54763348313637317,-0.0015573813494758084
585000.00000712462,10211.332444253312,-40910.66839892009,2.1144404022036758,2.9829891005147089,0.74485983903058128,-0.0015727201109028189
585900.00000691507,12872.117180780408,-40152.712354688978,0.69461608840107369,2.9277434908571918,0.93888296056601173,-0.0015813165284570727
586800.00000670552,15477.488518024886,-39221.89084136951,-0.72989236027996252,2.8598923299438392,1.1288674226004958,-0.001583123962741731
587700.00000618165,18016.228667014882,-38122.208234676524,-2.152964851433544,2.7797272538007736,1.3139951139668042,-0.0015781250719457461
588600.00000628643,20477.406288969316,-36858.396091884548,-3.5684789188751487,2.6875929491892765,1.4934687646579132,-0.001566331927791787
589500.00000607688,22850.423586607911,-35435.892844275098,-4.9703361943220647,2.5838856799098751,1.6665153841647886,-0.0015477860033810647
590400.00000649597,25125.061986579542,-33860.820430366446,-6.3524888211102111,2.4690515891442884,1.8323895981284843,-0.0015225580327511915
591300.00000597211,27291.526174619245,-32139.95799121193,-7.7089656712180359,2.3435847865273418,1.9903768657565306,-0.0014907477428804411
592200.00000576256,29340.48633819976,-30280.712711674365,-9.0338982783026029,2.208025225948206,2.1397965672254462,-0.0014524834587986391
593100.00000586733,31263.118387075279,-28291.087964097806,-10.321546345380842,2.0629563854021096,2.2800049441237888,-0.0014079215839063451
594000.00000628643,33051.142012955352,-26179.648865577488,-11.566322737525992,1.9090027569529524,2.4103978826058277,-0.0013572459572325707
594900.00000607688,34696.856404220533,-23955.485410600038,-12.762817838674264,1.746827158590925,2.5304135256182954,-0.0013006670905570286
595800.00000586733,36193.173468989415,-21628.173328938272,-13.905823171568347,1.5771278789381984,2.6395347032937684,-0.0012384212884218354
596700.00000534346,37533.648412924987,-19207.732849098396,-14.990354170767699,1.4006356680070851,2.7372911701090734,-0.0011707696550615056
597600.00000576256,38712.507549572591,-16704.585529807886,-16.011672016782811,1.2181105859476506,2.8232616397124479,-0.0010979969920950382
598500.00000555301,39724.67320801349,-14129.509371436357,-16.965304423941141,1.0303387253515723,2.8970756073938464,-0.0010204105924227305
599400.00000565778,40565.785649731908,-11493.592360638033,-17.8470653076972,0.83812881842927756,2.9584149536324058,-0.00093833893435548105
600300.00000607688,41232.221876639866,-8808.1846960327566,-18.653073225345654,0.64230874728893428,3.0070153199968965,-0.00085213028297540763
601200.00000555301,41721.11126388728,-6084.8498732206535,-19.379768521414192,0.44372197049027667,3.0426672524728771,-0.00076215120398810015
602100.00000597211,42030.347946953567,-3335.3148307847623,-20.023929102606225,0.24322388075823939,3.0652171070188792,-0.00066878499612431548
603000.00000544824,42158.599900907466,-571.41942496978095,-20.582684759166888,0.041678113560143511,3.0745677127961453,-0.00057243005063061349
603900.00000555301,42105.314684869852,2194.9346224597361,-21.053529988570535,-0.16004718273394752,3.0706787911095761,-0.00047349814251944073
604800.00000565778,41870.721817467522,4951.8350077392079,-21.434335246638717,-0.36108309338769273,3.0535671275977156,-0.00037241266352939226
605700.00000544824,41455.831778854314,7687.4101948377393,-21.723356588942021,-0.56056368832228931,3.0233064974085999,-0.00026960680254992586
606600.00000523869,40862.431640403964,10389.880582553966,-21.919243652886237,-0.75762975933004117,2.9800273435256246,-0.00016552168233001119
607500.00000502914,40093.077344444457,13047.609264422739,-22.021045945510213,-0.95143252696989322,2.9239162099794478,-6.0604460736346371e-05
608400.00000481959,39151.082667081755,15649.152173374838,-22.028217410121439,-1.1411373018603945,2.8552149324781286,4.4693595596612516e-05
609300.00000492437,38040.504910960008,18183.307393505929,-21.940619249855466,-1.3259270844091806,2.7742195900078164,0.00014991905683890201
610200.00000471482,36766.127395982774,20639.163412990129,-21.75852099506702,-1.5050060864354129,2.6812792225104438,0.00025461828577495879
611100.00000450527,35333.438813849563,23006.146134945036,-21.482599808080529,-1.6776031612853379,2.5767943195921692,0.00035833939640374148
612000.00000461005,33748.60955047157,25274.064411993357,-21.113938028355239,-1.8429751253428068,2.4612150880044728,0.00046063420553428867
612900.0000044005,32018.465070154863,27433.15393139988,-20.654018967183088,-2.0004099583188526,2.3350395048952892,0.00056106016988358533
613800.00000481959,30150.456473456408,29474.119261333686,-20.104720966973918,-2.1492298685372644,2.1988111651352398,0.00065918230034917415
614700.00000429573,28152.628377257304,31388.173853608732,-19.468309755506116,-2.2887942083467951,2.0531169336864878,0.00075457504407970576
615600.00000408618,26033.584220556371,33167.077872470385,-18.747429116883445,-2.4185022302219803,1.8985844106839689,0.00084682412821498879
616500.00000450527,23802.449186804777,34803.173641812064,-17.945089930015936,-2.5377956685038403,1.7358792232510847,0.00093552835522283425
617400.00000429573,21468.830878559824,36289.418588657507,-17.064657613969498,-2.6461611379770482,1.5657021540397562,0.0010203013435461973
618300.0000044005,19042.777910393801,37619.415539163951,-16.109838030585518,-2.7431323389177935,1.3887861186643653,0.0011007732060899225
619200.00000481959,16534.73662113828,38787.440222660618,-15.084661912111278,-2.8282920582007081,1.2058930067407279,0.0011765921585650176
620100.00000429573,13955.506076776765,39788.465879233474,-13.993467874346083,-2.901273958973928,1.0178103990485092,0.0012474260515337541
621000.0000044005,11316.191547101838,40618.184866991418,-12.840884081900729,-2.9617641514577682,0.82534817417401007,0.0013129638198547009
621900.00000481959,8628.1566942375248,41273.027162351565,-11.631808658995793,-3.0095025372161035,0.62933502197783509,0.0013729168423707839
622800.00000523869,5902.9746356686092,41750.175692689234,-10.371388910547449,-3.0442839225977445,0.43061487570818557,0.0014270202073438465
623700.00000565778,3152.3781192102811,42047.578424841857,-9.0649994525368527,-3.0659588958797328,0.23004328001481109,0.0014750338775446604
624600.00000576256,388.20901178239626,42163.957162204395,-7.7182193386488436,-3.0744344647644182,0.028483709507057198,0.0015167437504216537
625500.00000618165,-2377.6326746030954,42098.813011592378,-6.3368082825862544,-3.0696744514822512,-0.17319614594472665,0.0015519626087624025
626400.00000628643,-5133.2399960214043,41852.428498458779,-4.9266820790100612,-3.0516996440038877,-0.37412811296205545,0.0015805309578589917
627300.00000607688,-7866.7503284382356,41425.866321308,-3.4938873171322054,-3.0205877027393671,-0.57344726895464027,0.001602317745911218
628200.00000618165,-10566.396419439603,40820.964749976825,-2.0445755026952193,-2.9764728230894946,-0.77029566167214247,0.0016172209643421944
629100.00000628643,-13220.557022368659,40040.329690140796,-0.58497669715776168,-2.9195451554828025,-0.9638259982684092,0.001625168125578193
630000.00000607688,-15817.806907155762,39087.323445926391,0.87862722085507572,-2.8500499852042593,-1.1532052889925271,0.0016261166162924758
630900.00000618165,-18346.96602581843,37966.050228977423,2.3399295552794714,-2.7682866755022886,-1.3376184294237912,0.0016200539244191747
631800.00000597211,-20797.147613535675,36681.338480764782,3.7926259345642594,-2.6746073787863582,-1.5162717053688468,0.0016069977388730758
632700.00000544824,-23157.80504163689,35238.720073936885,5.230441494152946,-2.5694155206387586,-1.6883962071066618,0.0015869959212736382
633600.00000523869,-25418.77719336293,33644.40649392271,6.6471579681422366,-2.4531640639335688,-1.8532511363305004,0.0015601263495397266
634500.00000502914,-27570.332187112264,31905.262094550602,8.0366405862023278,-2.3263535598036218,-2.0101269930398673,0.0015264966335896731
635400.00000513392,-29603.209251315187,30028.774545775039,9.3928646564293246,-2.1895299939660715,-2.1583486281103093,0.0014862437038828849
636300.00000523869,-31508.658573543569,28023.022598316336,10.709941721915582,-2.0432824374072651,-2.297278148589001,0.0014395332739392708
637200.00000534346,-33278.478949932993,25896.641305311299,11.982145176838028,-1.8882405115490508,-2.4263176629908663,0.0013865591784890953
638100.00000513392,-34905.053072515067,23658.784851588065,13.203935230689368,-1.7250716787965779,-2.5449118546853535,0.0013275425893747984
639000.00000523869,-36381.380308860324,21319.08714123648,14.369983116608372,-1.5544783693884663,-2.6525503726672928,0.001262731111511746
639900.00000502914,-37701.106818657558,18887.620331838199,15.475194426904679,-1.3771949582392209,-2.7487700282752736,0.0011923977624334434
640800.00000513392,-38858.552895060617,16374.851468756568,16.514731485759675,-1.1939846029386845,-2.8331567895589957,0.0011168398382885613
641700.00000523869,-39848.737396238597,13791.597431698137,17.484034646076474,-1.0056359583879546,-2.9053475633591699,0.0010363776710492854
642600.00000502914,-40667.399173952443,11148.978367465917,18.378842424148683,-0.81295978078648268,-2.9650317581830277,0.00095135328097156551
643500.00000450527,-41311.015400643562,8458.3698182321768,19.195210375779777,-0.61678543629328764,-3.0119526205793794,0.0008621289297116115
644400.00000461005,-41776.8167162682,5731.353752934936,19.929528626920309,-0.41795732958354376,-3.0459083391744248,0.00076908557990151708
645300.00000471482,-42062.799130255451,2979.6687160691085,20.57853797716966,-0.21733126802788924,-3.0667529115854637,0.00067262126764748218
646200.00000481959,-42167.732629637147,215.15929414611506,21.139344504536755,-0.015770776215710738,-3.0743967706025881,0.00057314939436497558
647100.00000523869,-42091.166452904356,-2550.2748638951621,21.609432597344174,0.18585662182321189,-3.0688071666837433,0.00047109694605260502
648000.00000471482,-41833.431010077758,-5304.7302594039265,21.98667635400739,0.3866831370474425,-3.0500083053719234,0.00036690264779732539
648900.00000450527,-41395.636438616275,-8036.3507847614592,22.269349297734568,0.58584445141005159,-3.0180812389471439,0.00026101506137923451
649800.00000429573,-40779.667805327692,-10733.378731759778,22.456132353813551,0.78248343635337991,-2.9731635131590459,0.00015389063635408854
650700.00000408618,-39988.176972672773,-13384.205392010957,22.546120057537916,0.97575384090856032,-2.9154485705168076,4.5991722172188228e-05
651600.00000387663,-39024.571167331342,-15977.421003061876,22.538824958393441,1.164823931388878,-2.8451849130584073,-6.2215448140010344e-05
652500.00000366708,-37892.998298803512,-18501.863839095338,22.43418020030477,1.3488800679958612,-2.762675028260082,-0.00017026279366203027
653400.00000377186,-36598.329095836249,-20946.66822391118,22.232540264843799,1.5271302021489961,-2.66827408321425,-0.00027768243049090959
654300.00000356231,-35146.136135026238,-23301.311270638173,21.934679873465218,1.6988072803384053,-2.5623883926804458,-0.00038400871667539267
655200.00000335276,-33542.669852049621,-25555.658145210378,21.541791052473737,1.8631725397955121,-2.4454736677759463,-0.00048878028755307149
656100.00000345754,-31794.831644124726,-27700.005652605116,21.055478374767919,2.019518681453059,-2.3180330533755513,-0.00059154207180364118
657000.00000324799,-29910.144174729528,-29725.123968479042,20.477752398723528,2.1671729074176107,-2.1806149624370601,-0.00069184727949718017
657900.00000335276,-27896.719009046428,-31622.296334756735,19.81102133325604,2.3054998099017681,-2.0338107167057986,-0.00078925935316902327
658800.00000314321,-25763.221727654858,-33383.356542218018,19.058080969066769,2.4339040989047906,-1.8782520045999935,-0.0008833538729961204
659700.00000356231,-23518.834649871034,-35000.724057548105,18.222102914693121,2.5518331584455396,-1.714608165860511,-0.00097372040876790296
660600.00000366708,-21173.217353639946,-36467.436620684057,17.306621198486233,2.6587794188423151,-1.5435833165519672,-0.0010599643095337904
661500.00000408618,-18736.465129940683,-37777.18019895046,16.315517284324248,2.754282536945786,-1.3659133243917256,-0.0011417084248064452
662400.00000387663,-16219.06558095778,-38924.316146924,15.253003578110752,2.8379313734737051,-1.1823626495427459,-0.0012185947489081364
663300.00000366708,-13631.853519264663,-39903.905474580803,14.123605485801946,2.9093657604793388,-0.99372106218094025,-0.0012902859827804375
664200.00000377186,-10985.96438056586,-40711.730107309173,12.932142108220175,2.9682780505705222,-0.80080025215263617,-0.0013564670061401763
665100.00000356231,-8292.7863479970456,-41344.311050463642,11.683705655970112,3.0144144415814762,-0.60443034495739367,-0.0014168462541351678
666000.00000303844,-5563.9113741426645,-41798.923385298694,10.38363966440245,3.0475760713938995,-0.40545633741633585,-0.0014711569933200017
666900.00000314321,-2811.0853320726715,-42073.608023860921,9.0375161116118772,3.0676198776178967,-0.20473446967396353,-0.0015191584911446213
667800.00000356231,-46.157501026175204,-42167.180176084963,7.6511115342513909,3.0744592186759361,-0.0031285483138812375,-0.0015606370744034195
668700.00000303844,2718.9703996918142,-42079.2344923645,6.2303822418905357,3.0680642535269111,0.19849376404038205,-0.0015954070723018261
669600.00000314321,5472.3954226274618,-41810.14685641243,4.7814387290197935,3.0484620780754907,0.39926467780313918,-0.0016233116402720187
670500.00000356231,8202.264591169318,-41361.072821141322,3.310519414064061,3.0157366175886837,0.59832000547429665,-0.0016442234605490906
671400.00000366708,10896.825911863627,-40733.942692965364,1.8239637941214168,2.970028275342131,0.79480287811608108,-0.0016580453171015201
672300.00000408618,13544.478958673086,-39931.453282455499,0.32818514100446733,2.9115333386139075,0.98786743175331115,-0.0016647105419922497
673200.00000387663,16133.82480416687,-38957.056359623195,-1.1703571401277446,2.8405031446156896,1.1766824473498327,-0.0016641833311797222
674100.00000429573,18653.71511009915,-37814.9438539111,-2.665185386731709,2.7572430090778912,1.3604349307096046,-0.0016564589283113737
675000.0000044005,21093.300125362948,-36510.029875078166,-4.1498316468352261,2.6621109228394122,1.5383336139135768,-0.0016415636754829144
675900.00000481959,23442.075433361937,-35047.929611822619,-5.6178656475349857,2.5555160203905603,1.7096123667272729,-0.0016195549304894475
676800.00000461005,25689.927201157214,-33434.935216989223,-7.0629226169648778,2.4379168281222507,1.8735334998417232,-0.0015905208507749308
677700.00000408618,27827.175768462235,-31677.988765698829,-8.4787308601445748,2.3098192984124419,2.029390948031891,-0.0015545800446225807
678600.00000419095,29844.617368968236,-29784.652410844454,-9.85913895849197,2.171774638481581,2.1765133179672826,-0.0015118810909162843
679500.00000461005,31733.563804474721,-27763.075865881896,-11.198142475669517,2.0243769433750161,2.3142667874303826,-0.0014626019293992991
680400.0000044005,33485.87990955625,-25621.961345891425,-12.489910060698969,1.8682606425352948,2.4420578439417486,-0.0014069491236452895
681300.00000481959,35094.018642735289,-23370.526113966265,-13.728808835057889,1.704097770629708,2.5593358506522641,-0.00134515699954778
682200.00000492437,36551.053633712596,-21018.462817600648,-14.9094289398641,1.5325950760719149,2.6655954268901487,-0.0012774866634705012
683100.00000502914,37850.70907343924,-18575.897750253986,-16.026607157325184,1.354490977097889,2.7603786349246344,-0.0012042249031707964
684000.00000481959,38987.38679113095,-16053.347252075922,-17.075449483900154,1.1705523810318037,2.8432769614007984,-0.001125682976987312
684900.00000429573,39956.190418715312,-13461.672410015188,-18.051352571085044,0.98157137848473863,2.9139330860222459,-0.0010421952955871399
685800.00000471482,40752.946525431711,-10812.032272266075,-18.950023930218169,0.78836182824451495,2.9720424287762293,-0.00095411800239787259
686700.00000450527,41374.222634030586,-8115.8357798966754,-19.767500814356673,0.59175584775369927,3.0173544691081058,-0.0008618274588295784
687600.00000429573,41817.342047440718,-5384.6925924733587,-20.50016770376115,0.39260022219278301,3.0496738317426542,-0.00076571863969182835
688500.0000044005,42080.39540716722,-2630.3630672627223,-21.144772302061849,0.19175275123523056,3.0688611333173759,-0.00066620344723531929
689400.00000419095,42162.248943948252,135.29242309670138,-21.698439983905008,-0.0099214528947915524,3.0748335868800645,-0.00056370895003092741
690300.00000429573,42062.549380811703,2900.3646137095848,-22.158686627851214,-0.21155369981060851,3.067565361299311,-0.00045867555426561373
691200.00000471482,41781.72546636378,5652.9466721374802,-22.523429773782741,-0.41227547019830718,3.0470876939512759,-0.00035155511600204638
692100.00000481959,41320.9861336498,8381.1855172429969,-22.790998058781572,-0.61122216461471635,3.013488756347146,-0.00024280900203227089
693000.00000429573,40682.315290981409,11073.332909318957,-22.960138888143305,-0.8075368354474205,2.9669132731949235,-0.00013290610771132723
693900.0000044005,39868.463266236875,13717.796089193062,-23.03002430594859,-1.0003738856835276,2.9075618965130183,-2.232084037124864e-05
694800.00000450527,38882.934947902875,16303.187729873296,-23.000255038115927,-1.1889027171151481,2.8356903380197416,8.8468922228561523e-05
695700.00000492437,37729.974665897331,18818.375017902785,-22.870862690591064,-1.3723113145322194,2.7516082630236625,0.00019898389095365641
696600.00000502914,36414.547885433873,21252.527622640973,-22.642310089945827,-1.5498097481704283,2.6556779512584789,0.00030874543173833451
697500.00000544824,34942.319787043896,23595.164365337387,-22.315489763491794,-1.7206335806118651,2.5483127301076971,0.00041727763130976344
698400.00000586733,33319.630833905911,25836.19836969133,-21.891720564889994,-1.8840471621547281,2.4299751877178801,0.00052410935254515185
699300.00000597211,31553.469426495576,27965.980512771224,-21.372742457554903,-2.0393468013994265,2.3011751734226347,0.0006287762712160372
700200.00000670552,29651.441761472408,29975.340987514002,-20.760709475491225,-2.1858637972604482,2.1624675941351872,0.00073082288534268936
701100.00000712462,27621.739037980409,31855.628783938977,-20.058180894081168,-2.3229673183355759,2.0144500172827753,0.00082980448785482475
702000.00000722939,25473.102135271751,33598.74894064344,-19.268110641671271,-2.4500671188237844,1.85776008944801,0.00092528909518878192
702900.00000701984,23214.783931779777,35197.197386990199,-18.393835001030531,-2.5666160779299774,1.6930727832473453,0.0010168593226324795
703800.00000743894,20856.50941634467,36644.093239008303,-17.439058647697237,-2.6721125528197298,1.5210974835520101,0.0011041141990997348
704700.00000722939,18408.433780828844,37933.208398727795,-16.407839089842287,-2.7661025342335033,1.3425749269561786,0.0011866709129769266
705600.00000670552,15881.098646247659,39058.994348435779,-15.304569562899516,-2.8481815969295443,1.1582740056779146,0.0012641664827706346
706500.00000649597,13285.386644222957,40016.606004141278,-14.133960463443715,-2.917996635153925,0.96898845214511531,0.0013362593442891081
707400.00000597211,10632.474535081918,40801.922538328959,-12.901019394454654,-2.9752473766848859,0.77553341754977201,0.0014026308483726737
708300.0000063912,7933.7850526467209,41411.565085029462,-11.611029899320375,-3.0196876692209975,0.57874195827227159,0.0014629866631697356
709200.00000649597,5200.9377177934139,41842.911241502057,-10.269528989393079,-3.0511265329797372,0.37946144785308322,0.0015170580742694486
710100.00000628643,2445.6987855547577,42094.106318123544,-8.8822835368588251,-3.0694289760941964,0.17854992653280005,0.0015646031784613684
711000.00000607688,-320.06941403196527,42164.07127735603,-7.4552656525214349,-3.0745165686127311,-0.023127592679133058,0.0016054079651408493
711900.00000586733,-3084.4595507839163,42052.507335470662,-5.9946271382417553,-3.0663677732937997,-0.224702847544763,0.0016392872815461847
712800.00000597211,-5835.5705541627294,41759.897205753063,-4.5066731259231645,-3.0450180317490725,-0.4253080629693205,0.0016660856776010678
713700.00000607688,-8561.5588391914098,41287.502979615652,-2.9978350123439252,-3.0105596057682522,-0.62407968431606886,0.0016856781269103461
714600.00000649597,-11250.689286039958,40637.360653967422,-1.4746427984441632,-2.9631411745156688,-0.82016209225342418,0.0016979706209193049
715500.00000660075,-13891.385739281013,39812.271331163654,0.056303043278740146,-2.9029671895841123,-1.0127112821648911,0.0017029006335376694
716400.00000701984,-16472.28082656952,38815.789127235381,1.5883600648978824,-2.830296990557851,-1.2008984936227083,0.0017004374542379692
717300.00000649597,-18982.264865910256,37652.205845346281,3.1148725737728458,-2.7454436852677473,-1.3839137732013422,0.0016905823878929302
718200.00000628643,-21410.533675498235,36326.53247178992,4.6292004914477944,-2.6487727989284768,-1.5609694571772317,0.0016733688200970148
719100.0000063912,-23746.635049004974,34844.477587386667,6.1247482001258415,-2.54070069892063,-1.731303556932472,0.0016488621472022919
720000.00000618165,-25980.513723087555,33212.422777547014,7.5949932701832612,-2.4216928012619063,-1.8941830345337136,0.0016171595706343514
720900.00000628643,-28102.55464117201,31437.39514403218,9.0335149454449475,-2.2922615662355299,-2.04890695429056,0.0015783897553080812
721800.00000576256,-30103.624305943587,29527.037053800745,10.434022249475248,-2.1529642929882842,-2.1948094952368233,0.0015327123528570002
722700.00000555301,-31975.11007840731,27489.573227773624,11.790381614846472,-2.0044007205243202,-2.3312628142316334,0.0014803173898702607
723600.00000597211,-33708.957221336292,25333.775336782677,13.09664389234379,-1.8472104472107325,-2.4576797449794223,0.0014214245228207484
724500.00000576256,-35297.703543010502,23068.92424835261,14.347070630030942,-1.682070179184421,-2.5735163224811934,0.0013562821611512496
725400.00000586733,-36734.511504020338,20704.77006696989,15.536159514030084,-1.5096908179774904,-2.6782741229077129,0.0012851664599769974
726300.00000597211,-38013.197619806313,18251.4901781519,16.658668832716479,-1.3308144026166633,-2.7715024066681058,0.0012083801860522073
727200.0000063912,-39128.259061765442,15719.645436878509,17.7096408738152,-1.1462109163758334,-2.8528000575415478,0.0011262514590200503
728100.00000618165,-40074.897320708369,13120.1347228912,18.684424126584094,-0.95667497434942284,-2.9218173078746936,0.0010391323727520318
729000.00000628643,-40849.038849610835,10464.148018798667,19.578694199869549,-0.76302240317786507,-2.9782572437088928,0.00094739750002571831
729900.00000607688,-41447.35257511778,7763.1182656368628,20.388473332989474,-0.56608673147352051,-3.0218770816879337,0.00085144228758049099
730800.00000618165,-41867.264224016413,5028.6721440113861,21.1101484248892,-0.36671560174992318,-3.0524892137316071,0.0007516813457274313
731700.00000628643,-42106.967385967044,2272.580045113511,21.740487472140522,-0.16576712314831787,-3.0699620136456525,0.00064854664135590389
732600.00000670552,-42165.431275273768,-493.2945908256695,22.276654344125159,0.035893822047993948,-3.0742204028729558,0.00054248560099381775
733500.00000712462,-42042.405153130465,-3257.0463275945608,22.716221811975192,0.23739930047506558,-3.0652461725079458,0.00043395913361888113
734400.00000722939,-41738.419393295946,-6006.7789701486981,23.057182766443059,0.43788206312739519,-3.0430780602855925,0.00032343958251875179
735300.00000701984,-41254.783185347987,-8730.6567618096688,23.297959564358603,0.63647927775743551,-3.0078115820976907,0.00021140861685020569
736200.00000712462,-40593.578886659423,-11416.955314965602,23.437411453928103,0.83233624163302744,-2.9595986188555394,9.8355074357519168e-05
737100.00000754371,-39757.653048292879,-14054.112060495105,23.474840041167404,1.024610058912822,-2.8986467605715385,-1.5227233181991777e-05
738000.00000796281,-38750.604152447122,-16630.776002030383,23.409992769228282,1.2124732669755833,-2.8252184104665545,-0.00012884173984353416
738900.00000743894,-37576.767116418101,-19135.856554006874,23.243064393129128,1.3951173955331455,-2.7396296531984534,-0.00024199135822126113
739800.00000754371,-36241.194623619769,-21558.57126775795,22.974696442865522,1.571756444223843,-2.6422488917345115,-0.00035418071328380518
740700.00000733417,-34749.635377794664,-23888.492208244901,22.605974681969318,1.7416302613706287,-2.5334952599994014,-0.00046491836391936137
741600.00000743894,-33108.509355843838,-26115.590822851296,22.138424574529846,1.9040078123639852,-2.4138368169283071,-0.00057371900232564964
742500.00000754371,-31324.880180514738,-28230.28107915285,21.574004788520401,2.058190321454251,-2.2837885308945047,-0.00068010561868498049
743400.00000733417,-29406.424725264136,-30223.460700922758,20.915098769947438,2.203514274582139,-2.143910062821837,-0.00078361162119322406
744300.00000806758,-27361.400080508392,-32086.550324899654,20.164504431524829,2.3393542704102401,-1.9948033575088255,-0.00088378290152924834
745200.00000785803,-25198.608039217655,-33811.530396325164,19.325422015058042,2.4651257064092755,-1.837110054764699,-0.00098017983579363967
746100.00000764849,-22927.357221988899,-35390.975675520043,18.401440176999852,2.5802872908245469,-1.6715087291723416,-0.0010723792140481137
747000.00000775326,-20557.423045636988,-36818.087170280291,17.396520381040265,2.6843433671655541,-1.4987119733794669,-0.0011599760886427705
747900.00000722939,-18099.005678681111,-38086.721385052777,16.314979662947486,2.7768460434182125,-1.3194633353627807,-0.0012425855356636153
748800.00000764849,-15562.686162239315,-39191.41675699909,15.16147184731107,2.8573971166542687,-1.1345341226379044,-0.0013198443228276044
749700.00000775326,-12959.380917796454,-40127.41715009894,13.940967318281428,2.9256497837769797,-0.94472008948710029,-0.0013914124768130453
750600.00000722939,-10300.294789563071,-40890.692331050705,12.658731415760574,2.981310132960497,-0.7508380178702001,-0.0014569747461781854
751500.00000764849,-7596.8728528676356,-41477.955321448782,11.320301566943774,3.0241384081827039,-0.55372220876351019,-0.0015162419537974726
752400.00000806758,-4860.7512052983593,-41886.676554249396,9.9314632604387931,3.0539500416692249,-0.3542208995778881,-0.0015689522342356005
753300.00000817236,-2103.7069101164961,-42115.094783583743,8.4982249478640082,3.0706164505712281,-0.1531926198523598,-0.0016148721528673391
754200.00000827713,662.39265719488594,-42162.224690057585,7.0267919991971866,3.0740655936632888,0.048497496656666444,-0.0016537977020793465
755100.0000083819,3425.6408545582985,-42027.861153313192,5.5235398181127673,3.0642822859768342,0.24998142873787038,-0.0016855551715338891
756000.000008801,6174.1429932881229,-41712.580172867194,3.9949862315997282,3.0413082699272795,0.45039199762329407,-0.0017100018895073157
756900.00000922009,8896.0675151893593,-41217.736431786652,2.4477632697939224,3.005242042452156,0.64886659433626448,-0.0017270268326953419
757800.00000901055,11579.69690033693,-40545.45751346559,0.88858845934188369,2.9562384387966243,0.84455088811580559,-0.0017365511022114776
758700.000008801,14213.478097766267,-39698.634793596502,-0.67576425449272748,2.8945079744239632,1.0366025008835,-0.0017385282640684032
759600.00000890577,16786.072248714157,-38680.911048112983,-2.2384938264295284,2.8203159478736994,1.224194631046198,-0.001732944552724374
760500.00000869622,19286.4034969643,-37496.664828785171,-3.7928015513332944,2.733981308173437,1.4065196117170393,-0.0017198189369156177
761400.000008801,21703.706683294473,-36150.991668024493,-5.3319205062652637,2.6358752911236785,1.5827923885862922,-0.0016992030473097137
762300.00000827713,24027.573698235556,-34649.682201940865,-6.8491448574304457,2.5264198307777082,1.7522539009823606,-0.0016711809662025737
763200.00000869622,26247.998323551165,-32999.197288668118,-8.3378589271263248,2.4060857515654748,1.9141743537324831,-0.0016358688796896993
764100.000008801,28355.419328869357,-31206.640251821471,-9.7915658716989746,2.2753907503719852,2.0678563627398594,-0.0015934145939127534
765000.00000922009,30340.761680878382,-29279.726339676203,-11.203915877098773,2.1348971750302219,2.2126379638033127,-0.0015439969166158641
765900.00000963919,32195.475652479614,-27226.749553572216,-12.568733729404187,1.9852096102920886,2.3478954690774207,-0.0014878249067635135
766800.00000942964,33911.573681683643,-25056.54697402129,-13.880045655325993,1.8269722805358639,2.4730461601020739,-0.0014251369948107741
767700.00000984874,35481.664816992983,-22778.460737015928,-15.132105316029495,1.6608662802418781,2.5875508053643768,-0.0013561999769888769
768600.00000963919,36898.986587329186,-20402.297841696025,-16.319418832816382,1.4876066453813179,2.69091599044055,-0.0012813078881283252
769500.00000942964,38157.434181149103,-17938.287931206458,-17.43676875493794,1.3079392760201705,2.7826962521561076,-0.0012007807566306722
770400.00000984874,39251.586786493528,-15397.039256140803,-18.479236849675207,1.1226377253912527,2.8624960058002422,-0.0011149632474511918
771300.00000995351,40176.730986559633,-12789.493001209947,-19.442225622684536,0.93249986861471235,2.9299712575563341,-0.0010242231984229882
772200.00000974396,40928.881112102579,-10126.876161102744,-20.321478478948272,0.73834446465898163,2.9848310948048624,-0.00092895005558550983
773100.00001016306,41504.796455352647,-7420.6531794184712,-21.113098431211032,0.54100762719111761,3.0268389472097321,-0.00082955321436481183
774000.00000963919,41901.995269567618,-4682.4765738849919,-21.813565271327015,0.34133922066574551,3.0558136129272806,-0.0007264602741211977
774900.00000942964,42118.765502432056,-1924.1367156368799,-22.419751142534484,0.1401991939765031,3.0716300460480896,-0.00062011521174606488
775800.00000922009,42154.172203567039,842.48896382390888,-22.928934427348374,-0.061546128273040804,3.0742199008176034,-0.0005109764841110773
776700.00000963919,42008.061582665978,3605.4871581373359,-23.338811901791651,-0.26302778364809692,3.0635718308430113,-0.00039951506598509112
777600.00000942964,41681.061696910547,6352.9600251554129,-23.647509097182741,-0.46337792136432826,3.039731541668282,-0.00028621243243749271
778500.00000953441,41174.579763349902,9073.0764717569909,-23.853588825261639,-0.66173354808703044,3.0028015963605585,-0.00017155849377877203
779400.00000932487,40490.796109948453,11754.123138363699,-23.956057825306925,-0.85724025197158449,2.9529409750850348,-5.6049492879547707e-05
780300.000008801,39632.654788966829,14384.55488812478,-23.954371506214855,-1.0490558905884257,2.8903643903914409,5.9814127147829077e-05
781200.00000859145,38603.850893264011,16953.044569413501,-23.848436759180782,-1.2363542257293021,2.815341361188457,0.00017552987522540439
782100.0000083819,37408.814634312534,19448.531829942796,-23.638612828171635,-1.4183284888013128,2.7281950497283614,0.00029059537497582247
783000.00000848668,36052.692243764461,21860.270790452309,-23.325710232230897,-1.5941948626843883,2.6293008661635806,0.00040451052932300168
783900.00000859145,34541.323789183843,24177.876351012088,-22.910987743130843,-1.763195863391904,2.5190848473513685,0.00051677967678007814
784800.0000083819,32881.217993922779,26391.368944771843,-22.396147428933588,-1.9246036079326863,2.3980218165506146,0.0006269137308264085
785700.000008801,31079.524171614081,28491.21754017776,-21.783327782767724,-2.0777229537790931,2.2666333321619136,0.00073443229293825647
786600.00000859145,29144.001404247818,30468.380698380133,-21.075094967275973,-2.2218944957764792,2.1254854350213086,0.00083886572980469113
787500.00000869622,27082.985080882816,32314.345528102611,-20.27443220501701,-2.3564974089375212,1.9751862028973795,0.00093975720682301753
788400.000008801,24905.350965494599,34021.164343567878,-19.384727366797872,-2.4809521229074893,1.8163831245995432,0.0010366646678171194
789300.00000890577,22620.476926157851,35581.488892636327,-18.409758801050305,-2.5947228183933917,1.6497603034615247,0.001129162753850551
790200.0000083819,20238.20250976934,36988.60198965203,-17.353679470115274,-2.6973197334862689,1.4760355037579229,0.0012168446520127605
791100.00000848668,17768.786520938189,38236.446429669944,-16.220999452878914,-2.7883012708997681,1.2959570517448651,0.0012993238670764343
792000.00000922009,15222.862811304281,39319.651045804996,-15.016566896760628,-2.8672758960771776,1.1103006064855836,0.0013762359076982507
792900.00000963919,12611.394448338808,40233.553812437764,-13.745547489057234,-2.9339038191255762,0.91986581290176983,0.0014472398809651998
793800.00000911532,9945.6264688456795,40974.221888704909,-12.413402536113054,-2.9878984529462809,0.72547285211982804,0.0015120199882800566
794700.00000922009,7237.0374221210614,41538.468515814835,-11.02586574217781,-3.0290276413394497,0.52795890415053981,0.0015702869163459812
795600.00000932487,4497.2899290634787,41923.866694025244,-9.5889187938660392,-3.0571146517706453,0.32817453948265668,0.0016217791172177763
796500.00000942964,1738.1804351235237,42128.759590106762,-8.1087658341403337,-3.072038929319973,0.12698005262549869,0.0016662639730176539
797400.00000890577,-1028.4115935244824,42152.267622943422,-6.5918069486126418,-3.0737366081121937,-0.074758244168512095,0.0017035388398304843
798300.00000901055,-3790.5748356607151,41994.292201587668,-5.0446107619843161,-3.0622007784762597,-0.27617175276025163,0.0017334319670559207
799200.00000911532,-6536.4173950439445,41655.516099705113,-3.4738862732774569,-3.0374815087874292,-0.47639332850417532,0.0017558032881561483
800100.00000922009,-9254.1180036019923,41137.400466524217,-1.8864540306863826,-2.9996856221242219,-0.67456101322496076,0.0017705450800795783
801000.00000963919,-11931.976908447697,40442.178487270467,-0.28921677596038697,-2.9489762288074108,-0.86982174437140602,0.0017775824884609796
801900.00001005828,-14558.466226215227,39572.845722966471,1.3108703209349675,-2.8855720171135641,-1.0613350246133084,0.0017768739165950741
802800.00001016306,-17122.279556291058,38533.147170117263,2.9068297182247935,-2.8097463052212177,-1.248276536754547,0.0017684112766086549
803700.00001058215,-19612.380635875361,37327.561096347818,4.4916917230636759,-2.7218258585683373,-1.4298416882221354,0.0017522201016395198
804600.00001100125,-22018.050819230215,35961.279726961729,6.0585247455013942,-2.6221894781620119,-1.605249069362777,0.0017283595184309005
805500.00001142034,-24328.935193334859,34440.186859708432,7.6004654697677685,-2.5112663655320344,-1.7737438119667885,0.0016969220800525154
806400.0000112108,-26535.087118822819,32770.832510456166,9.1107488086113673,-2.3895342718530141,-1.9346008327443394,0.0016580334589741846
807300.00001100125,-28627.011017924589,30960.40469136757,10.582737523524084,-2.257517438658315,-2.0871279488773187,0.0016118520008738706
808200.00001047738,-30595.703209564053,29016.698454827045,12.009951374814481,-2.1157843398559728,-2.2306688511960555,0.0015585681403169093
809100.00000995351,-32432.690633952181,26948.082323720329,13.38609568937223,-1.9649452338135902,-2.3646059236013026,0.0014984036792266018
810000.00001037261,-34130.067289278682,24763.462260591263,14.705089215634521,-1.8056495365879779,-2.4883628959027373,0.0014316109298502767
810900.00000984874,-35680.528222205234,22472.243337379408,15.961091142163014,-1.6385830280275955,-2.60140731862445,0.0013584717243121153
811800.00001026783,-37077.400950505136,20084.289236293054,17.148527179672808,-1.4644649001907504,-2.7032528509821883,0.0012792962918464906
812700.00001037261,-38314.674140288997,17609.879815095523,18.262114555162501,-1.284044665002761,-2.793461349140987,0.0011944220081063503
813600.00001016306,-39387.023459802578,15059.666855148165,19.296885839351198,-1.0980989296889445,-2.8716447490979067,0.0011042120174756989
814500.00000963919,-40289.834468567911,12444.628225310973,20.248211471184913,-0.90742805688698325,-2.9374667339025464,0.0010090537331758419
815400.00000942964,-41019.222455153016,9776.0206424937805,21.111820879979042,-0.71285272253174026,-2.9906441788800722,0.00090935721865667693
816300.00000922009,-41572.049136450878,7065.3312351903614,21.883822098821586,-0.51521038647606832,-3.030948368470745,0.00080555345504731133
817200.00000963919,-41945.936147651722,4324.228113850716,22.560719770311191,-0.31535169064280621,-3.058205979469923,0.00069809249993412815
818100.00000911532,-42139.275263152456,1564.5101689419751,23.139431447310944,-0.1141368007579245,-3.0722998262442056,0.00058744154409413689
819000.00000859145,-42151.235306379058,-1201.9437084750696,23.617302104600505,0.087568294164673335,-3.07316936478174,0.00047408287262456394
819900.0000083819,-41981.765714901063,-3963.225731167161,23.992116771657749,0.28889550619300497,-3.0608109530427559,0.00035851174014203116
820800.00000848668,-41631.596749453965,-6707.4504545066802,24.262111219995163,0.48897838279806083,-3.0352778666981202,0.00024123416831985439
821700.00000859145,-41102.236344110112,-9422.8059162574209,24.42598063699441,0.68695583409102012,-2.9966800699791833,0.00012276467677706048
822600.00000869622,-40395.963609699436,-12097.604466402187,24.482886232075831,0.88197583755861098,-2.945183742457131,3.6239584867151947e-06
823500.000008801,-39515.819021070201,-14720.333052664168,24.432459729962222,1.0731991031625394,-2.8810105639343195,-0.00011566348710311305
824400.00000922009,-38465.591327639544,-17279.702761841232,24.274805719839353,1.2598026841752563,-2.8044367602954834,-0.00023457175062320353
825300.00000963919,-37249.801246363531,-19764.697391323309,24.010501839692374,1.4409835172454126,-2.7157919146231002,-0.0003525759245148979
826200.00000911532,-35873.682005933908,-22164.620848632636,23.640596788750436,1.6159618769012747,-2.6154575486088274,-0.00046915451589734562
827100.00000890577,-34343.156820354452,-24469.143181686308,23.166606171514029,1.7839847300634371,-2.5038654799951869,-0.00058379184643208432
828000.0000083819,-32664.813406170106,-26668.345013243244,22.590506196804125,1.944328974019885,-2.3814959644335487,-0.00069598042341981333
828900.00000817236,-30845.875630038929,-28752.760228532723,21.914725256904841,2.0963045468405199,-2.2488756281476099,-0.00080522327008610516
829800.00000859145,-28894.172427504411,-30713.416700372381,21.14213343557795,2.2392573945112093,-2.1065752017503385,-0.000911036200096454
830700.0000083819,-26818.104122412653,-32541.874888423135,20.276029999802454,2.372572282903981,-1.9552070647336994,-0.001012950024246764
831600.00000785803,-24626.606278028521,-34230.264157886166,19.320128935481719,2.4956754433514248,-1.7954226102654902,-0.0011105126783257906
832500.00000827713,-22329.111256616165,-35771.316639972923,18.278542611727293,2.6080370389369745,-1.6279094432520886,-0.0012032912603938126
833400.0000083819,-19935.507648167175,-37158.398498710048,17.155763658073717,2.7091734417075113,-1.4533884234397396,-0.0012908739684674765
834300.00000848668,-17456.097722496954,-38385.538481453063,15.956645138435478,2.7986493119607827,-1.2726105648375987,-0.001372871930978674
835200.00000859145,-14901.55311810903,-39447.453610126286,14.686379136050302,2.8760794692830416,-1.086353807039097,-0.0014489209214870581
836100.0000083819,-12282.868934077769,-40339.57191904114,13.350473844930923,2.9411305485750883,-0.89541967055684102,-0.0015186829523490305
837000.00000817236,-9611.3164351387386,-41058.052133847632,11.954729285596548,2.9935224334778088,-0.70062981146569525,-0.0015818477415174615
837900.00000890577,-6898.394564634852,-41599.800210797897,10.505211757067245,3.0330294613955275,-0.50282248949195818,-0.0016381340482322401
838800.0000083819,-4155.7804947397153,-41962.48266124331,9.0082271564020999,3.0594813947209323,-0.30284896620033147,-0.0016872908734125234
839700.00000817236,-1395.2793751042366,-42144.536613830991,7.4702932613381057,3.0727641548568538,-0.1015698449336755,-0.00172909852268595
840600.00000827713,1371.2264340168831,-42145.176557742103,5.8981111393301235,3.0728203149443796,0.10014862674652009,-0.001763369528083943
841500.0000083819,4131.8284847826626,-41964.397749149321,4.2985357792249781,3.0596493500161732,0.30143828061776351,-0.0017899494275642695
842400.000008801,6874.6434753734811,-41602.976260353047,2.6785460887015224,3.0333076430718853,0.50143275957280586,-0.0018087174002100537
843300.00000827713,9587.8643731008251,-41062.465673562692,1.0452143890455188,2.9939082471897516,0.69927124161905729,-0.0018195867560200332
844200.00000806758,12259.811229704546,-40345.19042936121,-0.59432447463339377,2.9416204043542002,0.89410214183450698,-0.0018225052796241197
845100.00000817236,14878.98143412746,-39454.235863863003,-2.2329042540939903,2.8766688234055824,1.0850867738192029,-0.00181745542732457
846000.00000796281,17434.099220867574,-38393.434971874129,-3.8633585376820787,2.7993327197401046,1.271402957477167,-0.0018044543776688344
846900.0000083819,19914.16421190952,-37167.351950596807,-5.4785519722342624,2.7099446206287841,1.4522485570232371,-0.0017835539357607308
847800.000008801,22308.498763522955,-35781.262603924231,-7.0714113227856981,2.6088889418714407,1.6268449326005128,-0.0017548402922937534
848700.00000922009,24606.793948242681,-34241.131676382647,-8.6349562614843887,2.4966003406923987,1.7944402931772239,-0.0017184336383664
849600.00000901055,26799.153947386698,-32553.587224245988,-10.162329739656991,2.373561852584793,1.9543129343622976,-0.0016744876379087461
850500.000008801,28876.13867763021,-30725.892125482158,-11.646827825439944,2.2403028193822303,2.1057743482684872,-0.0016231887597554389
851400.00000859145,30828.804455098943,-28765.912859373715,-13.08192887311094,2.0973966179677146,2.2481721910676402,-0.0015647554722627412
852300.00000901055,32648.742535360976,-26682.085678800686,-14.461321911318313,1.9454581984637977,2.3808930964080481,-0.0014994373033746966
853200.000008801,34328.115350567743,-24483.380330647586,-15.778934122100162,1.7851414431256869,2.503365321595564,-0.0014275137701290376
854100.00000827713,35859.690300760638,-22179.261464543117,-17.028957305225475,1.6171363560594831,2.6150612160313966,-0.0013492931813430379
855000.00000806758,37236.870938079905,-19779.647911515876,-18.205873204891375,1.4421660969195007,2.7154995000517799,-0.0012651113187059748
855900.00000785803,38453.725416053094,-17294.870001431966,-19.304477596664121,1.2609838708280316,2.8042473447414729,-0.0011753300013675337
856800.00000764849,39505.01208313027,-14735.62509606085,-20.319903034904527,1.0743696873607791,2.8809222437938788,-0.001080335539532289
857700.00000712462,40386.202102573188,-12112.931540934615,-21.247640157989199,0.88312700337896366,2.9451936686987921,-0.00098053708372665849
858600.00000691507,41093.499007224833,-9438.0812185241612,-22.083557466760347,0.68807926300310063,2.9967845004623959,-0.00087636487587949255
859500.00000670552,41623.855096067833,-6722.5909272294075,-22.823919483609238,0.49006635110294372,3.035472230945758,-0.00076826841013470073
860400.0000068103,41974.984608191458,-3978.1527755948009,-23.465403221404042,0.28994097413824166,3.0610899290044054,-0.00065671451022030424
861300.00000660075,42145.373611608971,-1216.5838213204488,-24.005112885770554,0.088564985130819132,3.0735269667493426,-0.00054218533195149292
862200.0000063912,42134.286565917755,1550.2248424993145,-24.440592750703484,-0.11319433241391179,3.0727295028289623,-0.0004251762986043114
863100.0000068103,41941.769527372962,4310.359318904716,-24.769838147536305,-0.31446800442761058,3.0587007203390542,-0.00030619397843041938
864000.00000722939,41568.649984430158,7051.9342380182397,-24.991304520978808,-0.51438911403458543,3.0315008184005903,-0.0001857539131615327
864900.00000670552,41016.533322059142,9763.1439805476984,-25.103914513477509,-0.71209654196092209,2.9912467572051251,-6.4378406033639693e-05
865800.00000649597,40287.795927644205,12432.31356129401,-25.107063043263295,-0.90673868253293566,2.9381117574002138,5.7405720835034373e-05
866700.00000660075,39385.574973308103,15047.948937312056,-25.000620353620057,-1.0974771179888052,2.8723245563087865,0.00017906938944959591
867600.00000670552,38313.754913547658,17598.786550462348,-24.784933020331284,-1.2834902371097625,2.7941684237880362,0.00030008354088421191
868500.00000649597,37076.950757286562,20073.841876357008,-24.460822909871037,-1.4639767814222853,2.703979942024604,0.00041992141184712424
869400.00000597211,35680.488186275747,22462.456770761466,-24.029584091332687,-1.6381593036115039,2.6021475545152684,0.00053806080316018781
870300.00000576256,34130.380606828126,24754.345406776578,-23.492977714164606,-1.8052875229523186,2.4891098905975726,0.00065398633033051734
871200.00000555301,32433.30323495323,26939.638604221404,-22.853224872670705,-1.9646415631587633,2.3653538728656112,0.00076719164654855067
872100.00000597211,30596.564321210146,29008.9263668682,-22.112997484152693,-2.1155350590957922,2.2314126152787308,0.00087718162895039772
873000.00000576256,28628.073652856503,30953.298426872421,-21.275407223209228,-2.257318117616637,2.0878631220661257,0.00098347451789198822
873900.00000555301,26536.308446688367,32764.382647774095,-20.343992548976207,-2.3893801215935508,1.9353237957815113,0.0010856040014652702
874800.00000534346,24330.276807594164,34434.381088770133,-19.322703890316397,-2.5111523626727794,1.7744517673694522,0.0011831212346641873
875700.00000513392,22019.478894052267,35956.103595475637,-18.215887044350652,-2.6221104928577699,1.6059400586521049,0.0012755967856604373
876600.00000523869,19613.865958848786,37322.998768600592,-17.028264857386031,-2.7217767840352409,1.4305145896271152,0.0013626225007328076
877500.00000565778,17123.797453618834,38529.182169675783,-15.764917270523684,-2.8097221851382845,1.2489310444569246,0.0014438132794745504
878400.00000513392,14559.996373212045,39569.461650093232,-14.431259809332284,-2.8855681686380938,1.0619716091154765,0.0015188087532100789
879300.00000555301,11933.50302417791,40439.359695410043,-13.033020602843139,-2.9489883584898973,0.87044159426512768,0.0015872748596981805
880200.00000597211,9255.6274580674744,41135.132674009845,-11.576216049815637,-2.9997099314710152,0.67516596104844739,0.0016489053064080966
881100.00000576256,6537.9007191612909,41653.786930658898,-10.067125205297053,-3.0375147876198483,0.47698576083312172,0.0017034229179435597
882000.00000555301,3792.0251535445614,41993.091639351427,-8.5122630133977459,-3.0622404835983943,0.27675450703708965,0.0017505808609189393
882900.00000565778,1029.8239935842685,42151.588365048352,-6.9183524987835598,-3.0737809253868864,0.075334494753762943,0.0017901637414927092
883800.00000544824,-1736.8095766971926,42128.597296903208,-5.2922960266023695,-3.0720868176834233,-0.1264069167405657,0.0018219885714228338
884700.00000555301,-4495.9636560599174,41924.220124742453,-3.6411457502760909,-3.0571658680654541,-0.32760104252530409,0.001845905598733586
885600.00000565778,-7235.7589211228869,41539.339548057367,-1.9720733812432818,-3.0290827452579969,-0.52738161411762141,0.0018617989995865312
886500.00000513392,-9944.399785425654,40975.615420664843,-0.2923393922351048,-2.987958791876165,-0.72488851071716409,0.001869587429028518
887400.00000555301,-12610.225188553575,40235.477547336617,1.3907382101404826,-2.9339714929740883,-0.91927146253782877,0.001869224428378245
888300.00000565778,-15221.758783320927,39322.115170305675,3.0698154051056559,-2.8673537033101977,-1.109693709314707,0.0018606986879173193
889200.00000544824,-17767.758339748416,38239.463183732187,4.7375538607376635,-2.7883926362492586,-1.2953356007985861,0.0018440341640911845
890100.00000492437,-20237.264125126461,36992.185141695125,6.3866526716553178,-2.6974286192200307,-1.4753981217398295,0.0018192900508154852
891000.00000502914,-22619.646059318835,35585.653134008964,8.0098800042192941,-2.5948536212738085,-1.6491063267931247,0.0017865606052183533
891900.00000450527,-24904.649442364233,34025.924618961333,9.6001045179121611,-2.4811095593540546,-1.8157126706427102,0.0017459748286211432
892800.00000429573,-27082.439072587851,32319.716303522462,11.15032644302145,-2.3566863899755872,-1.9745002202085329,0.0016976960037000553
893700.00000408618,-29143.641539486885,30474.375200809227,12.653708167674811,-2.2221199958519846,-2.1247857333336113,0.0016419210898673225
894600.00000450527,-31079.385536405931,28497.846973151183,14.103604225301458,-2.0779898754232113,-2.2659225927935278,0.0015788799784696248
895500.00000429573,-32881.339998966643,26398.641714352401,15.493590542196207,-1.9249166465100949,-2.3973035816282056,0.001508834610645039
896400.0000044005,-34541.749930409052,24185.797295064611,16.817492840487724,-1.7635593731321049,-2.5183634898219567,0.0014320779597646895
897300.00000450527,-36053.469733301805,21868.840456728503,18.06941405583958,-1.5946127289869885,-2.6285815393140051,0.0013489328822761507
898200.00000523869,-37409.993925667251,19457.745800637673,19.243760667810676,-1.4188040082294056,-2.7274836185849414,0.0012597508394744058
899100.00000502914,-38605.48509934757,16962.89286185263,20.335267819888397,-1.2368899973116074,-2.8146443165770192,0.0011649104940852741
900000.00000450527,-39634.79901145849,14395.021433815029,21.339023126908788,-1.0496537198888503,-2.8896887480959301,0.0010648161846456871
900900.00000429573,-40493.506688698079,11765.185357658027,22.250489050902178,-0.85790107028763152,-2.9522941620125742,0.0009598962824362993
901800.00000377186,-41177.913457337185,9084.7049663053713,23.065523746834195,-0.6624573492812541,-3.0021913259693243,0.00085060143494651152
902700.00000387663,-41685.074820731767,6365.118371069675,23.780400282508481,-0.46416371573803744,-3.0391656819263617,0.00073740269982277618
903600.0000039814,-42012.809106822839,3618.1318322617944,24.391824126187522,-0.26387357163030817,-3.0630582669026283,0.00062078957570546427
904500.0000044005,-42159.70684084516,855.56939324905863,24.896948821693702,-0.062448893371295534,-3.0737663956279531,0.00050126793425936443
905400.00000481959,-42125.136796924729,-1910.6779860580782,25.293389758777064,0.13924347342005405,-3.0712441016863914,0.00037935786054217862
906300.00000461005,-41909.248704643054,-4668.7035803730078,25.579235960900071,0.34033554007465899,-3.0555023353427235,0.00025559140878374725
907200.00000471482,-41512.972597861117,-7406.636127878759,25.753059819125564,0.5399619069316578,-3.0266089170446859,0.00013051028108248741
908100.00000513392,-40938.014808983397,-10112.690895923346,25.813924704376454,0.73726348379316353,-2.9846882467398794,4.6634390357627061e-06
909000.00000555301,-40186.850626168889,-12775.220379242075,25.761390404398487,0.93139118390929876,-2.9299207701841805,-0.00012139534216593739
909900.00000534346,-39262.713643103176,-15382.764412670058,25.595516337789697,1.1215095756061202,-2.8625422043005284,-0.00024710996588600943
910800.00000513392,-38169.581845905479,-17924.099481007172,25.316862508317939,1.3068004757001188,-2.7828425247424327,-0.00037192453994300246
911700.00000523869,-36912.160501299644,-20388.287003651942,24.926488176459877,1.4864664684578959,-2.6911647202523161,-0.00049528592231076198
912600.00000502914,-35495.861915646252,-22764.720399750815,24.425948236165304,1.6597343358970413,-2.5879033188177427,-0.00061664627291050874
913500.00000513392,-33926.782149790888,-25043.170730264384,23.817287297012442,1.8258583845337535,-2.4735026917660052,-0.00073546559641463906
914400.00000492437,-32211.674795717288,-27213.830710125643,23.103031489086025,1.9841236534432354,-2.3484551434905554,-0.00085121426000443756
915300.00000502914,-30357.921920739827,-29267.356913008196,22.286178017509489,2.1338489906388793,-2.2132987945045293,-0.00096337547096300811
916200.00000481959,-28373.502311277265,-31194.909976478091,21.37018251283957,2.2743899837065928,-2.068615267453807,-0.0010714476979219189
917100.00000492437,-26266.957144613451,-32988.192644506104,20.358944231253513,2.405141732769128,-1.9150271854743834,-0.0011749470210615932
918000.00000502914,-24047.353246130704,-34639.48547295259,19.256789179697694,2.5255414530392963,-1.7531954944128039,-0.0012734093961200587
918900.00000481959,-21724.244080709785,-36141.680054012679,18.068451245245672,2.6350708964503879,-1.5838166197973609,-0.0013663928191143323
919800.00000461005,-19307.628649774288,-37488.309611789497,16.799051425414174,2.7332585815893893,-1.4076194711141108,-0.0014534793790229061
920700.00000471482,-16807.908474381595,-38673.576835805339,15.454075267315568,2.8196818222417073,-1.2253623065928405,-0.0015342771871171839
921600.00000450527,-14235.842848059938,-39692.378835046336,14.039348630571279,2.8939685460214646,-1.0378294719442047,-0.0016084221732463524
922500.0000039814,-11602.50254256721,-40540.329108644124,12.561011892417071,2.9557988955582624,-0.84582802644256505,-0.0016755797409438219
923400.00000408618,-8919.2221767318042,-41213.776432510371,11.025492731325226,3.0049066049545377,-0.65018427170455206,-0.0017354462739771022
924300.00000387663,-6197.5514614039612,-41709.820581491862,9.4394776304640562,3.0410801457095973,-0.45174019870790649,-0.0017877504886619619
925200.0000039814,-3449.2054932587062,-42026.324827998513,7.8098822204384373,3.0641636378670718,-0.25134986564162082,-0.0018322546283718625
926100.0000044005,-686.01436179181144,-42161.925150840405,6.1438206344645785,3.0740575216138186,-0.049875725840571594,-0.0018687554959061273
927000.00000450527,2080.1277522527375,-42116.036124831706,4.4485740006118473,3.0707189872368277,0.1518150812361522,-0.0018970853224069464
927900.00000492437,4837.3137598009744,-41888.853460966864,2.7315582236500737,3.0541621612802472,0.3528544594670513,-0.0019171124712182694
928800.00000502914,7573.6748916674087,-41481.353187331719,1.0002912154388757,3.0244580482163754,0.5523770888229268,-0.0019287419760419555
929700.00000513392,10277.431775039313,-40895.287474134129,-0.73764029117108798,2.9817342278940848,0.74952414712115722,-0.0019319159137939983
930600.00000461005,12936.945119458276,-40133.177121803623,-2.4746141842747016,2.9261743101470059,0.94344700344932253,-0.0019266136127305466
931500.00000471482,15540.765816517216,-39198.300739866143,-4.2030065369935956,2.8580171485657395,1.1333108690649849,-0.0019128516971252351
932400.00000481959,18077.684206492355,-38094.680670959235,-5.9152251267783829,2.777555817365557,1.3182983878589367,-0.001890683970213196
933300.00000492437,20536.778334387724,-36827.065711049807,-7.6037427874617691,2.6851363550247611,1.4976131535150092,-0.0018602011374787223
934200.00000534346,22907.460965476021,-35400.910705606402,-9.2611304368022473,2.581156280446121,1.6704831366718496,-0.0018215303728193089
935100.00000481959,25179.525164991548,-33822.353107932562,-10.880089643645919,2.4660628878522357,1.8361640079028378,-0.0017748347305196947
936000.00000492437,27343.188254636865,-32098.186592878443,-12.453484603677117,2.340351327126502,1.9939423429018517,-0.0017203124061109037
936900.00000502914,29389.133933506466,-30235.831854750544,-13.974373372980565,2.2045624788995988,2.1431386944213195,-0.0016581958502833887
937800.00000544824,31308.552409239845,-28243.304696327014,-15.436038247980747,2.0592806320788397,2.2831105197383064,-0.0015887507394447982
938700.00000523869,33093.178346426314,-26129.181560222369,-16.832015150543366,1.905130974748044,2.4132549495799398,-0.0015122748079033025
939600.00000502914,34735.326486554513,-23902.56263233865,-18.156121909272919,1.7427769077980191,2.5330113878704585,-0.0014290965460326259
940500.00000450527,36227.924762040791,-21573.032701776483,-19.402485300830328,1.5729171946344593,2.6418639293303219,-0.0013395737707701024
941400.00000429573,37564.544786070255,-19150.619916563897,-20.565566757787245,1.3962829570333943,2.7393435862598268,-0.0012440920732936143
942300.00000471482,38739.429568614694,-16645.75263331359,-21.64018662180229,1.2136345315058594,2.8250303135379657,-0.001143063150964457
943200.00000513392,39747.518345810211,-14069.214539245475,-22.62154684612592,1.0257581991086899,2.8985548235394569,-0.0010369230300734035
944100.00000555301,40584.468417584183,-11432.098231133223,-23.505252055066766,0.83346280209606249,2.9596001832239156,-0.00092613018625020791
945000.00000534346,41246.673892021878,-8745.7574646412013,-24.28732886594009,0.63757626292707137,3.0079031859041434,-0.00081116357073001582
945900.00000544824,41731.281260545547,-6021.758263914704,-24.964243397792455,0.43894201943746097,3.043255492058965,-0.0006925205498717335
946800.00000492437,42036.201729969493,-3271.8291246508848,-25.532916886091002,0.23841539316053548,3.0655045336955964,-0.00057071476732524213
947700.00000471482,42160.120264372075,-507.81049352833361,-25.990739345862835,0.036859904126187705,3.0745541787235831,-0.00044627393626596495
948600.00000513392,42102.501290536304,2258.3962255242018,-26.335581216623098,-0.16485644958774481,3.0703651518602131,-0.00031973757222615996
949500.00000523869,41863.591046353707,5014.8799367887887,-26.565802944838094,-0.36586493283850474,3.0529552104585442,-0.00019165467513381301
950400.00000534346,41444.41655784208,7749.7711790929297,-26.680262461981719,-0.56529981951980535,3.0223990741087632,-6.2581369703888654e-05
951300.00000544824,40846.781249954896,10451.29326048013,-26.678320522424539,-0.76230212531100461,2.9788281082928356,6.6921484522107445e-05
952200.00000555301,40073.257208637166,13107.813008032415,-26.559843881004436,-0.95602331291737352,2.9224297632755341,0.00019629070471781612
953100.00000597211,39127.174127655286,15707.890899124888,-26.325206294396349,-1.1456289526755492,2.8534467705963813,0.00032496320706132962
954000.00000576256,38012.604987104598,18240.330362201854,-25.975287341606247,-1.3303023229766497,2.7721761005141285,0.00045237842974295907
954900.00000649597,36734.3485199118,20694.226042248116,-25.511469065647752,-1.5092479354656703,2.6789676844550709,0.00057798074684079273
955800.00000628643,35297.908557270079,23059.010789639982,-24.935630455041043,-1.6816949673062169,2.5742229090559903,0.00070122186113634509
956700.0000063912,33709.470314344762,25324.50122530336,-24.250139778127135,-1.8469005896655164,2.4583928862504578,0.00082156316851782186
957600.00000649597,31975.873750244413,27480.941622221009,-23.457844813184344,-2.00415317333833,2.3319765091627773,0.00093847808065630094
958500.00000628643,30104.584093865997,29519.045958762876,-22.562061006654677,-2.1527753608442839,2.1955183005014494,0.0010514542983259003
959400.00000670552,28103.659667804575,31430.037946798137,-21.566557610038355,-2.2921269905043244,2.049606063121943,0.0011599960248811546
960300.00000712462,25981.717163577076,33205.688848684018,-20.475541860865235,-2.421607858817779,1.894868343983287,0.0012636261096638467
961200.00000722939,23747.894495432152,34838.352943982529,-19.293641263335001,-2.5406603108777341,1.7319717208471861,0.0013618881135031597
962100.00000670552,21411.811411603463,36321.000472595522,-18.025884052052522,-2.6487716460806623,1.5616179248479316,0.0014543482863493315
963000.00000649597,18983.528021209517,37647.247922766815,-16.677677915173199,-2.7454763294438433,1.3845408105719128,0.0015405974491976961
963900.00000628643,16473.501433928752,38811.385521966004,-15.254787076489908,-2.8303579980983171,1.2015031881389397,0.0016202527715661124
964800.0000063912,13892.540674039577,39808.401827564005,-13.76330781910602,-2.9030512553789567,1.0132935291987646,0.0016929594379416276
965700.00000586733,11251.760095059024,40634.00529457839,-12.209642571548954,-2.9632432435217479,0.82072256348027572,0.0017583921950370758
966600.00000597211,8562.5314593642215,41284.642743754877,-10.600472644677042,-3.0106749893532561,0.624619778027658,0.001816256774460749
967500.00000607688,5836.4349381674328,41757.514633439743,-8.9427297626018252,-3.045142515936162,0.42582983789636286,0.0018662911835531332
968400.00000618165,3085.2091932044218,42050.5870863491,-7.2435664782494378,-3.066497716632878,0.22520894022611332,0.0019082668603253498
969300.00000597211,320.70079665849079,42162.600608144217,-5.5103256225037089,-3.074648987038624,0.023621120543570271,0.0019419896868053382
970200.00000607688,-2445.1868195106572,42093.075466949325,-3.750508899226197,-3.0695616126087226,-0.17806547462646982,0.0019673008572736088
971100.00000618165,-5200.5446387944785,41842.313709295588,-1.9717447741963872,-3.0512579102905337,-0.37898233077345739,0.0019840775976077418
972000.00000597211,-7933.5093657723064,41411.397805944864,-0.18175577586905825,-3.019817123801142,-0.57826430976907772,0.0019922337333299111
972900.0000063912,-10632.314522596409,40802.185932824475,1.6116746436066562,-2.9753750730691522,-0.77505337803090957,0.0019917201040309585
973800.00000649597,-13285.341108397333,40017.303913033276,3.4007355429330413,-2.9181235598852862,-0.96850230179293983,0.0019825248229221647
974700.00000628643,-15881.167635077865,39060.133848923586,5.1776221031841478,-2.8483095320393343,-1.1577782958380756,0.0019646733808188505
975600.00000670552,-18408.619290558534,37934.799500412795,6.9345692541927955,-2.7662340102077718,-1.3420666075248386,0.0019382285944507395
976500.0000068103,-20856.81603024602,36646.148473727721,8.6638851837801809,-2.6722507824450874,-1.5205740215938133,0.0019032903998389698
977400.00000660075,-23215.219398486239,35199.731293865385,10.357984596862698,-2.5667648717910638,-1.6925322713407094,0.0018599954918497267
978300.0000063912,-25473.677869664429,33601.777454617091,12.00942158057518,-2.4502307839977355,-1.8572013408893435,0.001808516811783536
979200.00000618165,-27622.470509539256,31859.168555508739,13.610921935866733,-2.3231505434973632,-2.0138726441216472,0.001749062885587425
980100.00000660075,-29652.348785026552,29979.408632468519,15.155414853320657,-2.1860715255295085,-2.1618720678611152,0.0016818770153048026
981000.00000701984,-31554.576328510357,27970.591820897924,16.636063791840634,-2.0395840946469312,-2.3005628653134953,0.0016072363274723454
981900.00000712462,-33320.96649789923,25841.36748258799,18.046296441277665,-1.8843190592665671,-2.4293483883481408,0.001525450681998685
982800.00000722939,-34943.917566029137,23600.902951147127,19.37983364104015,-1.7209449535968049,-2.5476746466606737,0.001436861445839236
983700.00000764849,-36416.445390171401,21258.844056047161,20.63071713565493,-1.550165158638275,-2.6550326831157554,0.00134184013595623
984600.00000806758,-37732.213419614214,18825.273600823024,21.793336049289778,-1.372714875048896,-2.7509607550957975,0.001240786936570032
985500.00000817236,-38885.559922677254,16310.667959367353,22.862451975971773,-1.1893579597871826,-2.8350463133823243,0.0011341290951024769
986400.00000890577,-39871.522307174317,13725.851990513202,23.83322257073662,-1.0008836410613806,-2.9069277695505762,0.001022319202534304
987300.0000083819,-40685.858432804576,11081.952467012068,24.701223540874079,-0.80810312578667864,-2.9662960446255551,0.00090583336365921731
988200.00000848668,-41325.064834182871,8390.3501891107826,25.462468950273156,-0.61184611184032944,-3.0128958932011507,0.00078516926141978095
989100.00000859145,-41786.391758929865,5662.6310406478542,26.113429726489706,-0.41295722378147126,-3.0465269961565546,0.00066084412326551634
990000.00000869622,-42067.854975072645,2910.5361442318026,26.651050302479987,-0.21229238329826045,-3.0670448187077928,0.00053339259302657082
990900.00000911532,-42168.244286485671,145.91135720050471,27.072763300840325,-0.010715131845189792,-3.0743612293693143,0.00040336451556670394
991800.00000953441,-42087.128722818023,-2619.3436734042393,27.376502186246761,0.19090707877873025,-3.0684448773888096,0.00027132264068302313
992700.00000963919,-41824.85838290945,-5373.3266958239483,27.560711819133697,0.39170661340997126,-3.0493213271018891,0.00013784025218703479
993600.00000911532,-41382.562921587516,-8104.1840472230524,27.624356843989716,0.59081938133817891,-3.0170729484168932,3.4987299541469298e-06
994500.00000859145,-40762.146686531269,-10800.161639277134,27.566927855966409,0.78738854928927504,-2.9718385638373408,-0.00013111494732063203
995400.0000083819,-39966.280527212693,-13449.655512316662,27.388445296624671,0.98056822339259975,-2.9138128535239196,-0.0002654107498129126
996300.00000848668,-38998.390309688875,-16041.261749214609,27.089461037830127,1.1695270849890387,-2.843245520737832,-0.00039879818563625432
997200.00000827713,-37862.642185617144,-18563.825532443982,26.671057620737681,1.3534519645440883,-2.760440221059941,-0.00053068892076676467
998100.00000806758,-36563.924676533505,-21006.489135702042,26.134845126386619,1.5315513384832109,-2.6657532596986377,-0.00066049941851311245
999000.00000848668,-35107.827653434535,-23358.738635486872,25.482955667319413,1.7030587333014544,-2.5595920625855828,-0.00078765358563189002
999900.00000827713,-33500.618303569761,-25610.449143084366,24.718035501593008,1.867236022373292,-2.4424134278310063,-0.00091158541166522819
1000800.0000080676,-31749.214172652126,-27751.928382764763,23.843234774576391,2.0233766027146309,-2.3147215638534586,-0.0010317415882520914
1001700.000007858,-29861.153418464975,-29773.958395284844,22.862194923364797,2.1708084355264115,-2.1770659239990229,-0.0011475840914784501
1002600.0000079628,-27844.562389338254,-31667.835211063455,21.779033777219205,2.3088969390960292,-2.0300388458451479,-0.0012585927128720492
1003500.0000074389,-25708.120673185225,-33425.406312244988,20.59832841088404,2.4370477207919983,-1.874273005756028,-0.0013642675225256844
1004400.000007858,-23461.023753126479,-35039.10573348961,19.325095811180699,2.5547091371188571,-1.7104386985754592,-0.0014641312490491453
1005300.0000076485,-21112.943464203432,-36501.986622717959,17.964771458255829,2.6613746687169311,-1.5392409566292211,-0.0015577315590140669
1006200.0000074389,-18673.986372514668,-37807.751160173786,16.523185890705339,2.7565851028241997,-1.3614165168952539,-0.0016446432231807236
1007100.0000072294,-16154.650298800618,-38950.777672588134,15.006539388015391,2.8399305112395279,-1.1777306525589006,-0.0017244701532840635
1008000.0000070198,-13565.779150924878,-39926.144843465103,13.421374879433312,2.9110520165249159,-0.98897388098643513,-0.0017968472974862601
1008900.0000068103,-10918.516265391341,-40729.652910168188,11.774549215207674,2.9696433384466712,-0.79595856276158605,-0.0018614423826011654
1009800.0000072294,-8224.2564558823033,-41357.841757061542,10.073202940941494,3.0154521140263175,-0.59951540627743716,-0.0019179574930825343
1010700.0000076485,-5494.596988191639,-41808.005823722822,8.3247287341326377,3.0482809852998214,-0.40048989393564677,-0.0019661304780653698
1011600.0000074389,-2741.2876687899966,-42078.205770342545,6.5367386456914662,3.0679884505819737,-0.19973864365769115,-0.0020057361802183174
1012500.0000072294,23.819720488552928,-42167.276843682863,4.7170303203955228,3.0744894751364278,0.0018742772954898827,-0.0020365874807800016
1013400.0000070198,2788.8224228434156,-42074.833909640241,2.8735523643564473,3.0677558588135079,0.20348107020804845,-0.002058536157287206
1014300.0000068103,5541.8179318399652,-41801.273131931521,1.0143690230545666,3.0478163592060339,0.40421393915364406,-0.0020714735520188199
1015200.0000066007,8270.9552164540219,-41347.770288790824,-0.85237565609095245,3.0147565697770404,0.60320882516977614,-0.0020753310502684896
1016100.0000067055,10964.485730249171,-40716.275734045397,-2.7184940088306058,2.9687185534677045,0.79960912464911249,-0.0020700803688339128
1017000.0000071246,13610.813972807582,-39909.506026562951,-4.575791108042413,2.9099002335743607,0.9925693750595399,-0.0020557336561386553
1017900.0000075437,16198.547402350154,-38930.932261532958,-6.4161011291703325,2.8385545443666653,1.1812588933634089,-0.002032343406336705
1018800.0000079628,18716.545475217845,-37784.765154590103,-8.2313235544719792,2.7549883451888419,1.3648653508200934,-0.0020000021904345183
1019700.0000080676,21153.967600889504,-36475.936944072098,-10.013459052561156,2.6595611028162756,1.542598268811767,-0.0019588422082296099
1020600.0000075437,23500.319811773741,-35010.080186952611,-11.754644877708488,2.5526833475747064,1.7136924211074476,-0.0019090346653203149
1021500.0000079628,25745.499947893004,-33393.503537082579,-13.447189634406419,2.4348149096712715,1.8774111280469405,-0.0018507889798805356
1022400.0000077533,27879.841139721826,-31633.164626425987,-15.08360723941175,2.306462944510824,2.033049426896564,-0.0017843518250562288
1023300.0000075437,29894.153451067199,-29736.640131381169,-16.656649972184262,2.168179752944984,2.179937108358919,-0.0017100060114093906
1024200.0000076485,31779.763446622892,-27712.093191719465,-18.159340430837613,2.0205604086196844,2.3174416021214448,-0.001628069216831132
1025100.0000074389,33528.551552088938,-25568.238295607654,-19.585002287240702,1.8642402006353271,2.4449707018504179,-0.0015388925693866639
1026000.0000072294,35132.987033705613,-23314.303788206991,-20.927289703132054,1.6998919029354174,2.5619751170347334,-0.0014428590900680575
1026900.0000073342,36586.160444570487,-20959.992167461984,-22.180215282747945,1.5282228822796837,2.6679508405688508,-0.0013403820026880316
1027800.0000071246,37881.813396600992,-18515.438342710586,-23.338176444198602,1.3499720575297371,2.7624413217900994,-0.001231902918637178
1028700.0000069151,39014.365543065847,-15991.166011895921,-24.395980111940094,1.1659067215258028,2.8450394365730012,-0.0011178899033096612
1029600.0000073342,39978.938635391598,-13398.042376101375,-25.348865611162164,0.97681924142270971,2.9153892445222964,-0.00099883543375629998
1030500.0000071246,40771.377562931026,-10747.231369380674,-26.192525679935663,0.78352365038447036,2.973187526573009,-0.0008752542554157915
1031400.0000069151,41388.268285476224,-8050.1455943845767,-26.923125514158752,0.5868521444549657,3.0181850963725267,-0.00074768114630685469
1032300.0000067055,41826.952572082184,-5318.3971931613205,-27.537319758175887,0.38765150126388664,3.0501878790826726,-0.00061666859895295994
1033200.0000061817,42085.539488180715,-2563.7478520949808,-28.032267376439645,0.18677943501820571,3.0690577533002901,-0.00048278442903086074
1034100.0000059721,42162.9135800648,201.94184885017944,-28.405644344826886,-0.014899096942828618,3.0747131523020879,-0.00034660932032803824
1035000.0000063912,42058.739718703371,2966.7635130493354,-28.655654106402075,-0.2165156193268617,3.0671294217498226,-0.00020873431666534984
1035900.000006496,41773.4645834685,5718.8122121632059,-28.781035750071322,-0.41720187991625779,3.0463389323428891,-6.9758271059374265e-05
1036800.0000059721,41308.314776749772,8446.2377753364835,-28.781069879001674,-0.61609359159132371,3.0124309466583954,6.971473819720145e-05
1037700.0000057626,40665.291576543845,11137.295838941434,-28.655582141711612,-0.81233415756755978,2.9655512405909228,0.0002090780127025266
1038600.0000058673,39847.162351187297,13780.398442037964,-28.404944413451354,-1.0050783641547028,2.9059014810497885,0.00034772484975932225
1039500.0000053435,38857.448671094266,16364.163956927214,-28.030073623031825,-1.1934960256350742,2.8337383623537771,0.0004850511583034866
1040400.0000051339,37700.411163177923,18877.46614491985,-27.532428227509396,-1.3767755658961951,2.7493725045573845,0.0006204580643077315
1041300.0000049244,36381.031184087071,21309.482095916785,-26.914002354070696,-1.5541275191375648,2.6531671191710093,0.00075335449312677956
1042200.0000044005,34904.989378516759,23649.738879288438,-26.177317629608833,-1.7247879369798769,2.5455364470285455,0.00088315971971135985
1043100.0000045053,33278.641219004719,25888.158686718813,-25.325412733515364,-1.8880216858768826,2.4269439752676174,0.001009305874970127
1044000.0000049244,31508.989638108964,28015.102266192462,-24.361830721216908,-2.0431256200682273,2.2979004414596762,0.0011312403972971324
1044900.0000053435,29603.6548614684,30021.410474081458,-23.29060416755744,-2.1894316173278252,2.158961632770422,0.0012484284196412675
1045800.0000051339,27570.84157793297,31898.443754963431,-22.116238196052276,-2.3263094634920978,2.0107259900695085,0.0013603550813394538
1046700.000005553,25419.303579046609,33638.119387250896,-20.843691460722468,-2.4531695738232751,1.8538320266449091,0.0014665277553487517
1047600.0000053435,23158.306043774421,35232.946312741929,-19.478355174847454,-2.5694655378065958,1.6889555743792719,0.0015664781800898554
1048500.0000051339,20797.585596446381,36676.05743020626,-18.026030255455762,-2.6746964785048508,1.5168068667736725,0.0016597644886099327
1049400.00000461,18347.308342970464,37961.239184608668,-16.492902699682976,-2.7684092140633596,1.3381274738470272,0.001745973124636081
1050300.0000047148,15818.026047367171,39082.95834023763,-14.885517286409158,-2.8502002131014996,1.1536871008250822,0.0018247206382880675
1051200.000004191,13220.630653110969,40036.385813118686,-13.210749724370078,-2.9197173348014762,0.96428026564687719,0.0018956553531836297
1052100.0000042957,10566.307320481039,40817.417470641514,-11.475777349050233,-2.9766613468968051,0.77072286790704181,0.0019584588985894764
1053000.0000040862,7866.4862246774246,41422.691791942358,-9.6880485197465518,-3.020787213734851,0.57384866723067984,0.0020128475988932734
1053900.000004191,5132.7932753566938,41849.604330571427,-7.8552508161784909,-3.0519051501109336,0.37450568295602782,0.002058573715831076
1054800.0000042957,2377.0000150571409,42096.318903089232,-5.9852781987367436,-3.0698814352935564,0.17355253406739946,0.0020954265371553016
1055700.0000040862,-389.0271177135412,42161.775464727034,-4.0861972517426306,-3.074638984421413,-0.028145266904268391,0.0021232333079611843
1056600.000004191,-3153.3779287314446,42045.694634191932,-2.1662126612283412,-3.0661576745502255,-0.22971904892693779,0.0021418600005430545
1057500.0000039814,-5904.1497807168753,41748.578850512306,-0.23363208070420224,-3.0444744241735657,-0.43030072945674203,0.0021512119197270156
1058400.0000040862,-8629.4988829486829,41271.710157035945,1.7031694844391216,-3.0096830259596987,-0.62902655896729209,0.002151234141575145
1059300.000004191,-11317.69130207644,40617.144624906032,3.635785599420017,-2.9619337337275309,-0.8250408442342464,0.0021419117837082691
1060200.0000042957,-13957.153504461628,39787.703438959012,5.5558144990880747,-2.9014326054815225,-1.0174996364300595,0.0021232701066310187
1061100.0000044005,-16536.522192719833,38786.960687447579,7.4548951978598721,-2.82844060569108,-1.2055743666333314,0.0020953744459641802
1062000.000004191,-19044.693229477853,37619.227908598303,9.3247434642951763,-2.7432724708613354,-1.3884554135978933,0.0020583299763489711
1062900.00000461,-21470.86943489467,36289.535462541979,11.157187507526798,-2.6462953435847858,-1.565355588186341,0.0020122813085114103
1063800.0000044005,-23804.607047817568,34803.610813720683,12.944203222857526,-2.5379271814760989,-1.7355135191478477,0.0019574119218269785
1064700.0000045053,-26035.860669564583,33167.853807686835,14.67794886383116,-2.4186349473047231,-1.8981969270771115,0.0018939434348898222
1065600.0000042957,-28155.026467989526,31389.309067041533,16.35079897442786,-2.2889325896107553,-2.0527057704110949,0.0018221347182483935
1066500.0000040862,-30152.98348324556,29475.635611393653,17.955377461075962,-2.1493788216278276,-2.1983752520015853,0.0017422808529542031
1067400.0000038766,-32021.132844552292,27435.073840995687,19.484589657494599,-2.0005747088542392,-2.3345786724904705,0.0016547119399584114
1068300.0000036671,-33751.434731887188,25276.410027728001,20.931653251434419,-1.8431610758824508,-2.4607301185361745,0.0015597917656937407
1069200.0000031432,-35336.442929062134,23008.938462797174,22.290127949791124,-1.6778157434838863,-2.5762869748764796,0.0014579163294301558
1070100.0000029337,-36769.33681808495,20642.421426554869,23.553943758348826,-1.505250608083313,-2.6807522494809319,0.0013495122386607081
1071000.0000030384,-38043.950676310749,18187.047157722427,24.717427758187586,-1.3262085765882032,-2.7736767019033501,0.0012350349792740628
1071900.0000025146,-39154.800157528029,15653.385994862292,25.775329273833812,-1.1414603691774787,-2.8546607663817825,0.0011149670669762337
1072800.0000019907,-40097.105841651515,13052.34488033372,26.72284332739985,-0.95180120388542189,-2.9233562614883044,0.00098981608707681898
1073700.0000017812,-40866.813749923385,10395.120430718573,27.555632278383438,-0.75804737778248843,-2.9794678790138045,0.00086011263028032371
1074600.0000015716,-41460.612743442587,7693.150766716506,28.269845562820663,-0.56103275871944369,-3.0227544462823168,0.00072640813144237348
1075500.0000019907,-41875.948730809367,4958.0663040962381,28.862137448030673,-0.3616052021967131,-3.0530299566484183,0.00058927261845190964
1076400.0000024098,-42111.035620437164,2201.6397383118428,29.329682720275592,-0.1606229101567099,-3.0701643636156137,0.00044929237978649078
1077300.0000018859,-42164.86297782675,-564.26459173174067,29.670190242635027,0.0410492549595326,-3.0740841357852497,0.00030706755681263236
1078200.000002305,-42037.200349814928,-3327.7417355835628,29.881914314437747,0.24254348466936468,-3.0647725699350534,0.00016320966873243202
1079100.0000024098,-41728.598239837673,-6076.89730914542,29.96366377346882,0.4429927494176607,-3.0422698610943821,1.8339079387252995e-05
1080000.0000028289,-41240.385730240123,-8799.8986568121964,29.914808797183195,0.641534522466504,-3.006672929318825,-0.0001269175893687332
1080900.0000026193,-40574.664761924469,-11485.025727304101,29.735285354258576,0.83731448317262325,-2.9581350038685317,-0.00027193008722151515
1081800.0000027241,-39734.301092831076,-14120.721481793022,29.425597272504259,1.0294901866045931,-2.8968649662757402,-0.00041606720169237358
1082700.0000031432,-38722.911978705815,-16695.641589024668,28.986815894970636,1.2172346817705837,-2.8231264553560211,-0.00055869945115468703
1083600.0000029337,-37544.850624459912,-19198.703216931732,28.420577303138636,1.3997400646950104,-2.7372367375445483,-0.00069920179684393078
1084500.0000024098,-36205.18747143638,-21619.132705843203,27.729077093583257,1.5762209507723099,-2.6395653471580971,-0.00083695636405416412
1085400.0000028289,-34709.68840060856,-23946.511915913641,26.915062704552774,1.7459178513395839,-2.5305325022419543,-0.00097135516214770772
1086300.0000029337,-33064.789955346954,-26170.823035950118,25.981823304710133,1.9081004389769909,-2.4106073033760871,-0.001101802791546559
1087200.0000033528,-31277.571663980831,-28282.491700871993,24.933177246541248,2.0620706903883321,-2.2803057211091113,-0.0012277191281386307
1088100.0000031432,-29355.725610144094,-30272.428184379369,23.773457127929731,2.2071658897998927,-2.1401883826376311,-0.0013485419695987882
1089000.0000026193,-27307.523354851488,-32132.066527373467,22.507492486618055,2.3427614826373455,-1.9908581651523447,-0.0014637296322594119
1089900.0000027241,-25141.780369445711,-33853.401409292332,21.140590189328659,2.4682737653236391,-1.8329576073175391,-0.0015727634827950145
1090800.0000028289,-22867.818128761453,-35429.022610668158,19.678512579194454,2.5831624000216484,-1.6671661496618457,-0.0016751503902194334
1091700.000003248,-20495.424014378979,-36852.146926642628,18.127453451899346,2.6869327439663784,-1.4941972147252447,-0.0017704250834534951
1092600.0000030384,-18034.809219036331,-38116.647378348272,16.494011964930792,2.7791379820904938,-1.3147951408410961,-0.0018581523980646937
1093500.0000034575,-15496.564810952381,-39217.079610384542,14.785164571907931,2.8593810546609046,-1.1297319811061142,-0.0019379293978509971
1094400.0000038766,-12891.616175792782,-40148.705343877802,13.008235120810086,2.9273163702849323,-0.93980418342025995,-0.0020093873553416134
1095300.0000036671,-10231.176003449751,-40907.512799434604,11.170863229897765,2.9826512979255422,-0.74582916381820574,-0.0020721935782504223
1096200.0000034575,-7526.6960328518535,-41490.233992931644,9.2809710931892049,3.025147430753413,-0.5486417886932774,-0.0021260530683552431
1097100.000003248,-4789.8177746663723,-41894.358827214412,7.3467288801050614,3.0546216161516275,-0.34909078201677207,-0.0021707100009434916
1098000.0000030384,-2032.3224069125263,-42118.145924316406,5.3765188833364554,3.070946747781699,-0.14803507185621445,-0.0022059490151664905
1098900.0000031432,733.91993289917889,-42160.630147991695,3.3788985943919116,3.0740523160201789,0.05365990741236263,-0.0022315963066608423
1099800.000003248,3497.0012418225265,-42021.626784142369,1.362562886951024,3.0639247143943726,0.25512594126385418,-0.0022475205158530641
1100700.0000033528,6245.0269083843159,-41701.732361145318,-0.66369450355007387,3.0406073007177179,0.45549577318283935,-0.0022536334071572108
1101600.0000031432,8966.166916707487,-41202.322106455678,-2.6910200183003172,3.0042002126912619,0.6539068390192343,-0.0022498903361472433
1102500.000003248,11648.706777508491,-40525.544048999349,-4.7105396403445674,2.954859938709653,0.84950498140757713,-0.0022362905034043106
1103400.0000039814,14281.097954576822,-39674.309795453453,-6.7133983858145196,2.8927986459759398,1.0414481273254752,-0.0022128769954785949
1104300.0000037719,16852.007579447338,-38652.282020260456,-8.6907997375142489,2.8182832688924249,1.2289099136405637,-0.0021797366149335579
1105200.0000038766,19350.367256439011,-37463.85871461378,-10.634044845092589,2.7316343610904732,1.4110832462025658,-0.0021369995023472216
1106100.0000039814,21765.420702570802,-36114.154279646682,-12.534571271806689,2.6332247173765171,1.5871837738494659,-0.0020848385551851122
1107000.0000040862,24086.770068287056,-34608.977526285722,-14.383991146252368,2.5234777702065037,1.7564532661081889,-0.0020234686483249216
1107900.0000035623,26304.420703478805,-32954.806691149708,-16.174128515652477,2.4028657687134998,1.9181628774458075,-0.0019531456629373659
1108800.0000036671,28408.824199298535,-31158.761563838303,-17.897055749221526,2.2719077472791764,2.0716162857527562,-0.0018741653302075097
1109700.0000040862,30390.919498795814,-29228.572860487126,-19.545128811055523,2.1311672935093755,2.2161526900167221,-0.0017868618980708603
1110600.0000035623,32242.171918040938,-27172.548963753918,-21.111021261230945,1.9812501243872986,2.3511496556989928,-0.0016916066285647879
1111500.0000033528,33954.609911603708,-24999.540164749204,-22.587756838578873,1.8228014804820065,2.4760257957596981,-0.0015888061339094589
1112400.0000028289,35520.859397926615,-22718.900590537156,-23.968740462025799,1.656503351583211,2.5902432739417547,-0.0014789005615975174
1113300.0000026193,36934.175531548943,-20340.447942961437,-25.24778754717266,1.4830715428991765,2.6933101221282492,-0.0013623616359641219
1114200.0000027241,38188.471758250533,-17874.421253414283,-26.4191514907818,1.3032525966915962,2.7847823598710537,-0.0012396905672442935
1115100.0000034575,39278.346043706872,-15331.436816002513,-27.477549221177497,1.1178205811348967,2.8642659081557333,-0.0011114158370340104
1116000.0000035623,40199.104156060777,-12722.442497953327,-28.418184702258671,0.92757376083093013,2.9314182887139788,-0.00097809087069356546
1116900.0000030384,40946.779907059317,-10058.670610938494,-29.236770298804171,0.73333116229657125,2.9859501019496042,-0.00084029160638726045
1117800.0000028289,41518.152257135698,-7351.5895619419034,-29.929545908216028,0.53592905028496518,3.0276262765829789,-0.00069861397214893714
1118700.0000029337,41910.759214897218,-4612.8544848346637,-30.493295784368971,0.33621732952570599,3.0562670859321486,-0.00055367128146207635
1119600.0000027241,42122.908471023111,-1854.2570648101648,-30.925362985336111,0.13505588727115433,3.0717489264287434,-0.00040609155837954814
1120500.0000022002,42153.684720412362,912.32523738163377,-31.223661387545103,-0.066689108340355172,3.0740048549596701,-0.00025651480293382371
1121400.0000026193,42002.953637708408,3674.9803332132906,-31.386685215098353,-0.26814893753756636,3.0630248824329449,-0.00010559020875327568
1122300.0000027241,41671.362491379856,6421.8127928890262,-31.4135160472382,-0.46845606883754204,3.0388560224138486,4.6026654809236472e-05
1123200.0000025146,41160.337391507288,9140.9950887455834,-31.303827279303135,-0.66674789642628318,3.0016020943917705,0.00019767668646586206
1124100.0000026193,40472.077181505621,11820.818539721591,-31.057886016171022,-0.86217045638006595,2.9514232823266702,0.0003487001090114609
1125000.0000027241,39609.544002584524,14449.743743373336,-30.676552395020405,-1.053882106176707,2.8885354504700711,0.00049843932601171159
1125900.0000028289,38576.450566230596,17016.450295117073,-30.161276340187374,-1.2410571528902736,2.8132092189226339,0.0006462417682501461
1126800.000002305,37377.244193989347,19509.885558777332,-29.514091767046722,-1.4228894128469585,2.7257688031375542,0.00079146271686535163
1127700.0000024098,36017.087682731479,21919.312303250899,-28.737608255917685,-1.5985956891989594,2.6265906215004544,0.000933468092834078
1128600.0000028289,34501.837094069429,24234.35496210109,-27.835000241301941,-1.7674191496235789,2.5161016780728684,0.0010716371989328457
1129500.000003248,32838.016545458326,26445.044355538725,-26.809993754118064,-1.9286325923615688,2.3947777260539969,0.0012053654049244155
1130400.0000030384,31032.790120627971,28541.860658472669,-25.666850778925468,-2.0815415847228538,2.2631412204520136,0.0013340667633105839
1131300.0000034575,29093.931013883172,30515.77443815914,-24.410351289752654,-2.2254874610768507,2.1217590682449634,0.0014571765451338618
1132200.0000029337,27029.788055564597,32358.285568215862,-23.045773051004716,-2.3598501661078193,1.9712401867180185,0.001574153684085437
1133100.0000024098,24849.249736351801,34061.459878564507,-21.578869253031442,-2.4840509329546911,1.8122328785258295,0.0016844831202441801
1134000.0000028289,22561.70591294792,35617.963352666113,-20.015844095806401,-2.5975547823323297,1.645422036781518,0.0017876780315827095
1134900.0000026193,20177.007349637115,37021.093738571959,-18.363326418777906,-2.6998728327497337,1.4715261914534183,0.0018832819445690396
1135800.0000020955,17705.423258135921,38264.809442228143,-16.628341481184581,-2.7905644120811655,1.2912944089548395,0.0019708707152023201
1136700.0000025146,15157.597035673751,39343.755564757506,-14.81828102480311,-2.8692389602615593,1.1055030595737112,0.0020500543711284968
1137600.0000029337,12544.50039871135,40253.286972228052,-12.94087175210865,-2.9355577148407903,0.91495246723012713,0.0021204788069446316
1138500.0000027241,9877.386082925741,40989.488310037013,-11.004142335219873,-2.9892351728680113,0.72046345412089208,0.002181827326291322
1139400.0000028289,7167.7393359781026,41549.190862799391,-9.0163891121561264,-3.0300403217762395,0.52287379690727009,0.0022338220232684747
1140300.000002305,4427.2284186800716,41929.986188824456,-6.9861406218492537,-3.057797634016123,0.32303461032578801,0.0022762249973392254
1141200.0000017812,1667.6543026163995,42130.236476107762,-4.9221211105972342,-3.0723878215148321,0.12180667210725939,0.0023088393970881419
1142100.0000018859,-1099.1001901222789,42149.08156845715,-2.8332131865220354,-3.0737483461884048,-0.079943292700507901,0.0023315102878514798
1143000.000002305,-3861.1215962286956,41986.442636073072,-0.72841977372668643,-3.0618736846407519,-0.28134635258793922,0.0023441253399546732
1143900.0000024098,-6606.517153108849,41643.022474382386,1.3831744752760051,-3.0368153459057798,-0.48153511965051327,0.0023466153347755907
1144800.0000018859,-9323.4660451744458,41120.302429373223,3.4924421395649086,-2.9986816421748634,-0.67964749203890973,0.0023389544865781617
1145700.0000019907,-12000.27033426806,40420.535963308095,5.5902521971638981,-2.9476372136229587,-0.87483037256233576,0.0023211605790116044
1146600.0000020955,-14625.405341370035,39546.738893597852,7.667509222920895,-2.8839023098548875,-1.0662433463114327,0.0022932949161424874
1147500.0000022002,-17187.569285541816,38502.676343405394,9.7151924686126101,-2.8077518309416942,-1.2530623030188028,0.0022554620885356482
1148400.0000019907,-19675.7319502967,37292.84646338669,11.724394647538405,-2.719514132559659,-1.4344829872942553,0.0022078095557957621
1149300.0000020955,-22079.182169382744,35922.46099654241,13.686360260821111,-2.6195696006789717,-1.6097244614919999,0.0021505270478668578
1150200.0000018859,-24387.57392559795,34397.422773334023,15.592523302078833,-2.5083490023688322,-1.7780324661205167,0.0020838457882542774
1151100.0000019907,-26590.970873242673,32724.300230380173,17.434544189137064,-2.3863316197417284,-1.9386826639808414,0.0020080375428117993
1152000.0000014668,-28679.889079939647,30910.299071838115,19.204345757292128,-2.2540431759406494,-2.0909837531722641,0.0019234134990456222
1152900.0000015716,-30645.337820492146,28963.231185563291,20.89414817710681,-2.1120535615550149,-2.2342804368357907,0.0018303229807658901
1153800.0000013621,-32478.858227151064,26891.480966349387,22.496502633875838,-1.9609743727703044,-2.3679562354790504,0.0017291520048957282
1154700.0000017812,-34172.559655026773,24703.969171378765,24.004323649609979,-1.8014562705550625,-2.4914361317246194,0.001620321686106144
1155600.0000015716,-35719.153582986444,22410.114489422165,25.410919893165225,-1.6341861742767485,-2.6041890345551213,0.0015042864977112636
1156500.0000010477,-37111.9849319489,20019.792958952756,26.710023375184392,-1.4598842997250916,-2.7057300546438827,0.001381532395055062
1157400.0000014668,-38345.060641928969,17543.29544160849,27.895816886011886,-1.2793010566829808,-2.7956225794232443,0.0012525748111538474
1158300.0000018859,-39413.075400016598,14991.283321446472,28.962959576424318,-1.0932138185212235,-2.8734801402629833,0.0011179565325980837
1159200.0000016764,-40311.434412598494,12374.742612644046,29.906610579930682,-0.90242357714264099,-2.938968064219976,0.0009782454642222934
1160100.0000014668,-41036.27312044469,9704.9366776675597,30.722450576631097,-0.70775149797081538,-2.9918049032072065,0.0008340322919653401
1161000.0000012573,-41584.473769742501,6993.3577746493393,31.406701206953457,-0.51003539085605931,-3.0317636344763481,0.00068592805415903298
1161900.0000013621,-41953.678777887799,4251.6776188973663,31.956142265310952,-0.31012611026559894,-3.0586726281678307,0.00053456162952418508
1162800.0000011525,-42142.300832599605,1491.6971844168488,32.368126598039559,-0.10888390107478824,-3.0724163776416433,0.00038057715216409079
1163700.0000015716,-42149.529683751462,-1274.7040515291576,32.640592646423762,0.092825295421811047,-3.0729359897909796,0.00022463136242945029
1164600.0000013621,-41975.335598581645,-4035.6191787768885,32.772074578510541,0.29413355784155815,-3.0602294333272986,6.7390904515795912e-05
1165500.0000014668,-41620.469467146409,-6779.1650646171793,32.76170997011107,0.49417471086210468,-3.0343515441668183,-9.0470422290162195e-05
1166400.0000012573,-41086.459557356255,-9493.5334358235777,32.609244993500866,0.69208804186233852,-2.9954137879155058,-0.00024827444669711673
1167300.0000016764,-40375.604933112845,-12167.041653288761,32.315037089174957,0.88702199524212599,-2.9435837804388476,-0.00040534143595013058
1168200.0000014668,-39490.965566646308,-14788.18293461179,31.880055100414808,1.0781378268184161,-2.8790845687402964,-0.00056099292325805503
1169100.0000018859,-38436.349180190045,-17345.675839485837,31.305876856282048,1.264613205019681,-2.8021936746240539,-0.00071455454493713258
1170000.0000013621,-37216.294884652969,-19828.51276719739,30.594684204572491,1.4456457407995957,-2.7132419059498187,-0.00086535887608350619
1170900.0000011525,-35836.053667838874,-22226.007306176562,29.749255490310869,1.6204564347693549,-2.6126119391509977,-0.0010127482586683202
1171800.0000006286,-34301.565834651177,-24527.840184286353,28.772955502652657,1.7882930233589791,-2.5007366802970989,-0.0011560776100492675
1172700.0000007334,-32619.435476718209,-26724.103663484235,27.669722900356639,1.9484332127007311,-2.3780974101371157,-0.0012947172049962621
1173600.0000011525,-30796.902096287704,-28805.344158124943,26.44405515483497,2.1001877841916041,-2.2452217220050166,-0.0014280554196446633
1174500.0000012573,-28841.809491230164,-30762.602916282223,25.100991040253316,2.2429035600306264,-2.1026812601512446,-0.0015555014285450245
1175400.0000013621,-26762.572039202703,-32587.454577973043,23.646090721533582,2.3759662151244454,-1.9510892683445258,-0.0016764878433308066
1176300.0000017812,-24568.138526789229,-34272.043443155009,22.085413499396623,2.4988029230984137,-1.7910979591672824,-0.0017904732814817764
1177200.0000015716,-22267.953681787341,-35809.117292204137,20.425493283544316,2.6108848248312833,-1.6233957153495604,-0.001896944852988673
1178100.0000013621,-19871.917552107774,-37192.058627168779,18.673311858289953,2.711729309767033,-1.4487041334416724,-0.0019954205531490395
1179000.0000011525,-17390.342936303223,-38414.91317487348,16.836270054000664,2.800902098248963,-1.2677749246460517,-0.00208545154654487
1179900.0000012573,-14833.911024806677,-39472.415546682656,14.922156911136724,2.8780191170241323,-1.0813866843161095,-0.0021666243296600226
1180800.0000007334,-12213.625453080562,-40360.011935586437,12.939116960554193,2.9427481590275248,-0.89034154473926885,-0.0022385627575617797
1181700.0000005239,-9540.7649506119487,-41073.879756687864,10.895615738455422,2.9948103204101204,-0.69546172460104672,-0.0023009299209779698
1182600.0000003143,-6826.834815187477,-41610.944136266531,8.8004036965717773,3.0339812077184027,-0.49758599188131719,-0.0023534298592382116
1183500.0000004191,-4083.5173949159898,-41968.891187521331,6.6624786409516945,3.0600919105504976,-0.29756605354339194,-0.0023958090966358391
1184400.0000002095,-1322.6218073451707,-42146.178009056246,4.4910468762472675,3.0730297348880633,-0.09626288882359077,-0.002427857989374612
1185300,1443.9668970482417,-42142.039364229444,2.2954832236214258,3.0727386939386969,0.10545695865649808,-0.0024494118720769149
1186200.0000001048,4204.3389011816198,-41956.4910103976,0.08529010221521667,3.059219754149602,0.30672511336465308,-0.0024603519939246378
1187100.0000002095,6946.6108939470641,-41590.329664421974,-2.1299441304936386,3.0325308353492102,0.50667510848366148,-0.0024606062363408199
1188000.0000003143,9658.9772376066576,-41045.129603920243,-4.3405873877808174,2.9927865649617571,0.70444611913224386,-0.0024501496059463816
1188900.0000004191,12329.760803664904,-40323.235917712555,-6.5370064036050346,2.9401577872881508,0.89918667154310394,-0.0024290044982871379
1189800.0000002095,14947.463254423712,-39427.754435559007,-8.7096094131244701,2.8748708300877137,1.090058311827899,-0.0023972407299293632
1190700,17500.814560571387,-38362.538378788857,-10.848888761053589,2.7972065315574013,1.2762392189322855,-0.0023549753383847647
1191600.0000004191,19978.821532731643,-37132.171791632652,-12.945463222554329,2.7074990321513539,1.4569277454971414,-0.0023023721513123797
1192500.0000008382,22370.815159607904,-35741.949825798154,-14.990119831785906,2.6061343366249292,1.6313458714365598,-0.0022396411282199994
1193400.0000006286,24666.496559081468,-34197.855957456493,-16.973855024284692,2.4935486521780121,1.7987425560675292,-0.0021670374791596175
1194300.0000007334,26855.981333722619,-32506.536238270772,-18.887914886634157,2.3702265102123441,1.9583969735640849,-0.0020848605667332333
1195200.0000008382,28929.842131935548,-30675.270699755107,-20.723834314776074,2.2366986805017639,2.109621617244068,-0.0019934525993028987
1196100.0000012573,30879.149255100103,-28711.942017187812,-22.473474917075205,2.0935398856133998,2.2517652610728414,-0.0018931971231438049
1197000.0000010477,32695.509109091268,-26625.00158906584,-24.129061462295283,1.9413663270341532,2.3842157637264894,-0.001784517324032888
1197900.0000005239,34371.100361244316,-24423.433154552717,-25.683216728532752,1.7808330319957126,2.5064027051442919,-0.0016678741473175884
1198800.0000003143,35898.707623759568,-22116.714127851912,-27.128994574153971,1.6126310340913204,2.6177998425904412,-0.0015437642484410496
1199699.9999997905,37271.752530981044,-19714.774806204867,-28.459911093519437,1.4374843991363544,2.7179273766395351,-0.0014127177847969557
1200599.9999995809,38484.322078059042,-17227.955622973383,-29.669973721202066,1.2561471087801908,2.8063540175097925,-0.0012752960604312531
1201500,39531.194093052167,-14666.962639124653,-30.753708152016205,1.069399815949905,2.8826988424986619,-0.0011320890361695081
1202400.0000001048,40407.859737444116,-12042.821458721419,-31.706182965136058,0.87804648562392751,2.9466329369420921,-0.00098371271718706156
1203299.9999998952,41110.542938102284,-9366.8297647051277,-32.523031847619691,0.68291093519470036,2.9978808116969562,-0.00083080643043995962
1204199.9999996857,41636.216664950785,-6650.5086837121225,-33.200473321856876,0.48483328957158123,3.036221590953875,-0.00067403000491457899
1205100.0000001048,41982.61598557332,-3905.5531853423472,-33.735327896509055,0.28466636592023503,3.0614899654077297,-0.00051406086732304476
1206000.0000002095,42148.247839282289,-1143.7817424073519,-34.125032568547553,0.083272004464488569,3.0735769066209144,-0.00035159106696819163
1206900.0000006286,42132.397492450793,1622.9145650683349,-34.367652624285789,-0.11848264141957043,3.0724301397994362,-0.00018732424084560949
1207800.0000001048,41935.131641617219,4382.6232386907304,-34.461890684124143,-0.31972883670957586,3.0580543725250191,-2.1972534684215413e-05
1208700.0000002095,41557.298153408243,7123.4616689339909,-34.407092962551175,-0.51960000521926097,3.0305112786091839,0.00014374650961929253
1209600.0000006286,41000.522442204565,9833.6282946346473,-34.203252716332727,-0.7172354597409325,2.9899192370811325,0.00030911308430344554
1210500.0000007334,40267.200500011677,12501.453431578853,-33.851010872595673,-0.91178410857187731,2.9364528272898109,0.00047340825281876221
1211400.0000008382,39360.488606302155,15115.449538261948,-33.351653834866717,-1.1024081215788495,2.8703420820536807,0.00063591707977893428
1212300.0000006286,38284.289764205787,17664.360695327436,-32.707108481055485,-1.2882865395518988,2.7918715021347684,0.00079593174027628227
1213200.0000010477,37043.23691725565,20137.211098112264,-31.91993437582035,-1.4686188122500088,2.7013788358737223,0.0009527545963678518
1214100.0000005239,35642.673025785429,22523.352335721705,-30.993313237616618,-1.6426282486224657,2.5992536296303927,0.001105701226795249
1215000.000000943,34088.62807003058,24812.50928729527,-29.931035696067827,-1.8095653668402221,2.4859355537934005,0.0012541033994833343
1215900.0000007334,32387.793108748418,26994.824382007322,-28.73748541801838,-1.9687111256129055,2.3619125136273076,0.0013973119708465204
1216800.0000008382,30547.491466511427,29060.900095808745,-27.417620646669029,-2.1193800274652603,2.2277185501733934,0.0015346997038550249
1217700.0000012573,28575.647207119775,31001.839446603582,-25.976953256938732,-2.2609230765061503,2.0839315425771341,0.0016656639894878967
1218600.0000010477,26480.751011523815,32809.284341676183,-24.421525406724257,-2.3927305799199421,1.9311707203824802,0.0017896294619423228
1219500.0000011525,24271.823597983624,34475.451613848571,-22.757883877960758,-2.5142347811271457,1.7700939957619086,0.0019060504967400335
1220400.0000006286,21958.376874032172,35993.166562600338,-20.993052242211903,-2.6249123110693544,1.6013951294540081,0.0020144135792162553
1221300.0000007334,19550.372943330633,37355.893891925843,-19.13450093792715,-2.7242864495711223,1.4258007393579974,0.002114239535851463
1222200.0000011525,17058.181190302374,38557.765875077217,-17.19011542303285,-2.8119291842307028,1.2440671680396549,0.0022050856164215014
1223100.000000943,14492.53359119448,39593.607650686361,-15.168162512472939,-2.8874630597113522,1.0569772200186485,0.0022865474199151967
1224000.0000013621,11864.478456094945,40458.95952874099,-13.077255054076627,-2.9505628084111155,0.86533678381154178,0.0023582606551582914
1224900.0000014668,9185.3328231001487,41150.096203757857,-10.92631511192435,-3.000956754873966,0.66997135494914306,0.0024199027280621967
1225800.0000012573,6466.633669094861,41664.042807154125,-8.7245357829793804,-3.0384279888466788,0.47172247207746865,0.0024711941499061161
1226700.0000010477,3720.0881852418802,41998.587714558365,-6.481341840575233,-3.0628153007195449,0.27144408437553375,0.002511899759446649
1227600.0000014668,957.52331717324307,42152.292059502382,-4.206349362251582,-3.0740138757162723,0.069998865037132235,0.0025418297541526815
1228500.0000015716,-1809.1652094018284,42124.495911542966,-1.9093245174653126,-3.0719757437083053,-0.13174551290740621,0.0025608405261109894
1229400.0000016764,-4568.0641634189542,41915.32109167413,0.39985831295397495,-3.0567099826401734,-0.33292012261196613,0.0025688352990996771
1230300.0000011525,-7307.2941454748197,41525.670613044538,2.7112588922638929,-3.0282826746913671,-0.5326585337190175,0.0025657645640795273
1231200.0000012573,-10015.060789221023,40957.224748357439,5.0149137965359643,-2.9868166153096545,-0.73010055231298743,0.0025516263114821231
1232100.0000010477,-12679.705564848287,40212.433747128773,7.3008791791761105,-2.932490776876068,-0.92439593119932617,0.0025264660595362724
1233000.0000005239,-15289.75601822462,39294.507226888876,9.5592734929418413,-2.8655395288624415,-1.1147080381866239,0.0024903766786763554
1233900.000000943,-17833.975186119391,38207.400290637539,11.780319950825806,-2.7862516184336568,-1.3002174632758468,0.0024434980131183373
1234800.0000010477,-20301.409978666088,36955.796436154436,13.954388547666655,-2.6949689164455051,-1.4801255493827914,0.0023860163019082808
1235700.0000011525,-22681.438352620691,35545.087317269557,16.072037491580293,-2.5920849334135965,-1.6536578336113652,0.0023181634016882485
1236600.000000943,-24963.815027443863,33981.349464338156,18.124053829973032,-2.4780431134870415,-1.8200673809132888,0.0022402158157770946
1237500.0000013621,-27138.715583708745,32271.318048802335,20.101493129540764,-2.353334912843946,-1.9786379983849858,0.0021524935334882862
1238400.0000008382,-29196.778722447631,30422.357825969615,21.995718013967259,-2.2184976725253724,-2.1286873140526259,0.0020553586861612612
1239300.0000012573,-31129.146541574901,28442.43135507212,23.798435430728002,-2.0741122931675955,-2.2695697096897405,0.0019492140248438628
1240200.0000013621,-32927.502610646254,26340.064672976088,25.501732448298799,-1.920800724723799,-2.4006790917939327,0.0018345012287078603
1241100.0000011525,-34584.107727406517,24124.310530402745,27.098110476512847,-1.7592232793291576,-2.5214514923399638,0.0017116990499279059
1242000.000000943,-36091.833171265767,21804.709378306256,28.580517738011306,-1.5900757811878092,-2.6313674859836294,0.0015813213050158191
1242900.0000010477,-37444.191324034247,19391.248263708396,29.94237986721852,-1.4140865652653221,-2.7299544144484709,0.0014439147212533037
1243800.0000011525,-38635.363524693275,16894.317817939227,31.177628507759497,-1.2320133382613887,-2.8167884085972461,0.0013000566482255036
1244700.0000012573,-39660.225046668027,14324.667510749287,32.280727797943065,-1.0446399146073193,-2.891496200293977,0.0011503526439637446
1245600.0000013621,-40514.367083815538,11693.359375814498,33.246698628602672,-0.85277284252802044,-2.9537567160141918,0.00099543394704950847
1246500.0000008382,-41194.115655070484,9011.7204058687366,34.071140577684993,-0.65723793463167435,-3.0033024458990689,0.00083595484564459306
1247400.0000012573,-41696.547352058849,6291.2938072720326,34.750251438276948,-0.45887671682972619,-3.0399205829967877,0.00067258995385289751
1248300.0000013621,-42019.501855515038,3543.7893557818334,35.280844252455175,-0.25854281313248584,-3.0634539275375423,0.00050603140884527685
1249200.0000017812,-42161.5911790955,781.03301943402948,35.660361797220446,-0.057098278290144543,-3.0738015534600902,0.00033698599756695047
1250100.0000022002,-42122.205592484359,-1985.0838898538177,35.886888453158683,0.14459010281324314,-3.0709192338956557,0.00016617222744708631
1251000.000002305,-41901.516205663029,-4742.6558478152274,35.95915941746216,0.34565453549829933,-3.0548196244684842,-5.6826490064141615e-06
1251900.0000027241,-41500.474201374818,-7479.8143066073017,35.876567222378796,0.54522993912367845,-3.0255722036110564,-0.00017784564375671717
1252800.0000031432,-40920.806721369496,-10184.778712869169,35.639165534021721,0.74245765804890052,-2.9833029704016081,-0.00034958106497326777
1253700.0000029337,-40165.009423840456,-12845.907151202195,35.247670216886263,0.93648914513188575,-2.9281939012473273,-0.00052015356067775095
1254600.0000030384,-39236.335742546296,-15451.746393722049,34.70345765692813,1.126489602042464,-2.8604821676414742,-0.00068883116325379405
1255500.0000031432,-38138.7828980552,-17991.081129350528,34.00856034996977,1.3116415601599278,-2.7804591186276255,-0.00085488832344379046
1256400.0000029337,-36877.074716126677,-20452.982180835756,33.165659766741676,1.4911483883116605,-2.6884690318899072,-0.0010176089247670773
1257300.0000030384,-35456.641326553938,-22826.853496414722,32.178076516666366,1.6642377120508829,-2.5849076386780689,-0.0011762892680133043
1258200.0000034575,-33883.595833246145,-25102.477708112434,31.049757844942878,1.8301647295111785,-2.4702204290087426,-0.0013302410157240326
1259100.000003248,-32164.70805260925,-27270.060069119412,29.785262501825098,1.9882154103283993,-2.3449007440080192,-0.0014787940877784025
1260000.0000030384,-30307.375421031433,-29320.270593069097,28.389743024211803,2.1377095648334112,-2.2094876625075681,-0.0016212994996806578
1260900.0000031432,-28319.591216724777,-31244.284185464549,26.868925501800049,2.2780037682959349,-2.0645636922291191,-0.0017571321324869943
1261800.0000029337,-26209.910212752711,-33033.8186214901,25.229086879356359,2.4084941296145339,-1.9107522738117422,-0.0018856934270802051
1262700.0000030384,-23987.411909518454,-34681.170199215754,23.477029869067209,2.5286188919571653,-1.7487151082305374,-0.002006413993089463
1263600.0000028289,-21661.661516344859,-36179.246904478794,21.620055564475834,2.6378608533376493,-1.5791493197233446,-0.0021187561222744066
1264500.0000026193,-19242.668828197624,-37521.598960858064,19.665933830026113,2.7357495977748787,-1.4027844646435383,-0.0022222161977950147
1265400.0000024098,-16740.845193091624,-38702.446616874906,17.622871580751163,2.8218635260892819,-1.2203794002936672,-0.0023163269880345904
1266300.0000022002,-14166.958738569645,-39716.705060797467,15.499479047972153,2.8958316781462541,-1.0327190258510568,-0.0024006598151303771
1267200.000002305,-11532.088057266665,-40560.006348566923,13.30473415559754,2.9573353379771428,-0.8406109098434309,-0.0024748265866456069
1268100.0000030384,-8847.5745511130681,-41228.718249982507,11.047945136160953,3.0061094146235381,-0.64488181864413729,-0.0025384816788915679
1269000.0000034575,-6124.9736348534125,-41719.959932487749,8.7387115220919931,3.0419435925810352,-0.44637416058513607,-0.0025913236602016295
1269900.0000038766,-3376.0050030263169,-42031.614413385076,6.3868836567374672,3.0646832465606999,-0.24594236058516872,-0.0026330968421892469
1270800.0000036671,-612.50219416474533,-42162.337721975637,4.0025209020706711,3.0742301160785721,-0.044449182393711727,-0.0026635926466705259
1271700.0000034575,2153.6383594091285,-42111.564735216984,1.5958486892268675,3.0705427370178415,0.15723798771799716,-0.0026826507771327756
1272600.000003248,4910.508542741909,-41879.511656877847,-0.82278537823439835,3.0536366278039098,0.35825087720864374,-0.0026901601832153938
1273500.0000030384,7646.2398351658885,-41467.175131567354,-3.2429561999183338,3.0235842294291655,0.55772406907193639,-0.0026860598084732612
1274400.0000025146,10349.054422696381,-40876.327994616266,-5.6542064264516201,2.980514599304108,0.75479873222899252,-0.002670339112282111
1275300.000002305,13007.315925392128,-40109.511675114896,-8.0460920733732664,2.9246128601437102,0.94862632424334714,-0.0026430383583824222
1276200.0000027241,15609.579513783083,-39170.025286441902,-10.408228282504757,2.8561194063814823,1.1383722497001536,-0.0026042486643497306
1277100.0000022002,18144.641202402636,-38061.911451584776,-12.730335017870345,2.7753288715888917,1.3232194586136727,-0.0025541118081518757
1278000.0000026193,20601.586124916063,-36789.938915025807,-15.002282492858864,2.6825888607401174,1.5023719704412353,-0.002492819789432079
1278900.0000024098,22969.835535881964,-35359.582036141539,-17.214136065767207,2.5782984543409024,1.6750583049672898,-0.0024206141465564911
1279800.0000022002,25239.192395357179,-33776.997226400403,-19.356200438753895,2.462906489083684,1.8405348094534659,-0.0023377850304194011
1280700.0000019907,27399.885287954705,-32048.996456403471,-21.419062896238191,2.3369096243576304,1.9980888638531316,-0.0022446700403108912
1281600.0000014668,29442.610516657496,-30183.017933084113,-23.393635398321177,2.2008502020767429,2.1470419523880602,-0.0021416528272285872
1282500.0000012573,31358.572180801923,-28187.094077545968,-25.271195315257117,2.0553139094913067,2.286752587564989,-0.0020291614725614915
1283400.0000013621,33139.520063785167,-26069.81694418109,-27.043424603204251,1.9009272553847993,2.4166190739185578,-0.0019076666515759825
1284300.0000011525,34777.78516838506,-23840.301231167374,-28.70244723304069,1.7383548707371546,2.5360820996958755,-0.0017776795923961312
1285200.0000015716,36266.312755991319,-21508.145028852687,-30.24086470267563,1.5682966446568467,2.6446271460667159,-0.0016397498414775212
1286100.0000019907,37598.692726511705,-19083.388503492919,-31.651789443504249,1.3914847100789967,2.7417867020403479,-0.0014944628499234101
1287000.0000017812,38769.187230985357,-16576.47066675168,-32.928875987417484,1.2086802902704452,2.8271422773169634,-0.0013424373925102011
1287900.0000015716,39772.755389247381,-13998.184424062707,-34.066349741930097,1.0206704202688028,2.9003262038769462,-0.0011843228338409655
1288800.0000013621,40605.07500010683,-11359.630112474535,-35.059033235110583,0.82826455863183945,2.9610232182187786,-0.0010207962571736858
1289700.0000017812,41262.561162601865,-8672.1677042947231,-35.902369725219238,0.63229110234425612,3.0089718184237433,-0.00085255946931053165
1290600.0000015716,41742.381719655546,-5947.3679057417776,-36.592444060668825,0.43359382155899917,3.0439653896912304,-0.00068033589803069572
1291500.0000010477,42042.469466412622,-3196.9623295721753,-37.126000710195648,0.23302822716234009,3.0658530942344604,-0.00050486739527320825
1292400.0000008382,42161.531061845017,-432.79298967343976,-37.500458874920774,0.031457889164138039,3.0745405211410919,-0.00032691096340541
1293300.0000006286,42099.052611661689,2333.2386806056829,-37.713924626077734,-0.17024927947274088,3.0699900939306213,-0.00014723541887432
1294200.0000007334,41855.301896977151,5089.2230791448064,-37.765200018638239,-0.37122475856325299,3.052221233985891,3.3381992341243809e-05
1295100.0000008382,41431.327238639125,7823.2937075784084,-37.653789141935427,-0.57060315808547812,3.0213102791373059,0.00021415901060407356
1296000.0000012573,40828.953001840877,10523.678273106527,-37.3799010876156,-0.76752594330041735,2.9773901577265258,0.00039431179658897246
1296900.0000010477,40050.771762084536,13178.74937550984,-36.944449825514518,-0.96114512992546353,2.9206498196493942,0.00057305836684450637
1297800.0000008382,39100.13316066788,15777.074588893654,-36.349050990077146,-1.1506269355811987,2.8513334263713781,0.00074962201801917841
1298700.0000012573,37981.129502447555,18307.465695215225,-35.596015597086371,-1.3351553698914105,2.7697393036784401,0.00092323472334766203
1299600.0000016764,36698.578158043259,20759.02686761642,-34.688340723112809,-1.5139357485858327,2.6762186615928507,0.0010931404876676528
1300500.0000017812,35258.000838112617,23121.201610225748,-33.62969718596608,-1.6861981175637384,2.5711740862658012,0.0012585986478236689
1301400.0000018859,33665.599833778455,25383.818235413029,-32.424414285648091,-1.8512005709790156,2.4550578105758452,0.001418887103468147
1302300.000002305,31928.231325251927,27537.133685352361,-31.0774616750268,-2.0082324492672727,2.3283697707359003,0.0015733054649021108
1303200.0000024098,30053.375873883742,29571.875509511967,-29.594428441756289,-2.1566174033547845,2.1916554571716684,0.0017211781047981082
1304100.0000025146,28049.106212516785,31479.281828786643,-27.981499484512224,-2.2957163126535032,2.0455035679119615,0.0018618571018779021
1305000.000002305,25924.052491063951,33251.139090923149,-26.245429301793845,-2.42493004251808,1.8905434758069362,0.0019947250625468164
1305900.0000024098,23687.365108809459,34879.81747447027,-24.393513293926855,-2.5437020306497367,1.7274425190506733,0.0021191978100819128
1306800.0000025146,21348.675306510646,36358.303774014428,-22.433556713874047,-2.6515206901244666,1.5569031275357781,0.0022347269289960492
1307700.000002305,18918.05367863649,37680.231632690789,-20.373841394363634,-2.7479216191271338,1.3796597966621651,0.0023408021544254367
1308600.0000020955,16405.966785539855,38839.908987953459,-18.223090396429438,-2.8324896074579708,1.1964759216685676,0.0024369535961861334
1309500.0000022002,13823.232060409706,39832.34260756131,-15.990430739237993,-2.9048604306685872,1.0081405066825908,0.0025227537876966926
1310400.000002305,11180.97119812364,40653.259614143717,-13.685354366397098,-2.9647224242419319,0.81546476215358155,0.0025978195513879716
1311300.0000020955,8490.5622243958533,41299.125904128945,-11.317677515004014,-3.0118178307736452,0.61927860518723699,0.0026618136725831483
1312200.0000022002,5763.5904591822191,41767.161377595985,-8.8974986690366862,-3.0459439139063229,0.42042707846817062,0.002714446374384455
1313100.0000026193,3011.7985913884386,42055.351913398801,-6.4351552835218833,-3.0669538340795914,0.21976670371227985,0.0027554765872247829
1314000.0000027241,247.03606638199562,42162.458040629193,-3.9411794537843701,-3.074757282397683,0.01816178448534924,0.0027847130079530591
1314900.0000031432,-2518.7919893703233,42088.020265348583,-1.4262527257763167,-3.0693208695147427,-0.1835193250870206,0.0028020149436518522
1315800.0000029337,-5273.7760720833512,41832.361029932297,1.0988397451357972,-3.0506682678105297,-0.38440796843408198,0.0028072929365179937
1316700.0000027241,-8006.0536352367135,41396.583296724399,3.6232555111666578,-3.0188801062090871,-0.58363893686686086,0.0028005091673885454
1317600.0000025146,-10703.860203776941,40782.565763202954,6.1361413986656528,-2.9740936181596207,-0.78035420359035768,0.0027816776361033043
1318500.000002305,-13355.580069086705,39992.954729141216,8.6266801437492511,-2.9165020443050369,-0.97370662668798424,0.0027508641182147956
1319400.0000027241,-15949.796339242659,39031.152649993004,11.0841368906576,-2.8463537924039599,-1.1628636044283844,0.0027081858982779426
1320300.0000031432,-18475.340115244671,37901.303431561682,13.497905340469579,-2.7639513586283049,-1.3470106659766174,0.0026538112813284799
1321200.000003248,-20921.338600661209,36608.27452453677,15.857553370507473,-2.6696500146504443,-1.5253549832906113,0.0025879588847235392
1322100.0000030384,-23277.261924784583,35157.635899645044,18.152867917296575,-2.5638562665822242,-1.6971287880142165,0.0025108967137985245
1323000.0000028289,-25532.96847624785,33555.635996925193,20.373898929590872,-2.4470260927859666,-1.8615926784378993,0.0024229410258116762
1323900.000002305,-27678.748551504395,31809.174755987107,22.511002203041631,-2.3196629685731818,-2.018038802176664,0.0023244549876273988
1324800.0000024098,-29705.366141150877,29925.773836493729,24.554880924460431,-2.1823156859955466,-2.1657939016087457,0.0022158471329288081
1325700.0000022002,-31604.098654835088,27913.54417380489,26.496625729351038,-2.0355759795447272,-2.304222207539286,0.0020975696269653274
1326600.0000016764,-33366.774434743085,25781.150995207699,28.327753123005373,-1.8800759671553993,-2.4327281701877284,0.0019701163459685408
1327500.0000020955,-34985.807886771996,23537.77645454969,30.040242092801812,-1.7164854182611811,-2.5507590151184347,0.001834020780363969
1328400.0000025146,-36454.232069377009,21193.080063797588,31.626568746815806,-1.5455088621485469,-2.6578071125700129,0.0016898537723809576
1329300.0000019907,-37765.728625205949,18757.157062997263,33.079738858680166,-1.3678825471300806,-2.7534121519682344,0.0015382210965624848
1330200.0000020955,-38914.654910741214,16240.494926401825,34.393318165257746,-1.1843712651342844,-2.8371631112639575,0.0013797608951617506
1331100.0000022002,-39896.068205826756,13653.928206337119,35.561460287373748,-0.99576505655085379,-2.9087000127114724,0.0012151409808616386
1332000.0000026193,-40705.74691709195,11008.591877974091,36.578932177034474,-0.80287580732968367,-2.9677154590692534,0.001045056016913445
1332900.0000024098,-41340.208670679502,8315.8734176634971,37.441136970062395,-0.60653375535385212,-3.0139559428658762,0.0008702245892153864
1333800.0000022002,-41796.725229740718,5587.3637904235284,38.14413416541602,-0.40758391889822349,-3.047222924302516,0.00069138618129750966
1334700.0000019907,-42073.334164542895,2834.8075894494709,38.684657038178699,-0.20688246484214259,-3.0673736728085599,0.00050929806751730668
1335600.0000017812,-42168.847234512774,70.052514779258289,39.060127227502349,-0.0052930301920195814,-3.0743218695531498,0.00032473213619090024
1336500.0000018859,-42082.855443889021,-2695.0015767828108,39.268666437842967,0.19631698629832428,-3.0680379683696666,0.0001384716572736189
1337400.0000016764,-41815.730752911652,-5448.4538339620785,39.309105211517917,0.39708014680118914,-3.048549314001562,-4.869199182862832e-05
1338300.0000014668,-41368.624436837781,-8178.4535837057538,39.180988741018055,0.59613269688429804,-3.0159400173000335,-0.00023596262982305776
1339200.0000012573,-40743.46210258887,-10873.251265861063,38.884579699983384,0.79261826991324513,-2.9703505882418137,-0.00042254258890903827
1340100.0000016764,-39942.935382638345,-13521.248943694442,38.420858086286401,0.98569156008922532,-2.9119773283042956,-0.00060763603474172311
1341000.0000014668,-38970.490348178733,-16111.05014316563,37.791518083846945,1.1745219463970258,-2.8410714853217027,-0.00079045227371691055
1341900.0000012573,-37830.312680534422,-18631.508849018388,36.998961953389838,1.3582970552245666,-2.7579381736696105,-0.00097020903766192944
1342800.0000010477,-36527.309676901998,-21071.777404932251,36.046290986597384,1.5362262435200114,-2.6629350652788606,-0.0011461357305373658
1343700.0000011525,-35067.089158964962,-23421.353143258864,34.93729355743875,1.7075439900475635,-2.5564708563784722,-0.0013174766273614884
1344600.0000012573,-33455.935377548049,-25670.123534113478,33.676430321371441,1.8715131796741842,-2.4390035166132882,-0.0014834940132138932
1345500.0000010477,-31700.782012806325,-27808.409666127649,32.268816618956002,2.0274282672315311,-2.3110383275991873,-0.0016434712518717937
1346400.0000005239,-29809.182387392666,-29827.007868115619,30.720202154164323,2.174618307235638,-2.1731257192490734,-0.0017967157734571
1347300.0000003143,-27789.277016806998,-31717.229296895901,29.036948022852606,2.3124498368665782,-2.0258589126652593,-0.0019425619716130034
1348200.0000004191,-25649.758639083815,-33470.937317206051,27.226001180769,2.4403295996098673,-1.8698713796812994,-0.0020803740006497358
1349100.0000002095,-23399.834868168902,-35080.582518424839,25.294866441589864,2.5577070982754151,-1.7058341292844834,-0.0022095484642711103
1350000.0000006286,-21049.188623874394,-36539.235219688599,23.251576101310558,2.6640769665546862,-1.5344528317714972,-0.0023295169876761976
1350900.0000007334,-18607.936526067733,-37840.615309572138,21.104657314607163,2.7589811478256578,-1.3564647940337053,-0.0024397486637939871
1351800.0000005239,-16086.58540540047,-38979.119309164271,18.863097318020738,2.8420108729728226,-1.1726357968107866,-0.0025397523670984625
1352700.0000003143,-13495.98713284694,-39949.844528168673,16.536306637684582,2.9128084275409405,-0.9837568084234164,-0.0026290789260245678
1353600.0000004191,-10847.291959655879,-40748.610211884865,14.134080411269819,2.9710687005577103,-0.79064058875563992,-0.0027073231461745384
1354499.9999998952,-8151.9005629539479,-41371.97558893219,11.666557958158517,3.0165405082029726,-0.59411819756741047,-0.0027741256763098069
1355400.0000003143,-5421.4149928056831,-41817.254740906072,9.1441807341104191,3.0490276863046573,-0.39503542130884128,-0.0028291747087997466
1356300.0000004191,-2667.5887668395899,-42082.528220862034,6.5776488561971442,3.0683899460449218,-0.19424913632861657,-0.0028722075049688071
1357200.0000002095,97.723725945729811,-42166.651380151845,3.9778763104234223,3.074543489638546,0.0073763797376566777,-0.0029030117375880753
1358100.0000006286,2862.6182494196532,-42069.259355847775,1.3559450524878454,3.0674613822235561,0.20897316918493725,-0.002921426640202251
1359000.0000004191,5615.1919667426355,-41790.768701335299,-1.2769418334029481,3.0471736784378911,0.40967333294853475,-0.0029273439545193115
1359899.9999998952,8343.5947018525476,-41332.375649687216,-3.9095077453468967,3.0137673026993226,0.6086127715571682,-0.0029207086666725359
1360799.9999996857,11036.079976595336,-40696.051015144192,-6.5304507333598298,2.9673856833899306,0.80493491068925416,-0.0029015195232676878
1361699.9999997905,13681.055604318461,-39884.531755633434,-9.1284920272679351,2.9082281424756466,0.99779439514056245,-0.002869829319093061
1362599.9999995809,16267.133625911501,-38901.309231726817,-11.69242471877871,2.8365490430498261,1.1863607353704357,-0.0028257449491298045
1363500,18783.179382428232,-37750.614206444341,-14.211162393260569,2.7526566979977138,1.3698218913806823,-0.0027694272183388848
1364399.9999997905,21218.359479527884,-36437.398662332249,-16.67378745932167,2.6569120453641437,1.5473877758478654,-0.0027010904049783561
1365299.9999992666,23562.18847958812,-34967.314496629835,-19.069598996061981,2.5497270949166242,1.7182936643203928,-0.0026210015735495763
1366199.9999993714,25804.574079101581,-33346.689202975984,-21.388159852480758,2.4315631539123141,1.8818034946081561,-0.0025294796369358147
1367099.9999997905,27935.86059459659,-31582.498638912766,-23.619342791883504,2.3029288394440135,2.0372130423066634,-0.0024268941683224226
1367999.9999992666,29946.870570901563,-29682.336994151334,-25.753375459510035,2.1643778859142961,2.1838529587453657,-0.0023136639656393676
1368899.9999993714,31828.944333905562,-27654.384084127691,-27.780883955537469,2.0165067569042092,2.3210916582962335,-0.00219025537319244
1369799.9999988475,33573.97729218068,-25507.370135699181,-29.692934771891284,1.8599520737996067,2.4483380407224589,-0.0020571803690861866
1370699.9999989523,35174.454864859355,-23250.538180444819,-31.481074925929583,1.6953878697926976,2.5650440396132299,-0.0019149944252380591
1371599.9999987427,36623.484848860826,-20893.604256528342,-33.137370053039845,1.5235226841027609,2.670706983301367,-0.0017642941530907157
1372499.9999985332,37914.827115384898,-18446.715557026557,-34.654440301571263,1.3450965066465781,2.7648717602986044,-0.0016057147452781435
1373399.9999980093,39042.920487948155,-15920.406730597511,-36.025493831359618,1.1608775883227818,2.8471327785698026,-0.0014399272285265565
1374299.9999981141,40002.906696313366,-13325.554510790495,-37.244357762748585,0.97165912988968717,2.9171357110609293,-0.0012676355418811632
1375199.9999979045,40790.651299115227,-10673.330879777506,-38.305506420611252,0.77825586453326057,2.9745790198015607,-0.0010895734566951679
1376099.9999980093,41402.761492470017,-7975.1549497214764,-39.204086746602393,0.58150054754147895,3.0192152526996461,-0.00090650135361946735
1376999.9999984284,41836.600718986265,-5242.643796832177,-39.935940746929596,0.38224037024543034,3.050852106940944,-0.00071920287543994
1377899.9999985332,42090.300023758209,-2487.5624337608824,-40.497624882237915,0.18133331174998912,3.0693532552479401,-0.00052848147135923509
1378799.9999983236,42162.766103970156,278.2268506888667,-40.886426303947808,-0.02035555489673483,3.0746389312462452,-0.00033515685116182936
1379699.9999984284,42053.686019018904,3042.815571249906,-41.100375865167749,-0.22195778661997265,3.0666862716490622,-0.0001400613665460137
1380599.9999985332,41763.528542352302,5794.300312273579,-41.138257848066772,-0.4226053074326383,3.0455294139907325,5.5963661863548742e-05
1381499.9999983236,41293.542149029403,8520.8339887825932,-40.999616368761515,-0.62143414491122828,3.0112593495485354,0.0002520716564139645
1382399.9999981141,40645.749647269105,11210.676855263553,-40.684758429853396,-0.81758814814097258,2.9640235321028525,0.00044741451408158517
1383299.9999979045,39822.939478162247,13852.247053771134,-40.194753612089329,-1.0102226720746867,2.9040252443150814,0.00064114634160339053
1384199.999997695,38828.65372026743,16434.170485105959,-39.531430409106768,-1.198508212680778,2.8315227243862089,0.00083242717740342187
1385099.9999977998,37667.172850422314,18945.329787536251,-38.697369224462818,-1.3816339773015056,2.7468280566937966,0.0010204266837879846
1385999.9999979045,36343.497327259662,21374.912210354734,-37.695892065972131,-1.5588113748361785,2.6503058311818823,0.0012043277931444052
1386899.9999983236,34863.326072434174,23712.456184089431,-36.531048982958929,-1.7292774114055505,2.5423715768736765,0.0013833302929917636
1387799.9999987427,33233.031947398522,25947.896375270266,-35.207601313042929,-1.8922979761161673,2.4234899765205311,0.001556654333668622
1388699.9999982188,31459.63432768239,28071.607040128099,-33.731001812537698,-2.0471710034473696,2.2941728696840702,0.0017235438443698383
1389599.9999983236,29550.768881150099,30074.44350044123,-32.107371750207271,-2.1932294993986625,2.1549770518672133,0.0018832698438973402
1390499.9999977998,27514.654710110695,31947.781527016745,-30.343475091853232,-2.3298444157524165,2.0065018811985613,0.0020351336293562886
1391399.9999972759,25360.058957497047,33683.554509204063,-28.446689856190634,-2.4564273635503664,1.8493866998257271,0.0021784698331768419
1392299.9999973807,23096.259059938864,35274.288212276544,-26.424976793993022,-2.5724331512676253,1.6843080832045372,0.0023126493326466207
1393199.9999974854,20733.002801924958,36713.132985439675,-24.286845521907221,-2.6773621375811398,1.5119769283969884,0.0024370820006981804
1394099.9999979045,18280.46632801968,37993.893289197753,-22.041318245783941,-2.7707623890383428,1.3331353927120011,0.0025512192870684645
1394999.999997695,15749.210317639476,39111.054397367916,-19.697891253288933,-2.8522316319286953,1.1485536975141,0.0026545566175076316
1395899.9999981141,13150.134484611202,40059.80617357896,-17.266494319641893,-2.9214189908915555,0.9590268089701639,0.0027466356022340399
1396799.9999982188,10494.430628261138,40836.063803453188,-14.757448231321149,-2.9780265054222474,0.76537101224160919,0.0028270460428587592
1397699.999997695,7793.5344087682843,41436.485406303887,-12.181420584968675,-3.0218104185411994,0.56842039172440006,0.0028954277305033756
1398599.9999974854,5059.076068207386,41858.486441353009,-9.549380065472814,-3.0525822312475799,0.36902323352496164,0.0029514720267136557
1399499.9999979045,2302.8303166388005,42100.250845466995,-6.8725494080601068,-3.0702095179897539,0.16803836624391408,0.0029949232203243647
1400399.9999983236,-463.33440517465436,42160.738856710581,-4.162357243918736,-3.074616499660265,-0.03366854439425114,0.0030255796547144008
1401299.9999987427,-3227.507081615101,42039.691488914927,-1.4303890237553474,-3.0657843714374424,-0.23522873199058658,0.003043294620718724
1402199.9999988475,-5977.7854482542898,41737.631635319594,1.3116627416986399,-3.0437513837593957,-0.43577407872217255,0.0030479770109593254
1403099.9999992666,-8702.3272927618418,41255.861796970166,4.0520487348621135,-3.0086126760316922,-0.63444086296085445,0.0030395917331203265
1403999.9999987427,-11389.401475112176,40596.458448642254,6.7790133271820503,-2.9605198639508554,-0.83037348641920161,0.0030181598803482126
1404899.9999982188,-14027.438494454353,39762.263059418809,9.4808451474484841,-2.8996803816808656,-1.0227281680199041,0.0029837586580773547
1405799.9999980093,-16605.080327421263,38756.869816747756,12.145927447096401,-2.8263565824709662,-1.2106765842015053,0.0029365210678892629
1406699.9999977998,-19111.22936254902,37584.610101126229,14.762788085186928,-2.7408646012200832,-1.3934094426618344,0.0028766353498780452
1407599.9999982188,-21535.096210839616,36250.533777211771,17.320148909208999,-2.6435729838923985,-1.5701399732972636,0.0028043441859346438
1408499.9999983236,-23866.246162314346,34760.387395693513,19.806974293832287,-2.5349010908061009,-1.7401073193720702,0.0027199436683429646
1409399.9999981141,-26094.644128435262,33120.589380816797,22.212518670868509,-2.4153172794327373,-1.9025798170837498,0.0026237820373989891
1410299.9999979045,-28210.697838833588,31338.202330151395,24.526372806454432,-2.2853368761431798,-2.0568581465127189,0.0025162581948186677
1411199.9999980093,-30205.299123236236,29420.902540263425,26.738508644303362,-2.1455199454160536,-2.2022783415349432,0.0023978199994129437
1412099.9999974854,-32069.863097799993,27376.946893086129,28.839322519389366,-1.9964688665818322,-2.3382146454649302,0.00226896235294597
1412999.9999972759,-33796.365094226341,25215.137239068918,30.819676564878904,-1.838825728278336,-2.4640822006369798,0.0021302250844005086
1413899.9999970663,-35377.375156516988,22944.782449915037,32.670938116827166,-1.6732695534728641,-2.5793395591925301,0.0019821906434094828
1414799.9999968568,-36806.089976367686,20575.658286278773,34.385016969928181,-1.5005133658982106,-2.6834910057499619,0.0018254816121086896
1415699.9999966472,-38076.362117166107,18117.965270367768,35.954400310940109,-1.3213011119852496,-2.7760886811437229,0.0016607580476811947
1416599.9999964377,-39182.726410928408,15582.284734376994,37.372185192549935,-1.1364044509650808,-2.8567344989658925,0.0014887146668373691
1417499.9999962281,-40120.42340998679,12979.533244680159,38.632108404066607,-0.94661942789840725,-2.9250818464962793,0.0013100778855369782
1418399.9999960186,-40885.41979788537,10320.915593704722,39.728573618558933,-0.75276304377011005,-2.9808370632890511,0.0011256027268956488
1419299.9999961234,-41474.425673305588,7617.8765607209543,40.656675703981556,-0.55566973742366321,-3.0237606913912698,0.00093606961096028083
1420199.9999959138,-41884.908632387444,4882.0516580288504,41.412222095166541,-0.35618779517632809,-3.0536684920274255,0.00074228104122328641
1421099.9999963329,-42115.104594441451,2125.2170595873313,41.991751145339755,-0.15517570248981716,-3.0704322250238527,0.00054505820149306232
1421999.999996752,-42164.025322642381,-640.76105001109067,42.39254737701711,0.046501544999762501,-3.0739801877281057,0.00034523747970318806
1422899.9999968568,-42031.462613266551,-3403.9775187909686,42.612653580201794,0.24797615751907692,-3.0642975117710423,0.00014366693174269673
1423799.9999972759,-41717.989133552735,-6152.5394192004369,42.650879704941538,0.44838127663557792,-3.0414262164774186,-5.8797297559954974e-05
1424699.9999970663,-41224.955909122502,-8874.6171753979506,42.506808519697842,0.64685469482553748,-3.0054650192250261,-0.0002612945812688368
1425599.9999974854,-40554.486470277305,-11558.495423099577,42.180798016335025,0.84254255456153415,-2.9565689036295844,-0.00046296343073128126
1426499.9999972759,-39709.467688658471,-14192.623353509754,41.673980558442537,1.034603009060628,-2.8949484480085079,-0.00066294511187870624
1427399.9999970663,-38693.537335394954,-16765.664369936829,40.988258778706395,1.2222098324804596,-2.8208689165035095,-0.00086038724554453674
1428299.9999968568,-37511.068425265461,-19266.544800264124,40.126298252857367,1.4045559611390381,-2.7346491176269625,-0.0010544473735466572
1429199.9999972759,-36167.150405971246,-21684.501490768813,39.091516982080734,1.5808569533444972,-2.6366600345472806,-0.0012442964785155009
1430099.9999970663,-34667.567279874813,-24009.128059125342,37.88807173697267,1.7503543519448779,-2.5273232334345428,-0.0014291224419229458
1430999.9999971711,-33018.772740726228,-26230.419629534608,36.520841315923128,1.9123189369852258,-2.4071090557813113,-0.0016081334283386955
1431899.9999966472,-31227.862448658478,-28338.815830506392,34.995406804788729,2.0660538527456036,-2.2765346035342771,-0.0017805611806876313
1432799.9999964377,-29302.543540303202,-30325.241904528233,33.318028905445793,2.2108975984125676,-2.1361615238981893,-0.0019456642168196464
1433699.9999965425,-27251.101523748377,-32181.147725417795,31.495622445046088,2.3462268677014864,-1.9865936044876757,-0.0021027309135208884
1434599.9999960186,-25082.364686560977,-33898.544574463027,29.535728161232932,2.4714592267333448,-1.8284741879015329,-0.0022510824685890362
1435499.9999964377,-22805.666162851328,-35470.039517922552,27.446481872865292,2.5860556187953301,-1.6624834160641258,-0.0023900757310018872
1436399.9999965425,-20430.803848247338,-36888.867217791645,25.236581184986779,2.689522683779924,-1.4893353177911246,-0.0025191058881290761
1437299.9999969616,-17967.998287735114,-38148.919072713281,22.915249818091532,2.7814148847762574,-1.3097747483731548,-0.0026376090044436295
1438199.9999970663,-15427.848765319617,-39244.769528030723,20.492199746104156,2.8613364300071562,-1.1245741975603141,-0.0027450644008466438
1439099.9999974854,-12821.287739493415,-40171.699468562358,17.977591248743465,2.928942983686746,-0.93453047615374785,-0.0028409968699398781
1439999.9999969616,-10159.533851635853,-40925.716573896847,15.381991060663426,2.9839431568561965,-0.74046129750014777,-0.0029249787189561975
1440899.9999973807,-7454.0436772166831,-41503.57255998336,12.716328745255518,3.0260997724147831,-0.54320176604908388,-0.0029966316354620051
1441799.9999977998,-4716.4624670370495,-41902.777218430754,9.9918514955842728,3.055230897622041,-0.34360079081947992,-0.0030556283686176328
1442699.9999982188,-1958.5740404408807,-42121.609205003915,7.2200774823840792,3.0712106402395478,-0.14251743545505305,-0.0031016942218822221
1443599.999997695,807.7499121742685,-42159.123518036205,4.4127479634931071,3.0739697036757527,0.059182776438873083,-0.0031346083503186514
1444499.9999977998,3570.600934779251,-42015.155637694887,1.5817782976366532,3.0634956986939312,0.26063158736161907,-0.003154204857633082
1445399.9999975902,6318.0850563142694,-41690.322304513109,-1.2607919112037942,3.0398332097926466,0.46096174417958535,-0.0031603736866221456
1446299.999997695,9038.3740164879964,-41186.018932310246,-4.1028494025179691,3.0030836156038805,0.6593107360855669,-0.003153061297747381
1447199.9999977998,11719.756200408623,-40504.413665522923,-6.932258341514058,2.95340466376806,0.85482451267608639,-0.0031322711294161443
1448099.9999979045,14350.687091107417,-39648.43810338794,-9.7369117260613436,2.8910098016895152,1.0466611680227893,-0.0030980638341687569
1448999.9999983236,16919.839006918693,-38621.77473070554,-12.504782899029356,2.8161672658831471,1.2339945735088089,-0.0030505572848018329
1449899.9999977998,19416.149908235315,-37428.841110135851,-15.223976956364115,2.729198933786527,1.4160179434557132,-0.0029899263449819952
1450799.9999972759,21828.871080410023,-36074.770894421505,-17.882781856786821,2.6304789422200474,1.591947319175173,-0.0029164023988567864
1451699.999996752,24147.6134519853,-34565.39175443061,-20.469718977945551,2.5204320794707709,1.7610249536074298,-0.0028302726361498901
1452599.9999968568,26362.392376565778,-32907.200306258499,-22.973592928915973,2.399531957110876,1.9225225837588829,-0.0027318790890919287
1453499.9999966472,28463.670669590243,-31107.334151832962,-25.383540379506872,2.2682989699908176,2.0757445754694426,-0.0026216174197727349
1454399.9999961234,30442.399721111928,-29173.541148594268,-27.689077690356818,2.1272980529775842,2.2200309272470662,-0.0024999354575306202
1455299.9999959138,32290.058500678737,-27114.146044324356,-29.880147113564924,1.9771362445433687,2.3547601195791845,-0.0023673314883155046
1456199.9999963329,33998.690283812881,-24938.014624456471,-31.947161340316669,1.8184600681612322,2.4793517971526384,-0.002224352299994905
1457099.9999964377,35560.936941980392,-22654.515529184722,-33.881046178825599,1.6519527432125731,2.5932692723653106,-0.0020715909896261509
1457999.9999965425,36970.070660658697,-20273.479887042358,-35.673281167455841,1.4783312363432912,2.6960218402188807,-0.0019096845394083661
1458899.9999963329,38220.022924625344,-17805.158971950739,-37.315937890785307,1.29834316860277,2.7871668928727225,-0.0017393111734650393
1459799.9999964377,39305.410669407342,-15260.18003338909,-38.80171583489598,1.1127635895051637,2.866311826546756,-0.0015611875051657917
1460699.9999968568,40221.559467015737,-12649.500523185226,-40.12397557572492,0.92239163451552331,2.9331157312553953,-0.0013760654909082148
1461599.9999963329,40964.523660308216,-9984.3608951716687,-41.276769149383796,0.72804707898755372,2.9872908572597492,-0.0011847292041715144
1462499.999996752,41531.103357774038,-7276.236174292223,-42.254867449349895,0.53056680302678128,3.0286038519666594,-0.00098799144586177189
1463399.9999965425,41918.858205150049,-4536.7865486432902,-43.053784493973623,0.33080118586159479,3.0568767613583541,-0.00078669021182893031
1464299.9999969616,42126.117892598602,-1777.8071334647909,-43.669798469092825,0.12961044064377336,3.0719877931323438,-0.00058168503144214877
1465199.999996752,42151.989338803847,988.82281392503933,-44.099969416582333,-0.072139089964790931,3.0738718374651239,-0.00037385320084969175
1466099.9999965425,41996.360530711594,3751.1910616029782,-44.342153497515156,-0.27357866529655195,3.0625207440303432,-0.00016408592658557518
1466999.9999960186,41659.900998547804,6497.4036938633944,-44.39501374910197,-0.47384088645086969,3.0379833539527219,4.6715597948029499e-05
1467899.9999961234,41144.058926239435,9215.6363312419871,-44.258027288095029,-0.6720634302785774,3.000365286850438,0.00025764416541752328
1468799.9999962281,40451.054912662177,11894.185034479553,-43.931488924458357,-0.86739275982269382,2.9498284842060745,0.00046779055543682858
1469699.9999960186,39583.872407088602,14521.516704236174,-43.416511168181628,-1.0589877976418449,2.8865905108532166,0.00067624754641488441
1470599.9999964377,38546.244860293213,17086.318742648422,-42.715020626416887,-1.2460235451221331,2.8109236176489043,0.0008821139180627954
1471499.9999965425,37342.639654699618,19577.547749652764,-41.829750813839453,-1.4276946313865069,2.7231535699646154,0.0010844984248242801
1472399.9999969616,35978.238869318091,21984.477081836871,-40.764231400950671,-1.6032187794071335,2.6236582460350473,0.0012825237250320399
1473299.9999970663,34458.916974941007,24296.743034043619,-39.522773957818089,-1.7718401719912227,2.5128660120657424,0.001475330245311026
1474199.9999974854,32791.215545166349,26504.38946934163,-38.110454251261338,-1.932832705062252,2.3912538802474894,0.0016620799650534721
1475099.9999979045,30982.315099978259,28597.910689846496,-36.533091182000412,-2.0855031132196316,2.2593454580703716,0.0018419601031354578
1475999.999997695,29040.004197773887,30568.292373524037,-34.79722245299974,-2.229193954912736,2.1177086972474184,0.0020141866916978425
1476899.9999971711,26972.645901750304,32407.050404821042,-32.910077071672816,-2.3632864447314255,1.9669534512733398,0.0021780080220418739
1477799.9999972759,24789.141780551687,34106.267414657719,-30.879544822725791,-2.487203119383135,1.8077288531132367,0.0023327079464564543
1478699.999996752,22498.893588905892,35658.626885159807,-28.714142839915631,-2.6004103267969438,1.6407205234811642,0.002477609023048576
1479599.9999965425,20111.762778021661,37057.444679369117,-26.422979410170896,-2.702420528114454,1.4666476204684074,0.0026120754910152933
1480499.9999963329,17638.02803963629,38296.697837302265,-24.015715197547824,-2.7927944009178298,1.286259745239946,0.0027355160617414864
1481399.9999964377,15088.341036277547,39371.050535143935,-21.502522029239337,-2.8711427360562687,1.1003337147933359,0.0028473865159197786
1482299.9999968568,12473.680531829483,40275.877080027451,-18.894039446786156,-2.9371281186311489,0.90967021728511444,0.0029471920943021403
1483199.9999972759,9805.305099878311,41007.281850953223,-16.2013291931375,-2.9904663864572907,0.71509036278900751,0.0030344896729970153
1484099.999997695,7094.7046270995288,41562.116092015785,-13.435827847406985,-3.030927858983016,0.51743214528424686,0.0031088897133951274
1484999.9999977998,4353.5508143985298,41937.991487624167,-10.609297807620734,-3.0583383313578594,0.31754683064683958,0.0031700579787376166
1485899.9999982188,1593.6468887262063,42133.290459492091,-7.7337768341593431,-3.072579829071016,0.11629528619781045,0.0032177170099595993
1486799.9999986379,-1173.1232484706504,42147.173139355487,-4.8215263826649686,-3.0735911196231931,-0.085455731650112082,0.0032516473543424016
1487699.9999987427,-3934.8462281822312,41979.580988487898,-1.8849789390915022,-3.0613679789550474,-0.28683731638157522,0.0032716885420059818
1488599.9999988475,-6679.6305539773239,41631.237045455564,1.0633154136928822,-3.0359632111307837,-0.48698216067010253,0.0032777398058829749
1489499.9999986379,-9395.6578374424589,41103.642801999915,4.0107429486388959,-2.9974864211460073,-0.68502829846250168,0.0032697605420303902
1490399.9999981141,-12071.233726838516,40399.071719598222,6.9446805530019899,-2.9461035416828478,-0.88012282493576244,0.0032477705085303585
1491299.9999982188,-14694.838300860702,39520.559413206312,9.8525500491218043,-2.8820361156878245,-1.0714255774898687,0.0032118497619979154
1492199.9999983236,-17255.175695681988,38471.890549942589,12.721872326456097,-2.8055603382359462,-1.2581127606587483,0.0031621383323113426
1493099.9999984284,-19741.222779716714,37257.58251062013,15.540321082320247,-2.717005861195211,-1.4393805011905421,0.0030988356367673726
1493999.9999985332,-22142.276637200917,35882.865892924259,18.295775907299049,-2.6167543664988542,-1.6144483156626379,0.0030221996366199713
1494899.9999980093,-24448.000666359516,34353.661939152291,20.976374497434382,-2.5052379141726089,-1.7825624762654873,0.0029325457398440666
1495799.9999981141,-26648.469100238031,32676.556980588673,23.570563775971412,-2.38293707196947,-1.94299926057582,0.0028302454547309299
1496699.9999982188,-28734.209736142115,30858.774023788479,26.067149678412523,-2.2503788359192569,-2.0950680695512984,0.0027157248012401334
1497599.999997695,-30696.244712250264,28908.141588474817,28.455345412367219,-2.1081343499941898,-2.238114401846818,0.0025894624865084072
1498499.9999971711,-32526.129145413175,26833.05993702144,30.72481797259217,-1.9568164353220114,-2.3715226707990409,0.0024519878529798921
1499399.9999972759,-34215.987458998403,24642.464848440315,32.865732704875377,-1.7970769403389419,-2.4947188515489209,0.0023038786088306297
1500299.999997695,-35758.547249921168,22345.78909153683,34.868795733267063,-1.629603923410903,-2.6071729472941851,0.0021457583507703934
1501199.9999977998,-37147.170552592033,19952.921759806075,36.725294072691078,-1.4551186800295601,-2.7084012643350404,0.0019782938900431333
1502099.9999979045,-38375.882362749879,17474.165646310532,38.427133251709243,-1.2743726278252423,-2.7979684860032341,0.0018021923937373112
1502999.9999973807,-39439.396293550286,14920.19285649126,39.966872276700812,-1.088144064061243,-2.8754895362937414,0.0016181983551665894
1503899.9999974854,-40333.137269030129,12301.998823529846,41.33775580855189,-0.89723480782052667,-2.9406312264466727,0.0014270904049201198
1504799.9999972759,-41053.261140252987,9630.8549661241941,42.533743389589887,-0.70246674455286762,-2.9931136763191386,0.0012296779797449423
1505699.9999970663,-41596.671160786907,6918.2601482912041,43.549535625679503,-0.50467828476250987,-3.0327115061607044,0.0010267978608582572
1506599.9999968568,-41961.03123880332,4175.8911816527607,44.380597194663849,-0.30472075446980906,-3.0592547930194507,0.00081931059927688806
1507499.9999969616,-42144.775915681035,1415.5525758334788,45.0231765923713,-0.10345473249498657,-3.0726297883985123,0.00060809684344943912
1508399.9999970663,-42147.117030825524,-1350.8742513405489,45.474322536762131,0.098253649994361147,-3.0727793945082076,0.00039405358504172102
1509299.9999971711,-41968.047044909632,-4111.4820842115205,45.731896962679926,0.29953643170111588,-3.0597033973698813,0.00017809033946363827
1510199.9999972759,-41608.339009197523,-6854.3891173982029,45.794584555496236,0.49952754902722168,-3.0334584561457163,-3.8874721872012714e-05
1511099.9999973807,-41069.543183394155,-9567.7900448887412,45.661898788569943,0.69736655384913393,-2.9941578491287526,-0.00025591867089987341
1511999.9999971711,-40353.980318025133,-12240.006811941479,45.334184443578408,0.89220230551695856,-2.9419709777904166,-0.00047211773697808032
1512899.9999969616,-39464.731630139206,-14859.538816416598,44.812616607092245,1.0831966217436213,-2.8771226311815439,-0.00068655121908374928
1513799.9999964377,-38405.625520137553,-17415.112332931592,44.099196154766126,1.2695278721193146,-2.799892014328706,-0.00089830537833278769
1514699.9999968568,-37181.221082025702,-19895.728968210442,43.196741744860653,1.4503945005628356,-2.7106115445489967,-0.0011064772957747743
1515599.9999972759,-35796.788487043923,-22290.712917948025,42.108878365914045,1.6250184602651325,-2.6096654215728798,-0.0013101786772183378
1516499.9999970663,-34258.286315122037,-24589.756848778732,40.840022485912648,1.7926485485730699,-2.4974879769095826,-0.0015085395911685602
1517399.9999974854,-32572.335933889975,-26782.966197887061,39.395363871838732,1.9525636269967366,-2.3745618096788421,-0.0017007121233722927
1518299.9999972759,-30746.193045816697,-28860.901689288399,37.780844171301176,2.1040757119864937,-2.2414157175983411,-0.001885873931863498
1519199.9999973807,-28787.716503361586,-30814.619915448777,36.003132333263977,2.2465329257254227,-2.0986224302561611,-0.0020632316907111033
1520099.9999968568,-26705.334550359818,-32635.711778058252,34.069596997442069,2.3793222921541224,-1.9467961560033387,-0.0022320244058645555
1520999.9999969616,-24508.00860534958,-34316.33865545212,31.988275947410678,2.5018723687794142,-1.7865899506598797,-0.0023915265929928316
1521899.9999973807,-22205.194771680472,-35849.266111557226,29.767842786568334,2.6136557009369557,-1.6186929212331411,-0.0025410513024635493
1522799.9999974854,-19806.803209530604,-37227.895028578634,27.417570952290205,2.714191090036417,-1.4438272741966516,-0.0026799529827358747
1523699.9999975902,-17323.155556164438,-38446.290015400555,24.947295231672605,2.8030456650570525,-1.2627452215939328,-0.0028076301706630126
1524599.9999973807,-14764.940579107983,-39499.204969444247,22.367370942672942,2.8798367483815337,-1.0762257581049148,-0.0029235279994429915
1525499.9999974854,-12143.168239039644,-40382.105687961899,19.688630936625334,2.9442335083260138,-0.88507132164263158,-0.0030271405166655309
1526399.9999975902,-9469.122371921947,-41091.189423961274,16.92234061063705,2.9959583906083798,-0.69010435244959445,-0.0031180128045369556
1527299.999997695,-6754.3121749261591,-41623.401307934975,14.080151093103233,3.0347883228354413,-0.49216376386880401,-0.0031957428967662621
1528199.9999974854,-4010.4227239399365,-41976.447556549414,11.174050809432496,3.0605556860377039,-0.29210134115325315,-0.0032599834859639511
1529099.9999979045,-1249.2647070523738,-42148.805415720795,8.2163155899574853,3.0731490491529105,-0.090778081559219459,-0.0033104434178475124
1529999.9999980093,1517.2763711687671,-42139.729787245531,5.2194575558516645,3.0725136624512666,0.11093950584397008,-0.003346888967414197
1530899.9999984284,4277.2913461930657,-41949.256514115172,2.1961729276947635,3.0586517077646667,0.3121831284559588,-0.003369144894931828
1531799.9999988475,7018.8986452127338,-41578.202303832142,-0.84071099454292131,3.0316223036737737,0.51208644717745622,-0.0033770952779673858
1532699.9999992666,9730.2954423444262,-41028.161290147509,-3.8782895087729798,2.9915412653455613,0.70978880818070844,-0.0033706841174910508
1533599.999999057,12399.808485623616,-40301.498244902425,-6.9036346289635597,2.9385806195462707,0.90443895242284489,-0.0033499157154700475
1534499.9999988475,15015.944381698024,-39401.33846591162,-9.9038494438143161,2.8729678764182927,1.0951986871338208,-0.0033148548216348269
1535399.9999992666,17567.439109004579,-38331.554385880809,-12.866122494085459,2.7949850610337656,1.28124650235605,-0.0032656265472296758
1536299.9999996857,20043.306553475526,-37096.748957875294,-15.777781967333578,2.7049675085507552,1.4617811172654058,-0.0032024160435234579
1537199.9999994761,22432.885863292093,-35702.235882936133,-18.626349505904642,2.6033024275862626,1.6360249411505081,-0.0031254679425474917
1538099.9999998952,24725.887407155999,-34154.016766254877,-21.399593402368858,2.4904272379975434,1.8032274330273754,-0.0030350855579725868
1539000,26912.437123394524,-32458.755310859353,-24.085580949785626,2.3668276909700889,1.9626683440654069,-0.0029316298449975522
1539899.9999997905,28983.119101642744,-30623.748637937755,-26.672729770472159,2.2330357779292456,2.1136608309739255,-0.0028155181166891487
1540799.9999995809,30929.0161799751,-28656.895876228882,-29.149857866343797,2.0896274387404175,2.2555544242228525,-0.0026872225172564356
1541699.9999993714,32741.748395612434,-26566.664147678744,-31.506232189462462,1.9372200786099067,2.3877378390291111,-0.0025472682522614575
1542599.9999997905,34413.509117661815,-24362.052099964123,-33.731615509505708,1.7764699048545296,2.509641616374513,-0.0023962315777456217
1543500.0000002095,35937.098705054763,-22052.551145339392,-35.816311362386784,1.6080690953945322,2.6207405824409418,-0.0022347375517122879
1544400.0000006286,37305.95554955957,-19648.104565464735,-37.751206876157994,1.4327428108685214,2.7205561161207021,-0.0020634575524687612
1545300.0000004191,38514.184360416235,-17159.064671354114,-39.527813255815076,1.2512460644363592,2.8086582140740419,-0.0018831065716369791
1546200.0000002095,39556.581576151068,-14596.148192351218,-41.138303738514878,1.0643604622304446,2.8846673449787912,-0.0016944402900064784
1547100.0000003143,40428.657785810807,-11970.390103303111,-42.575548817184739,0.87289082997975953,2.9482560844307799,-0.0014982519483878192
1548000.0000007334,41126.657071061025,-9293.0960762677405,-43.833148564251118,0.67766173964726972,2.9991505241345724,-0.0012953690254679906
1548900.0000011525,41647.57318265122,-6575.7937690464178,-44.905461883501118,0.47951395178486006,3.0371314492188861,-0.0010866497379393571
1549800.0000015716,41989.162483190696,-3830.1831580944254,-45.787632538940635,0.27930078892696064,3.0620352788922856,-0.00087297937912960517
1550700.0000013621,42149.95360022458,-1068.0861370871908,-46.475611820918395,0.077884456300903959,3.0737547665601928,-0.00065526651454073884
1551600.0000017812,42129.253750589531,1698.6044130512623,-46.966177732795934,-0.12386767504416699,3.0722394567798461,-0.00043443905245570857
1552500.0000022002,41927.151708576916,4457.9758424898564,-47.256950589910552,-0.32508680513222177,3.0574958972780677,-0.00021144021122272924
1553400.0000026193,41544.517407796207,7198.147043821441,-47.34640495254628,-0.52490644773675921,3.0295876055187589,1.2775598128557648e-05
1554300.0000024098,40982.998178838985,9907.3196143126315,-47.233877822302027,-0.72246616123830198,2.9886347901833763,0.00023724695120199313
1555200.0000022002,40245.011638483113,12573.828667073858,-46.919573056723664,-0.91691525302668919,2.9348138288995136,0.00046100963170787548
1556100.0000019907,39333.735265455311,15186.193051829128,-46.404561974398277,-1.1074164401260547,2.8683565049287267,0.00068310087215754049
1557000.0000014668,38253.092705315896,17733.164789139304,-45.690780142040936,-1.2931494518969784,2.7895490060393202,0.00090256359437234832
1557900.0000012573,37007.736864449515,20203.777497873885,-44.78102035260644,-1.4733145589357302,2.6987306900204611,0.0011184506284900109
1558800.0000010477,35603.029868969024,22587.393604214671,-43.678921825046245,-1.6471360129204278,2.5962926224062324,0.001329828889902189
1559700.0000011525,34045.019971468566,24873.750138389682,-42.388955669854816,-1.813865383462292,2.4826758924558785,0.0015357834952111709
1560600.0000006286,32340.41550857215,27053.00291549565,-40.916406686795355,-1.9727847772958349,2.3583697148551739,0.0017354217975382139
1561500.0000004191,30496.556012753819,29115.768922355324,-39.267351568317508,-2.123209926992867,2.2239093246049229,0.0019278773238648099
1562400.0000008382,28521.380616315641,31053.166709432287,-37.448633617321001,-2.2644931346913895,2.0798736750387663,0.002112313595027125
1563300.0000006286,26423.393874757508,32856.854628860405,-35.467834085295635,-2.3960260593675309,1.9268829481084597,0.0022879278127518926
1564200.0000007334,24211.629148263946,34519.06675822923,-33.333240250260587,-2.517242336042512,1.7655958868920474,0.0024539543980505157
1565100.0000005239,21895.60971679947,36032.646338517239,-31.05381039326209,-2.6276200144599988,1.5967069629482553,0.0026096683640103829
1566000.0000003143,19485.307775959005,37391.076599699729,-28.639135809980949,-2.7266838080226576,1.4209433890678336,0.0027543885101899749
1566900.0000001048,16991.101507152049,38588.508827392208,-26.099400042078781,-2.8140071422680113,1.2390619913608363,0.0028874804236170247
1567800.0000002095,14423.730387485977,39619.78756131322,-23.445335489127817,-2.8892139948560054,1.0518459525713255,0.0030083592748732686
1568700.0000003143,11794.248950949037,40480.472805261408,-20.688177611423651,-2.9519805181979226,0.86010144189949367,0.0031164923962143428
1569600.0000004191,9113.9791826113869,41166.859161245251,-17.839616907349722,-3.002036438229001,0.66465414445558246,0.0032114016317787305
1570500.0000002095,6394.4617598575369,41675.991799553027,-14.911748884837083,-3.0391662227402705,0.46634570585369717,0.0032926654493962691
1571400.000000943,3647.4063422583831,42005.679197078374,-11.917022236790356,-3.0632100141637788,0.26603010658214488,0.0033599208053315772
1572300.0000007334,884.64114677497162,42154.502585019596,-8.8681854712466475,-3.0740643223356439,0.064569983381327037,0.0034128647534704109
1573200.0000005239,-1881.9380196344277,42121.8220701393,-5.7782321797091134,-3.0716824744394029,-0.13716708981421233,0.003451255793253592
1574100,-4640.4189931788151,41907.779395557125,-2.6603452442437199,-3.0560748194654832,-0.33831234113641379,0.003474914949236831
1574999.9999994761,-7378.9245809688591,41513.297332741218,0.47215982851988403,-3.0273086864069061,-0.53799954767919667,0.0034837265787752546
1575899.9999998952,-10085.663729125767,40940.075704565461,3.6058921640955894,-2.9855080960268232,-0.7353687713749959,0.0034776389037530276
1576800,-12748.982317806927,40190.584058663881,6.7274431265211598,-2.9308532274696821,-0.92957006813886356,0.0034566642644405774
1577699.9999997905,-15357.413379503709,39268.051017621357,9.8234440426948968,-2.863579641550162,-1.1197671552569024,0.0034208790943013258
1578599.9999995809,-17899.726503011163,38176.450354478089,12.880623770475816,-2.7839772641879352,-1.3051410195005664,0.0033704236158468991
1579499.9999993714,-20364.976212195466,36920.483855387247,15.885865863224721,-2.6923891344680979,-1.4848934503846136,0.0033055012591341713
1580399.9999991618,-22742.549120019852,35505.561039483735,18.826265094216858,-2.5892099224459217,-1.658250483807707,0.0032263778053541504
1581299.9999989523,-25022.209644866754,33937.775826668789,21.689183084949022,-2.474884223360267,-1.8244657403381208,0.0031333802594615623
1582199.9999987427,-27194.144095358119,32223.880252645784,24.462302800717538,-2.3499046355888593,-1.9828236438142051,0.0030268954568111054
1583099.9999985332,-29249.002927160145,30371.255349653908,27.133681669647672,-2.2148096311094538,-2.1326425057483784,0.0029073684103092909
1583999.9999983236,-31177.940999783226,28387.879311162003,29.691803108473803,-2.0701812272512483,-2.2732774628355417,0.0027753004049790512
1584899.9999984284,-32972.655646672254,26282.293088795777,32.125626215541999,-1.9166424707385981,-2.4041232538239932,0.0026312468490845777
1585799.9999982188,-34625.422401226693,24063.563567200137,34.424633424478735,-1.7548547448648188,-2.524616824181722,0.0024758148912311113
1586699.9999980093,-36129.128229300768,21741.244469506713,36.578875919104071,-1.5855149111588287,-2.6342397476071207,0.0023096608135710333
1587599.9999984284,-37477.302114342565,19325.335175973418,38.57901659886781,-1.4093522990969087,-2.7325204531552294,0.0021334872136397317
1588499.9999979045,-38664.142867954048,16826.237634553298,40.416370414310023,-1.2271255571357209,-2.8190362487353533,0.0019480399874624824
1589399.999997695,-39684.544058120693,14254.711526886904,42.082941916667885,-1.0396193772236106,-2.8934151331987845,0.0017541051256442491
1590299.9999974854,-40534.115928407176,11621.827921698134,43.571459830323718,-0.84764110992696517,-2.9553373878961748,0.0015525053394546968
1591199.9999972759,-41209.204231611358,8938.9215877452225,44.87540852487826,-0.65201728292423311,-3.0045369422830213,0.0013440965298216871
1592099.999996752,-41706.905892182353,6217.5421814036927,45.989056244402477,-0.45359003872167358,-3.04080250751749,0.0011297641155037367
1592999.9999971711,-42025.081431727478,3469.404518120446,46.907479974811366,-0.25321350698447687,-3.06397847348437,0.00091041923653913213
1593899.9999972759,-42162.364104800647,706.33815757877528,47.626586840328365,-0.051750128339088153,-3.0739655656408922,0.00068699485093910381
1594799.9999970663,-42118.165712152695,-2059.7635108823833,48.143131951113823,0.14993305669818277,-3.0707212595534186,0.00046044173935400116
1595699.9999965425,-41892.679063225529,-4816.9944382533386,48.454732617366112,0.35096813584339864,-3.0542599513384832,0.00023172443721004008
1596599.9999963329,-41486.877081649036,-7553.4871281937667,48.559878876144957,0.55049005472464685,-3.0246528838238125,1.8171115805190734e-06
1597499.999995809,-40902.508560133821,-10257.463671357846,48.457940289793953,0.7476403321393611,-2.9820278291578672,-0.00022830059917553977
1598399.9999962281,-40142.090581825963,-12917.286395139981,48.149168989618886,0.94157074596193902,-2.9265685293579073,-0.00045764776596462093
1599299.9999966472,-39208.897647644495,-15521.507885807237,47.634698956207558,1.1314469721578808,-2.8585138978993059,-0.00068524634935670972
1600199.9999964377,-38106.947552140744,-18058.920198725253,46.916541543226543,1.3164521636815758,-2.7781569856365271,-0.00091012536427359102
1601099.9999962281,-36840.984068491853,-20518.603036614804,45.997577264525425,1.4957904534591258,-2.6858437156256683,-0.001131325010244886
1601999.9999963329,-35416.456526619957,-22889.970673494037,44.881543890220463,1.6686903655165526,-2.5819713930789838,-0.0013479007479953516
1602899.999995809,-33839.496366995831,-25162.817443458538,43.573020904372946,1.8344081213568451,-2.4669869965291116,-0.0015589273065926578
1603799.9999955995,-32116.890763823583,-27327.361606001061,42.077410387861612,1.9922308281551024,-2.3413852570417841,-0.0017635026046622908
1604699.9999957043,-30256.053445807182,-29374.287377385663,40.400914424289077,2.1414795337233969,-2.2057065347794658,-0.0019607515668830506
1605599.999995809,-28264.992829626579,-31294.784967402837,38.550509122197496,2.2815121368197144,-2.0605345012130374,-0.0021498298213423607
1606499.9999952852,-26152.277602320806,-33080.588448134593,36.533915367793789,2.4117261404313353,-1.9064936367649583,-0.0023299272620592956
1607399.9999947613,-23926.999897300841,-34724.011293418924,34.359566434179726,2.5315612365155666,-1.7442465542424597,-0.0025002714619535215
1608299.9999948661,-21598.736232067691,-36217.97942859774,32.036572599195701,2.6405017107108208,-1.5744911600805851,-0.0026601309213760823
1609199.9999952852,-19177.506363478133,-37556.06165992633,29.574682915738236,2.7380786576614335,-1.3979576644880674,-0.0028088181401138344
1610099.9999950756,-16673.730236979722,-38732.497350705904,26.984244300372445,2.8238719973822728,-1.2154054530624712,-0.002945692500441935
1610999.9999948661,-14098.183207941243,-39742.221226449306,24.276158110126712,2.8975122841483891,-1.0276198325470596,-0.0030701629502189643
1611899.9999949709,-11461.949743257033,-40580.885194260089,21.461834410737051,2.95868229954776,-0.83540866558460192,-0.0031816904749783666
1612799.9999950756,-8776.3757831841922,-41244.877091763279,18.553144112451129,3.0071184234769954,-0.63959890726763757,-0.0032797903511108287
1613699.9999948661,-6053.0199692981332,-41731.336280716569,15.562369177056702,3.0426117767874019,-0.44103305818751043,-0.0033640341720038757
1614599.9999943422,-3303.6039507647733,-42038.166015563991,12.502151108160511,3.0650091303372364,-0.24056554916768957,-0.0034340516403247642
1615499.9999947613,-539.96197561988413,-42164.042533157408,9.3854379316559484,3.074213576319575,-0.039059072498296259,-0.003489532121172232
1616399.9999951804,2226.0099998705559,-42108.420821984255,6.2254299035242129,3.0701849585734196,0.16261912354527308,-0.0035302259514639507
1617299.9999949709,4982.4054969373947,-41871.537046753125,3.0355241308083682,3.0529400598262417,0.36360096343808945,-0.0035559455031109626
1618199.9999950756,7717.3587559944663,-41454.407611440336,-0.17074164985041484,3.02255254431681,0.56302127906429689,-0.0035665659971569879
1619099.9999954947,10419.095805147486,-40858.824865897965,-3.3797459006177966,2.9791526558339707,0.76002153363400249,-0.003562026067781234
1619999.9999952852,13075.985155079332,-40087.349471316673,-6.5778405148531958,2.922926671944972,0.95375352022173765,-0.003542328075980327
1620899.9999957043,15676.587901030656,-39143.299451571351,-9.7514082282265289,2.8541161160485995,1.143383018852256,-0.0035075381728554207
1621799.9999954947,18209.70698635697,-38030.73598528716,-12.886919948375429,2.7730167309344069,1.3280933940842974,-0.0034577861135817083
1622699.9999955995,20664.43546281771,-36754.445982434598,-15.97099183771782,2.679977216755991,1.5070891208684341,-0.0033932648227149209
1623599.99999539,23030.20348943349,-35319.921535346504,-18.990441867047299,2.5753977397266761,1.6795992196007563,-0.0033142297127808466
1624499.9999954947,25296.823901891043,-33733.336317426998,-21.93234566259417,2.4597282166850682,1.8448805878268904,-0.0032209977571698799
1625399.9999955995,27454.536129777833,-32001.519042076139,-24.784091395763664,2.3334663835976399,2.002221212033517,-0.0031139463196152447
1626299.99999539,29494.048289661714,-30131.924084343773,-27.533433521458097,2.1971556553992713,2.1509432466477891,-0.0029935117415037927
1627199.9999951804,31406.577257744579,-28132.599399054503,-30.168545131840329,2.0513827869154282,2.2904059455916577,-0.0028601876894875505
1628099.9999946565,33183.886551051801,-26012.151872452017,-32.678068715195124,1.8967753449167832,2.4200084335893588,-0.0027145232657585436
1628999.999994447,34818.321854241578,-23779.710254646379,-35.051165110600628,1.7339990021662208,2.5391923050433278,-0.0025571208837430344
1629899.9999942374,36302.844033439847,-21444.885837652957,-37.277560443691875,1.5637546656518246,2.6474440386460274,-0.0023886339131591341
1630799.9999937136,37631.059497317059,-19017.731045036373,-39.347590843354645,1.3867754513375461,2.7442972173142723,-0.0022097640987502297
1631699.999993504,38797.247771937604,-16508.696113142119,-41.252244736631312,1.2038235188203419,2.8293345435490878,-0.0020212587585119279
1632599.9999939231,39796.38616607953,-13928.584059802804,-42.983202520794684,1.0156867804686676,2.9021896411268147,-0.0018239077692420108
1633499.9999937136,40624.171425473593,-11288.504128408287,-44.532873432456817,0.8231754990474186,2.9625486356775421,-0.0016185403477143642
1634399.999993504,41277.038282424764,-8599.8239039832824,-45.894429435767996,0.62711878847257685,3.0101515073551188,-0.001406021637600347
1635299.9999939231,41752.174815226645,-5874.1203248241636,-47.061835950618338,0.42836103428776517,3.044793209443156,-0.0011872491157289852
1636199.9999933993,42047.534555636506,-3123.1298019274445,-48.029879268558801,0.227758249604195,3.0663245485357922,-0.00096314883191023985
1637099.9999931897,42161.845296719395,-358.69762848764856,-48.794190525135328,0.026174380025206768,3.0746528230022507,-0.00073467149545132569
1637999.9999936088,42094.614555185646,2407.2730452717979,-49.351266077202688,-0.17552242218735709,3.0697422166133177,-0.00050278843037218472
1638899.9999930849,41846.131674660435,5162.8724921419034,-49.698484192691168,-0.37646354146013805,3.0516139465891645,-0.00026848741492300403
1639799.9999928754,41417.466555992571,7896.2357269892545,-49.834117952642032,-0.57578364394839976,3.0203461653171217,-3.2768424835702542e-05
1640699.9999929802,40810.465025130645,10595.593598966738,-49.757344283498611,-0.77262440485746697,2.9760736167701869,0.00020336069499398511
1641599.9999927706,40027.740859211342,13249.323479169712,-49.468249071716208,-0.96613820511634263,2.9189870493842816,0.00043888861239550683
1642499.9999925611,39072.664503203552,15845.999316871348,-48.967828317561903,-1.1554917809392422,2.8493323879847456,0.00067280492078165431
1643399.9999923515,37949.348532800941,18374.440830718733,-48.257985313123299,-1.3398698093621559,2.7674096690253198,0.00090410455925896626
1644299.9999927706,36662.62992129365,20823.761646420797,-47.341523845281408,-1.5184784161700937,2.6735717435141804,0.0011317922200153028
1645199.9999925611,35218.049195542648,23183.416154173807,-46.222137450083316,-1.6905485898660353,2.5682227539565576,0.0013548867194476065
1646099.9999920372,33621.826557091139,25443.244913004506,-44.90439474978416,-1.8553394892832065,2.4518163909345607,0.0015724253143713856
1646999.9999915133,31880.835089081531,27593.518373792835,-43.393720945115838,-2.0121416284086964,2.3248539381526845,0.0017834679394928147
1647899.9999916181,30002.571151904354,29624.978758399113,-41.696375532510082,-2.1602799267723944,2.1878821134370923,0.0019871013484291373
1648799.9999917229,27995.122104731148,31528.879901392549,-39.819426350478025,-2.2991166114884058,2.0414907156291013,0.0021824431376770009
1649699.9999918276,25867.131478034069,33297.024899103613,-37.770720056177531,-2.4280539598035409,1.8863100863953219,0.0023686456366442017
1650599.9999913038,23627.761760355763,34921.801388683671,-35.558849173745187,-2.5465368693731874,1.7230083987265017,0.0025448996446147567
1651499.9999917229,21286.654945689683,36396.214318334227,-33.1931158467264,-2.6540552462578639,1.5522887826380065,0.0027104379992910635
1652399.9999915133,18853.891036041321,37713.916050566106,-30.683492479298739,-2.7501461991889755,1.3748863020821063,0.0028645389592914911
1653299.9999916181,16339.944632723054,38869.233698468423,-28.040579394816142,-2.8343960328508677,1.1915647926223807,0.003006529389122172
1654199.9999910942,13755.639854488145,39857.193544234062,-25.275559750084899,-2.9064420291862278,1.0031135770431403,0.0031357877291561089
1655099.9999915133,11112.103724054195,40673.542463038051,-22.40015184979713,-2.9659740110775168,0.81034406903216216,0.0032517467411783672
1655999.9999909895,8420.7182794520322,41314.766234763862,-19.426559129615768,-3.0127356797593356,0.61408628346710814,0.003353896014665817
1656899.9999910942,5693.0715485534938,41778.104688554413,-16.36741795448588,-3.046525721839711,0.4151852632464989,0.0034417842263776018
1657799.999991199,2940.9076697033065,42061.563591701786,-13.235743538888999,-3.0671986793399841,0.21449744317585892,0.0035150211404574743
1658699.9999913038,176.07631073416877,42163.923248140913,-10.044874157029671,-3.0746655800609384,0.012886961924973316,0.0035732793431169016
1659599.9999907799,-2589.5183563240889,42084.74375884742,-6.8084139300237956,-3.0688943246222218,-0.18877805923310625,0.0036162957029952088
1660499.9999908847,-5343.9689304812528,41824.366923661866,-3.5401744106657733,-3.0499098284998003,-0.3896292567433251,0.0036438725517030672
1661399.9999913038,-8075.4160588917803,41383.914775222089,-0.25411525164462856,-3.0177939182000406,-0.58880176603678436,0.0036558785790208087
1662299.9999910942,-10772.099516015602,40765.284751970779,3.0357158089837224,-2.9726849819042114,-0.7854379491144593,0.0036522494394509828
1663199.9999908847,-13422.408871849024,39971.141524930375,6.3152433939558996,-2.9147773754953987,-0.97869109281940248,0.0036329880672323414
1664099.9999909895,-16014.93349586433,39004.905519949985,9.570425059741364,-2.8443205868710351,-1.1677290591947833,0.0035981646984696732
1664999.9999904656,-18538.511708237031,37870.738181317436,12.787311765790301,-2.7616181617769389,-1.3517378740337822,0.0035479166005593665
1665899.999990256,-20982.278869785438,36573.524034098285,15.952107983199015,-2.667026395267035,-1.5299252382367685,0.0034824475097052269
1666799.9999906751,-23335.714175222442,35118.849633653328,19.051231146825259,-2.5609527951954618,-1.701523944620968,0.0034020267794750763
1667699.9999910942,-25588.685967076879,33512.979487559627,22.071370216862483,-2.4438543239502919,-1.8657951866674385,0.0033069882440503787
1668599.9999908847,-27731.495377567033,31762.829048962867,24.999543100540883,-2.3162354256832374,-2.0220317449557021,0.0031977288008318895
1669499.9999913038,-29754.918100114191,29875.934901923851,27.82315267254307,-2.1786458478981272,-2.1695610366359657,0.0030747067188140321
1670399.9999907799,-31650.244098981369,27860.422280655679,30.530041135077511,-2.0316782678527914,-2.307748013799324,0.0029384396811021015
1671299.9999905704,-33409.315117707243,25724.97003418161,33.108542526577111,-1.8759657320477274,-2.4359979004325973,0.0027895025683569493
1672199.9999906751,-35024.559786806436,23478.773222506505,35.547533099146584,-1.712178922540609,-2.5537587532828061,0.0026285249952063068
1673099.9999901513,-36489.026204946225,21131.503483844743,37.836479381992419,-1.5410232604544702,-2.660523837365123,0.0024561886090933766
1673999.9999899417,-37796.411847902506,18693.267345209566,39.96548371650178,-1.3632358594533913,-2.7558338054332561,0.0022732241634765321
1674899.9999894178,-38941.090664627976,16174.562678092962,41.925327046894417,-1.1795823441149365,-2.8392786711373965,0.0020804083799080045
1675799.9999892083,-39918.137263128541,13586.233456627315,43.707508811628699,-0.99085354489835797,-2.9104995687970954,0.0018785606105730297
1676699.9999886844,-40723.348064047408,10939.423049188326,45.304283733317519,-0.79786208676701764,-2.9691902909497627,0.0016685393186763012
1677599.9999894178,-41353.259348542517,8245.5262078987707,46.708695377912591,-0.60143888366236864,-3.0150985984244962,0.0014512383893220781
1678499.9999892083,-41805.162107476885,5516.1400126634508,47.914606307967944,-0.40242955772805855,-3.0480272963020312,0.0012275832910076548
1679399.9999893131,-42077.113647346669,2763.0139158388938,48.916724738485179,-0.20169079409779056,-3.0678350726833932,0.00099852709935158526
1680299.9999894178,-42167.945886948612,-2.0008241198450385,49.710627543301108,-8.6652400088469729e-05,-3.0744370956570575,0.00076504640636405527
1681199.9999892083,-42077.270323298697,-2767.0021601144126,50.292779543647697,0.20151515326720407,-3.0678053671213035,0.00052813712846544925
1682099.9999893131,-41805.479640634549,-5520.0884735918444,50.660548982174483,0.40224698751234189,-3.047968831793336,0.00028881023413176939
1682999.9999894178,-41353.74596030682,-8249.4097761540961,50.812219122541379,0.60124502426644999,-3.0150132414928192,4.8087409409232694e-05
1683899.9999892083,-40724.015739490089,-10943.218686940307,50.746995928083209,0.79765295966294636,-2.9690807755262445,-0.00019300332085830647
1684799.9999886844,-39919.001343321615,-13589.920953268138,50.465011786521806,0.99062569030461423,-2.9103694192074792,-0.00043343199592434627
1685699.9999884749,-38942.169325244911,-16178.125312623504,49.967325267164362,1.1793329423168579,-2.8391321032761447,-0.00067217112842767859
1686599.9999885797,-37797.72547406239,-18696.692459993479,49.255916916267971,1.3629628341391324,-2.7556756086834646,-0.00090820009901752873
1687499.9999886844,-36490.596686037577,-21134.782937078347,48.333681109172318,1.5407253598725705,-2.6603592411738264,-0.0011405095197559141
1688399.9999881606,-35026.409744849509,-23481.903723482385,47.204413997381842,1.7118557773751339,-2.5535932818391034,-0.0013681055461953493
1689299.999987951,-33411.467097004614,-25727.953339733973,45.872797601884962,1.8756178874883991,-2.4358372201327003,-0.0015900141204908244
1690199.9999877415,-31652.71973799917,-27863.265253732621,44.344380131951326,2.0313071894658385,-2.3075977778050278,-0.0018052851258453621
1691099.9999878462,-29757.737309189826,-29878.649431181013,42.625552602997637,2.1782539012509927,-2.1694267310572739,-0.0020129964370681317
1691999.9999882653,-27734.675552489953,-31765.431826604014,40.723521871490426,2.3158258300497616,-2.0219185416009511,-0.0022122578474084685
1692899.9999877415,-25592.241246771755,-33515.491667711547,38.646280191733858,2.4434310827277623,-1.8657078055684606,-0.002402214857078117
1693799.9999878462,-23339.654775708186,-35121.296369008851,36.402571425532727,2.5605206043191435,-1.7014665310587831,-0.0025820523069813471
1694699.9999876367,-20986.610511188803,-36575.93390852114,34.001854075629275,2.6665905327608281,-1.5299012575672504,-0.0027509978403824249
1695599.9999877415,-18543.235140572426,-37873.142561326757,31.454261263139106,2.7611843622973806,-1.3517500264357334,-0.0029083251814560774
1696499.9999881606,-16020.044154995252,-39007.337832785437,28.770557860834952,2.8438949042591162,-1.1677792179123307,-0.0030533572137070217
1697399.999987951,-13427.896660645014,-39973.63649439143,25.962094944005983,2.9143660382507801,-0.97878026635049842,-0.0031854688474982334
1698299.9999883701,-10777.948702650019,-40767.877616244783,23.040761750595593,2.9722942460884973,-0.78556626708147814,-0.0033040896647384154
1699199.9999881606,-8081.6053270595203,-41386.640496172746,20.018935385546506,3.0174299212117988,-0.58896849109616001,-0.0034087063287222791
1700099.9999882653,-5350.4715474230352,-41827.259421586707,16.909428443275576,3.0495784488738171,-0.38983281937225217,-0.0034988647514559833
1700999.9999880558,-2596.3024619572325,-42087.8351879896,13.725434811905238,3.0686010514720223,-0.18901611448664729,-0.0035741720083826024
1701899.9999875319,169.04729730394661,-42167.243331459635,10.480473854188677,3.0744153957671538,0.012617457538197496,-0.0036342979946647476
1702799.9999876367,2933.6745455357041,-42065.139033167688,7.1883332255644143,3.0669959587427869,0.21420013806158592,-0.0036789768163088465
1703699.9999874271,5685.6787433697273,-41781.958676009832,3.8630105646444068,3.0463741504208413,0.41486430401079383,-0.0037080079119081706
1704599.9999869033,8413.2132052612196,-41318.918043492144,0.51865428547934567,3.0126381926448214,0.61374619849332146,-0.0037212569018618188
1705499.9999873224,11104.536086930377,-40678.007165157869,-2.8304962688617987,2.9659327538455558,0.80998964710464871,-0.0037186561627345713
1706399.9999880558,13748.060922690691,-39861.98183278268,-6.1701710506556671,2.9064583412380762,1.0027497432791301,-0.0037002051261570928
1707299.9999881606,16332.406520965862,-38874.351816810027,-9.4861296938534814,2.8344704522718636,1.1911964887044582,-0.0036659703027565318
1708199.999987951,18846.44598803909,-37719.365831871357,-12.764221797844794,2.7502784885703484,1.3745183719681344,-0.0036160850323381276
1709099.9999877415,21279.354662497688,-36401.993317515291,-15.990446855748525,2.6542444368684883,1.5519258694481752,-0.0035507489629573305
1709999.9999875319,23620.656761976628,-34927.903108226055,-19.151013596041683,2.5467813220616469,1.7226548537973565,-0.0034702272621551632
1710899.9999873224,25860.270538202927,-33303.439082791774,-22.232398496238027,2.428351438679007,1.885969894908585,-0.0033748495643474577
1711799.9999874271,27988.551744118042,-31535.592895990507,-25.221403233272039,2.299464368080737,2.0411674387705467,-0.003265008658961027
1712699.9999875319,29996.335221417314,-29631.973910833953,-28.105210836074622,2.1606747898446583,2.1875788499198778,-0.0031411589245605707
1713599.9999870081,31874.974428765669,-27600.776459962632,-30.871440315907794,2.0125800966228971,2.3245733040415217,-0.0030038145145233498
1714499.9999871128,33616.37874579955,-25450.744567683836,-33.508199564780249,1.8558178220241479,2.4515605183411342,-0.0028535472995296898
1715399.9999869033,35213.048367208939,-23191.134310384743,-36.004136272396416,1.6910628945142567,2.5679933057986863,-0.0026909845748945001
1716299.9999870081,36658.106668943015,-20831.673939055672,-38.348486703084909,1.5190247264554895,2.6733699443700365,-0.0025168065367427665
1717199.9999874271,37945.329871775066,-18382.521975932945,-40.53112207900719,1.3404441539017165,2.7672363480916693,-0.0023317435368999601
1718099.9999872176,39069.173894216074,-15854.223442028531,-42.542592404907353,1.156090238793124,2.849188031954649,-0.0021365731225270138
1718999.9999873224,40024.798273766799,-13257.664403844627,-44.374167540698622,0.96675694753811847,2.9188718615196994,-0.0019321168687754478
1719899.9999871128,40808.087040276274,-10604.025066763439,-46.017875317952175,0.77325972286185918,2.9759875786554586,-0.0017192370162300407
1720799.9999869033,41415.66646992063,-7904.7315748901938,-47.466536562359288,0.57643196088486681,3.0202890981117925,-0.0014988329202297304
1721699.9999873224,41844.91962684704,-5171.4067650762263,-48.713796830214122,0.37712141181587638,3.0515855681434938,-0.0012718373267770796
1722599.9999874271,42093.99763832258,-2415.8200717074815,-49.75415472226279,0.17618651890801909,3.0697421912963119,-0.0010392124867878603
1723499.9999875319,42161.827654009787,350.1632061858146,-50.582986636172805,-0.025507288600346404,3.074680801879361,-0.00080194612262801429
1724399.9999870081,42048.117453509185,3114.6330354494125,-51.196567824227515,-0.22709133079263619,3.0663801976898388,-0.00056104726451873543
1725299.9999871128,41753.356685152939,5865.6859807944538,-51.592089654959736,-0.42769742610358047,3.044876224976536,-0.00031754197192547599
1726199.9999872176,41278.814731896666,8591.4764852983699,-51.767672976113538,-0.62646163545454225,3.0102616166016491,-7.2468961127997026e-05
1727099.9999876367,40626.535214699936,11280.267907194011,-51.722377509650627,-0.82252798736230093,2.9626855844430429,0.00017312484392417859
1727999.9999880558,39799.327158734857,13920.483075048116,-51.456207215314507,-1.0150521666169079,2.9023531681783754,0.00041818881537513628
1728899.9999881606,38800.752861370005,16500.75415072804,-50.970111583903297,-1.2032051511732984,2.829524343580645,0.00066167315921533795
1729799.999987951,37635.112516826943,19009.97158094191,-50.265982839657461,-1.3861767813291255,2.7445128946015491,0.00090253346486108589
1730699.9999877415,36307.425662842368,21437.331933020501,-49.34664904966364,-1.563179246397266,2.647685054252606,0.0011397352451573989
1731599.9999881606,34823.409534961109,23772.384399768856,-48.215863161686478,-1.7334504733345466,2.5394579207372621,0.0013722584438776841
1732499.999987951,33189.454421773968,26005.075780212657,-46.878288009451076,-1.8962574034269297,2.4202976558041294,0.0015991018894932726
1733399.9999883701,31412.596117525587,28125.793756030816,-45.339477334133022,-2.0508991441016495,2.290717472469701,0.0018192876751084227
1734299.9999884749,29500.485613671881,30125.408246875355,-43.605852917064112,-2.1967099802828463,2.1512754225008779,0.0020318654405040021
1735199.999988894,27461.356133688456,31995.310704599469,-41.684677897519208,-2.3330622353123864,2.0025719912775934,0.0022359165398484334
1736099.9999886844,25303.987679517853,33727.451146188396,-39.584026411518124,-2.459368967059135,1.8452475122802368,0.0024305580723374756
1736999.9999881606,23037.669213927791,35314.372796264965,-37.312749656305975,-2.5750864900066199,1.6799794101841465,0.0026149467603354924
1737899.9999882653,20672.15866696947,36749.244165704426,-34.880438550967149,-2.6797167108513307,1.5074792861649204,0.0027882826546785774
1738799.9999883701,18217.640930088481,38025.888440625604,-32.29738314876424,-2.7728092685932189,1.3284898571891861,0.0029498126516707408
1739699.9999878462,15684.68400590218,39138.810061769058,-29.574528964889826,-2.8539634704819301,1.1437817613663399,0.003098833806918078
1740599.9999882653,13084.193510130321,40083.218372167939,-26.723430417753917,-2.9228300149889628,0.95415024349724975,0.0032346964305499317
1741499.9999877415,10427.365740786727,40855.048226437393,-23.756201609295776,-2.9791124940584766,0.7604117363069155,0.0033568069494678463
1742399.9999875319,7725.6394664420222,41450.977491735772,-20.685464604855053,-3.0225686695262577,0.56340034823417762,0.003464630526874503
1743299.9999873224,4990.646695893267,41868.441343514394,-17.524295498477453,-3.0530115165925427,0.36396427672159704,0.0035576934247887322
1744199.9999877415,2234.1626020313706,42105.643308616018,-14.286168456466612,-3.0703100308036153,0.16296215943674916,0.003635585101455778
1745099.9999878462,-531.94516621659386,42161.563001810471,-10.984898003665997,-3.0743897944938454,-0.038740619664803869,0.0036979600337691161
1745999.9999873224,-3295.7675792169543,42035.960523720394,-7.6345797882967092,-3.0652333002088836,-0.24027565462567857,0.0037445392573432546
1746899.9999877415,-6045.4055043776389,41729.377498109352,-4.2495300883926239,-3.0428800293424363,-0.44077525580579791,0.0037751116173335444
1747799.9999878462,-8769.0209268529052,41243.134746529373,-0.8442243462167226,-3.0074262856681271,-0.63937618481647385,0.0037895347245324269
1748699.9999876367,-11454.887933238357,40579.326606337498,2.5667650519167524,-2.9590247840282951,-0.83522337295210303,0.0037877356132004492
1749599.9999877415,-14091.443203472803,39740.811917020736,5.9688314377600289,-2.8978839958257323,-1.0274736045092909,0.0037697110971725159
1750499.9999872176,-16667.335801396111,38731.201715116877,9.3473967022793314,-2.8242672540945075,-1.2152991496460988,0.0037355278230510537
1751399.9999873224,-19171.476068695323,37554.843682164988,12.687974068749122,-2.7384916212461365,-1.3978913324433642,0.0036853220199557285
1752299.9999874271,-21593.083373592046,36216.803425453858,15.976230476436537,-2.6409265251873038,-1.574464015909856,0.0036192989472660416
1753199.9999875319,-23921.732546805961,34722.842657585956,19.19804835466352,-2.5319921685312563,-1.7442569915701114,0.0035377320422991022
1754099.9999876367,-26147.398779554231,33079.394377211443,22.339586487160911,-2.4121577183067298,-1.9065392570445963,0.0034409617718401089
1754999.9999880558,-28260.500798392375,31293.535153988782,25.387339714258236,-2.2819392836541113,-2.0606121679421645,0.0033293941923619543
1755899.9999878462,-30251.942120660042,29372.954645236074,28.328197199995035,-2.1418976908141905,-2.2058124495769795,0.0032034992256940809
1756799.9999882653,-32113.150234958266,27325.922455774722,31.149499044379727,-1.9926360635864993,-2.3415150569912799,0.0030638086563890016
1757699.9999886844,-33836.113502693603,25161.252514617117,33.839090944882848,-1.8347972220002535,-2.4671358682481843,0.0029109138614772522
1758599.9999891035,-35413.415654371114,22888.265092120666,36.385376718520781,-1.6690609083243195,-2.5821342016377762,0.0027454632805967347
1759499.9999892083,-36838.267707327963,20516.746646808962,38.777368420416416,-1.4961408543519541,-2.6860151440368454,0.002568159639256488
1760399.9999889988,-38104.537185128524,18056.907653182228,41.004733869571801,-1.3167817011567677,-2.7783316815937007,0.0023797569358435812
1761299.9999887892,-39206.77449662421,15519.338615795299,43.057841350153979,-1.1317557864676815,-2.8586866223217831,0.0021810572072596354
1762199.999988894,-40140.236373395819,12914.964441607544,44.927801314758419,-0.94185981239516736,-2.9267343031890811,0.0019729070860491642
1763099.9999889988,-40900.906256533468,10254.997384826653,46.606504894400651,-0.74791140932349243,-2.982182073760872,0.0017561941654320051
1763999.9999894178,-41485.511553470897,7550.8887485301202,48.086659064071178,-0.55074560959800278,-3.0247915506598195,0.0015318431866784511
1764899.9999898369,-41891.537684084884,4814.2795692876534,49.361818298576708,-0.35121124768497852,-3.054379637033545,0.0013008120669146088
1765799.9999899417,-42117.238860034478,2056.9504919926321,50.426412588360186,-0.15016730207917267,-3.0708193030587743,0.0010640877843118176
1766699.9999903608,-42161.645552099973,-709.22895565057127,51.27577169709047,0.051520805624539749,-3.074040124327758,0.00082268213803782871
1767599.9999904656,-42024.568613018389,-3472.3514524894786,51.906145550128407,0.25298493713409093,-3.0640285759172809,0.00057762740298155551
1768499.9999905704,-41706.600040830141,-6220.523141184698,52.314720675507587,0.45335797496402297,-3.0408280812382982,0.00032997189607426983
1769399.9999903608,-41209.110380806036,-8941.9148039355969,52.499632619207745,0.65177755280198735,-3.0045388157310007,8.0775475979680812e-05
1770299.9999907799,-40534.242776729763,-11624.812768031881,52.459974289127302,0.84738976496977059,-2.9553172664044065,-0.00016889500714810171
1771199.999990256,-39684.903703996963,-14257.669285199963,52.195800188729585,1.0393528363354343,-2.8933755498026845,-0.00041797028878897151
1772099.9999906751,-38664.7504146621,-16829.152218379604,51.708126524246829,1.2268407406091804,-2.8189804908043952,-0.00066538327894435445
1772999.9999907799,-37478.175167697264,-19328.193758341262,50.99892718914343,1.4090467468831731,-2.7324524677943653,-0.0009100736370130781
1773899.999991199,-36130.28629193543,-21744.038030072839,50.07112563805002,1.5851868843366519,-2.6341640278477674,-0.001150992319510025
1774799.9999909895,-34626.886184516516,-24066.287328381302,48.928582694299571,1.7545033062743298,-2.5245382795773872,-0.0013871060757464351
1775699.9999904656,-32974.446322785741,-26284.946825785981,47.576080335110589,1.9162675422483557,-2.4040470694513654,-0.0016174018762259677
1776599.999990256,-31180.079411429917,-28390.467534209452,46.019301533563358,2.0697836225461543,-2.2732089505505897,-0.0018408912521784768
1777499.9999900465,-29251.508778148771,-30373.787351432078,44.264806240607612,2.2143910629476125,-2.1325869520780723,-0.0020566145291799841
1778399.9999901513,-27197.035149658321,-32226.370015218228,42.320003610387637,2.3494676970760278,-1.9827861592409832,-0.0022636449367053136
1779299.999990256,-25025.50095399475,-33940.241795773145,40.193120591596461,2.4744323442336902,-1.8244511141178141,-0.0024610925758326739
1780199.9999900465,-22746.252295381575,-35508.025776232971,37.893167013521754,2.5887473019957601,-1.6582630481028493,-0.0026481082289807078
1781099.9999895226,-20369.098773177815,-36922.973567216686,35.429897324978484,2.691920652555408,-1.4849369583209842,-0.0028238869946842593
1781999.9999889988,-17904.271310075019,-38178.994326300366,32.813769143944569,2.7835083736039068,-1.3052185399048131,-0.0029876717327252241
1782899.9999894178,-15362.378171199165,-39270.680956544857,30.055898796671354,2.8631162447418008,-1.1198809871934696,-0.0031387563048599671
1783799.999988894,-12754.359372315545,-40193.333368547173,27.168014048119698,2.9304015411389797,-0.92972167808882755,-0.0032764885969295532
1784699.9999886844,-10091.439639793318,-40942.978719242747,24.162404190961986,2.9850745082215617,-0.73555875318883945,-0.0034002733114382997
1785599.9999887892,-7385.0801693948597,-41516.388521333603,21.051867756888218,3.0268996097109278,-0.53822760745437226,-0.0035095745161596837
1786499.999988894,-4646.9293521394438,-41911.092565865467,17.849658032698507,3.0556965448436721,-0.3385773064085465,-0.0036039179403274438
1787399.9999889988,-1888.7726892283038,-42125.38959067878,14.569426625714907,3.0713410298407946,-0.13746694278281507,-0.0036828930079652461
1788299.9999891035,877.51788140531801,-42158.354647778564,11.225165329508647,3.0737653401296465,0.064238050428640989,-0.0037461545997101941
1789199.999988894,3640.0350414517088,-42009.84313939276,7.8311465248436862,3.0629586109962483,0.26566961577745812,-0.0037934245363660012
1790099.9999886844,6386.8873158169536,-41680.491502021323,4.4018623655023719,3.0389668949974777,0.46596080053832023,-0.0038244927780826075
1790999.9999891035,9106.2502289753593,-41171.71453448903,0.95196302591610704,3.001892975641407,0.6642494823593843,-0.0038392183341632836
1791899.9999885797,11786.417180161956,-40485.699382483792,-2.5038057330976247,2.9518959380105714,0.85968207595199497,-0.0038375298804404498
1792799.9999883701,14415.849847329502,-39625.396195350826,-5.9506654528331051,2.8891904972149938,1.0514172070806134,-0.0038194260820087526
1793699.9999884749,16983.227848931001,-38594.505504786641,-9.3738679843319765,2.8140460880104552,1.2386293341680381,-0.0037849756203315638
1794599.9999882653,19477.497495536347,-37397.462369420275,-12.758758407385258,2.7267857184940376,1.4205123052839574,-0.0037343169254839335
1795499.9999886844,21887.919409462502,-36039.417350181873,-16.090837582395466,2.6277845923109533,1.5962828343035216,-0.0036676576149146036
1796399.9999887892,24204.114787156326,-34526.214407121748,-19.355824045419947,2.5174685056925501,1.7651838797145152,-0.0035852736422119381
1797299.9999885797,26416.110133727969,-32864.365797084269,-22.539715027041648,2.3963120248426586,1.9264879134815123,-0.003487508159425804
1798199.9999880558,28514.380257213506,-31061.024085977788,-25.628846315159148,2.2648364517202992,2.0795000642732777,-0.0033747700984033393
1799099.9999875319,30489.889336520177,-29123.951396571094,-28.609950711854037,2.1236075868284749,2.2235611212357926,-0.003247532477548993
1799999.9999873224,32334.129890532509,-27061.486018865337,-31.470214849017005,1.9732332981105556,2.3580503854400128,-0.0031063304409382946
1800899.9999871128,34039.159475015869,-24882.506528585902,-34.197334120423918,1.814360906457172,2.4823883560422986,-0.002951759037959939
1801799.9999875319,35597.634950475775,-22596.393563881677,-36.779565505827385,1.647674398715961,2.5960392393815472,-0.0027844707520238571
1802699.9999873224,37002.844163618764,-20212.989435139127,-39.205778053278728,1.4738914809675017,2.6985132691939366,-0.0026051727886348378
1803599.9999871128,38248.734917576541,-17742.555722444595,-41.465500829836571,1.2937604834074108,2.7893688285047249,-0.0024146241316460623
1804499.9999872176,39329.941086751634,-15195.729069939754,-43.548968108762459,1.1080571322238866,2.8682143623700864,-0.0022136323805402591
1805399.9999876367,40241.805775807188,-12583.475348720929,-45.447161623182701,0.91758120117460729,2.934710073860368,-0.0020030503789324728
1806299.9999874271,40980.401414886815,-9917.0423988685543,-47.151849692630549,0.72315305845449218,2.9885693951800927,-0.0017837726475511452
1807199.9999878462,41542.546708722301,-7207.9115388768951,-48.655623063702869,0.52561012285777442,3.0295602277411846,-0.0015567316334515347
1808099.9999882653,41925.820356688739,-4467.7480842819714,-49.95192728606208,0.32580324716893871,3.0575059450262674,-0.0013228937919608976
1808999.9999880558,42128.571494555224,-1708.3510579542867,-51.035091500869889,0.1245930424060275,3.0722861546042868,-0.0010832555135169737
1809899.9999884749,42149.92680661301,1058.3976795194044,-51.90035349946767,-0.077153840107319169,3.0738372155804008,-0.00083883891185684292
1810799.9999882653,41989.7942786981,3820.5846297736985,-52.543880927635392,-0.27856845033295219,3.0621525094227358,-0.00059068749276334814
1811699.9999883701,41648.863578382159,6566.3160252784392,-52.962788554412946,-0.47878329270208952,3.0372824633209947,-0.00033986171561404486
1812599.9999881606,41128.603060817011,9283.7690728039561,-53.155151497499176,-0.67693606921951499,2.9993343261779053,-8.7434472473006496e-05
1813499.9999882653,40431.25341343569,11961.242908528769,-53.120014353559725,-0.87217340038613256,2.9484716984524204,0.00016551350122379405
1814399.9999877415,39559.817970923803,14587.209005802395,-52.857396174185311,-1.0636545049074688,2.8849138184342058,0.00041789826092067335
1815299.9999878462,38518.049738446054,17150.360845940675,-52.368291257130487,-1.2505548242720539,2.8089346080269531,0.00066863731417043265
1816199.9999882653,37310.435189864904,19639.662606358466,-51.654665740731367,-1.4320695742551111,2.720861483219954,0.00091665428483832885
1817099.9999886844,35942.174903803243,22044.39668643794,-50.719450005480049,-1.6074172102816802,2.6210739341350564,0.0011608835618842684
1817999.9999891035,34419.161125103026,24354.209853243658,-49.566526906226294,-1.7758427908470067,2.5100018813163474,0.001400274910124438
1818899.999988894,32747.95235365746,26559.157804740651,-48.200715882081127,-1.9366212243751075,2.3881238159492679,0.0016337980212624856
1819799.9999893131,30935.745061733276,28649.747974086058,-46.627752999407292,-2.0890603868273203,2.2559647315915776,0.0018604469857223629
1820699.9999891035,28990.342681501668,30616.980366841079,-44.854267024673909,-2.2325040950913433,2.114093857911306,0.0020792446620782334
1821599.9999895226,26920.12196799352,32452.386292562289,-42.887751602228867,-2.3663349262783555,1.9631222042122214,0.0022892469279390303
1822499.9999893131,24733.996919840203,34148.064783753616,-40.736533686795056,-2.4899768680729166,1.8036999260991631,0.0024895467884205403
1823399.9999887892,22441.380374303739,35696.716587124836,-38.409738329651333,-2.6028977919854723,1.6365135237793498,0.0026792783281261571
1824299.999988894,20052.143471410396,37091.675552378634,-35.917249996123878,-2.7046117369915224,1.4622828861562653,0.0028576204856232924
1825199.9999886844,17576.57315591603,38326.937294582283,-33.269670576913647,-2.7946809947281195,1.2817581929249064,0.0030238006346530936
1826099.9999884749,15025.327880182573,39397.185017525597,-30.478274253382576,-2.8727179882175076,1.0957166864265053,0.0031770979575889841
1826999.999987951,12409.39172601594,40297.812371166605,-27.554959440619193,-2.9383869350108487,0.90495932899854337,0.0033168465942600171
1827899.9999877415,9740.027121431036,41024.943257735744,-24.512197994149169,-2.9914052886300286,0.710307358464629,0.0034424385540007046
1828799.9999878462,7028.7263678410036,41575.448495767341,-21.362981913504022,-3.031544951757621,0.51259875727841475,0.0035533263774988433
1829699.999987951,4287.1621765657483,41946.959274242268,-18.120767763131738,-3.0586332562539393,0.31268464962096537,0.0036490255374869145
1830599.9999880558,1527.1374295909757,42137.877337315236,-14.799419053742618,-3.0725537056436423,0.11142564192515723,0.0037291165677324554
1831499.9999878462,-1239.4656193333999,42147.381855585583,-11.413146833742536,-3.0732464768051564,-0.090311877602101034,0.0037932469111534571
1832399.9999876367,-4000.7364859877016,41975.43295419521,-7.9764487465799085,-3.0607086786066349,-0.29165946478302957,0.0038411324791375019
1833299.9999874271,-6744.7877172213175,41622.771882483969,-4.5040468205430901,-3.0349943662567549,-0.49175035453881044,0.0038725589153118648
1834199.9999872176,-9459.8060584910654,41090.917823760959,-1.0108242523769262,-2.9962143111244428,-0.68972318971299462,0.0038873825584104043
1835099.9999876367,-12134.103303633605,40382.161357906974,2.488238537646021,-2.944535526798302,-0.88472572740721989,0.0038855310999091116
1835999.9999871128,-14756.166603520025,39499.554606295613,5.9781282966478404,-2.8801805533710931,-1.075918506582461,0.0038670039335874443
1836899.999986589,-17314.708039593505,38446.898093456766,9.4438635277659504,-2.8034265022935934,-1.2624784627834225,0.0038318721952698494
1837799.9999863794,-19798.713210192433,37228.724392590222,12.870558946563698,-2.714603866531216,-1.4436024715725035,0.0037802784925703892
1838699.9999858555,-22197.488654397828,35850.278615398616,16.243489571369402,-2.6140951002855046,-1.6185108078302421,0.0037124363256279698
1839599.9999862746,-24500.707897353546,34317.495830641856,19.548154156003221,-2.5023329743060798,-1.7864505050761195,0.0036286292010181691
1840499.9999860651,-26698.455904492446,32636.975518208536,22.770337670371042,-2.3797987144749468,-1.9466985991938324,0.0035292094431114448
1841399.9999864842,-28781.271785099911,30815.953147345888,25.896172604847621,-2.2470199300487255,-2.0985652447909935,0.0034145967067598731
1842299.9999862746,-30740.189521236156,28862.269027427836,28.912198776422596,-2.1045683423303427,-2.2413966877142193,0.0032852761990639491
1843199.9999857508,-32566.776580106642,26784.334540665612,31.805421427176999,-1.953057321731501,-2.3745780832184122,0.0031417966164059984
1844099.9999864842,-34253.170221662571,24591.095917436869,34.563367332529388,-1.7931392449576247,-2.4975361459127652,0.002984767806477258
1844999.999986589,-35792.111344697521,22291.995716254631,37.174138674587113,-1.6255026841761377,-2.6097416199082102,0.0028148581659045348
1845899.9999863794,-37176.975746303877,19896.932146085055,39.626464482073686,-1.4508694382851142,-2.710711559907268,0.0026327917826733656
1846799.9999861699,-38401.802632931016,17416.216438915864,41.9097493710428,-1.26999142154322,-2.8000114113248702,0.002439345338005037
1847699.999986589,-39461.320275121099,14860.528438797855,44.014119399437554,-1.0836474218046266,-2.8772568814762187,0.0022353447798977998
1848599.9999863794,-40350.968688159737,12240.870613235547,45.930464823743613,-0.89263974351082509,-2.9421155931764797,0.0020216617838911435
1849499.9999864842,-41066.919252663363,9568.5206549480845,47.650479596623605,-0.69779074784281458,-2.9943085144432744,0.0017992100139903396
1850399.9999862746,-41606.091172078923,6854.9829268001595,49.166697396553374,-0.49993930862448371,-3.0336111567806077,0.0015689412038991859
1851299.9999860651,-41966.164713732418,4111.9389146449785,50.472524068876922,-0.29993719614753728,-3.0598545381746032,0.0013318410720034089
1852199.9999855412,-42145.591166731596,1351.1969319451393,51.562266316188328,-0.098645406851608108,-3.0729259059898477,0.0010889250903289252
1853099.999985646,-42143.599478784185,-1415.358728011081,52.431156526132128,0.10306954672148722,-3.0727692170805971,0.00084123412407639375
1853999.9999857508,-41960.199542057744,-4175.8189431972714,53.075373617615341,0.304339367412023,-3.0593853730453611,0.00058982996329183664
1854899.9999852269,-41596.182117034768,-6918.3010354099242,53.492059830518656,0.50429771300381843,-3.0328322099485736,0.00033579076264754129
1855799.9999850173,-41053.115392701417,-9630.9999159867439,53.679333374391113,0.70208392567895317,-2.9932242425360629,8.0206411468846189e-05
1856699.9999848078,-40333.338202550229,-12302.238883238379,53.636296885866273,0.89684673516922997,-2.940732164525858,-0.00017582614578104641
1857599.9999849126,-39439.949922967775,-14920.519873627181,53.363041660491753,1.0877479211497945,-2.8755821070811263,-0.00043120762029855608
1858499.9999850173,-38376.797102949255,-17474.572927250647,52.860647638948578,1.273965917427526,-2.7980546592058353,-0.00068484109854157328
1859399.9999854364,-37148.456878229394,-19953.404676199407,52.131179147742493,1.4546993440088258,-2.7084836541029786,-0.0009356367523793319
1860299.9999855412,-35760.217249185014,-22346.345627452192,51.177676415011106,1.6291704504709126,-2.6072547274417466,-0.0011825165176343494
1861199.9999859603,-34218.054298826297,-24643.096059168132,50.004142893148895,1.7966284575306204,-2.4948036532442539,-0.0014244187231779849
1862099.9999857508,-32528.606463577777,-26833.770307799965,48.6155284515836,1.9563527807092864,-2.3716144657364997,-0.0016603026481953284
1862999.9999858555,-30699.1459499915,-28908.939286933441,47.017708498947023,2.1076561246431362,-2.2382173740584439,-0.0018891529913949842
1863899.9999859603,-28737.547439754297,-30859.671026769942,45.217459138035196,2.2498874328159646,-2.095186480289938,-0.0021099842301403752
1864799.9999857508,-26652.254205453002,-32677.569080612913,43.222428450580516,2.3824346816923292,-1.9431373097680338,-0.0023218448530991638
1865699.9999852269,-24452.241782544246,-34354.808630825544,41.04110403277636,2.5047275072243007,-1.7827241643147864,-0.0025238214482272365
1866599.999985646,-22146.97936077687,-35884.170133326399,38.682776926532888,2.6162396521881637,-1.6146373102592537,-0.0027150426280744917
1867499.9999860651,-19746.389063228373,-37259.070358464036,36.157502103478549,2.7164912241727981,-1.4396000134618445,-0.0028946827759583674
1868399.9999864842,-17260.803270163786,-38473.590706855772,33.476055651821902,2.8050507555447606,-1.2583654327176681,-0.0030619655986542618
1869299.999986589,-14700.920190545281,-39522.502665114669,30.649888868170738,2.8815370557041988,-1.0717133862105341,-0.0032161674689366189
1870199.9999866937,-12077.757854792959,-40401.290302732574,27.691079431946481,2.9456208485756239,-0.88044700352942462,-0.0033566205452227244
1871099.9999864842,-9402.606744890456,-41106.169705465247,24.612279890654872,2.9970261878209459,-0.68538927883233636,-0.0034827156540108936
1871999.999986589,-6686.9812367607874,-41634.105272211462,21.426663643596857,3.0355316445407019,-0.48737953771957926,-0.0035939049245722887
1872899.9999863794,-3942.5700989637471,-41982.822794274311,18.147868694449759,3.0609712616057059,-0.28726983540281043,-0.0036897041629612745
1873799.9999871128,-1181.1862139543377,-42150.819271643719,14.789939358544139,3.0732352713334032,-0.085921298071847882,-0.0037696949573960792
1874699.9999875319,1585.2842106876158,-42137.369414176137,11.367266233554092,3.0722705726924668,0.11579957326637143,-0.0038335265040222873
1875599.9999876367,4344.9327772936913,-41942.528806439157,7.8945246242624449,3.0580809664344688,0.31702462475794857,-0.0038809171472194044
1876499.9999874271,7085.8801194480466,-41567.133716946002,4.3866117316459219,3.0307271466561638,0.51688777873980574,-0.0039116556264590287
1877399.9999875319,9796.3270152727855,-41012.797552879005,0.85858284213662972,2.9903264487454977,0.71452875587175357,-0.0039256020250209907
1878299.9999876367,12464.605154664412,-40281.903975739086,-2.6744131884129425,2.9370523546760734,0.90909677318627813,-0.0039226884160563184
1879199.9999874271,15079.227358201209,-39377.596704976997,-6.197198901749708,2.8711337574318487,1.099754203455551,-0.0039029192032826953
1880099.9999878462,17628.937033922506,-38303.766048351281,-9.6946333827015394,2.7928539871706404,1.2856801804013911,-0.0038663711542837147
1880999.9999876367,20102.756633597608,-37065.032225066396,-13.151677271143134,2.7025496037061174,1.4660741324422535,-0.0038131931261587222
1881899.9999880558,22490.034941451559,-35666.725536000376,-16.553457420100031,2.6006089590190062,1.6401592328307049,-0.0037436054837861727
1882799.9999884749,24780.492946308514,-34114.863483399917,-19.885330862386262,2.4874705370067796,1.8071857480084252,-0.0036578992132443255
1883699.9999885797,26964.26813636121,-32416.124919990027,-23.132947863971967,2.3636210760485521,1.966434272392281,-0.0035564347328787024
1884599.9999883701,29031.957004918047,-30577.821345733864,-26.282313766480588,2.2295934827644035,2.1172188340476938,-0.0034396404066391779
1885499.9999884749,30974.655587804551,-28607.865472315225,-29.31984935987343,2.0859645455018292,2.2588898580150341,-0.0033080107651278271
1886399.999988894,32783.997854675486,-26514.737191373046,-32.232449522377287,1.9333524572739769,2.3908369741254489,-0.0031621044411749193
1887299.9999886844,34452.191788902652,-24307.447091574308,-35.007539876215482,1.7724141585707383,2.5124916570078133,-0.0030025418277884412
1888199.9999887892,35972.053005595175,-21995.497670822322,-37.633131224718007,1.6038425105954828,2.6233296870417395,-0.0028300024667267101
1889099.9999892083,37337.03574549628,-19588.842429161054,-40.097871508017967,1.4283633123922828,2.7228734201258566,-0.0026452221791804071
1889999.9999893131,38541.261121063602,-17097.843007148123,-42.391095067787042,1.2467321738663457,2.810693856928852,-0.0024489899491051668
1890899.9999887892,39579.542492902307,-14533.224546714386,-44.502869008652659,1.05973125764891,2.8864125024238727,-0.0022421445709552949
1891799.9999892083,40447.407856626582,-11906.029481105239,-46.42403643559544,0.86816590497039681,2.9497030066553882,-0.0020255710763947307
1892699.9999889988,41141.119143091208,-9227.5699615899484,-48.146256373461021,0.67286116083873848,3.0002925793772195,-0.001800196955365381
1893599.9999891035,41657.688359170621,-6509.3790893198047,-49.66204021639161,0.47465821100264288,3.0379631730017933,-0.0015669881841296829
1894499.999988894,41994.890481338291,-3763.1612167696685,-50.964784504688843,0.27441075022516337,3.0625524272575535,-0.0013269450814734655
1895399.9999893131,42151.273059875748,-1000.7414816373134,-52.048799915108205,0.072981294020128498,3.0739543723296108,-0.0010810980064510662
1896299.9999897322,42126.162481983942,1765.9851556325648,-52.909336303399549,-0.12876254607798712,3.0721198866235873,-0.00083050292090743603
1897199.9999895226,41919.666873681752,4525.1051964440667,-53.542603708074893,-0.32995181069715601,3.0570569076641281,-0.0005762368323124215
1898099.9999889988,41532.6756233454,7264.7379599300302,-53.945789203408751,-0.5297199456695123,3.0288303949234145,-0.00031939313971586817
1898999.9999891035,40966.855531246554,9973.0867930114982,-54.117069527451598,-0.72720654381295335,2.9875620450090432,-6.1076903351149495e-05
1899899.9999885797,40224.643605249548,12638.489905076247,-54.055619426885109,-0.92156105845378966,2.9334297608533437,0.0001975999398764618
1900799.9999880558,39309.236528159541,15249.47063494436,-53.761615679810369,-1.1119464744451064,2.8666668769876797,0.00045552339587010503
1901699.9999884749,38224.576850115875,17794.786896267982,-53.236236773124396,-1.2975429179973041,2.787561145062075,0.00071158224233295599
1902599.9999882653,36975.335968469437,20263.479600293253,-52.481658240267386,-1.4775511905402363,2.6964534844598229,0.00096467284634980856
1903499.9999886844,35566.893956420055,22644.919872378574,-51.501043670236314,-1.6511962131680069,2.593736502788039,0.001213703951290388
1904399.9999887892,34005.316352670474,24928.854807827756,-50.298531440121053,-1.8177303631116275,2.4798527947453488,0.0014576014062424201
1905299.9999885797,32297.327987410936,27105.451624151116,-48.879217214425893,-1.9764366918762821,2.3552930251623323,0.0016953128222959638
1906199.9999886844,30450.28397815374,29165.33998160273,-47.249132300007901,-2.1266320085159007,2.2205938062314026,0.0019258121310739881
1907099.9999884749,28472.138019899587,31099.652301224738,-45.415217953475505,-2.2676698157483313,2.0763353782489351,0.0021481040265000791
1907999.9999885797,26371.408091833517,32900.061923226291,-43.385295740025661,-2.3989430876438047,1.9231391029824709,0.0023612282722738644
1908899.9999880558,24157.139753849919,34558.818916025863,-41.168034096178658,-2.5198868752779422,1.7616647824527543,0.0025642638535479218
1909799.9999875319,21838.867165567772,36068.783409245785,-38.772911219053803,-2.6299807313488106,1.5926078129032288,0.002756332958133237
1910699.9999870081,19426.572020956664,37423.456286679888,-36.210174468193991,-2.7287509420469793,1.4166961880840614,0.0029366047678819436
1911599.9999874271,16930.640554453381,38617.007125491044,-33.490796436036156,-2.8157725581264494,1.2346873632086466,0.0031042990464392336
1912499.9999875319,14361.818825167036,39644.299249365315,-30.626427900291166,-2.8906712157596743,1.0473649945894605,0.0032586895067408836
1913399.999987951,11731.166440625508,40500.911804628362,-27.629347828706475,-2.9531247407472021,0.85553556662371477,0.0033991069464879399
1914299.9999874271,9050.0089608450344,41183.158746662426,-24.512410698366487,-3.0028645280431938,0.66002492354695663,0.0035249421359817659
1915199.9999875319,6329.8891346307046,41688.104675669063,-21.288991297781894,-3.0396766922929777,0.46167471686273898,0.003635648449488391
1916099.999987951,3582.5172382731776,42013.577435372434,-17.972927318933269,-3.0634029831845377,0.26133878795963372,0.0037307442261292172
1916999.9999883701,819.72067374869232,42158.177437486229,-14.578459921607299,-3.0739414629643487,0.059879497171244384,0.0038098148533938412
1917899.9999881606,-1946.6069251901606,42121.283662759117,-11.120172562090941,-3.071246942551904,-0.14183598281133417,0.0038725145630299023
1918799.999987951,-4704.5568780737904,41903.056315351438,-7.6129283276542301,-3.0553311745393419,-0.34293939471769652,0.003918567932466358
1919699.9999874271,-7442.2566904891073,41504.436119734331,-4.0718060752357328,-3.0262628022335352,-0.54256512809913815,0.0039477710849558255
1920599.9999869033,-10147.921149209049,40927.140262043758,-0.51203560459488318,-2.98416706479557,-0.73985394099952939,0.0039599925840803456
1921499.9999866937,-12809.903032107854,40173.654993475953,3.0510678211132425,-2.9292252596476192,-0.93395665398129502,0.0039551740181205256
1922399.9999864842,-15416.743225844933,39247.224927924115,6.6021693400191408,-2.8616739643629581,-1.1240378015194306,0.0039333302720109932
1923299.9999862746,-17957.220042008008,38151.839076605698,10.125980467712775,-2.7818040210104997,-1.3092792255774444,0.003894549485445722
1924199.9999866937,-20420.397511389019,36892.21368054198,13.607324891325911,-2.6899592872393843,-1.488883595342728,0.0038389926970271481
1925099.9999864842,-22795.672442812636,35473.771919028644,17.031203790493603,-2.5865351596488018,-1.6620778375580276,0.0037668931760439007
1925999.999986589,-25072.820071682294,33902.620565708588,20.382860444359277,-2.4719768745186843,-1.8281164646795587,0.0036785554437680007
1926899.9999866937,-27242.038061002087,32185.523713387855,23.647843789580712,-2.3467775946003315,-1.9862847835132995,0.0035743539891554127
1927799.9999861699,-29293.988698705802,30329.873662892063,26.812070703512994,-2.2114762887986026,-2.1359019728676074,0.0034547316834203498
1928699.999986589,-31219.839099749541,28343.659102209152,29.861886732270623,-2.066655413855023,-2.2763240161604004,0.0033201978999267364
1929599.9999863794,-33011.299222014066,26235.430730760534,32.78412497446714,-1.9129384092501736,-2.4069464749467171,0.0031713263484702279
1930499.9999867985,-34660.657565058966,24014.264444698936,35.56616291865253,-1.7509870137303054,-2.5272070936970303,0.0030087526309420264
1931399.9999872176,-36160.81436327313,21689.72227580336,38.195976935443227,-1.5814984174804025,-2.6365882219596655,0.0028331715309916649
1932299.9999870081,-37505.312155509746,19271.811224846588,40.662194229875581,-1.4052022602233021,-2.7346190451853478,0.0026453340473272871
1933199.9999874271,-38688.363587197557,16770.940177421173,42.954142011293669,-1.2228574889849819,-2.8208776135951572,0.0024460441839890728
1934099.9999872176,-39704.876320795418,14197.875099973704,45.061893659384275,-1.0352490900012132,-2.8949926599333655,0.0022361555123353591
1934999.9999870081,-40550.474961481777,11563.692680115677,46.976311714373026,-0.8431847068053262,-2.9566451992236984,0.0020165675171968287
1935899.9999871128,-41221.519887900249,8879.7326410244495,48.689087476367156,-0.64749116134711726,-3.0055699024216387,0.0017882217452659672
1936799.9999875319,-41715.122915217762,6157.5489213089004,50.192777057802736,-0.44901089220274715,-3.0415562386059145,0.0015520977712223986
1937699.999987951,-42029.159721899508,3408.8599305615476,51.480833731724431,-0.248598325317654,-3.0644493806778508,0.0013092089989404161
1938599.9999877415,-42162.278985519319,645.4980985443633,52.547636433222138,-0.047116193291090964,-3.0741508705755787,0.0010605983161890993
1939499.9999878462,-42113.908188493406,-2120.6410705865192,53.388514292681023,0.15456818126746688,-3.0706190411691265,0.00080733362103494301
1940399.999987951,-41884.256068523071,-4877.650201393305,53.99976708808564,0.35558662087406151,-3.0538691930386417,0.00055050324089658961
1941299.9999877415,-41474.311705647844,-7613.6613061291373,54.378681536571769,0.55507383200780636,-3.0239735256071238,0.00029121126233049239
1942199.9999881606,-40885.840247405671,-10316.896876820863,54.523543350274025,0.7521711313227728,-2.9810608228174327,3.057279180100198e-05
1943099.9999885797,-40121.37529493391,-12975.720569818784,54.43364500217745,0.94603014161922838,-2.9253158951148155,-0.00023029083016459274
1943999.9999880558,-39184.207980618863,-15578.687290008298,54.109289172819715,1.1358164434668909,-2.8569787800750737,-0.00049025684321230044
1944899.9999884749,-38078.372781026024,-18114.592456285001,53.551787856605777,1.3207131665283585,-2.7763437049836961,-0.00074820588892362194
1945799.9999885797,-36808.630141538633,-20572.520201628275,52.763457138055308,1.4999245025925856,-2.683757817059365,-0.0010030268158812087
1946699.9999889988,-35380.445966815474,-22941.890357370416,51.747607651625309,1.6726791293699259,-2.5796196853875704,-0.0012536214531446992
1947599.9999887892,-33799.968087351379,-25212.503966723172,50.508530774870984,1.8382335265009639,-2.4643775827216916,-0.0014989093263696129
1948499.9999892083,-32073.999784453179,-27374.587172562347,49.051480602180739,1.9958751725395696,-2.3385275532607652,-0.0017378323006060192
1949399.9999889988,-30209.970510119081,-29418.833255529451,47.382651791597787,2.144925606663544,-2.2026112764511194,-0.0019693591262329724
1950299.9999891035,-28215.903898835462,-31336.442682191628,45.509153355020324,2.2847433449848245,-2.057213733965209,-0.0021924898730852158
1951199.9999885797,-26100.383247309033,-33119.160945615018,43.438978535748404,2.4147266357031127,-1.9029606927529643,-0.0024062602288737428
1952099.9999883701,-23872.514568394217,-34759.314083195481,41.180970863327673,2.5343160448302582,-1.7405160119537337,-0.0026097456490469686
1952999.9999881606,-21541.887416473131,-36249.84168054301,38.744786564828225,2.6429968586750276,-1.5705787880692981,-0.0028020653361103638
1953899.9999882653,-19118.53362640406,-37584.327245620545,36.140853467168853,2.7403012947789702,-1.393880348754124,-0.0029823860346375108
1954799.9999880558,-16612.884159849164,-38757.025809801773,33.380326580895883,2.8258105109853835,-1.2111811093241425,-0.0031499256244435082
1955699.9999878462,-14035.724228278885,-39762.888647582695,30.475040536526468,2.8991564048754022,-1.0232673042740503,-0.0033039564981772961
1956599.9999876367,-11398.14690091673,-40597.585000018458,27.437459091263801,2.9600231953103222,-0.8309476089113087,-0.0034438087080275793
1957499.9999877415,-8711.5053869922358,-41257.520714704253,24.280621909264955,3.0081487798294924,-0.63504966481569902,-0.0035688728692058161
1958399.9999881606,-5987.3642036130095,-41739.853720168176,21.01808884784613,3.0433258620046968,-0.43641652441392592,-0.0036786028077722306
1959299.999988894,-3237.4494264038335,-42042.506271271064,17.663881970391035,3.0654028441978309,-0.23590302890939163,-0.003772517942383773
1960199.9999883701,-473.5982554014771,-42164.173909146804,14.232425553423468,3.0742844816519166,-0.034372136370689338,-0.0038502053892742363
1961099.9999887892,2292.2919232130803,-42104.331100518808,10.738484297181948,3.0699322953742256,0.16730878701225169,-0.0039113217829097246
1961999.999988894,5048.3146986516895,-41863.23352844864,7.1971000775026317,3.0523647417697934,0.36827169218677769,-0.0039555948029273945
1962899.9999893131,7782.6058789086592,-41441.91702766341,3.6235274087214595,3.0216571384945765,0.56765157886475937,-0.0039828244031561138
1963799.9999887892,10483.394531023478,-40842.193167037156,0.03316797094752616,2.9779413466564213,0.76459021290088669,-0.0039928837358071305
1964699.9999882653,13139.05364474936,-40066.641495262811,-3.5584955802807925,2.9214052104464971,0.95823981692742211,-0.0039857197677014289
1965599.9999886844,15738.150172444713,-39118.59848491718,-7.1359662046397325,2.8522917566546671,1.1477667163626499,-0.0039613535852204111
1966499.9999887892,18269.49423550455,-38002.143224476487,-10.683799192505408,2.7708981575446656,1.3323549256267826,-0.003919880386700561
1967399.999988894,20722.187312956175,-36722.079907084277,-14.186668761205192,2.6775744604883469,1.5112096612220451,-0.0038614691613238043
1968299.9999889988,23085.669166212403,-35283.917203430276,-17.629434197004354,2.5727220905514181,1.6835607638125714,-0.0037863620553778149
1969199.9999891035,25349.763322240851,-33693.844598499541,-20.997205295046385,2.4567921316556047,1.8486660163868709,-0.0036948734274604923
1970099.9999892083,27504.720913441502,-31958.705793659348,-24.275406810986997,2.3302833935167229,2.0058143438037725,-0.0035873885953584426
1970999.9999896274,29541.262683642242,-30085.969287934655,-27.449841646515644,2.1937402724585056,2.1543288797968265,-0.0034643622784724924
1971899.9999894178,31450.61897551603,-28083.696267697254,-30.506752491647415,2.0477504153271684,2.293569887903562,-0.0033263167409654446
1972799.9999895226,33224.567541548684,-25960.505926408441,-33.432881680991244,1.8929421951894789,2.4229375247035483,-0.0031738396405277471
1973699.9999889988,34855.468985714324,-23725.538392068065,-36.215528956788411,1.7299820115990918,2.5418744311608941,-0.0030075815917763294
1974599.9999894178,36336.299719296818,-21388.415380231731,-38.842606944787974,1.5595714238813154,2.6498681433941544,-0.0028282534495187085
1975499.999988894,37660.682247726203,-18959.198789738261,-41.302694030468395,1.3824441331568451,2.7464533093100583,-0.0026366233245960591
1976399.9999889988,38822.912695113118,-16448.347365606282,-43.585084464050666,1.1993628221045847,2.831213704061009,-0.0024335133387182678
1977299.9999887892,39817.985411782778,-13866.671668382915,-45.679835405691762,1.0111158698784055,2.9037840327903814,-0.0022197961339641254
1978199.9999892083,40641.614583397088,-11225.287499529701,-47.577810741652989,0.81851395309834329,2.9638515144630779,-0.0019963911464408201
1979099.9999893131,41290.252729533669,-8535.5680188408514,-49.270721433527065,0.62238655018520184,3.0111572383367644,-0.0017642606612498861
1979999.9999891035,41761.106022345193,-5809.094732217437,-50.751162233810795,0.42357836215019179,3.0454972877557811,-0.0015244056621998565
1980899.999988894,42052.146350236108,-3057.6075808801456,-52.012644575821334,0.22294566684396547,3.0667236255542036,-0.0012778614951115136
1981799.9999886844,42162.120076332161,-292.95434499977637,-53.049625482820964,0.021352622390834838,3.0747447371957,-0.0010256933632673503
1982699.9999891035,42090.553453669425,2472.9604290479206,-53.857532358089003,-0.18033246470603986,3.0695260287036126,-0.0007689916743254734
1983599.9999895226,41837.75467211334,5228.2267362355478,-54.432783524692582,-0.38124088891621127,3.0510899774368752,-0.00050886726214700482
1984499.9999893131,41404.812529287097,7960.9804548368083,-54.77280442059115,-0.58050729760224695,3.0195160350816153,-0.00024644650439696191
1985399.9999894178,40793.591727883148,10659.454494801423,-54.876039360843684,-0.77727342860457804,2.9749402830234137,1.7133639742312819e-05
1986299.9999895226,40006.724825650919,13312.02950557958,-54.741958805645069,-0.97069181520729919,2.9175548420703752,0.00028073064451961517
1987199.9999896274,39047.60086816363,15907.28396030865,-54.371062101790272,-1.1599294448770041,2.8476070388342962,0.00054320146341716889
1988099.9999894178,37920.350757142725,18434.043375341294,-53.764875678597257,-1.344171353970588,2.7653983327860763,0.00080340757792810925
1988999.9999892083,36629.829417442656,20881.428459731145,-52.925946707622465,-1.5226241432445791,2.6712830088025226,0.001060220024494653
1989899.9999886844,35181.594843629595,23238.901980926239,-51.857832258934458,-1.6945193984344504,2.5656666413608349,0.0013125243738211906
1990799.9999887892,33581.884111578271,25496.31415589773,-50.56508400319624,-1.8591170018995626,2.4490043368920023,0.0015592256391988675
1991699.9999885797,31837.586471785136,27643.946352053914,-49.053228543280198,-2.0157083195703813,2.3217987631000239,0.0017992530879895657
1992599.9999883701,29956.213627209931,29672.552933613584,-47.328743460693701,-2.1636192512326087,2.1845979730432243,0.0020315649361499159
1993499.9999884749,27945.867337737687,31573.401053895559,-45.399029202300575,-2.3022131296686004,2.0379930346277093,0.0022551529022053233
1994399.9999885797,25815.204486394719,33338.308232467854,-43.272376937828845,-2.4308934570320293,1.8826154756329099,0.002469046601536518
1995299.9999886844,23573.399761528708,34959.677553333509,-40.957932542644194,-2.5491064666726926,1.7191345557472733,0.0026723177618314642
1996199.9999884749,21230.106113473816,36430.53033641525,-38.46565687113106,-2.6563434998358497,1.5482543773652704,0.002864084242572949
1997099.999987951,18795.413160606142,37744.536139643678,-35.806282508115473,-2.7521431870531248,1.3707108480442263,0.0030435138420483003
1997999.9999874271,16279.803724428093,38896.039964930409,-32.991267196244209,-2.8360934252221361,1.1872685078135805,0.0032098278771626183
1998899.9999875319,13694.108678621766,39880.086553907204,-30.03274414702954,-2.9078331422953161,0.99871723486378372,0.0033623045226882421
1999799.9999873224,11049.460313437859,40692.4416676732,-26.943469465573344,-2.9670538421029882,0.80586884428901717,0.003500281897162658
2000699.9999877415,8357.2443981769429,41329.610266674608,-23.736766901140925,-3.013500923416947,0.60955359315349988,0.0036231608852013214
2001599.9999878462,5629.0511800223303,41788.851503369027,-20.426470203595098,-3.0469747670856826,0.41061660915635312,0.0037304076843453857
2002499.9999882653,2876.6254880727033,42068.190476653399,-17.026863288115479,-3.0673315876919638,0.20991425507300288,0.0038215560694880167
2003399.9999883701,111.81619858689469,42166.426688134816,-13.552618516958383,-3.0744840455014901,0.0083104474793838107,0.0038962093648828911
2004299.9999881606,-2653.4747572398887,42083.139171912684,-10.01873332138334,-3.0684016167374146,-0.19332705720089732,0.0039540421182435014
2005199.9999882653,-5407.3436020020717,41818.688272363412,-6.4404654623887314,-3.0491107203833536,-0.39413039194790067,0.0039948014700692943
2006099.9999883701,-8137.9359229550046,41374.214065163396,-2.8332672010233511,-3.0166946011920488,-0.59323530825982218,0.0040183082136545202
2006999.9999878462,-10833.497670607232,40751.631428430046,0.78728134780194725,-2.9712929693893471,-0.78978488968536631,0.0040244575420791554
2007899.999987951,-13482.425734386687,39953.621781476519,4.4055394059641069,-2.9131013983041205,-0.98293323459240001,0.0040132194793287045
2008799.9999880558,-16073.317845006612,38983.621535173494,8.0058729366070107,-2.8423704830576417,-1.171849090076847,0.0039846389939957681
2009699.9999881606,-18595.021636522179,37845.807292466779,11.572722039556623,-2.7594047630246412,-1.3557194249719917,0.0039388357952982213
2010599.9999876367,-21036.682617876369,36545.077872631264,15.090667998030282,-2.6645614133141335,-1.5337529238264649,0.003876003812261654
2011499.9999877415,-23387.790879636359,35087.033224399529,18.544499736010319,-2.5582487098896487,-1.7051833892255959,0.0037964103577909627
2012399.9999878462,-25638.226302481169,33477.95033376717,21.919279357391243,-2.44092427590674,-1.8692730354896676,0.0037003949816142787
2013299.9999876367,-27778.302105602128,31724.756213170233,25.200406534853716,-2.3130931154513563,-2.0253156619746537,0.0035883680159191898
2014199.9999871128,-29798.806526914679,29834.998098027594,28.373681444803857,-2.1753054437322383,-2.1726396908005108,0.0034608088199872314
2015099.9999869033,-31691.042464890954,27816.810972607582,31.425365993847105,-2.0281543224955119,-2.3106110565713887,0.0033182637306150117
2015999.9999863794,-33446.864903221009,25678.882572060771,34.342243063018607,-1.8722731112570661,-2.4386359350030835,0.00316134372719311
2016899.9999861699,-35058.715970196397,23430.415997110606,37.111673537938877,-1.7083327442100529,-2.5561632995923085,0.0029907218200735247
2017799.9999862746,-36519.657466679149,21081.09011733206,39.721650857130008,-1.5370388455593316,-2.6626872941337214,0.0028071301740984719
2018699.9999863794,-37823.400732299022,18641.017923145631,42.160852860884553,-1.3591286949027839,-2.7577494114897529,0.0026113569785627751
2019599.9999864842,-38964.333719409078,16120.703004707122,44.418690716773298,-1.1753680556167903,-2.8409404690048508,0.0024042430765831265
2020499.9999869033,-39937.545154289146,13530.994350264329,46.485354705554741,-0.98654788027319407,-2.9119023716809163,0.0021866783684542195
2021399.9999870081,-40738.845682186868,10883.039659694077,48.351856671625725,-0.79348090736398624,-2.9703296554806733,0.0019595980043074423
2022299.9999874271,-41364.785909179991,8188.2373604104332,50.010068965380142,-0.59699816300668007,-3.0159708043276439,0.0017239783810246779
2023199.9999878462,-41812.671254923516,5458.1875547514474,51.45275969247129,-0.39794538437541083,-3.0486293344599797,0.001480832962321439
2024099.9999882653,-42080.573559342825,2704.6420885274974,52.673624134164598,-0.19717937874142261,-3.068164641922043,0.0012312079379780182
2024999.9999883701,-42167.339388647881,-60.546031215072333,53.667312193346234,0.0044356651856424911,-3.0744926091605285,0.00097617774185624479
2025899.9999884749,-42072.595006069918,-2825.4736568088583,54.429451750971523,0.2060318980582885,-3.0675859681676449,0.00071684044739581078
2026799.9999885797,-41796.747985567992,-5578.2387340554478,54.956667829846545,0.40674154636145715,-3.047474418566495,0.00045431306078233183
2027699.9999889988,-41340.985461454708,-8306.9915363246673,55.246597484778114,0.60570064891414366,-3.0142445001217539,0.00018972673129257641
2028599.9999891035,-40707.269022109693,-10999.985668063999,55.297900351834556,0.80205277651751272,-2.968039220283782,-7.5778099700146649e-05
2029499.9999892083,-39898.326267616685,-13645.628632206963,55.11026481213829,0.99495271969953969,-2.909057438239115,-0.00034105659161457407
2030399.9999893131,-38917.639071691199,-16232.531723624161,54.684409741289855,1.18357012715596,-2.837553008449726,-0.00060496441648829398
2031299.9999897322,-37769.428593708966,-18749.55905514945,54.022081836472047,1.3670930807339789,-2.7538336870707729,-0.00086636267077582613
2032199.9999895226,-36458.637112815173,-21185.875482875814,53.126048533816409,1.5447315899122744,-2.6582598065528176,-0.0011241227638182801
2033099.9999899417,-34990.90674971792,-23530.993253806428,52.000086538343638,1.715720992855378,-2.5512427232751183,-0.0013771312650789891
2033999.9999900465,-33372.555187569822,-25774.817135184279,50.648966026801112,1.8793252464849868,-2.4332430463990762,-0.0016242946852215176
2034899.9999895226,-31610.548476552347,-27907.687871240305,49.078430577006642,2.0348400943253142,-2.3047686541779688,-0.0018645441747848195
2035799.9999899417,-29712.471048037496,-29920.42375930908,47.295172912736135,2.1815960969709525,-2.1663725069652444,-0.0020968401182327894
2036699.9999897322,-27686.493081990211,-31804.360155473823,45.306806581688022,2.3189615113662954,-2.0186502674561377,-0.0023201766024352512
2037599.9999904656,-25541.335331096871,-33551.386779751963,43.121833651747508,2.446345009460924,-1.8622377357608817,-0.0025335857451684119
2038499.9999908847,-23286.231601963365,-35153.982609456725,40.749608608535063,2.5631982208820068,-1.6978081139613077,-0.0027361418593637795
2039399.9999906751,-20930.889010139344,-36605.248255503044,38.200298564229278,2.6690180920116195,-1.5260691086974048,-0.0029269654407029352
2040299.9999907799,-18485.446205482254,-37898.93565672452,35.484839970501291,2.7633490495101385,-1.3477598861339439,-0.0031052269587194172
2041199.9999908847,-15960.429746836437,-39029.474969524912,32.614892019453627,2.8457849594121551,-1.1636478923656195,-0.0032701504359273301
2042099.9999906751,-13366.708804433396,-39991.998543375405,29.602786919896168,2.9159708738848176,-0.97452555226401938,-0.0034210168007450773
2042999.9999910942,-10715.448382897026,-40782.361877487805,26.461477256309244,2.9736045580895309,-0.78120686081157498,-0.0035571670000936221
2043899.9999915133,-8018.0612848417195,-41397.161462379328,23.204480675186204,3.0184377901965065,-0.58452388293006696,-0.0036780048576915323
2044799.9999913038,-5286.1589978388147,-41833.749439270185,19.845822105126494,3.0502774297276356,-0.3853231750845143,-0.0037829996676662717
2045699.9999910942,-2531.5017246427219,-42090.245008820442,16.399973764062821,3.0689862492911613,-0.18446214463689148,-0.0038716885120812362
2046599.9999908847,234.05221776621596,-42165.542539762595,12.881793220344164,3.0744835261512273,0.017194636674344902,-0.0039436782926023182
2047499.9999906751,2998.5974283347205,-42059.316345912797,9.3064597499397586,3.0667453913710445,0.2187791504817613,-0.0039986474687241638
2048399.9999907799,5750.2326577960102,-41772.022108927318,5.6894092624141441,3.045804934902931,0.41942366455700897,-0.0040363474952547929
2049299.9999908847,8477.112024374168,-41304.894941186518,2.0462680768600952,3.0117520662244481,0.61826446422648651,-0.0040566039532290163
2050199.9999909895,11167.496000068128,-40659.944096219653,-1.6072141880198698,2.9647331310538783,0.81444556727603901,-0.0040593173699458134
2051099.9999910942,13809.801938859073,-39839.944349636229,-5.2552323155142053,2.9049502857953402,1.0071224057738613,-0.0040444637247163328
2051999.9999908847,16392.653932980782,-38848.424087785039,-8.8819935041591034,2.8326606323856054,1.1954654593185179,-0.0040120946384547395
2052899.9999903608,18904.931790565191,-37689.650151606373,-12.471785418177312,2.7481751169439428,1.378663824737935,-0.0039623372462029667
2053799.9999901513,21335.818910553833,-36368.609504517131,-16.009043970957983,2.6518571971672795,1.5559287059875107,-0.0038953937530704368
2054699.999990256,23674.84885582214,-34890.987801830212,-19.47842056609305,2.5441212840279839,1.7264968098120281,-0.0038115406752291148
2055599.9999900465,25911.950427756601,-33263.144950813992,-22.86484851882479,2.4254309641626417,1.889633632889349,-0.0037111277684655319
2056499.9999901513,28037.491050556459,-31492.087761674426,-26.153608382495374,2.2962970101419033,2.0446366265236287,-0.0035945766476397577
2057399.999990256,30042.318260066564,-29585.439820018699,-29.330391876253575,2.1572751880088403,2.1908382239535276,-0.0034623791025780557
2058299.9999900465,31917.799140097057,-27551.40869498923,-32.381364175481941,2.0089638702727006,2.3276087188289356,-0.003315095115141227
2059199.9999904656,33655.857527648172,-25398.750626367058,-35.293224287456816,1.8520014646644951,2.4543589818136637,-0.0031533505840471172
2060099.9999905704,35249.008816763104,-23136.732854207294,-38.05326323656061,1.6870636704401403,2.5705430028497798,-0.0029778347657377236
2060999.9999903608,36690.392229810685,-20775.093730209021,-40.649419838464262,1.5148605722474091,2.675660249440805,-0.0027892974378393
2061899.9999907799,37973.800399014573,-18324.000800657908,-43.07033379024687,1.3361335852772591,2.769257829387576,-0.0025885457955979428
2062799.9999908847,39093.70613549964,-15794.007037697045,-45.305395848458616,1.1516522644839919,2.8509324488956906,-0.0023764410910115975
2063699.9999906751,40045.286275136976,-13196.005394540671,-47.344794879384992,0.96221099059876369,2.9203321578242014,-0.0021538950244201997
2064599.9999907799,40824.442488904184,-10541.18189379899,-49.179561549579908,0.76862554813591721,2.9771578737093094,-0.0019218659014491788
2065499.999991199,41427.818970276479,-7840.967446538757,-50.80160845669581,0.57172960978277909,3.0211646779884203,-0.0016813545678791551
2066399.9999913038,41852.816921860162,-5106.9886132996762,-52.203766505498756,0.37237114259115844,3.0521628785460684,-0.0014334001369003884
2067299.9999910942,42097.605780157115,-2351.0175052097015,-53.379817356550689,0.17140875047372764,3.0700188339157868,-0.0011790755229551086
2068199.999991199,42161.131124200299,415.07894178194289,-54.324521770563415,-0.030292029909337152,3.0746555349758271,-0.00091948280061985774
2069099.9999913038,42043.119235854778,3179.3900992234603,-55.033643702209375,-0.23186246367525767,3.0660529415980347,-0.00065574840729925622
2069999.9999910942,41744.078291545884,5930.0129840879108,-55.503970017946465,-0.43243436783559619,3.0442480726035104,-0.00038901820811580831
2070899.9999905704,41265.2961782774,8655.103556441245,-55.733325715659618,-0.63114385887966717,3.0093348483642344,-0.00012045244720979878
2071799.9999906751,40608.834943229187,11342.927770140079,-55.720584558839803,-0.82713508253059675,2.9614636866254904,0.0001487793923106579
2072699.9999904656,39777.521903182613,13981.912140179151,-55.46567505335296,-1.0195639082013739,2.9008408534047438,0.00041750379301518201
2073599.999990256,38774.937446664422,16560.693631359289,-54.96958171998493,-1.2076015736655503,2.827727571355573,0.0006845484481447805
2074499.9999900465,37605.399588737724,19068.168622856505,-54.234341640112532,-1.3904382618087099,2.7424388900079464,0.00094874751630813384
2075399.9999898369,36273.945340647559,21493.540757836763,-53.263036277383314,-1.5672865953197987,2.6453423225131871,0.0012089468595521502
2076299.9999896274,34786.30897744259,23826.367462034046,-52.059778603679874,-1.737385033365898,2.5368562550953619,0.0014640092351277038
2077199.9999891035,33148.897299175493,26056.604929824392,-50.629695584845436,-1.9000011553927185,2.4174481363642499,0.001712819412218202
2078099.9999885797,31368.761990524785,28174.651387803224,-48.978906103667526,-2.0544348180701522,2.2876324543546409,0.0019542891859682396
2078999.9999883701,29453.569202863797,30171.388443102092,-47.114494427822294,-2.2000211712460538,2.1479685105823583,0.0021873622609666025
2079899.9999884749,27411.566492417911,32038.220338875079,-45.044479353328178,-2.3361335199286386,1.9990580011247092,0.0024110189783590578
2080799.9999882653,25251.54725561235,33767.110951719587,-42.777779172436553,-2.4621860202674779,1.8415424152819995,0.0026242808627886748
2081699.9999886844,22982.812809590847,35350.618375451908,-40.324172630734502,-2.5776361982559131,1.6761002628718511,0.0028262149672911856
2082599.9999891035,20615.132304740062,36781.926925763248,-37.694256088496317,-2.6819872792017039,1.5034441440241884,0.0030159379936891806
2083499.9999892083,18158.700616120514,38054.876451191172,-34.899397067132156,-2.7747903197641253,1.3243176724055745,0.0031926201730037782
2084399.9999889988,15624.094413377659,39163.988810527953,-31.951684422881751,-2.855646132542629,1.1394922666076155,0.0033554888879611484
2085299.9999887892,13022.226593392836,40104.491408752459,-28.863875379808121,-2.9242069955568755,0.94976382327619069,0.0035038320240841293
2086199.9999882653,10364.299281043846,40872.33768875277,-25.649339682192196,-2.9801781393507394,0.75594928705244746,0.0036370010367336204
2087099.9999880558,7661.7555805229804,41464.22449939527,-22.32200110224197,-3.0233190061564685,0.55888313067820261,0.0037544137248656851
2087999.9999878462,4926.2303115231962,41877.606257178319,-18.896276603223058,-3.0534442753102091,0.35941376235382366,0.0038555567012499886
2088899.999987951,2169.4999191216311,42110.705849623417,-15.387013406153773,-3.0704246513523863,0.15839987407619202,0.0039399875531422306
2089799.9999877415,-596.56820735096369,42162.52223054268,-11.809424266516618,-3.0741874113723915,-0.043293251967591935,0.0040073366866434429
2090699.9999881606,-3360.0668136297845,42032.834678563835,-8.1790212161608267,-3.0647167096805847,-0.24479746500567914,0.0040573088509112485
2091599.999987951,-6109.1000062795665,41722.203699802994,-4.511548102437601,-3.0420536385546559,-0.44524547707237827,0.0040896843377926165
2092499.9999883701,-8831.8344428853379,41231.968572180085,-0.82291216870310013,-3.0062960449848282,-0.64377459107558432,0.0041043198553395522
2093399.9999884749,-11516.550227173449,40564.241544931319,2.8708849762810975,-2.9575981044794322,-0.83953040679528401,0.0041011490731261997
2094299.999988894,-14151.691331698448,39721.898714466093,6.5538167588379777,-2.8961696535109906,-1.0316704920622115,0.0040801828394989624
2095199.9999889988,-16725.915293253205,38708.567623132112,10.209901062709678,-2.8222752840033483,-1.2193680007152261,0.0040415090711923753
2096099.9999887892,-19228.142005924346,37528.611625165329,13.823269430897376,-2.7362332030621914,-1.4018152247446172,0.0039852923169518438
2096999.9999892083,-21647.60137432077,36187.111094016895,17.378235715474613,-2.6384138633052432,-1.5782270634663604,0.0039117729978999632
2097899.9999893131,-23973.879626040973,34689.841555056271,20.859363889131288,-2.5292383698397591,-1.7478443952192992,0.0038212663288203631
2098799.9999894178,-26196.964109776658,33043.248822736801,24.251534769792528,-2.4091766695574974,-1.9099373390496133,0.0037141609243927253
2099699.9999895226,-28307.286354250595,31254.421266089801,27.540011329765367,-2.2787455316683918,-2.0638083900909336,0.0035909170972854496
2100599.9999896274,-30295.763225058854,29331.059309926241,30.710502346508203,-2.1385063271824194,-2.2087954168358799,0.0034520648546261818
2101499.9999891035,-32153.83599452913,27281.442306926787,33.749224115108191,-1.9890626170716736,-2.3442745068694109,0.0032982016013614799
2102399.9999892083,-33873.507162215028,25114.392916791785,36.642959971411258,-1.8310575589166529,-2.4696626492519345,0.0031299895594878806
2103299.9999889988,-35447.37485444887,22839.239160845351,39.379117352808009,-1.6651711441940193,-2.5844202410473938,0.002948152914909468
2104199.9999894178,-36868.664677523469,20465.774288177523,41.945782193229228,-1.4921172760144752,-2.6880534088361174,0.002753474701563913
2105099.9999892083,-38131.258863303359,18004.214655353917,44.331770382069088,-1.3126407019378465,-2.7801161334265312,0.0025467934379098801
2105999.9999889988,-39229.722602816328,15465.15577007418,46.526676105872021,-1.1275138127389945,-2.8602121701029763,0.0023289995271953455
2106899.9999887892,-40159.327436711035,12859.52671525014,48.520916836572148,-0.93753332283091761,-2.9279967547908305,0.0021010314386366753
2107799.9999892083,-40916.07161390406,10198.54312775586,50.305774797687427,-0.74351684498798498,-2.9831780896059037,0.0018638716835751433
2108699.9999893131,-41496.69732262734,7493.6589522539298,51.873434716330436,-0.54629937539259232,-3.0255186007309254,0.001618542604950047
2109599.9999894178,-41898.704727098739,4756.5171513515588,53.217017718091178,-0.34672970218896315,-3.0548359636747136,0.00136610199537356
2110499.9999895226,-42120.362739972275,1998.8996138045677,54.330611199348184,-0.14566675515079758,-3.0710038907460189,0.0011076385648375688
2111399.9999893131,-42160.716490028128,-767.32354049000219,55.209294562342905,0.056024089050782523,-3.0739526777130917,0.00084426727567871976
2112299.9999891035,-42019.591450630345,-3530.2450473912954,55.849160702167076,0.25747473056333592,-3.0636695070669071,0.00057712456380927784
2113199.9999892083,-41697.594209592215,-6277.9717363573445,56.247333145405143,0.45781808146736008,-3.0401985064137409,0.00030736346843520908
2114099.9999896274,-41196.109878710457,-8998.6757144910207,56.401978773747949,0.65619179733381638,-3.0036405618149806,3.6148689463118806e-05
2114999.9999900465,-40517.29615238234,-11680.6452746295,56.31231607501757,0.85174198899328268,-2.954152886713346,-0.00023534840624693556
2115899.9999898369,-39664.074040667125,-14312.335304891472,55.978618884560127,1.0436268982490557,-2.8919483482561001,-0.00050595480818845775
2116799.9999896274,-38640.115314603958,-16882.416987855271,55.402215599264728,1.2310205220477124,-2.8172945537424496,-0.00077450089419414919
2117699.9999900465,-37449.826721445643,-19379.826563236118,54.585483868029705,1.4131161685760454,-2.7305127013782182,-0.0010398254483749295
2118599.9999901513,-36098.331037436466,-21793.812951208933,53.531840782352447,1.5891299304504294,-2.6319762002560059,-0.0013007806442596533
2119499.9999899417,-34591.445030708681,-24113.984044944697,52.245728600463309,1.7583040609986889,-2.5221090648476716,-0.0015562369733388703
2120399.9999900465,-32935.654440013263,-26330.351448368379,50.732596072077449,1.9199102372628676,-2.4013840917192648,-0.0018050880953411643
2121299.9999904656,-31138.086073613107,-28433.373477957066,48.998875441708783,2.0732526964760147,-2.2703208260838217,-0.0020462555906763449
2122199.999990256,-29206.477147446294,-30413.996244375354,47.051955226908717,2.2176712325500021,-2.1294833268903135,-0.0022786935948473394
2123099.9999906751,-27149.14198406526,-32263.692645153442,44.900148875468282,2.3525440402395104,-1.9794777393263561,-0.0025013932960418501
2123999.9999901513,-24974.936247439971,-33974.499069069963,42.55265946686913,2.4772903924253917,-1.8209496875224236,-0.0027133872729936501
2124899.9999896274,-22693.218819822123,-35539.049701084754,40.019540559028208,2.5913731423959998,-1.654581495224819,-0.0029137536601682289
2125799.9999897322,-20313.811528862774,-36950.608236863853,37.311653391571852,2.6943010371916976,-1.4810892496427273,-0.003101620117424749
2126699.9999901513,-17846.956879933012,-38203.096891350717,34.440620609415191,2.7856308335820912,-1.3012197197930959,-0.0032761675897092441
2127599.9999905704,-15303.273969305093,-39291.122577750022,31.418776695197824,2.8649692076612783,-1.1157471421764094,-0.0034366338411061289
2128499.9999903608,-12693.712776402775,-40210.000137566043,28.259115330051774,2.9319744493634921,-0.92546988825921972,-0.0035823167474934672
2129399.9999901513,-10029.507031648513,-40955.772522715684,24.975233906052882,2.9863579346922213,-0.73120702811439064,-0.0037125773340471184
2130299.9999896274,-7322.1258645068074,-41525.227843141663,21.58127542801866,3.027885369365042,-0.53379480515526156,-0.0038268425448614377
2131199.9999894178,-4583.2244317684181,-41915.913208726546,18.091868040893615,3.0563777987013281,-0.3340830365637138,-0.0039246077335406719
2132099.999988894,-1824.5937501652911,-42126.14530290648,14.522062453158677,3.0717123792100973,-0.13293145576051452,-0.0040054388639210676
2132999.9999886844,941.89006426539822,-42155.017645112399,10.887267504042528,3.0738229087762359,0.068793988319528682,-0.0040689744124629244
2133899.9999887892,3704.3169176074157,-42002.404508676809,7.2031841646778867,3.0627001130380109,0.27022485820069236,-0.0041149269641083761
2134799.999988894,6450.7940105710049,-41668.961478896177,3.4857382387596183,3.0383916868653351,0.47049396580640473,-0.0041430844956329427
2135699.9999889988,9169.4970399525992,-41156.122647565011,-0.24898795194225226,3.0010020906948456,0.6687391051867233,-0.0041533113413510401
2136599.9999894178,11848.721101574854,-40466.094457176732,-3.9848245997746599,2.9506921027061042,0.86410676347080861,-0.0041455488375172446
2137499.9999895226,14476.931083249885,-39601.846221023501,-7.705583880841691,2.8876781287699762,1.0557557946568836,-0.0041198156433295335
2138399.9999899417,17042.811334585796,-38567.097357264574,-11.395129575973101,2.8122312729577508,1.242861040733138,-0.0040762077374786312
2139299.9999900465,19535.314381023483,-37366.301398453965,-15.03744652417994,2.7246761731004314,1.4246168832117663,-0.0040148980909306452
2140199.9999898369,21943.708499777615,-36004.626835960131,-18.616709656422398,2.6253896057290111,1.6002407118299686,-0.0039361360174135235
2141099.999990256,24257.623932954604,-34487.934887352189,-22.117352292783902,2.5147988668052621,1.7689762940830813,-0.0038402462047549355
2141999.9999903608,26467.097537286329,-32822.754286919531,-25.52413341392921,2.3933799355233352,1.9300970310185603,-0.0037276274317219003
2142899.9999901513,28562.615700271719,-31016.253193278983,-28.82220365892892,2.2616554279979182,2.0829090869321427,-0.0035987509748348391
2143799.999990256,30535.155316876258,-29076.208345976273,-31.997169742402718,2.1201923504100999,2.2267543780051393,-0.0034541587122259554
2144699.9999903608,32376.222654438647,-27010.971603685637,-35.03515702676323,1.9695996612211413,2.3610134073585076,-0.0032944609320791126
2145599.9999904656,34077.889946146206,-24829.43400022764,-37.922869999588798,1.8105256523171402,2.4851079349174534,-0.003120333853432525
2146499.999990256,35632.829547515117,-22540.987479642066,-40.64765038915111,1.6436551607621435,2.5985034700362259,-0.0029325168689924132
2147399.9999903608,37034.345515862587,-20155.484465048514,-43.19753268457108,1.4697066223557225,2.7007115766813685,-0.0027318095190794001
2148299.9999898369,38276.402463517596,-17683.195454196128,-45.561296801072757,1.2894289809696111,2.791291980280425,-0.0025190682088536082
2149199.9999899417,39353.651579149118,-15134.764793663484,-47.728517697417182,1.1035984646517951,2.8698544685056393,-0.002295202677479184
2150099.9999900465,40261.453683996333,-12521.164856760513,-49.689611691325062,0.91301524481911622,2.9360605762288552,-0.0020611722339319658
2150999.9999904656,40995.899240218969,-9853.6487901773507,-51.435879299096584,0.71849999049150193,2.9896250485402285,-0.0018179817690546492
2151899.9999905704,41553.825213044322,-7143.7020564598324,-52.959544382882179,0.52089033405680651,3.0303170745685328,-0.0015666775588573491
2152799.9999906751,41932.828720101796,-4402.9929618116057,-54.253789437631873,0.32103726233218194,3.0579612871337787,-0.0013083428709544627
2153699.9999904656,42131.277403178181,-1643.3224002251518,-55.3127868357371,0.11980144973600323,3.0724385233797649,-0.0010440933901223789
2154599.9999908847,42148.316480465699,1123.4269861103583,-56.131725882308245,-0.081950451854324882,3.073686343186036,-0.00077507247667364329
2155499.9999913038,41983.872446113346,3885.3419918151453,-56.70683553049038,-0.283349549157072,3.0616993027871189,-0.00050244627573421317
2156399.9999917229,41638.653401724892,6630.5301811773434,-57.035402638081692,-0.48352845499212327,3.0365289823244908,-0.00022739869265994212
2157299.9999915133,41114.146016163984,9347.1711284271551,-57.115785647099571,-0.68162502961875759,2.9982837669147857,4.887374475749119e-05
2158199.9999916181,40412.609126157768,12023.567353925766,-56.947423595845173,-0.87678610036515559,2.9471283820050362,0.00032516711787980613
2159099.9999920372,39537.06400653805,14648.194726322574,-56.530840388761597,-1.0681711426364024,2.8832831849959062,0.0006002754195999191
2159999.999992142,38491.281350643621,17209.752121716512,-55.867644271577532,-1.254955906893974,2.8070232159911623,0.00087299590470331357
2160899.9999925611,37279.765015154058,19697.210125059457,-54.960522477912455,-1.4363359757590231,2.71867701156537,0.0011421344628802532
2161799.9999929802,35907.732602819859,22099.858554093928,-53.813231041234722,-1.6115302350204939,2.6186251868781261,0.0014065109865056132
2162699.9999933993,34381.092965301257,24407.352606725461,-52.430579788577845,-1.7797842438293534,2.5072987921409262,0.0016649647055875655
2163599.9999938183,32706.420722033672,26609.757432809034,-50.818412556954009,-1.9403734893723434,2.3851774504841012,0.0019163594606714292
2164499.9999936088,30890.927911911549,28697.590928598012,-48.983582707823146,-2.0926065111347913,2.2527872858346893,0.0021595888827384054
2165399.9999937136,28942.432886733412,30661.864586837797,-46.933924022441154,-2.2358278824182625,2.1106986488825901,0.002393581452043114
2166299.999993504,26869.326605437531,32494.122196949102,-44.678217125439922,-2.3694210340000907,1.9595236528990845,0.0026173054027409681
2167199.9999936088,24680.536448787458,34186.476259832991,-42.226151559848688,-2.49281090996939,1.7999135283286172,0.0028297734480393823
2168099.9999940279,22385.487732182992,35731.641936955515,-39.588283709879605,-2.605466442543741,1.6325558093251848,0.0030300472955649234
2168999.9999941327,19994.063076157883,37122.968397448632,-36.775990763730569,-2.7069028359285436,1.4581713640946885,0.0032172419283001
2169899.9999939231,17516.559804208646,38354.467431159646,-33.801420929968565,-2.7966836496310261,1.2775112816410432,0.0033905296278926808
2170799.9999937136,14963.645564622888,39420.839196599409,-30.677440163058574,-2.8744226717573236,1.0913536294761956,0.0035491437181258919
2171699.9999931897,12346.312366117114,40317.494997512811,-27.417575655619974,-2.9397855746658115,0.90050009633682226,0.003692382010485998
2172599.9999926658,9675.8292178501943,41040.576994113384,-24.035956362244438,-2.9924913462808513,0.70577253398024486,0.0038196099365434273
2173499.9999930849,6963.6935861872389,41586.974761000631,-20.547250852081785,-3.0323134908332698,0.50800941369060959,0.0039302633535042214
2174399.9999931897,4221.5818869685318,41954.338621753319,-16.966602801230916,-3.0590809941230566,0.30806221355475838,0.0040238510122912524
2175299.9999929802,1461.2991979119415,42141.089710122978,-13.309564394778761,-3.0726790498631629,0.10679175003909142,0.0040999566813587473
2176199.9999927706,-1305.2715636745547,42146.426708325162,-9.5920279879091659,-3.0730495437079282,-0.094935528227124227,0.0041582409191626857
2177099.9999931897,-4066.2207884411187,41970.329238755017,-5.8301563321765313,-3.0601912934471653,-0.29625126920342026,0.004198442492187566
2177999.9999929802,-6809.6634253426328,41613.557896728889,-2.0403116905812233,-3.034160044656709,-0.49628895255368694,0.0042203794367061485
2178899.9999930849,-9523.7901340281878,41077.650922611014,1.7610158645183287,-2.9950682218617395,-0.69418761657145944,0.0042239497641700678
2179799.9999928754,-12196.9180810497,40364.917532950487,5.5572805969058399,-2.9430844367966436,-0.88909555819976516,0.0042091318110385138
2180699.9999923515,-14817.541204674235,39478.427935583466,9.3319534353108065,-2.878432755705878,-1.0801739935066346,0.0041759842359507179
2181599.9999924563,-17374.3797035793,38422.000075979799,13.068594129008327,-2.8013917292287762,-1.2666006609270235,0.0041246456676177819
2182499.9999922467,-19856.428544238977,37200.183173905818,16.750922926639831,-2.7122931892399302,-1.4475733524755574,0.0040553340084215602
2183399.9999923515,-22253.004792746495,35818.238115390624,20.362891490504246,-2.6115208174171674,-1.622313358937284,0.003968345399083569
2184299.9999924563,-24553.793547181165,34282.114793752116,23.888752713016732,-2.4995084923771027,-1.7900688128822646,0.003864052851533985
2185199.9999925611,-26748.892293440302,32598.426488475208,27.313129168437392,-2.3767384218283443,-1.9501179167574789,0.0037429045571282472
2186099.9999920372,-28828.85348092662,30774.421399383886,30.621079890900443,-2.2437390682561293,-2.1017720413649887,0.0036054218791947636
2186999.999992142,-30784.725148805515,28817.951448911688,33.798165218562566,-2.1010828762921876,-2.2443786825241494,0.0034521970387354699
2187899.9999922467,-32608.089408374017,26737.438504559701,36.830509399829729,-1.9493838127695489,-2.3773242618634054,0.0032838905050943936
2188799.9999920372,-34291.098644511709,24541.838141758941,39.704860744496671,-1.7892947281234703,-2.5000367618555628,0.0031012281011166673
2189699.9999918276,-35826.509259688704,22240.601120749172,42.408649035042266,-1.6215045516822075,-2.6119881823104456,0.0029049978365103184
2190599.9999916181,-37207.712823988062,19843.632736217311,44.930039971541902,-1.446735332300092,-2.712696808433142,0.0026960464822504858
2191499.9999917229,-38428.764497099786,17361.250213940715,47.257986422788562,-1.2657391369122561,-2.8017292807173564,0.0024752759002685631
2192399.9999915133,-39484.408599577175,14804.138338377716,49.382276268735836,-1.0792948202972021,-2.8787024577494456,0.0022436391437231115
2193299.9999913038,-40370.101226073188,12183.303494871374,51.293576640055242,-0.88820467931603664,-2.9432850641042045,0.0020021363433378211
2194199.9999914085,-41082.02979816647,9510.0263343277347,52.983474360299383,-0.69329100666669441,-2.9951991158521492,0.0017518103977212827
2195099.9999908847,-41617.12947660475,6795.8132568969259,54.444512428939028,-0.49539255837275464,-3.034221117801843,0.0014937424848784986
2195999.9999909895,-41973.096362797922,4052.3469126585023,55.670222396269978,-0.29536094934326818,-3.0601830273158686,0.0012290474124587044
2196899.9999907799,-42148.397426742165,1291.4359613290846,56.655152478779286,-0.09405699456022204,-3.0729729800623478,0.00095886882880275243
2197799.9999915133,-42142.277125782341,-1475.0357364175234,57.394891318854476,0.10765299159987213,-3.0725357750389111,0.00068437431054948561
2198699.9999916181,-41954.760679130268,-4235.1602309510927,57.886087267951758,0.30890091864836638,-3.0588731162346576,0.00040675035177080172
2199599.9999917229,-41586.653986732206,-6977.0567254386588,58.126463128828831,0.50882065326704762,-3.0320436100159291,0.0001271972710597582
2200499.9999918276,-41039.540190303283,-9688.9226913536968,58.114826282300534,0.70655174396348785,-2.9921625179898084,-0.00015307593859340351
2201399.9999922467,-40315.77289145183,-12359.08465645787,57.851074161664364,0.90124312244762195,-2.9394012663442357,-0.00043285679732546007
2202299.9999926658,-39418.466056494857,-14976.04843796557,57.336195050553577,1.0920567651684852,-2.8739867137332693,-0.00071093454057826616
2203199.9999927706,-38351.480647881013,-17528.548615811633,56.572264199718994,1.2781713000565396,-2.7962001805294223,-0.00098610531512093079
2204099.9999931897,-37119.408040041511,-20005.59702463153,55.562435277945752,1.4587855423153757,-2.7063762435731951,-0.0012571773460660174
2204999.9999926658,-35727.550294468994,-22396.530050263587,54.310927197171402,1.6331219436199189,-2.6049013017923843,-0.0015229760523421433
2205899.999992142,-34181.897366622703,-24691.054549322726,52.823006357522644,1.8004299414547111,-2.4922119179091284,-0.0017823490913283985
2206799.9999916181,-32489.1013591423,-26879.292161070312,51.104964401595964,1.9599891917195507,-2.3687929445134888,-0.0020341713075544029
2207699.9999914085,-30656.447916481982,-28951.821849592507,49.16409155937869,2.1111126727368332,-2.2351754413785079,-0.0022773495675489064
2208599.9999918276,-28691.824891097298,-30899.720477774874,47.008645702992105,2.2531496461244189,-2.0919343934544461,-0.0025108274585374599
2209499.9999913038,-26603.688418815749,-32714.601237470411,44.647817246819805,2.3854884616623555,-1.9396862395368952,-0.0027335898307747075
2210399.9999914085,-24401.026527886806,-34388.649788368166,42.091690018195408,2.5075591953272323,-1.7790862206568654,-0.0029446671663244705
2211299.9999918276,-22093.320477390076,-35914.657913485047,39.351198308953364,2.6188361064141503,-1.6108255624423564,-0.0031431397511970287
2212199.9999916181,-19690.503954742966,-37286.054581153228,36.438080250282972,2.7188399056410115,-1.4356285009052689,-0.0033281416372153358
2213099.9999914085,-17202.920316683994,-38496.934265709904,33.364827717744902,2.8071398233842055,-1.2542491651026899,-0.0034988643751141199
2213999.9999915133,-14641.278075250329,-39542.082395819911,30.144633001326863,2.8833554684169038,-1.0674683313830953,-0.0036545605016826822
2214899.9999919324,-12016.60480004587,-40416.997833472647,26.791332443381602,2.9471584700130231,-0.87609006173533155,-0.0037945467677639099
2215799.9999914085,-9340.1996487880897,-41117.912279041244,23.319347300885084,2.998273895728182,-0.68093824173531592,-0.0039182070923416629
2216699.9999915133,-6623.5847097680917,-41641.806524550753,19.74362205696988,3.0364814391280244,-0.48285303152686387,-0.0040249952311925885
2217599.9999913038,-3878.4554050683892,-41986.423473910865,16.079560495032268,3.0616163714963536,-0.28268724803527046,-0.0041144371469425955
2218499.9999917229,-1116.6301230424988,-42150.277886163822,12.342959748943668,3.0735702542856242,-0.081302690759876464,-0.0041861330727189124
2219399.999992142,1650.0006660470417,-42132.662790849332,8.5499426578928439,3.0722914085770139,0.12043357027802858,-0.0042397592592030861
2220299.9999925611,4409.5256174534679,-41933.652552002975,4.7168886795804204,3.057785139828415,0.32165293023770414,-0.004275069398856338
2221199.9999926658,7150.0638051659298,-41554.10256540672,0.86036367723012686,3.0301137167914391,0.52148899144734806,-0.0042918957210513042
2222099.999992142,9859.815887187071,-40995.645591272427,-3.0029511315480955,2.9893961047710778,0.71908129603274185,-0.0042901497540942246
2222999.9999919324,12527.114925121747,-40260.684736499388,-6.8563307672752014,2.9358074542847707,0.91357903325373646,-0.0042698227512568019
2223899.9999917229,15140.476622151498,-39352.383120931496,-10.683078295318715,2.8695783476665229,1.1041447042982082,-0.0042309857796172853
2224799.999992142,17688.648788594652,-38274.650266604782,-14.466596580194535,2.7909938065028257,1.2899577305832406,-0.004173789471872422
2225699.9999919324,20160.659796082051,-37032.125275628212,-18.190459647609806,2.7003920647365427,1.4702179881120514,-0.0040984634429787233
2226599.9999923515,22545.865841154002,-35630.156857536531,-21.838483397553315,2.598163111928331,1.6441492548064511,-0.0040053153741647519
2227499.9999927706,24833.99677442243,-34074.780310876456,-25.394795311160046,2.4847470143688088,1.8110025530327458,-0.0038947297699189328
2228399.9999928754,27015.200338766546,-32372.691539205942,-28.843902920253026,2.3606320199403363,1.9700593759200284,-0.0037671663927553198
2229299.9999923515,29080.084600644775,-30531.218225445919,-32.170760715020563,2.2263524558133212,2.1206347817523481,-0.0036231583836518148
2230199.9999924563,31019.758405439483,-28558.28827958804,-35.360835231549785,2.0824864274027264,2.262080344143174,-0.0034633100759415185
2231099.9999925611,32825.86966315547,-26462.395713869297,-38.400168016199551,1.9296533298517975,2.3937869439170965,-0.003288294513683369
2231999.9999926658,34490.641326538622,-24252.564068771248,-41.27543624783668,1.7685111810550918,2.5151873926965225,-0.0030988506833135058
2232899.9999927706,36006.904888472054,-21938.307562356786,-43.97401073656048,1.5997537888029714,2.6257588756283603,-0.0028957804713246374
2233799.9999931897,37368.131260549941,-19529.590124718499,-46.484011067329611,1.4241077638313757,2.7250252032426081,-0.0026799453599943078
2234699.9999936088,38568.458896277232,-17036.782500005826,-48.794357652010902,1.2423293920540395,2.812558862545361,-0.0024522628749007549
2235599.9999930849,39602.71904338491,-14470.617592534012,-50.894820482002977,1.0552013788043244,2.8879828589771801,-0.0022137027973398783
2236499.999993504,40466.458016055476,-11842.144243723369,-52.77606437724873,0.86352947864729235,2.950972341317589,-0.0019652831554324859
2237399.9999932945,41155.956379576171,-9162.6796715734072,-54.429690515260816,0.66813902758964561,3.0012560017285619,-0.0017080660117859056
2238299.9999930849,41668.244984985104,-6443.7607231666152,-55.8482741040579,0.46987138858518912,3.0386172463983927,-0.0014431530577616711
2239199.9999928754,42001.117765403178,-3697.0942016207609,-57.025397994487896,0.26958032931809212,3.0628951303411727,-0.0011716810346077608
2240099.9999923515,42153.141249977583,-934.50644749174319,-57.955682105788711,0.068128345309814625,3.0739850531120085,-0.00089481699393960618
2240999.999992142,42123.660749329523,1832.107592129523,-58.634808517121819,-0.13361705471640656,3.0718392120281153,-0.00061375341505433127
2241899.9999919324,41912.803186960977,4590.8355939455305,-59.059542106925065,-0.33478708575364557,3.0564668109643227,-0.00032970319470268354
2242799.9999917229,41521.47656327689,7329.799167328777,-59.227746631954631,-0.53451542965301457,3.0279340236617802,-4.3894525953488e-05
2243699.999992142,40951.366054048944,10037.205018205412,-59.138396153460711,-0.7319419682151721,2.9863637115783659,0.00024243431647311212
2244599.9999919324,40204.926761194605,12701.395744280622,-58.79158173565726,-0.9262164899241343,2.9319348974672024,0.00052804026628204765
2245499.9999920372,39285.373140881769,15310.900063105308,-58.188513353990835,-1.1165023558234513,2.8648819963828323,0.00081168081470417571
2246399.9999924563,38196.665162110563,17854.482221067039,-57.331516972587266,-1.3019801061106231,2.7854938078655831,0.0010921193952918053
2247299.9999925611,36943.491249683342,20321.190397932707,-56.224026766172251,-1.4818509938490356,2.6941122731155573,0.0013681307865956436
2248199.9999926658,35531.248083224986,22700.403892827282,-54.870572477712024,-1.6553404300733017,2.5911310022743375,0.0016385065101702711
2249099.9999924563,33966.017345561064,24981.878875305709,-53.27676193273706,-1.8217013243774167,2.4769935785298904,0.0019020601990319983
2249999.9999922467,32254.539511961124,27155.792520446968,-51.449258739584302,-1.9802173076279346,2.3521916456539205,0.0021576329135349973
2250899.9999920372,30404.184801665862,29212.785321982516,-49.395755243289877,-2.1302058216146289,2.2172627877922082,0.0024040983766825536
2251799.999992142,28422.921411270188,31144.001410342287,-47.124940811656195,-2.2710210628425713,2.0727882102277109,0.0026403681025234742
2252699.9999925611,26319.281170817841,32941.126695984138,-44.646465566372385,-2.4020567671969331,1.919390231424206,0.0028653963886176004
2253599.9999920372,24102.322771124542,34596.424674242742,-41.970899694538446,-2.5227488233800655,1.7577295972532496,0.0030781851437110428
2254499.9999918276,21781.592711315694,36102.769743690347,-39.109688489317854,-2.6325777041882517,1.5885026283760004,0.0032777885224078134
2255399.9999913038,19367.084158615147,37453.677876493944,-36.075103334583417,-2.731070703737025,1.4124382149218995,0.00346331733586273
2256299.9999907799,16869.193873376709,38643.334528140964,-32.880188816087283,-2.817803972341018,1.2302946697848494,0.0036339432132080837
2257199.999990256,14298.677404911825,39666.619652421323,-29.53870621928834,-2.8924043392247878,1.0428564557095725,0.0037889024855800304
2258099.9999903608,11666.602737882902,40519.129722331578,-26.065073655931418,-2.9545509158166468,0.85093079947209405,0.0039274997694855925
2258999.9999901513,8984.3026107547466,41197.196654179832,-22.47430312732202,-3.0039764721712365,0.65534420950384642,0.0040491112262721635
2259899.999990256,6263.3256798553348,41697.903565511704,-18.781934780659963,-3.0404685815368531,0.45693890980770013,0.004153187480282804
2260799.9999906751,3515.3867761965239,42019.09728735868,-15.003968721158321,-3.0638705273824969,0.25656920836745467,0.0042392561774739568
2261699.9999907799,752.31644915456422,42159.397586052321,-11.156794681417452,-3.0740819697644448,0.055097814363028783,0.0043069241726191787
2262599.999990256,-2013.9899848376895,42118.20305372389,-7.2571198869177183,-3.0710593682208698,-0.14660787976974354,0.0043558793348910784
2263499.9999903608,-4771.6236616400374,41895.693642075174,-3.3218954740327309,-3.0548161595300063,-0.34767953478659536,0.0043858919646693768
2264399.9999901513,-7508.7134280354649,41492.829832378178,0.6317581759233788,-3.0254226900187708,-0.547251602844671,0.0043968158177402463
2265299.999990256,-10213.476948223677,40911.348444218907,4.5866268745617385,-2.9830059028098166,-0.74446505348963965,0.0043885887359831127
2266199.9999900465,-12874.271400040983,40153.755105584118,8.5254784275327804,-2.9277487818567516,-0.93847106860739316,0.0043612328854002484
2267099.9999904656,-15479.64358164905,39223.313412281015,12.431138502909763,-2.8598895550002488,-1.1284346933147984,0.0043148546051125563
2267999.9999899417,-18018.379169079839,38124.030835699668,16.286566153508456,-2.7797206605241254,-1.3135384239380345,0.004249643873042234
2268899.9999900465,-20479.550968920481,36860.641423540517,20.074928733661327,-2.6875874806200093,-1.4929857218316651,0.0041658733946951937
2269799.9999904656,-22852.565902057566,35438.585388634398,23.779675789563896,-2.5838868488274245,-1.6660044339151101,0.0040638973245832911
2270699.999990256,-25127.210555192334,33863.985662608706,27.384611652886885,-2.4690653371479994,-1.831850108171627,0.0039441496296615287
2271599.9999903608,-27293.69510284908,32143.621511691475,30.87396641804845,-2.3436173300004932,-1.9898091898906574,0.0038071421052982943
2272499.9999901513,-29342.695386755255,30284.899346430633,34.232464955915134,-2.2080828946674806,-2.1392020832876315,0.003653462057146692
2273399.999990256,-31265.393003170164,28295.820831332185,37.445393716119447,-2.0630454559746125,-2.2793860677826876,0.0034837696603499243
2274299.9999906751,-33053.513207013806,26184.948445149479,40.498665002751494,-1.9091292861757425,-2.409758055175427,0.0032987950108451384
2275199.9999907799,-34699.360477405724,23961.368636825293,43.378878462341568,-1.7469968205716955,-2.5297571765532001,0.0030993348831131078
2276099.9999908847,-36195.851597558452,21634.652728349509,46.073379535104543,-1.5773458098219157,-2.6388671883671146,0.0028862492090407483
2276999.9999906751,-37536.54609942167,19214.815741464172,48.570314611862685,-1.400906321757599,-2.7366186869096571,0.0026604572947269318
2277899.9999910942,-38715.673948872391,16712.273317248786,50.858682678031933,-1.21843760490988,-2.8225911222620819,0.0024229337913195888
2278799.9999905704,-39728.160344902899,14137.796930582752,52.928383215350514,-1.0307248283545327,-2.8964146025890258,0.0021747044389945213
2279699.9999903608,-40569.647545482389,11502.467550710839,54.770260200615823,-0.8385757087607334,-2.9577714824959909,0.0019168415983551661
2280599.9999907799,-41236.513601556668,8817.6279996797275,56.37614197192346,-0.64281704285385999,-3.0063977268668456,0.0016504595931321653
2281499.9999908847,-41725.887937839878,6094.8341755923966,57.738876834965424,-0.44429115731290497,-3.0420840457449416,0.001376709880138561
2282399.9999909895,-42035.663708127147,3345.8053512202578,58.852364255643849,-0.24385229130034958,-3.064676795001291,0.0010967760666007096
2283299.9999914085,-42164.506867827971,582.37378206408471,59.711581500540923,-0.042362928541664138,-3.0740786386017613,0.00081186879760716368
2284199.9999915133,-42111.861929659368,-2183.566177194301,60.312605628157506,0.15930990668582559,-3.0702489699574049,0.00052322053313033157
2285099.9999916181,-41877.954375222245,-4940.1092328462473,60.652630739206373,0.3602983741154599,-3.0532040903157309,0.00023208023582972723
2285999.9999917229,-41463.789711215984,-7675.3903549121978,60.729980412046508,0.55973754566928546,-3.0230171433002249,-6.0292006889817931e-05
2286899.9999915133,-40871.149174791819,-10377.635813693205,60.544115277548578,0.75676912213926484,-2.9798178058360563,-0.00035263040540655256
2287799.9999916181,-40102.582103716843,-13035.21383398027,60.095635701418814,0.950545122708781,-2.9237917364994179,-0.00064366891283967691
2288699.9999914085,-39161.395007478059,-15636.684632497159,59.386279566352414,1.1402315303003481,-2.855179783806792,-0.00093214666794947212
2289599.9999918276,-38051.63737710593,-18170.84965402888,58.418915160561838,1.325011879352771,-2.7742769570711943,-0.0012168134165989302
2290499.9999916181,-36778.084307384321,-20626.799752513041,57.197529213259223,1.5040907675665687,-2.6814311650618698,-0.0014964348844605266
2291399.9999914085,-35346.215986678239,-22993.962159376231,55.72721011449093,1.6766972801354296,-2.5770417263565983,-0.0017697980839239764
2292299.999991199,-33762.194158955055,-25262.145992817281,54.014126405351597,1.8420883085010464,-2.4615576588723989,-0.002035716527942542
2293199.9999909895,-32032.835648335338,-27421.586137349514,52.065500622525782,1.9995517511604091,-2.3354757550255161,-0.0022930353316221747
2294099.9999910942,-30165.583060148514,-29462.98529868378,49.889578608811085,2.1484095822671905,-2.1993384507008007,-0.0025406361793204883
2294999.9999908847,-28168.47278972427,-31377.554045919285,47.49559442753867,2.288020774251152,-2.0537314974779441,-0.0027774421353463342
2295899.9999913038,-26050.100460617272,-33157.048684125621,44.89373101265317,2.4177840629305489,-1.8992814468790975,-0.0030024222797043918
2296799.9999907799,-23819.583967772862,-34793.806766498805,42.095076754969099,2.5371405411043799,-1.7366529593404614,-0.0032145961457297491
2297699.9999905704,-21486.524242536114,-36280.780129568586,39.111578159263885,2.6455760720154897,-1.5665459463548184,-0.0034130379452379216
2298599.9999903608,-19060.963957165881,-37611.565267012433,35.955988834712315,2.742623509111862,-1.3896925615975422,-0.0035968805578086367
2299499.9999901513,-16553.344304899063,-38780.430943928928,32.641814985298154,2.8278647148190093,-1.2068540509188113,-0.0037653192712976966
2300399.9999899417,-13974.460061800488,-39782.34291451468,29.183257658027816,2.9009323681950669,-1.0188174762240667,-0.0039176152552753956
2301299.9999897322,-11335.413121226582,-40612.985639014943,25.595151992840748,2.9615115537408734,-0.8263923271637561,-0.0040530987527873175
2302199.9999895226,-8647.5646997327567,-41268.780906485954,21.892903732306252,3.0093411244186257,-0.63040703515884555,-0.0041711719767839979
2303099.9999896274,-5922.4864147508233,-41746.903283080675,18.092423254675005,3.0442148329004164,-0.43170540441895622,-0.004271311698908137
2303999.9999894178,-3171.9104607186891,-42045.29231470263,14.210057434098765,3.0659822257445239,-0.23114297655152849,-0.0043530715188000628
2304899.999988894,-407.67907588064435,-42162.6614356848,10.262519588019662,3.0745492968747903,-0.029583342865227361,-0.0044160838051146342
2305799.9999886844,2358.3064605022446,-42098.503539777303,6.266817841308244,3.0698788970925928,0.17210557804905224,-0.0044600612990734348
2306699.9999881606,5114.1370878865828,-41853.093192076412,2.2401822034114973,3.0519908979999251,0.37305528183988929,-0.004484798374243178
2307599.9999885797,7847.9472734065885,-41427.485469895386,-1.800009349917312,3.0209621094163857,0.5724004237508914,-0.0044901719473370511
2308499.9999883701,10547.966113200268,-40823.511440408147,-5.8363054230128988,2.9769259508412702,0.76928254895363957,-0.0044761420360553165
2309399.9999884749,13202.568057341758,-40043.770288093481,-9.8512561329388681,2.9200718779138426,0.9628537954252957,-0.004442751962183431
2310299.999988894,15800.322981509013,-39091.618134507175,-13.827488023521841,2.8506445669984699,1.1522805490588106,-0.0043901281993284618
2311199.9999893131,18330.045432313567,-37971.153592042399,-17.747778705473902,2.7689428609797586,1.3367470382705178,-0.0043184798665291827
2312099.9999894178,20780.842816242257,-36687.20011600318,-21.595130879630563,2.6753184810251094,1.51545885122723,-0.0042280978703532271
2312999.9999892083,23142.16232388061,-35245.285232448805,-25.352845428295293,2.5701745100469031,1.6876463604143372,-0.0041193536999081974
2313899.9999886844,25403.836389822558,-33651.616730766807,-29.004593269375931,2.4539636544489896,1.8525680399219489,-0.0039926978805869149
2314799.9999891035,27556.126493823474,-31913.055922034808,-32.534485672383887,2.3271862916346651,2.0095136612229783,-0.0038486580937437888
2315699.999988894,29589.765098500051,-30037.088092267677,-35.927142713609044,2.1903883128035329,2.1578073524920263,-0.0036878369722587873
2316599.9999889988,31495.995580092091,-28031.790248376594,-39.167759643603873,2.0441587682855427,2.2968105110010852,-0.0035109095797324352
2317499.9999894178,33266.609934078253,-25905.796333029659,-42.242170812988675,1.8891273283712746,2.425924552702674,-0.0033186205878942038
2318399.9999898369,34893.984126259609,-23668.260033173829,-45.136910943066283,1.7259615688390264,2.5445934896104223,-0.0031117811629135634
2319299.9999899417,36371.110924405817,-21328.815353115297,-47.839273464904011,1.5553640937309847,2.652306323017374,-0.002891265575389631
2320199.9999900465,37691.630073574139,-18897.535117260679,-50.337365691944811,1.378069507491624,2.74859924265292,-0.0026580075485230629
2321099.9999904656,38849.855681460285,-16384.887587126632,-52.620160590549723,1.194841249983815,2.8330576221299038,-0.0024129963608747773
2321999.9999908847,39840.800697475512,-13801.691380850447,-54.677544936244892,1.006468308139953,2.9053178023071493,-0.0021572727205482556
2322899.9999909895,40660.198385335374,-11159.068878777021,-56.500363666791472,0.81376181764163646,2.9650686553706156,-0.0018919244271093682
2323799.9999910942,41304.520691390833,-8468.3983262095662,-58.080460238750149,0.61755157000297867,3.0120529226140365,-0.0016180818401434526
2324699.9999918276,41770.993432427313,-5741.2648353977411,-59.410712825840591,0.41868243975121089,3.0460683204612087,-0.0013369131723685633
2325599.9999922467,42057.608237166103,-2989.4105036482661,-60.485066207031458,0.21801074745604496,3.0669684100272381,-0.0010496196265258548
2326499.9999920372,42163.131192946377,-224.68384781697745,-61.298559218843742,0.016400573127442992,3.0746632267570453,-0.00075743039332485231
2327399.9999918276,42087.108157013718,2541.0112191727931,-61.847347648913818,-0.18527996366264735,3.0691196672386423,-0.00046159753005434683
2328299.9999922467,41829.866710647701,5295.7666411612699,-62.128722471168402,-0.38616244037213021,3.0503616316359037,-0.00016339073963565732
2329199.9999923515,41392.514750051239,8027.721489605311,-62.141123346172442,-0.58538186949760129,3.0184699213034505,0.0001359079321236169
2330099.9999927706,40776.935716458371,10725.113045517735,-61.884147319512891,-0.78208042302215719,2.9735818917408263,0.00043500946403749206
2330999.9999931897,39985.780488294644,13376.327445890929,-61.358552666852837,-0.97541112542337916,2.9158908625018891,0.00073262327047195165
2331899.9999929802,39022.45596973606,15969.94969358156,-60.566257857253532,-1.164541500671777,2.8456452864889177,0.0010274626391626855
2332799.9999930849,37891.11041883623,18494.812823920507,-59.510335613052305,-1.3486571582127653,2.763147681681811,0.0013182501786027658
2333699.9999928754,36596.615590358786,20940.04598318975,-58.195002077549766,-1.5269653001195469,2.6687533306654849,0.0016037232527823704
2334599.9999926658,35144.545754088795,23295.121254390069,-56.625601095413032,-1.6986981374287304,2.5628687522586207,0.0018826393894199344
2335499.9999924563,33541.153691762163,25549.898994381521,-54.808583651808888,-1.8631161984357409,2.4459499526301531,0.0021537816386676457
2336399.9999925611,31793.343765591497,27694.671508138355,-52.751482512924298,-2.0195115161899895,2.3185004625500243,0.0024159638650216976
2337299.9999926658,29908.642182964191,29720.204856661421,-50.462882147745589,-2.1672106802680124,2.1810691697335409,0.0026680359501656064
2338199.9999930849,27895.164572998594,31617.778633683614,-47.952384006162482,-2.3055777406872249,2.0342479546063732,0.0029088888872408573
2339099.999993504,25761.581030701156,33379.223520040236,-45.230567281542363,-2.4340169498823938,1.8786691407610412,0.003137459741769716
2339999.9999929802,23517.078763636757,34996.956471248224,-42.308945268472534,-2.5519753320511871,1.7150027698855161,0.003352736458018334
2340899.9999930849,21171.32250186993,36464.013380896096,-39.19991746491371,-2.6589450682196287,1.5439537128624414,0.003553762485877496
2341799.9999931897,18734.412870093012,37774.079060882992,-35.916717629210339,-2.754465685261128,1.3662586315562142,0.0037396412006891503
2342699.9999936088,16216.842857278501,38921.514439998507,-32.473357929906086,-2.8381260415163889,1.1826828012063257,0.003909540094528219
2343599.9999933993,13629.452611904726,39901.380835824464,-28.884569459987457,-2.9095660982846274,0.99401681014219057,0.0040626947094281165
2344499.999993504,10983.382726450189,40709.461212842572,-25.165739315261852,-2.9684784707013514,0.80107314887573278,0.0041984122895031249
2345399.9999929802,8290.026244728353,41342.278320745521,-21.332844545058773,-3.0146097501710214,0.60468270575211969,0.0043160751250802916
2346299.9999927706,5560.9795685796735,41797.109646916193,-17.402383218871798,-3.0477615934729592,0.40569118220148198,0.004415143567246419
2347199.9999931897,2807.9925008070581,42071.999109832366,-13.391302950078346,-3.0677915731735581,0.2049554450516694,0.0044951586897325297
2348099.9999929802,42.91763535907733,42165.765447760976,-9.3169271957934026,-3.0746137860327765,0.0033398314818367586,0.0045557445793487734
2348999.9999927706,-2722.3407077666698,42078.007267496156,-5.1968796429465929,-3.0681992168925745,-0.19828757879161998,0.0045966102387645421
2349899.9999925611,-5475.8777470469859,41809.104728593338,-1.04900708718575,-3.048575856355507,-0.39905870525855924,0.0046175510870264912
2350799.9999923515,-8205.8395058535316,41360.21786001588,3.1086988639379487,-3.0158285721627709,-0.59810920772063725,0.00461845004830202
2351699.9999927706,-10900.473853068555,40733.281516034753,7.2581808804751455,-2.9700987349357626,-0.7945822100166624,0.0045992782216616856
2352599.9999928754,-13548.181091151419,39930.996996231253,11.381395403372181,-2.9115836002827185,-0.98763198972636768,0.0045600951284811156
2353499.9999932945,-16137.563891277712,38956.820362694496,15.460392188416314,-2.840535449889654,-1.1764276191689202,0.0045010485371139971
2354399.9999937136,-18657.476335936171,37814.94751205339,19.477393483616122,-2.757260496013882,-1.3601565401897322,0.0044223738679679495
2355299.9999938183,-21097.071878476025,36510.296063080539,23.414872496250901,-2.6621175540248769,-1.5380280588487838,0.0043243931846417864
2356199.9999939231,-23445.850004373729,35048.484141095796,27.255630766582097,-2.5555164891246029,-1.709276744359626,0.0042075137795966168
2357099.9999937136,-25693.701391491708,33435.806154525846,30.982874083567474,-2.4379164443955093,-1.8731657175765597,0.0040722263653582801
2357999.9999941327,-27830.951390206494,31679.205659408122,34.580286616660871,-2.3098238573354037,-2.0289898160818742,0.0039191028832074679
2358899.9999945518,-29848.401610236047,29786.245448756865,38.032102881441809,-2.1717902750118863,-2.1760786204716838,0.0037487939454176255
2359799.9999946565,-31737.369469191464,27765.074973220078,41.323177269747021,-2.0244099757155252,-2.3137993314348813,0.0035620259250198445
2360699.999994447,-33489.725511511169,25624.395248820987,44.439050798476586,-1.8683174085577294,-2.4415594838571906,0.0033595977114475868
2361599.9999945518,-35097.928344830674,23373.421399892606,47.366014794227716,-1.7041844618637489,-2.5588094869938089,0.0031423771499550948
2362499.9999943422,-36555.057044524299,21021.842999742334,50.091171236729352,-1.53271757222769,-2.665044980028354,0.0029112971839238737
2363399.9999947613,-37854.84089268979,18579.782372807123,52.602489510278744,-1.3546546861502209,-2.7598089934681971,0.0026673517190963672
2364299.9999951804,-38991.68631661791,16057.751050345187,54.888859306856233,-1.1707620882081495,-2.8426939067304771,0.0024115912313271092
2365199.9999949709,-39960.700920739182,13466.604554157098,56.94013947443328,-0.98183110839325161,-2.9133431943721022,0.0021451181375163452
2366099.9999950756,-40757.71450804067,10817.495698945631,58.747202605299016,-0.78867472240407432,-2.9714529535463448,0.0018690819506783391
2366999.9999948661,-41379.296992508789,8121.8266406912107,60.301975160674267,-0.59212406133000894,-3.0167732056532577,0.0015846742437513744
2367899.9999943422,-41822.773141120291,5391.199836541985,61.597472998857789,-0.3930248426341037,-3.049108967821704,0.0012931234402099698
2368799.9999947613,-42086.23407100777,2637.368156017425,62.62783213858981,-0.19223373974201788,-3.0683210888931089,0.00099568945706996707
2369699.9999948661,-42168.545457557171,-127.81564719700967,63.388334642207276,0.0093852946926481565,-3.0743268467441216,0.00069365822275440324
2370599.9999952852,-42069.352419384617,-2892.4499100646544,63.875429522668668,0.21096473798454668,-3.0671003044974552,0.00038833609039307343
2371499.99999539,-41789.081056092436,-5644.6352271985388,64.086748579473749,0.41163722072062264,-3.0466724238641247,8.1044173858013359e-05
2372399.9999948661,-41328.936634077836,-8372.5256246849185,64.021117113567556,0.61053925085026284,-3.0131309352415654,-0.00022688737355432457
2373299.9999946565,-40690.898425538748,-11064.379505336792,63.678559474557623,0.80681492158367318,-2.9666199648814811,-0.0005341251123306014
2374199.9999947613,-39877.711225997118,-13708.610139146449,63.060299425882363,0.99961958677557039,-2.9073394208835741,-0.00083933807708752172
2375099.9999951804,-38892.873582254768,-16293.835504289184,62.16875533052783,1.1881234897567756,-2.8355441402261587,-0.001141203522696241
2375999.9999952852,-37740.622782791288,-18808.927249189612,61.007530181874671,1.3715153290146687,-2.7515428004864733,-0.0014384126306391865
2376899.9999950756,-36425.916670561877,-21243.058576260108,59.581396522872744,1.5490057462934206,-2.6556966004636604,-0.0017296761531971966
2377799.9999951804,-34954.41235892909,-23585.750831340472,57.89627632398129,1.7198307214484987,-2.5484177154167691,-0.0020137299708269641
2378699.9999952852,-33332.441940699377,-25826.918602760863,55.95921590856549,1.8832548598109466,-2.4301675332929333,-0.0022893405400504835
2379599.99999539,-31566.985291064389,-27956.913139637501,53.778356031841,2.0385745582007244,-2.3014546791043906,-0.0025553102095381332
2380499.9999954947,-29665.640079121757,-29966.56390161407,51.362897240793963,2.1851210358867004,-2.1628328356238544,-0.0028104823820239867
2381399.9999955995,-27636.589119402055,-31847.218056053178,48.723060668522386,2.3222632170360522,-2.0148983697932197,-0.0030537464997228165
2382299.99999539,-25488.565202447662,-33590.777754223862,45.870044431413099,2.4494104522988009,-1.8582877748054403,-0.0032840428324036482
2383199.9999951804,-23230.813545508128,-35189.735032331788,42.815975803782706,2.5660150681875358,-1.6936749379807581,-0.0035003670487252984
2384099.9999949709,-20873.052041426447,-36637.204171238001,39.573859397847215,2.6715747320114303,-1.5217682472753751,-0.0037017745493726864
2384999.99999539,-18425.429453838584,-37926.951392055584,36.157521541458905,2.765634623261874,-1.3433075470996889,-0.003887384545760428
2385899.9999951804,-15898.481765128612,-39053.421740293685,32.581551128820131,2.8477894005404165,-1.159060958401495,-0.0040563838642592607
2386799.9999952852,-13303.086827122392,-40011.763062702121,28.861237145669936,2.9176849568603149,-0.96982157388203272,-0.0042080304625140511
2387699.99999539,-10650.417551340994,-40797.846949631472,25.01250319504614,2.9750199538585664,-0.7764040455753104,-0.0043416566393735178
2388599.9999954947,-7951.8938077379698,-41408.286568120158,21.051839258913208,3.019547129272889,-0.57964107710276158,-0.0044566719268916101
2389499.9999959138,-5219.1332572892652,-41840.451299033091,16.996231014018782,3.0510743711731183,-0.38037983706319545,-0.0045525656505208132
2390399.9999960186,-2463.901322526975,-42092.478117230086,12.863086994143963,3.069465554314752,-0.17947830849826157,-0.0046289091468080402
2391299.999995809,301.9394892126931,-42163.279663509151,8.670163909570153,3.0746411347074369,0.022198409817763106,-0.0046853576287893212
2392199.9999955995,3066.4806831591486,-42052.548971530006,4.4354904562430555,3.0665784995634389,0.22378183362007975,-0.0047216516906758068
2393099.99999539,5817.8190798190153,-41760.760829665094,0.17728993388933698,3.0453120710345059,0.42440383909035911,-0.0047376184454952664
2393999.999995809,8544.108102406999,-41289.169770288863,-4.0860979964007562,3.0109331630879392,0.62320040824205147,-0.0047331722906800416
2394899.9999952852,11233.608814851406,-40639.804696716114,-8.3362960596666742,2.9635895921927986,0.819315356506642,-0.0047083152983561725
2395799.9999950756,13874.740522207499,-39815.46016385666,-12.554968332661316,2.9034850429459751,1.0119040286167138,-0.0046631372285924396
2396699.9999951804,16456.13066206306,-38819.684360377556,-16.723899006083759,2.8308781921138761,1.200136942807684,-0.004597815165981789
2397599.9999955995,18966.663819655329,-37656.763834617355,-20.825070681771841,2.7460815941942855,1.3832033709557479,-0.0045126127812014465
2398499.9999960186,21395.529625203257,-36331.705036954962,-24.840741822782402,2.649460333856017,1.5603148368661559,-0.0044078792213402516
2399399.999995809,23732.269341906271,-34850.212753228472,-28.753523049790044,2.5414304507821459,1.7307085185820053,-0.0042840476339336834
2400299.9999962281,25966.820937663597,-33218.665522938754,-32.546451949133271,2.4224571438654752,1.8936505394802539,-0.0041416333315655524
2401199.9999960186,28089.562429739774,-31444.088161706364,-36.20306604579168,2.2930527636046043,2.0484391326664442,-0.0039812316067500486
2402099.999995809,30091.353350999245,-29534.121482372339,-39.707473690982354,2.1537745997385844,2.1944076675387865,-0.0038035152051079696
2402999.9999959138,31963.574121374648,-27496.98937163347,-43.044422500168942,2.0052224757286461,2.3309275226863786,-0.0036092314707057067
2403899.9999963329,33698.163178390976,-25341.463348274909,-46.199365091467804,1.8480361594542976,2.4574107944350474,-0.0033991991752502443
2404799.999995809,35287.651693475978,-23076.82476919677,-49.158521823580813,1.6828926024182931,2.5733128284124489,-0.003174305046834166
2405699.9999959138,36725.195742000287,-20712.824824614636,-51.908940301031222,1.5105030179393815,2.6781345645424484,-0.002935500011862957
2406599.9999963329,38004.60576064849,-18259.642533787417,-54.438551345489749,1.3316098139021832,2.7714246834063077,-0.0026837951709600349
2407499.9999961234,39120.373194764587,-15727.840884862686,-56.736221253172701,1.1469833906740878,2.8527815469713218,-0.0024202575232227371
2408399.9999959138,40067.694206417938,-13128.32132571452,-58.791800094526693,0.95741881939052265,2.9218549243866994,-0.0021460054595971606
2409299.9999957043,40842.490342028446,-10472.276806245643,-60.596165856540416,0.76373241531522951,2.9783474956146865,-0.0018622040457792091
2410199.999995809,41441.426075337673,-7771.1435682100373,-62.141264254570949,0.56675822062884018,3.0220161269150623,-0.0015700601146668748
2411099.9999952852,41861.923149971313,-5036.5518932643781,-63.420144049535438,0.36734441203399615,3.0526729128256695,-0.0012708171899456573
2411999.99999539,42102.171662134315,-2280.2760082812456,-64.426987733223044,0.16634964767929575,3.0701859804708285,-0.00096575026108846934
2412899.999995809,42161.137831619686,485.81660486034582,-65.157137444021558,-0.035360628616141157,3.074480052580729,-0.00065616043526443488
2413799.9999959138,42038.568435169269,3249.816310359809,-65.607116028262027,-0.23691791245059524,3.0655367674773655,-0.00034336948472125505
2414699.9999960186,41734.991879288529,5999.8225994185259,-65.774643154754614,-0.43745437649939728,3.0433947544869264,-2.8714313042799392e-05
2415599.9999961234,41251.715909718863,8723.9953208437546,-65.658646419243354,-0.63610660409401909,3.008149464679347,0.00028645863650416758
2416499.9999965425,40590.821968027645,11410.605654322133,-65.259267398918311,-0.83201930377492395,2.9599527577726654,0.00060079901016392044
2417399.9999966472,39755.156221534104,14048.086596397126,-64.577862633336807,-1.0243489882104631,2.8990122471556576,0.00091295818768490035
2418299.9999970663,38748.317299647519,16625.082763396676,-63.616999523376592,-1.212267603373292,2.8255904054468473,0.0012215949225816598
2419199.9999974854,37574.640797777873,19130.499266012743,-62.380447168134715,-1.3949660902493872,2.7400034350199269,0.0015253809545010923
2420099.9999972759,36239.180608893301,21553.54947231336,-60.873162168370811,-1.5716578658701161,2.6426199078113135,0.0018230065769241825
2420999.9999973807,34747.687160548754,23883.801449833754,-59.101269442134722,-1.7415822085328021,2.5338591799876879,0.0021131861404670186
2421899.9999977998,33106.582661555636,26111.222868704059,-57.072038132442152,-1.9040075314152616,2.4141895889444971,0.0023946634707384482
2422799.9999975902,31322.933453624391,28226.224194975275,-54.793852679453479,-2.0582345321995383,2.284126439439663,0.0026662171851828532
2423699.9999980093,29404.419583569284,30219.699985307852,-52.276179152176645,-2.2035992049705881,2.1442297871288565,0.0029266658907219768
2424599.9999981141,27359.30174608103,32083.068083478651,-49.529526981318298,-2.3394756998346709,1.9951020302711489,0.0031748732417056363
2425499.9999982188,25196.385709549195,33808.306583466292,-46.56540618768306,-2.4652790203500277,1.837385317639066,0.0034097528449138783
2426399.9999986379,22924.98440413694,35387.988369633022,-43.396280288374008,-2.5804675448669117,1.6717587855426341,0.0036302729900152585
2427299.9999987427,20554.877818410871,36815.313102545835,-40.03551502322523,-2.6845453620678654,1.4989356344967522,0.0038354611897947156
2428199.9999991618,18096.270879288204,38084.13650714705,-36.497323084326368,-2.7770644101042845,1.3196600581631674,0.0040244085111225299
2429099.9999989523,15559.74950920596,39188.996830076452,-32.796705064058521,-2.8576264094359884,1.1347040386275222,0.0041962736767494728
2429999.999999057,12956.235020925007,40125.138366271865,-28.94938679446685,-2.9258845818938668,0.94486401966827815,0.0043502869206084906
2430899.9999994761,10296.93708571874,40888.531933050916,-24.971753366672534,-2.9815451468799781,0.75095747520964629,0.004485753573600872
2431799.9999998952,7593.3054445493435,41475.892219411202,-20.880780032538286,-3.024368589234677,0.55381938537033204,0.0046020573618984952
2432699.9999996857,4856.980587438663,41884.691926715743,-16.693960281501131,-3.0541706924702505,0.35429863661656563,0.004698663395845677
2433599.9999994761,2099.743605027837,42113.172641685756,-12.429231366190109,-3.0708233328992214,0.15325436101996989,0.0047751208293822641
2434499.9999992666,-666.53455768474589,42160.352392214736,-8.1048976024860995,-3.0742550309171874,-0.048447768450017858,0.0048310651695078711
2435399.9999987427,-3429.9442368524337,42026.029855920606,-3.7395517506468603,-3.0644512571547344,-0.24993927120425138,0.0048662202173022162
2436299.9999991618,-6178.5883546173509,41710.785201554645,0.64800518546668084,-3.0414544920018631,-0.45035260464216015,0.0048803996228184467
2437199.9999989523,-8900.6336517803029,41215.977561831889,5.0388453555126578,-3.0053640384017921,-0.64882490426782236,0.0048735080381864335
2438099.9999987427,-11584.361665669458,40543.739144849496,9.4139963510391063,-2.956335588487244,-0.84450170478425035,0.0048455418560722028
2438999.9999982188,-14218.219183337062,39696.966015879472,13.754523928215882,-2.8945805464752543,-1.0365406222864459,0.0047965895230042809
2439899.9999980093,-16790.867993025051,38679.305584628513,18.041614844934159,-2.820365110521089,-1.2241149844611949,0.0047268314206130755
2440799.9999981141,-19291.233692393693,37495.140858175873,22.256659378565843,-2.7340091181014077,-1.4064173910310294,0.0046365393112125092
2441699.9999979045,-21708.553358384288,36149.571524886953,26.381333157223562,-2.6358846598979708,-1.5826631900967028,0.0045260753473906692
2442599.9999983236,-24032.421871656097,34648.391950214398,30.39767791146976,-2.5264144683133658,-1.752093855203275,0.004395890648673185
2443499.9999981141,-26252.836677535302,32998.066192521634,34.288180727695206,-2.4060700887475104,-1.9139802471969189,0.0042465234530015593
2444399.9999979045,-28360.240824241919,31205.700128363755,38.035851481056689,-2.275369840402282,-2.0676257492743244,0.0040785968512879415
2445299.9999980093,-30345.564063917565,29279.010825497695,41.624298028234641,-2.1348765769356497,-2.2123692596440119,0.0038928161192899068
2446199.9999984284,-32200.261851758278,27226.293292128968,45.037798823029426,-1.9851952565583146,-2.3475880298913845,0.0036899656619587867
2447099.9999979045,-33916.352077412666,25056.384745979009,48.261372615454512,-1.8269703322407131,-2.4727003370950622,0.0034709055879694715
2447999.9999983236,-35486.449380814593,22778.626543723225,51.280844927768889,-1.6608829724456766,-2.5871679790887661,0.0032365679326775637
2448899.9999981141,-36903.796875363849,20402.823975148112,54.082910943628853,-1.4876481274170885,-2.6904985801577559,0.0029879525548779247
2449799.9999982188,-38162.29518538947,17939.204042038218,56.655194603467031,-1.3080114498639839,-2.7822477006046098,0.0027261227246048554
2450699.9999980093,-39256.528637860625,15398.371454110145,58.986303571175881,-1.1227460870251018,-2.862020738749345,0.0024522004308199338
2451599.9999981141,-40181.788523636314,12791.262989854105,61.06587988033511,-0.93264935489590783,-2.9294746194251799,0.002167361429164549
2452499.9999982188,-40934.093311153629,10129.100452785298,62.884646001423974,-0.73853931138191009,-2.984319260666588,0.0018728300585024265
2453399.9999980093,-41510.205739746511,7423.3423995888379,64.434446157851653,-0.54125124116108503,-3.026318813504457,0.0015698738490556169
2454299.9999981141,-41907.646714360104,4685.6348579478417,65.708282703503571,-0.34163406801096619,-3.0552926693698814,0.0012597979490855747
2455199.9999979045,-42124.705943630288,1927.7612490566055,66.700347409911359,-0.14054671011785799,-3.0711162310567297,0.00094393939658154341
2456099.9999980093,-42160.449278739565,-838.40828487177475,67.406047541420278,0.061145607215277266,-3.0737214442894669,0.00062366126047073186
2456999.9999977998,-42014.722720040729,-3600.9679108292908,67.82202660514767,0.26257506437415407,-3.0630970876068391,0.00030034667983199961
2457899.9999982188,-41688.153076085415,-6348.0273026996729,67.946179703092824,0.46287497210811557,-3.039288819521178,-2.4607175980464261e-05
2458799.9999980093,-41182.145272759204,-9067.7627531403086,67.777663420909718,0.66118348984789377,-3.0023989828257247,-0.00034979519624066773
2459699.9999984284,-40498.876320987438,-11748.468022906711,67.316900223756306,0.85664732502158969,-2.9525861666662725,-0.00067381044573383922
2460599.9999985332,-39641.285975220555,-14378.60466189322,66.565577347166396,1.0484253942329704,-2.8900645286839568,-0.00099525027807686886
2461499.9999983236,-38613.064113901753,-16946.851635766692,65.526640193004255,1.2356924344179661,-2.8151028794231907,-0.0013127224257312407
2462399.9999987427,-37418.634899851721,-19442.154014552711,64.204280265169714,1.4176425464258495,-2.7280235331108202,-0.0016248510376256724
2463299.9999988475,-36063.137792270056,-21853.7705144309,62.603917709949116,1.5934926559928084,-2.6292009298824706,-0.0019302826392072446
2464199.9999992666,-34552.405478636261,-24171.319714766116,60.732178527599928,1.7624858792907443,-2.5190600342537945,-0.0022276919934411392
2465099.9999996857,-32892.93883213729,-26384.824724218684,58.596866569972732,1.9238947766876358,-2.3980745173329159,-0.0025157878350080516
2466000.0000001048,-31091.878992821079,-28484.756121495328,56.20693043909916,2.0770244820903168,-2.2667647297107032,-0.0027933184560832297
2466900.0000005239,-29156.976694788813,-30462.07297866881,53.572425435892214,2.2212156939154979,-2.1256954737116205,-0.0030590771195448565
2467800.0000006286,-27096.558970823084,-32308.261790928176,50.704470726212577,2.3558475148560158,-1.9754735843452274,-0.0033119072770816417
2468700.0000001048,-24919.493367308212,-34015.373152881941,47.615201897515789,2.4803401287540425,-1.8167453284064576,-0.0035507075714557228
2469599.9999995809,-22635.149832597748,-35576.05601126988,44.317719125257518,2.5941573021041258,-1.6501936333904457,-0.0037744366003341777
2470499.9999996857,-20253.36043743357,-36983.589351480201,40.826031167322242,2.6968086996790608,-1.4765351575712085,-0.0039821174222960422
2471399.9999994761,-17784.37710134951,-38231.911179624789,37.154995430248874,2.7878520040540424,-1.2965172137325147,-0.0041728417857501742
2472300.0000002095,-15238.827489367985,-39315.644681715326,33.320254340160666,2.866894830216832,-1.1109145583646585,-0.0043457740638858768
2473200.0000003143,-12627.669306105767,-40230.121426410384,29.338168348613959,2.933596425326221,-0.92052606275232141,-0.0045001548757805506
2474100.0000007334,-9962.1431285562921,-40971.401535985067,25.22574577943837,2.9876691479040236,-0.72617127615528276,-0.0046353043820609166
2475000.0000008382,-7253.7240386766116,-41536.290711375412,21.000569906136889,3.0288797179021429,-0.52868690006209873,-0.0047506252367275729
2475900.0000006286,-4514.0722152455428,-41922.354055437121,16.680723499918351,3.0570502333304033,-0.32892318512520963,-0.0048456051853513222
2476800.0000007334,-1754.9827266473653,-42127.926622147919,12.284711216825151,3.0720589479338716,-0.12774026842001507,-0.0049198192963909064
2477700.0000011525,1011.6652654753406,-42152.120648562195,7.8313801485299015,3.0738408065365586,0.073995533600859434,-0.004972931816326384
2478600.0000012573,3773.959676826631,-41994.829437214277,3.3398388720755579,3.0623877354766154,0.2754154606884418,-0.0050046976404713311
2479500.0000010477,6520.006827253861,-41656.727869117865,-1.1706246578511557,3.0377486864870669,0.47565205687500173,-0.0050149633927253391
2480400.0000014668,9237.9826886598403,-41139.269544094524,-5.6806259988813999,3.0000294336123261,0.67384291373773331,-0.0050036681091757511
2481300.000000943,11916.183833801588,-40444.680562520647,-10.170767537417865,2.9493921240486176,0.8691343925938374,-0.0049708435227899719
2482200.0000007334,14543.07789264814,-39575.949967150314,-14.621721917930175,2.8860545841659921,1.0606853113132901,-0.0049166139475050902
2483100.0000008382,17107.353250535198,-38536.816895166405,-19.014315146690929,2.8102893843052974,1.2476705761397384,-0.0048411957624517532
2484000.0000006286,19597.967806598346,-37331.754490495892,-23.329609067218801,2.7224226659768007,1.4292847450461257,-0.0047448964986307011
2484900.0000004191,22004.19657919259,-35965.950642007934,-27.548982849444382,2.6228327362651012,1.604745506835318,-0.0046281135316806011
2485800.0000005239,24315.677933283667,-34445.285639067188,-31.654213109120281,2.5119484361714788,1.7732970593492989,-0.0044913323872749957
2486700.000000943,26522.45824481696,-32776.306835364121,-35.627552338502561,2.3902472896238853,1.9342133730840325,-0.0043351246664284715
2487600.0000013621,28615.034802287264,-30966.200433490689,-39.451805299998625,2.2582534414916258,2.0868013254511872,-0.0041601456003337624
2488500.0000014668,30584.396761651482,-29022.760511675198,-43.110403057792624,2.1165353936254885,2.2304036921168926,-0.0039671312457701434
2489400.0000018859,32422.06398004328,-26954.355423412493,-46.58747433505588,1.9657035486492744,2.3644019825604077,-0.0037568953334601377
2490300.0000013621,34120.12354571648,-24769.891731963729,-49.867913863547301,1.8064075735259604,2.4882191064473549,-0.0035303257853484568
2491200.0000017812,35671.263875244411,-22478.775804654808,-52.937447487979021,1.6393335922322809,2.6013218613609865,-0.0032883809134422672
2492100.0000018859,37068.806192015429,-20090.873280100026,-55.782693673685586,1.4652012233113496,2.7032232283215847,-0.0030320853222476881
2493000.000002305,38306.733291180506,-17616.466532806106,-58.391221235056982,1.2847604716035279,2.7934844682099529,-0.0027625255280725111
2493900.0000027241,39379.71543507123,-15066.210364090148,-60.751602977683845,1.098788491063313,2.8717170077938978,-0.0024808453196770996
2494800.0000025146,40283.133287875222,-12451.086083119273,-62.853465067778657,0.90808623080238171,2.9375841088172807,-0.0021882408782452388
2495700.0000026193,41013.097784849218,-9782.3541834346379,-64.687531910362125,0.71347497950374494,2.9908023126603447,-0.0018859556792656267
2496600.0000030384,41566.466848023098,-7071.5058331475775,-66.245666341463121,0.51579282425590833,3.031142654324543,-0.001575275200678658
2497500.0000031432,41940.858884220623,-4330.2133735438993,-67.520904983863645,0.31589103810942981,3.0584316412579824,-0.0012575214592197661
2498400.0000035623,42134.663006470248,-1570.2800357103415,-68.507488620636835,0.11463041170327491,3.0725519929354297,-0.0009340473986220191
2499300.0000033528,42147.045932994632,1196.4108822157582,-69.200887453712085,-0.087122453328320026,3.0734431380704454,-0.00060623115733690158
2500200.0000034575,41977.955539684466,3957.9471980616668,-69.597821165070343,-0.28849887613044889,3.0611014679197415,-0.0002754702361221142
2501100.000003248,41628.121049306807,6702.4391213793506,-69.69627368811301,-0.48863183414068068,3.0355803446664789,5.6824403771610781e-05
2502000.0000030384,41099.049858953775,9418.0704476747524,-69.495502648469028,-0.68665969373694347,2.9969898651829996,0.00038923429206561336
2502900.0000025146,40393.021019979213,12093.149419748328,-68.996043434624596,-0.88172991583084992,2.9454963813782844,0.00072033942175566031
2503800.000002305,39513.075399642592,14716.159050910659,-68.199707893258278,-1.0730027216105278,2.8813217793959973,0.0010487242189761035
2504700.0000027241,38463.002567481555,17275.806691932572,-67.109577662120145,-1.2596547027192733,2.8047425208987424,0.0013729834857504749
2505600.0000031432,37247.324464600097,19761.072627171456,-65.729992177173557,-1.4408823604330712,2.7160884507396141,0.001691728291513446
2506500.0000026193,35871.27592377457,22161.257498421553,-64.066531407671832,-1.6159055593626486,2.615741375987291,0.0020035917911098143
2507400.0000020955,34340.782122011959,24466.028353155223,-62.12599339229962,-1.7839708810663566,2.5041334222285503,0.0023072349469524141
2508300.0000025146,32662.433070965297,26665.46310575242,-59.916366683493379,-1.9443548623603881,2.381745174762687,0.0026013521320581933
2509200.0000029337,30843.455250408286,28750.093233326599,-57.446797811495607,-2.0963671054996764,2.2491036122474868,0.0028846765950379721
2510100.0000027241,28891.680499696889,30710.94452880057,-54.727553892137237,-2.2393532474503659,2.1067798410306935,0.0031559857684326392
2511000.0000025146,26815.512305663506,32539.57572665354,-51.76998053501962,-2.3726977749114075,1.9553866400868938,0.0034141064007652466
2511900.000002305,24623.889634857263,34228.114833748594,-48.586455224172177,-2.4958266729397103,1.795575827149164,0.0036579194946864701
2512800.0000024098,22326.248459872444,35769.293015054063,-45.190336346083228,-2.6082098962561444,1.6280354567461315,0.0038863650356459802
2513700.0000025146,19932.481145145746,37156.475886802124,-41.59590806186565,-2.7093636524604254,1.4534868619930554,0.004098446495372313
2514600.0000026193,17452.893864050009,38383.69208274658,-37.818321229866648,-2.7988524872908811,1.2726815524634882,0.0042932350954858114
2515500.0000027241,14898.162234495752,39445.658966965682,-33.87353060836444,-2.8762911625863086,1.086397981607514,0.0044698738165546772
2516400.0000028289,12279.285360298818,40337.8053841691,-29.778228569165186,-2.9413463188422306,0.89543819721317608,0.004627581139088472
2517300.0000029337,9607.5384741117123,41056.291348734616,-25.549775567112238,-2.9937379149670562,0.70062438906589108,0.0047656545028619901
2518200.0000027241,6894.4243913605496,41598.024584785802,-21.206127634481096,-3.0332404386251732,0.50279534899790079,0.0048834734706193301
2519100.0000025146,4151.6239726889098,41960.673848072023,-16.765761154156305,-3.0596838818824907,0.30280285769641702,0.0049805025830474735
2520000.0000026193,1390.9458258080429,42142.678967133172,-12.247595223781007,-3.0729544773545934,0.10150801512433799,0.0050562938903222689
2520900.0000024098,-1375.7245523006454,42143.257563616986,-7.6709118823383893,-3.0729951916961409,-0.1002224707264527,0.0051104891469945495
2521800.0000025146,-4136.4759700635532,41962.408419362058,-3.0552745132683201,-3.0598059738530372,-0.30152002039009201,0.0051428216557188019
2522700.0000026193,-6879.4228393243284,41600.911475639376,1.5795552331451659,-3.0334437568246164,-0.50151792760155323,0.0051531177456084817
2523600.0000027241,-9592.7563729034209,41060.324464065881,6.2137016933735927,-2.9940222127519016,-0.69935509703696408,0.0051412978718716361
2524500.0000028289,-12264.795445859483,40342.976183451981,10.827260249831093,-2.9417112622708412,-0.89417975769958324,0.0051073773234374554
2525400.000003248,-14884.03690949717,39451.956450474645,15.400382853238343,-2.8767363401164325,-1.0851531363295805,0.0050514665267175239
2526300.0000030384,-17439.205126520555,38391.102771735532,19.913363616271006,-2.7993774204544462,-1.271453073704766,0.0049737709353582663
2527200.0000028289,-19919.300537785821,37164.983786885285,24.346724145466606,-2.709967805629117,-1.4522775697716634,0.0048745904971350326
2528100.0000029337,-22313.647021604607,35778.879564061455,28.681298178140366,-2.6088926843718561,-1.6268482399544695,0.0047543186926327623
2529000.0000033528,-24611.9378576337,34238.758829003236,32.898315166412431,-2.4965874655741467,-1.7944136687421404,0.0046134411424480597
2529900.0000031432,-26804.280092111898,32551.253228794481,36.979482411821799,-2.3735358951988097,-1.9542526455775409,0.0044525337831171213
2530800.0000035623,-28881.23712171568,30723.628735032726,40.907065380131385,-2.2402679642173071,-2.105677269612841,0.0042722606144938646
2531700.0000030384,-30833.869288203168,28763.754330279229,44.663965768631648,-2.0973576183313005,-2.2480359081155461,0.0040733710273290012
2532600.0000028289,-32653.772346676826,26680.068083253998,48.233797021831876,-1.945420277448016,-2.3807159985146713,0.0038566967183859191
2533500.0000026193,-34333.113599646829,24481.54079830469,51.600956850985312,-1.7851101787160182,-2.5031466789798356,0.0036231482105066296
2534400.0000027241,-35864.665579445638,22177.637361909914,54.750696478787276,-1.6171175523381414,-2.6148012390670523,0.0033737109908596932
2535300.0000028289,-37241.837110545261,19778.275978698646,57.66918622839485,-1.442165644438641,-2.7151993782954005,0.0031094412894661495
2536200.0000026193,-38458.70163131869,17293.785461018702,60.343577165074315,-1.2610075991537302,-2.8039092640604384,0.0028314615187689986
2537100.0000020955,-39510.022652920721,14734.860756109476,62.762058493403202,-1.0744232135332568,-2.8805493801895761,0.0025409553982871668
2538000.0000022002,-40391.276242351079,12112.516913123633,64.913910427471706,-0.88321558011996804,-2.9447901581559006,0.0022391627913944403
2538900.000002305,-41098.670439556168,9438.0416819337806,66.78955229631616,-0.68820763126928652,-2.9963553846460589,0.0019273742807933017
2539800.0000027241,-41629.161527194949,6722.946943664032,68.380585663750864,-0.49023859980225432,-3.0350233798244681,0.001606925510483641
2540700.0000025146,-41980.467081956202,3978.9191904613826,69.67983225875021,-0.29016041181178459,-3.0606279413817572,0.0012791913242488756
2541600.0000019907,-42151.075755541664,1217.7692540466899,70.681366553624983,-0.088834026079621597,-3.0730590508447038,0.00094557972858608068
2542500.0000014668,-42140.253741652159,-1548.618482620509,71.380542836030401,0.11287426294998643,-3.0722633392031997,0.00060752571200285189
2543400.000000943,-41948.047905767024,-4308.3371895718774,71.774016667436499,0.3140965441682203,-3.0582443103713497,0.00026648494845505076
2544300.0000010477,-41575.285563662503,-7049.5087860504354,71.859760633420251,0.51396701466541583,-3.0310623216308854,-7.6072584858194345e-05
2545200.0000011525,-41023.570911609939,-9760.3350048073698,71.637074322506109,0.71162569438301437,-2.9908343214020521,-0.00041866904532603669
2546100.0000012573,-40295.278122844247,-12429.14811866232,71.106588496971995,0.90622211581642798,-2.937733345490193,-0.00075982519087480164
2547000.0000016764,-39393.54113964182,-15044.461105387883,70.270263441109307,1.0969189727214181,-2.8719877739827875,-0.0010980668445059298
2547900.0000020955,-38322.240209211232,-17595.017027422306,69.131381505855401,1.2828957118113267,-2.7938803522971161,-0.0014319313280058527
2548800.0000018859,-37085.98521431096,-20069.837437836937,67.694533883615748,1.4633520539722824,-2.7037469800271632,-0.00175997384000988
2549700.0000019907,-35690.09587272771,-22458.269590194795,65.965601678292643,1.6375114290443873,-2.6019752728841397,-0.0020807737493159493
2550600.0000020955,-34140.57889315192,-24750.032248470037,63.9517313636021,1.8046243095448211,-2.4890029039585539,-0.0023929407765878293
2551500.0000022002,-32444.102177302884,-26935.259914563674,61.661304732673656,1.9639714302359941,-2.3653157306619255,-0.0026951210403446837
2552400.0000019907,-30607.966183914636,-29004.545272151649,59.10390348068735,2.1148668790340794,-2.2314457155515073,-0.0029860029404379001
2553300.0000020955,-28640.07257088583,-30948.979672981233,56.290268570744352,2.2566610467076091,-2.0879686492660499,-0.003264322855629608
2554200.0000022002,-26548.89025463898,-32760.191484459832,53.232254569650912,2.3887434222395827,-1.9355016854406806,-0.0035288706305637379
2555100.000002305,-24343.419024589373,-34430.38214093422,49.942779144475743,2.5105452223957032,-1.774700697375559,-0.0037784948303197659
2556000.0000024098,-22033.150871367587,-35952.359738545172,46.435767945005317,2.6215418438087905,-1.6062574677440116,-0.0040121077399687963
2556900.0000022002,-19628.029192670914,-37319.570029844319,42.726095110225167,2.7212551270293601,-1.4308967230142702,-0.0042286900883784636
2557800.0000019907,-17138.406044273128,-38526.124686998453,38.829519646309777,2.809255422867091,-1.2493730245407522,-0.0044272954769065372
2558700.0000014668,-14574.997634420468,-39566.826701857244,34.762617975281259,2.8851634512644222,-1.0624675305421998,-0.0046070544928394075
2559600.0000015716,-11948.838228167118,-40437.192824757498,30.542712908646074,2.9486519453547544,-0.87098464090479666,-0.004767178492099791
2560500.0000016764,-9271.2326890468503,-41133.472930113276,26.187799399613585,2.999447072316527,-0.67574854122101113,-0.0049069630327202574
2561400.0000017812,-6553.7078261474308,-41652.666237648278,21.716467337764303,3.037329625584352,-0.47759965819057276,-0.0050257909467010652
2562300.0000022002,-3807.9627844183428,-41992.534305936933,17.147821764999588,3.0621359820705996,-0.27739104364202749,-0.0051231350348775375
2563200.0000019907,-1045.8186816554896,-42151.610745741476,12.501400841581866,3.0737588202881363,-0.075984701974000771,-0.0051985603738349219
2564100.0000014668,1720.8323006365877,-42129.20760922187,7.7970918997636254,3.0721475958894451,0.12575212386193621,-0.0052517262248329968
2565000.0000012573,4480.0781381478018,-41925.418423046583,3.0550459718879455,3.057308772015304,0.32695069068626026,-0.005282387535582714
2565900.0000013621,7220.0382782383494,-41541.117852673735,-1.704408842272765,3.0293058032644309,0.52674450170589271,-0.0052903960283891428
2566800.0000014668,9928.9148336134804,-40977.957997037687,-6.4608548072954965,2.988258872990996,0.72427304563481731,-0.005275700869719506
2567700.0000015716,12595.043427926257,-40238.361327606231,-11.19387239529626,2.9343443847409882,0.91868551155877221,-0.0052383489178202628
2568600.0000010477,15206.943474139347,-39325.510300847884,-15.88312816229192,2.8677942097741433,1.1091444633399892,-0.0051784845470562524
2569500.0000011525,17753.367669814506,-38243.333686505575,-20.50846228132221,2.7888946936335879,1.2948294575755315,-0.0050963490494016954
2570400.0000012573,20223.350479968656,-36996.489676063458,-25.049975326677167,2.6979854263742853,1.4749405881181166,-0.0049922796160091444
2571300.0000016764,22606.255423669103,-35590.345833456369,-29.488113981381687,2.5954577809390798,1.6487019434788242,-0.0048667079024813974
2572200.0000017812,24891.820932303646,-34030.955984557448,-33.803755248401998,2.4817532267343325,1.8153649599123958,-0.0047201581848302174
2573100.0000018859,27070.204597605618,-32325.034137809253,-37.978288832165177,2.3573614252016313,1.9742116566498396,-0.0045532451136883444
2574000.0000013621,29132.02560679254,-30479.925554475452,-41.993697314338036,2.2228181161321436,2.1245577382478058,-0.0043666710772352832
2574900.0000014668,31068.40519193943,-28503.575084751839,-45.832633798794014,2.078702803349703,2.2657555512182732,-0.0041612231837102063
2575800.0000012573,32871.004894924517,-26404.492928651442,-49.478496644847347,1.9256362515381678,2.3971968802529378,-0.0039377698792298623
2576700.0000010477,34532.062517436083,-24191.717936937133,-52.915501035564503,1.7642778028379877,2.5183155743632395,-0.0036972572126902142
2577600.0000008382,36044.425564094177,-21874.778647395473,-56.12874700119567,1.5953225276962086,2.6285899888194892,-0.0034407047682668921
2578500.0000012573,37401.582061702182,-19463.652195850427,-59.104283660515023,1.4194982203947186,2.7275452342842432,-0.003169201280695168
2579400.0000013621,38597.688600629743,-16968.721308624525,-61.82916936115852,1.2375622545975737,2.8147552218842486,-0.0028838999561545875
2580300.0000008382,39627.595496845039,-14400.729533944979,-64.2915275028586,1.0502983106688784,2.8898444968430375,-0.0025860135165927693
2581200.0000006286,40486.868951815602,-11770.734928980795,-66.480597774786673,0.858512990819018,2.9524898517909244,-0.0022768089922584104
2582100.0000013621,41171.810121226343,-9090.062396152076,-68.386782601898901,0.66303233643843718,3.002421713373459,-0.0019576022850571187
2583000.0000017812,41679.471009960384,-6370.2548832662887,-70.001688600427585,0.46469826347702631,3.0394252962941781,-0.0016297525280699787
2583900.0000018859,42007.667131756614,-3623.0236336920057,-71.318162886157069,0.26436492962710945,3.0633415204915915,-0.0012946562634577833
2584800.0000016764,42154.986871516754,-860.19773288951205,-72.330324061779365,0.062895051412171568,3.0740676871472621,-0.00095374146839661623
2585700.0000017812,42120.797517002073,1906.3268491690935,-73.033587771538365,-0.13884381417216077,3.0715579113402018,-0.00060846145340600992
2586600.0000015716,41905.247934426356,4664.6384889550109,-73.424686716014264,-0.33998300658995823,3.0558233097419558,-0.0002602886613908078
2587500.0000013621,41509.26787791041,7402.8612092219182,-73.501685053468535,-0.53965650235707052,3.0269319428773409,8.9291607334062025e-05
2588400.0000008382,40934.563938176478,10109.205804167796,-73.263987129664258,-0.73700464158028545,2.9850085125946171,0.00043878751370783343
2589300.0000012573,40183.612146357103,12772.02059884831,-72.712340510327053,-0.93117782660473647,2.9302338161393791,0.00078670701842431577
2590200.0000013621,39259.64727420306,15379.841584075033,-71.8488333150176,-1.1213401740375357,2.8628439600568836,0.0011315642076263148
2591100.0000008382,38166.648865867282,17921.441765027437,-70.676885867130991,-1.3066731085267835,2.7831293366708074,0.0014718855855847396
2592000.000000943,36909.324070967021,20385.879469520809,-69.201236707929809,-1.4863788799772348,2.6914333683671101,0.0018062163021628633
