0,384400000,0,0,0,1018.3034102504929,0
1800,384395564.68338639,1832901.4379967134,-19.144373447088928,-4.928090356448724,1018.2498622991324,-0.021259456633739439
3600,384382259.04874873,3665685.5344930878,-76.490248358709707,-9.8558906616432935,1018.1730313905617,-0.042445920590491848
5400,384360083.71673393,5498310.3834664281,-171.90519907631349,-14.783291419774839,1018.0729212705522,-0.06355823691768743
7200,384329039.5050301,7330734.0860615987,-305.25471735654656,-19.71018319232661,1017.9495361571268,-0.084595246603646368
9000,384289127.42826194,9162914.7514402419,-476.40220516727061,-24.636456599607229,1017.802880739645,-0.10555578669167132
10800,384240348.69788355,10994810.497628372,-685.20896769046601,-29.562002322270732,1017.6329601778945,-0.12643869039580091
12600,384182704.72206825,12826379.452362319,-931.53420653498438,-34.486711102823335,1017.4397801011837,-0.14724278721821191
14400,384116197.10559636,14657579.753933065,-1215.2350131620076,-39.410473747117415,1017.2233466074425,-0.16796690306816758
16200,384040827.64973933,16488369.552028952,-1536.1663625259987,-44.333181125832674,1016.9836662623258,-0.18860986038246649
18000,383956598.35214192,18318707.008576788,-1894.181106933838,-49.254724175944759,1016.7207460983227,-0.20917047824744534
19800,383863511.40670168,20148550.298581347,-2289.1299701248049,-54.174993902181676,1016.434593613872,-0.2296475725223539
21600,383761569.20344543,21977857.610963281,-2720.8615415739841,-59.093881378467984,1016.1252167724816,-0.25003995596417899
23400,383650774.32840383,23806587.14939547,-3189.2222710215274,-64.011277749357021,1015.7926240018539,-0.27034643835384076
25200,383531129.56348246,25634697.133137777,-3694.0564632303235,-68.92707423145167,1015.4368241930175,-0.2905658266236934
27000,383402637.88633132,27462145.797870267,-4235.2062729742765,-73.841162114813372,1015.0578266994645,-0.31069692498630735
28800,383265302.47021109,29288891.396524861,-4812.5117002595634,-78.753432764360028,1014.6556413362937,-0.33073853506451817
30600,383119126.6838569,31114892.200115465,-5425.8105857810297,-83.663777621252777,1014.2302783793601,-0.35068945602266433
32400,382964114.09134048,32940106.498566575,-6074.9386066159186,-88.572088204271935,1013.7817485644307,-0.37054848469899082
34200,382800268.45192885,34764492.601540357,-6759.7292721568811,-93.478256111182347,1013.3100630863464,-0.39031441573918474
36000,382627593.71994072,36588008.839262225,-7480.0139202863948,-98.38217302008826,1012.8152335981915,-0.40998604173098369
37800,382446094.04460114,38410613.563344963,-8235.6217137943768,-103.28373069077807,1012.2972722104683,-0.42956215333984676
39600,382255773.76989287,40232265.147611313,-9026.3796370409491,-108.18282096605914,1011.7561914902801,-0.44904153944561831
41400,382056637.43440604,42052921.98891513,-9852.1124928660411,-113.07933577308279,1011.1920044605197,-0.46842298728013509
43200,381848689.7711848,43872542.507961094,-10712.64289974751,-117.97316712465978,1010.6047245990663,-0.48770528256577894
45000,381631935.7075724,45691085.150122933,-11607.791289209539,-122.86420712056665,1009.9943658379887,-0.50688720965492873
46800,381406380.36505312,47508508.386260316,-12537.375903482754,-127.75234794884268,1009.3609425627557,-0.52596755167027753
48600,381172029.0590924,49324770.713534191,-13501.212793417597,-132.63748188707837,1008.7044696114542,-0.5449450906458353
50400,380928887.29897439,51139830.656220846,-14499.115816652331,-137.51950130369505,1008.0249622740148,-0.56381860766887504
52200,380676960.78763759,52953646.766524553,-15530.896636037109,-142.39829865921644,1007.3224362914442,-0.58258688302248152
54000,380416255.42150742,54766177.625388771,-16596.364718315224,-147.27376650753152,1006.5969078550664,-0.60124869632879763
55800,380146777.29032755,56577381.843306072,-17695.327333062985,-152.14579749714997,1005.8483936057706,-0.61980282669304221
57600,379868532.67698818,58387218.061126664,-18827.589551889138,-157.01428437244977,1005.0769106332673,-0.63824805284797992
59400,379581528.05735236,60195644.950865649,-19992.954247895032,-161.87911997491719,1004.2824764753519,-0.65658315329906625
61200,379285770.10008025,62002621.216508858,-21191.222095396486,-166.74019724437983,1003.465109117177,-0.67480690647014907
63000,378981265.6664508,63808105.594817489,-22422.191569908333,-171.59740922023255,1002.6248269905317,-0.69291809084954992
64800,378668021.81018156,65612056.856131412,-23685.658948392393,-176.45064904265649,1001.7616489731297,-0.71091548513676783
66600,378346045.77724606,67414433.805171162,-24981.418309769884,-181.29980995383173,1000.8755943879053,-0.72879786838949923
68400,378015345.00568926,69215195.281838775,-26309.261535698839,-186.14478529914368,999.96668300231693,-0.74656402017110324
70200,377675927.12544078,71014300.162017196,-27668.978311617244,-190.98546852838336,999.03493502766014,-0.76421272069840607
72000,377327799.95812553,72811707.358368725,-29060.356128052546,-195.8217531969419,998.08037111838757,-0.7817427509897914
73800,376970971.516873,74607375.82113196,-30483.180282198005,-200.65353296699934,997.10301237143835,-0.79915289301364856
75600,376605450.00612348,76401264.53891775,-31937.233879756437,-205.4807016087081,996.10288032557446,-0.81644192983701269
77400,376231243.82143325,78193332.539503828,-33422.297837051745,-210.30315300137161,995.07999696072716,-0.83360864577442251
79200,375848361.54927641,79983538.890628442,-34938.150883408533,-215.12078113461766,994.03438469735033,-0.85065182653698623
81000,375456811.96684581,81771842.700782612,-36484.569563800207,-219.93348010956731,992.96606639578295,-0.8675702593815644
82800,375056604.04185092,83558203.120001376,-38061.32824176563,-224.74114413999934,991.87506535562045,-0.88436273326007719
84600,374647746.93231428,85342579.340653881,-39668.199102594772,-229.5436675535106,990.76140531509293,-0.90102803896889072
86400,374230249.98636526,87124930.598232493,-41304.952156783074,-234.34094479267227,989.62511045045392,-0.91756496929822084
88200,373804122.74203241,88905216.172140509,-42971.355243754922,-239.13287041618256,988.46620537537581,-0.93397231918158852
90000,373369374.92703325,90683395.386479139,-44667.1740358561,-243.91933910001575,987.28471514035562,-0.95024888584522782
91800,372926016.45856196,92459427.610833153,-46392.172042615035,-248.70024563856822,986.0806652321271,-0.96639346895742173
93600,372474057.4430756,94233272.261055619,-48146.110615272926,-253.47548494580121,984.85408157308359,-0.98240487077782046
95400,372013508.17607754,96004888.80005157,-49928.748951582398,-258.24495205638107,983.60499052070736,-0.99828189630655284
97200,371544379.14189923,97774236.738560691,-51739.844100874543,-263.00854212681662,982.33341886700907,-1.0140233534332583
99000,371066681.01347989,99541275.635938928,-53579.150969393966,-267.76615043659461,981.03939383797479,-1.029628053085913
100800,370580424.65214419,101305965.10093917,-55446.422325901629,-272.51767238931268,979.72294309302117,-1.0450948093794268
102600,370085621.10737777,103068264.79249097,-57341.408807544896,-277.26300351381065,978.38409472446062,-1.0604224397640549
104400,369582281.61660075,104828134.42047924,-59263.858925994464,-282.00203946530024,977.0228772569734,-1.0756097651734626
106200,369070417.60493946,106585533.74652201,-61213.519073847616,-286.73467602649356,975.63931964708843,-1.0906556101725762
108000,368550040.68499541,108340422.5847474,-63190.133531297237,-291.46080910872962,974.23345128267306,-1.1055588031050261
109800,368021162.65661335,110092760.80256952,-65193.444473065945,-296.18033475310102,972.80530198243082,-1.1203181762402994
111600,367483795.50664634,111842508.3214635,-67223.191975604859,-300.89314913157898,971.35490199540686,-1.1349325659204714
113400,366937951.40871942,113589625.11773968,-69279.114024555878,-305.59914854813843,969.88228200050298,-1.1494008127065352
115200,366383642.72299063,115334071.22331697,-71360.946522477199,-310.29822943988268,968.38747310599979,-1.1637217615242987
117000,365820881.99591058,117075806.72649528,-73468.423296830879,-314.99028837816763,966.87050684908775,-1.1778942618097861
118800,365249681.95998001,118814791.77272709,-75601.276108231774,-319.67522206972706,965.33141519540561,-1.1919171676541851
120600,364670055.53350449,120550986.56538832,-77759.234658956906,-324.3529273577974,963.77023053858761,-1.205789337948272
122400,364082015.82034832,122284351.36654827,-79942.026601714169,-329.02330122324378,962.18698569981825,-1.2195096365262497
124200,363485576.10968548,124014846.49773891,-82149.377548669698,-333.6862407856861,960.58171392739541,-1.2330769323090542
126000,362880749.87574887,125742432.34072317,-84381.011080732453,-338.34164330462727,958.9544488963013,-1.2464900994470751
127800,362267550.77757746,127467069.33826262,-86636.648757095158,-342.98940618058162,957.30522470778078,-1.2597480174622111
129600,361645992.6587618,129188717.99488445,-88916.010125030531,-347.62942695620535,955.63407588892801,-1.2728495713893442
131400,361016089.54718667,130907338.87764756,-91218.812729941274,-352.26160331742886,953.94103739228058,-1.2857936519170572
133200,360377855.6547724,132622892.61690803,-93544.772125663076,-356.8858330945904,952.22614459542137,-1.2985791555277961
135000,359731305.37721395,134335339.90708381,-95893.601885019059,-361.50201426357222,950.48943330058717,-1.3112049846371598
136800,359076453.29371792,136044641.50741878,-98265.013610624315,-366.11004494693884,948.73093973428649,-1.3236700477325898
138600,358413314.16673714,137750758.24274611,-100658.71694593936,-370.70982341507823,946.95070054692303,-1.3359732595112044
140400,357741902.94170409,139453651.00425094,-103074.41958657124,-375.3012480873453,945.14875281242723,-1.3481135410169178
142200,357062234.7467615,141153280.75023234,-105511.82729182034,-379.8842175332083,943.32513402789493,-1.3600898197767222
144000,356374324.89249098,142849608.50686482,-107970.64389647216,-384.45863047339884,941.47988211323286,-1.3719010299361847
145800,355678188.87163985,144542595.36895889,-110450.57132283191,-389.02438578106478,939.61303541081168,-1.3835461123940553
147600,354973842.35884577,146232202.50072134,-112951.3095930008,-393.58138248292693,937.72463268512593,-1.3950240149360087
149400,354261301.2103591,147918391.13651469,-115472.5568413923,-398.12951976043905,935.81471312245935,-1.4063336923676064
151200,353540581.46376354,149601122.58161619,-118014.00932748672,-402.66869695095284,933.88331633055918,-1.4174741066462018
153000,352811699.33769441,151280358.21297607,-120575.3614488227,-407.19881354888554,931.93048233831507,-1.4284442270120443
154800,352074671.23155475,152956059.47997534,-123156.30575422353,-411.71976920689326,929.95625159544625,-1.4392430301183774
156600,351329513.72522956,154628187.90518305,-125756.53295725702,-416.23146373704793,927.96066497219283,-1.4498695001606576
158400,350576243.57879782,156296705.08511287,-128375.73194992699,-420.73379711201954,925.94376375901572,-1.460322629004684
160200,349814877.73224211,157961572.69097936,-131013.58981659451,-425.22666946626242,923.90558966630101,-1.4706014163138574
162000,349045433.30515659,159622752.46945345,-133669.79184812724,-429.70998109720796,921.8461848240712,-1.4807048696752958
163800,348267927.59645247,161280206.24341756,-136344.02155627511,-434.18363246646095,919.76559178170169,-1.4906320047250887
165600,347482378.0840615,162933895.9127202,-139035.96068827013,-438.64752420100302,917.66385350764358,-1.5003818452723769
167400,346688802.4246369,164583783.45493004,-141745.28924164892,-443.10155709440016,915.54101338915223,-1.5099534234223955
169200,345887218.45325291,166229830.92608961,-144471.68547929561,-447.54563210801729,913.39711523202038,-1.5193457796985124
171000,345077644.18310112,167872000.46146822,-147214.82594470348,-451.97965037223798,911.23220326031753,-1.5285579631631301
172800,344260097.8051855,169510254.27631488,-149974.38547745315,-456.40351318769063,909.04632211613398,-1.5375890315374612
174600,343434597.68801486,171144554.66661036,-152750.03722890551,-460.81712202648112,906.83951685933062,-1.5464380513202376
176400,342601162.37729275,172774864.00981897,-155541.45267810713,-465.22037853343176,904.61183296729257,-1.5551040979052744
178200,341759810.59560579,174401144.7656399,-158348.30164790645,-469.61318452732661,902.36331633468899,-1.5635862556978486
180000,340910561.24210924,176023359.47675818,-161170.25232127833,-473.99544200216428,900.09401327323599,-1.5718836182299951
181800,340053433.39221066,177641470.76959503,-164006.97125785486,-478.36705312841718,897.80397051146531,-1.5799952882745738
183600,339188446.29725075,179255441.35505801,-166858.12341066089,-482.72792025429811,895.49323519449695,-1.5879203779581628
185400,338315619.38418269,180865234.02929071,-169723.37214305133,-487.07794590703418,893.16185488381529,-1.5956580088727885
187200,337434972.25524849,182470811.67442179,-172602.37924584863,-491.4170327941477,890.80987755705041,-1.6032073121864268
189000,336546524.68765336,184072137.25931424,-175494.80495467794,-495.74508380474578,888.43735160776225,-1.6105674287522724
190800,335650296.63323778,185669173.84031349,-178400.30796749805,-500.06200201081663,886.04432584522942,-1.6177375092168236
192600,334746308.2181471,187261884.56199569,-181318.54546232562,-504.36769066853395,883.63084949424024,-1.6247167141266772
194400,333834579.74249876,188850232.65791544,-184249.17311515048,-508.66205321957,881.1969721948883,-1.6315042140341161
196200,332915131.68004733,190434181.4513531,-187191.84511804007,-512.94499329241592,878.74274400237107,-1.6380991896014174
198000,331987984.67784679,192013694.35606185,-190146.21419743038,-517.21641470371139,876.26821538679076,-1.6445008317039118
199800,331053159.555911,193588734.87701428,-193111.93163260102,-521.47622145958178,873.77343723295917,-1.6507083415317028
201600,330110677.30687112,195159266.61114883,-196088.64727433264,-525.72431775698476,871.25846084020407,-1.6567209306902191
203400,329160559.09563112,196725253.24811557,-199076.00956374395,-529.96060798506517,868.7233379221791,-1.6625378212993567
205200,328202826.25902063,198286658.57102191,-202073.66555130592,-534.18499672651876,866.16812060667496,-1.6681582460913709
207000,327237500.30544502,199843446.45717785,-205081.26091603126,-538.39738875896489,863.59286143543375,-1.6735814485074412
208800,326264602.91453338,201395580.87884104,-208098.43998483644,-542.59768905632893,860.99761336396455,-1.6788066827929644
210600,325284155.93678421,202943025.90396118,-211124.84575207392,-546.78580279023311,858.38242976136121,-1.6838332140914334
212400,324296181.39320815,204485745.69692448,-214160.11989923229,-550.96163533139736,855.74736441012158,-1.6886603185370894
214200,323300701.47496819,206023704.5192976,-217203.90281480204,-555.1250922510493,853.09247150596786,-1.693287283346155
216000,322297738.54301751,207556866.73057124,-220255.83361430414,-559.27607932234434,850.41780565766817,-1.6977134069066948
217800,321287315.1277349,209085196.78890342,-223315.5501604763,-563.41450252182472,847.72342188685843,-1.7019379988640351
219600,320269453.92855734,210608659.2518627,-226382.68908362387,-567.54026803076658,845.00937562787021,-1.7059603802178616
221400,319244177.81361008,212127218.77717069,-229456.88580212599,-571.65328223672225,842.27572272755071,-1.709779883397976
223200,318211509.81933403,213640840.12344438,-232537.77454308901,-575.75345173494827,839.52251944508816,-1.7133958523522199
225000,317171473.15011054,215149488.1509383,-235624.98836315412,-579.84068332987465,836.74982245183753,-1.7168076426295469
226800,316124091.17788374,216653127.82228628,-238718.15916945302,-583.91488403658434,833.95768883114488,-1.7200146214617977
228600,315069387.44177973,218151724.20324278,-241816.9177407097,-587.975961082303,831.14617607817263,-1.7230161678440312
230400,314007385.64772379,219645242.46342412,-244920.89374848548,-592.02382190789911,828.31534209972324,-1.7258116726135353
232200,312938109.66805404,221133647.87704921,-248029.71577856509,-596.05837416939505,825.46524521406332,-1.7284005385273931
234000,311861583.54113305,222616905.82367992,-251143.01135248112,-600.07952573948796,822.59594415074673,-1.7307821803386905
235800,310777831.4709565,224094981.78896147,-254260.4069491743,-604.08718470908218,819.70749805043567,-1.7329560248713536
237600,309686877.82675874,225567841.36536205,-257381.52802678736,-608.08125938883177,816.79996646472227,-1.7349215110935179
239400,308588747.14261609,227035450.25291246,-260505.99904458961,-612.06165831069359,813.87340935594796,-1.7366780901896026
241200,307483464.11704671,228497774.25994518,-263633.44348502997,-616.02829022949265,810.92788709702029,-1.7382252256309012
243000,306371053.61260879,229954779.30383343,-266763.48387591593,-619.98106412449681,807.9634604712295,-1.7395623932448001
244800,305251540.65549427,231406431.41172943,-269895.74181271583,-623.91988920100323,804.98019067206155,-1.7406890812826328
246600,304124950.43512106,232852696.72130275,-273029.83798098174,-627.84467489193673,801.97813930300993,-1.7416047904860537
248400,302991308.30372196,234293541.48147818,-276165.39217889088,-631.75533085945733,798.95736837738502,-1.7423090341520733
250200,301850639.77592999,235728932.05317301,-279302.02333990281,-635.65176699658082,795.91794031811912,-1.74280133819669
252000,300702970.52836192,237158834.91003442,-282439.34955552954,-639.53389342881007,792.85991795757081,-1.743081241217024
253800,299548326.39919811,238583216.63917625,-285576.98809821694,-643.40162051577704,789.78336453732459,-1.7431482945522052
255600,298386733.38775975,240002043.94191521,-288714.55544433347,-647.25485885289686,786.68834370798743,-1.7430020623427056
257400,297218217.65408266,241415283.63450706,-291851.66729726543,-651.09351927303328,783.57491952898192,-1.7426421215883359
259200,296042805.51848871,242822902.64888239,-294987.93861061463,-654.91751284817519,780.44315646833593,-1.7420680622048399
261000,294860523.46115345,244224868.03338182,-298122.98361149704,-658.72675089112477,777.29311940246748,-1.741279487079078
262800,293671398.12167156,245621146.95349076,-301256.41582393937,-662.52114495719763,774.12487361596538,-1.7402760121227885
264600,292475456.29861879,247011706.69257426,-304387.84809237148,-666.30060684593366,770.93848480136603,-1.739057266324975
266400,291272724.94911027,248396514.65261084,-307516.89260521118,-670.06504860282053,767.7340190589249,-1.7376228918028838
268200,290063231.18835688,249775538.35492623,-310643.16091853986,-673.81438252102714,764.5115428963835,-1.7359725438515541
270000,288847002.28921729,251148745.44092661,-313766.26397986646,-677.54852114315133,761.27112322873029,-1.7341058909920519
271800,287624065.68174797,252516103.67283159,-316885.81215197622,-681.26737726297642,758.01282737795748,-1.7320226150182036
273600,286394448.95274907,253877580.93440649,-320001.41523686319,-684.97086392724077,754.73672307281072,-1.72972241104202
275400,285158179.84530753,255233145.23169416,-323112.68249974248,-688.65889443741992,751.44287844853409,-1.727204987537668
277200,283915286.25833708,256582764.69374654,-326219.22269314044,-692.33138235151864,748.13136204660839,-1.7244700663841455
279000,282665796.24611509,257926407.57335573,-329320.64408106124,-695.98824148587494,744.80224281448307,-1.7215173829064596
280800,281409738.01781517,259264042.24778435,-332416.5544632253,-699.62938591697787,741.45559010530189,-1.7183466859155121
282600,280147139.93703806,260595637.21949562,-335506.56119937904,-703.25472998329417,738.09147367762148,-1.7149577377465448
284400,278878030.52133811,261921161.1168828,-338590.27123367216,-706.86418828710805,734.70996369512318,-1.7113503142962685
286200,277602438.44174665,263240582.69499817,-341667.29111910053,-710.45767569637292,731.31113072631717,-1.7075242050585644
288000,276320392.52229208,264553870.83628148,-344737.2270420125,-714.03510734657436,727.89504574423893,-1.7034792131588641
289800,275031921.73951691,265860994.55128774,-347799.68484667543,-717.59639864260396,724.46178012613905,-1.6992151553871708
291600,273737055.221991,267161922.97941458,-350854.27005990036,-721.14146526064633,721.01140565316393,-1.694731862229643
293400,272435822.24982136,268456625.38962895,-353900.5879157231,-724.67022315007694,717.54399451002837,-1.6900291778989267
295200,271128252.25415874,269745071.18119329,-356938.24338013778,-728.18258853537066,714.05961928468082,-1.68510696036307
297000,269814374.81670111,271027229.88439089,-359966.84117588151,-731.67847791802399,710.55835296795851,-1.6799650813731268
298800,268494219.66919285,272303071.16125107,-362985.98580726801,-735.15780807848671,707.0402689532342,-1.6746034264893859
300600,267167816.69292083,273572564.8062731,-365995.28158506658,-738.62049607810582,703.50544103605387,-1.6690218951063316
302400,265835195.91820741,274835680.74714977,-368994.33265142498,-742.06645926108149,699.95394341376596,-1.6632204004761459
304200,264496387.52389923,276092389.0454908,-371982.74300483381,-745.49561525643355,696.38585068513885,-1.657198869731036
306000,263151421.83685306,277342659.89754432,-374960.1165251293,-748.90788197997949,692.80123784996965,-1.650957243904166
307800,261800329.33141744,278586463.63491893,-377926.05699853314,-752.30317763632468,689.20018030868437,-1.6444954779492356
309600,260443140.62891123,279823770.72530431,-380880.16814272606,-755.68142072086175,685.58275386192474,-1.6378135407588341
311400,259079886.49709842,281054551.77319092,-383822.05363195325,-759.04253002178382,681.94903471012663,-1.630911415181427
313200,257710597.84965914,282278777.52058965,-386751.31712215929,-762.38642462210669,678.29909945308759,-1.6237890980370957
315000,256335305.74565729,283496418.84775013,-389667.56227615027,-765.7130239017032,674.63302508952233,-1.6164466001319135
316800,254954041.38900423,284707446.77387834,-392570.39278878068,-769.0222475393482,670.95088901660768,-1.6088839462711464
318600,253566836.12791905,285911832.45785356,-395459.41241216246,-772.3140155147745,667.25276902951578,-1.6011011752710458
320400,252173721.45438483,287109547.19894385,-398334.224980895,-775.58824811074021,663.53874332093631,-1.5930983399694663
322200,250774729.00360149,288300562.43752193,-401194.43443731219,-778.8448659151054,659.80889048058509,-1.5848755072351701
324000,249369890.55343455,289484849.75577879,-404039.64485674573,-782.08378982292118,656.06328949470276,-1.5764327579758981
325800,247959238.02386051,290662380.87843704,-406869.46047280147,-785.30494103852823,652.30201974553904,-1.5677701871451599
327600,246542803.476408,291833127.67346352,-409683.48570264725,-788.50824107766596,648.5251610108254,-1.5588879037477947
329400,245120619.11359555,292997062.15278047,-412481.32517230877,-791.69361176959274,644.732793463235,-1.549786030844279
331200,243692717.27836522,294154156.47297591,-415262.58374197327,-794.86097525921582,640.92499766982894,-1.5404647055538201
333000,242259130.45351255,295304382.93601304,-418026.86653129692,-798.01025400923152,637.10185459148943,-1.5309240790562222
334800,240819891.2611126,296447713.98993891,-420773.77894471464,-801.14137080227579,633.2634455823395,-1.5211643165925091
336600,239375032.4619422,297584122.22959119,-423502.92669674999,-804.25424874308453,629.40985238914948,-1.5111855974643584
338400,237924586.95489797,298713580.39730489,-426213.91583732283,-807.34881126066421,625.54115715072805,-1.5009881150323241
340200,236468587.776411,299836061.38361704,-428906.3527770529,-810.42498211047143,621.65744239730077,-1.4905720767128641
342000,235007068.09985706,300951538.22797096,-431579.84431255673,-813.48268537660294,617.75879104987325,-1.4799377039741524
343800,233540061.23496315,302059984.11941904,-434233.99765173619,-816.52184547399509,613.84528641957957,-1.4690852323307648
345600,232067600.62720984,303161372.39732426,-436868.42043905664,-819.54238715063252,609.91701220701589,-1.4580149113371348
347400,230589719.85723013,304255676.55206078,-439482.72078081121,-822.54423548976581,605.97405250156044,-1.4467270045798684
349200,229106452.64020354,305342870.2257129,-442076.5072703716,-825.52731591213922,602.01649178067601,-1.4352217896688713
351000,227617832.82524702,306422927.21277314,-444649.38901342079,-828.49155417822601,598.04441490919783,-1.423499558227397
352800,226123894.39480114,307495821.46083885,-447200.97565316741,-831.43687639047414,594.05790713860665,-1.411560615880856
354600,224624671.46401256,308561527.07130742,-449730.8773955385,-834.36320899556006,590.05705410628423,-1.3994052822445131
356400,223120198.2801125,309620018.30007029,-452238.70503434964,-837.27047878665098,586.04194183475431,-1.3870338909101212
358200,221610509.22179091,310671269.55820549,-454724.06997644942,-840.15861290567545,582.01265673090575,-1.3744467894313657
360000,220095638.79856661,311715255.41266882,-457186.58426683728,-843.02753884560252,577.96928558520051,-1.3616443393081876
361800,218575621.65015355,312751950.58698338,-459625.86061375169,-845.87718445272958,573.9119155708637,-1.3486269159700786
363600,217050492.5458225,313781329.96192813,-462041.51241372747,-848.70747792897635,569.84063424305759,-1.3353949087581696
365400,215520286.38375905,314803368.57622439,-464433.15377661964,-851.51834783418985,565.75552953803776,-1.3219487209063159
367200,213985038.19041723,315818041.62722105,-466800.39955059305,-854.30972308845276,561.65668977229222,-1.3082887695210863
369000,212444783.1198689,316825324.47157818,-469142.86534707382,-857.08153297440379,557.5442036416631,-1.2944154855606309
370800,210899556.45314917,317825192.6259492,-471460.16756566259,-859.83370713956197,553.41816022045043,-1.2803293138125198
372600,209349393.59759751,318817621.76766109,-473751.92341900687,-862.56617559865902,549.278648960498,-1.2660307128705321
374400,207794330.08619455,319802587.73539329,-476017.7509576304,-865.2788687359797,545.12575969026045,-1.2515201551103774
376200,206234401.57689485,320780066.52985477,-478257.26909471804,-867.97171730770799,540.95958261385374,-1.2367981266643462
378000,204669643.85195541,321750034.31445926,-480470.09763085406,-870.64465244427981,536.78020831008484,-1.221865127395019
379800,203100092.81725988,322712467.41599882,-482655.85727871192,-873.29760565274239,532.58772773146507,-1.2067216708678412
381600,201525784.50163841,323667342.32531542,-484814.16968769458,-875.93050881912006,528.38223220320231,-1.1913682843227498
383400,199946755.05618352,324614635.69797122,-486944.65746852173,-878.5432942107858,524.16381342217551,-1.1758055086447596
385200,198363040.75356144,325554324.35491663,-489046.94421776407,-881.13589447883851,519.93256345589009,-1.1600338983335443
387000,196774677.98731932,326486385.2831561,-491120.65454232128,-883.70824266048567,515.68857474141305,-1.1440540214720643
388800,195181703.27118793,327410795.63641274,-493165.41408384335,-886.26027218143292,511.43194008428895,-1.1278664596941728
390600,193584153.23838046,328327532.73579043,-495180.84954309167,-888.79191685827618,507.1627526574365,-1.1114718081512149
392400,191982064.6408866,329236574.07043391,-497166.58870424051,-891.30311090090186,502.88110600002398,-1.09487067547775
394200,190375474.34876242,330137897.29818743,-499122.26045911456,-893.79378891488909,498.58709401632598,-1.0780636837562236
396000,188764419.34941602,331031480.24625063,-501047.49483136309,-896.26388590391821,494.28081097455942,-1.0610514684807457
397800,187148936.74688885,331917300.91183245,-502941.9230005673,-898.71333727218325,489.96235150569839,-1.0438346785198429
399600,185529063.76113245,332795337.46280324,-504805.17732628022,-901.14207882680842,485.63181060226952,-1.0264139760784177
401400,183904837.72728115,333665568.23834443,-506636.89137199736,-903.55004678026842,481.28928361712582,-1.008790036658586
403200,182276296.09492022,334527971.74959588,-508436.69992905541,-905.93717775281254,476.93486626220005,-0.99096354901976191
405000,180643476.42734957,335382526.68030119,-510204.2390404591,-908.3034087748922,472.56865460723679,-0.97293521513775605
406800,179006416.40084329,336229211.88745064,-511939.14602463302,-910.64867728959223,468.19074507850343,-0.95470575016295445
408600,177365153.80390486,337068006.40192139,-513641.05949909764,-912.97292115506355,463.80123445747961,-0.93627588237764248
410400,175719726.53651762,337898889.42911643,-515309.61940406763,-915.27607864696154,459.40021987952599,-0.91764635315239185
412200,174070172.60939106,338721840.3495993,-516944.46702597092,-917.55808846088314,454.98779883253002,-0.8988179169016095
414000,172416530.14320293,339536838.71972847,-518545.24502088682,-919.81888971480919,450.56406915553112,-0.87979134103819578
415800,170758837.36783659,340343864.27228743,-520111.59743790189,-922.05842195154798,446.12912903732342,-0.86056740592732239
417600,169097132.62161416,341142896.91711342,-521643.16974238184,-924.27662514117992,441.68307701503676,-0.84114690483935195
419400,167431454.35052529,341933916.7417227,-523139.60883915779,-926.47343968350424,437.22601197269512,-0.82153064390195885
421200,165761841.10745141,342716904.01193398,-524600.56309562584,-928.64880641048728,432.75803313975325,-0.80171944205133183
423000,164088331.55138552,343491839.17248863,-526025.68236475764,-930.80266658871096,428.27924008961077,-0.78171413098259057
424800,162410964.44664788,344258702.84766889,-527414.61800802127,-932.93496192182317,423.78973273810351,-0.76151555509936297
426600,160729778.66209695,345017475.84191227,-528767.02291821095,-935.04563455298762,419.28961134197243,-0.74112457146252408
428400,159044813.1703361,345768139.14042413,-530082.55154218292,-937.13462706733458,414.77897649731,-0.72054204973814806
430200,157356107.04691586,346510673.90978706,-531360.85990349692,-939.20188249441082,410.25792913798313,-0.69976887214463013
432000,155663699.46953174,347245061.49856746,-532601.60562496341,-941.24734431063064,405.7265705340339,-0.67880593339907136
433800,153967629.71721771,347971283.43791896,-533804.44795109134,-943.27095644172482,401.18500229005673,-0.65765414066275485
435600,152267937.16953522,348689321.44218349,-534969.04777043848,-945.27266326518964,396.63332634355243,-0.63631441348597517
437400,150564661.30575773,349399157.4094888,-536095.06763786101,-947.25240961273516,392.07164496325936,-0.61478768375197945
439200,148857841.70405108,350100773.42234325,-537182.1717966625,-949.21014077273082,387.50006074746108,-0.59307489562023463
441000,147147518.04064918,350794151.74822748,-538230.02620063897,-951.14580249265055,382.91867662227008,-0.57117700546885963
442800,145433730.08902547,351479274.84018266,-539238.29853601987,-953.05934098151556,378.32759583988906,-0.54909498183634664
444600,143716517.71905988,352156125.33739626,-540206.65824330423,-954.95070291233526,373.72692197684751,-0.5268298053625079
446400,141995920.89620158,352824686.06578398,-541134.77653898916,-956.81983542454498,369.11675893221565,-0.50438246872870296
448200,140271979.68062711,353484940.03856874,-542022.32643719052,-958.66668612644128,364.49721092579352,-0.48175397659733366
450000,138544734.22639424,354136870.45685661,-542868.98277115321,-960.49120309761452,359.86838249627772,-0.45894534555059641
451800,136814224.78059161,354780460.71020865,-543674.4222146516,-962.29333489137809,355.23037849940278,-0.435957604028548
453600,135080491.68248361,355415694.37721038,-544438.32330327749,-964.07303053719306,350.5833041060597,-0.41279179226642432
455400,133343575.36265127,356042555.22603691,-545160.36645561364,-965.83023954309078,345.92726480038993,-0.38944896223127973
457200,131603516.34212869,356661027.21501541,-545840.23399429501,-967.56491189808867,341.26236637785541,-0.36593017755789958
459000,129860355.23153499,357271094.49318373,-546477.61016695108,-969.27699807460465,336.58871494328514,-0.34223651348407702
460800,128114132.73020205,357872741.40084517,-547072.18116703327,-970.96644903086337,331.9064169088964,-0.31836905678512284
462600,126364889.62529798,358465952.47012031,-547623.63515452249,-972.63321621330056,327.21557899229299,-0.29432890570781423
464400,124612666.79094608,359050712.42549467,-548131.66227651841,-974.27725155895985,322.51630821443854,-0.27011716990353118
466200,122857505.18733965,359627006.18436295,-548595.95468770678,-975.89850749788468,317.80871189760603,-0.2457349703608584
468000,121099445.85985242,360194818.85756963,-549016.20657070517,-977.496936955504,313.09289766330284,-0.22118343933744594
469800,119338529.93814471,360754135.74994564,-549392.1141562853,-979.07249335501263,308.36897343017108,-0.19646372029124459
471600,117574798.63526532,361304942.36084127,-549723.37574347202,-980.625130619743,303.63704741186461,-0.17157696781111836
473400,115808293.2467491,361847224.38465536,-550009.69171951502,-982.15480317553238,298.89722811490077,-0.14652434754678481
475200,114039055.14971048,362380967.71136039,-550250.76457973558,-983.66146595308135,294.14962433648822,-0.12130703613816024
477000,112267125.80193239,362906158.42702359,-550446.29894724442,-985.14507439030547,289.39434516233024,-0.095926221144022022
478800,110492546.74095134,363422782.81432474,-550596.00159253075,-986.60558443467824,284.63149996440421,-0.070383100970097645
480600,108715359.58313794,363930827.35306907,-550699.5814529229,-988.04295254556814,279.86119839871566,-0.044678884796591753
482400,106935606.02277356,364430278.72069651,-550756.74965191504,-989.45713569656402,275.08355040302899,-0.018814792504935809
484200,105153327.83112255,364921123.79278678,-550767.21951836406,-990.84809137779496,270.29866619457334,0.0072079453958608843
486000,103368566.8555004,365403349.64356041,-550730.70660555223,-992.21577759823913,265.50665626772411,0.033388087843569864
487800,101581365.01833776,365876943.54637563,-550646.92871011537,-993.56015288802405,260.70763139166064,0.059724383297705769
489600,99791764.316240296,366341892.97422045,-550515.6058908361,-994.88117630071679,255.90170260799866,0.086215569814973789
491400,97999806.819044441,366798185.60020149,-550336.46048730053,-996.17880741560498,251.0889812283994,0.11286037512539759
493200,96205534.668869048,367245809.2980274,-550109.21713841753,-997.45300633996703,246.269578832154,0.1396575167089382
495000,94408990.079163,367684752.14248872,-549833.6028007986,-998.70373371133167,241.44360726374359,0.16660570187272494
496800,92610215.333748728,368115002.40993273,-549509.34676700004,-999.93095069972685,236.61117863037552,0.19370362782884804
498600,90809252.785861641,368536548.5787344,-549136.1806836233,-1001.1346190099179,231.7724052994954,0.22094998177267131
500400,89006144.857185692,368949379.32976234,-548713.83856927406,-1002.3147008836332,226.92739989627464,0.24834344096168937
502200,87200934.036884755,369353483.54684067,-548242.05683237908,-1003.4711591017789,222.07627530107442,0.27588267279500095
504000,85393662.880630136,369748850.31720585,-547720.57428885926,-1004.603956986641,217.21914464688555,0.30356633489318852
505800,83584374.009624213,370135468.93195903,-547149.13217965874,-1005.7130584040762,212.35612131674429,0.33139307517887806
507600,81773110.10961993,370513328.88651395,-546527.47418812884,-1006.7984277656873,207.48731894112427,0.359361531957688
509400,79959913.929936543,370882419.88104004,-545855.34645726415,-1007.8600300309898,202.61285139530477,0.3874703339998104
511200,78144828.282471463,371242731.82090056,-545132.497606794,-1008.8978307095606,197.73283279671531,0.41571810062198811
513000,76327896.040708184,371594254.81708604,-544358.67875012371,-1009.9117958631759,192.84737750225614,0.44410344177010724
514800,74509160.138720468,371936979.18664265,-543533.6435111271,-1010.9018921079352,187.95660010559595,0.47262495810226779
516600,72688663.570172578,372270895.45309681,-542657.14804079023,-1011.8680866163692,183.06061543444531,0.50128124107228178
518400,70866449.387315914,372595994.34687287,-541728.95103370317,-1012.8103471195345,178.15953854780716,0.53007087301375855
520200,69042560.699981704,372912266.80570757,-540748.81374440016,-1013.7286419090939,173.25348473320381,0.55899242722461484
522000,67217040.674570069,373219703.97505909,-539716.50000354741,-1014.6229398393798,168.34256950388084,0.5880444680520972
523800,65389932.533035427,373518297.20851004,-538631.77623397799,-1015.4932103294434,163.42690859598775,0.61722555097822174
525600,63561279.551868111,373808038.06816685,-537494.41146657127,-1016.3394233650881,158.50661796573598,0.64653422270581651
527400,61731125.061072432,374088918.32505298,-536304.17735597806,-1017.1615495008858,153.58181378653339,0.67596902124487457
529200,59899512.443141073,374360929.95949739,-535060.84819619008,-1017.9595598621785,148.65261244609658,0.70552847599943724
531000,58066485.132025927,374624065.1615175,-533764.20093595097,-1018.7334261470611,143.71913054354033,0.73521110785497812
532800,56232086.612105347,374878316.33119732,-532414.01519401185,-1019.4831206283492,138.78148488644433,0.76501542926615573
534600,54396360.417147897,375123676.07905984,-531010.07327422709,-1020.2086161555286,133.83979248789782,0.79493994434505966
536400,52559350.129272647,375360137.22643429,-529552.16018049081,-1020.909886156687,128.89417056352178,0.82498314894987745
538200,50721099.377905913,375587692.8058182,-528040.06363151444,-1021.5869046404283,123.94473652846908,0.85514353077401195
540000,48881651.838734627,375806336.06123352,-526473.57407544227,-1022.239646197769,118.9916079944023,0.8854195694355963
541800,47041051.232656315,376016060.44857788,-524852.48470430623,-1022.8680860040154,114.03490276645033,0.91580973656748565
543600,45199341.32472571,376216859.63596988,-523176.59146831825,-1023.4721998206214,109.07473884014266,0.94631249590760647
545400,43356565.92309799,376408727.50408936,-521445.69308999932,-1024.0519639970307,104.11123439832242,0.9769263033897766
547200,41512768.877968788,376591658.14651114,-519659.59107814491,-1024.6073554724944,99.144507808038099,1.0076496072349044
549000,39667994.080510929,376765645.87003446,-517818.08974162565,-1025.1383517778736,94.174677617413806,1.038480848042604
550800,37822285.461807862,376930685.19500571,-515920.99620302318,-1025.6449310374196,89.201862552498525,1.0694184588831819
552600,35975686.991784021,377086770.855636,-513968.12041209964,-1026.1270719705342,84.226181514094648,1.1004608653900647
554400,34128242.678131998,377233897.80031246,-511959.27515910059,-1026.5847538935107,79.247753574565621,1.1316064858525876
556200,32279996.565236542,377372061.19190484,-509894.27608789073,-1027.0179567212526,74.266697974623042,1.1628537313091629
558000,30430992.733095553,377501256.40806514,-507772.94170892122,-1027.4266609689721,69.283134120093592,1.1942010056408623
559800,28581275.296238016,377621479.04152191,-505595.09341202857,-1027.8108477538676,64.297181578665473,1.2256467056653106
561600,26730888.402638931,377732724.90036887,-503360.55547906377,-1028.1704987967792,59.308960076614746,1.2571892212309412
563400,24879876.232631266,377834990.00834727,-501069.15509635548,-1028.5055964238338,54.318589495494372,1.2888269353082529
565200,23028282.99781502,377928270.60512245,-498720.72236699442,-1028.8161235680195,49.326189868877158,1.3205582240954921
567000,21176152.939963426,378012563.14655441,-496315.09032294765,-1029.1020637708125,44.331881378967168,1.3523814571032442
568800,19323530.329926249,378087864.3049624,-493852.09493700723,-1029.3634011837314,39.335784353267314,1.3842949972537659
570600,17470459.466530319,378154170.96938348,-491331.57513456256,-1029.600120569881,34.338019261209091,1.4162972009770973
572400,15616984.675477302,378211480.24582493,-488753.37280519953,-1029.8122073054719,29.338706710763436,1.448386418307434
574200,13763150.308238784,378259789.45751041,-486117.33281412645,-1029.9996473813167,24.337967445033218,1.4805609929799095
576000,11909000.740948623,378299096.14512032,-483423.30301342462,-1030.1624274043056,19.335922338827277,1.5128192625276726
577800,10054580.373292726,378329398.0670253,-480671.13425312447,-1030.3005345988536,14.332692395216355,1.5451595583792981
579600,8199933.6273962017,378350693.19951481,-477860.68039210577,-1030.4139568083267,9.3283987420712187,1.5775802059564901
581400,6345104.9467079975,378362979.73701805,-474991.7983088218,-1030.5026824964418,4.3231626285831606,1.6100795247721473
583200,4490138.7948830184,378366256.09231937,-472064.34791184717,-1030.5667007486443,-0.68289457823306732,1.642655828528691
585000,2635079.6546617988,378360520.89676702,-469078.19215024734,-1030.6060012734574,-5.6896513970531508,1.6753074252167675
586800,779972.02674776211,378345773.00047594,-466033.197023771,-1030.6205744038093,-10.696986235774425,1.7080326172141533
588600,-1075139.5713178804,378322011.47252387,-462929.23159286409,-1030.6104110983335,-15.704777395063504,1.7408297013850162
590400,-2930210.6062835464,378289235.6011411,-459766.16798850452,-1030.5755029426437,-20.712903071920408,1.7736969691794835
592200,-4785196.5303169861,378247444.89389426,-456543.88142185798,-1030.5158421505832,-25.721241363258848,1.8066327067334402
594000,-6640052.78213719,378196639.0778625,-453262.25019375316,-1030.4314215654479,-30.729670269502471,1.8396351949686343
595800,-8494734.7881484833,378136818.09980869,-449921.1557039771,-1030.3222346611819,-35.738067698196716,1.8727027096930613
597600,-10349197.963576769,378067982.12634283,-446520.48246038938,-1030.1882755435511,-40.746311467636069,1.9058335217015994
599400,-12203397.713607809,377990131.54407954,-443060.11808785505,-1030.0295389512828,-45.75427931050649,1.9390258968769241
601200,-14057289.434527587,377903266.95978892,-439539.95333699521,-1029.8460202571848,-50.761848877542576,1.9722780962906934
603000,-15910828.514864637,377807389.2005409,-435959.8820927561,-1029.6377154692343,-55.768897741199481,2.0055883763049311
604800,-17763970.336534299,377702499.31384254,-432319.80138279463,-1029.4046212316405,-60.775303399339037,2.0389549886737064
606600,-19616670.275984876,377588598.56776905,-428619.61138568114,-1029.1467348258782,-65.780943278929897,2.0723761806450547
608400,-21468883.705345627,377465688.45108837,-424859.21543891833,-1028.8640541716954,-70.785694739761439,2.1058501950631303
610200,-23320565.993576527,377333770.67337811,-421038.52004677622,-1028.5565778280932,-75.789435078171294,2.1393752704705244
612000,-25171672.507619809,377192847.16513729,-417157.43488794257,-1028.224304994274,-80.792041530785639,2.1729496412109466
613800,-27022158.61355314,377042920.0778895,-413215.87282298849,-1027.8672355105664,-85.793391278272921,2.206571537531997
615600,-28871979.677744471,376883991.78428066,-409213.74990164849,-1027.4853698593186,-90.793361449109753,2.2402391856881905
617400,-30721091.068008427,376716064.87816983,-405150.98536991543,-1027.0787091657637,-95.791829123359335,2.2739508080442241
619200,-32569448.15476431,376539142.17471248,-401027.5016769488,-1026.6472551988566,-100.78867133646168,2.3077046231784286
621000,-34417006.312195472,376353226.71043772,-396843.22448179725,-1026.1910103720802,-105.78376508303579,2.3414988459863832
622800,-36263720.919410214,376158321.7433182,-392598.08265993407,-1025.7099777442247,-110.776987320693,2.3753316877847617
624600,-38109547.361603998,375954430.75283325,-388292.00830960536,-1025.2041610201372,-115.76821497386153,2.4092013564153865
626400,-39954441.031222999,375741557.44002545,-383924.93675799132,-1024.6735645514402,-120.75732493762186,2.4431060563493343
628200,-41798357.329128914,375519705.72754943,-379496.80656717962,-1024.1181933372216,-125.74419408155237,2.4770439887914031
630000,-43641251.665765047,375288879.75971466,-375007.55953995045,-1023.5380530246948,-130.72869925358538,2.5110133517846003
631800,-45483079.462323435,375049083.90252119,-370457.14072537376,-1022.9331499098289,-135.71071728387295,2.5450123403148508
633600,-47323796.151913226,374800322.74368775,-365845.49842421757,-1022.3034909379486,-140.69012498866212,2.5790391464158429
635400,-49163357.180729978,374542601.09267342,-361172.58419416752,-1021.6490837043037,-145.66679917417943,2.6130919592740591
637200,-51001718.009226076,374275923.98069221,-356438.35285485722,-1020.969936454609,-150.64061664052429,2.6471689653338735
639000,-52838834.113281943,374000296.66072035,-351642.76249270944,-1020.2660580855521,-155.61145418557098,2.681268348402869
640800,-54674660.985378295,373715724.60749727,-346785.77446558722,-1019.5374581452733,-160.57918860887889,2.7153882897572394
642600,-56509154.135769166,373422213.51751846,-341867.35340725555,-1018.7841468338114,-165.54369671561042,2.7495269682473356
644400,-58342269.093655653,373119769.30902243,-336887.46723165293,-1018.0061350035214,-170.50485532045693,2.7836825604032644
646200,-60173961.408360504,372808398.12196946,-331846.08713697264,-1017.20343415946,-175.46254125157139,2.8178532405406918
648000,-62004186.650503241,372488106.31801409,-326743.18760955322,-1016.3760564597395,-180.41663135450838,2.8520371808667102
649800,-63832900.413175993,372158900.48047054,-321578.74642757868,-1015.5240147158522,-185.36700249617039,2.8862325515857949
651600,-65660058.313119836,371820787.41426998,-316352.74466458795,-1014.647322392962,-190.31353156876068,2.9204375210057978
653400,-67485615.991901636,371473774.14591223,-311065.16669279308,-1013.7459936101651,-195.25609549374158,2.9546502556441432
655200,-69309529.117091343,371117867.92340899,-305716.00018620648,-1012.8200431407193,-200.19457122579882,2.9888689203340224
657000,-71131753.383439705,370753076.21622074,-300305.23612357699,-1011.8694864122422,-205.1288357568107,3.0230916783306503
658800,-72952244.514056206,370379406.71518618,-294832.86879113456,-1010.8943395068763,-210.05876611982262,3.0573166914176211
660600,-74770958.261587322,369996867.33244419,-289298.89578514319,-1009.894619161425,-214.98423939302569,3.0915421200132767
662400,-76587850.409395114,369605466.20134979,-283703.31801426283,-1008.8703427674533,-219.90513270373961,3.125766123277165
664200,-78402876.772735789,369205211.67638117,-278046.13970171922,-1007.82152837136,-224.82132323239981,3.1599868592165166
666000,-80215993.199938416,368796112.33304113,-272327.36838728248,-1006.7481946744159,-229.73268821654753,3.1942024847927639
667800,-82027155.573583782,368378176.96775049,-266547.01492905326,-1005.650361032771,-234.63910495482358,3.2284111560280482
669600,-83836319.811683103,367951414.59773451,-260705.09350505791,-1004.5280474574294,-239.54045081096444,3.2626110281118041
671400,-85643441.868856713,367515834.46090215,-254801.62161465132,-1003.381274614192,-244.43660321780138,3.2968002555072999
673200,-87448477.737512663,367071446.01571798,-248836.62007972811,-1002.2100638235671,-249.3274396812611,3.3309769920582188
675000,-89251383.44902508,366618258.9410674,-242810.11304574195,-1001.0144370606494,-254.21283778436853,3.3651393910952172
676800,-91052115.07491228,366156283.1361137,-236722.12798253319,-999.79441695496575,-259.09267519125103,3.3992856055424392
678600,-92850628.728014484,365685528.72014892,-230572.69568496459,-998.55002679029008,-263.96682965114343,3.4334137880240982
680400,-94646880.563671514,365206006.03243667,-224361.85027336556,-997.28129050442499,-268.83517900239411,3.4675220909709084
682200,-96440826.780899569,364717725.63204855,-218089.62919378438,-995.98823268895126,-273.69760117647115,3.5016086667265762
684000,-98232423.623567924,364220698.2976926,-211756.07321804922,-994.6708785889457,-278.55397420196874,3.5356716676541948
685800,-100021627.38157493,363714935.02753502,-205361.2264436374,-993.32925410266614,-283.40417620861274,3.5697092462426272
687600,-101808394.39202338,363200447.03901422,-198905.13629335348,-991.96338578120435,-288.24808543126665,3.6037195552127619
689400,-103592681.04039527,362677245.76864874,-192387.85351481588,-990.57330082810631,-293.08558021393509,3.6377007476237404
691200,-105374443.76172592,362145342.87183619,-185809.43217975245,-989.15902709896113,-297.91653901376731,3.6716509769791275
693000,-107153639.04177719,361604750.22264677,-179169.92968310518,-987.72059310095665,-302.74084040505767,3.7055683973329159
694800,-108930223.41821,361055479.91360843,-172469.40674194391,-986.25802799240341,-307.55836308324496,3.7394511633955378
696600,-110704153.48175585,360497544.25548524,-165707.92739418967,-984.77136158222652,-312.36898586890896,3.7732974306396705
698400,-112475385.87738743,359930955.77704877,-158885.55899714725,-983.26062432942422,-317.17258771176415,3.8071053554059788
700200,-114243877.30548833,359355727.22484165,-152002.37222584782,-981.72584734249551,-321.96904769464993,3.840873095008742
702000,-116009584.52302143,358771871.56293482,-145058.44107120155,-980.16706237883568,-326.75824503751829,3.8745988078413145
703800,-117772464.34469652,358179401.97267687,-138053.84283796034,-978.58430184409815,-331.5400591014166,3.9082806534814756
705600,-119532473.64413653,357578331.85243642,-130988.65814249117,-976.97759879152579,-336.31436939246703,3.9419167927966048
707400,-121289569.35504247,356968674.81733763,-123862.97091036035,-975.34698692125016,-341.08105556584064,3.9755053880487137
709200,-123043708.47235726,356350444.6989882,-116676.86837372879,-973.69250057955742,-345.83999742972713,4.009044602999297
711000,-124794848.05342811,355723655.54520041,-109430.44106855859,-972.01417475812423,-350.59107494929918,4.0425326030140143
712800,-126542945.21916753,355088321.6197049,-102123.78283163154,-970.31204509321992,-355.3341682506711,4.075967555167173
714600,-128287957.15521279,354444457.40185761,-94756.99079737968,-968.58614786487783,-360.06915762485181,4.1093476283460104
716400,-130029841.11308397,353792077.58633924,-87330.165394528318,-966.83651999603546,-364.79592353169136,4.1426709933547992
718200,-131768554.41134037,353131197.08284777,-79843.410342551826,-965.06319905164196,-369.51434660382046,4.1759358230186878
720000,-133504054.43673536,352461831.0157842,-72296.832647942734,-963.26622323773404,-374.2243076505838,4.2091402922873531
721800,-135236298.64536941,351783994.7239306,-64690.542600294539,-961.44563140048149,-378.92568766196547,4.2422825783384059
723600,-136965244.56384149,351097703.76012141,-57024.653768198528,-959.60146302519991,-383.61836781250696,4.2753608606805136
725400,-138690849.7903986,350402973.89090812,-49299.282994955181,-957.73375823533365,-388.30222946521701,4.3083733212563562
727200,-140413071.99608353,349699821.09621614,-41514.550394100639,-955.84255779140562,-392.97715417547357,4.3413181445451823
729000,-142131868.92588046,348988261.56899494,-33670.579344748621,-953.92790308993824,-397.64302369491634,4.3741935176652245
730800,-143847198.39985898,348268311.71486187,-25767.496486748409,-951.98983616234125,-402.29971997533107,4.4069976304757406
732600,-145559018.31431571,347539988.15173781,-17805.431715659335,-950.02839967376997,-406.94712517252401,4.4397286756787748
734400,-147267286.64291403,346803307.70947683,-9784.5181775424171,-948.04363692195295,-411.58512165018698,4.4723848489206546
736200,-148971961.43782169,346058287.429488,-1704.8922635695703,-946.0355918359877,-416.21359198375217,4.5049643488930871
738000,-150673000.83084607,345304944.56435162,6433.3063955488606,-944.00430897510694,-420.83241896423721,4.5374653774340068
739800,-152370363.03456745,344543296.57742691,14629.934935317806,-941.94983352741394,-425.44148560207867,4.5698861396280499
741600,-154064006.34346959,343773361.14245409,22884.847263391664,-939.87221130858836,-430.04067513095561,4.6022248439066606
743400,-155753889.13506836,342995156.14314908,31197.89406568843,-937.77148876056071,-434.62987101160081,4.634479702147881
745200,-157439969.87103772,342208699.67279106,39568.922812683129,-935.64771295015782,-439.20895693560129,4.6666489297757714
747000,-159122207.09833324,341414010.03380394,47997.777765879735,-933.50093156771811,-443.77781682918652,4.6987307458593648
748800,-160800559.45031327,340611105.73733038,56484.299984461024,-931.33119292567721,-448.33633485700403,4.7307233732113358
750600,-162474985.64785731,339800005.50279909,65028.327332115499,-929.13854595712382,-452.8843954258831,4.7626250384862203
752400,-164145444.50048196,338980728.25748593,73629.694484040927,-926.9230402143271,-457.4218831885853,4.7944339722782168
754200,-165811894.90745395,338153293.13606763,82288.2329341234,-924.6847258672326,-461.94868304754158,4.8261484092185771
756000,-167474295.85890076,337317719.48016882,91003.771002291396,-922.42365370193227,-466.4646801585763,4.8577665880725718
757800,-169132606.43691814,336474026.83790296,99776.133842043782,-920.13987511910284,-470.96975993461729,4.88928675183596
759600,-170786785.81667501,335622234.96340626,108605.14344815142,-917.83344213241753,-475.46380804939179,4.9207071478310729
761400,-172436793.26751536,334762363.81636441,117490.61866453101,-915.50440736692724,-479.94671044110788,4.9520260278024057
763200,-174082588.15405735,333894433.56153369,126432.37519229058,-913.15282405741516,-484.41835331612185,4.9832416480116768
765000,-175724129.93728921,333018464.56825495,135430.22559794586,-910.77874604672229,-488.87862315258917,5.0143522693324876
766800,-177361378.17566225,332134477.40996093,144483.97932180623,-908.38222778404463,-493.32740670410215,5.045356157344429
768600,-178994292.52618083,331242492.8636772,153593.44268653015,-905.96332432320401,-497.7645910033101,5.0762515824266803
770400,-180622832.74548894,330342531.90951687,162758.41890584791,-903.5220913208899,-502.19006336552519,5.1070368198510909
772200,-182246958.69095388,329434615.73016834,171978.70809345209,-901.058585034874,-506.60371139231114,5.1377101498747457
774000,-183866630.32174659,328518765.71037686,181254.10727205378,-898.5728623221986,-511.00542297505592,5.1682698578319615
775800,-185481807.69991863,327595003.43641967,190584.41038260391,-896.06498063733682,-515.39508629852776,5.1987142342257435
777600,-187092450.99147591,326663350.6955747,199969.40829367895,-893.53499803032685,-519.77258984441426,5.2290415748186838
779400,-188698520.46744895,325723829.47558314,209408.88881102935,-890.98297314487934,-524.13782239484374,5.259250180723277
781200,-190299976.50495991,324776461.96410507,218902.63668729042,-888.40896521645789,-528.49067303588993,5.289338358491622
783000,-191896779.5882858,323821270.54816961,228450.43363185364,-885.81303407033488,-532.83103116105804,5.3193044202045625
784800,-193488890.30991861,322858277.81361842,238052.05832089839,-883.19524011961971,-537.15878647475392,5.3491466835602219
786600,-195076269.37162137,321887506.54454255,247707.2864075822,-880.55564436326222,-541.47382899573313,5.3788634719618704
788400,-196658877.58548102,320908979.72271401,257415.89053238858,-877.89430838403121,-545.77604906053341,5.4084531146052273
790200,-198236675.87495732,319922720.52701026,267177.6403336316,-875.21129434646616,-550.06533732688706,5.4379139465650645
792000,-199809625.27592832,318928752.33283347,276992.30245811556,-872.50666499480542,-554.34158477711503,5.4672443088812006
793800,-201377686.9377318,317927098.71152282,286859.64057194907,-869.78048365088944,-558.60468272150104,5.4964425486438024
795600,-202940822.12420309,316917783.42976135,296779.41537151183,-867.03281421203826,-562.85452280164691,5.5255070190780149
797400,-204498992.2147091,315900830.4489764,306751.38459457329,-864.26372114890648,-567.09099699380738,5.5544360796279468
799200,-206052158.70517823,314876263.92473459,316775.30303156195,-861.47326950331376,-571.31399761220518,5.5832280960399165
801000,-207600283.20912662,313844108.20613027,326850.92253698356,-858.66152488605007,-575.52341731232605,5.6118814404450044
802800,-209143327.45868024,312804387.83516812,336977.99204098748,-855.82855347465977,-579.71914909419365,5.640394491440909
804600,-210681253.30559289,311757127.54614049,347156.25756107998,-852.9744220112002,-583.90108630562281,5.6687656341730541
806400,-212214022.72226068,310702352.26499796,357385.46221398225,-850.09919779997949,-588.06912264545235,5.6969932604149633
808200,-213741597.80273157,309640087.10871518,367665.34622763284,-847.20294870527005,-592.22315216675747,5.7250757686479306
810000,-215263940.76371157,308570357.38464975,377995.64695333294,-844.28574314899959,-596.36306928003921,5.7530115641398698
811800,-216781013.9455663,307493188.58989644,388376.09887803253,-841.34765010842125,-600.48876875639382,5.7807990590234217
813600,-218292779.81331843,306408606.41063523,398806.43363675673,-838.38873911376049,-604.60014573065973,5.8084366723733272
815400,-219799200.95764095,305316636.72147363,409286.38002517045,-835.40908024584076,-608.6970957045429,5.8359228302829411
817200,-221300240.09584603,304217305.58478355,419815.66401228047,-832.40874413368863,-612.77951454971924,5.8632559659400485
819000,-222795860.07286969,303110639.2500326,430394.00875327253,-829.38780195211575,-616.84729851091595,5.890434519701742
820800,-224286023.86225203,301996664.15310973,441021.13460248348,-826.34632541928227,-620.90034420896893,5.9174569391686251
822600,-225770694.56711298,300875406.9156459,451696.75912650535,-823.28438679423834,-624.93854864385878,5.9443216792580937
824400,-227249835.42112374,299746894.34432822,462420.59711742093,-820.20205887444581,-628.96180919772269,5.9710272022768098
826200,-228723409.78947353,298611153.43021005,473192.36060616927,-817.09941499327988,-632.97002363784395,5.997571977992413
828000,-230191381.1698322,297468211.34801483,484011.75887603924,-813.97652901751053,-636.96309011961841,6.0239544837042107
829800,-231653713.19330779,296318095.45543444,494878.49847628933,-810.83347534476593,-640.9409071894969,6.0501732043131673
831600,-233110369.62540013,295160833.29242343,505792.28323589329,-807.67032890097516,-644.90337378790412,6.0762266323909717
833400,-234561314.36694917,293996452.58048648,516752.81427740841,-804.48716513779289,-648.85038925213416,6.1021132682481873
835200,-236006511.45507896,292824981.22196209,527759.79003096698,-801.28406003000532,-652.78185331922225,6.1278316200015777
837000,-237445925.06413716,291646447.2992999,538812.9062483866,-798.06109007291843,-656.6976661287913,6.1533802036404923
838800,-238879519.50662947,290460879.07433397,549911.85601740051,-794.81833227972709,-660.59772822587581,6.1787575430923889
840600,-240307259.23414937,289268304.98755038,561056.32977600372,-791.55586417886821,-664.48194056372029,6.2039621702874079
842400,-241729108.83830321,288068753.65734982,572246.01532691636,-788.27376381135457,-668.35020450655361,6.2289926252220713
844200,-243145033.05163065,286862253.87930536,583480.59785215859,-784.97210972809319,-672.20242183233813,6.2538474560219992
846000,-244554996.74851966,285648834.62541533,594759.75992773962,-781.65098098718647,-676.03849473549508,6.2785252190037655
847800,-245958964.94611743,284428525.04335141,606083.181538456,-778.31045715121604,-679.8583258296045,6.3030244787357308
849600,-247356902.80523562,283201354.45570147,617450.540092799,-774.95061828451253,-683.66181815007985,6.3273438080980036
851400,-248748775.63125131,281967352.35920793,628861.510437969,-771.57154495040697,-687.44887515681751,6.3514817883414389
853200,-250134548.87500253,280726548.42400157,640315.76487499499,-768.1733182084688,-691.21940073682197,6.3754370091455996
855000,-251514188.13367912,279478972.4928301,651812.97317395778,-764.75601961172686,-694.97329920680409,6.3992080686758026
856800,-252887659.1517083,278224654.58028245,663352.80258931569,-761.31973120387738,-698.7104753157555,6.4227935736392592
858600,-254254927.82163563,276963624.87200844,674934.91787532833,-757.86453551647526,-702.43083424749557,6.4461921393401047
860400,-255615960.18500021,275695913.72393388,686558.98130158137,-754.39051556611344,-706.13428162319474,6.4694023897335446
862200,-256970722.43320554,274421551.66147089,698224.65266860521,-750.89775485158577,-709.82072350387045,6.4924229574789383
864000,-258319180.90838477,273140569.37872398,709931.58932359004,-747.38633735103849,-713.49006639285801,6.5152524839919597
865800,-259661302.10426095,271852997.7376917,721679.44617619354,-743.85634751910675,-717.14221723825506,6.5378896194956893
867600,-260997052.66700226,270558867.76746422,733467.8757144392,-740.3078702840387,-720.77708343534039,6.5603330230707071
869400,-262326399.39607167,269258210.66341567,745296.52802070417,-736.74099104480683,-724.39457282896603,6.5825813627042553
871200,-263649309.24507189,267951057.78639311,757165.05078779487,-733.15579566820702,-727.99459371592388,6.6046333153382539
873000,-264965749.32258463,266637440.66190088,769073.08933510771,-729.5523704859454,-731.57705484728581,6.6264875669163956
874800,-266275686.89300495,265317390.97928086,781020.28662487352,-725.93080229171312,-735.14186543071708,6.6481428124301774
876600,-267579089.37737015,263990940.59088835,793006.28327848541,-722.29117833825023,-738.6889351327635,6.6695977559639195
878400,-268875924.35418338,262658121.51126432,805030.71759290458,-718.63358633439782,-742.21817408111292,6.6908511107387154
880200,-270166159.56023198,261318965.91630319,817093.22555714555,-714.95811444213973,-745.72949286682865,6.711901599155385
882000,-271449762.8914004,259973506.14241669,829193.44086883741,-711.26485127363355,-749.22280254655789,6.7327479528363963
883800,-272726702.40347797,258621774.68569389,841330.99495086027,-707.55388588823121,-752.69801464471198,6.7533889126667006
885600,-273996946.31296122,257263804.20105746,853505.51696805283,-703.82530778949069,-756.15504115562237,6.7738232288335647
887400,-275260462.9978503,255899627.50141567,865716.6338439926,-700.07920692217658,-759.59379454566715,6.7940496608653085
889200,-276517220.99844098,254529277.5568108,877963.97027784295,-696.31567366925276,-763.01418775537263,6.8140669776690652
891000,-277767189.01811045,253152787.49356404,890247.14876126905,-692.53479884886508,-766.41613420148826,6.8338739575674197
892800,-279010335.9240979,251770190.59341624,902565.78959541698,-688.73667371131626,-769.79954777903333,6.8534693883340418
894600,-280246630.74827993,250381520.29266515,914919.5109079578,-684.92138993603237,-773.16434286331832,6.8728520672282469
896400,-281476042.68793976,248986810.18129939,927307.92867019121,-681.08903962852048,-776.51043431193909,6.892020801028516
898200,-282698541.10653192,247586094.00212824,939730.65671421029,-677.23971531731979,-779.83773746674387,6.9109744060649252
900000,-283914095.53444064,246179405.64990836,952187.30675012222,-673.37350995094391,-783.14616815577381,6.9297117082505606
901800,-285122675.66973317,244766779.17046705,964677.48838332493,-669.4905168948186,-786.43564269517685,6.9482315431118762
903600,-286324251.3789075,243348248.75982168,977200.80913183838,-665.59082992820913,-789.70607789109465,6.9665327558179388
905400,-287518792.69763428,241923848.76329625,989756.87444368645,-661.67454324114522,-792.95739104152187,6.9846142012087107
907200,-288706269.83149379,240493613.67463434,1002345.287714329,-657.74175143133641,-796.18949993814067,7.0024747438220674
909000,-289886653.15670675,239057578.13510883,1014965.6503041354,-653.79254950108157,-799.40232286815012,7.0201132579129215
910800,-291059913.22085977,237615776.9326283,1027617.5615559177,-649.82703285418108,-802.59577861597427,7.0375286275000422
912600,-292226020.74362522,236168245.00084057,1040300.6188125079,-645.84529729283008,-805.76978646508724,7.0547197463681215
914400,-293384946.61747599,234715017.41823277,1053014.4174343636,-641.84743901451691,-808.92426619971559,7.071685518098068
916200,-294536661.90839338,233256129.40722838,1065758.5508172207,-637.83355460891323,-812.05913810653828,7.0884248560889604
918000,-295681137.8565712,231791616.33328155,1078532.6104097862,-633.80374105476153,-815.17432297635924,7.1049366835789307
919800,-296818345.87711257,230321513.7039679,1091336.185731465,-629.75809571675632,-818.26974210575349,7.1212199336649693
921600,-297948257.56072205,228845857.16807291,1104168.8643901246,-625.69671634242479,-821.3453172986882,7.1372735493217556
923400,-299070844.67439222,227364682.51467696,1117030.2320998895,-621.61970105900173,-824.40097086811465,7.1530964834193806
925200,-300186079.1620838,225878025.67223793,1129919.8726989694,-617.52714837030192,-827.43662563753594,7.1686876987401398
927000,-301293933.14540118,224385922.70767078,1142837.3681675149,-613.41915715359016,-830.45220494254727,7.1840461679941638
928800,-302394378.92426121,222888409.82542422,1155782.2986455008,-609.29582665644841,-833.44763263235018,7.199170873834154
930600,-303487388.97755766,221385523.36655521,1168754.2424506352,-605.15725649364197,-836.42283307124046,7.2140608088690117
932400,-304572935.96381903,219877299.80780017,1181752.776096293,-601.00354664398174,-839.37773114006973,7.2287149756764535
934200,-305650992.72186065,218363775.76064408,1194777.4743094693,-596.83479744718659,-842.31225223768115,7.2431323868147146
936000,-306721532.27143204,216844987.97038671,1207827.9100487542,-592.65110960074367,-845.22632228231896,7.2573120648330978
937800,-307784527.81385779,215320973.31520653,1220903.6545223263,-588.45258415676824,-848.11986771301156,7.2712530422816375
939600,-308839952.73267311,213791768.805222,1234004.2772059613,-584.23932251886208,-850.99281549093018,7.284954361719727
941400,-309887780.5942536,212257411.58155054,1247129.3458610561,-580.01142643897253,-853.84509310071917,7.2984150757237582
943200,-310927985.14843965,210717938.91536513,1260278.4265526657,-575.76899801425031,-856.67662855180333,7.3116342468937887
945000,-311960540.32915473,209173388.20694849,1273451.0836675505,-571.51213968390857,-859.48735037966787,7.3246109478592141
946800,-312985420.25501841,207623796.98474512,1286646.8799322336,-567.24095422608127,-862.27718764711369,7.3373442612835094
948600,-314002599.22995377,206069202.9044109,1299865.3764310663,-562.9555447546835,-865.04606994548635,7.3498332798679762
950400,-315012051.74378848,204509643.74786076,1313106.1326242986,-558.65601471627133,-867.79392739588059,7.3620771063545085
952200,-316013752.47285122,202945157.42231396,1326368.7063661537,-554.34246788690518,-870.52069065031947,7.3740748535275253
954000,-317007676.2805618,201375781.95933741,1339652.6539229054,-550.01500836901175,-873.22629089290763,7.3858256442148313
955800,-317993798.21801561,199801555.51388693,1352957.5299909576,-545.67374058825078,-875.9106598409611,7.3973286112876435
957600,-318972093.5245629,198222516.3633464,1366282.8877149194,-541.31876929038197,-878.57372974611053,7.4085828976596257
959400,-319942537.62838203,196638702.90656519,1379628.2787056833,-536.95019953813471,-881.21543339538107,7.4195876562850662
961200,-320905106.14704722,195050153.66289321,1392993.2530584924,-532.56813670808162,-883.8357041122465,7.4303420501561304
963000,-321859774.88809067,193456907.27121472,1406377.3593710081,-528.17268648751246,-886.43447575765981,7.440845252299213
964800,-322806519.84955889,191859002.48897967,1419780.1447613661,-523.76395487131413,-889.01168273105918,7.4510964457704123
966600,-323745317.22056371,190256478.19123361,1433201.1548862262,-519.34204815885187,-891.56725997134902,7.4610948236501269
968400,-324676143.38182747,188649373.36964592,1446639.9339588105,-514.90707295085565,-894.1011429578582,7.4708395890367889
970200,-325598974.90622294,187037727.13153601,1460096.0247669285,-510.45913614630922,-896.61326771127335,7.4803299550397515
972000,-326513788.55930692,185421578.69889829,1473568.9686909912,-505.99834493934475,-899.10357079454832,7.4895651447713218
973800,-327420561.29984909,183800967.40742499,1487058.3057220066,-501.52480681614031,-901.57198931379151,7.4985443913379273
975600,-328319270.28035474,182175932.70552793,1500563.5744795636,-497.03862955182359,-904.01846091912739,7.5072669378305372
977400,-329209892.84758198,180546514.15335843,1514084.3122297919,-492.53992120737968,-906.44292380553679,7.5157320373141925
979200,-330092406.54305387,178912751.42182589,1527620.0549033072,-488.0287901265641,-908.84531671367267,7.5239389528167804
981000,-330966789.10356432,177274684.29161486,1541170.3371131325,-483.5053449328214,-911.22557893065368,7.5318869573170284
982800,-331833018.4616788,175632352.65220061,1554734.6921725988,-478.96969452620976,-913.58365029083427,7.5395753337316469
984600,-332691072.74622965,173985796.50086352,1568312.6521132216,-474.42194808033054,-915.91947117655286,7.5470033749018119
986400,-333540930.28280556,172335055.94170207,1581903.7477025513,-469.86221503926487,-918.23298251885706,7.5541703835788061
988200,-334382569.5942356,170680171.1846444,1595507.5084619995,-465.29060511451632,-920.524125798206,7.5610756724090074
990000,-335215969.40106797,169021182.54445896,1609123.4626846337,-460.70722828195989,-922.79284304515204,7.5677185639180262
991800,-336041108.62204313,167358130.43976355,1622751.1374529477,-456.11219477879803,-925.03907684099897,7.5740983904942114
993600,-336857966.37456149,165691055.39203346,1636390.0586565973,-451.50561510052376,-927.26277031843949,7.5802144943714778
995400,-337666521.9751454,164019998.02460843,1650039.7510101066,-446.88759999789079,-929.46386716217069,7.5860662276113473
997200,-338466754.93989611,162344999.06169853,1663699.7380705425,-442.25826047389114,-931.64231160948771,7.5916529520844138
999000,-339258644.98494494,160666099.32738888,1677369.5422551513,-437.61770778074072,-933.79804845085721,7.5969740394510676
1000800,-340042172.02689934,158983339.74464357,1691048.6848589657,-432.96605341687234,-935.93102303046908,7.6020288711415862
1002600,-340817316.18328339,157296761.33430827,1704736.6860723686,-428.30340912393723,-938.04118124676722,7.6068168383356394
1004400,-341584057.77297252,155606405.21411234,1718433.0649986265,-423.62988688381427,-940.12846955296027,7.611337341941101
1006200,-342342377.31662363,153912312.59766969,1732137.3396713783,-418.94559891562847,-942.19283495751176,7.6155897925722904
1008000,-343092255.53709936,152214524.79347891,1745849.0270720876,-414.25065767277704,-944.23422502460937,7.6195736105276204
1009800,-343833673.35988712,150513083.20392248,1759567.6431474551,-409.54517583996562,-946.25258787461576,7.6232882257666352
1011600,-344566611.91351265,148808029.32426548,1773292.7028267842,-404.82926633025266,-948.2478721844974,7.626733077886521
1013400,-345291052.52994859,147099404.74165314,1787023.7200393097,-400.10304228210288,-950.22002718823603,7.6299076160979906
1015200,-346006976.74501735,145387251.13410783,1800760.2077314802,-395.36661705645128,-952.16900267721883,7.6328112992007595
1017000,-346714366.29878926,143671610.26952562,1814501.6778841943,-390.62010423377518,-954.09474900061161,7.6354435955583329
1018800,-347413203.13597471,141952524.00467175,1828247.6415299939,-385.86361761117746,-955.99721706571086,7.6378039830724447
1020600,-348103469.40631175,140230034.28417578,1841997.6087702075,-381.09727119947894,-957.87635833827801,7.6398919491568913
1022400,-348785147.46494818,138504183.13952595,1855751.0887920512,-376.32117922032069,-959.7321248428558,7.6417069907109099
1024200,-349458219.87281811,136775012.68806332,1869507.5898856746,-371.53545610327745,-961.56446916306527,7.6432486140921112
1026000,-350122669.39701402,135042565.13197497,1883266.6194611641,-366.74021648298077,-963.37334444188605,7.644516335088972
1027800,-350778479.01115298,133306882.757287,1897027.6840654917,-361.93557519625313,-965.15870438191723,7.6455096788928643
1029600,-351425631.89573842,131568007.93285704,1910790.2893994153,-357.12164727925216,-966.92050324562183,7.6462281800696648
1031400,-352064111.43851584,129825983.10936621,1924553.9403343266,-352.29854796462689,-968.65869585555379,7.6466713825309647
1033200,-352693901.23482442,128080850.81831078,1938318.1409290482,-347.46639267868392,-970.37323759456763,7.6468388395049249
1035000,-353314985.08794284,126332653.67099351,1952082.3944465755,-342.62529703856529,-972.06408440601092,7.646730113506691
1036800,-353927347.00943017,124581434.35751452,1965846.2033707676,-337.77537684943786,-973.73119279390073,7.6463447763084957
1038600,-354530971.21946198,122827235.64576194,1979609.0694229817,-332.91674810169354,-975.37451982308357,7.6456824089094244
1040400,-355125842.14716125,121070100.38040237,1993370.4935786547,-328.04952696816173,-976.99402311937888,7.6447426015047899
1042200,-355711944.43092394,119310071.48187099,2007129.9760838291,-323.17382980133317,-978.58966086970645,7.6435249534552927
1044000,-356289262.91874021,117547191.94536138,2020887.0164716218,-318.28977313059568,-980.16139182219899,7.6420290732557756
1045800,-356857782.66851032,115781504.83981535,2034641.1135786369,-313.39747365948176,-981.70917528629866,7.6402545785037859
1047600,-357417488.94835556,114013053.30691247,2048391.7655613241,-308.49704826292862,-983.2329711328382,7.6382010958677764
1049400,-357968367.23692441,112241880.5600595,2062138.4699122752,-303.58861398454974,-984.73273979410828,7.6358682610551636
1051200,-358510403.22369337,110468029.88337979,2075880.7234764658,-298.67228803391936,-986.20844226390864,7.6332557187800605
1053000,-359043582.80926371,108691544.63070233,2089618.02246744,-293.74818778386941,-987.66004009758569,7.6303631227308317
1054800,-359567892.10565251,106912468.22455122,2103349.8624834321,-288.81643076779835,-989.08749541205611,7.6271901355374077
1056600,-360083317.43657982,105130844.1551346,2117075.7385234335,-283.87713467699297,-990.49077088581612,7.6237364287384493
1058400,-360589845.33774966,103346715.97933391,2130795.1450031986,-278.93041735796305,-991.86982975893727,7.620001682748307
1060200,-361087462.55712795,101560127.31969306,2144507.5757711902,-273.97639680978875,-993.22463583304852,7.6159855868238227
1062000,-361576156.05521387,99771121.863407657,2158212.5241244673,-269.01519118148036,-994.5551534713054,7.6116878390309912
1063800,-362055913.00530797,97979743.361314327,2171909.4828245104,-264.04691876935181,-995.86134759834704,7.607108146211468
1065600,-362526720.7937749,96186035.62687996,2185597.9441129877,-259.07169801440637,-997.14318370023875,7.6022462239489981
1067400,-362988567.02030116,94390042.535191357,2199277.3997274619,-254.08964749973637,-998.40062782440395,7.5971017965356999
1069200,-363441439.49814892,92591808.021944761,2212947.3409170327,-249.1008859479355,-999.63364657954355,7.5916745969383168
1071000,-363885326.25440443,90791376.082435697,2226607.2584579219,-244.10553221852422,-1000.8422071355427,7.5859643667643351
1072800,-364320215.53022259,88988790.77054894,2240256.6426689955,-239.10370530538904,-1002.0262772233668,7.579970856228055
1074600,-364746095.78106636,87184096.197748557,2253894.9834272265,-234.09552433423477,-1003.1858251349458,7.573693824116682
1076400,-365162955.67694145,85377336.532068416,2267521.7701830957,-229.08110856005018,-1004.320819723048,7.5671330377562818
1078200,-365570784.10262728,83568555.997102782,2281136.4919759291,-224.06057736458726,-1005.4312304011418,7.5602882729778127
1080000,-365969570.15790236,81757798.870997101,2294738.6374491784,-219.03405025385419,-1006.5170271432485,7.5531593140831399
1081800,-366359303.15776622,79945109.485439226,2308327.6948656351,-214.00164685562132,-1007.5781804837834,7.5457459538109903
1083600,-366739972.63265598,78130532.22465083,2321903.1521225898,-208.96348691694115,-1008.6146615173876,7.5380479933030218
1085400,-367111568.328659,76314111.524379164,2335464.4967669244,-203.91969030168207,-1009.6264418987505,7.5300652420699148
1087200,-367474080.20772076,74495891.870889142,2349011.2160101477,-198.87037698807509,-1010.6134938424218,7.5217975179574479
1089000,-367827498.44784892,72675917.799955741,2362542.7967433669,-193.81566706627513,-1011.5757901226148,7.5132446471127414
1090800,-368171813.44331205,70854233.895856813,2376058.7255521985,-188.75568073593533,-1012.5133040730007,7.5044064639505308
1092600,-368507015.80483508,69030884.790366262,2389558.4887316236,-183.69053830379539,-1013.4260095864939,7.4952828111195204
1094400,-368833096.35978955,67205915.161747575,2403041.572300774,-178.62036018128359,-1014.3138811150302,7.4858735394688685
1096200,-369150046.15237981,65379369.733747847,2416507.4620176665,-173.54526688213258,-1015.176893669335,7.4761785080147973
1098000,-369457856.44382554,63551293.274592102,2429955.6433938737,-168.46537902000887,-1016.0150228186843,7.4661975839073387
1099800,-369756518.71253896,61721730.595978171,2443385.6017091302,-163.38081730615596,-1016.8282446906585,7.4559306423971776
1101600,-370046024.65429872,59890726.552071929,2456796.8220258919,-158.29170254705167,-1017.6165359708889,7.4453775668027422
1103400,-370326366.18241906,58058326.038503103,2470188.7892038217,-153.19815564207849,-1018.379873902796,7.4345382484773515
1105200,-370597535.42791492,56224573.991361439,2483560.987914226,-148.10029758120842,-1019.1182362873219,7.4234125867766547
1107000,-370859524.73966306,54389515.38619341,2496912.9026544294,-142.99824944270097,-1019.831601482656,7.4120004890262097
1108800,-371112326.68455887,52553195.236999445,2510244.0177620905,-137.89213239081505,-1020.5199484039543,7.4003018704892778
1110600,-371355934.04766917,50715658.59523163,2523553.8174294629,-132.7820676735347,-1021.1832565230524,7.3883166543348162
1112400,-371590339.83238053,48876950.54879196,2536841.7857175949,-127.66817662030819,-1021.8215058681729,7.3760447716057653
1114200,-371815537.26054442,47037116.221031122,2550107.4065704742,-122.55058063980093,-1022.4346770236277,7.3634861611874811
1116000,-372031519.7726174,45196200.769747764,2563350.1638291185,-117.42940121766182,-1023.0227511295139,7.3506407697765264
1117800,-372238281.02779782,43354249.386188388,2576569.5412456053,-112.30475991430333,-1023.585709881406,7.337508551849627
1119600,-372435814.90415847,41511307.294047751,2589765.0224970486,-107.17677836269488,-1024.1235355300421,7.3240894696329937
1121400,-372624115.49877524,39667419.748469919,2602936.0911995233,-102.04557826616983,-1024.6362108810067,7.3103834930718437
1123200,-372803177.12785143,37822632.035049759,2616082.2309219278,-96.911281396245769,-1025.1237192944084,7.2963905998002767
1125000,-372972994.32683891,35976989.468835093,2629202.9251998016,-91.774009590458292,-1025.5860446845545,7.2821107751114376
1126800,-373133561.85055506,34130537.393329479,2642297.6575490809,-86.633884750207883,-1026.0231715196196,7.2675440119280124
1128600,-373284874.67329562,32283321.17949554,2655365.9114798084,-81.491028838620252,-1026.4350848213153,7.2526903107729987
1130400,-373426927.98894376,30435386.224758882,2668407.1705097868,-76.34556387841954,-1026.821770164551,7.2375496797408632
1132200,-373559717.21107572,28586777.952012625,2681420.9181781816,-71.197611949814899,-1027.1832136770959,7.2221221344690392
1134000,-373683237.97306228,26737541.808622617,2694406.6380590727,-66.047295188400042,-1027.5194020392364,7.2064076981097447
1135800,-373797486.12816656,24887723.265433174,2707363.8137749578,-60.894735783065528,-1027.8303224834324,7.1904064013021927
1137600,-373902457.74963802,23037367.815773483,2720291.9290102017,-55.74005597392425,-1028.1159627939678,7.1741182821451783
1139400,-373998149.13080305,21186520.974464647,2733190.4675244414,-50.583378050249287,-1028.3763113066047,7.1575433861700075
1141200,-374084556.78515112,19335228.276827324,2746058.9131659376,-45.424824348424835,-1028.6113569082311,7.1406817663138602
1143000,-374161677.4464184,17483535.277690031,2758896.7498848853,-40.264517249909474,-1028.8210890365083,7.1235334828935084
1144800,-374229508.06866664,15631487.550398059,2771703.4617466712,-35.102579179212121,-1029.0054976795191,7.1060986035795075
1146600,-374288045.8263588,13779130.685823029,2784478.532945089,-29.939132601880161,-1029.1645733754106,7.0883772033707135
1148400,-374337288.11443144,11926510.291373121,2797221.4478155053,-24.774300022500057,-1029.2983072120417,7.0703693645692596
1150200,-374377232.54836285,10073671.990003888,2809931.6908479864,-19.608203982710112,-1029.4066908266254,7.0520751767559986
1152000,-374407876.96423829,8220661.419229744,2822608.7467003763,-14.440967059225212,-1029.4897164053734,7.033494736766313
1153800,-374429219.41881114,6367524.2301360993,2835252.1002113344,-9.2727118618736135,-1029.5473766831394,7.0146281486663984
1155600,-374441258.18956077,4514306.0863921074,2847861.2364133294,-4.103561031645576,-1029.5796649430624,6.9954755237300237
1157400,-374443991.77474689,2661052.6632640874,2860435.6405455922,1.0663627612463138,-1029.5865750162111,6.9760369804157039
1159200,-374437418.89346063,807809.64662956598,2872974.7980670291,6.2369368192952379,-1029.5681012812295,6.9563126443443366
1161000,-374421538.48567158,-1045377.2680080419,2885478.1946690921,11.40803841961675,-1029.5242386639807,6.9363026482773407
1162800,-374396349.71227199,-2898462.3765041125,2897945.3162886165,16.579544815854064,-1029.4549826371949,6.9160071320952241
1164600,-374361851.95511734,-4751399.9670568462,2910375.6491206121,21.751333240072078,-1029.3603292201153,6.8954262427766819
1166400,-374318044.81706315,-6604144.3211906822,2922768.6796310232,26.923280904640475,-1029.2402749781497,6.8745601343781351
1168200,-374264928.12199938,-8456649.7147390787,2935123.8945694524,32.095265004105798,-1029.0948170225188,6.8534089680137784
1170000,-374202501.91488004,-10308870.418826664,2947440.7809818438,37.267162717052784,-1028.9239530099103,6.831972911836111
1171800,-374130766.46175086,-12160760.700850761,2959718.8262231373,42.438851207955096,-1028.727681142133,6.8102521410169938
1173600,-374049722.24977309,-14012274.825462306,2971957.517969884,47.610207629015598,-1028.5060001657753,6.7882468377291758
1175400,-373959369.98724318,-15863367.055546137,2984156.3442328344,52.781109121996238,-1028.258909371862,6.7659571911283729
1177200,-373859710.60361063,-17713991.653200679,2996314.7933694911,57.951432820037923,-1027.9864085955189,6.7433833973358217
1179000,-373750745.24949205,-19564102.880717017,3008432.3540966315,63.12105584947021,-1027.6884982156362,6.7205256594213694
1180800,-373632475.29668093,-21413655.00155738,3020508.5155027979,68.289855331611463,-1027.3651791545383,6.6973841873870548
1182600,-373504902.33815575,-23262602.281333026,3032542.767060766,73.457708384559027,-1027.0164528776538,6.6739591981512802
1184400,-373368028.18808401,-25110898.98878153,3044534.5986399758,78.624492124970146,-1026.6423213931914,6.6502509155334328
1186200,-373221854.88182324,-26958499.396743517,3056483.5005189427,83.790083669833493,-1026.2427872518174,6.6262595702391138
1188000,-373066384.67591864,-28805357.783138774,3068388.9633976398,88.954360138231536,-1025.8178535463389,6.601985399845832
1189800,-372901620.04809779,-30651428.431941826,3080250.4784098528,94.117198653094079,-1025.3675239113904,6.5774286487892812
1191600,-372727563.69726259,-32496665.634156965,3092067.5371355149,99.278476342942895,-1024.8918025231242,6.5525895683501307
1193400,-372544218.54347694,-34341023.688792676,3103839.6316130152,104.4380703436279,-1024.3906940989041,6.5274684166413941
1195200,-372351587.72795236,-36184456.903835595,3115566.254351486,109.59585780005484,-1023.8642038970069,6.5020654585962969
1197000,-372149674.61303014,-38026919.597223826,3127246.8983430695,114.75171586790485,-1023.3123377163259,6.4763809659567357
1198800,-371938482.7821604,-39868366.097819827,3138881.057075162,119.90552171534596,-1022.7351018960796,6.4504152172622353
1200600,-371718016.03987801,-41708750.746382736,3150468.2245426411,125.05715252473686,-1022.1325033155264,6.4241684978395135
1202400,-371488278.41177559,-43548027.896540165,3162007.8952600737,130.20648549432303,-1021.5045493936831,6.3976410997925299
1204200,-371249274.1444732,-45386151.915759534,3173499.5642739073,135.35339783992544,-1020.8512480890513,6.3708333219931852
1206000,-371001007.70558554,-47223077.186318919,3184942.7271746416,140.49776679662216,-1020.1726078993462,6.3437454700724532
1207800,-370743483.78368562,-49058758.106277362,3196336.8801089898,145.63946962042286,-1019.4686378612331,6.3163778564121875
1209600,-370476707.28826517,-50893149.090444759,3207681.5197920222,150.77838358993654,-1018.7393475500694,6.2887308001373823
1211400,-370200683.34969318,-52726204.571351297,3218976.1435192977,155.91438600803295,-1017.9847470796519,6.2608046271090538
1213200,-369915417.31917036,-54557879.000216402,3230220.2491789823,161.04735420349726,-1017.2048471019709,6.2325996699176747
1215000,-369620914.76868093,-56388126.847917266,3241413.3352639568,166.17716553267894,-1016.39965880697,6.2041162678771311
1216800,-369317181.49094182,-58216902.605956972,3252554.9008839149,171.30369738113455,-1015.5691939223127,6.1753547670192628
1218600,-369004223.49934816,-60044160.787432164,3263644.4457774484,176.426827165265,-1014.7134647131558,6.1463155200889492
1220400,-368682047.02791691,-61869855.928000353,3274681.4703241293,181.54643233394717,-1013.8324839819281,6.1169988865397613
1222200,-368350658.53122622,-63693942.586846828,3285665.4755565813,186.66239037016044,-1012.9262650681175,6.087405232530176
1224000,-368010064.68435329,-65516375.347651117,3296595.9631725443,191.77457879260831,-1011.9948218480636,6.0575349309203466
1225800,-367660272.38280821,-67337108.819553196,3307472.4355469365,196.88287515733487,-1011.0381687347585,6.0273883612693817
1227600,-367301288.74246538,-69156097.638119251,3318294.3957439098,201.98715705933722,-1010.0563206776542,5.9969659098332313
1229400,-366933121.09949183,-70973296.466307193,3329061.3475289023,207.08730213417329,-1009.049293162476,5.9662679695631269
1231200,-366555777.01027292,-72788659.995431706,3339772.7953806901,212.18318805956565,-1008.0171022110459,5.9352949401045505
1233000,-366169264.25133502,-74602142.946129143,3350428.2445034347,217.27469255700171,-1006.9597643811104,5.9040472277967435
1234800,-365773590.81926525,-76413700.069322005,3361027.2008387339,222.36169339332997,-1005.8772967661786,5.8725252456727901
1236600,-365368764.9306283,-78223286.147183135,3371569.1710776687,227.44406838235312,-1004.7697169953652,5.8407294134602656
1238400,-364954795.02188075,-80030855.994099811,3382053.6626728573,232.5216953864184,-1003.637043233244,5.8086601575823602
1240200,-364531689.74928182,-81836364.45763728,3392480.1838505049,237.59445231800439,-1002.4792941797068,5.776317911159615
1242000,-364099457.98880202,-83639766.419502258,3402848.2436224641,242.66221714130583,-1001.2964890698315,5.7437031140121988
1243800,-363658108.8360287,-85441016.796506226,3413157.3517982946,247.72486787381595,-1000.0886476737576,5.7108162126626398
1245600,-363207651.60606849,-87240070.541528389,3423407.0189973316,252.78228258790648,-998.85579029657004,5.6776576603392241
1247400,-362748095.83344716,-89036882.644478455,3433596.7566607599,257.83433941240611,-997.59793777819095,5.6442279169797915
1249200,-362279451.27200669,-90831408.133259267,3443726.0770636937,262.88091653417712,-996.3151114932798,5.6105274492361898
1251000,-361801727.89479917,-92623602.074729234,3453794.4933272675,267.92189219969117,-995.00733335114103,5.576556730479183
1252800,-361314935.8939783,-94413419.575664669,3463801.5194307338,272.95714471660364,-993.67462579564108,5.5423162408036415
1254600,-360819085.68068767,-96200815.783721879,3473746.6702235593,277.98655245535178,-992.31701180515279,5.5078064670221414
1256400,-360314187.88494647,-97985745.888399214,3483629.4614375602,283.00999385065251,-990.93451489242818,5.4730279027100934
1258200,-359800253.35553235,-99768165.121998921,3493449.4096990456,288.02734740315094,-989.52715910460074,5.437981048173584
1260000,-359277293.15986127,-101548028.76058891,3503206.03254095,293.03849168096804,-988.09496902311491,5.4026664104701201
1261800,-358745318.58386481,-103325292.12496467,3512898.8484149929,298.04330532127318,-986.63796976368508,5.3670845034165877
1263600,-358204341.13186407,-105099910.58161071,3522527.3767038547,303.04166703185786,-985.15618697626235,5.3312358475978225
1265400,-357654372.52644151,-106871839.54366224,3532091.1377333663,308.03345559271025,-983.64964684501012,5.2951209703756472
1267200,-357095424.70830947,-108641034.47186677,3541589.6527847173,313.01854985758996,-982.11837608828853,5.2587404058984086
1269000,-356527509.83617586,-110407450.87554564,3551022.444106678,317.99682875560501,-980.562401958647,5.2220946951110179
1270800,-355950640.28660738,-112171044.31355552,3560389.0349278455,322.96817129278998,-978.98175224282568,5.1851843857654831
1272600,-355364828.65388918,-113931770.39524999,3569688.9494689037,327.93245655368588,-977.37645526176561,5.1480100324319311
1274400,-354770087.7498827,-115689584.78144114,3578921.7129549095,332.88956370292271,-975.74653987062743,5.1105721965100992
1276200,-354166430.60387957,-117444443.18536116,3588086.8516275943,337.83937198680377,-974.09203545881905,5.072871446241292
1278000,-353553870.46245337,-119196301.37362401,3597183.8927576905,342.78176073489277,-972.41297195003085,5.0349083567208721
1279800,-352932420.78930849,-120945115.16718721,3606212.3646572786,347.71660936160453,-970.70937980228132,4.9966835099111373
1281600,-352302095.26512563,-122690840.44231361,3615171.7966921651,352.64379736779762,-968.98129000796939,4.9581974946547431
1283400,-351662907.78740513,-124433433.13153338,3624061.7192942724,357.56320434237176,-967.22873409393719,4.9194509066885308
1285200,-351014872.47030669,-126172849.22460608,3632881.6639740663,362.47470996386841,-965.4517441215396,4.8804443486578073
1287000,-350358003.64448702,-127909044.76948278,3641631.1633330034,367.37819400207502,-963.65035268672443,4.8411784301311496
1288800,-349692315.85693353,-129641975.87326849,3650309.7510760059,372.27353631963456,-961.82459292011856,4.8016537676155524
1290600,-349017823.87079626,-131371598.70318463,3658916.9620239637,377.16061687365851,-959.97449848712529,4.7618709845720844
1292400,-348334542.66521645,-133097869.48753175,3667452.3321262677,382.03931571734557,-958.10010358802879,4.7218307114319407
1294200,-347642487.4351514,-134820744.51665232,3675915.3984733713,386.90951300160515,-956.20144295810621,4.6815335856129954
1296000,-346941673.59119821,-136540180.14389399,3684305.6993093798,391.77108897668597,-954.27855186775002,4.6409802515366687
1297800,-346232116.75941229,-138256132.78657269,3692622.7740446734,396.62392399381105,-952.33146612259748,4.6001713606453043
1299600,-345513832.78112507,-139968558.92693642,3700866.163268561,401.46789850681813,-950.36022206366852,4.5591075714199603
1301400,-344786837.71275753,-141677415.11312884,3709035.4087619656,406.30289307380622,-948.36485656751222,4.5177895493985281
1303200,-344051147.82563072,-143382657.96015373,3717130.0535101439,411.12878835878922,-946.34540704636049,4.476217967194331
1305000,-343306779.60577428,-145084244.15083888,3725149.6417154386,415.94546513335558,-944.301911448292,4.4343935045151088
1306800,-342553749.7537306,-146782130.43680117,3733093.7188100643,420.75280427833559,-942.23440825740147,4.3923168481823724
1308600,-341792075.18435717,-148476273.6394113,3740961.8314689328,425.55068678547588,-940.14293649397848,4.3499886921511424
1310400,-341021773.02662522,-150166630.65075922,3748753.5276225107,430.33899375912119,-938.02753571469407,4.3074097375301008
1312200,-340242860.62341553,-151853158.43461987,3756468.3564697127,435.11760641790448,-935.88824601279441,4.2645806926021086
1314000,-339455355.53131121,-153535814.027419,3764105.8684908366,439.88640609644466,-933.72510801830333,4.2215022728450311
1315800,-338659275.52038747,-155214554.53919971,3771665.6154605295,444.64527424705318,-931.53816289823078,4.1781752009530484
1317600,-337854638.57399791,-156889337.15458912,3779147.1504608011,449.39409244144906,-929.32745235679033,4.1346002068581962
1319400,-337041462.88855857,-158560119.13376558,3786550.0278940671,454.13274237248299,-927.09301863562303,4.0907780277523464
1321200,-336219766.87332791,-160226857.81342638,3793873.8034962411,458.86110585587051,-924.83490451402963,4.0467094081094848
1323000,-335389569.15018433,-161889510.60775545,3801118.0343498602,463.57906483193483,-922.5531533092086,4.0023950997083588
1324800,-334550888.55339992,-163548035.00939205,3808282.2788972538,468.28650136735911,-920.24780887650195,3.9578358616554214
1326600,-333703744.12941188,-165202388.59039959,3815366.0969537562,472.98329765694933,-917.91891560964825,3.913032460408147
1328400,-332848155.13659012,-166852529.00323495,3822369.0497209579,477.66933602540695,-915.56651844104215,3.867985669798629
1330200,-331984141.04500192,-168498413.98171833,3829290.6998000038,482.34449892911198,-913.19066284199994,3.8226962710575023
1332000,-331111721.53617299,-170140001.34200341,3836130.6112049287,487.00866895791751,-910.79139482303299,3.7771650528382001
1333800,-330230916.50284606,-171777248.98354846,3842888.3493760447,491.66172883695469,-908.36876093412616,3.7313928112414581
1335600,-329341746.04873538,-173410114.89008737,3849563.4811933651,496.30356142844943,-905.92280826502338,3.6853803498401705
1337400,-328444230.48827833,-175038557.1306015,3856155.5749900783,500.93404973355064,-903.45358444551937,3.6391284797045054
1339200,-327538390.34638399,-176662533.86029226,3862664.2005660655,505.55307689416981,-900.96113764575625,3.5926380194272789
1341000,-326624246.35817802,-178282003.32155371,3869088.9292014646,510.16052619483361,-898.44551657652755,3.5459097951496763
1342800,-325701819.46874398,-179896923.8449463,3875429.3336702813,514.75628106454803,-895.90677048958605,3.4989446405871725
1344600,-324771130.83286202,-181507253.85017058,3881684.9882540447,519.34022507867576,-893.34494917795894,3.4517433970557185
1346400,-323832201.81474304,-183112951.84704205,3887855.468755513,523.91224196082567,-890.76010297626635,3.4043069134982571
1348200,-322885053.98776102,-184713976.43646619,3893940.3525124267,528.47221558475621,-888.15228276104665,3.3566360465113734
1350000,-321929709.13418043,-186310286.31141415,3899939.2184113078,533.02002997629199,-885.52153995108563,3.308731660372294
1351800,-320966189.24488103,-187901840.25789925,3905851.6469013114,537.55556931525336,-882.86792650775078,3.2605946270660708
1353600,-319994516.51907885,-189488597.15595376,3911677.2200081223,542.07871793740048,-880.1914949353303,3.212225826312975
1355400,-319014713.36404353,-191070515.98060665,3917415.5213479041,546.589360336391,-877.49229828137595,3.163626145596163
1357200,-318026802.39481282,-192647555.80286157,3923066.1361412983,551.08738116575284,-874.77039013705041,3.1147964801895394
1359000,-317030806.43390262,-194219675.79067594,3928628.651227471,555.57266524087072,-872.02582463747888,3.0657377331857809
1360800,-316026748.51101398,-195786835.20994011,3934102.6550782151,560.04509754098785,-869.25865646210343,3.016450815524641
1362600,-315014651.86273634,-197348993.42545757,3939487.7378120967,564.50456321122283,-866.46894083504264,2.9669366460213982
1364400,-313994539.9322471,-198906109.90192583,3944783.4912086595,568.95094756460139,-863.65673352545207,2.9171961513955047
1366200,-312966436.36900747,-200458144.20491749,3949989.5087226792,573.3841360841036,-860.82209084789031,2.8672302662994174
1368000,-311930365.02845508,-202005056.0018627,3955105.3854984646,577.8040144247276,-857.96506966268635,2.8170399333476066
1369800,-310886349.97169185,-203546805.06303152,3960130.7183842198,582.21046841556836,-855.08572737631016,2.7666261031457142
1371600,-309834415.46516931,-205083351.26251754,3965065.1059464533,586.60338406191318,-852.18412194174527,2.7159897343199062
1373400,-308774585.98036921,-206614654.57922184,3969908.1484844405,590.98264754735294,-849.2603118588645,2.6651317935463488
1375200,-307706886.19348073,-208140675.09783781,3974659.4480447429,595.34814523591092,-846.31435617480633,2.6140532555808367
1377000,-306631340.98507375,-209661373.00983638,3979318.6084357728,599.69976367418724,-843.34631448435391,2.5627551032885485
1378800,-305547975.43976867,-211176708.61445239,3983885.2352424241,604.03738959352177,-840.35624693031502,2.5112383276740005
1380600,-304456814.84590131,-212686642.31967109,3988358.9358407459,608.36090991217247,-837.34421420390368,2.4595039279110349
1382400,-303357884.69518471,-214191134.64321598,3992739.3194126743,612.67021173751311,-834.31027754512183,2.4075529113729583
1384200,-302251210.68236697,-215690146.21353662,3997025.9969608192,616.96518236824681,-831.25449874314279,2.3553862936628476
1386000,-301136818.70488435,-217183637.77079761,4001218.5813233079,621.24570929663901,-828.17694013669438,2.3030050986438622
1387800,-300014734.86251152,-218671570.1678682,4005316.6871886766,625.51168021076728,-825.07766461444157,2.2504103584697299
1389600,-298884985.45700645,-220153904.37131247,4009319.9311108231,629.76298299678967,-821.95673561537126,2.1976031136153074
1391400,-297747596.99175209,-221630601.46238026,4013227.9315240118,633.99950574123204,-818.81421712917381,2.1445844129071889
1393200,-296602596.17139357,-223101622.6379987,4017040.3087579343,638.22113673329272,-815.65017369662587,2.0913553135544527
1395000,-295450009.90147132,-224566929.21176466,4020756.6850528256,642.42776446716778,-812.46467040997129,2.0379168811793966
1396800,-294289865.28804994,-226026482.6149376,4024376.6845746366,646.61927764439349,-809.25777291330053,1.9842701898484043
1398600,-293122189.63734299,-227480244.39743331,4027899.9334302605,650.79556517620847,-806.02954740292978,1.9304163221028285
1400400,-291947010.45533317,-228928176.22881824,4031326.0596828153,654.95651618593604,-802.78006062777695,1.8763563689899458
1402200,-290764355.44738859,-230370239.89930454,4034654.693366983,659.10202001138441,-799.50937988973567,1.822091430093941
1404000,-289574252.51787436,-231806397.32074565,4037885.4665044034,663.2319662072681,-796.21757304404741,1.7676226135669211
1405800,-288376729.76976019,-233236610.5276328,4041018.0131191239,667.34624454764787,-792.90470849966982,1.7129510361599547
1407600,-287171815.50422311,-234660841.678092,4044051.969253107,671.44474502839148,-789.57085521964336,1.6580778232541369
1409400,-285959538.22024614,-236079053.05488154,4046986.972981791,675.52735786965343,-786.21608272145295,1.6030041088916653
1411200,-284739926.61421239,-237491207.06639063,4049822.6644297093,679.59397351837708,-782.84046107738732,1.5477310358069238
1413000,-283513009.57949436,-238897266.24763802,4052558.6857861625,683.6444826508141,-779.44406091489304,1.492259755457549
1414800,-282278816.20603907,-240297193.26127189,4055194.6813209495,687.67877617506736,-776.02695341692504,1.4365914280555163
1416600,-281037375.77994829,-241690950.89856988,4057730.2974001532,691.69674523365245,-772.58921032229182,1.380727222598175
1418400,-279788717.78305441,-243078502.08044004,4060165.1825019815,695.69828120608133,-769.13090392599599,1.3246683168992863
1420200,-278532871.89249158,-244459809.85842225,4062498.9872326646,699.68327571146574,-765.65210707956976,1.2684158976200195
1422000,-277269867.98026156,-245834837.41569027,4064731.3643424101,703.65162061114268,-762.15289319140345,1.2119711602999059
1423800,-275999736.11279619,-247203548.06805444,4066861.9687414099,707.60320801132048,-758.63333622706909,1.1553353093877665
1425600,-274722506.55051333,-248565905.26496473,4068890.4575159051,711.53793026574567,-755.09351070963714,1.0985095582725533
1427400,-273438209.74736959,-249921872.59051463,4070816.4899443062,715.45567997839294,-751.5334917199865,1.0414951293141683
1429200,-272146876.35040706,-251271413.76444554,4072639.7275133673,719.35635000617424,-747.95335489710772,0.98429325387420963
1431000,-270848537.19929588,-252614492.64315155,4074359.8339344193,723.23983346167131,-744.35317643839767,0.92690517234660474
1432800,-269543223.32587111,-253951073.2206848,4075976.4751596544,727.10602371588914,-740.73303309994719,0.86933213418821564
1434600,-268230965.95366541,-255281119.62976143,4077489.319398466,730.95481440103117,-737.09300219682132,0.81157539794934719
1436400,-266911796.4974364,-256604596.142768,4078898.0371338455,734.78609941329682,-733.43316160332915,0.75363623130407642
1438200,-265585746.56268883,-257921467.17276832,4080202.3011388304,738.59977291569987,-729.75358975328572,0.69551591108064525
1440000,-264252847.94519168,-259231697.27451083,4081401.7864930118,742.39572934091041,-726.05436564026479,0.63721572329158027
1441800,-262913132.63049027,-260535251.14543641,4082496.1705990913,746.17386339411712,-722.33556881784148,0.57873696316379297
1443600,-261566632.79341325,-261832093.62668651,4083485.1331994948,749.93407005591348,-718.59727939982486,0.52008093516849718
1445400,-260213380.7975741,-263122189.70411178,4084368.3563930383,753.67624458520459,-714.83957806048068,0.46124895305106905
1447200,-258853409.19486758,-264405504.50928116,4085145.5246516485,757.40028252213733,-711.06254603474213,0.40224233986070251
1449000,-257486750.72496095,-265682003.32049122,4085816.3248371352,761.10607969105217,-707.26626511841062,0.34306242797992437
1450800,-256113438.31477952,-266951651.56377596,4086380.4462180212,764.79353220345808,-703.45081766834414,0.28371055915400406
1452600,-254733505.07798725,-268214414.81391665,4086837.5804864164,768.46253646102855,-699.6162866026342,0.22418808452016059
1454400,-253346984.31446171,-269470258.79545254,4087187.4217749545,772.11298915862164,-695.76275540076961,0.16449636463662703
1456200,-251953909.50976351,-270719149.38369119,4087429.6666737739,775.7447872873214,-691.89030810378824,0.10463676951152115
1458000,-250554314.33460048,-271961052.60571951,4087564.0142475525,779.35782813750143,-687.99902931441557,0.044610678631523779
1459800,-249148232.64428604,-273195934.64141518,4087590.1660525994,782.95200930191254,-684.08900419718861,-0.015580519009554351
1461600,-247735698.47819224,-274423761.82445741,4087507.826153988,786.52722867879106,-680.16031847856766,-0.075935424882508401
1463400,-246316746.05919701,-275644500.64333904,4087316.7011427474,790.08338447499091,-676.21305844703215,-0.13645263089459597
1465200,-244891409.79312581,-276858117.74237806,4087016.500153102,793.62037520913759,-672.24731095316179,-0.19713071936162663
1467000,-243459724.26818758,-278064579.92272949,4086606.9348797612,797.13809971480487,-668.26316340970391,-0.25796826298032066
1468800,-242021724.25440502,-279263854.14339703,4086087.7195952581,800.63645714371387,-664.26070379162365,-0.31896382480079338
1470600,-240577444.70303896,-280455907.52224559,4085458.5711673377,804.11534696895478,-660.24002063613898,-0.38011595819935429
1472400,-239126920.74600694,-281640707.33701319,4084719.2090763943,807.57466898823088,-656.20120304273905,-0.44142320685148551
1474200,-237670187.6952962,-282818221.02632266,4083869.3554329565,811.01432332712488,-652.14434067318587,-0.50288410470513401
1476000,-236207281.0423702,-283988416.19069421,4082908.7349952231,814.43421044238733,-648.06952375149797,-0.56449717595417404
1477800,-234738236.45756981,-285151260.59355736,4081837.07518664,817.83423112524906,-643.97684306391784,-0.62626093501218283
1479600,-233263089.7895081,-286306722.16226268,4080654.106113533,821.21428650475275,-639.86638995886005,-0.68817388648647526
1481400,-231781877.06445944,-287454768.9890939,4079359.560582777,824.57427805111047,-635.73825634684158,-0.7502345251524094
1483200,-230294634.48574212,-288595369.33227938,4077953.1741195214,827.91410757908056,-631.59253470039289,-0.81244133592797318
1485000,-228801398.43309522,-289728491.61700404,4076434.6849849513,831.23367725136723,-627.42931805394926,-0.87479279384865505
1486800,-227302205.46204925,-290854104.43642014,4074803.8341941033,834.53288958204348,-623.24870000372346,-0.93728736404260649
1488600,-225797092.30329067,-291972176.55265868,4073060.3655337174,837.81164743999409,-619.05077470755725,-0.99992350170612809
1490400,-224286095.86201987,-293082676.8978402,4071204.0255801361,841.06985405238254,-614.8356368847526,-1.0626996520794325
1492200,-222769253.21730337,-294185574.57508498,4069234.5637172502,844.30741300813702,-610.60338181588224,-1.1256142504227731
1494000,-221246601.6214194,-295280838.85952353,4067151.7321544783,847.52422826146142,-606.35410534257812,-1.1886657219928529
1495800,-219718178.49919721,-296368439.19930595,4064955.2859448008,850.72020413536427,-602.08790386729777,-1.2518524820195562
1497600,-218184021.44735005,-297448345.21661133,4062644.9830028242,853.8952453252125,-597.80487435306986,-1.315172935683093
1499400,-216644168.23380169,-298520526.70865655,4060220.5841228925,857.04925690230414,-593.50511432321548,-1.3786254780914018
1501200,-215098656.79700661,-299584953.64870435,4057681.8529972374,860.18214431746367,-589.18872186104659,-1.4422084942579576
1503000,-213547525.2452634,-300641596.1870715,4055028.5562341674,863.29381340465716,-584.85579560954125,-1.5059203590799333
1504800,-211990811.85602197,-301690424.65213531,4052260.4633762971,866.38417038462967,-580.50643477099493,-1.5697594373167048
1506600,-210428555.0751842,-302731409.55134046,4049377.3469188143,869.45312186856245,-576.14073910664638,-1.6337240835687628
1508400,-208860793.51639754,-303764521.57220453,4046378.9823277835,872.50057486175172,-571.75880893628016,-1.697812642257027
1510200,-207287565.96034247,-304789731.58332306,4043265.1480584899,875.52643676730656,-567.36074513780204,-1.7620234476024494
1512000,-205708911.35401312,-305807010.63537389,4040035.6255738153,878.53061538986844,-562.94664914679072,-1.826354823606122
1513800,-204124868.809991,-306816329.96212047,4036690.1993626514,881.51301893935033,-558.51662295602159,-1.8908050840297395
1515600,-202535477.60571223,-307817660.98141432,4033228.656958349,884.47355603469521,-554.07076911496506,-1.9553725323765192
1517400,-200940777.18272787,-308810975.29619646,4029650.7889572005,887.41213570765615,-549.60919072925731,-2.020055461872484
1519200,-199340807.14595747,-309796244.69549847,4025956.3890369539,890.32866740659347,-545.13199146014324,-2.0848521554481443
1521000,-197735607.26293576,-310773441.15544164,4022145.2539753621,893.22306100029323,-540.63927552389316,-2.1497608857207542
1522800,-196125217.4630523,-311742536.84023559,4018217.183668762,896.09522678180429,-536.13114769118954,-2.2147799149768783
1524600,-194509677.83678448,-312703504.1031757,4014171.9811506844,898.94507547229364,-531.60771328648502,-2.2799074951554199
1526400,-192889028.63492346,-313656315.48763925,4010009.4526104964,901.7725182249219,-527.06907818733339,-2.345141867831201
1528200,-191263310.26779285,-314600943.72808045,4005729.4074120689,904.57746662873569,-522.51534882368776,-2.4104812641988778
1530000,-189632563.30446088,-315537361.75102389,4001331.6581124775,907.35983271257976,-517.94663217717243,-2.4759239050574449
1531800,-187996828.47194499,-316465542.6760571,3996816.0204807254,910.11952894902618,-513.36303578032096,-2.5414680007951453
1533600,-186356146.65440971,-317385459.8168214,3992182.3135165004,912.856468258321,-508.76466771578595,-2.607111751374863
1535400,-184710558.89235729,-318297086.68200141,3987430.3594689481,915.57056401235013,-504.15163661551605,-2.6728533463200699
1537200,-183060106.38181108,-319200396.97631305,3982559.9838554775,918.26173003862061,-499.52405165990223,-2.7386909647012581
1539000,-181404830.47349191,-320095364.60148972,3977571.0154805896,920.92988062425968,-494.88202257689176,-2.8046227751228212
1540800,-179744772.671987,-320981963.65726727,3972463.2864547255,923.57493052003053,-490.22565964106968,-2.8706469357105231
1542600,-178079974.6349121,-321860168.44236726,3967236.6322131404,926.19679494436446,-485.55507367270741,-2.9367615940994907
1544400,-176410478.17206562,-322729953.45547765,3961890.8915347965,928.79538958740886,-480.87037603677817,-3.0029648874226709
1546200,-174736325.24457628,-323591293.39623344,3956425.9065612759,931.37063061509184,-476.17167864193885,-3.0692549422999185
1548000,-173057557.96404275,-324444163.16619325,3950841.522815716,933.92243467320111,-471.45909393947755,-3.1356298748275813
1549800,-171374218.59166637,-325288537.86981577,3945137.5892217578,936.45071889147926,-466.73273492222688,-3.2020877905686551
1551600,-169686349.53737646,-326124392.8154335,3939313.9581225179,938.95540088773316,-461.99271512344245,-3.2686267845434971
1553400,-167993993.35894769,-326951703.51622397,3933370.4852995691,941.43639877195824,-457.23914861564595,-3.3352449412211587
1555200,-166297192.76111084,-327770445.69118005,3927307.0299919434,943.89363115047695,-452.47215000943282,-3.4019403345111985
1557000,-164595990.59465545,-328580595.26607668,3921123.4549151449,946.32701713009089,-447.69183445224377,-3.4687110277562319
1558800,-162890429.8555252,-329382128.37443668,3914819.6262801751,948.7364763222472,-442.89831762709946,-3.5355550737249235
1560600,-161180553.68390593,-330175021.35849321,3908395.4138125754,951.12192884721674,-438.09171575129966,-3.6024705146057014
1562400,-159466405.36330593,-330959250.77015042,3901850.6907714736,953.48329533828689,-433.27214557508398,-3.669455382001062
1564200,-157748028.3196286,-331734793.37194169,3895185.3339686436,955.82049694596492,-428.43972438025565,-3.7365076969224575
1566000,-156025466.12023783,-332501626.13798475,3888399.223787575,958.13345534219479,-423.59456997876731,-3.803625469785842
1567800,-154298762.47301561,-333259726.25493515,3881492.2442025477,960.42209272458456,-418.73680071126864,-3.8708067004078934
1569600,-152567961.2254118,-334009071.12293601,3874464.2827977114,962.68633182064673,-413.86653544561534,-3.9380493780028156
1571400,-150833106.36348683,-334749638.35656613,3867315.2307861759,964.92609589204767,-408.98389357533893,-4.0053514811798783
1573200,-149094242.01094604,-335481405.7857846,3860044.9830291001,967.14130873886813,-404.08899501807758,-4.0727109779415507
1575000,-147351412.42816693,-336204351.45687276,3852653.4380547856,969.33189470387447,-399.18196021396693,-4.140125825682369
1576800,-145604662.01121837,-336918453.63337308,3845140.4980777721,971.49777867679916,-394.26291012399105,-4.2075939711884356
1578600,-143854035.29087222,-337623690.79702538,3837506.0690179295,973.63888609862931,-389.33196622829337,-4.2751133506376986
1580400,-142099576.93160722,-338320041.64869976,3829750.0605195556,975.75514296590643,-384.38925052444603,-4.342681889600839
1582200,-140341331.73060513,-339007485.10932618,3821872.3859704663,977.84647583503215,-379.43488552567914,-4.410297503042905
1584000,-138579344.61673903,-339686000.32082123,3813872.9625210841,979.91281182658372,-374.46899425906804,-4.477958095325735
1585800,-136813660.64955398,-340355566.64701134,3805751.7111035204,981.95407862963521,-369.49170026367938,-4.5456615602110126
1587600,-135044325.01823983,-341016163.6745525,3797508.5564506524,983.97020450608738,-364.50312758867494,-4.6134057808641211
1589400,-133271383.04059619,-341667771.21384698,3789143.4271151926,985.96111829500319,-359.50340079137288,-4.6811886298587186
1591200,-131494880.1619897,-342310369.29995608,3780656.2554887515,987.92674941694941,-354.49264493526715,-4.7490079691821796
1593000,-129714861.95430332,-342943938.19350922,3772046.9778208826,989.86702787834395,-349.47098558800326,-4.8168616502416111
1594800,-127931374.11487794,-343568458.3816101,3763315.5342381271,991.78188427580824,-344.43854881931099,-4.8847475138708578
1596600,-126144462.46544605,-344183910.57873785,3754461.8687630328,993.67124980052427,-339.39546119889422,-4.9526633903381505
1598400,-124354172.9510577,-344790275.7276457,3745485.929333169,995.5350562425964,-334.34184979427596,-5.0206070993547662
1600200,-122560551.63899837,-345387535.00025475,3736387.6678201114,997.37323599544231,-329.27784216859379,-5.0885764500914838
1602000,-120763644.71769924,-345975669.79854411,3727167.0400484269,999.18572206007877,-324.20356637837637,-5.1565692411665465
1603800,-118963498.4956395,-346554661.75543702,3717824.0058146389,1000.9724480495754,-319.11915097123642,-5.2245832606790952
1605600,-117160159.40024062,-347124492.73568255,3708358.5289061586,1002.733348193399,-314.02472498354541,-5.2926162862135024
1607400,-115353673.97675303,-347685144.83673346,3698770.5771201984,1004.4683573417877,-308.920417938056,-5.3606660848519949
1609200,-113544088.88713479,-348236600.38961929,3689060.1222826634,1006.1774109701264,-303.80635984147932,-5.4287304131882568
1611000,-111731450.90892233,-348778841.9598155,3679227.1402670201,1007.8604451833216,-298.68268118201684,-5.4968070173418528
1612800,-109915806.9340934,-349311852.34810764,3669271.6110131359,1009.5173967201777,-293.54951292684632,-5.5648936329735603
1614600,-108097203.96792211,-349835614.59145141,3659193.5185460891,1011.1482029577709,-288.40698651956166,-5.6329879853015843
1616400,-106275689.12782608,-350350111.96382773,3648992.8509949492,1012.7528019158239,-283.25523387756647,-5.7010877891187324
1618200,-104451309.64220583,-350855327.97709352,3638669.6006115293,1014.3311322610768,-278.09438738942134,-5.7691907488104786
1620000,-102624112.84927611,-351351246.38182688,3628223.763789101,1015.8831333116576,-272.92457991214434,-5.8372945583739577
1621800,-100794146.19588953,-351837851.16816819,3617655.3410810758,1017.4087450414486,-267.74594476846465,-5.9053969014379826
1623600,-98961457.236352265,-352315126.56665581,3606964.337219649,1018.9079080844492,-262.558615744029,-5.973495451283946
1625400,-97126093.631231874,-352783057.04905659,3596150.7611344047,1020.3805637391363,-257.36272708456113,-6.0415878708677164
1627200,-95288103.146157429,-353241627.32919192,3585214.6259708847,1021.8266539728179,-252.15841349297347,-6.1096718128425787
1629000,-93447533.650611579,-353690822.36375731,3574155.9491091077,1023.246121425983,-246.94581012643187,-6.177744919583124
1630800,-91604433.116715029,-354130627.35313815,3562974.7521820492,1024.638909416645,-241.72505259337166,-6.2458048232101886
1632600,-89758849.618002966,-354561027.74221867,3551671.0610940792,1026.0049619446795,-236.49627695046658,-6.3138491456168095
1634400,-87910831.328193948,-354982009.22118622,3540244.9060393427,1027.3442236961541,-231.2596196995494,-6.3818754984952237
1636200,-86060426.519950703,-355393557.7263298,3528696.321520099,1028.6566400476509,-226.01521778448441,-6.449881483364944
1638000,-84207683.563633502,-355795659.44083279,3517025.3463650057,1029.9421570705813,-220.76320858799136,-6.5178646916018907
1639800,-82352650.926045477,-356188300.79556006,3505232.023747352,1031.2007215354909,-215.50372992842139,-6.5858227044686242
1641600,-80495377.169170335,-356571468.46983916,3493316.4012032314,1032.4322809163566,-210.23692005648422,-6.6537530931457347
1643400,-78635910.948902264,-356945149.39223534,3481278.5306496625,1033.6367833948714,-204.96291765192666,-6.7216534187642143
1645200,-76774301.013768315,-357309330.74132138,3469118.4684026469,1034.8141778647207,-199.68186182016234,-6.7895212324390499
1647000,-74910596.20364292,-357663999.94643986,3456836.2751951683,1035.9644139358459,-194.39389208885305,-6.8573540753040696
1648800,-73044845.448454723,-358009144.68846101,3444432.0161951263,1037.0874419386951,-189.09914840444057,-6.925149478547743
1650600,-71177097.766886026,-358344752.90053272,3431905.7610232034,1038.1832129284649,-183.7977711286301,-6.9929049634503118
1652400,-69307402.265064254,-358670812.76882505,3419257.5837706667,1039.251678689325,-178.48990103482433,-7.0606180414221091
1654200,-67435808.135246143,-358987312.73326808,3406487.5630170982,1040.2927917386294,-173.17567930450875,-7.1282862140430296
1656000,-65562364.654494137,-359294241.48828298,3393595.781848053,1041.3065053311152,-167.85524752358745,-7.195906973103277
1657800,-63687121.18334537,-359591587.98350674,3380582.3278726423,1042.292773463086,-162.52874767867024,-7.2634778006453891
1659600,-61810127.164473116,-359879341.42451012,3367447.2932410436,1043.2515508765753,-157.19632215331032,-7.3309961690074461
1661400,-59931432.121340722,-360157491.27350867,3354190.7746619242,1044.1827930634988,-151.85811372419306,-7.3984595408676812
1663200,-58051085.656848073,-360426027.25006682,3340812.8734197905,1045.0864562697877,-146.51426555727528,-7.4658653692902721
1665000,-56169137.451970682,-360684939.33179533,3327313.6953922524,1045.9624974995018,-141.16492120387571,-7.5332110977725719
1666800,-54285637.26439137,-360934217.75504106,3313693.3510671966,1046.8108745189259,-135.81022459671604,-7.6004941602935903
1668600,-52400634.927124575,-361173853.01556987,3299951.9555598777,1047.6315458606484,-130.45032004591312,-7.6677119813638805
1670400,-50514180.347133368,-361403835.86924273,3286089.6286299136,1048.4244708276187,-125.0853522349219,-7.7348619760768145
1672200,-48626323.503939152,-361624157.33268374,3272106.4946981911,1049.1896094971828,-119.71546621642945,-7.8019415501612386
1674000,-46737114.448224142,-361834808.68394089,3258002.6828636737,1049.9269227251002,-114.34080740820004,-7.8689481000355581
1675800,-44846603.30042661,-362035781.46313947,3243778.326920107,1050.6363721495372,-108.96152158887115,-7.9358790128632464
1677600,-42954840.249328978,-362227067.47312826,3229433.5653726324,1051.3179201950391,-103.5777548937008,-8.0027316666098507
1679400,-41061875.550638795,-362408658.78011698,3214968.541454284,1051.9715300764767,-98.189653810266151,-8.0695034301014488
1681200,-39167759.525562584,-362580547.71430683,3200383.4031423922,1052.5971658029723,-92.797365174113366,-8.1361916630846292
1683000,-37272542.559372723,-362742726.8705129,3185678.3031748687,1053.1947921817982,-87.401036164359084,-8.2027937162880029
1684800,-35376275.099967249,-362895189.1087786,3170853.3990663816,1053.7643748222524,-82.00081429924326,-8.2693069314852163
1686600,-33479007.656422734,-363037927.55498201,3155908.8531244192,1054.3058801395068,-76.596847431633975,-8.3357286415596334
1688400,-31580790.797540296,-363170935.60143417,3140844.8324652305,1054.819275358429,-71.189283744483845,-8.4020561705704893
1690200,-29681675.15038472,-363294206.90746903,3125661.5090296483,1055.3045285173771,-65.778271746238531,-8.468286833820768
1692000,-27781711.398816776,-363407735.40002513,3110359.05959879,1055.7616084719673,-60.363960266197488,-8.5344179379266549
1693800,-25880950.282018777,-363511515.27421927,3094937.6658096276,1056.190484898812,-54.946498449826841,-8.6004467808887135
1695600,-23979442.593013473,-363605540.99391079,3079397.514170432,1056.591128299229,-49.526035754024825,-8.6663706521646411
1697400,-22077239.17717623,-363689807.29225826,3063738.7960760845,1056.9635100029193,-44.102721942339997,-8.7321868327438867
1699200,-20174390.930740673,-363764309.17226696,3047961.7078232476,1057.3076021716181,-38.676707080142201,-8.797892595223896
1701000,-18270948.799297761,-363829041.90732795,3032066.4506254038,1057.6233778027101,-33.248141529746739,-8.8634852038881657
1702800,-16366963.776288366,-363884001.04174799,3016053.2306277473,1057.9108107328161,-27.817175945491663,-8.9289619147860986
1704600,-14462486.901489493,-363929182.39127058,2999922.2589219343,1058.1698756413441,-22.383961268768839,-8.9943199758146335
1706400,-12557569.259494038,-363964582.04358852,2983673.7515606801,1058.4005480540106,-16.948648723008578,-9.0595566268017595
1708200,-10652261.978184329,-363990196.35884672,2967307.9295722083,1058.6028043463252,-11.511389808618436,-9.1246690995918787
1710000,-8746616.2271993626,-364006021.9701364,2950825.0189745426,1058.7766217470412,-6.072336297876106,-9.1896546181330514
1711800,-6840683.2163958941,-364012055.78397948,2934225.25078964,1058.9219783415717,-0.63164022977723233,-9.2545103985662536
1713600,-4934514.1943034111,-364008294.98080438,2917508.8610573616,1059.0388530753694,4.8105460951624721,-9.3192336493164234
1715400,-3028160.4465730377,-363994737.01541185,2900676.090849279,1059.1272257572687,10.254070120149477,-9.3838215711856616
1717200,-1121673.2944204689,-363971379.61743158,2883727.1862823088,1059.1870770627934,15.698779037399598,-9.4482713574483181
1719000,784895.90693701687,-363938220.79176921,2866662.3985321755,1059.2183885374227,21.144519793469254,-9.5125801939482013
1720800,2691495.769849387,-363895258.8190434,2849481.9838466998,1059.2211425998225,26.59113909463078,-9.5767452591977698
1722600,4598074.8758084737,-363842492.25601405,2832186.2035589013,1059.1953225450338,32.0384834122912,-9.6407637244795357
1724400,6504581.7770282859,-363779919.93599957,2814775.3240999207,1059.1409125476257,37.486398988454518,-9.7046327539494488
1726200,8410964.9980309624,-363707540.96928525,2797249.6170117515,1059.0578976648028,42.934731841226622,-9.7683495047425861
1728000,10317173.037238298,-363625354.74352103,2779609.3589597847,1058.9462638394764,48.383327770363032,-9.8319111270809092
1729800,12223154.36856873,-363533360.92410976,2761854.8317451486,1058.8059979032907,53.832032362858612,-9.8953147643833272
1731600,14128857.443039754,-363431559.45458478,2743986.3223168585,1058.6370875796083,59.280690998579196,-9.9585575533780002
1733400,16034230.690375682,-363319950.55697799,2726004.1227837522,1058.4395214864512,64.729148855934767,-10.021636624216825
1735200,17939222.520620633,-363198534.73217708,2707908.5304262289,1058.2132891394015,70.177250917593312,-10.084549100592378
1737000,19843781.325756721,-363067312.76027274,2689699.8477077619,1057.9583809544536,75.624841976235629,-10.147292099857099
1738800,21747855.481327336,-362926285.70089573,2671378.3822862078,1057.6747882508255,81.071766640350077,-10.209862733144915
1740600,23651393.348065428,-362775454.89354265,2652944.4470248837,1057.3625032537223,86.517869340067264,-10.27225810549522
1742400,25554343.273526762,-362614821.95789218,2634398.3600034271,1057.0215190970541,91.962994333033933,-10.334475315979363
1744200,27456653.593727976,-362444388.79410994,2615740.4445284237,1056.6518298261096,97.406985710325756,-10.396511457829556
1746000,29358272.634789433,-362264157.58314312,2596971.0291437954,1056.2534304001786,102.84968740239859,-10.458363618570326
1747800,31259148.714582764,-362074130.78700405,2578090.4476409573,1055.8263166951313,108.29094318507752,-10.520028880152486
1749600,33159230.144382983,-361874311.14904332,2559099.0390687273,1055.3704855059457,113.73059668558372,-10.581504319089705
1751400,35058465.230525136,-361664701.69421166,2539997.147742989,1054.8859345491878,119.16849138859794,-10.64278700659767
1753200,36956802.276065342,-361445305.72931123,2520785.1232560971,1054.3726624654432,124.60447064236068,-10.703874008735905
1755000,38854189.582446165,-361216126.84323543,2501463.3204860352,1053.8306688216969,130.03837766480831,-10.764762386552261
1756800,40750575.451166257,-360977168.90719801,2482032.0996052981,1053.2599541136647,135.47005554974476,-10.825449196230135
1758600,42645908.185454153,-360728436.07495105,2462491.8260895172,1052.660519768071,140.89934727304811,-10.885931489238384
1760400,44540136.091946051,-360469932.78299141,2442842.8707258087,1052.032368144879,146.32609569891153,-10.946206312484133
1762200,46433207.482367642,-360201663.7507562,2423085.6096208459,1051.3755025394651,151.75014358611841,-11.006270708468254
1764000,48325070.675219744,-359923633.98080689,2403220.4242086466,1050.6899271847415,157.1713335943505,-11.066121715443799
1765800,50215673.997467786,-359635848.75900203,2383247.701258075,1049.9756472532285,162.5895082905293,-11.125756367577257
1767600,52104965.786234893,-359338313.65465832,2363167.8328800523,1049.2326688590706,168.00451015518922,-11.18517169511281
1769400,53992894.390498571,-359031034.52070045,2342981.2165344628,1048.4609990599999,173.41618158888281,-11.244364724539441
1771200,55879408.172790922,-358714017.49379939,2322688.2550367648,1047.6606458592428,178.82436491861708,-11.303332478761087
1773000,57764455.510902196,-358387268.99449867,2302289.3565642857,1046.831618207375,184.22890240432011,-11.362071977269808
1774800,59647984.799587622,-358050795.72732961,2281784.9346622066,1045.9739260041194,189.62963624533785,-11.420580236322014
1776600,61529944.452277511,-357704604.68091422,2261175.4082492227,1045.087580100088,195.02640858696029,-11.478854269117766
1778400,63410282.902790308,-357348703.1280567,2240461.201622887,1044.1725922984676,200.41906152697621,-11.536891085983187
1780200,65288948.607048765,-356983098.6258232,2219642.7444646093,1043.2289753566497,205.80743712225615,-11.594687694556102
1782000,67165890.044798881,-356607799.01560932,2198720.4718443318,1042.2567429878013,211.19137739536328,-11.652241099974743
1783800,69041055.721331716,-356222812.42319584,2177694.824224853,1041.2559098623813,216.5707243411905,-11.709548305069781
1785600,70914394.169207811,-355828147.25879276,2156566.2474658061,1040.2264916095953,221.94531993362446,-11.766606310559574
1787400,72785853.949984193,-355423812.21707094,2135335.1928272848,1039.1685048187942,227.31500613223486,-11.823412115248704
1789200,74655383.655943885,-355009816.2771818,2114002.1169731049,1038.0819670408141,232.67962488898905,-11.879962716229814
1791000,76522931.911827683,-354586168.70276511,2092567.4819737044,1036.9668967892562,238.03901815499083,-11.936255109088833
1792800,78388447.376568288,-354152879.04194438,2071031.7553086642,1035.8233135417072,243.39302788724297,-11.992286288113505
1794600,80251878.745026544,-353709957.12730992,2049395.4098688581,1034.651237740901,248.74149605543303,-12.048053246505418
1796400,82113174.749729633,-353257413.07589024,2027658.9239582126,1033.4506907958194,254.0842646487414,-12.103552976595429
1798200,83972284.162611321,-352795257.28911066,2005822.7812950795,1032.2216950827324,259.42117568267116,-12.158782470062521
1800000,85829155.796754003,-352323500.45273983,1983887.4710132077,1030.964273946176,264.75207120589903,-12.213738718156222
1801800,87683738.508132309,-351842153.53682351,1961853.4876623142,1029.6784516998725,270.07679330714677,-12.268418711922502
1803600,89535981.197358534,-351351227.79560691,1939721.3312082449,1028.364253627587,275.39518412207241,-12.322819442433209
1805400,91385832.811429381,-350850734.76744336,1917491.5070327194,1027.0217059839219,280.70708584018035,-12.376937901019108
1807200,93233242.345474094,-350340686.27469152,1895164.5259326501,1025.6508359950492,286.01234071175014,-12.430771079506549
1809000,95078158.844504029,-349821094.42359966,1872740.9041190369,1024.2516718593822,291.31079105478244,-12.484315970457624
1810800,96920531.405163094,-349291971.60417747,1850221.1632154237,1022.8242427481839,296.60227926196279,-12.537569567414144
1812600,98760309.177479491,-348753330.49005532,1827605.8302559108,1021.3685788061109,301.88664780764105,-12.590528865145153
1814400,100597441.36661819,-348205184.03833109,1804895.4376827225,1019.8847111516974,307.16373925482651,-12.643190859898221
1816200,102431877.23463438,-347647545.48940396,1782090.5233433149,1018.3726718777724,312.43339626219847,-12.695552549654336
1818000,104263566.10222746,-347080428.36679643,1759191.6304870259,1016.8324940518165,317.69546159113037,-12.747610934386623
1819800,106092457.35049567,-346503846.47696263,1736199.3077612512,1015.2642117162532,322.94977811272781,-12.799363016322774
1821600,107918500.42269127,-345917813.90908468,1713114.1092071484,1013.6678598886762,328.19618881487958,-12.850805800211189
1823400,109741644.82597597,-345322345.0348562,1689936.5942548574,1012.0434745620142,333.43453680932026,-12.901936293590932
1825200,111561840.13317659,-344717454.50825292,1666667.3277182314,1010.3910927046297,338.66466533870482,-12.952751507065495
1827000,113379035.98454098,-344103157.26529044,1643306.8797890705,1008.7107522603543,343.88641778369345,-13.003248454580275
1828800,115193182.08949378,-343479468.52376986,1619855.8260308555,1007.0024921484592,349.09963767004666,-13.05342415370394
1830600,117004228.22839212,-342846403.78300983,1596314.7473719688,1005.2663522635606,354.30416867572973,-13.103275625913552
1832400,118812124.25428116,-342203978.82356656,1572684.2300984005,1003.5023734754617,359.49985463802557,-13.152799896883538
1834200,120616820.09464921,-341552209.70694023,1548964.8658459289,1001.7105976289279,364.68653956065532,-13.201993996778439
1836000,122418265.75318241,-340891112.77526921,1525157.2515917739,999.89106754339775,369.86406762090661,-13.250854960549562
1837800,124216411.31151883,-340220704.65101135,1501261.9896457093,998.04382701262932,375.03228317676769,-13.299379828235377
1839600,126011206.93100189,-339541002.23661196,1477279.6876406337,996.16892080428022,380.19103077406766,-13.347565645265764
1841400,127802602.85443288,-338852022.71415949,1453210.9585225887,994.2663946594231,385.34015515362154,-13.395409462770095
1843200,129590549.4078228,-338153783.54502803,1429056.4205402194,992.3362952919955,390.47950125838008,-13.442908337889101
1845000,131374997.00214279,-337446302.46950722,1404816.6972336713,990.37867038818467,395.60891424058235,-13.490059334090599
1846800,133155896.13507366,-336729597.50641876,1380492.4174229144,988.3935686057456,400.72823946891231,-13.536859521488905
1848600,134933197.39275405,-336003686.9527207,1356084.2151954887,986.38103957325552,405.83732253565643,-13.58330597716817
1850400,136706851.45152715,-335268589.3830983,1331592.7298936644,984.34113388930109,410.93600926386404,-13.629395785509338
1852200,138476809.07968593,-334524323.64954215,1307018.6061010116,982.27390312160139,416.02414571450748,-13.675126038520965
1854000,140243021.13921687,-333770908.88091385,1282362.4936283699,980.17939980606457,421.10157819364269,-13.720493836173702
1855800,142005438.58754161,-333008364.48249805,1257625.0474992117,978.05767744577929,426.16815325956924,-13.765496286738539
1857600,143764012.47925705,-332236710.13554198,1232806.9279343958,975.90879050994022,431.22371772998952,-13.810130507128616
1859400,145518693.96787328,-331455965.79678226,1207908.8003362999,973.7327944327094,436.26811868916485,-13.854393623244823
1861200,147269434.30754948,-330666151.69795853,1182931.3352723299,971.52974561201006,441.30120349506984,-13.898282770324938
1863000,149016184.85482746,-329867288.34531444,1157875.2084577964,969.29970140825685,446.32281978654339,-13.941795093296363
1864800,150758897.07036313,-329059396.51908553,1132741.1007381526,967.04272014302001,451.33281549043494,-13.984927747132414
1866600,152497522.5206551,-328242497.27297437,1107529.698070589,964.75886109762439,456.33103882874661,-14.027677897212079
1868400,154232012.87977111,-327416611.93361306,1082241.6915049767,962.44818451168351,461.3173383257697,-14.07004271968332
1870200,155962319.93107158,-326581762.10001254,1056877.7771641538,960.11075158156746,466.29156281521529,-14.112019401829723
1872000,157688395.56893015,-325737969.64299917,1031438.6562235485,957.74662445880801,471.25356144733792,-14.153605142440508
1873800,159410191.8004517,-324885256.70463884,1005925.0348901333,955.35586624843666,476.20318369605184,-14.194797152183927
1875600,161127660.74718702,-324023645.69764745,980337.62438070506,952.93854100725878,481.14027936603941,-14.235592653983812
1877400,162840754.64684442,-323153159.30478966,954677.14089948253,950.49471374206325,486.06469859985026,-14.275988883399444
1879200,164549425.85499802,-322273820.47826421,928944.30561501929,948.0244504077674,490.97629188499212,-14.315983089008395
1881000,166253626.84679267,-321385652.43907642,903139.84463642305,945.52781790549761,495.8749100610101,-14.355572532792596
1882800,167953310.21864536,-320488678.67639822,877264.48898887937,943.00488408060596,500.76040432655662,-14.394754490527298
1884600,169648428.68994299,-319582922.94691569,851318.97458846995,940.45571772062169,505.63262624644938,-14.433526252172943
1886400,171338935.10473636,-318668409.27416319,825304.04221628548,937.88038855314016,510.49142775871746,-14.471885122269983
1888200,173024782.43343037,-317745161.94784558,799220.43749182392,935.27896724364791,515.33666118163455,-14.509828420336351
1890000,174705923.7744703,-316813205.52314746,773068.9108456712,932.65152539328278,520.16817922073972,-14.54735348126764
1891800,176382312.35602373,-315872564.82002944,746850.21749145957,929.99813553653189,524.98583497584366,-14.584457655739822
1893600,178053901.53765866,-314923264.92251241,720565.1173970981,927.31887113886683,529.78948194802069,-14.621138310614587
1895400,179720644.81201705,-313965331.17794895,694214.37525527249,924.61380659431404,534.57897404658524,-14.657392829346922
1897200,181382495.80648372,-312998789.19628263,667798.76045320812,921.88301722296433,539.3541655960538,-14.693218612395045
1899000,183039408.2848514,-312023664.84929329,641319.04704169335,919.12657926841905,544.11491134308926,-14.728613077632591
1900800,184691336.14898041,-311039984.26983225,614776.01370336011,916.34456989517287,548.8610664634291,-14.763573660762717
1902600,186338233.44045407,-310047773.85104281,588170.44372021593,913.53706718593673,553.59248656879606,-14.798097815734312
1904400,187980054.34222883,-309047060.24556983,561503.12494042574,910.70415013889635,558.30902771378987,-14.832183015159995
1906200,189616753.18027973,-308037870.36475599,534774.84974433994,907.84589866491115,563.0105464027622,-14.865826750735851
1908000,191248284.42524061,-307020231.37782615,507986.41500976466,904.96239358465027,567.69689959667051,-14.899026533662711
1909800,192874602.6940392,-305994170.71105969,481138.62207647349,902.05371662566824,572.36794471991197,-14.931779895069011
1911600,194495662.75152665,-304959716.04694957,454232.276709956,899.1199504194193,577.02353966713895,-14.96408438643488
1913400,196111419.51210213,-303916895.32335025,427268.18906440196,896.16117849821126,581.66354281005226,-14.995937580017456
1915200,197721828.04133132,-302865736.73261255,400247.1736449193,893.17748529209825,586.28781300417188,-15.027337069277316
1917000,199326843.55755967,-301806268.72070694,373170.0492689836,890.16895612571443,590.89620959558783,-15.05828046930573
1918800,200926421.43351957,-300738519.98633415,346037.63902711729,887.13567721504671,595.48859242768674,-15.088765417252731
1920600,202520517.197932,-299662519.48002458,318850.77024279849,884.07773566414858,600.06482184785523,-15.118789572755762
1922400,204109086.53710201,-298578296.40322453,291610.27443159738,880.99521946179368,604.62475871416109,-15.148350618368822
1924200,205692085.2965081,-297485880.20737112,264316.98725954024,877.88821747807185,609.1682644020085,-15.177446259991807
1926000,207269469.48238552,-296385300.59295535,236971.74850069979,874.75681946092379,613.69520081076882,-15.206074227300075
1927800,208841195.26330331,-295276587.50857258,209575.40199401329,871.60111603261976,618.20543037038726,-15.234232274173889
1929600,210407218.97173476,-294159771.14996201,182128.79559932707,868.42119868617874,622.69881604796171,-15.26191817912769
1931400,211967497.10562152,-293034881.95903355,154632.78115266902,865.21715978172938,627.17522135429647,-15.289129745738972
1933200,213521986.32993114,-291901950.62288368,127088.21442074946,861.98909254281409,631.63451035042874,-15.315864803076506
1935000,215070643.4782078,-290761008.07279873,99495.955054692196,858.73709105263504,636.07654765412826,-15.34212120612791
1936800,216613425.55411625,-289612085.48324716,71856.8665429963,855.46125025024332,640.50119844636731,-15.367896836226208
1938600,218150289.732979,-288455214.27085984,44171.816163731353,852.16166592667139,644.90832847776403,-15.393189601475243
1940400,219681193.36330613,-287290426.09339935,16441.674935968069,848.83843472100841,649.29780407499618,-15.417997437173813
1942200,221206093.96831846,-286117752.84871662,-11332.682429553113,845.49165411642002,653.66949214718454,-15.442318306238201
1944000,222724949.24746308,-284937226.67369759,-39150.377580512606,842.12142243611277,658.02326019224847,-15.466150199623021
1945800,224237717.0779219,-283748879.94319695,-67010.528573855932,838.72783883926616,662.35897630327065,-15.489491136737916
1947600,225744355.51611251,-282552745.26896167,-94912.249927394208,835.31100331680909,666.67650917466153,-15.512339165870937
1949400,227244822.7991817,-281348855.49854296,-122854.65267215276,831.87101668729497,670.97572810855002,-15.534692364596442
1951200,228739077.34649128,-280137243.71419621,-150836.84440545947,828.40798059261851,675.25650302096881,-15.556548840189075
1953000,230227077.76109627,-278917943.23177123,-178857.92934477382,824.921997493704,679.51870444805172,-15.577906730032868
1954800,231708782.83121526,-277690987.59958965,-206917.00838224983,821.41317066613999,683.76220355219698,-15.598764202027327
1956600,233184151.53169265,-276456410.59731287,-235013.17914002691,817.88160419576002,687.98687212819721,-15.619119454990305
1958400,234653143.0254533,-275214246.23479789,-263145.53602624312,814.32740297416933,692.19258260933589,-15.638970719057456
1960200,236115716.66494879,-273964528.75094253,-291313.17029176373,810.75067269421913,696.37920807344904,-15.658316256078033
1962000,237571831.99359539,-272707292.6125198,-319515.17008761916,807.15151984542706,700.5466222489523,-15.677154360006814
1963800,239021448.74720421,-271442572.51300168,-347750.62052314455,803.53005170934648,704.69469952083136,-15.695483357291913
1965600,240464526.85540235,-270170403.37137181,-376018.60372481367,799.88637635488169,708.82331493659831,-15.713301607258273
1967400,241901026.44304606,-268890820.33092749,-404318.19889575889,796.2206026335532,712.93234421221018,-15.73060750248654
1969200,243330907.83162519,-267603858.75807136,-432648.48237596877,792.53284017470958,717.02166373795069,-15.747399469187291
1971000,244754131.54065862,-266309554.24109223,-461008.52770315512,788.82319938068895,721.09115058427517,-15.763675967570059
1972800,246170658.28908163,-265007942.58893561,-489397.40567427926,785.09179142192977,725.1406825076175,-15.77943549220724
1974600,247580448.99662372,-263699059.82996365,-517814.18440772861,781.33872823202989,729.17013795615799,-15.79467657239247
1976400,248983464.78517821,-262382942.21070495,-546257.92940613313,777.56412250275594,733.1793960755524,-15.809397772493279
1978200,250379666.98016202,-261059626.194594,-574727.70361981122,773.76808767900263,737.16833671462291,-15.82359769229781
1980000,251769017.11186686,-259729148.46070021,-603222.56751083501,769.95073795370229,741.1368404310075,-15.837274967355386
1981800,253151476.91680118,-258391545.90244713,-631741.57911770069,766.11218826268453,745.08478849676965,-15.850428269310592
1983600,254527008.33902255,-257046855.62632146,-660283.79412059719,762.25255427948787,749.01206290396749,-15.863056306230845
1985400,255895573.53146106,-255695114.95057204,-688848.26590725593,758.37195241012114,752.91854637018105,-15.875157822926944
1987200,257257134.85723281,-254336361.40389898,-717434.0456393729,754.47049978777761,756.80412234399751,-15.88673160126663
1989000,258611654.890944,-252970632.72413293,-746040.18231958733,750.5483142675007,760.66867501045431,-15.897776460480811
1990800,259959096.41998574,-251597966.8569046,-774665.72285900521,746.6055144208018,764.51208929643963,-15.908291257462183
1992600,261299422.44581845,-250218401.95430464,-803309.71214525402,742.64221953023025,768.33425087604883,-15.918274887056144
1994400,262632596.18524712,-248831976.37353384,-831971.1931110532,738.65854958389696,772.13504617589695,-15.927726282343633
1996200,263958581.07168606,-247438728.67554387,-860649.20680328645,734.65462526995043,775.91436238038716,-15.936644414915843
1998000,265277340.75641418,-246038697.62366861,-889342.79245256109,730.63056797100751,779.67208743693368,-15.945028295140469
1999800,266588839.10981989,-244631922.18224585,-918050.98754323903,726.58649975853655,783.40811006114029,-15.952876972419274
2001600,267893040.22263601,-243218441.51523015,-946772.82788392319,722.52254338719558,787.12231974193082,-15.960189535436893
2003400,269189908.40716434,-241798294.9847962,-975507.34767838416,718.43882228912514,790.81460674663492,-15.966965112400443
2005200,270479408.19848984,-240371522.14993322,-1004253.5795969089,714.33546056819603,794.48486212602586,-15.973202871269988
2007000,271761504.35568482,-238938162.76503006,-1033010.5548480564,710.21258299421197,798.13297771931047,-15.978902019979449
2008800,273036161.86300212,-237498256.7784518,-1061777.3032508024,706.07031499706795,801.75884615907148,-15.984061806647984
2010600,274303345.93105793,-236051844.33110711,-1090552.853307056,701.90878266086509,805.36236087615998,-15.9886815197813
2012400,275563021.99800432,-234598965.75500706,-1119336.2322745288,697.72811271798162,808.9434161045408,-15.99276048846316
2014200,276815155.73069072,-233139661.5718151,-1148126.4662399397,693.52843254310017,812.50190688608507,-15.996298082536462
2016000,278059713.02581435,-231673972.49138886,-1176922.5801925368,689.30987014719301,816.03772907531493,-15.999293712774094
2017800,279296660.01106036,-230201939.41031271,-1205723.5980979181,685.07255417146382,819.5507793440953,-16.001746831039089
2019600,280525963.04623061,-228723603.41042265,-1234528.5429721281,680.81661388124826,823.04095518627582,-16.003656930434119
2021400,281747588.7243619,-227239005.75732246,-1263336.4369560175,676.54217915987215,826.50815492227957,-16.005023545440039
2023200,282961503.87283236,-225748187.89889193,-1292146.3013898383,672.24938050246908,829.95227770363908,-16.005846252043419
2025000,284167675.55445749,-224251191.46378663,-1320957.1568880626,667.93834900975651,833.37322351747946,-16.006124667852827
2026800,285366071.06857437,-222748058.25993007,-1349768.0234143969,663.6092163817716,836.77089319094853,-16.005858452203821
2028600,286556657.95211476,-221238830.27299747,-1378577.9203569768,659.26211491156698,840.14518839559014,-16.00504730625245
2030400,287739403.98066694,-219723549.66489214,-1407385.8666037198,654.89717747886675,843.49601165166564,-16.0036909730571
2032200,288914277.16952574,-218202258.77221382,-1436190.8806178139,650.51453754368401,846.82326633241712,-16.001789237648687
2034000,290081245.7747317,-216675000.10471958,-1464991.9805133229,646.11432913989859,850.1268566682761,-15.999341927088929
2035800,291240278.29409772,-215141816.34377721,-1493788.1841308842,641.69668686879709,853.40668775101472,-15.99634891051673
2037600,292391343.46822518,-213602750.34081089,-1522578.5091134829,637.2617458925755,856.66266553783976,-15.992810099182487
2039400,293534410.28150696,-212057845.11574003,-1551361.9729822716,632.80964192780368,859.89469685542917,-15.988725446470239
2041200,294669447.96312004,-210507143.85541037,-1580137.5932124229,628.3405112388532,863.10268940391018,-15.984094947907632
2043000,295796425.98800504,-208950689.91201854,-1608904.3873089878,623.85449063128976,866.28655176077712,-15.978918641163537
2044800,296915314.07783502,-207388526.80152905,-1637661.3728827382,619.35171744522779,869.44619338475047,-15.973196606033373
2046600,298026082.20197123,-205820698.20208475,-1666407.5677259723,614.83232954865218,872.58152461957627,-15.966928964411887
2048400,299128700.57840711,-204247247.95241043,-1695141.989888259,610.29646533070309,875.69245669776387,-15.960115880253586
2050200,300223139.67470086,-202668220.05020973,-1723863.6577521018,605.74426369492767,878.7789017442617,-15.952757559520546
2052000,301309370.20889491,-201083658.65055546,-1752571.5901084943,601.17586405249756,881.84077278007237,-15.944854250117743
2053800,302387363.15042329,-199493608.06427357,-1781264.8062323509,596.59140631539356,884.87798372580414,-15.936406241815739
2055600,303457089.72100741,-197898112.75632054,-1809942.3259577861,591.99103088955746,887.89044940515942,-15.92741386616086
2057400,304518521.39553863,-196297217.34415489,-1838603.169753219,587.37487866801177,890.87808554836045,-15.917877496372677
2059200,305571629.90294915,-194690966.59610233,-1867246.3587962857,582.7430910239483,893.84080879550879,-15.907797547228983
2061000,306616387.22706974,-193079405.42971501,-1895870.9150485292,578.09580980378598,896.77853669988156,-15.897174474938135
2062800,307652765.60747546,-191462578.91012496,-1924475.8613298512,573.43317732019807,899.69118773116088,-15.886008776998818
2064600,308680737.54031855,-189840532.24839157,-1953060.2213926984,568.75533634510975,902.57868127859899,-15.87430099204734
2066400,309700275.77914852,-188213310.79984364,-1981623.0199959639,564.06243010266758,905.44093765411424,-15.862051699692348
2068200,310711353.33572054,-186580960.06241587,-2010163.2829785787,559.35460226218026,908.27787809532231,-15.849261520337201
2070000,311713943.48078936,-184943525.6749799,-2038680.0373327741,554.63199693103104,911.08942476849847,-15.835931114989849
2071800,312708019.74489236,-183301053.4156701,-2067172.3112769888,549.89475864756412,913.87550077147159,-15.822061185060454
2073600,313693555.91911823,-181653589.20020419,-2095639.1343284019,545.14303237394529,916.63603013644956,-15.807652472146758
2075400,314670526.05586368,-180001179.08019891,-2124079.5373750674,540.37696348899578,919.37093783277555,-15.792705757807253
2077200,315638904.46957678,-178343869.24148077,-2152492.552747631,535.59669778100135,922.08014976961374,-15.777221863322374
2079000,316598665.73748779,-176681706.00239193,-2180877.2142906073,530.80238144049929,924.7635927985657,-15.761201649443642
2080800,317549784.70032662,-175014735.81209165,-2209232.5574331898,525.99416105303942,927.42119471621481,-15.744646016130954
2082600,318492236.46302694,-173343005.24885291,-2237557.6192595819,521.17218359192418,930.05288426659979,-15.727555902278231
2084400,319425996.39541817,-171666561.01835489,-2265851.438578825,516.33659641092697,932.65859114361672,-15.709932285427357
2086200,320351040.13290322,-169985449.95197129,-2294113.0559940962,511.48754723698903,935.23824599334762,-15.691776181470749
2088000,321267343.57712406,-168299719.00505406,-2322341.5139714628,506.62518416289606,937.79178041631769,-15.673088644342554
2089800,322174882.89661336,-166609415.25521347,-2350535.8569080727,501.74965563993561,940.31912696967788,-15.653870765698713
2091600,323073634.5274331,-164914585.90059462,-2378695.1311997566,496.86111047053618,942.82021916931512,-15.634123674586021
2093400,323963575.17380035,-163215278.25814942,-2406818.3853080249,491.95969780088859,945.29499149188689,-15.613848537100365
2095200,324844681.80869907,-161511539.7619057,-2434904.6698264428,487.04556711354996,947.74337937678229,-15.593046556034311
2097000,325716931.67447895,-159803417.96123254,-2462953.0375463562,482.11886822003231,950.16531922800823,-15.571718970514224
2098800,326580302.28344101,-158090960.51910219,-2490962.5435219612,477.17975125337591,952.56074841599968,-15.549867055627191
2100600,327434771.41840935,-156374215.21034908,-2518932.245134688,472.22836666070839,954.92960527935429,-15.527492122037794
2102400,328280317.13329023,-154653229.91992566,-2546861.2021568897,467.26486519579021,957.27182912649141,-15.504595515595101
2104200,329116917.75361675,-152928052.64115503,-2574748.4768148107,462.28939791154858,959.58736023723475,-15.481178616929967
2106000,329944551.87708116,-151198731.47398129,-2602593.1338508264,457.30211615259878,961.87613986431734,-15.457242841042977
2107800,330763198.37405294,-149465314.62321693,-2630394.2405849313,452.30317154775588,964.13811023481082,-15.432789636883207
2109600,331572836.38808352,-147727850.39678776,-2658150.8669754607,447.29271600253651,966.37321455147605,-15.407820486917963
2111400,332373445.33639753,-145986387.20397562,-2685862.0856790282,442.27090169165183,968.58139699403728,-15.382336906693942
2113200,333165004.91037083,-144240973.55365855,-2713526.972109667,437.23788105149339,970.76260272037791,-15.356340444389836
2115000,333947495.07599473,-142491658.0525493,-2741144.6044971617,432.19380677261137,972.91677786765831,-15.32983268036079
2116800,334720896.07432657,-140738489.40343156,-2768714.0639445474,427.13883179218828,975.04386955335497,-15.302815226674889
2118600,335485188.42192686,-138981516.40339458,-2796234.4344847687,422.07310928650679,977.14382587622185,-15.275289726642022
2120400,336240352.91128308,-137220787.94206595,-2823704.8031364889,416.99679266341496,979.21659591717275,-15.247257854335238
2122200,336986370.61121953,-135456352.99984321,-2851124.2599590262,411.91003555478767,981.26212974008433,-15.218721314105084
2124000,337723222.86729378,-133688260.64612362,-2878491.8981064092,406.81299180898748,983.28037839252147,-15.189681840086982
2125800,338450891.30217987,-131916560.03753299,-2905806.8138805437,401.70581548332393,985.27129390638208,-15.160141195702103
2127600,339169357.81603718,-130141300.4161534,-2933068.1067834729,396.58866083651372,987.23482929846364,-15.130101173151937
2129400,339878604.5868665,-128362531.10774997,-2960274.8795687193,391.46168232114229,989.17093857095074,-15.099563592906792
2131200,340578614.07085198,-126580301.51999664,-2987426.2382917088,386.32503457612773,991.07957671182237,-15.068530303188661
2133000,341269369.0026899,-124794661.14070164,-3014521.2923592511,381.17887241918794,992.96069969518112,-15.037003179448659
2134800,341950852.395904,-123005659.53603196,-3041559.154578079,376.02335083931325,994.81426448150148,-15.004984123839286
2136600,342623047.54314631,-121213346.34873797,-3068538.941202431,370.85862498924359,996.64022901780095,-14.972475064681895
2138400,343285938.01648563,-119417771.29637744,-3095459.771980674,365.68485017795308,998.43855223773016,-14.939477955929659
2140200,343939507.66768205,-117618984.16953951,-3122320.7702009557,360.50218186314225,1000.2091940615849,-14.905994776626301
2142000,344583740.62844753,-115817034.83006898,-3149121.0627358714,355.31077564373896,1001.9521153962382,-14.872027530360855
2143800,345218621.3106938,-114011973.20929033,-3175859.7800861597,350.11078725240912,1003.6672781349938,-14.837578244718907
2145600,345844134.40676606,-112203849.30623253,-3202536.056423394,344.90237254807869,1005.3546451573616,-14.802648970730433
2147400,346460264.88966352,-110392713.18585409,-3229149.0296316864,339.68568750846742,1007.0141803287531,-14.767241782314663
2149200,347066998.01324672,-108578614.97726874,-3255697.8413483854,334.46088822263613,1008.6458485000996,-14.731358775722281
2151000,347664319.3124311,-106761604.87197188,-3282181.6370037696,329.22813088354741,1010.2496155073907,-14.695002068975171
2152800,348252214.60336751,-104941733.12206796,-3308599.565859728,323.98757178064255,1011.8254481711364,-14.658173801304073
2154600,348830669.98360872,-103119050.03849892,-3334950.7810474327,318.73936729243383,1013.3733142957499,-14.620876132584499
2156400,349399671.83226377,-101293605.9892738,-3361234.4396039853,313.48367387911497,1014.893182668854,-14.583111242771109
2158200,349959206.81013787,-99465451.39769955,-3387449.7025080533,308.22064807518962,1016.3850230605103,-14.544881331330888
2160000,350509261.85985976,-97634636.740613461,-3413595.7347144792,302.95044648211939,1017.8488062223697,-14.506188616675505
2161800,351049824.20599568,-95801212.546617106,-3439671.7051878725,297.67322576099247,1019.2845038867495,-14.467035335592996
2163600,351580881.35514975,-93965229.394312039,-3465676.7869351706,292.38914262521422,1020.6920887656312,-14.427423742679199
2165400,352102421.09605199,-92126737.910537347,-3491610.1570371864,287.09835383321968,1022.071534549585,-14.387356109769144
2167200,352614431.49963272,-90285788.768609211,-3517470.996679124,281.80101618121034,1023.4228159066172,-14.346834725368762
2169000,353116900.91908389,-88442432.686562628,-3543258.4911800749,276.49728649591566,1024.7459084809439,-14.30586189408716
2170800,353609817.98990774,-86596720.425395414,-3568971.8300214973,271.18732162738019,1026.0407888916893,-14.264439936069699
2172600,354093171.62995201,-84748702.787314534,-3594610.2068746667,265.87127844177706,1027.307434731511,-14.222571186432255
2174400,354566951.03943288,-82898430.613985077,-3620172.8196271188,260.54931381425018,1028.545824565151,-14.180257994696877
2176200,355031145.70094442,-81045954.784781888,-3645658.8704080712,255.22158462178456,1029.7559379279141,-14.137502724229083
2178000,355485745.37945563,-79191326.215043887,-3671067.5656128391,249.88824773610617,1030.9377553240747,-14.094307751677178
2179800,355930740.12229455,-77334595.854331553,-3696398.1159262387,244.54946001661347,1032.0912582252106,-14.050675466413708
2181600,356366120.25911975,-75475814.684687153,-3721649.7363449931,239.20537830333996,1033.2164290684661,-14.006608269979413
2183400,356791876.40187919,-73615033.718898505,-3746821.6461991342,233.85615940994944,1034.3132512547447,-13.962108575529937
2185200,357207999.44475657,-71752303.998765796,-3771913.069172414,228.50196011676536,1035.3817091468318,-13.917178807285438
2187000,357614480.56410468,-69887676.593371943,-3796923.2333217282,223.14293716383415,1036.421788067448,-13.871821399983506
2188800,358011311.21836728,-68021202.597356588,-3821851.3710955586,217.77924724402453,1037.4334742972339,-13.826038798335443
2190600,358398483.14798748,-66152933.129193597,-3846696.7193514374,212.41104699616309,1038.4167550726663,-13.779833456486321
2192400,358775988.37530464,-64282919.329472542,-3871458.5193724469,207.03849299820706,1039.3716185839089,-13.733207837478906
2194200,359143819.20443857,-62411212.359184042,-3896136.0168827553,201.66174176045527,1040.2980539725945,-13.686164412721752
2196000,359501968.22116154,-60537863.398009174,-3920728.4620621973,196.28094971879852,1041.1960513295428,-13.638705661461646
2197800,359850428.29275846,-58662923.642613024,-3945235.1095599169,190.89627322800922,1042.0656016924129,-13.590834070260625
2199600,360189192.56787497,-56786444.304942526,-3969655.2185070608,185.50786855507249,1042.9066970432909,-13.542552132477768
2201400,360518254.47635299,-54908476.61052873,-3993988.0525285578,180.11589187255825,1043.7193303062159,-13.493862347755972
2203200,360837607.7290554,-53029071.796793588,-4018232.879753965,174.72049925203621,1044.5034953446411,-13.444767221513926
2205000,361147246.31767821,-51148281.111361258,-4042388.9728274154,169.32184665753346,1045.2591869588355,-13.395269264443391
2206800,361447164.51455063,-49266155.810374297,-4066455.6089166589,163.92008993903661,1045.9864008832226,-13.345370992012047
2208600,361737356.8724246,-47382747.15681459,-4090432.0697212173,158.51538482603817,1046.6851337836601,-13.29507492397205
2210400,362017818.22425187,-45498106.418829292,-4114317.641479657,153.10788692112854,1047.3553832546609,-13.24438358387448
2212200,362288543.68294996,-43612284.868061736,-4138111.6149759963,147.69775169363436,1047.9971478165546,-13.193299498589832
2214000,362549528.64115626,-41725333.777987607,-4161813.2855452509,142.2851344733034,1048.6104269125931,-13.141825197834706
2215800,362800768.7709716,-39837304.422256313,-4185421.9530781382,136.87019044403723,1049.1952209059971,-13.089963213704802
2217600,363042260.02369171,-37948248.073037766,-4208936.922024942,131.4530746376721,1049.7515310769509,-13.037716080214491
2219400,363273998.6295284,-36058215.999374524,-4232357.5013985606,126.03394192780854,1050.2793596195393,-12.985086332842943
2221200,363495981.09731871,-34167259.465539657,-4255683.0047767349,120.61294702369079,1050.7787096386314,-12.932076508087055
2223000,363708204.21422398,-32275429.729400124,-4278912.7503034854,115.19024446413599,1051.2495851467136,-12.8786891430212
2224800,363910665.04541743,-30382778.040785976,-4302046.0606897622,109.76598861151425,1051.6919910606687,-12.824926774864027
2226600,364103360.9337613,-28489355.639865346,-4325082.2632133178,104.34033364578021,1052.1059331985041,-12.770791940552368
2228400,364286289.49947321,-26595213.755525436,-4348020.6897178227,98.913433558556008,1052.4914182760328,-12.716287176322282
2230200,364459448.63978171,-24700403.603759486,-4370860.6766112326,93.485442147266937,1052.8484539035016,-12.661415017297509
2232000,364622836.52857149,-22804976.386059865,-4393601.5648634201,88.056513009329933,1053.1770485821746,-12.606177997085195
2233800,364776451.61601841,-20908983.287817333,-4416242.7000030885,82.62679953639541,1053.4772117008692,-12.550578647379258
2235600,364920292.62821394,-19012475.476726618,-4438783.4321139781,77.196454908642949,1053.7489535324448,-12.49461949757112
2237400,365054358.56677902,-17115504.101198331,-4461223.1158303684,71.76563208913133,1053.9922852302479,-12.438303074368228
2239200,365178648.70846856,-15218120.288777314,-4483561.1103319237,66.334483818203395,1054.2072188245131,-12.381631901420194
2241000,365293162.60476559,-13320375.14456751,-4505796.7793378467,60.90316260794576,1054.3937672187212,-12.32460849895269
2242800,365397900.0814653,-11422319.749663442,-4527929.4911003932,55.471820736704508,1054.5519441859155,-12.267235383409178
2244600,365492861.23824954,-9524005.1595883351,-4549958.6183977528,50.040610243656481,1054.6817643649774,-12.209515067100458
2246400,365578046.44825119,-7625482.4027389921,-4571883.5385262948,44.609682923437084,1054.7832432568616,-12.151450057862165
2248200,365653456.35760957,-5726802.4788374882,-4593703.6332922168,39.179190320824517,1054.8563972207933,-12.093042858720148
2250000,365719091.88501573,-3828016.3573897248,-4615418.289002588,33.749283725481128,1054.9012434704277,-12.034295967563832
2251800,365774954.22124863,-1929174.9761509355,-4637026.8964558151,28.320114166751775,1054.9178000699726,-11.975211876827549
2253600,365821044.82870179,-30329.239598222775,-4658528.8509315411,22.891832408519935,1054.9060859302745,-11.915793073179902
2255400,365857365.4409011,1868469.9825898551,-4679923.5521800006,17.464588944121395,1054.8661208048713,-11.856042037221167
2257200,365883918.06201321,3767171.8570465469,-4701210.4044108251,12.038533991315973,1054.7979252860116,-11.795961243188621
2259000,365900704.96634483,5665725.5882229768,-4722388.816281327,6.6138174873175455,1054.7015208006394,-11.735553158670035
2260800,365907728.69783372,7564080.4198869662,-4743458.2008842854,1.1905890838824229,1054.5769296063499,-11.674820244325137
2262600,365904992.06952989,9462185.6366145387,-4764417.9757352276,-4.231001857543859,1054.4241747873129,-11.61376495361502
2264400,365892498.16306943,11359990.565274062,-4785267.5627592346,-9.6508062706206807,1054.2432802501671,-11.552389732539734
2266200,365870250.32813859,13257444.576502973,-4806006.388277282,-15.068675388847852,1054.0342707198861,-11.490697019383694
2268000,365838252.18192989,15154497.086177055,-4826633.8829921251,-20.48446075024199,1053.7971717356163,-11.428689244469201
2269800,365796507.60858983,17051097.556872163,-4847149.481973757,-25.898014201953899,1053.5320096464907,-11.366368829917828
2271600,365745020.75865853,18947195.499318421,-4867552.6246444341,-31.309187904826626,1053.2388116074137,-11.303738189419757
2273400,365683796.04850078,20842740.473846801,-4887842.7547632996,-36.717834337894402,1052.9176055748244,-11.240799728011012
2275200,365612838.15972942,22737682.091828052,-4908019.3204106102,-42.123806302822125,1052.5684203024339,-11.177555841858533
2277000,365532152.03862077,24631970.017103929,-4928081.7739715846,-47.52695692828572,1052.1912853369427,-11.114008918053031
2278800,365441742.89552194,26525553.967410725,-4948029.5721198879,-52.927139674292938,1051.7862310137346,-11.050161334409642
2280600,365341616.20425051,28418383.715794988,-4967862.1758007584,-58.324208336444904,1051.3532884525505,-10.986015459276326
2282400,365231777.70148677,30310409.092021465,-4987579.0502138026,-63.718017050138428,1050.8924895531441,-10.921573651349805
2284200,365112233.38615841,32201579.983973194,-5007179.6647954639,-69.108420294708907,1050.4038669909173,-10.856838259499256
2286000,364982989.51881784,34091846.339043744,-5026663.4932011738,-74.495272897514042,1049.8874542125382,-10.791811622597441
2287800,364844052.62101191,35981158.165521525,-5046030.0132872192,-79.878430037958367,1049.3432854315438,-10.726496069359406
2289600,364695429.4746446,37869465.533966176,-5065278.7070923168,-85.257747251459392,1048.7713956239259,-10.660893918188004
2291400,364537127.12133288,39756718.578577057,-5084409.0608188901,-90.633080433381679,1048.1718205237412,-10.595007477001037
2293200,364369152.86175531,41642867.498553649,-5103420.5648141485,-96.004285842798808,1047.544596618548,-10.528839043173962
2295000,364191514.25499374,43527862.559447967,-5122312.7135509178,-101.37122010636888,1046.8897611450732,-10.462390903324788
2296800,364004219.1178686,45411654.094508976,-5141085.0056081824,-106.73374022203606,1046.2073520847032,-10.395665333216977
2298600,363807275.52426702,47294192.506018996,-5159736.9436514415,-112.09170356270253,1045.4974081590053,-10.328664597641533
2300400,363600691.8044647,49175428.26662194,-5178268.0344128609,-117.44496787984239,1044.7599688252387,-10.261390950306094
2302200,363384476.54444128,51055311.920643546,-5196677.7886712262,-122.79339130705725,1043.9950742718561,-10.193846633730905
2304000,363158638.58518952,52933794.085403487,-5214965.7212317167,-128.13683236357423,1043.2027654139974,-10.126033879151612
2305800,362923187.02201772,54810825.45251929,-5233131.3509055143,-133.47514995768637,1042.3830838889733,-10.057954906428746
2307600,362678131.20384669,56686356.789202213,-5251174.2004892454,-138.80820339013553,1041.5360720517463,-9.9896119239638477
2309400,362423480.73250026,58560338.939544946,-5269093.7967442889,-144.1358523574381,1040.6617729704021,-9.9210071286221861
2311200,362159245.46198976,60432722.825801119,-5286889.6703759469,-149.45795695515403,1039.7602304216177,-9.8521427056618549
2313000,361885435.49779296,62303459.449656755,-5304561.3560124869,-154.77437768109914,1038.8314888861241,-9.783020828669283
2314800,361602061.19612712,64172499.893493399,-5322108.3921840852,-160.0849754385012,1037.8755935441677,-9.713643659500999
2316600,361309133.16321659,66039795.321643203,-5339530.3213016652,-165.38961153909983,1036.892590270965,-9.6440133482315424
2318400,361006662.25455469,67905296.981635794,-5356826.6896356437,-170.68814770619059,1035.8825256321609,-9.5741320331074906
2320200,360694659.57416004,69768956.205436915,-5373997.0472946055,-175.980446077614,1034.8454468792802,-9.5040018405074775
2322000,360373136.47382784,71630724.410678938,-5391040.9482039111,-181.26636920868921,1033.7814019451821,-9.4336248849079833
2323800,360042104.55237597,73490553.101883188,-5407957.950084242,-186.54578007509295,1032.6904394395158,-9.3630032688550546
2325600,359701575.65488547,75348393.871674046,-5424747.6144301128,-191.81854207568404,1031.5726086441734,-9.2921390829416115
2327400,359351561.87193662,77204198.4019849,-5441409.5064883297,-197.08451903527398,1030.4279595087492,-9.221034405790391
2329200,358992075.53883964,79057918.465255991,-5457943.1952364398,-202.34357520734375,1029.2565426459973,-9.1496913040423316
2331000,358623129.23486054,80909505.925623864,-5474348.2533611543,-207.59557527670717,1028.0584093272967,-9.0781118323503467
2332800,358244735.78244257,82758912.740102991,-5490624.2572367722,-212.84038436212168,1026.8336114781162,-9.0062980333784264
2334600,357856908.24642283,84606090.959758937,-5506770.7869035965,-218.07786801884617,1025.5822016734876,-8.934251937805854
2336400,357459659.93324423,86450992.730873525,-5522787.4260463752,-223.30789224114687,1024.3042331334825,-8.861975564336575
2338200,357053004.39016283,88293570.296101883,-5538673.7619727552,-228.53032346475169,1022.9997597186937,-8.7894709197134588
2340000,356636955.40445137,90133775.995621294,-5554429.3855917696,-233.74502856925281,1021.6688359257261,-8.7167399987374949
2341800,356211527.00259835,91971562.268271923,-5570053.8913923651,-238.95187488045872,1020.3115168826927,-8.6437847842917659
2343600,355776733.44950211,93806881.652689576,-5585546.8774219714,-244.15073017269549,1018.9278583447204,-8.5706072473700701
2345400,355332589.24766201,95639686.788430199,-5600907.945265132,-249.34146267105839,1017.5179166894615,-8.4972093471101253
2347200,354879109.13636494,97469930.417086422,-5616136.7000221936,-254.52394105361375,1016.0817489126171,-8.4235930308312383
2349000,354416308.09086776,99297565.383396074,-5631232.750288073,-259.69803445355137,1014.6194126234684,-8.3497602340763564
2350800,353944201.32157654,101122544.63634251,-5646195.7081311028,-264.86361246128877,1013.1309660404193,-8.275712880658384
2352600,353462804.27322173,102944821.23024711,-5661025.189071957,-270.02054512652694,1011.6164679865486,-8.2014528827106812
2354400,352972132.62402928,104764348.32585368,-5675720.8120626798,-275.16870296025832,1010.0759778851755,-8.1269821407416369
2356200,352472202.28488851,106581079.19140489,-5690282.1994658094,-280.30795693672746,1008.5095557554341,-8.0523025436931714
2358000,351963029.39851713,108394967.20371081,-5704708.9770336179,-285.43817849534503,1006.9172622078637,-7.9774159690031858
2359800,351444630.33862156,110205965.84920938,-5719000.7738874629,-290.55923954255553,1005.2991584400089,-7.9023242826717484
2361600,350917021.70905501,112014028.72501922,-5733157.2224972565,-295.67101245365876,1003.6553062320357,-7.8270293393309815
2363400,350380220.34297186,113819109.53998423,-5747177.9586610748,-300.77337007458652,1001.9857679423596,-7.7515329823184844
2365200,349834243.30197901,115621162.11571066,-5761062.6214848952,-305.86618572363403,1000.2906065032893,-7.6758370437543633
2367000,349279107.87528396,117420140.38759623,-5774810.8533624709,-310.94933319314714,998.56988541668466,-7.5999433446215221
2368800,348714831.57884008,119215998.40585126,-5788422.2999553671,-316.02268675116551,996.82366874963031,-7.5238536948493593
2370600,348141432.15448898,121008690.33651231,-5801896.6101731388,-321.08612114302298,995.0520211301249,-7.44756989340065
2372400,347558927.56909996,122798170.46244797,-5815233.4361536708,-326.13951159290434,993.25500774278635,-7.3710937283615134
2374200,346967336.01370662,124584393.18435685,-5828432.4332436817,-331.18273380536033,991.43269432457419,-7.2944269770344485
2376000,346366675.902641,126367313.02175805,-5841493.2599794026,-336.21566396678037,989.58514716052809,-7.2175714060343301
2377800,345756965.87266475,128146884.61397378,-5854415.5780674266,-341.2381787468247,987.71243307952579,-7.1405287713872063
2379600,345138224.78209835,129923062.72110455,-5867199.0523657389,-346.25015529981476,985.8146194500556,-7.063300818631892
2381400,344510471.70994723,131695802.2249966,-5879843.3508649357,-351.2514712660842,983.89177417601024,-6.9858892829242274
2383200,343873725.95502573,133465058.13020195,-5892348.1446696268,-356.24200477328941,981.94396569249739,-6.9082958891439796
2385000,343228007.03507888,135230785.56493074,-5904713.1079800399,-361.22163443768153,979.97126296167005,-6.8305223520041665
2386800,342573334.68590188,136992939.78199622,-5916937.91807382,-366.1902393653391,977.97373546857557,-6.7525703761628844
2388600,341909728.86045724,138751476.15975225,-5929022.2552880328,-371.14769915336313,975.95145321702455,-6.6744416563374775
2390400,341237209.72798985,140506350.20302328,-5940965.8030013749,-376.09389389103393,973.9044867254795,-6.5961378774208699
2392200,340555797.67314017,142257517.54402724,-5952768.2476165965,-381.02870416093145,971.83290702296404,-6.5176607146002494
2394000,339865513.29505497,144004933.94329062,-5964429.2785431435,-385.95201104001836,969.73678564499244,-6.4390118334777258
2395800,339166377.406497,145748555.29055676,-5975948.5881800074,-390.86369610068772,967.61619462952012,-6.360192890193078
2397600,338458411.03295201,147488337.60568631,-5987325.8718988076,-395.76364141177481,965.47120651291448,-6.2812055315484274
2399400,337741635.41173446,149224237.03955117,-5998560.8280271022,-400.65172953953385,963.30189432594807,-6.20205139513482
2401200,337016071.99109095,150956209.87492046,-6009653.1578319157,-405.52784354858045,961.10833158981325,-6.1227321094605642
2403000,336281742.42930263,152684212.52733994,-6020602.5655035134,-410.39186700279998,958.89059231215822,-6.0432492940813836
2404800,335538668.59378552,154408201.54600385,-6031408.7581394007,-415.24368396622276,956.64875098314553,-5.9636045597321532
2406600,334786872.56018978,156128133.61462018,-6042071.4457285656,-420.08317900386618,954.38288257153295,-5.883799508460223
2408400,334026376.61149698,157843965.55226842,-6052590.3411359666,-424.91023718254439,952.0930625207767,-5.8038357337603683
2410200,333257203.23711634,159555654.31425068,-6062965.1600872567,-429.72474407164651,949.77936674515763,-5.723714820711054
2412000,332479375.13197923,161263156.99293554,-6073195.6211537579,-434.526585743883,947.44187162593039,-5.6434383461122035
2413800,331692915.19563252,162966430.81859526,-6083281.4457376869,-439.31564877600198,945.08065400749604,-5.5630078786242123
2415600,330897846.53133088,164665433.16023606,-6093222.3580576256,-444.09182024947449,942.6957911935973,-5.48242497890827
2417400,330094192.44512755,166360121.52642146,-6103018.0851342557,-448.85498775115099,940.28736094353815,-5.4016911997678605
2419200,329281976.44496423,168050453.56608886,-6112668.3567763409,-453.60503937388762,937.85544146842676,-5.3208080862913798
2421000,328461222.23975939,169736387.06935942,-6122172.9055669643,-458.3418637171448,935.40011142744197,-5.2397771759958758
2422800,327631953.73849636,171417879.96834141,-6131531.4668500358,-463.06534988755658,932.92144992412454,-5.1585999989717264
2424600,326794195.04930943,173094890.33792663,-6140743.778717055,-467.77538749947342,930.41953650269227,-5.0772780780283489
2426400,325947970.47856998,174767376.39658031,-6149809.5819941312,-472.47186667547749,927.89445114437888,-4.9958129288407793
2428200,325093304.52997071,176435296.50712445,-6158728.6202292852,-477.1546780468708,925.34627426379825,-4.9142060600970821
2430000,324230221.90360987,178098609.1775147,-6167500.6396799916,-481.823712754138,922.77508670533246,-4.8324589736465935
2431800,323358747.49507439,179757273.06161079,-6176125.3893010151,-486.47886244738334,920.18096973954493,-4.7505731646488085
2433600,322478906.39452183,181411246.95994025,-6184602.6207324974,-491.12001928674249,917.56400505961722,-4.6685501217230589
2435400,321590723.88576233,183060489.82045603,-6192932.088288324,-495.74707594277004,914.92427477781291,-4.5863913270987595
2437200,320694225.44533926,184704960.73928773,-6201113.5489447527,-500.35992559680221,912.26186142196445,-4.504098256766242
2439000,319789436.74160975,186344618.96148646,-6209146.7623293195,-504.95846194129706,909.57684793198518,-4.4216723806281149
2440800,318876383.63382423,187979423.88176343,-6217031.4907100257,-509.54257918015117,906.86931765640759,-4.3391151626511455
2442600,317955092.17120546,189609335.04522237,-6224767.498984782,-514.11217202899331,904.1393543489454,-4.2564280610185303
2444400,317025588.59202754,191234312.1480858,-6232354.5546711395,-518.66713571545688,901.38704216508211,-4.173612528282562
2446200,316087899.32269371,192854315.03841522,-6239792.4278962892,-523.20736597942982,898.61246565868294,-4.0906700115176946
2448000,315142050.97681403,194469303.71682504,-6247080.8913873406,-527.73275907328446,895.8157097786343,-4.0076019524738129
2449800,314188070.35428321,196079238.33719069,-6254219.7204618752,-532.24321176208662,892.99685986550719,-3.9244097877298243
2451600,313225984.44035709,197684079.2073507,-6261208.693018782,-536.73862132378338,890.15600164824559,-3.8410949488474908
2453400,312255820.40472955,199283786.78980267,-6268047.5895293569,-541.21888554937243,887.29322124088173,-3.7576588625253486
2455200,311277605.60060877,200878321.70239371,-6274736.193028695,-545.6839027430525,884.40860513927532,-3.6741029507528218
2457000,310291367.56379348,202467644.71900466,-6281274.2891073469,-550.13357172235374,881.50224021787847,-3.5904286309644271
2458800,309297134.01174867,204051716.77022865,-6287661.6659032637,-554.56779181825129,878.57421372652698,-3.5066373161939923
2460600,308294932.84268135,205630498.94404402,-6293898.1140940124,-558.98646287526026,875.62461328725522,-3.4227304152289548
2462400,307284792.13461643,207203952.48648134,-6299983.4268892668,-563.38948525151375,872.65352689113854,-3.338709332764572
2464200,306266740.1444717,208772038.80228496,-6305917.4000235945,-567.77675981882396,869.6610428951584,-3.2545754695581173
2466000,305240805.30713308,210334719.4555687,-6311699.8317494895,-572.14818796272687,866.64725001909562,-3.170330222582987
2467800,304207016.23453057,211891956.17046627,-6317330.5228307089,-576.5036715825114,863.61223734244675,-3.0859749851826743
2469600,303165401.71471292,213443710.83177584,-6322809.2765358789,-580.84311309123291,860.5560943013669,-3.0015111472245422
2471400,302115990.71092296,214989945.4855994,-6328135.8986323727,-585.16641541571096,857.47891068563695,-2.9169400952535001
2473200,301058812.36067271,216530622.33997664,-6333310.1973804701,-589.47348199651412,854.38077663565696,-2.8322632126453597
2475000,299993895.97481918,218065703.76551312,-6338331.983527787,-593.76421678792906,851.26178263946383,-2.7474818797599987
2476800,298921271.03663921,219595152.29600376,-6343201.0703039905,-598.03852425791672,848.12201952977409,-2.6625974740942091
2478600,297840967.20090491,221118930.62905014,-6347917.2734157797,-602.29630938805542,844.9615784810519,-2.5776113704342469
2480400,296753014.29295933,222637001.62667337,-6352480.4110421427,-606.53747767347022,841.78055100660208,-2.492524941008023
2482200,295657442.30779231,224149328.31592137,-6356890.303829887,-610.76193512275154,838.57902895568805,-2.4073395556369497
2484000,294554281.40911621,225655873.88947079,-6361146.7748894505,-614.96958825785953,835.35710451067371,-2.3220565818873347
2485800,293443561.9284417,227156601.70622435,-6365249.6497909697,-619.16034411401927,832.11487018419143,-2.2366773852214132
2487600,292325314.3641544,228651475.29190257,-6369198.7565606367,-623.33411023960309,828.85241881633272,-2.1512033291479007
2489400,291199569.38059092,230140458.33963078,-6372993.9256773125,-627.49079469600304,825.56984357186559,-2.0656357753720647
2491200,290066357.80711597,231623514.71052098,-6376634.9900694164,-631.63030605749225,822.26723793747465,-1.9799760839452574
2493000,288925710.63719898,233100608.43424892,-6380121.7851120802,-635.75255341107766,818.94469571902584,-1.8942256134140072
2494800,287777659.02749139,234571703.70962614,-6383454.1486245813,-639.85744635634182,815.60231103885656,-1.8083857209684897
2496600,286622234.29690421,236036764.90516719,-6386631.920868028,-643.94489500527663,812.24017833308756,-1.7224577625904305
2498400,285459467.92568588,237495756.55965203,-6389654.9445433179,-648.01480998210752,808.85839234896071,-1.6364430932004537
2500200,284289391.55450034,238948643.38268375,-6392523.0647893604,-652.0671024231101,805.45704814220051,-1.5503430668047569
2502000,283112036.98350555,240395390.2552413,-6395236.1291815657,-656.10168397641792,802.03624107439805,-1.4641590366411872
2503800,281927436.17143214,241835962.23022789,-6397793.987730586,-660.11846680182384,798.59606681041964,-1.3778923553246365
2505600,280735621.23466313,243270324.53301451,-6400196.4928813316,-664.11736357057271,795.13662131583874,-1.2915443749917586
2507400,279536624.44631279,244698442.56197888,-6402443.4995122319,-668.09828746514859,791.65800085439048,-1.2051164474449811
2509200,278330478.23530716,246120281.88903999,-6404534.8649347732,-672.06115217905449,788.16030198545036,-1.1186099242958103
2511000,277117215.18546426,247535808.26018775,-6406470.4488932714,-676.0058719165869,784.64362156153516,-1.0320261571073648
2512800,275896868.03457463,248944987.59600869,-6408250.1135649243,-679.9323613926033,781.1080567258274,-0.94536649753619062
2514600,274669469.67348295,250347785.99220678,-6409873.7235600995,-683.8405358322857,777.55370490972211,-0.85863229747326475
2516400,273435053.14516932,251744169.7201201,-6411341.1459228825,-687.73031097089824,773.98066383039611,-0.77182490918422697
2518200,272193651.64383155,253134105.22723296,-6412652.2501318818,-691.60160305354054,770.38903148839972,-0.68494568544877532
2520000,270945298.51396751,254517559.13768405,-6413806.9081012737,-695.4543288348957,766.77890616527111,-0.59799597969926921
2521800,269690027.24945843,255894498.2527698,-6414804.9941821052,-699.28840557897649,763.15038642117213,-0.51097714615845768
2523600,268427871.49265197,257264889.55144405,-6415646.385163838,-703.10375105886465,759.50357109254662,-0.42389053997632686
2525400,267158865.03344613,258628700.19081306,-6416330.9602761399,-706.90028355645018,755.83855928979972,-0.33673751736614133
2527200,265883041.80837408,259985897.5066267,-6416858.6011909209,-710.67792186216502,752.15545039499989,-0.24951943573951976
2529000,264600435.89968845,261336449.01376534,-6417229.19202461,-714.4365852747153,748.45434405960088,-0.16223765384065947
2530800,263311081.53444716,262680322.40672275,-6417442.6193406768,-718.17619360081085,744.73534020218642,-0.074893531879563657
2532600,262015013.08359894,264017485.56008482,-6417498.7721523885,-721.89666715489273,740.99853900623407,0.012511568335554772
2534400,260712265.06106976,265347906.52900451,-6417397.541925801,-725.59792675885888,737.24404091790188,0.099976283266923205
2536200,259402872.12284979,266671553.54967266,-6417138.8225829955,-729.27989374178844,733.47194664383403,0.18749924751677868
2538000,258086869.06608051,267988395.03978476,-6416722.5105055384,-732.94248993966471,729.6823571489881,0.27507909369791178
2539800,256764290.82814261,269298399.59900415,-6416148.5045381822,-736.58563769509738,725.87537365448179,0.36271445230520566
2541600,255435172.48574436,270601536.00942117,-6415416.7059927871,-740.209259857044,722.05109763546,0.45040395158817781
2543400,254099549.25401041,271897773.23600835,-6414527.0186524838,-743.81327978053127,718.20963081898162,0.53814621742453705
2545200,252757456.48557112,273187080.42707223,-6413479.3487760471,-747.39762132637679,714.35107518192649,0.62593987319476618
2547000,251408929.66965234,274469426.91470081,-6412273.6051025121,-750.9622088609101,710.47553294892055,0.71378353965774888
2548800,250054004.43116578,275744782.21520805,-6410909.6988559971,-754.5069672556948,706.58310659028155,0.80167583482743254
2550600,248692716.52979988,277013116.02957386,-6409387.5437507611,-758.03182188725179,702.67389881998292,0.88961537385057277
2552400,247325101.85911101,278274398.24388146,-6407707.0559964664,-761.53669863678283,698.74801259363676,0.97760076888553726
2554200,245951196.44561538,279528598.92974985,-6405868.1543036709,-765.02152388989634,694.8055511064955,1.0656306289821851
2556000,244571036.44788146,280775688.34476346,-6403870.7598895319,-768.48622453633357,690.84661779147132,1.1537035599628735
2557800,243184658.15562248,282015636.93289882,-6401714.7964837188,-771.93072796969852,686.87131631717466,1.241818164304513
2559600,241792097.98879009,283248415.3249464,-6399400.1903345389,-775.3549620871878,682.8797505859693,1.3299730410218125
2561400,240393392.49666786,284473994.33893001,-6396926.8702152781,-778.75885528932406,678.87202473204707,1.4181667855515514
2563200,238988578.3569656,285692344.98052204,-6394294.7674307423,-782.14233647969195,674.84824311951741,1.5063979896380819
2565000,237577692.3749142,286903438.44345587,-6391503.8158240039,-785.50533506467696,670.80851034051705,1.594665241219944
2566800,236160771.48236069,288107246.10993451,-6388553.95178336,-788.84778095320644,666.75293121333425,1.6829671243175777
2568600,234737852.73686385,289303739.55103612,-6385445.1142494744,-792.16960455649519,662.6816107805513,1.771302218922256
2570400,233308973.32079053,290492890.52711582,-6382177.2447227389,-795.4707367877935,658.59465430720286,1.8596691008862236
2572200,231874170.54041198,291674670.98820478,-6378750.2872708179,-798.7511090621399,654.49216727895066,1.9480663418138908
2574000,230433481.82500106,292849053.07440549,-6375164.1885363925,-802.01065329611629,650.37425540027448,2.036492508954344
2575800,228986944.7259295,294016009.11628419,-6371418.8977450915,-805.24930190760938,646.2410245926792,2.1249461650949932
2577600,227534596.91576585,295175511.63525963,-6367514.3667136244,-808.46698781557427,642.09258099291651,2.2134258684564019
2579400,226076476.1873737,296327533.34398931,-6363450.5498580914,-811.66364443980467,637.92903095122324,2.3019301725883876
2581200,224612620.45301056,297472047.14675188,-6359227.4042024808,-814.83920570070643,633.75048102957328,2.3904576262673163
2583000,223143067.74342671,298609026.13982683,-6354844.8893873598,-817.99360601907563,629.55703799994546,2.4790067733946071
2584800,221667856.20696479,299738443.61187094,-6350302.9676787341,-821.12678031588428,625.34880884260599,2.5675761528964918
2586600,220187024.10865986,300860273.04429168,-6345601.6039770935,-824.2386640120684,621.1259007444047,2.6561642986250336
2588400,218700609.8293393,301974488.11161733,-6340740.7658266341,-827.32919302832363,616.88842109708594,2.7447697392603692
2590200,217208651.86472365,303081062.68186462,-6335720.4234246584,-830.39830378490581,612.63647749561255,2.8333909982142065
2592000,215711188.82452759,304179970.81690294,-6330540.5496311355,-833.44593320143679,608.37017773650439,2.9220265935346057
