0,384400,0,0,0,1.0183034102504929,0
1800.0000002095476,384395.564683381,1832.9014381252814,-0.019144374353355816,-0.0049280903620342632,1.0182498622973359,-2.1259457640424672e-05
3600.0000004190952,384382.25904872746,3665.6855347356504,-0.076490251992181513,-0.0098558906727656253,1.0181730313869317,-4.2445922611134007e-05
5400,384360.08371669392,5498.3103832689058,-0.17190520723686556,-0.014783291434934747,1.0180729212650843,-6.3558239953348129e-05
7199.9999995809048,384329.03950496501,7330.734085487059,-0.30525473187441382,-0.019710183211684405,1.0179495361497937,-8.4595250662434086e-05
8999.9999994761311,384289.12742816238,9162.9147506450627,-0.47640222789966713,-0.024636456623574259,1.0178028807304083,-0.00010555579178269629
10799.999999371357,384240.34869774012,10994.81049668123,-0.68520900050665101,-0.02956200235102268,1.017632960166718,-0.00012643869652710258
12599.999998952262,384182.70472187974,12826.3794510713,-0.931534251283899,-0.034486711135835367,1.0174397800880575,-0.00014724279439481014
14399.999998847488,384116.19710535166,14657.579752413467,-1.2152350717445999,-0.039410473784690966,1.0172233465923255,-0.00016796691129846757
16199.999999057036,384040.82764941297,16488.369550692863,-1.5361664369182235,-0.044333181169067336,1.016983666245133,-0.00018860986967817158
17999.999999580905,383956.59835171129,18318.707007659952,-1.8941811991132291,-0.049254724225466187,1.0167207460789798,-0.00020917048861814221
19799.999999790452,383863.51140616968,20148.550297773716,-2.2891300819724889,-0.054174993957148108,1.0164345935923849,-0.00022964758397144664
21599.999999685679,383761.56920281798,21977.857609981802,-2.7208616749714616,-0.059093881438110375,1.0161252167488626,-0.00025003996849537181
23399.999999895226,383650.77432765433,23806.587148527535,-3.1892224279974868,-0.064011277814440382,1.0157926239760191,-0.00027034645197710069
25200.000000104774,383531.12956260284,25634.697132348261,-3.6940566457507304,-0.068927074301873906,1.0154368241649367,-0.00029056584134531276
27000,383402.6378853356,27462.14579682039,-4.2352064829221874,-0.073841162189656126,1.0150578266691732,-0.00031069694080916604
28800.000000209548,383265.30246905336,29288.891395711031,-4.8125119397820786,-0.078753432844950969,1.0146556413036512,-0.0003307385520006383
30600.000000733417,383119.12668249907,31114.892199853421,-5.425810857004234,-0.083663777708434028,1.0142302783442507,-0.0003506894740819079
32400.000000942964,382964.11408980424,32940.106498435867,-6.0749389114271617,-0.088572088296906035,1.0137817485269107,-0.00037054850388312154
34200.000000523869,382800.26845025172,34764.492601011334,-6.759729612388151,-0.093478256207838312,1.0133100630465202,-0.00039031443604877706
36000.000000104774,382627.59371813142,36588.008838184294,-7.4800142979034066,-0.098382173120354605,1.0128152335560749,-0.00040998606317068747
37800.000000628643,382446.09404254897,38410.613562757761,-8.235622131270512,-0.10328373079744445,1.0122972721657382,-0.00042956217592701745
39600.000000523869,382255.77376763994,40232.265146982209,-9.026380096223857,-0.10818282107768729,1.0117561914430517,-0.00044904156318058844
41400.000000733417,382056.63743191666,42052.921988475508,-9.852112995937178,-0.11307933589028919,1.0111920044106868,-0.00046842301217133115
43200.000000628643,381848.68976848992,43872.54250734653,-10.712643448625126,-0.11797316724645847,1.0106047245467096,-0.00048770530861524502
45000.00000083819,381631.93570463365,45691.085149578903,-11.607791886107631,-0.12286420724761243,1.009994365782994,-0.00050688723687109818
46800.000000419095,381406.38036191504,47508.508385347195,-12.537376550283149,-0.12775234807994792,1.0093609425052421,-0.00052596758005426332
48600.000000942964,381172.02905564033,49324.770713075399,-13.501213492669597,-0.13263748202445269,1.0087044695510927,-0.00054494512021190057
50400.000001152512,380928.88729522697,51139.830655971004,-14.499116570365004,-0.13751950144667391,1.0080249622108526,-0.00056381863841999395
52200.000000733417,380676.96078368212,52953.646765777172,-15.530897445948829,-0.14239829880589477,1.007322436225718,-0.00058258691495678596
54000.000000628643,380416.25541730167,54766.177624397686,-16.596365586707726,-0.14727376665858721,1.0065969077866517,-0.00060124872945435486
55800.00000083819,380146.77728583722,56577.381842246359,-17.695328262193847,-0.15214579765304997,1.0058483935345655,-0.000619802861016965
57600.000000733417,379868.53267222305,58387.218059872968,-18.827590543844757,-0.15701428453285263,1.0050769105592916,-0.00063824808837422667
59400.000000314321,379581.52805236651,60195.64494902869,-19.992955304591781,-0.16187912013877201,1.0042824763987486,-0.00065658319002883042
61200.000000209548,379285.77009480126,62002.621214496743,-21.19122321927447,-0.16674019741278065,1.0034651090377382,-0.00067480694441260478
62999.999999790452,378981.26566091779,63808.105592348526,-22.422192762963029,-0.17159740939241808,1.0026248269083595,-0.00069291813000683261
64800,378668.02180430153,65612.056853698246,-23.685660213162173,-0.17645064921994869,1.0017616488879619,-0.00071091552551866559
66600.000000209548,378346.04577098222,67414.433802917265,-24.981419648575141,-0.18129981013661375,1.0008755942996337,-0.00072879791000217734
68400.000000104774,378015.34499909863,69215.195279390216,-26.309262950490385,-0.18614478548640684,0.99996668291109148,-0.00074656406301549345
70200.000000314321,377675.92711847991,71014.300159553954,-27.66897980475731,-0.1909854687206092,0.99903493493335482,-0.00076421276478081908
71999.999999895226,377327.79995089606,72811.707355317514,-29.060357701331768,-0.19582175339258567,0.998080371021274,-0.00078174279630911249
73799.999999790452,376970.9715092819,74607.375817931257,-30.483181938194644,-0.20065353316723861,0.99710301227125442,-0.00079915293957852525
75599.999999685679,376605.44999820599,76401.264535348775,-31.937235620542065,-0.20548070181295242,0.99610288022241078,-0.00081644197764959539
77399.999999266583,376231.24381320184,78193.33253547264,-33.422299664798423,-0.21030315320936638,0.99507999685461024,-0.00083360869483802534
79199.99999916181,375848.36154070369,79983.538886232403,-34.93815280045466,-0.21512078134662332,0.99403438458819871,-0.00085065187685663245
80999.999998742715,375456.81195799523,81771.842695700878,-36.484571572131621,-0.21993348032471904,0.99296606628376172,-0.00086757031095822425
82799.999998323619,375056.60403267731,83558.20311441434,-38.061330343805217,-0.22474114435878123,0.99187506524059965,-0.00088436278609938597
84599.999997904524,374647.74692282389,85342.579334506823,-39.668201300568455,-0.22954366777577451,0.99076140519708267,-0.00090102809307412708
86399.999997485429,374230.24997656519,87124.930591471508,-41.304954452921585,-0.23434094501827221,0.98962511032946554,-0.00091756502467258913
88199.999997066334,373804.12273195852,88905.216164596801,-42.971357640184507,-0.23913287064466407,0.98846620525149897,-0.00093397237582714971
89999.999997275881,373369.37491652352,90683.395378792382,-44.667176535478809,-0.24391933933310017,0.98728471501314374,-0.00095024894377134417
91799.999997485429,372926.01644753932,92459.427603269563,-46.392174648007128,-0.24870024587697229,0.98608066510136261,-0.00096639352816987618
93599.999997694977,372474.0574315915,94233.272253363699,-48.146113328514389,-0.25347548518884827,0.98485408143889963,-0.00098240493127752394
95399.999997590203,372013.50816421304,96004.888791884194,-49.928751774648909,-0.25824495230313665,0.98360499038331617,-0.00099828195809354694
97199.99999779975,371544.37912950659,97774.236730441437,-51.73984703662844,-0.2630085423786912,0.98233341872600377,-0.0010140234165152686
98999.999997694977,371066.68100068136,99541.275627374111,-53.579154019662681,-0.26776615069226012,0.98103939369367954,-0.0010296281174614679
100799.9999975902,370580.42463890318,101305.96509203415,-55.446425493131549,-0.2725176726490538,0.97972294294532858,-0.0010450948750522987
102599.99999717111,370085.62109376607,103068.26478296042,-57.341412093769783,-0.27726300377686058,0.97838409457355902,-0.0010604225067344885
104399.99999675201,369582.28160260455,104828.13441035287,-59.263862333585244,-0.28200203973174087,0.9770228771028161,-0.0010756098334443632
106199.99999664724,369070.41759050183,106585.53373597191,-61.213522605340842,-0.28673467629678967,0.97563931948951454,-0.0010906556797479297
107999.99999622814,368550.04067020683,108340.42257344403,-63.19013718867361,-0.29146080938199609,0.97423345112191939,-0.0011055588739844525
109799.99999612337,368021.16264140373,110092.7607907287,-65.193448258922245,-0.29618033502992147,0.97280530181829861,-0.0011203182484279535
111599.9999960186,367483.79549100355,111842.50830910244,-67.223195892320959,-0.30089314941200196,0.97135490182785622,-0.0011349326394187002
113399.99999591382,366937.95139257971,113589.62510503604,-69.279118074706702,-0.30559914883264544,0.96988228182935476,-0.0011494008875188959
115199.99999549473,366383.64270645293,115334.07120993442,-71.360950708032945,-0.31029822972757015,0.96838747293151173,-0.0011637218376499788
116999.99999570427,365820.88197875815,117075.80671308169,-73.468427620947722,-0.31499028867078444,0.9668705066706671,-0.001177894339255911
118799.99999591382,365249.68194225128,118814.79175912733,-75.60128057311006,-0.31967522236685886,0.96533141501314812,-0.0011919172464211658
120599.99999549473,364670.05551533261,120550.98655117409,-77.759239266450578,-0.32435292765829393,0.96377023035284348,-0.0012057894180342839
122399.99999538995,364082.01580165798,122284.35135191928,-79.942031354455224,-0.32902330152764653,0.96218698551037707,-0.0012195097179343898
124199.99999591382,363485.57609028311,124014.84648322704,-82.149382449729401,-0.33368624109543299,0.96058171373372747,-0.0012330770150448484
125999.99999612337,362880.74985576188,125742.43232592527,-84.381016131994841,-0.33834164361863622,0.95895444869874125,-0.0012464901835085942
127799.99999633292,362267.55075694108,127467.06932333115,-86.636653961158473,-0.34298940649926812,0.95730522450614541,-0.0012597481028517564
129599.99999622814,361645.99263753602,129188.71797962031,-88.916015484034418,-0.34762942727903745,0.95563407568336955,-0.0012728496581063948
131399.99999643769,361016.0895253155,130907.33886217413,-91.2188182464524,-0.35226160364474435,0.95394103718264056,-0.0012857937399634498
133199.99999664724,360377.85563226033,132622.89260118184,-93.544777802028335,-0.35688583342627778,0.95222614438170294,-0.0012985792449039678
134999.99999654246,359731.30535416055,134335.33989081331,-95.893607723242539,-0.36150201459885106,0.95048943308304845,-0.0013112050753416376
136799.99999675201,359076.45326999715,136044.64149090869,-98.265019613529631,-0.36611004528663582,0.94873093951258058,-0.0013236701397681717
138599.99999727588,358413.3141422302,137750.75822627041,-100.6587231163228,-0.37070982375993877,0.94695070032072115,-0.001335973352880265
140399.99999685679,357741.90291671758,139453.65098699994,-103.07442592569663,-0.37530124843519264,0.94514875258254305,-0.0013481136357139849
142199.99999643769,357062.23472128611,141153.2807322141,-105.51183380209373,-0.3798842178840704,0.94332513379429384,-0.0013600899158021365
143999.99999633292,356374.32486642309,142849.60848831828,-107.97065058063733,-0.38445863082792636,0.94147988187562659,-0.0013719011272917453
145799.99999654246,355678.18884489581,144542.5953500641,-110.45057818355731,-0.38902438613975027,0.93961303516896655,-0.0013835462110809867
147599.99999675201,354973.84233136737,146232.20248159068,-112.95131663286253,-0.39358138284608046,0.93772463243887494,-0.0013950241149549385
149399.99999696156,354261.30118215177,147918.39111710517,-115.4725640627381,-0.39812952012795255,0.93581471287180806,-0.0014063337937179421
151199.99999685679,353540.58143498324,149601.12256153781,-118.01401673213543,-0.40266869732178173,0.93388331607591513,-0.001417474209324974
152999.99999706633,352811.69930814154,151280.35819266821,-120.57536903984607,-0.40719881392422247,0.93193048207913265,-0.0014284443310216448
154799.99999664724,352074.67120144318,152956.05945892568,-123.15631353324011,-0.41171976958536471,0.9299562513322871,-0.0014392431354548819
156599.99999685679,351329.51369434135,154628.18788386017,-125.75654092739394,-0.4162314641199269,0.92796066470446359,-0.0014498696068263285
158399.99999643769,350576.24354742566,156296.70506284511,-128.37574011253238,-0.42073379749750128,0.92594376348748875,-0.0014603227369944663
160199.99999696156,349814.87769992009,157961.57266876815,-131.01359817564924,-0.42522666985705848,0.92390558938971767,-0.0014706015256329848
161999.99999685679,349045.43327222468,159622.75244653237,-133.66980040481488,-0.42970998149125922,0.92184618454333078,-0.0014807049803179705
163799.99999675201,348267.92756287078,161280.20621985395,-136.34403031309495,-0.43418363286395817,0.91976559149668558,-0.0014906321166905552
165599.99999633292,347482.37804993277,162933.89588828001,-139.03596964723022,-0.43864752460132334,0.91766385321861477,-0.0015003819585579549
167399.99999591382,346688.80238993908,164583.78342964497,-141.74529840518329,-0.44310155749763891,0.91554101309604041,-0.0015099535380268961
169199.99999549473,345887.21841799311,166229.83089993172,-144.47169484973813,-0.44754563251410834,0.91339711493483189,-0.0015193458956202822
170999.99999570427,345077.64414697624,167872.00043503504,-147.21483552543364,-0.45197965078280478,0.91123220295822949,-0.0015285580804038732
172799.99999591382,344260.09776828485,169510.25424940063,-149.97439527051429,-0.45640351360218839,0.90904632180937239,-0.0015375891500942144
174599.99999580905,343434.59765044332,171144.55463898467,-152.75004723628669,-0.46081712244429773,0.90683951654816541,-0.0015464381711898438
176399.9999960186,342601.16233888053,172774.86398179512,-155.54146290271973,-0.46522037895542395,0.90461183265125567,-0.0015551042190873742
178199.9999955995,341759.81055660982,174401.14473669868,-158.34831209122922,-0.46961318495210341,0.90236331601445419,-0.0015635863781875785
179999.99999549473,340910.56120237627,176023.35944717732,-161.17026298615636,-0.47399544243048669,0.90009401294838076,-0.0015718837420265609
181799.99999570427,340053.43335166917,177641.47073948954,-164.00698214685445,-0.47836705356060732,0.89780397018178471,-0.0015799954133761632
183599.9999955995,339188.44625591033,179255.44132438779,-166.85813452607437,-0.48272792069025933,0.89549323486000298,-0.0015879205043620745
185399.99999549473,338315.61934208119,180865.23399796459,-169.72338348707353,-0.48707794634653206,0.89316185454459573,-0.0015956581365759608
187199.99999538995,337434.97221235465,182470.81164247732,-172.60239082089799,-0.49141703323729546,0.89080987721300742,-0.0016032074411862986
188999.9999955995,336546.52464393055,184072.13722679578,-175.49481676318223,-0.49574508425167607,0.88843735125878476,-0.0016105675590461863
190799.99999486608,335650.29658899643,185669.17380665068,-178.40032001075886,-0.50006200245999921,0.8860443254921303,-0.0016177376407992673
192599.99999476131,334746.30817315186,187261.88452759144,-181.31855774340806,-0.50436769112107083,0.88363084913637635,-0.001624716846996404
194399.99999465654,333834.57969666866,188850.23262289271,-184.24918563661066,-0.5086620536758063,0.88119697183202839,-0.0016315043481884616
196199.99999486608,332915.13163324649,190434.18141592335,-187.19185788259838,-0.51294499375293634,0.87874274363413851,-0.0016380993250379094
197999.99999538995,331987.98462999403,192013.69432033756,-190.14622720762435,-0.51721641516883377,0.87626821501295327,-0.001644500968419491
199799.99999497086,331053.15950748959,193588.73484015773,-193.11194488917081,-0.52147622192705401,0.87377343685479025,-0.0016507084795194876
201599.99999486608,330110.67725764844,195159.26657353449,-196.08866078028649,-0.52572431822783272,0.87125846045706878,-0.0016567210699480555
203399.99999444699,329160.55904578749,196725.25320943038,-199.07602332078181,-0.52996060845845594,0.86872333753454145,-0.0016625379618223147
205199.99999465654,328202.82620818476,198286.65853185652,-202.07367956284995,-0.53418499720406387,0.86616812021352751,-0.0016681583878777164
206999.99999486608,327237.50025363232,199843.44641748295,-205.0812751842783,-0.53839738924054492,0.86359286103680155,-0.0016735815915529372
208799.99999507563,326264.60286171088,201395.58083864546,-208.09845451212701,-0.54259768954203702,0.86099761295974286,-0.0016788068270935171
210599.99999465654,325284.15588334145,202943.02586262961,-211.12486053943942,-0.54678580327836424,0.85838242935257159,-0.0016838333596407176
212399.99999455176,324296.18133893044,204485.74565477943,-214.16013494956468,-0.55096163582283952,0.85574736399617413,-0.0016886604653318319
214199.99999444699,323300.70141981117,206023.7044763896,-217.20391813045674,-0.55512509274595412,0.85309247108672703,-0.0016932874313820459
215999.99999434222,322297.73848706792,207556.86668674956,-220.25584919722883,-0.55927607982031668,0.85041780523334765,-0.001697713556178774
217799.99999455176,321287.31507074216,209085.19674452962,-223.31556601363769,-0.56341450302382834,0.84772342145677304,-0.0017019381493719409
219599.99999476131,320269.45387055376,210608.65920686512,-226.38270520912079,-0.5675402685366232,0.84500937519208719,-0.0017059605319564573
221399.99999497086,319244.17775454372,212127.21873160356,-229.4569022023021,-0.57165328274659477,0.84227572228591319,-0.0017097800363623564
223199.99999549473,318211.5097590381,213640.84007752722,-232.53779122061817,-0.57575345224944763,0.83952251899713248,-0.0017133960065377153
224999.99999570427,317171.47308874526,215149.48810441207,-235.62500531972626,-0.57984068384831544,0.83674982199797143,-0.0017168077980302446
226799.99999591382,316124.09111542569,216653.1277751617,-238.71817640729691,-0.58391488455901119,0.83395768837128603,-0.0017200147780723175
228599.99999580905,315069.38737845462,218151.72415517716,-241.81693526131266,-0.58797596160780419,0.83114617561290383,-0.001723016325658205
230399.99999538995,314007.38558371156,219645.24241415015,-244.92091155347114,-0.59202382243576601,0.82831534162950227,-0.0017258118316253448
232199.99999497086,312938.10960336594,221133.64782653944,-248.02973387004175,-0.59605837469957035,0.82546524473890093,-0.0017284006987312165
233999.99999455176,311861.58347574127,222616.90577196187,-251.14302973266197,-0.60007952627206262,0.82259594367054789,-0.0017307823417288984
235799.99999413267,310777.83140479343,224094.98173611567,-254.26042562037594,-0.6040871852442915,0.81970749756499817,-0.0017329561874422554
237599.99999434222,309686.87775943195,225567.84131190207,-257.38154699223753,-0.60808125992808426,0.81679996597297966,-0.0017349216748398404
239399.99999392312,308588.74707455357,227035.45019824538,-260.50601830516069,-0.61206165885239983,0.81387340885901915,-0.0017366782551044915
241199.99999381835,307483.46404799534,228497.77420439251,-263.63346304352575,-0.61602829077454202,0.81092788659420778,-0.0017382253917085466
242999.99999371357,306371.05354272551,229954.77924717221,-266.76350373396662,-0.61998106467230119,0.80796345996292929,-0.0017395625604786902
244799.9999936088,305251.5405845911,231406.43135418775,-269.89576197290961,-0.62391988975219992,0.80498019015775057,-0.0017406892496665534
246599.99999350403,304124.95036321244,232852.69666284343,-273.02985844532583,-0.62784467544644285,0.80197813878270252,-0.0017416049600134332
248399.99999308493,302991.30823102873,234293.54142180298,-276.16541294881097,-0.63175533141648099,0.79895736785164706,-0.0017423092048161493
250199.99999298016,301850.63970221544,235728.93199256537,-279.30204441807871,-0.63565176755690966,0.79591793978629688,-0.0017428015099908638
251999.9999931897,300702.9704535791,237158.83484853449,-282.43937094410154,-0.63953389399257132,0.79285991741951389,-0.0017430814141344555
253799.99999371357,299548.32632313995,238583.21657701858,-285.57700979974419,-0.64340162108362664,0.78978336399245674,-0.0017431484685859165
255599.99999329448,298386.73331087746,240002.04387852701,-288.7145774595798,-0.64725485942329708,0.78668834315748637,-0.0017430022374856481
257399.99999287538,297218.21757652302,241415.28356969851,-291.85168962781944,-0.65109351984548725,0.78357491897321374,-0.0017426422978334894
259199.99999308493,296042.80543983722,242822.90258313774,-294.98796125955243,-0.65491751342401716,0.7804431559061703,-0.0017420682395448462
260999.99999266583,294860.52338176855,244224.8679662584,-298.12300657981797,-0.6587267514691707,0.77729311883483498,-0.001741279665506837
262799.99999256106,293671.3980412985,245621.14688527552,-301.25643911425857,-0.66252114553824526,0.77412487304216027,-0.0017402761916307267
264599.99999277061,292475.45621710911,247011.70662342207,-304.38787170700044,-0.6663006074304233,0.77093848422096656,-0.0017390574469053977
266399.99999298016,291272.72486630781,248396.5145826806,-307.51691654646112,-0.67006504919120446,0.76773401847148826,-0.0017376230734479155
268199.99999287538,290063.23110452387,249775.53828389721,-310.64318518762263,-0.67381438311245179,0.76451154230258034,-0.0017359727265537615
269999.99999277061,288847.0022043041,251148.7453688372,-313.7662885787912,-0.67754852173774061,0.76127112262840169,-0.0017341060747435243
271799.99999266583,287624.06559573568,252516.10359968431,-316.88583708265753,-0.68126737786075686,0.7580128267710261,-0.001732022799810973
273599.99999256106,286394.4488656972,253877.58086011725,-320.00144050100363,-0.68497086452800404,0.75473672245940571,-0.0017297225968681623
275399.99999245629,285158.17975734646,255233.14515610365,-323.11270809885434,-0.68865889504075162,0.75144287782897423,-0.0017272051743893672
277199.99999266583,283915.28616913687,256582.76461719724,-326.21924862987595,-0.69233138295836993,0.74813136141998526,-0.0017244702542524963
278999.99999287538,282665.79615570774,257926.40749579223,-329.32067035714545,-0.6959882420961151,0.74480224218085289,-0.0017215175717831951
280799.99999277061,281409.73792642221,259264.04216895188,-332.41658107990594,-0.69962938652993345,0.74145558946522394,-0.0017183468757927733
282599.99999329448,280147.1398441327,260595.63713993123,-335.50658815972378,-0.70325473060044763,0.73809147302966294,-0.0017149579286144308
284399.99999256106,278878.03042772959,261921.16103571971,-338.59029853747234,-0.70686418890611902,0.73470996304140845,-0.0017113505061484369
286199.99999245629,277602.43834702735,263240.58261264558,-341.66731876909751,-0.71045767631837575,0.7313111300657309,-0.0017075243978852299
287999.99999172287,276320.39242686314,264553.87075231271,-344.73725503898288,-0.7140351079704268,0.72789504507781877,-0.0017034794069525855
289799.99999193242,275031.92164275266,265860.99446632515,-347.79971319383384,-0.71759639927002161,0.72446177945218482,-0.0016992153501371038
291599.99999182764,273737.05512426194,267161.9228930652,-350.85429875806977,-0.72114146589057959,0.72101140497263172,-0.0016947320579281113
293399.99999140855,272435.82215134753,268456.62530166045,-353.90061696608279,-0.72467022378191182,0.71754399382347145,-0.0016900293745377836
295199.99999130378,271128.2521546472,269745.07109188265,-356.93827278504892,-0.72818258916988232,0.71405961859128519,-0.0016851071579322141
296999.99999088468,269814.37471637531,271027.22979350516,-359.96687093648922,-0.73167847855459744,0.71055835226828457,-0.0016799652798642976
298799.99999046559,268494.21956797491,272303.07106885285,-362.98601592539723,-0.73515780871731362,0.70704026824704247,-0.0016746036258931034
300599.99999067513,267167.81659041939,273572.56471272156,-365.99531206323121,-0.73862049672018681,0.70350544032226869,-0.0016690220954116315
302399.99999025604,265835.19581492484,274835.68065195112,-368.99436349009903,-0.74206645990508979,0.69995394269368982,-0.0016632206016757912
304199.99999015126,264496.38741953147,276092.38894891785,-371.98277420629347,-0.74549561590313429,0.69638584995792652,-0.0016571990718142404
305999.99999004649,263151.42173136864,277342.65979960968,-374.96014809101621,-0.74890788262942709,0.69280123711550234,-0.0016509574468612034
307799.99999025604,261800.3292246669,278586.46353574237,-377.92608893072844,-0.75230317828886606,0.68920017956652813,-0.001644495681769724
309599.99998983694,260443.14052120381,279823.77062458533,-380.88020044209082,-0.7556814213756966,0.68558275311286809,-0.0016378137454345397
311399.99999036081,259079.88638792388,281054.5516713736,-383.82208630110972,-0.75904253068014682,0.68194903395277284,-0.0016309116206999678
313199.99999057036,257710.59773922642,282278.77741746517,-386.75135016215177,-0.76238642528344791,0.67829909868795679,-0.0016237893043895845
314999.99999015126,256335.30563426178,283496.41874303867,-389.66759568783453,-0.76571302456527923,0.67463302431736349,-0.0016164468073099575
316799.99998941785,254954.04127686599,284707.44666737394,-392.57042657316947,-0.76902224820461595,0.67095088823796978,-0.0016088841542659638
318599.99998931307,253566.83601455812,285911.83234996011,-395.4594465717143,-0.77231401618285944,0.66725276824308155,-0.0016011013840698998
320399.99998952262,252173.72133977572,287109.54708966479,-398.33425951708944,-0.7755882487816721,0.66353874252659839,-0.0015930985495619945
322199.99998941785,250774.72888790673,288300.56232670037,-401.19446935122642,-0.77884486658847651,0.65980888967873785,-0.001584875717612053
323999.99998994172,249369.8904361203,289484.84964384645,-404.03968015085195,-0.78208379049993237,0.65606328868388364,-0.0015764329691235715
325799.99998952262,247959.23790569275,290662.38076473284,-406.86949614692827,-0.78530494171739207,0.65230201892774942,-0.0015677703990578454
327599.99998941785,246542.80335705608,291833.12755824695,-409.68352175881597,-0.7885082417591136,0.64852516018514339,-0.001558888116412993
329399.99998899875,245120.61899322225,292997.06203590136,-412.48136161153758,-0.79169361245323322,0.64473279263005356,-0.0015497862442524889
331199.9999892083,243692.71715654843,294154.1563547597,-415.26262056640445,-0.79486097594596006,0.64092499682798065,-0.0015404649196916859
332999.99998973217,242259.13033015458,295304.38281651586,-418.02690374240683,-0.79801025469925368,0.63710185374067307,-0.0015309242939123343
334799.99998994172,240819.89113631789,296447.71386905509,-420.77381654357094,-0.80114137149530795,0.63326344472279095,-0.0015211645321567423
336599.99999015126,239375.03233562806,297584.1221073636,-423.50296468475852,-0.80425424943926471,0.62940985152060558,-0.0015111858137252581
338399.99999004649,237924.58682730288,298713.58027352585,-426.21395421526853,-0.80734881195944452,0.62554115627378271,-0.0015009883319806177
340199.99999025604,236468.5876473918,299836.06125837786,-428.90639154641798,-0.8104249828121225,0.62165744151152658,-0.0014905722943365427
341999.99998983694,235007.06796981199,300951.53810094803,-431.57988347380933,-0.81348268608025764,0.61775879015628932,-0.00147993792226508
343799.99999004649,233540.06110351082,302059.98399088415,-434.2340372067523,-0.81652184618041868,0.61384528551712358,-0.0014690854512750672
345599.99998994172,232067.60049465217,303161.37226703187,-436.8684603884534,-0.81954238785917177,0.60991701129644904,-0.001458015130925917
347399.99998983694,230589.71972353503,304255.67642001819,-439.48276112579185,-0.8225442362004618,0.60597405158275164,-0.0014467272248017105
349199.99998973217,229106.45250519691,305342.87009203056,-442.07654801236453,-0.82552731662531431,0.60201649085311371,-0.0014352220105111877
350999.99998962739,227617.8326889333,306422.92707742855,-444.64943015351656,-0.82849155489383819,0.59804441397284824,-0.0014234997796788832
352799.99998952262,226123.89425727262,307495.82132374682,-447.20101719228768,-0.83143687710831027,0.59405790619366949,-0.0014115608379308556
354599.99998973217,224624.67132509474,308561.52693257359,-449.73091933503804,-0.83436320971592992,0.59005705315224621,-0.0013994055048801831
356399.99998931307,223120.19814032692,309620.01815930958,-452.23874737439849,-0.83727047950851596,0.5860419408729598,-0.0013870341141242653
358199.99998952262,221610.50908044734,310671.26941588346,-454.72411271921209,-0.84015861363033273,0.58201265575946481,-0.00137444701320673
359999.99998973217,220095.63865562895,311715.25526878721,-457.18662741335845,-0.8430275395730773,0.57796928460396813,-0.0013616445636328094
361799.99998994172,218575.62150578428,312751.9504414089,-459.6259041647362,-0.84587718518267441,0.57391191458022417,-0.0013486271408336258
363599.99999015126,217050.49239986879,313781.32981474261,-462.04155637036592,-0.84870747866163665,0.56984063324255307,-0.0013353951341475694
365399.99999004649,215520.28623644871,314803.36842725362,-464.43319813948148,-0.85151834856910535,0.56575552852822675,-0.0013219489468117686
367199.99998962739,213985.03804202555,315818.04147626425,-466.8004443201678,-0.85430972382509085,0.56165668875385877,-0.0013082889959332336
368999.99998952262,212444.78297026217,316825.32431870617,-469.14291052446538,-0.8570815337129789,0.55754420261419968,-0.0012944157124664471
370799.99998910353,210899.5563025111,317825.19247102627,-471.46021315147237,-0.85983370787971736,0.55341815918439674,-0.001280329541201804
372599.99998899875,209349.39344565306,318817.62161084684,-473.75196941450031,-0.86256617634085386,0.54927864791506797,-0.001266030940728841
374399.99998952262,207794.32993253661,319802.58757692535,-476.01779736422492,-0.86527886948088628,0.54512575863431412,-0.0012515203834218844
376199.99999004649,206234.40142153285,320780.06636970292,-478.25731591319044,-0.86797171805526174,0.54095958154736334,-0.0012367983554170251
377999.99999025604,204669.64369516782,321750.03415242711,-480.47014486158201,-0.87064465319395834,0.53678020723374165,-0.0012218653565793725
379799.99998983694,203100.0926594919,322712.46725179447,-482.65590492183946,-0.87329760640375853,0.53258772664640441,-0.0012067219004760377
381599.99999004649,201525.78434245987,323667.34215918352,-484.81421774456339,-0.87593050957216556,0.52838223110822025,-0.0011913685143384667
383399.99998994172,199946.75489582206,324614.63552975579,-486.94470593954372,-0.87854329496544725,0.52416381231782561,-0.0011758057390580121
385199.99999015126,198363.04059153804,325554.32418488245,-489.04699310427435,-0.88113589523586522,0.51993256234083829,-0.0011600341291273153
386999.99998973217,196774.67782426247,326486.38511091273,-491.12070384416774,-0.8837082434188176,0.51568857361728226,-0.0011440542526403488
388799.99999025604,195181.70310639631,327410.79546234908,-493.16546380258598,-0.88626027294216103,0.51143193894914896,-0.0011278666912175252
390599.99998983694,193584.15307250826,328327.53255950875,-495.18089967852688,-0.88879191762031873,0.50716275151297918,-0.0011114720400239384
392399.99999004649,191982.06447331578,329236.57389226666,-497.16663925774856,-0.8913031116651936,0.50288110484454074,-0.0010948709076810561
394199.99999057036,190375.47417937912,330137.89711817389,-499.12231143140468,-0.89379378968155543,0.49858709284945613,-0.0010780639162764121
395999.99999109423,188764.41917830793,331031.48006431683,-501.04754622287584,-0.89626388667277046,0.49428080979647815,-0.0010610517013061687
397799.99999067513,187148.93657474691,331917.30072757683,-502.94197481102594,-0.89871333804212827,0.48996235031819474,-0.0010438349116453245
399599.99999057036,185529.06358772569,332795.33727633493,-504.80522955648257,-0.90114207959816262,0.4856318094046666,-0.0010264142094889648
401399.99999077991,183904.8375523549,333665.56804978003,-506.6369440227291,-0.90355004755336987,0.4812892824086839,-0.0010087902703388692
403199.99999036081,182276.29591900849,334527.97155863227,-508.43675300020067,-0.90593717852683797,0.47693486504428706,-0.00099096378296302111
404999.99998994172,180643.47625048467,335382.52648690587,-510.20429253245248,-0.90830340954976729,0.47256865337987924,-0.00097293544933178594
406799.99998952262,179006.41622282591,336229.2116917111,-511.93919993813216,-0.91064867806557315,0.46819074384110781,-0.00095470598459293976
408599.99998910353,177365.15362498007,337068.00620369561,-513.64111383426746,-0.91297292193177126,0.46380123321064071,-0.00093627611703369132
410399.99998931307,175719.72635614127,337898.88922866259,-515.30967416185922,-0.91527607942512579,0.45940021862172686,-0.00091764658801568534
412199.9999892083,174070.17242782682,338721.84014676552,-516.94452220648429,-0.91755808924009652,0.45498779756441377,-0.00089881815196240827
413999.9999887892,172416.52996049277,339536.83851447585,-518.54530062442882,-0.91981889049497745,0.4505640678771477,-0.00087979157628424081
415799.99998931307,170758.83718333248,340343.86406491179,-520.11165346540395,-0.92205842273350602,0.44612912774687585,-0.00086056764133831602
417599.99998889398,169097.13243606535,341142.89670723112,-521.64322619343545,-0.92427662592387616,0.44168307571446602,-0.00084114714041120012
419399.99998910353,167431.45416337441,341933.91652957996,-523.13966571454262,-0.92647344046763491,0.43722601066044603,-0.00082153087961529456
421199.99998962739,165761.84091833999,342716.90379767452,-524.60062039588763,-0.92864880719646503,0.43275803181480216,-0.00080171967788899093
422999.99998983694,164088.331360529,343491.83895598596,-526.02574008991235,-0.93080266737619599,0.42827923875246937,-0.00078171436693417942
424799.99998941785,162410.9642546484,344258.70262862422,-527.4146761577606,-0.93293496270999843,0.423789731390318,-0.0007615157911591982
426599.99998962739,160729.77846840923,345017.47562055185,-528.76708149315596,-0.93504563534249441,0.41928960998201753,-0.00074112480761109564
428399.99998983694,159044.81297488936,345768.13891675457,-530.08261054252671,-0.93713462785820245,0.41477897512493023,-0.00072054228596160424
430199.99999036081,157356.10684967486,346510.67368379852,-531.36091932937995,-0.93920188328662435,0.41025792775301706,-0.00069976910842953503
431999.99999088468,155663.69927043631,347245.06127025961,-532.60166547651761,-0.94124734510420105,0.40572656913625343,-0.00067880616973163218
433799.99999046559,153967.62951703239,347971.2832069404,-533.8045082278453,-0.94327095723568255,0.40118500088144149,-0.00065765437703948939
435599.99999067513,152267.936967627,348689.3212087818,-534.96910847289405,-0.94527266406023547,0.3966333249223396,-0.00063631464988596809
437399.99999057036,150564.66110243343,349399.15717351186,-536.09512876584085,-0.94725241040845498,0.39207164353020202,-0.00061478792016607376
439199.99999077991,148857.84149913039,350100.77318384277,-537.18223335029302,-0.94921014156927919,0.38750005930200715,-0.00059307513203311533
440999.99999098945,147147.51783412363,350794.1515071828,-538.23008817990547,-0.95114580328998,0.38291867516432782,-0.00057117724186736844
442799.99999057036,145433.72988134454,351479.27459639142,-539.23836094062165,-0.95305934177906937,0.3783275943705931,-0.00054909521821322417
444599.99999046559,143716.51751011182,352156.12509088329,-540.20672107325868,-0.95495070371019108,0.37372692049582801,-0.00052683004170330015
446399.99999004649,141995.92068621176,352824.68581644207,-541.13483979410466,-0.95681983622241062,0.3691167574400061,-0.00050438270502333436
448199.99999057036,140271.97946875994,353484.93978669756,-542.02239011780159,-0.95866668692516221,0.36449720942008412,-0.0004817542128218059
449999.99999015126,138544.73401335048,354136.87020216591,-542.86904687677543,-0.96049120389638787,0.35986838097887425,-0.00045894558170106274
451799.99998973217,136814.22456639045,354780.46045267209,-543.67448674513776,-0.96229333569013553,0.35523037697028481,-0.00043595784009224132
453599.99998931307,135080.49146721736,355415.69411677436,-544.43838825842693,-0.96407303133579225,0.35058330256540288,-0.00041279202823156242
455399.9999892083,133343.57514593008,356042.55496282299,-545.1604318354041,-0.9658302403418767,0.34592726324707668,-0.0003894491980795881
457199.99998910353,131603.51612394053,356661.02694900433,-545.84029979850857,-0.96756491269701528,0.34126236481178024,-0.00036593041327614599
458999.99998868443,129860.3550122654,357271.0942242188,-546.47767639520532,-0.96927699887323648,0.33658871336540774,-0.00034223674906443433
460799.99998826534,128114.13250987271,357872.74112889933,-547.07224781906984,-0.97096644982913094,0.33190641531920162,-0.00031836929221488493
462599.99998816056,126364.88940373124,358465.95219523436,-547.62370223012226,-0.97263321701132199,0.32721557739023044,-0.00029432914097150988
464399.99998805579,124612.6665681817,359050.71214763465,-548.13172977536499,-0.97427725235664364,0.3225163066000396,-0.00027011740498867812
466199.99998826534,122857.50496299523,359627.00590363226,-548.59602260956945,-0.97589850829552649,0.31780871026977003,-0.00024573520524909492
467999.99998847488,121099.4456340191,360194.81857391424,-549.01627491519332,-0.97749693775295587,0.31309289602219853,-0.00022118367401695852
469799.99998899875,119338.52971051165,360754.1354634391,-549.39218292307294,-0.97907249415248476,0.30836897177488909,-0.00019646395474459804
471599.99998889398,117574.79840642653,361304.94207127212,-549.72344493202684,-0.98062513141664287,0.30363704574392159,-0.00017157720203361365
473399.9999887892,115808.29301657219,361847.22409204277,-550.00976132943549,-0.98215480397191557,0.2988972264338649,-0.00014652458152353512
475199.99998899875,114039.05491792207,362380.96741576312,-550.25083461060353,-0.98366146674911625,0.29414962264154842,-0.00012130726985222955
476999.99998889398,112267.12556878326,362906.15812834218,-550.44636939854672,-0.9851450751857127,0.28939434345408216,-9.5926454585960335e-05
478799.99998910353,110492.54650627384,363422.78251258435,-550.59607246377993,-0.98660558522952935,0.28463149824231937,-7.0383334124496578e-05
480599.99998868443,108715.35934752112,363930.82704807783,-550.69965274356059,-0.98804295333932057,0.27986119666429721,-4.467911765895514e-05
482399.99998826534,106935.60578607771,364430.27841247426,-550.75682136141916,-0.98945713648927336,0.27508354865582324,-1.8815025060311995e-05
484199.99998784624,105153.3275932728,364921.12348133273,-550.7672916461795,-0.99084809216946002,0.27029866443430017,7.2077131614914564e-06
485999.99998774147,103368.56661631103,365403.34932890261,-550.73077915109002,-0.99221577838893849,0.26550665449380562,3.338785594587191e-05
487799.99998732237,101581.36477828526,365876.94322836521,-550.64700167278897,-0.99356015367733419,0.26070762960529664,5.9724151742574641e-05
489599.99998690328,99791.764075214349,366341.89265286736,-550.51567927002236,-0.99488117708866253,0.25590170080881292,8.6215338616904794e-05
491399.99998711282,97999.80657633509,366798.18527566449,-550.33653428227603,-0.99617880820263516,0.25108897941440411,0.00011286014430782079
493199.99998700805,96205.534424910118,367245.80897017138,-550.10929134853905,-0.99745300712569596,0.24626957700443361,0.00013965728627829177
494999.99998690328,94408.989833928863,367684.75181129668,-549.83367742535836,-0.99870373449570704,0.24144360542214799,0.00016660547184225993
496799.99998711282,92610.215086738652,368115.00207549939,-549.50942180517234,-0.99993095148301547,0.23661117677347737,0.00019370339821896815
498599.99998732237,90809.252537107939,368536.54824102315,-549.13625613463626,-1.0011346197920119,0.23177240342729927,0.00022094975259576445
500399.9999872176,89006.144607248629,368949.3789886178,-548.71391443246591,-1.0023147016640828,0.22692739801020345,0.00024834321222209395
502199.9999867985,87200.933785821297,369353.4832022271,-548.24213310697223,-1.0034711598804771,0.2220762734011989,0.00027588244450460334
503999.99998669373,85393.662628276783,369748.84996913536,-547.72065097399081,-1.0046039577636188,0.21721914273268314,0.00030356610706724636
505799.9999872176,83584.373755393739,370135.46858053131,-547.14920927428977,-1.0057130591796128,0.21235611938655294,0.0003313928478391728
507599.99998711282,81773.109854088194,370513.32853157946,-546.52755169156399,-1.0067984285393483,0.20748731699640796,0.00035936130510809855
509399.99998732237,79959.913672876079,370882.41952261957,-545.85542436852359,-1.007860030802828,0.20261284943536798,0.00038747010765654075
511199.9999872176,78144.828024055285,371242.73145893257,-545.13257592502123,-1.0088978314793926,0.19773283082193863,0.00041571787479503038
512999.99998742715,76327.895780642924,371594.25445160066,-544.35875747424825,-1.0099117966310804,0.19284737551176626,0.00044410321647669968
514799.99998700805,74509.159877642582,371936.97881749261,-543.53372264046595,-1.0109018928734783,0.187956598101019,0.00047262473334504815
516599.9999872176,72688.663307614741,372270.8950803437,-542.65722757414335,-1.0118680873797212,0.18306061341443905,0.00050128101687116583
518399.9999867985,70866.449123756553,372595.99397040484,-541.72903097030382,-1.0128103478803625,0.17815953651357294,0.00053007064937374694
520199.99998732237,69042.560434676314,372912.26642562897,-540.74889408282445,-1.0137286426676899,0.17325348268265306,0.00055899220417001479
521999.99998784624,67217.040407368782,373219.70359136391,-539.71658074263041,-1.0146229405957181,0.1683425674365237,0.00058804424559782845
523799.99998742715,65389.932265055759,373518.29682098626,-538.63185737328945,-1.0154932110828967,0.16342690651474415,0.00061722532911894043
525599.99998732237,63561.279282657379,373808.03767686378,-537.49449300475408,-1.0163394241157873,0.15850661586930118,0.00064653400146114451
527399.9999872176,61731.124790766546,374088.91792992415,-536.3042592920059,-1.0171615502486833,0.15358181167518617,0.000675968800624995
529199.99998711282,59899.512171705042,374360.92956052284,-535.06093052890628,-1.0179595606070033,0.14865261031965543,0.00070552825601725413
530999.99998700805,58066.484859408061,374624.06475867925,-533.76428366416201,-1.0187334268888484,0.14371912840177861,0.0007352108885236323
532799.99998690328,56232.086338318491,374878.31592446734,-532.41409831654482,-1.0194831213670039,0.13878148272930871,0.00076501521059770873
534599.99998711282,54396.36014170303,375123.67566847632,-531.01015678949716,-1.0202086168911506,0.13383979031398374,0.00079493972635972696
536399.99998732237,52559.349852176754,375360.1368119652,-529.55224408724939,-1.0209098868891675,0.12889416837275927,0.00082498293165978332
538199.9999872176,50721.099099449028,375587.6923873967,-528.04014792872704,-1.0215869053695561,0.12394473432155005,0.00085514331418658186
539999.99998774147,48881.65155853684,375806.33563887537,-526.47365876149775,-1.0222396469235766,0.11899160577021481,0.00088541935356921939
541799.99998795101,47041.050950925477,376016.06002222718,-524.85256977806444,-1.022868086726322,0.11403490052546462,0.00091580952143085256
543599.99998753192,45199.341041996762,376216.85920553887,-523.17667692893656,-1.0234722005391488,0.10907473658371003,0.00094631228150390833
545399.99998774147,43356.565638704014,376408.72706962016,-521.4457789355132,-1.0240519647118902,0.10411123212455688,0.00097692608974208044
547199.99998826534,41512.768591901397,376591.65770797222,-519.65967730715681,-1.0246073561835762,0.099144505516826631,0.0010076493943553368
548999.99998816056,39667.993793306741,376765.64542734355,-517.8181763532674,-1.0251383524849123,0.094174675310111908,0.0010384806359341279
550799.99998774147,37822.285173754732,376930.68474811001,-515.92108319619365,-1.025644931740237,0.089201860229791541,0.0010694182475528258
552599.99998826534,35975.686702071442,377086.77040457714,-513.96820778452263,-1.0261270726692431,0.084226179173708213,0.0011004606548632517
554399.9999887892,34128.24238677082,377233.89734505635,-511.9593629093107,-1.0265847545879907,0.07924775121643797,0.0011316062761409517
556199.99998868443,32279.996272677061,377372.06073238561,-509.89436421489955,-1.027017957411281,0.074266695599876725,0.0011628535224168473
557999.99998889398,30430.992439140875,377501.25594426668,-507.7730302110067,-1.0274266616544825,0.069283131728106739,0.0011942007975828694
559799.99998910353,28581.275000871508,377621.47857341403,-505.59518228764404,-1.0278108484347497,0.064297179169301819,0.0012256464984535731
561599.99998899875,26730.888106113267,377732.72442790534,-503.36064472696904,-1.0281704994728678,0.059308957650464296,0.0012571890148728199
563399.99998857966,24879.875935241267,377834.98953148298,-501.06924471536098,-1.0285055970949539,0.054318587053279264,0.0012888267298138583
565199.9999887892,23028.282698857583,377928.27012386447,-498.72081235463173,-1.02881612423418,0.049326187408609841,0.001320558019488342
566999.99998837011,21176.15264009505,378012.56266084022,-496.31518067844917,-1.0291020644317914,0.044331878902325775,0.0013523812533835042
568799.99998826534,19323.530028942456,378087.86381477187,-493.85218565848646,-1.0293634018394469,0.039335781859608329,0.0013842947944363248
570599.9999887892,17470.459163897955,378154.17047470465,-491.33166621964074,-1.0296001212202823,0.034338016749002165,0.0014162969990824863
572399.99998931307,15616.984371129003,378211.47974662454,-488.75346425208284,-1.029812207950435,0.029338704179734099,0.0014483862173481378
574199.9999892083,13763.150002948591,378259.78895373346,-486.11742462220258,-1.0299996480206353,0.024337964897176712,0.0014805607929537412
575999.9999887892,11909.000435003512,378299.09563673241,-483.42339518141694,-1.0301624280378407,0.019335919774825242,0.0015128190634407825
577799.99998837011,10054.580066681494,378329.39755399991,-480.67122677931548,-1.0303005352264958,0.014332689814945952,0.001545159360242937
579599.99998857966,8199.9333195652544,378350.69268182991,-477.86077327392513,-1.0304139574299951,0.009328396143945929,0.0015775800087913527
581399.99998847488,6345.1046378500669,378362.97921464039,-474.99189154479319,-1.0305026831120014,0.0043231600130299724,0.0016100793285858488
583199.99998805579,4490.1384853307736,378366.25556521793,-472.06444150071411,-1.0305667013579618,-0.00068289721040941582,0.0016426556333263152
584999.99998795101,2635.0793439956465,378360.52036491164,-469.07828608954168,-1.0306060018764229,-0.0056896540470782473,0.001675307231016539
586799.99998784624,779.97171497338411,378345.77246383403,-466.03329131166873,-1.0306205750002939,-0.010696988903726333,0.0017080324240267713
588599.99998805579,-1075.1398845206793,378322.01093105809,-462.92932622697072,-1.0306104116882022,-0.015704780081900075,0.0017408295092269006
590399.99998795101,-2930.2109203090931,378289.23505482759,-459.76626296796837,-1.0305755035257711,-0.020712905776100122,0.0017736967780506005
592199.99998753192,-4785.1968449307815,378247.44434270839,-456.54397674521397,-1.0305158427268533,-0.025721244084241972,0.0018066325166402285
593999.99998742715,-6640.0530976738828,378196.63852176588,-453.26234585852285,-1.0304314221347213,-0.030729673008286044,0.0018396350059275807
595799.99998795101,-8494.7351052141039,378136.81753874826,-449.92125170713643,-1.0303222352232868,-0.035738070456510951,0.0018727025217254657
597599.99998753192,-10349.198281153742,378067.98156032059,-446.52057880183861,-1.0301882760984178,-0.04074631424282673,0.0019058333347997387
599399.99998742715,-12203.398032122184,377990.13097304793,-443.06021476485563,-1.030029539498748,-0.045754282103817802,0.0019390257110587688
601199.99998700805,-14057.289753668934,377903.26638373017,-439.5400503481581,-1.0298460207971447,-0.050761851688229741,0.0019722779115609588
602999.99998658895,-15910.828834693095,377807.3886194214,-435.9599794359811,-1.0296377160015502,-0.055768900569518595,0.002005588192674899
604799.99998648418,-17763.97065706729,377702.49872763001,-432.31989905604047,-1.0294046217561761,-0.060775306245430871,0.0020389548061538381
606599.99998606509,-19616.670597087134,377588.59797644068,-428.61970938719253,-1.0291467353425165,-0.06578094614252257,0.002072375999243
608399.99998627463,-21468.884027449792,377465.68785458349,-424.85931376577184,-1.0288640546802346,-0.070785697622117741,0.0021058500147967067
610199.99998616986,-23320.566316391723,377333.77007168275,-421.03861869749079,-1.0285565783284345,-0.075789437978598925,0.0021393750913444505
611999.99998606509,-25171.672831220811,377192.84655821277,-417.15753386027427,-1.0282243054862621,-0.080792044449580463,0.0021729494632364561
613799.99998564599,-27022.158937480177,377042.91946574015,-413.21597211581371,-1.0278672359941481,-0.085793394214285959,0.0022065713607105405
615599.99998554122,-28871.980002437562,376883.99116683833,-409.21384951190896,-1.0274853703342655,-0.090793364403623886,0.0022402390100375066
617399.99998575076,-30721.091393691659,376716.06425537885,-405.15108529496763,-1.0270787096318768,-0.095791832097073912,0.0022739506335780805
619199.99998596031,-32569.448481452335,376539.14154653449,-401.02760191457838,-1.0266472556559749,-0.10078867432951,0.0023077044499067024
620999.9999852269,-34417.006639074709,376353.22607691935,-396.84332503165956,-1.0261910108202514,-0.10578376809331171,0.0023414986739037293
622799.99998575076,-36263.721247582638,376158.32110431104,-392.5981835173119,-1.0257099781830168,-0.11077699035126967,0.0023753315169208196
624599.99998564599,-38109.547690511368,375954.43010835949,-388.29210947355187,-1.0252041614495369,-0.11576821802332304,0.0024092011867692959
626399.99998554122,-39954.441360842611,375741.55679005175,-383.92503822632148,-1.0246735649712964,-0.12075732800600013,0.0024431058879300022
628199.99998575076,-41798.357659748974,375519.70507200417,-379.4969083369399,-1.0241181937472883,-0.12574419716972018,0.0024770438216133715
629999.99998533167,-43641.251996605766,375288.87909865851,-375.00766161075933,-1.0235380534250553,-0.13072870235952688,0.0025110131858426588
631799.99998585554,-45483.079794285186,375049.08323580254,-370.45724309273186,-1.0229331503000327,-0.13571072041011639,0.0025450121756346858
633599.99998606509,-47323.796484831422,374800.32207128825,-365.84560108620042,-1.0223034913178783,-0.14069012813485549,0.0025790389830034504
635399.99998564599,-49163.357514036972,374542.60041463422,-361.1726871498808,-1.0216490840739929,-0.14566680233887994,0.0026130917971278621
637199.99998554122,-51001.718342952758,374275.9232969741,-356.43845610189567,-1.0209699368138883,-0.15064061982390831,0.0026471688044632856
638999.99998512212,-52838.834447274101,374000.29597131151,-351.64286602913342,-1.0202660584343186,-0.15561145738731347,0.0026812681888138006
640799.99998564599,-54674.661320534542,373715.72391222196,-346.78587828665178,-1.0195374584830046,-0.16057919183150401,0.0027153881314750852
642599.99998554122,-56509.154471347065,373422.21281645354,-341.86745751253079,-1.0187841471606334,-0.16554369995720139,0.0027495268112669017
644399.99998512212,-58342.269429471417,373119.7686021619,-336.88757161924337,-1.0180061353193448,-0.17050485858060846,0.0027836824047296604
646199.99998470303,-60173.961744399159,372808.39740928082,-331.8461918045171,-1.0172034344641256,-0.17546254453033486,0.002817853086182087
647999.99998428393,-62004.186986780485,372488.10559945949,-326.74329255458849,-1.0163760567530751,-0.1804166346520179,0.0028520370278317603
649799.99998386484,-63832.900749631095,372158.89975602488,-321.57885164784017,-1.0155240149977174,-0.18536700581235302,0.0028862323998816259
651599.99998376006,-65660.058650056715,371820.78668384033,-316.35285015675049,-1.0146473226630401,-0.1903135349045304,0.0029204373706463024
653399.99998365529,-67485.616329132579,371473.77340949525,-311.06527245491503,-1.0137459938683704,-0.19525609884868159,0.0029546501066339396
655199.99998386484,-69309.529455079581,371117.86718087556,-305.71610621442818,-1.0128200433866368,-0.2001945746012542,0.0029888687726898457
656999.99998376006,-71131.753721723246,370753.07546762138,-300.30534241673575,-1.0118694866459246,-0.20512883915162122,0.0030230915320517936
658799.99998365529,-72952.244852527394,370379.4059605042,-294.83297534702905,-1.0108943397282015,-0.21005876953378749,0.0030573165465099372
660599.99998386484,-74770.958600751954,369996.86657153408,-289.29900259969043,-1.009894619369931,-0.21498424282760478,0.003091541976494078
662399.99998376006,-76587.850748728917,369605.46543428203,-283.70342508649742,-1.0088703429632437,-0.21990513615760338,0.0031257659811443016
664199.99998334097,-78402.877111991533,369205.21090317197,-278.04624702985006,-1.0078215285543963,-0.22482132670496807,0.0031599867184729513
665999.99998292187,-80215.993539182557,368796.11155363859,-272.32747596853386,-1.006748194844479,-0.22973269170808958,0.0031942023454472747
667799.99998313142,-82027.155913249851,368378.17618201539,-266.54712275944706,-1.0056503611894125,-0.23463910846660313,0.0032284110180962771
669599.99998302665,-83836.320151493361,367951.4138056903,-260.70520158286166,-1.0045280476006262,-0.23954045434231819,0.0032626108915958804
671399.99998260755,-85643.442208527587,367515.8336625775,-254.80172993816694,-1.0033812747439337,-0.24443660676804943,0.0032968001204091461
673199.9999828171,-87448.478077574808,367071.44521094247,-248.83672864456736,-1.0022100639393192,-0.24932744325192971,0.0033309768583950666
674999.99998271232,-89251.383789220694,366618.2581298626,-242.81022185009056,-1.0010144371623819,-0.2542128413748474,0.0033651392588692928
676799.99998292187,-91052.11541534905,366156.28231840971,-236.72223702334793,-0.99979441704240679,-0.25909267880191972,0.0033992854747628139
678599.99998250278,-92850.629068209906,365685.52789602958,-230.57280496120401,-0.99855002686357308,-0.26396683328078174,0.0034334136586885505
680399.99998302665,-94646.880904401594,365206.00520165387,-224.36195977965184,-0.99728129056280379,-0.26883518265319212,0.0034675219631010125
682199.99998323619,-96440.827122052389,364717.7247945852,-218.08973892775677,-0.99598823273229087,-0.27369760484821243,0.0035016085403269757
683999.99998313142,-98232.423964638234,364220.69745364349,-211.75618317874151,-0.99467087861740477,-0.27855397789337044,0.0035356715427219652
685799.99998334097,-100021.62772301896,363714.93417672726,-205.36133662667217,-0.99332925411569595,-0.28340417992099742,0.0035697091227930209
687599.99998386484,-101808.39473390585,363200.44618138159,-198.90524669570641,-0.99196338577853471,-0.28824808916489592,0.0036037194332534986
689399.99998344574,-103592.68138185912,362677.24490439566,-192.38796413682559,-0.99057330081018735,-0.29308558396657058,0.0036377006271449126
691199.99998365529,-105374.44410350024,362145.3420007028,-185.8095430159556,-0.98915902706500747,-0.29791654278747065,0.003671650858000924
692999.99998355052,-107153.63938350679,361604.74934469309,-179.17004073200522,-0.98772059305103288,-0.30274084419895025,0.0037055682798547923
694799.99998407438,-108930.22376031669,361055.47902865749,-172.46951799912571,-0.9862580279259423,-0.30755836689855465,0.0037394510474316601
696599.99998459825,-110704.15382411786,360497.54336352483,-165.70803885725473,-0.9847713614990985,-0.31236898970538995,0.0037732973161937488
698399.99998449348,-112475.38621953329,359930.95487818104,-158.88567066505126,-0.98326062422980365,-0.31717259156822092,0.0038071052424749679
700199.99998438871,-114243.87764738926,359355.72631903103,-152.00248409585754,-0.98172584722618783,-0.32196905157108718,0.0038408729835979318
701999.99998396961,-116009.58486440571,358771.8706502259,-145.05855314153237,-0.98016706224586148,-0.32675824893328148,0.0038745986979512757
703799.99998417916,-117772.46468597697,358179.4010528865,-138.0539551041131,-0.97858430169386801,-0.33154006301770766,0.0039082805451257537
705599.99998407438,-119532.47398492906,357578.33092564833,-130.98877060311685,-0.97697759862416267,-0.33631437332832537,0.003941916685973431
707399.99998396961,-121289.56969537286,356968.6738834976,-123.86308356247301,-0.97534698673650755,-0.34108105952141698,0.0039755052827640646
709199.99998386484,-123043.70881232044,356350.44375801663,-116.67698121404034,-0.97369250037711996,-0.34584000140535964,0.004009044499260375
710999.99998376006,-124794.84839297365,355723.65459706815,-109.43055409435993,-0.97201417453780992,-0.35059107894493058,0.0040425325008251502
712799.99998396961,-126542.94555858718,355088.32066425745,-102.12389603876817,-0.97031204485451039,-0.35533417226717312,0.0040759674545391327
714599.99998355052,-128287.95749389267,354444.4564392718,-94.757104185489396,-0.96858614760814132,-0.3600691616606379,0.004109347529272161
716399.99998313142,-130029.8414509225,353792.07661660801,-87.330278961117259,-0.9668365197211477,-0.36479592758656437,0.0041426708958381972
718199.99998365529,-131768.55474907751,353131.19610564277,-79.843524081484517,-0.96506319875761526,-0.36951435067986632,0.0041759357270784092
719999.99998355052,-133504.05477378675,352461.83003127854,-72.296946558763381,-0.96326622292492536,-0.37422431174629361,0.0042091401979170457
721799.99998313142,-135236.29898139491,351783.99373221007,-64.690656681530427,-0.96144563106901426,-0.37892569177649282,0.0042422824855362735
723599.99998271232,-136965.24489883694,351097.70276114292,-57.024768016910201,-0.95960146267484847,-0.38361837194591697,0.0042753607694511206
725399.99998292187,-138690.85012484743,350402.97288443026,-49.299397405997397,-0.95773375786533921,-0.38830223361889799,0.0043083732316134809
727199.99998344574,-140413.07233032599,349699.8200820472,-41.514664962902451,-0.95584255740114132,-0.39297715835042479,0.0043413180564997791
728999.99998396961,-142131.86926000376,348988.26054704242,-33.670694067843222,-0.95392790267904282,-0.39764302789144901,0.004374193431223302
730799.99998355052,-143847.19873276653,348268.31068553118,-25.767611366123102,-0.95198983573179286,-0.40229972419054238,0.0044069975456205723
732599.99998313142,-145559.01864611969,347539.98711493454,-17.805546747784742,-0.95002839922320226,-0.4069471294067919,0.0044397285924166656
734399.99998302665,-147267.28697385607,346803.306665048,-9.7846333582512308,-0.94804363645083944,-0.41158512590424029,0.0044723847672602669
736199.99998260755,-148971.96176761881,346058.28637750656,-1.7050075911470148,-0.94603559134440862,-0.4162135962568953,0.0045049642688329795
737999.99998218846,-150673.00115940941,345304.94350480766,6.4331909237238003,-0.94400430846292094,-0.42083242325629988,0.0045374652989763386
739799.99998145504,-152370.36336162806,344543.2955103931,14.629819320994134,-0.94194983299470014,-0.42544148991240177,0.0045698860627714525
741599.99998135027,-154064.00666947631,343773.36006767856,22.884731511808113,-0.93987221075455063,-0.43004067946082808,0.0046022247686633736
743399.99998093117,-155753.88945958263,342995.15506078239,31.197778177771639,-0.93777148818548717,-0.43462987535990161,0.0046344796285131291
745199.9999808264,-157439.9701944954,342208.6985825806,39.568806793672714,-0.93564771235324706,-0.43920896130358283,0.0046666488577613418
746999.99998072162,-159122.20742053736,341414.00893578934,47.997661617901286,-0.93350093094895625,-0.44377782121638215,0.0046987306754648793
748799.99998061685,-160800.55977141272,340611.10463138728,56.484183711383281,-0.93133119228460848,-0.44833633926388611,0.0047307233044429188
750599.99998051208,-162474.98596768314,339800.00438895449,65.028210936209234,-0.92913854529369988,-0.45288439985205931,0.0047626249713438387
752399.99998103594,-164145.44481944881,338980.7271354812,73.629577970584776,-0.92692303952772526,-0.45742188763524844,0.0047944339067728658
754199.99998093117,-165811.89522512452,338153.29200606124,82.288116304018615,-0.92468472515775868,-0.46194868751356938,0.0048261483453449286
755999.99998114072,-167474.2961754358,337317.71834202384,91.003654259539601,-0.9224236529690919,-0.46646468464447038,0.0048577665258365699
757799.99998103594,-169132.60675209545,336474.02569167485,99.776016988645949,-0.92013987436292122,-0.47096976443983818,0.0048892866912361868
759599.99998124549,-170786.78613051874,335622.23380902596,108.60502648740976,-0.91783344135258182,-0.47546381257406867,0.0049207070888706806
761399.99998145504,-172436.79358020498,334762.36265368003,117.49050160060274,-0.91550440656290022,-0.47994671498579117,0.0049520259704874062
763199.99998135027,-174082.58846512114,333894.43239073508,126.43225802581523,-0.91315282322958313,-0.48441835787959109,0.0049832415923356296
764999.99998124549,-175724.13024681088,333018.46338924108,135.43010833256659,-0.91077874519468416,-0.48887862773513346,0.0050143522152993969
766799.99998114072,-177361.37848340801,332134.47622280085,144.48386195942354,-0.90838222690785875,-0.49332741130514607,0.005045356104952178
768599.99998103594,-178994.29283215807,331242.49166831101,153.59332523037486,-0.90596332342257868,-0.49776459562293363,0.0050762515316776372
770399.99998030253,-180622.8330492985,330342.53070610925,162.75830135686488,-0.90352209039614217,-0.50219006800270294,0.0051070367707398406
772199.99997988343,-182246.95899259759,329434.61451866588,171.97859045482312,-0.9010585840857277,-0.50660371604710552,0.0051377101024033534
773999.9999804073,-183866.63062205055,328518.76449025603,181.25398955171252,-0.8985728613471019,-0.51100542764976964,0.0051682698120179456
775799.99998030253,-185481.80799823848,327595.00220798579,190.58429258008823,-0.89606497963698606,-0.51539509099146563,0.0051987141900587874
777599.99998051208,-187092.4512880565,326663.34945862764,199.96929041364385,-0.8935349970040446,-0.51977259455629699,0.0052290415323051464
779399.99998103594,-188698.52076261007,325723.82822987234,209.40877085862058,-0.89098297209185096,-0.52413782712659551,0.0052592501398707947
781199.99998124549,-190299.97679846163,324776.46070970572,218.90251866438243,-0.88840896413675285,-0.5284906777869135,0.0052893383192972017
782999.99998145504,-191896.77987989379,323821.26928515773,228.45031554032474,-0.88581303296402314,-0.53283103593076842,0.005319304382665235
784799.99998135027,-193488.89059950932,322858.27654200565,238.05194016327539,-0.88319523898659802,-0.53715879126286759,0.0053491466476750195
786599.99998093117,-195076.26965869791,321887.50526457158,247.70716818410293,-0.88055564320405288,-0.54147383380095038,0.0053788634377227394
788399.9999808264,-196658.87787028358,320908.97843417845,257.41577224776483,-0.87789430719793571,-0.54577605388355899,0.0054084530820178384
790199.99998135027,-198236.67615810293,319922.71922946081,267.17752199496272,-0.87521129313212442,-0.55006534216944769,0.005437913915641991
791999.99998155981,-199809.62555702525,318928.75102644839,276.99218406628955,-0.87250666375256203,-0.55434158963819458,0.0054672442796160643
793799.99998176936,-201377.68721682101,317927.0973962089,286.85952213053622,-0.86978048238035133,-0.55860468760125814,0.0054964425210382046
795599.99998135027,-202940.82240060321,316917.78210589231,296.77929687949592,-0.86703281291408241,-0.56285452769827604,0.005525506993120044
797399.99998124549,-204498.99248875797,315900.82911627059,306.7512660573891,-0.86426371982262462,-0.56709100190827266,0.0055544360553245646
799199.99998145504,-206052.15897687367,314876.26258312742,316.77518445250519,-0.8614732681483882,-0.57131400254454545,0.0055832280733916495
800999.99998166459,-207600.28347854165,313844.10685550573,326.85080391985252,-0.85866152350202196,-0.57552342226278508,0.0056118814194536818
802799.99998218846,-209143.32772592697,312804.38647538051,336.97787338986024,-0.85582855206098962,-0.57971915406311891,0.0056403944721089569
804599.99998271232,-210681.25357074034,311757.12617707025,347.15613887977543,-0.8529744205674179,-0.58390109129324397,0.0056687656165020058
806399.99998229323,-212214.02298439949,310702.35088719946,357.38534349978738,-0.8500991963274509,-0.58806912764933861,0.0056969932443882605
808199.99998187413,-213741.59806190021,309640.08572209888,367.66522748409557,-0.84720294720360634,-0.59222315718705343,0.005725075754266392
809999.99998145504,-215263.94101988262,308570.35598917038,377.99552818357006,-0.84428574161793202,-0.59636307431671032,0.0057530115514030046
811799.99998197891,-216781.0141992745,307493.18718510721,388.37598008902603,-0.84134764854658517,-0.60048877381093191,0.0057807990479409269
813599.99998124549,-218292.78006369577,306408.60499708779,398.80631482587421,-0.83838873752251175,-0.60460015080074214,0.0058084366629291432
815399.99998114072,-219799.20120501443,305316.63529886672,409.28626119798764,-0.83540907862421054,-0.60869710079109474,0.0058359228224827749
817199.99998166459,-221300.24034075721,304217.30415264925,419.81554517594873,-0.83240874248025165,-0.61277951965424893,0.005863255959793371
818999.99998218846,-222795.86031512625,303110.63780843531,430.39388990983832,-0.82938780026689851,-0.61684730363293472,0.0058904345152045465
820799.99998208368,-224286.02410137985,301996.66270232853,441.02101575195047,-0.82634632370289673,-0.62090034934722116,0.005917456936311725
822599.99998197891,-225770.69480297956,300875.40545571008,451.69664027127067,-0.82328438504661372,-0.62493855379801622,0.0059443216780384334
824399.99998218846,-227249.83565407858,299746.89287489885,462.42047826337688,-0.82020205709450655,-0.62896181436876719,0.0059710272026999604
826199.999982398,-228723.41001946223,298611.15195125231,473.19224175631507,-0.81709941318077783,-0.63297002882565756,0.0059975719800565031
827999.99998197891,-230191.38139613791,297468.20986001077,484.0116400284744,-0.81397652717361213,-0.63696309532228046,0.0060239544873954077
829799.99998250278,-231653.71341667164,296318.09395773034,494.87837963987016,-0.8108334734675311,-0.64094091240905227,0.0060501732096437449
831599.99998208368,-233110.36984490717,295160.83178566815,505.79216440716357,-0.80767032699202412,-0.64490337902189032,0.006076226639343419
833399.99998197891,-234561.31458301019,293996.45106428023,516.75269546280856,-0.8044871631958791,-0.64885039450169513,0.006102113276828653
835199.99998187413,-236006.51166741364,292824.97969645646,527.75967123173712,-0.80128405805538927,-0.65278185858361926,0.0061278316302037505
836999.99998176936,-237445.92527286842,291646.44576432055,538.81278746883413,-0.79806108806496834,-0.65669767140838331,0.0061533802154651778
838799.99998166459,-238879.51971169296,290460.87752985733,549.91173726041052,-0.7948183302382229,-0.66059773352051032,0.0061787575565369476
840599.99998155981,-240307.25943531346,289268.30343369301,561.05621104314798,-0.79155586210397344,-0.66448194587278842,0.0062039621853461702
842399.99998145504,-241729.10903563484,288068.75209397951,572.24589662209166,-0.7882737617025507,-0.66835020983025828,0.0062289926418945592
844199.99998166459,-243145.03324535035,286862.2523061551,583.48047918050804,-0.7849721075844921,-0.6722024271712993,0.0062538474743103235
845999.99998124549,-244554.99693799662,285648.83304294769,594.75964128761939,-0.78165097880989598,-0.67603850008801458,0.0062785252388950072
847799.99998145504,-245958.96513183083,284428.52345107321,606.08306293709893,-0.77831045493872875,-0.67985833119700334,0.0063030245002363228
849599.99998197891,-247356.90298732213,283201.35285340791,617.45042153474594,-0.77495061603610893,-0.68366182353274518,0.0063273438312082724
851399.99998218846,-248748.7758095414,281967.35074696125,628.86139192527787,-0.77157154266609895,-0.68744888055430331,0.0063514818130562638
853199.99998208368,-250134.54904903992,280726.54680212494,640.31564640732302,-0.76817331588898174,-0.69121940614790045,0.0063754370354548373
854999.99998197891,-251514.18830340038,279478.97086130024,651.81285475416439,-0.76475601725683606,-0.69497330463131557,0.0063992080965760917
856799.99998218846,-252887.65931735537,278224.65293879574,663.35268422283445,-0.76131972881259025,-0.69871048075436981,0.0064227936031323587
858599.99998208368,-254254.92798274846,276963.62322090328,674.93479956168358,-0.75786453308955848,-0.7024308396989708,0.0064461921704156459
860399.99998229323,-255615.96034178001,275695.91206294048,686.55886304588068,-0.75439051310266636,-0.7061342870880879,0.0064694024223924101
862199.99998250278,-256970.72258555901,274421.54999059055,698.2245344734639,-0.75089775235144962,-0.70982072898193493,0.0064924229917168869
863999.99998176936,-258319.18105577404,273140.56769838271,709.93147118773959,-0.74738633481521888,-0.71349007188263713,0.0065152525197971611
865799.99998135027,-259661.30224682344,271852.99604767817,721.67932810419393,-0.74385634494686215,-0.71714222274012829,0.0065378896568676582
867599.99998093117,-260997.05280461977,270558.86606781004,733.46775770862462,-0.74030786767529289,-0.72077708894899006,0.0065603330620045818
869399.99998145504,-262326.39952926646,269258.20895352424,745.2964100891179,-0.73674098839775992,-0.724394578355817,0.0065825814032057818
871199.99998197891,-263649.30937383411,267951.05606617877,757.16493293381291,-0.7331557929824607,-0.72799459925595167,0.0066046333574041327
872999.99998218846,-264965.74944673938,266637.4389314421,769.07297156061441,-0.7295523677615493,-0.73157706040001425,0.0066264876105405005
874799.99998208368,-266275.6870121758,265317.38923886244,781.02016892988092,-0.72593079952928452,-0.73514187099512174,0.0066481428576029939
876599.99998166459,-267579.08949121443,263990.93884077092,793.00616566324254,-0.7222911755383371,-0.73868894070790991,0.0066695978026764741
878399.99998124549,-268875.92446272814,262658.11975133378,805.03060006103544,-0.71863358349652295,-0.74221817966707127,0.0066908511589880582
880199.99998145504,-270166.15966383938,261318.96414609294,817.09310811544151,-0.71495811156485689,-0.74572949846458181,0.0067119016489439447
881999.99998103594,-271449.76298956777,259973.5043623583,829.19332351599382,-0.71126484835796111,-0.74922280815473064,0.0067327480041523878
883799.99998093117,-272726.70249633159,258621.77289556336,841.33087769147073,-0.70755388293338783,-0.75269802026364163,0.0067533889655085021
885599.9999808264,-273996.94640037388,257263.80240089635,853.50539980431574,-0.70382530479542271,-0.7561550467849556,0.0067738232831953682
887399.99998072162,-275260.46307969326,255899.62569126944,865.71651677806653,-0.70007920388884237,-0.75959380018504263,0.0067940497167412236
889199.99998030253,-276517.2210745574,254529.27573675732,877.96385331159604,-0.69631567059669808,-0.76301419340435339,0.0068140670350526908
890999.99998051208,-277767.18908881058,253152.78566316678,890.2470319011536,-0.69253479573572352,-0.76641613986090762,0.006833874016459681
892799.9999804073,-279010.33598901087,251770.18875298824,902.56567284118955,-0.68873667055827958,-0.76979955344786666,0.0068534694487249722
894599.99998061685,-280246.63080763113,250381.51844185515,914.91939426528722,-0.68492138674196645,-0.77316434854216609,0.0068728521291172486
896399.99998051208,-281476.04274135211,248986.80832043337,927.30781213871603,-0.68108903639415252,-0.77651043999975977,0.0068920208644054383
898199.99998009298,-282698.54115380713,247586.09213133663,939.73054029530851,-0.6772397120428395,-0.77983774316298016,0.0069109744709223942
899999.99998030253,-283914.09557596245,246179.40376864866,952.1871904511255,-0.67337350663469164,-0.78314617386145291,0.0069297117745901176
901799.99998051208,-285122.67570531619,244766.77727884948,964.67737220577135,-0.66949051353692712,-0.78643564840977498,0.0069482316109261508
903599.99998103594,-286324.25140875723,243348.2468574963,977.20069308132418,-0.66559082652754609,-0.78970608361515093,0.0069665328251054832
905399.99998124549,-287518.79272142332,241923.84685054244,989.75675852024369,-0.66167453979830826,-0.7929573967741218,0.0069846142719598488
907199.99998114072,-288706.26984906854,240493.61175152985,1002.3451719197687,-0.65774174794636897,-0.79618950567884195,0.0070024748160298677
908999.99998135027,-289886.65316812834,239057.57620147118,1014.9655346425549,-0.65379254597331393,-0.79940232861706984,0.007020113331580851
910799.99998155981,-291059.91322607553,237615.77498841062,1027.6174460302218,-0.64982702928331393,-0.80259578437294277,0.0070375287026224467
912599.99998176936,-292226.0207424878,236168.24304611306,1040.3005034245659,-0.6458452936788851,-0.80576979222967626,0.0070547198229378508
914399.99998135027,-293384.9466095079,234715.01545348429,1053.0143021823824,-0.64184743535866784,-0.80892427197059635,0.0070716855961031324
916199.99998187413,-294536.66189414501,233256.1274316544,1065.7584357107091,-0.63783355090877569,-0.81205914388517952,0.0070884249355323012
917999.99998145504,-295681.13783537707,231791.61434761743,1078.5324954447913,-0.63380373731218675,-0.81517432876091678,0.0071049367644457299
919799.99998135027,-296818.34584909619,230321.51170794613,1091.3360709127849,-0.6297580919308372,-0.8182697478965314,0.007121220015951806
921599.99998093117,-297948.25752563035,228845.85516191259,1104.1687497183095,-0.62569671251359305,-0.82134532309496411,0.0071372736330197369
923399.9999808264,-299070.84463232534,227364.68049813629,1117.0301175794937,-0.62161969718641963,-0.82440097667012457,0.0071530965685245775
925199.99998135027,-300186.07911327685,225878.02364488662,1129.9197583361617,-0.61752714445261303,-0.82743663144588286,0.0071686877852503569
926999.99998155981,-301293.93308954756,224385.92066979859,1142.8372539622092,-0.61341915319142015,-0.83045221075635889,0.0071840462558995762
928799.99998176936,-302394.37886140763,222888.40777684707,1155.7821846017102,-0.60929582264911808,-0.83344763845171477,0.0071991709631297881
930599.99998229323,-303487.38890769822,221385.5213071568,1168.7541285717709,-0.60515725244065899,-0.83642283889610025,0.0072140608995490433
932399.99998250278,-304572.93588672107,219877.29773777706,1181.7526623830606,-0.60100354254571464,-0.83937773696974893,0.0072287150677319478
934199.99998302665,-305650.99263763579,218363.77367971366,1194.7773607666938,-0.59683479330268419,-0.84231225807244048,0.0072431324802412827
935999.99998260755,-306721.53217945254,216844.98587931201,1207.8277966722644,-0.59265110541193577,-0.84522632812040388,0.0072573121596164955
937799.99998218846,-307784.52771409124,215320.97121391742,1220.9035413151148,-0.58845257992328937,-0.84811987355428686,0.0072712531384155205
939599.999982398,-308839.95262533729,213791.76669328107,1234.0041641741527,-0.58423931823933473,-0.85099282133594223,0.0072849544592009088
941399.99998197891,-309887.78047898452,212257.40945936393,1247.1292330035415,-0.58001142211434287,-0.85384509894842719,0.0072984151745414394
943199.99998155981,-310927.98502516898,210717.9367829118,1260.278313871989,-0.57576899364428802,-0.85667663440197073,0.0073116343470409602
944999.99998176936,-311960.54019805096,209173.3860638506,1273.4509711692849,-0.57151213526739997,-0.85948735623270101,0.0073246110493317487
946799.99998135027,-312985.42011564446,207623.79483153345,1286.646767614199,-0.56724094976431672,-0.86227719350176968,0.0073373443640696537
948599.99998124549,-314002.59908249578,206069.20074067573,1299.8652642990853,-0.56295554024635985,-0.86504607580221704,0.007349833383963689
950399.99998114072,-315012.05158805242,204509.64157377009,1313.1060206792654,-0.55865601016168021,-0.86779393325410104,0.0073620772117509612
952199.99998166459,-316013.75230916124,202945.15523722695,1326.3685946158134,-0.55434246328410652,-0.87052069651085573,0.0073740749602220802
953999.99998218846,-317007.67610885482,201375.77976320713,1339.6525423699452,-0.5500150037177044,-0.87322629675552899,0.0073858257522000474
955799.99998208368,-317993.79803790839,199801.55330717971,1352.957418633719,-0.54567373588954871,-0.87591066570456311,0.0073973287205522809
957599.99998229323,-318972.09333613777,198222.51414578772,1366.2827765580014,-0.54131876454335504,-0.87857373561085628,0.0074085830081978615
959399.99998218846,-319942.53743133694,196638.70067850317,1379.6281677484212,-0.53695019474357064,-0.88121543926038437,0.0074195877680865935
961199.99998176936,-320905.10594104318,195050.15142474836,1392.9931422996181,-0.53256813186696783,-0.88383570997652017,0.0074303421632103146
962999.99998166459,-321859.77467326267,193456.90502262616,1406.3772488158168,-0.52817268159868214,-0.8864344816215064,0.0074408453666006697
964799.99998155981,-322806.51962590968,191859.00022979896,1419.7800344133493,-0.5237639499341854,-0.88901168859441826,0.0074510965613121651
966599.99998114072,-323745.31698773353,190256.47592193002,1433.2010447436944,-0.51934204317454791,-0.89156726583317214,0.007461094940421264
968399.99998103594,-324676.14313992858,188649.37108988472,1446.6398240267958,-0.51490706791828156,-0.8941011488183801,0.0074708397070314117
970199.99998124549,-325598.97465535766,187037.72484098884,1460.0959150503895,-0.51045913106438667,-0.89661327357070042,0.0074803300742516824
971999.99998114072,-326513.78829924279,185421.57639781907,1473.5688591900105,-0.50599833980860287,-0.89910357665217544,0.0074895652651908763
973799.99998103594,-327420.56103048212,183800.96509584557,1487.0581964385142,-0.5015248016364966,-0.90157199516926156,0.0074985445129567164
975599.99998093117,-328319.27000156668,182175.93038350818,1500.5634654152489,-0.49703862432327245,-0.90401846677204234,0.0075072670606399911
977399.99998145504,-329209.89255957404,180546.51182037144,1514.0842033912015,-0.49253991592829449,-0.90644292965636786,0.0075157321613087249
979199.99998103594,-330092.4062453665,178912.74907855716,1527.6199462869206,-0.4880287847986669,-0.90884532256108919,0.0075239390779845176
980999.99998155981,-330966.78879644326,177274.68193744461,1541.1702287262319,-0.48350533955423119,-0.91122558477524451,0.0075318870836525711
982799.99998145504,-331833.01814471313,175632.35028773916,1554.7345840122828,-0.4789696890984409,-0.91358365613139936,0.0075395754612236311
984599.99998135027,-332691.07241935027,173985.79412608329,1568.3125441818552,-0.47442194260313714,-0.91591947701282161,0.00754700350354194
986399.99998124549,-333540.92994596227,172335.05355653749,1581.9036400028033,-0.4698622095122959,-0.91823298835060807,0.0075541705133589159
988199.99998176936,-334382.56924759131,170680.16878860613,1595.507401000001,-0.46529059953625079,-0.92052413162579505,0.0075610758033225235
989999.99998103594,-335215.96904405981,169021.18013849144,1609.1233554547321,-0.46070722265483777,-0.92279284886696133,0.0075677186959524825
991799.99998093117,-336041.10825476231,167358.12802352142,1622.7510304600762,-0.45611218910169593,-0.92503908265718804,0.0075740985236424042
993599.99998051208,-336857.96599686419,165691.05296563942,1636.3899519018373,-0.451505609373612,-0.92726277612852748,0.0075802146286243046
995399.99998009298,-337666.52158694976,164019.99558806172,1650.0396444955416,-0.44688759422099955,-0.92946387296584221,0.007586066362960134
997199.99997967388,-338466.75454109872,162344.9966150421,1663.6996317978856,-0.44225825464697149,-0.93164231740636883,0.007591653088520299
998999.99997925479,-339258.64457544556,160666.09687066171,1677.3694362261433,-0.43761770190373211,-0.93379805424058049,0.0075969741769651633
1000799.9999794643,-340042.17160682357,158983.33727739818,1691.0485790792848,-0.43296604748837031,-0.93593102881327939,0.0076020290097264277
1002599.9999793596,-340817.31575250818,157296.75885662076,1704.7365805434192,-0.42830340314398541,-0.93804118702223405,0.0076068169779820415
1004399.9999795691,-341584.05733154214,155606.40272569182,1718.4329597247756,-0.42362988085144149,-0.94012847532110522,0.007611337482640799
1006199.9999797787,-342342.37686433084,153912.31009877869,1732.1372346524956,-0.41894559283139438,-0.94219284071767051,0.0076155899343155076
1007999.9999799882,-343092.25507390953,152214.52228399666,1745.8489223111344,-0.41425065153618151,-0.94423423077658641,0.0076195737533055457
1009799.9999798834,-343833.67288550368,150513.08068432781,1759.5675386425462,-0.40954516965216742,-0.94625259361750103,0.0076232883695690704
1011599.9999804073,-344566.61142816639,148808.02679382212,1773.292598585816,-0.4048292600890494,-0.94824787791881449,0.0076267332227058201
1013399.9999803025,-345291.05203327397,147099.40220100849,1787.023616059025,-0.40010303598912128,-0.95022003291288493,0.007629907761923657
1015199.9999801978,-346006.97623695835,145387.24858319192,1800.7601040143863,-0.39536661071133344,-0.95216900839193941,0.0076328114460237012
1016999.9999797787,-346714.36577913712,143671.6077086374,1814.5015744298314,-0.39062009783718377,-0.95409475470472682,0.0076354437433688669
1018799.9999799882,-347413.20260488329,141952.52143322394,1828.2475383449835,-0.38586361116132395,-0.95599722275953025,0.0076378041318621182
1020599.9999792548,-348103.46886333654,140230.03170305811,1841.9975058493528,-0.38109726469866256,-0.95787636402048093,0.0076398920989152403
1022399.9999794643,-348785.14691032161,138504.18054794136,1855.7509861436097,-0.37632117266617293,-0.95973213051396222,0.0076417071414294959
1024199.9999793596,-349458.21930625633,136775.01008651458,1869.5074875075281,-0.37153544949702783,-0.96156447482218754,0.007643248765761044
1025999.9999792548,-350122.66881843831,135042.56252044821,1883.2665173553016,-0.36674020982442956,-0.96337335008869396,0.0076445164876988827
1027799.9999794643,-350778.47842061543,133306.88013541716,1897.027582236673,-0.3619355684842282,-0.96515871001643594,0.0076455098324345293
1029599.9999790452,-351425.63129295624,131568.00530116819,1910.7901878453395,-0.35712164051504391,-0.96692050886696324,0.0076462283345333174
1031399.9999786261,-352064.11082340544,129825.98046785868,1924.5538390568354,-0.35229854114807629,-0.96865870146337107,0.0076466715379071414
1033199.99997915,-352693.90060755436,128080.84816628021,1938.3180399355249,-0.34746638580768119,-0.97037324318919771,0.0076468389957841275
1034999.9999793596,-353314.98444834905,126332.65100864467,1952.0822937372097,-0.3426252901135185,-0.97206408998688398,0.0076467302706791839
1036799.9999798834,-353927.34635745187,124581.43168476221,1965.8461029480211,-0.33777536986995249,-0.97373119836072841,0.0076463449343645131
1038599.9999794643,-354530.97055477329,122827.23296329277,1979.6089692832486,-0.33291674106951302,-0.9753745253748537,0.0076456825678394786
1040399.9999796739,-355125.8414698093,121070.0976878252,1993.370393726779,-0.32804951988204523,-0.97699402865609264,0.0076447427612990155
1042199.9999798834,-355711.94374080765,119310.06877922334,2007.1298765212773,-0.32317382266122852,-0.97858966639096057,0.0076435251141039199
1043999.999980093,-356289.26221575798,117547.18923268314,2020.886917199831,-0.31828976593645675,-0.98016139732758678,0.0076420292347490282
1045799.9999803025,-356857.78195256449,115781.50211713521,2034.641014599119,-0.31339746641123278,-0.98170918077542335,0.0076402547408318351
1047599.9999801978,-357417.48821924557,114013.05057458646,2048.3916668730358,-0.30849704096140085,-0.98323297660502196,0.0076382012590211776
1049399.9999807216,-357968.3664947417,112241.87781751447,2062.1383715213778,-0.30358860662800052,-0.98473274524946675,0.0076358684250233209
1051199.9999809312,-358510.40246828878,110468.02713080481,2075.8806253831849,-0.2986722806227195,-0.98620844770190075,0.0076332558835532447
1052999.9999805121,-359043.58204035525,108691.54186874177,2089.617924668481,-0.29374818031965172,-0.98766004551730746,0.0076303632883001175
1054799.9999804073,-359567.89132326172,106912.46545284435,2103.3497649832602,-0.28881642324941098,-0.98908750081342844,0.007627190301892281
1056599.9999806168,-360083.31664069433,105130.84137341719,2117.0756413257454,-0.28387712710355162,-0.99049077626866722,0.0076237365958683632
1058399.9999811407,-360589.84452829894,103346.71318753244,2130.7950481102034,-0.27893040972911237,-0.99186983512293381,0.0076200018506429601
1060199.9999810359,-361087.46173386264,101560.12451837619,2144.5074791801485,-0.27397638912695577,-0.99322464117736975,0.0076159857554743624
1061999.9999809312,-361576.15521800914,99771.119052716225,2158.2124278359302,-0.26901518344490571,-0.99455515879546796,0.0076116880084277005
1063799.9999805121,-362055.91215403465,97979.74054141184,2171.9093868388468,-0.26404691097934041,-0.99586135290185496,0.0076071083163447573
1065599.9999807216,-362526.71992845269,96186.032797365042,2185.5978484348675,-0.25907169016969717,-0.99714318898299914,0.0076022463948076935
1067399.9999806168,-362988.56614074728,94390.039696431078,2199.2773043556722,-0.2540896396012004,-0.99840063308577276,0.0075971019681107099
1069199.9999801978,-363441.43860425759,92591.805174019348,2212.9472458525438,-0.24910087799564859,-0.99963365181908392,0.0075916747692197631
1070999.999980093,-363885.32534615736,90791.373225067946,2226.6071637044029,-0.24410552421157172,-1.0008422123530549,0.0075859645397411629
1072799.9999796739,-364320.21460744733,88988.78790408955,2240.2565482253362,-0.23910369724459937,-1.0020262824182307,0.0075799710298911863
1074599.9999798834,-364746.09484374983,87184.093321885346,2253.8948892973267,-0.23409551621859714,-1.0031858303069734,0.0075736939984547931
1076399.9999794643,-365162.95472489606,85377.333647229796,2267.5216763652443,-0.22908110039061022,-1.0043208248715749,0.0075671332127606392
1078199.9999796739,-365570.78313589655,83568.553102709629,2281.1363984759946,-0.22406056913959502,-1.0054312355261317,0.0075602884486359514
1079999.9999795691,-365969.56917626387,81757.795967646845,2294.7385442641616,-0.21903404197482643,-1.006517032243939,0.0075531594903870021
1081799.99997915,-366359.30216109368,79945.106573318364,2308.3276019956279,-0.21400163852293477,-1.0075781855596735,0.0075457461307510514
1083599.9999790452,-366739.97162088507,78130.529303658914,2321.90305956982,-0.20896347853017716,-1.0086146665681424,0.0075380481708685661
1085399.9999786261,-367111.56730167358,76314.108594660196,2335.4644045317809,-0.20391968186110107,-1.0096264469238954,0.0075300654202512364
1087199.9999782071,-367474.07916542201,74495.888932509595,2349.0111240935862,-0.1988703684937235,-1.0106134988415243,0.0075217976967444783
1088999.9999774736,-367827.49739009142,72675.914853225855,2362.5427051445195,-0.19381565851887719,-1.0115757950951163,0.0075132448264966008
1090799.9999773689,-368171.8123700986,70854.230940315858,2376.0586342759134,-0.18875567213407499,-1.0125133090187448,0.0075044066439186284
1092599.9999772641,-368507.01471607201,69030.881826041688,2389.5583977791011,-0.18369052964741342,-1.0134260145050606,0.007495282991661501
1094399.999976845,-368833.09525534353,67205.912188890477,2403.0414816715515,-0.17862035147094288,-1.0143138860058909,0.0074858737205755286
1096199.9999770545,-369150.04503221938,65379.366752033842,2416.5073717155137,-0.17354525811679783,-1.0151768985322358,0.0074761786896738918
1097999.9999769498,-369457.85530779749,63551.290284397444,2429.9555534173805,-0.16846537020059263,-1.0160150276530373,0.0074661977661103582
1099799.999976845,-369756.51756054698,61721.727597355355,2443.3855120592702,-0.16338080843267222,-1.016828249496031,0.0074559308251338861
1101599.9999773689,-370046.02348635899,59890.723544349385,2456.7967327089132,-0.1582916936175025,-1.0176165407471545,0.0074453777500586597
1103399.9999769498,-370326.36499827914,58058.323022726239,2470.1887002133967,-0.15319814665923984,-1.0183798786490943,0.0074345384322479537
1105199.999976845,-370597.53422752832,56224.570967262895,2483.5608992536222,-0.14810028854420795,-1.0191182410033517,0.0074234127710497743
1106999.9999770545,-370859.52352298715,54389.512353444763,2496.9128143273306,-0.14299824035049749,-1.0198316061681265,0.0074120006737891497
1108799.9999772641,-371112.32545150019,52553.192195603551,2510.2439297697497,-0.13789212324328901,-1.0205199530584346,0.0074003020557312687
1110599.999976845,-371355.93279803026,50715.655545988833,2523.5537297673422,-0.13278205847278576,-1.0211832611458267,0.007388316840050326
1112399.9999773689,-371590.33856619237,48876.94749076767,2536.8416983937072,-0.12766816736361161,-1.0218215104591457,0.0073760449577778605
1114199.9999775784,-371815.53597768577,47037.113154433297,2550.1073195845429,-0.12255057132761076,-1.0224346815822893,0.0073634863478066834
1115999.9999771593,-372031.5184729094,45196.197695310184,2563.3500771770828,-0.11742939185189623,-1.023022755655195,0.0073506409568370786
1117799.9999776832,-372238.27971124422,43354.246303068649,2576.5694549347218,-0.11230475049249652,-1.0235857143739346,0.0073375087393347336
1119599.9999778927,-372435.81357062154,41511.304202635452,2589.7649365257089,-0.10717676888580928,-1.02412353998886,0.0073240896575344858
1121399.9999774736,-372624.11414809339,39667.416649435516,2602.9360055641132,-0.10204556873595112,-1.0246362153054904,0.0073103836813838176
1123199.9999776832,-372803.17575998208,37822.628927918187,2616.0821456270064,-0.096911271811253072,-1.0251237236842534,0.0072963907885083132
1124999.9999775784,-372972.99294166622,35976.986353850734,2629.2028402447809,-0.091773999951253696,-1.0255860490392588,0.0072821109642064955
1126799.9999781023,-373133.56044801796,34130.534270127078,2642.2975729376849,-0.086633875055657769,-1.0260231758388285,0.0072675442013962442
1128599.9999783118,-373284.87325328839,32283.318048190235,2655.3658272123339,-0.081491019088929084,-1.0264350891045506,0.0072526905006042751
1130399.9999782071,-373426.9265513345,30435.383085828846,2668.4070865839631,-0.076345554074804034,-1.0268217744112638,0.0072375498699280639
1132199.9999784166,-373559.71575579268,28586.774805167352,2681.4208345971465,-0.071197602091352605,-1.027183217886898,0.0072221223249987346
1133999.9999779975,-373683.23649996065,26737.538654626213,2694.4065548185372,-0.066047285277106599,-1.0275194062115409,0.0072064078889773923
1135799.9999782071,-373797.48463718395,24887.72010382836,2707.3637308792017,-0.060894725817556283,-1.0278303266178754,0.0071904065924928984
1137599.9999784166,-373902.45624067559,23037.364646640774,2720.2918464597142,-0.055740045954313137,-1.028115966890085,0.0071741184736485728
1139399.9999786261,-373998.14760376362,21186.517797855904,2733.1903853198942,-0.050583367976571834,-1.0283763153639356,0.0071575435779754589
1141199.9999788357,-374084.55523993977,19335.225092754263,2746.0588313082699,-0.045424814220605861,-1.0286113609263183,0.0071406819584103722
1142999.9999787309,-374161.67588292982,17483.532086385731,2758.8966683734861,-0.040264507068491773,-1.0288210930148678,0.0071235336752721104
1144799.9999789405,-374229.50648681301,15631.484351690026,2771.7033805837254,-0.035102568943609504,-1.0290055016177115,0.0071060987962274259
1146599.9999788357,-374288.04422602773,13779.127480253401,2784.4784521278339,-0.029939122313499503,-1.0291645772729292,0.007088377396281942
1148399.9999787309,-374337.28649553098,11926.507078917079,2797.2213673450851,-0.024774289681169244,-1.0292983110684335,0.007070369557732473
1150199.9999783118,-374377.23091079219,10073.66877106348,2809.9316107226027,-0.019608193589448479,-1.0294066946414147,0.007052075370164064
1151999.9999785214,-374407.87530791474,8220.6581932574773,2822.6086669247234,-0.014440956612405641,-1.029489720178131,0.0070334949304026208
1153799.9999790452,-374429.21774363914,6367.5209970194119,2835.2520207870916,-0.0092727013610826824,-1.029547380413401,0.0070146283425185337
1155599.9999789405,-374441.25649543898,4514.3028468426883,2847.861157336557,-0.0041035504787701469,-1.029579668630344,0.0069954757177940769
1157399.9999782071,-374443.99006158306,2661.0494177204218,2860.4355618142245,0.0010663733650796313,-1.0295865786600551,0.0069760371746851483
1159199.9999784166,-374437.41716116155,807.80639443644566,2872.9747196863937,0.0062369474760097954,-1.0295681048811736,0.0069563128388010747
1160999.9999783118,-374421.53673414496,-1045.380526464123,2885.4781166374491,0.011408049128228438,-1.0295242422195652,0.0069363028429142619
1162799.9999778927,-374396.34794143174,-2898.4656407765583,2897.9452386038238,0.016579555575209386,-1.0294549861479745,0.0069160073269060188
1164599.9999781023,-374361.85016485763,-4751.4032378759648,2910.3755717884183,0.021751344052300878,-1.0293603326855905,0.0068954264377420653
1166399.9999783118,-374318.04300729034,-6604.1475983835862,2922.768602651086,0.026923291769350842,-1.0292402783978531,0.0068745603294886439
1168199.9999785214,-374264.92629261548,-8456.6529982961674,2935.1238179425054,0.032095275921360238,-1.0290948203959724,0.0068534091632581218
1169999.9999787309,-374202.50006578682,-10308.873708730289,2947.440704708551,0.037267173686890108,-1.0289239563366337,0.0068319731072030484
1171799.9999789405,-374130.76459286193,-12160.763996787624,2959.7187503021878,0.042438862229587107,-1.0287276844216739,0.0068102523364987413
1173599.9999788357,-374049.72036099964,-14012.27812724356,2971.9574424007933,0.047610218702000086,-1.0285060033976758,0.0067882470333165829
1175399.9999787309,-373959.36807849456,-15863.370363056736,2984.1562690155965,0.052781120246095596,-1.0282589125556589,0.0067659573868114357
1177199.9999789405,-373859.70867478958,-17713.994966454618,2996.3147185049297,0.057951443995373775,-1.0279864117307294,0.0067433835931029421
1178999.99997915,-373750.74330048932,-19564.106199904003,3008.4322795867024,0.06312106707665395,-1.0276885013017436,0.0067205258552587317
1180799.9999793596,-373632.47332740575,-21413.658326522225,3020.5084413471791,0.068289866610289449,-1.0273651821910759,0.0066973843832850346
1182599.9999792548,-373504.90034853882,-23262.605611640851,3032.5426932573087,0.073457719713594313,-1.0270164558642125,0.0066739593941038348
1184399.9999797787,-373368.02617799555,-25110.902324862385,3044.5345251921412,0.078624503505642068,-1.0266423243291967,0.0066502511115235528
1186199.9999796739,-373221.85285121563,-26958.502737926345,3056.4834274230366,0.083790095100341785,-1.0262427901369173,0.0066262597662639115
1187999.9999795691,-373066.38262470014,-28805.361129361499,3068.3888906539109,0.088954371618476746,-1.0258178563800622,0.0066019855958946603
1189799.99997915,-372901.61797619925,-30651.431782900683,3080.2504060169858,0.094117210182299404,-1.0253675266933238,0.0065774288448546782
1191599.9999793596,-372727.56160453701,-32496.668990383336,3092.0674650975316,0.09927848792266597,-1.0248918052526417,0.0065525897644134233
1193399.9999789405,-372544.21642989991,-34341.027049524972,3103.8395599256473,0.10443808197180833,-1.0243906967757139,0.0065274686127013235
1195199.9999794643,-372351.58559335221,-36184.460269788826,3115.5661830198724,0.10959586947876176,-1.0238642065204144,0.0065020656546314805
1196999.9999799882,-372149.67245731008,-38026.922968333682,3127.2468273673494,0.11475172759702582,-1.0233123402858395,0.0064763811619563127
1198799.9999798834,-371938.48060530325,-39868.369473341816,3138.8809864511736,0.11990553349286322,-1.0227351044114246,0.0064504154132249822
1200599.999980093,-371718.01384175406,-41708.754126575048,3150.4681542725466,0.12505716435143729,-1.0221325057761204,0.0064241686937501355
1202399.9999799882,-371488.27619231347,-43548.03128116142,3162.0078253428755,0.1302064973695938,-1.0215045517991035,0.0063976412956428079
1204199.9999795691,-371249.27190365043,-45386.155304218832,3173.4994947064215,0.13535340976217333,-1.0208512504390066,0.006370833517780063
1205999.9999794643,-371001.00544328429,-47223.080578778689,3184.9426579583883,0.14049777876636174,-1.0201726101932833,0.0063437456657819673
1207799.9999793596,-370743.4814997901,-49058.761502857204,3196.3368112451935,0.14563948163804752,-1.0194686400986035,0.0063163780520308858
1209599.9999795691,-370476.70498264552,-50893.152491336114,3207.6814512823216,0.15077839565603959,-1.0187393497302866,0.0062887309956505969
1211399.9999797787,-370200.68102228927,-52726.207976263424,3218.9760753623336,0.15591439812185526,-1.0179847492023208,0.0062608048225093688
1213199.9999799882,-369915.4149698941,-54557.88240905531,3230.2201813745996,0.16104736636482947,-1.0172048491666159,0.0062325998651947294
1214999.9999795691,-369620.91239751672,-56388.130260146376,3241.4132678092851,0.16617717774006965,-1.0163996608133143,0.0062041164630274861
1216799.99997915,-369317.17909780779,-58216.906021472911,3252.5548337787359,0.17130370963434463,-1.015569195869898,0.0061753549620328259
1218599.9999793596,-369004.22108405858,-60044.164206734451,3263.6443790251847,0.17642683946574422,-1.0147134666012378,0.0061463157149459925
1220399.9999795691,-368682.04459043313,-61869.859350711566,3274.681403922853,0.18154644468068529,-1.0138324858101675,0.0061169990812344113
1222199.999980093,-368350.65607137803,-63693.94601333225,3285.6654095088347,0.18666240276422841,-1.0129262668358086,0.0060874054270446286
1223999.9999796739,-368010.06220221374,-65516.378776952821,3296.5958974729001,0.19177459123136395,-1.0119948235551695,0.0060575351252583091
1225799.9999792548,-367660.26987832016,-67337.112251451676,3307.4723701944208,0.1968828876402052,-1.0110381703808846,0.0060273885554227233
1227599.9999794643,-367301.28621544741,-69156.101073025013,3318.2943307412829,0.20198716958751556,-1.0100563222620675,0.0059969661037832835
1229399.9999799882,-366933.11854975525,-70973.299904629996,3329.0612828788685,0.20708731470884986,-1.0090492946844205,0.0059662681632909817
1231199.9999795691,-366555.7744379568,-72788.663435986207,3339.7727310765099,0.21218320067745197,-1.0080171036706611,0.0059352951336183717
1232999.99997915,-366169.26165636041,-74602.146388821435,3350.4281805448372,0.21727470521787079,-1.006959765777939,0.0059040474210863515
1234799.9999790452,-365773.58820147003,-76413.703514433204,3361.0271372276188,0.22236170609800612,-1.0058772980995361,0.0058725254387214333
1236599.9999789405,-365368.76228997647,-78223.289594411515,3371.5691078125078,0.22744408113002254,-1.0047697182649109,0.0058407296062612819
1238399.9999788357,-364954.79235827073,-80030.859443439884,3382.0535997538345,0.23252170817709766,-1.0036370444384581,0.0058086603501239171
1240199.9999787309,-364531.68706262152,-81836.367909038847,3392.4801212775274,0.2375944651515827,-1.0024792953200956,0.0057763181034306216
1241999.9999786261,-364099.45527901896,-83639.76987283121,3402.8481813949406,0.24266223001743528,-1.0012964901449521,0.0057437033060030642
1243799.9999785214,-363658.10610303096,-85441.02025170972,3413.1572899160838,0.24772488079237523,-1.0000886486831153,0.0057108164043622751
1245599.9999787309,-363207.64884969365,-87240.073998827284,3423.4069574618325,0.2527822955495424,-0.99885579123947599,0.0056776578517314311
1247399.9999789405,-362748.0930536504,-89036.886103621218,3433.5966954706569,0.2578343524164356,-0.99759793865427715,0.0056442281080570367
1249199.9999785214,-362279.4484688621,-90831.411593551325,3443.7260162151742,0.26288092957866943,-0.99631511230250347,0.0056105276399993917
1250999.9999790452,-361801.72506803507,-92623.605536796807,3453.7944328239537,0.26792190528642845,-0.99500733409251307,0.0055765569209043804
1252799.9999792548,-361314.93304353347,-94413.423039326139,3463.8014592716672,0.27295715784509417,-0.99367462646874638,0.005542316430882285
1254599.9999788357,-360819.08280665515,-96200.819248247746,3473.7466104047458,0.27798656562353452,-0.99231701240997894,0.0055078066567692072
1256399.9999790452,-360314.18498709064,-97985.749354247091,3483.629401961613,0.28301000705983109,-0.99093451542808353,0.005473028092104479
1258199.9999792548,-359800.25043377449,-99768.168589055975,3493.4493505653777,0.28802736065302298,-0.98952715957062209,0.0054379812372052014
1259999.99997915,-359277.29021429428,-101548.03222816519,3503.2059737458067,0.2930385049696031,-0.98809496941950836,0.0054026665991403723
1261799.9999790452,-358745.31561437045,-103325.29559309948,3512.8987899586214,0.29804331864879269,-0.98663797008987841,0.0053670846917125408
1263599.9999789405,-358204.33813834673,-105099.91405026313,3522.5273185860374,0.30304168039815599,-0.98515618723174503,0.0053312360355080683
1265399.9999794643,-357654.36950866162,-106871.84301324865,3532.0910799563285,0.30803346899896766,-0.98364964702887625,0.0052951211578793457
1267199.9999793596,-357095.42166636727,-108641.03794170851,3541.589595344763,0.31301856330190059,-0.98211837620056341,0.0052587405929970677
1268999.9999792548,-356527.50677007734,-110407.45434528595,3551.0223870018585,0.3179968422369675,-0.98056240199909572,0.0052220948817997149
1270799.99997915,-355950.63719626598,-112171.04778312951,3560.3889781577655,0.32296818481102341,-0.97898175221096162,0.0051851845720333432
1272599.9999787309,-355364.82553927618,-113931.77386442007,3569.688893032237,0.32793247010812121,-0.97737645515725857,0.0051480102182716835
1274399.9999789405,-354770.08461071871,-115689.58825070842,3578.921656854197,0.33288957729497176,-0.97574653969246161,0.0051105723818987226
1276199.99997915,-354166.4274401709,-117444.44665437439,3588.0867958608678,0.3378393856154735,-0.97409203520676102,0.0050728716311737986
1277999.9999793596,-353553.86727406376,-119196.3048424493,3597.1838373251489,0.34278177440036556,-0.97241297162345475,0.0050349085411833354
1279799.9999789405,-352932.41757640743,-120945.11863502704,3606.2123095546449,0.34771662306162421,-0.97070937940140034,0.0049966836939084767
1281599.9999794643,-352302.09202736616,-122690.84390982251,3615.1717419226375,0.3526438111042034,-0.9689812895315808,0.0049581976781601063
1283399.9999799882,-351662.90452474094,-124433.43659851671,3624.0616648566465,0.35756321811460506,-0.9672287335416615,0.0049194510896936024
1285199.9999805121,-351014.86918262817,-126172.85269104196,3632.8816098680036,0.36247472377185719,-0.96545174349282403,0.0048804445311504303
1286999.999980093,-350358.00033213047,-127909.04823417525,3641.631109552241,0.36737820784242875,-0.96365035198223847,0.0048411786121257527
1288799.9999799882,-349692.31251972698,-129641.97933638359,3650.3096976211682,0.3722735501928065,-0.96182459213913818,0.0048016539490959888
1290599.9999798834,-349017.82050861762,-131371.60216475007,3658.9169088949457,0.3771606307797104,-0.95997449762906206,0.0047618711655252341
1292399.9999797787,-348334.53927806154,-133097.87294727218,3667.4522793214405,0.38203932965548065,-0.95810010265261814,0.0047218308918516496
1294199.9999803025,-347642.48402273178,-134820.74797500295,3675.9153459945896,0.38690952697303382,-0.95620144194430223,0.004681533765476485
1295999.9999798834,-346941.6701537664,-136540.18359994655,3684.3056471518944,0.39177110297881901,-0.95427855077599388,0.004640980430852675
1297799.9999794643,-346232.11329692043,-138256.13624017549,3692.6227222074517,0.396623938026195,-0.95233146495250476,0.0046001715394049644
1299599.9999790452,-345513.82929351163,-139968.56237797186,3700.8661117507199,0.40146791256909475,-0.95036022081481597,0.0045591077496135854
1301399.9999789405,-344786.8341998512,-141677.41856173586,3709.0353575638287,0.40630290716634176,-0.94836485523917546,0.004517789727010192
1303199.9999785214,-344051.14428753883,-143382.66140581915,3717.1300026289114,0.41112880248010164,-0.94634540563858038,0.0044762181442239207
1304999.9999787309,-343306.77604217001,-145084.24759405106,3725.1495911530346,0.41594547928479619,-0.9443019099599177,0.0044343936809380048
1306799.9999789405,-342553.74616456445,-146782.1338774022,3733.0936685653287,0.42075281845942558,-0.94223440668804337,0.004392317023989672
1308599.9999788357,-341792.07156962861,-148476.27707713749,3740.9617815401989,0.42555070099543413,-0.94014293484338163,0.0043499888673366113
1310399.9999784166,-341021.76938649034,-150166.6340850105,3748.7534780065698,0.43033900799621277,-0.93802753398303318,0.0043074099120960826
1312199.9999779975,-340242.85695774434,-151853.16186543097,3756.4683071662807,0.43511762068218962,-0.93588824419945893,0.004264580866535043
1313999.9999775784,-339455.35184011469,-153535.81745452053,3764.1058194982211,0.43988642038711978,-0.93372510612306781,0.0042215024461390799
1315799.9999774736,-338659.27180350549,-155214.55796268454,3771.6655667786672,0.44464528856434005,-0.93153816092040354,0.0041781753735930516
1317599.9999773689,-337854.63483138371,-156889.34057430967,3779.1471020885147,0.44939410678488539,-0.92932745029598696,0.004134600378835185
1319399.9999769498,-337041.45912022714,-158560.12254944738,3786.5499798296109,0.45413275674124537,-0.92709301649163223,0.0040907781990606705
1321199.999976845,-336219.76307910169,-160226.86122518958,3793.8737557395962,0.4588611202502535,-0.92483490228610954,0.0040467095787330917
1322999.9999767402,-335389.56533013104,-161889.51401522267,3801.117986898802,0.46357907925081915,-0.92255315099729196,0.0040023952696443587
1324799.9999763211,-334550.8847075458,-163548.03841227709,3808.2822317499677,0.46828651580988195,-0.92024780648040672,0.003957836030898651
1326599.9999762163,-333703.74025754607,-165202.39198888245,3815.3660501104137,0.47298331212356987,-0.91791891312854168,0.0039130326289408207
1328399.9999767402,-332848.15123845614,-166852.53239757172,3822.3690031820051,0.47766935051679843,-0.91556651587396509,0.0038679858376006889
1330199.9999766354,-331984.1371208182,-168498.41737125191,3829.2906535619982,0.48234451344335316,-0.91319066018930006,0.0038226964381338669
1331999.999976845,-331111.71758578927,-170140.00472678599,3836.13056526742,0.48700868349509896,-0.91079139208404347,0.003777165219174373
1333799.9999770545,-330230.91252610739,-171777.25236363336,3842.8883037385453,0.49166174339716889,-0.90836875810816886,0.0037313929768227928
1335599.9999775784,-329341.74204556714,-173410.118265375,3849.5634358547318,0.49630357601135333,-0.90592280535164094,0.0036853805146561994
1337399.999977788,-328444.22645866696,-175038.56050088166,3856.1555299486968,0.50093406433848342,-0.90345358144442178,0.0036391286437479019
1339199.9999776832,-327538.38629049447,-176662.53722503959,3862.6641558190627,0.50555309151957384,-0.90096113455714422,0.0035926381826998153
1340999.9999775784,-326624.24227592105,-178282.00668070442,3869.0888847478163,0.51016054084046025,-0.8984455133999032,0.0035459099576400188
1342799.9999771593,-325701.81536036375,-179896.92719785299,3875.4292895066619,0.51475629572848713,-0.89590676722537077,0.0034989448023009431
1344599.9999770545,-324771.1266981496,-181507.25719698399,3881.6849443802594,0.51934023976128674,-0.89334494582532598,0.0034517435579754516
1346399.9999772641,-323832.19765342103,-183112.95518801932,3887.8554251717233,0.52391225666276842,-0.89076009953420154,0.0034043070736031094
1348199.999977788,-322885.04979964095,-184713.97977170229,3893.9403092181119,0.5284722303062287,-0.88815227922877971,0.003356636205785067
1349999.9999773689,-321929.70491976716,-186310.28963984363,3899.939175401571,0.53302004471418385,-0.88552153632975672,0.003308731818833361
1351799.9999772641,-320966.1850039023,-187901.84357976576,3905.8516041761909,0.53755558407018189,-0.88286792279635895,0.0032605947846939183
1353599.9999771593,-319994.51225164667,-189488.60047086288,3911.6771775652628,0.54207873270816154,-0.88019149113393569,0.0032122259831062774
1355399.9999767402,-319014.70907024469,-191070.51928821413,3917.4154791851493,0.54658937512192274,-0.87749229438996779,0.0031636263015522512
1357199.9999766354,-318026.7980743784,-192647.55910339509,3923.0660942585391,0.55108739596662148,-0.87477038615463865,0.0031147966352880973
1358999.9999765307,-317030.80208685051,-194219.67908390099,3928.6286096229087,0.5555726800563231,-0.87202582056386346,0.0030657378874206932
1360799.9999764259,-316026.74413729622,-195786.83849572699,3934.1026137504059,0.56004511237056764,-0.86925865229690447,0.0030164509688865465
1362599.9999763211,-315014.64746240602,-197348.99670352146,3939.4876967590567,0.5645045780540292,-0.86646893657815915,0.0029669367985058915
1364399.9999765307,-313994.53550504701,-198906.11317245828,3944.783450430014,0.568950962421092,-0.86365672917592673,0.0029171963029829755
1366199.9999761116,-312966.43191533047,-200458.14746712326,3949.9894682147037,0.57338415095191564,-0.86082208640655966,0.0028672304170019292
1367999.9999756925,-311930.36054823658,-202005.05925564715,3955.105345259813,0.57780402930349672,-0.85796506512912607,0.0028170400831548873
1369799.9999755877,-310886.34546468995,-203546.80830855877,3960.130678414358,0.58221048330566871,-0.85508572274960815,0.0027666262520389551
1371599.9999761116,-309834.41093104199,-205083.35450008829,3965.0650662452217,0.58660339896410696,-0.85218411722071252,0.0027159898822755467
1373399.9999756925,-308774.58141969459,-206614.65780779958,3969.9081090474033,0.59098266245857822,-0.84926030704485056,0.0026651319405850671
1375199.999975902,-307706.88160587603,-208140.67831778098,3974.6594088718894,0.59534816015709291,-0.84631435126651089,0.0026140534016771202
1376999.9999757973,-306631.33637066197,-209661.37622077652,3979.3185695247903,0.5996997786041689,-0.84334630948187239,0.0025627552484411443
1378799.9999756925,-305547.97079848096,-211176.71181629479,3983.8851965918334,0.604037404531929,-0.84035624183321489,0.0025112384718724724
1380599.999975902,-304456.81017767935,-212686.64551230569,3988.3588974490003,0.60836092485858395,-0.83734420901178108,0.0024595040711454172
1382399.9999761116,-303357.88000001409,-214191.13782647153,3992.739281278029,0.61267022669133075,-0.83431027225769527,0.0024075530536354062
1384199.9999763211,-302251.20596007595,-215690.14938745493,3997.0259590821215,0.6169651973294813,-0.8312544933596967,0.0023553864349380909
1385999.9999765307,-301136.81395543221,-217183.64093524017,4001.2185436988566,0.62124572426478275,-0.82817693465687525,0.0023030052389227955
1387799.9999761116,-300014.73008632328,-218671.5733220815,4005.316649815074,0.62551169518354788,-0.82507765903918406,0.0022504104977650779
1389599.9999763211,-298884.98065368499,-220153.90751563548,4009.3198939876715,0.62976299797506519,-0.82195672994333868,0.0021976032519012254
1391399.9999762163,-297747.59216159408,-221630.6045962408,4013.2278946484316,0.63399952072324472,-0.81881421136094812,0.0021445845501902702
1393199.9999761116,-296602.5913142846,-223101.62576136398,4017.0402721284854,0.6382211517188302,-0.81565016783165123,0.0020913554498220664
1394999.9999756925,-295450.00501771789,-224566.93232406542,4020.7566486666819,0.64242777945447593,-0.81246466444885823,0.0020379170164384493
1396799.999975902,-294289.86037711642,-226026.48571667197,4024.3766484316484,0.64661929263478168,-0.80925776685433259,0.0019842703240667862
1398599.9999757973,-293122.18469954084,-227480.24748803044,4027.899897527589,0.65079558016791372,-0.80602954124673221,0.0019304164552876131
1400399.9999760068,-291947.0054904648,-228928.17930834438,4031.3260240191657,0.65495653117902342,-0.80278005437356825,0.0018763565011247259
1402199.9999762163,-290764.35045533389,-230370.24296772535,4034.6546579407764,0.65910203500562892,-0.79950937353695017,0.0018220915611659053
1403999.9999761116,-289574.24749881687,-231806.40037765913,4037.8854313132083,0.66323198120138538,-0.79621756659295861,0.0017676227435771607
1405799.9999756925,-288376.72472392791,-233236.61357259145,4041.0179781604384,0.66734625954022042,-0.79290470195067697,0.0017129511651115224
1407599.9999755877,-287171.81043138239,-234660.84471120028,4044.0519345256221,0.67144476001958886,-0.7895708485718691,0.0016580779511290037
1409399.9999754829,-285959.53312051133,-236079.05607583214,4046.9869384832982,0.67552737285845676,-0.78621607597498244,0.0016030042356876409
1411199.9999750638,-284739.92148787237,-237491.21007467917,4049.8226301576233,0.67959398850319874,-0.78284045423279114,0.0015477311615296962
1412999.9999752734,-283513.00442606601,-238897.2692436522,4052.5586517396491,0.68364449763263313,-0.77944405397060401,0.0014922598800778395
1414799.9999751686,-282278.81102561654,-240297.19624473044,4055.1946474978249,0.68767879115293518,-0.77602694637297764,0.0014365915515702466
1416599.9999750638,-281037.37057261955,-241690.95386920398,4057.7302637982561,0.69169676020665394,-0.7725892031787005,0.0013807273450038675
1418399.9999746447,-279788.71254900185,-243078.50503787913,4060.1651491189841,0.69569829617300594,-0.76913089668304069,0.0013246684381967157
1420199.99997454,-278532.86663156975,-244459.81280266171,4062.4989540668716,0.69968329067215551,-0.76565209973662252,0.0012684160177952116
1421999.9999741209,-277269.86269269598,-245834.84034631937,4064.7313313914347,0.70365163556426658,-0.76215288574886475,0.0012119712793554911
1423799.9999740161,-275999.73079828452,-247203.5509852359,4066.8619360037696,0.7076032229572019,-0.75863332868387856,0.0011553354273028222
1425599.9999739113,-274722.50120926043,-248565.90816831446,4068.8904249892425,0.71153794520312563,-0.75509350306613943,0.0010985096750487421
1427399.9999734922,-273438.20437948778,-249921.87547975205,4070.8164576264389,0.71545569490631089,-0.75153348397627318,0.0010414952449490347
1429199.9999730731,-272146.87095586996,-251271.41663943845,4072.6396954023194,0.71935636492409583,-0.74795334705288541,0.00098429336835909845
1430999.9999729684,-270848.53177787882,-252614.49550397135,4074.3598020284444,0.72323984836964927,-0.74435316849282496,0.00092690528566412463
1432799.9999728636,-269543.2178777295,-253951.07606700927,4075.9764434564772,0.72710603861283707,-0.74073302505323591,0.00086933224633776562
1434599.9999730731,-268230.96047848649,-255281.1224617454,4077.4892878963574,0.73095482928724009,-0.73709299404788831,0.00081157550890972212
1436399.999972654,-266911.79099568329,-256604.59895978257,4078.898005830184,0.73478611428678775,-0.73343315335324322,0.00075363634108818441
1438199.9999728636,-265585.74103410175,-257921.46997491372,4080.202270031778,0.73859978777660351,-0.72975358140111035,0.00069551601966960272
1439999.9999727588,-264252.8423899507,-259231.70006144882,4081.4017555802702,0.74239574418808518,-0.72605435718628775,0.00063721583068585225
1441799.9999732827,-262913.12704818707,-260535.25391740404,4082.4961398788482,0.74617387822808656,-0.72233556026071788,0.00057873706933811604
1443599.9999728636,-261566.62718468151,-261832.09638291056,4083.4851026690994,0.74993408487427171,-0.71859727074110313,0.00052008104014310025
1445399.9999727588,-260213.37516225039,-263122.19244459423,4084.3683260504631,0.75367625938779181,-0.71483956929949577,0.00046124905681134925
1447199.9999729684,-258853.40353269907,-264405.50723410322,4085.145494494855,0.75740029730902025,-0.7110625371705841,0.00040224244238823209
1448999.9999728636,-257486.74503621401,-265682.0060292441,4085.816294863776,0.76110609446087563,-0.70726625615161154,0.00034306252927882383
1450799.9999727588,-256113.43259960899,-266951.65425616148,4086.3804164258349,0.7647935469551852,-0.70345080859912823,0.0002837106592235172
1452599.9999729684,-254733.49933605248,-268214.41749009222,4086.8375508733061,0.76846255119494367,-0.69961627742985066,0.00022418818333814721
1454399.9999725493,-253346.97854628265,-269470.26145479031,4087.1873923385406,0.77211300387272608,-0.69576274612566036,0.00016449646221805049
1456199.9999727588,-251953.90371486222,-270719.15202646772,4087.4296374119153,0.7757448019822446,-0.69189029872482177,0.00010463686582835761
1457999.9999723397,-250554.30851358586,-271961.05523123912,4087.5639851579149,0.7793578428110437,-0.68799901983308365,4.4610773702484975e-05
1459799.9999719206,-249148.22679710912,-273195.9372495733,4087.5901371329537,0.78295202395358998,-0.6840889946131562,-1.5580425194051649e-05
1461599.9999718159,-247735.69260475179,-274423.76441519387,4087.507797402076,0.78652724330824708,-0.68016030879135547,-7.5935332334224861e-05
1463399.9999713968,-246316.7401598258,-275644.50321621873,4087.3166725563397,0.79008339908077607,-0.67621304865736809,-0.00013645253960677527
1465199.9999709777,-244891.40386776486,-276858.1202973061,4087.0164717299299,0.79362038979079286,-0.67224730106068764,-0.00019713062934425304
1466999.9999711872,-243459.71831642507,-278064.58245990542,4086.6069066174059,0.79713811427272785,-0.66826315341307951,-0.00025796817425833321
1468799.9999713968,-242021.71827632518,-279263.85666259803,4086.0876914913856,0.80063647167706908,-0.66426069369089014,-0.00031896373737799185
1470599.9999719206,-240577.43869850505,-280455.91002343222,4085.4585432195081,0.80411536147743989,-0.66024001043072544,-0.00038011587208887045
1472399.9999718159,-239126.91471540768,-281640.70981971518,4084.7191812824071,0.80757468347028538,-0.65620119273353716,-0.00044142312204423364
1474199.9999717111,-237670.18163878896,-282818.22349026537,4083.8693277905309,0.81101433778175713,-0.65214433026044583,-0.00050288402120184333
1475999.9999719206,-236207.27495979433,-283988.41863586032,4082.9087075018679,0.81443422486935491,-0.6480695132345855,-0.000564497093768987
1477799.9999721302,-234738.23034879455,-285151.26301990129,4081.8370478398347,0.81783424552422612,-0.64397683244228321,-0.00062626085415792712
1479599.9999723397,-233263.0836547706,-286306.72456944903,4080.6540789110136,0.82121430087456437,-0.63986637923297995,-0.00068817380696051809
1481399.9999728636,-231781.87090347856,-287454.771377192,4079.3595335218392,0.82457429239176472,-0.63573824551575031,-0.00075023444697382645
1483199.9999730731,-230294.62829893152,-288595.37170082168,4077.9531471980608,0.82791412188901192,-0.63159252376506214,-0.00081244125908674317
1484999.9999732827,-228801.39222038447,-289728.49396589765,4076.4346582004209,0.83123369153010696,-0.62742930701400401,-0.00087479271835499007
1486799.9999728636,-227302.19922391733,-290854.10676516022,4074.8038075445334,0.83453290382791245,-0.62324868886032192,-0.00093728728988382579
1488599.9999730731,-225797.08603928325,-291972.1788614408,4073.0603390161045,0.83781166165336562,-0.61905076345925647,-0.00099992342890843698
1490399.9999732827,-224286.0895723564,-293082.67918635649,4071.2039991922111,0.84106986823215135,-0.61483562553198956,-0.0010626995806409863
1492199.9999734922,-222769.24690189929,-294185.57684325194,4069.2345374563602,0.84430742715385576,-0.61060337035824841,-0.0011256141803542995
1493999.9999733875,-221246.59528080656,-295280.84110681451,4067.1517060187948,0.84752424237137813,-0.60635409378138594,-0.0011886656532795598
1495799.9999729684,-219718.17213347906,-296368.44142550882,4064.9552599319527,0.85072021820865085,-0.60208789220266712,-0.0012518524146644166
1497599.9999734922,-218184.01505590943,-297448.34742202057,4062.6449571093262,0.85389525936252764,-0.5978048625831105,-0.0013151728697187936
1499399.9999730731,-216644.16181758916,-298520.52889246662,4060.2205583476339,0.85704927090106997,-0.5935051024504151,-0.0013786254134859203
1501199.9999729684,-215098.6503557892,-299584.95581094141,4057.681827337291,0.86018215827754596,-0.58918870988459138,-0.0014422084310281016
1502999.9999731779,-213547.51877887262,-300641.59832771157,4055.0285306866476,0.86329382732577631,-0.58485578352879775,-0.0015059202972397914
1504799.9999733875,-211990.80536454273,-301690.42677098059,4052.2604379387194,0.86638418426599173,-0.58050642258603824,-0.0015697593768699135
1506599.9999739113,-210428.54855838307,-302731.4116484056,4049.377321588086,0.86945313570999827,-0.5761407268166655,-0.0016337240245319832
1508399.9999734922,-208860.78697494822,-303764.52364690398,4046.3789571025095,0.87250058866132041,-0.57175879654300021,-0.0016978125846097668
1510199.9999737018,-207287.55939399058,-304789.73363568669,4043.2651229355165,0.87552645052488143,-0.56736073264035625,-0.0017620233913621852
1511999.9999732827,-205708.90476334083,-305807.01266488957,4040.0356005516505,0.87853062910372026,-0.562946636546654,-0.0018263547687561766
1513799.9999734922,-204124.86219450107,-306816.33196897147,4036.6901744375787,0.88151303260980263,-0.558516610251651,-0.0018908050305974089
1515599.9999730731,-202535.47096596926,-307817.66296510771,4033.228632128878,0.88447356966007218,-0.55407075630778979,-0.0019553724803458811
1517399.9999729684,-200940.77051857996,-308810.97725669428,4029.6507642202923,0.88741214928762691,-0.54960917781870378,-0.0020200554112567077
1519199.9999731779,-199340.80045721828,-309796.2466327796,4025.9563643894317,0.89032868094087581,-0.54513197844554451,-0.0020848521062617506
1520999.9999730731,-197735.60054991581,-310773.44306917983,4022.1452294151854,0.89322307448769955,-0.54063926240597271,-0.0021497608379581171
1522799.9999732827,-196125.21072560045,-311742.53873038647,4018.2171591927868,0.89609524022198128,-0.53613113446938132,-0.002214779868650991
1524599.9999731779,-194509.67107525052,-312703.50596939487,4014.1719567569776,0.89894508886399638,-0.53160769996162749,-0.0022799074502590569
1526399.9999733875,-192889.02184907653,-313656.3173299281,4010.0094282956566,0.90177253156793047,-0.52706906475864157,-0.0023451418243805133
1528199.999973597,-191263.30345787882,-314600.94554615917,4005.7293831738953,0.90457747992199578,-0.52251533529171257,-0.0024104812221907809
1529999.9999731779,-189632.55647102935,-315537.36354444415,4001.3316339496164,0.90735984595453267,-0.51794661854331903,-0.0024759238644766848
1531799.9999737018,-187996.82161438759,-316465.54444503359,3996.8159963886724,0.91011954214008262,-0.51336302204275164,-0.0025414679616728724
1533599.9999742256,-186356.13977276752,-317385.46156119398,3992.182289492458,0.91285648139777742,-0.508764653874484,-0.0026071117137161245
1535399.9999741209,-184710.55198718532,-318297.08840132679,3987.4303355116026,0.91557057709865908,-0.5041516226719075,-0.0026728533101093702
1537199.9999746447,-183060.09945270381,-319200.39867068065,3982.5599599607244,0.91826174307181885,-0.49952403761272296,-0.0027386909299614414
1538999.9999751686,-181404.82352046476,-320095.36627075414,3977.5709916455071,0.92092989360368405,-0.49488200842605895,-0.0028046227418598605
1540799.9999756925,-179744.76569514684,-320981.96530123358,3972.4632626766493,0.92357494344487001,-0.49022564538675861,-0.0028706469039267266
1542599.9999755877,-178079.96763485845,-321860.17006058345,3967.2366084909609,0.92619680781303948,-0.4855550593164783,-0.0029367615637775693
1544399.9999751686,-176410.47114914621,-322729.95504763327,3961.8908678666753,0.92879540239875813,-0.48087036157948787,-0.0030029648585553812
1546199.9999747495,-174736.31819891479,-323591.29496213846,3956.425882944674,0.93137064336831288,-0.47617166408381773,-0.0030692549148889094
1547999.9999749591,-173057.55089517005,-324444.16470595775,3950.8414992460971,0.93392244736838981,-0.47145907927909358,-0.0031356298488978934
1549799.9999751686,-171374.211499664,-325288.53938326577,3945.1375656963551,0.93645073152788016,-0.46673272015969569,-0.0032020877661234643
1551599.9999750638,-169686.34242281588,-326124.39430215431,3939.313934640254,0.93895541346386946,-0.46199270026025763,-0.0032686267615666537
1553399.9999752734,-167993.98622172946,-326951.70497613697,3933.3704618570705,0.94143641128735756,-0.45723913365141927,-0.0033352449197229304
1555199.9999748543,-166297.18560172527,-327770.44712392031,3927.3070065879106,0.94389364360380823,-0.45247213494543492,-0.0034019403144786163
1556999.9999744352,-164595.98341318421,-328580.59667148162,3921.1234315468446,0.94632702952062719,-0.44769181928859958,-0.0034687110091923862
1558799.9999746447,-162890.42265174311,-329382.12975248718,3914.8196029437136,0.94873648864969151,-0.44289830236307398,-0.0035355550566448877
1560599.9999742256,-161180.54645827503,-330175.02270884806,3908.3953905065969,0.9511219411103059,-0.43809170038809131,-0.0036024704989975694
1562399.9999744352,-159466.39811559321,-330959.25209279225,3901.850667491999,0.95348330753672716,-0.4332721301119396,-0.0036694553678801069
1564199.9999746447,-157748.02104977248,-331734.79466677003,3895.1853107122915,0.95582050907921545,-0.42843970881690524,-0.0037365076842971428
1565999.99997454,-156025.45882880618,-332501.62740461907,3888.3992005534228,0.95813346740886807,-0.423594554316714,-0.003803625458640074
1567799.9999744352,-154298.75515996592,-333259.72749327024,3881.4922209872857,0.96042210472412282,-0.41873678495030142,-0.003870806690749335
1569599.9999746447,-152567.95389057629,-334009.07233291882,3874.464259597481,0.96268634375264817,-0.41386651958517218,-0.0039380493698439384
1571399.9999739113,-150833.09900785965,-334749.63953764684,3867.3152076018805,0.9649261077546083,-0.40898387761813026,-0.0040053514744880078
1573199.9999741209,-149094.23463370412,-335481.40693818964,3860.0449598541422,0.96714132053242996,-0.40408897896170221,-0.0040727109727544692
1574999.9999743304,-147351.40502946501,-336204.3525804095,3852.6534148865626,0.9693319064276138,-0.39918194405877688,-0.0041401258219998628
1576799.99997454,-145604.65459123807,-336918.45472783968,3845.1404749137978,0.97149779032986072,-0.39426289387041724,-0.0042075939690092105
1578599.9999744352,-143854.02785009448,-337623.69186210271,3837.5060458570319,0.97363889767980283,-0.38933194987761077,-0.0042751133499488916
1580399.9999740161,-142099.56947058655,-338320.04268404655,3829.7500373609464,0.97575515447391115,-0.38438923407814118,-0.0043426818903867428
1582199.999973597,-140341.32424925212,-339007.48611485976,3821.8723628105263,0.97784648726937273,-0.37943486898342632,-0.0044102975053126074
1583999.9999738066,-138579.33711469799,-339686.00129655795,3813.8729393549211,0.97991282318706563,-0.37446897761979325,-0.0044779580990984393
1585799.9999737018,-136813.65312714307,-340355.56759270612,3805.7516879292762,0.98195408991526867,-0.36949168352820994,-0.0045456615654799574
1587599.9999739113,-135044.31747531856,-341016.16459013493,3797.508533264338,0.98397021571641352,-0.36450311075654718,-0.0046134057876400939
1589399.9999734922,-133271.37547784459,-341667.77209894353,3789.143403916662,0.98596112942863801,-0.35950338386443953,-0.00468118863812109
1591199.9999733875,-131494.87257936673,-342310.37015446264,3780.6562322744808,0.98792676047332906,-0.35449262791334996,-0.0047490079789378236
1592999.999973597,-129714.85435162469,-342943.93901736994,3772.0469545866149,0.98986703885705396,-0.34947096847052234,-0.0048168616615027774
1594799.9999734922,-127931.36649255434,-343568.45917455788,3763.3155109824702,0.99178189517578663,-0.3444385316073667,-0.0048847475266270632
1596599.9999733875,-126144.45482367475,-344183.91134058469,3754.4618454835704,0.9936712606209489,-0.3393954438929877,-0.0049526634045870058
1598399.9999729684,-124354.16529024391,-344790.27645813575,3745.4859060285389,0.99553506698243532,-0.33434183239549786,-0.0050206071150858175
1600199.9999731779,-122560.54395869182,-345387.53569942003,3736.3876444846319,0.99737324665452143,-0.32927782467562822,-0.0050885764673192762
1601999.9999737018,-120763.63701772295,-345975.6704663189,3727.1670166777262,0.99918573263795263,-0.32420354879067459,-0.0051565692599026712
1603799.9999739113,-118963.4907765861,-346554.6623915059,3717.8239824082953,1.0009724585450279,-0.31911913329042502,-0.0052245832809059778
1605599.9999744352,-117160.15166179436,-347124.49334002309,3708.3585054590308,1.0027333586061187,-0.3140247072086883,-0.0052926163079477827
1607399.9999743304,-115353.66621969892,-347685.14540897793,3698.7705536329308,1.0044683676703938,-0.30892040007132887,-0.0053606661080687693
1609199.9999739113,-113544.08111185975,-348236.60092953243,3689.0600987538596,1.0061774212136454,-0.30380634188393618,-0.005428730437877647
1610999.9999738066,-111731.44311540625,-348778.84246728726,3679.2271166930977,1.0078604553411694,-0.29868266313356417,-0.005496807043509206
1612799.9999733875,-109915.79912285724,-349311.85282286885,3669.2715873934603,1.009517406791274,-0.2935494947889225,-0.0055648936606038577
1614599.9999732827,-108097.19613885571,-349835.61503342027,3659.1934948765679,1.0111482129416169,-0.2884069682918235,-0.0056329880144034153
1616399.9999734922,-106275.68128073926,-350350.11237294157,3648.9928272709917,1.0127528118119817,-0.28325521555944649,-0.0057010878197035555
1618199.9999733875,-104451.30177760668,-350855.3283530933,3638.6695768324475,1.0143311420684964,-0.27809436898232937,-0.0057691907808635878
1619999.9999739113,-102624.10496665808,-351351.24672473309,3628.2237399484343,1.0158831430301625,-0.27292456141462151,-0.0058372945919184151
1621799.9999738066,-100794.13829611659,-351837.85147763148,3617.6553171801993,1.0174087546697019,-0.26774592618293314,-0.0059053969364457008
1623599.9999733875,-98961.449319637206,-352315.12684250623,3606.9643132562355,1.0189079176216775,-0.26255859707107099,-0.0059734954877510597
1625399.9999729684,-97126.08569770219,-352783.05729114829,3596.1507371056282,1.0203805731846396,-0.25736270832452018,-0.0060415879087934738
1627199.9999731779,-95288.095195652408,-353241.62753745058,3585.2146018721846,1.0218266633261226,-0.25215839464537904,-0.0061096718522368251
1628999.9999730731,-93447.525683392407,-353690.82253800292,3574.15592493841,1.0232461306862812,-0.24694579119201032,-0.0061777449604399539
1630799.999972654,-91604.425133369936,-354130.62749311567,3562.9747279392873,1.0246389185828921,-0.24172503357377872,-0.0062458048655115918
1632599.9999731779,-89758.841617786704,-354561.02784798871,3551.6710367710493,1.0260049710168313,-0.23649625784358272,-0.0063138491893938841
1634399.9999727588,-87910.82331201488,-354982.00929242367,3540.2448816379497,1.0273442326729405,-0.23125960050794234,-0.006381875543717986
1636199.999972654,-86060.418487767267,-355393.55776293098,3528.6962970364225,1.0286566489285052,-0.2260151985080332,-0.0064498815300383728
1637999.9999731779,-84207.675515096402,-355795.6594427579,3517.0253217931331,1.0299421658551422,-0.22076318922570448,-0.0065178647397421269
1639799.9999727588,-82352.642862066263,-356188.30076249834,3505.2319990893284,1.0312007302225314,-0.21550371048288416,-0.0065858227540454709
1641599.9999723397,-80495.369090040433,-356571.468401619,3493.3163764572337,1.0324322895050935,-0.21023690052852745,-0.0066537531441516872
1643399.9999719206,-78635.902854938162,-356945.14928868343,3481.2785058140489,1.033636791884514,-0.20496289804245454,-0.0067216534711907914
1645199.9999718159,-76774.292904724512,-357309.33060237608,3469.1184434721099,1.0348141862548383,-0.19968184212848769,-0.0067895212862982028
1646999.9999723397,-74910.588079144771,-357663.9997720588,3456.8362501634683,1.0359644222260709,-0.1943938723139236,-0.0068573541306122584
1648799.9999725493,-73044.837308931965,-358009.14447844698,3444.4319910612958,1.0370874501281615,-0.18909912854748895,-0.0069251495352920384
1650599.9999730731,-71177.089612268435,-358344.75265478203,3431.9057357829515,1.0381832210166109,-0.18379775118947272,-0.0069929050216358613
1652399.9999732827,-69307.394095757321,-358670.81248714996,3419.2575584228903,1.0392516866753132,-0.17848988101463006,-0.0070606181010367027
1654199.9999728636,-67435.79995217704,-358987.31241539819,3406.4875375643051,1.0402927996213489,-0.17317565920593075,-0.0071282862750555627
1655999.9999730731,-65562.356457265123,-359294.24113417446,3393.5957562837216,1.0413065131101997,-0.16785522734551964,-0.0071959070355304706
1657799.9999732827,-63687.112972011426,-359591.58759303729,3380.5823021933061,1.0422927811379132,-0.16252872742129437,-0.0072634778644874434
1659599.9999728636,-61810.118939815242,-359879.34099744726,3367.4472674483136,1.0432515584461532,-0.1571963018188729,-0.0073309962342383711
1661399.9999724445,-59931.423883565345,-360157.49080971384,3354.1907487534413,1.0441828005271481,-0.15185809331331132,-0.0073984596074820929
1663199.9999729684,-58051.077405211334,-360426.0267495361,3340.8128473864172,1.0450864636272834,-0.14651424506786814,-0.0074658654373167413
1664999.9999725493,-56169.129187536928,-360684.93879426754,3327.3136692377043,1.0459625047497518,-0.14116490063900342,-0.0075332111671747208
1666799.9999724445,-54285.628987157063,-360934.21718040796,3313.6933247875895,1.0468108816613537,-0.13581020395640636,-0.0076004942310732406
1668599.9999723397,-52400.626637396075,-361173.85240368376,3299.9519291535639,1.0476315528945417,-0.13045029933107727,-0.007667712053511651
1670399.9999725493,-50514.172044475388,-361403.83522004657,3286.0896020897944,1.0484244777525797,-0.12508533144436454,-0.0077348620496096188
1672199.9999724445,-48626.315189122623,-361624.15664597414,3272.1064680260288,1.0491896163123102,-0.11971544535238791,-0.0078019416250529544
1673999.9999723397,-46737.106121210069,-361834.80795961292,3258.0026560552601,1.0499269294298332,-0.11434078647061074,-0.0078689481762887308
1675799.9999725493,-44846.594961331197,-362035.78070106992,3243.7782999723677,1.05063637874325,-0.10896150057811411,-0.007935879090474815
1677599.9999730731,-42954.831898018696,-362227.06667321816,3229.4335382805775,1.0513179266771946,-0.10357773380944779,-0.0080027317455854154
1679399.9999729684,-41061.867187740048,-362408.65794219275,3214.9685142187,1.0519715364462705,-0.098189632654354222,-0.0080695035104196376
1681199.9999734922,-39167.751150792668,-362580.54683828267,3200.3833757571106,1.0525971720599174,-0.092797343945794142,-0.0081361917447560442
1682999.9999730731,-37272.534173779808,-362742.72595618642,3185.6782756440093,1.0531947983249794,-0.0874010148666758,-0.0082027937992763013
1684799.9999729684,-35376.266703511974,-362895.18815604621,3170.8533713856818,1.0537643808511166,-0.082000792932145655,-0.0082693070157922235
1686599.9999731779,-33478.999248907545,-363037.92656374932,3155.908825288323,1.0543058860535373,-0.076596825994623211,-0.0083357287271925203
1688399.9999727588,-31580.782379857326,-363170.9345715277,3140.8448044767943,1.0548192811568085,-0.071189262240167264,-0.0084020562574982031
1690199.999972654,-29681.666722486054,-363294.20583878644,3125.6614808845084,1.0553045341995575,-0.065778250174548414,-0.0084682869220450169
1691999.9999725493,-27781.702960892977,-363407.73429244745,3110.3590312944702,1.0557616140373383,-0.060363938627747825,-0.0085344180274406784
1693799.9999727588,-25880.941834089172,-363511.51412763755,3094.9376373422583,1.0561904903468022,-0.054946476744745877,-0.0086004468716915326
1695599.9999729684,-23979.434135309159,-363605.53980820411,3079.3974855378569,1.0565911336292215,-0.04952601398304679,-0.0086663707442478088
1697399.9999731779,-22077.230709737109,-363689.80606731563,3063.7387672745695,1.0569635152143391,-0.044102700105656409,-0.0087321869261054192
1699199.9999727588,-20174.382454581257,-363764.30790793995,3047.9616788571466,1.0573076072637178,-0.038676685180726041,-0.0087978926898280296
1700999.9999723397,-18270.940314607269,-363829.04060350795,3032.0664214923008,1.0576233827749142,-0.03324811956822056,-0.0088634852997275786
1702799.9999728636,-16366.955282319683,-363883.99969835201,3016.0532013173283,1.0579108155846859,-0.027817153919809351,-0.0089289620118854982
1704599.9999724445,-14462.478399276484,-363929.18100816419,2999.9222294388546,1.0581698803721731,-0.022383939181966756,-0.0089943200741373318
1706399.999972654,-12557.560748782074,-363964.58062067191,2983.6737218987178,1.0584005526632818,-0.016948626574449687,-0.0090595567263551859
1708199.9999725493,-10652.253459390109,-363990.19489600655,2967.3078997308517,1.058602808833438,-0.011511367599583428,-0.0091246692003603136
1709999.9999724445,-8746.6077004657109,-364006.02046726557,2950.8249889509466,1.0587766261114318,-0.0060723140288665902,-0.0091896547201100187
1711799.9999723397,-6840.674682104026,-364012.05424097099,2934.2252205830364,1.0589219825826617,-0.00063161790197753076,-0.0092545105017369979
1713599.9999725493,-4934.5056523448584,-364008.29339755245,2917.5088306627104,1.0590388571926179,0.0048105684819635675,-0.009319233753682675
1715399.9999724445,-3028.1518975335516,-363994.73539181374,2900.6760602676372,1.0591272297500993,0.010254092564178823,-0.0093838216767254713
1717199.999972654,-1121.664738081711,-363971.37795337936,2883.7271555076368,1.0591870809306683,0.015698801539177819,-0.0094482714641667929
1718999.9999722349,784.90446981143486,-363938.21908716916,2866.6623675671826,1.0592183922797827,0.021144542350710303,-0.0095125803018171282
1720799.9999721302,2691.5043392315224,-363895.25707379275,2849.4819526875476,1.0592211462161312,0.026591161707147412,-0.009576745368213662
1722599.9999723397,4598.0834516576178,-363842.49047000939,2832.1861722018402,1.0591953260347535,0.032038506079857657,-0.0096407638346382458
1724399.9999719206,6504.590358721829,-363779.91810915584,2814.7752925465111,1.0591409159102338,0.037486421709179991,-0.0097046328652271793
1726199.9999721302,8410.9735859871671,-363707.53910148295,2797.2495852540383,1.0590579008997489,0.042934754616192623,-0.0097683496171502189
1727999.9999717111,10317.181630621813,-363625.35283468914,2779.6093270013412,1.0589462669462664,0.048383350597066013,-0.0098319112405872763
1729799.999971292,12223.162966991307,-363533.35897416528,2761.8547995854938,1.0588060008814297,0.053832055240070412,-0.0098953148789721231
1731599.9999718159,14128.866047259582,-363431.55746338418,2743.9862899447653,1.0586370904285021,0.059280713928347273,-0.0099585576690707639
1733399.9999713968,16034.239299273215,-363319.94852447871,2726.0040902056039,1.0584395242056754,0.064729171834935637,-0.01002163674097261
1735199.9999709777,17939.231133999234,-363198.53265829076,2707.9084976397853,1.0582132917284599,0.070177273945140062,-0.010084549218400735
1736999.9999711872,19843.789943755895,-363067.31064488756,2689.699814707571,1.0579583834128079,0.075624865052600534,-0.010147292218718481
1738799.9999707681,21747.864103280979,-362926.28354395682,2671.3783490745318,1.0576747905780501,0.081071789763499005,-0.010209862853033038
1740599.9999706633,23651.40197391831,-362775.45269495377,2652.944413598148,1.0573625054493119,0.086517892509711314,-0.010272258226403774
1742399.9999705586,25554.35190297983,-362614.81971757667,2634.3983263604218,1.0570215211605472,0.091963017548184423,-0.010334475437893856
1744199.9999710824,27456.662227402903,-362444.38651190873,2615.7404106589042,1.0566518317568658,0.097407008972627038,-0.010396511580765308
1745999.9999709777,29358.281271725293,-362264.15525903867,2596.9709950530378,1.0562534321978698,0.10284971070896377,-0.010458363742490888
1747799.9999711872,31259.157354711126,-362074.1284209005,2578.090413325498,1.0558263183592587,0.10829096653557194,-0.010520029005050313
1749599.9999710824,33159.238787383205,-361874.30874087056,2559.0990045276167,1.0553704870360725,0.11373062007894864,-0.010581504444948877
1751399.9999709777,35058.473875891992,-361664.69924392295,2539.9971129771643,1.0548859359449336,0.11916851482324384,-0.01064278713339617
1753199.9999711872,36956.81092411538,-361445.30323676858,2520.785088258227,1.0543726637262165,0.12460449411904923,-0.010703874136478017
1754999.9999713968,38854.198232904695,-361216.12430836598,2501.4632852547343,1.0538306699470603,0.13003840118260623,-0.010764762515222981
1756799.999971292,40750.584103484645,-360977.16632996674,2482.0320641420208,1.0532599551032737,0.13547007910693229,-0.01082544932580554
1758599.9999708729,42645.916838856378,-360728.43345535896,2462.4917903981436,1.052660520621673,0.14089937086725163,-0.01088593161968722
1760399.9999707681,44540.144746781334,-360469.93012089323,2442.8428347986332,1.0520323688618707,0.14632611933097872,-0.01094620644381083
1762199.9999709777,46433.216138554904,-360201.66104606021,2423.0855734545707,1.0513755031193734,0.15175016725566245,-0.011006270840663291
1763999.9999705586,48325.07933193451,-359923.63123353192,2403.2203878077921,1.0506899276273682,0.15717135729885257,-0.011066121848473909
1765799.9999701395,50215.682654444136,-359635.84596909059,2383.2476646213722,1.0499756475581927,0.16258953202906901,-0.011125756501426762
1767599.9999700347,52104.974443381936,-359338.31082202692,2363.1677960043903,1.049232669025927,0.16800453392734599,-0.011185171829771334
1769399.9999705586,53992.903048241271,-359031.03164517944,2342.9811794111893,1.0484609990880873,0.17341620539571309,-0.011244364860012507
1771199.9999701395,55879.416830032053,-358714.01457546931,2322.6882176735362,1.0476606457485331,0.17882438875681184,-0.011303332615006326
1772999.999970349,57764.464168068895,-358387.26603318687,2302.2893189524048,1.0468316179572033,0.18422892627493859,-0.011362072114292339
1774799.9999705586,59647.993456313568,-358050.79272299795,2281.7848968015282,1.0459739256141627,0.18962966014716262,-0.011420580374101952
1776599.9999710824,61529.953108736219,-357704.60163342761,2261.175370133717,1.045087579569776,0.19502643252032006,-0.011478854407651735
1778399.9999709777,63410.291558042954,-357348.70003748807,2240.4611632587507,1.0441725916277671,0.20041908548900808,-0.011536891225233228
1780199.9999705586,65288.957260433926,-356983.09549220267,2219.6427058551162,1.0432289745454242,0.20580746111089082,-0.011594687834492769
1781999.9999707681,67165.898696953431,-356607.79583871237,2198.7204329783467,1.0422567420352569,0.21119140141225323,-0.011652241240608234
1783799.999971292,69041.06437215372,-356222.80920293869,2177.6947850993965,1.0412559087680884,0.21657074838586773,-0.011709548446387314
1785599.9999711872,70914.402817914626,-355828.14399523591,2156.5662080855923,1.0402264903735006,0.2219453440036665,-0.011766606452527409
1787399.9999717111,72785.862596875959,-355423.80891004833,2135.3351531848366,1.0391685034402591,0.22731503022832403,-0.011823412257865857
1789199.9999722349,74655.392300895779,-355009.81292661472,2114.0020770657247,1.0380819655194271,0.2326796490105866,-0.011879962859482075
1790999.9999724445,76522.940554071552,-354586.16530872259,2092.5674418060994,1.0369668951249973,0.23803904229971065,-0.011936255252942394
1792799.9999723397,78388.456015595992,-354152.87560444325,2071.0317148826625,1.0358233117344258,0.24339305205344292,-0.011992286432542302
1794599.9999725493,80251.887380971326,-353709.95364621893,2049.3953691788956,1.034651235790055,0.24874152024330984,-0.012048053391502419
1796399.9999730731,82113.183382475647,-353257.40955113416,2027.6588830015887,1.0334506887010186,0.25408428885777612,-0.012103553122145854
1798199.9999729684,83972.29279123884,-352795.25372081605,2005.8227400785656,1.0322216928441241,0.25942119991003482,-0.012158782616127474
1799999.9999725493,85829.164420911504,-352323.49684089934,1983.8874295370047,1.030964271563555,0.26475209545039269,-0.012213738864713605
1801799.9999721302,87683.747127527968,-351842.1498814174,1961.8534459259597,1.0296784491730047,0.27007681756774088,-0.012268418858951784
1803599.999972654,89535.989812476109,-351351.22409640986,1939.72128920202,1.0283642509556885,0.27539520839996323,-0.012322819589936399
1805399.9999725493,91385.841421381163,-350850.73102459399,1917.4914647633086,1.0270217031671869,0.28070711013262467,-0.012376938048957682
1807199.9999727588,93233.250950563903,-350340.68248800823,1895.1644833924606,1.0256508330328145,0.28601236501942456,-0.012430771227876607
1808999.9999729684,95078.167444388266,-349821.09059307701,1872.7408613082814,1.0242516687514609,0.29131081537650322,-0.01248431611923613
1810799.9999731779,96920.539999538611,-349291.96772980166,1850.2211201338653,1.022824239494367,0.29660230359666073,-0.012537569716579036
1812599.9999733875,98760.317765955187,-348753.32657184009,1827.60578690444,1.0213685754062694,0.30188667215399317,-0.012590529014671633
1814399.9999739113,100597.44994931939,-348205.18007613899,1804.895394055887,1.0198847076052941,0.30716376361299114,-0.012643191009776048
1816199.9999734922,102431.88581054669,-347647.54148344242,1782.0904794498244,1.0183726681852063,0.31243342062905943,-0.012695552699840469
1817999.9999730731,104263.57467094091,-347080.42431709816,1759.1915863282027,1.016832490213017,0.31769548596530583,-0.012747611084855221
1819799.9999732827,106092.46591228066,-346503.84238334798,1736.1992633299044,1.0152642077305774,0.32294980249478972,-0.012799363167067012
1821599.9999731779,107918.50897702521,-345917.80977162329,1713.1140645060671,1.0136678557561583,0.32819621320311965,-0.012850805951201517
1823399.9999733875,109741.65337284502,-345322.34085345548,1689.9365492804334,1.0120434702822523,0.33343456120349135,-0.012901936444811933
1825199.9999732827,111561.84867212396,-344717.45028296695,1666.6672824725176,1.0103910882776219,0.33866468973728531,-0.01295275165848906
1826999.9999731779,113379.04451524146,-344103.15299613343,1643.306834272503,1.0087107476859909,0.34388644218553921,-0.013003248606181813
1828799.9999733875,115193.19061190444,-343479.4642106606,1619.8557802402613,1.0070024874263754,0.34909966207482285,-0.013053424305466422
1830599.9999729684,117004.23674184499,-342846.39942608518,1596.3147013123137,1.0052663473939911,0.35430419308130418,-0.013103275777802469
1832399.9999731779,118812.13275897107,-342203.97442266234,1572.6841837634654,1.0035023684578184,0.35949987904474534,-0.013152800048887896
1834199.9999730731,120616.82858991767,-341552.20526219753,1548.9648192406835,1.0017105924634617,0.36468656396641275,-0.013201994148863616
1835999.9999732827,122418.27423934005,-340891.10828647856,1525.1572047084678,0.99989106222940083,0.36986409202637888,-0.013250855112707082
1837799.9999728636,124216.41978771437,-340220.7001183916,1501.2619424919903,0.99804382155057392,0.37503230757929179,-0.013299379980425026
1839599.9999724445,126011.21539691134,-339540.99766019272,1477.2796402172553,0.99616891519412065,0.38019105517249413,-0.013347565797461452
1841399.9999729684,127802.61131056554,-338852.01809365005,1453.2109108191312,0.99426638890023111,0.38534017954919553,-0.013395409614967721
1843199.9999725493,129590.55785317723,-338153.77888072032,1429.0563725665972,0.99233628938445495,0.39047952564800359,-0.013442908490043984
1844999.9999730731,131375.00543714376,-337446.29776113806,1404.8166489805833,0.99037866433144683,0.3956089386252557,-0.013490059486195707
1846799.9999732827,133155.9045593818,-336729.5927540242,1380.4923688914103,0.9883935623997917,0.40072826384743859,-0.013536859673516656
1848599.9999731779,134933.20580554404,-336003.6821565397,1356.084166393372,0.98638103321863257,0.40583734690544027,-0.013583306129078085
1850399.9999733875,136706.85985303507,-335268.58454293839,1331.5926808142117,0.98434112738536306,0.4109360336253608,-0.013629395937288465
1852199.999973597,138476.81746959599,-334524.3187654377,1307.0185567451124,0.98227389646833196,0.41602417006658532,-0.0136751261901417
1853999.9999734922,140243.02951697275,-333770.90395300463,1282.36244400034,0.98017939300374535,0.42110160253447687,-0.013720493987602046
1855799.9999737018,142005.44695323138,-333008.35951064981,1257.6249975944063,0.97805767049393222,0.4261681775891874,-0.013765496437956779
1857599.9999732827,143764.02083197329,-332236.70512005629,1232.8068777622268,0.97590878340930221,0.43122374204555619,-0.013810130658093474
1859399.9999731779,145518.70230760312,-331455.96073757287,1207.9087498936433,0.97373278718294121,0.43626814299041539,-0.013854393773935578
1861199.9999733875,147269.44263417841,-330666.14659498283,1182.9312845575087,0.97152973821289523,0.44130122778144637,-0.013898282920717981
1862999.9999729684,149016.19316769348,-329867.28319878061,1157.8751574770208,0.96929969386028203,0.44632284405591333,-0.013941795243354168
1864799.9999728636,150758.90536926672,-329059.39132899494,1132.7410494910848,0.9670427124460983,0.45133283974199506,-0.013984927896828817
1866599.9999733875,152497.53080601903,-328242.49203903467,1107.5296465478805,0.9647588532508492,0.45633106306348148,-0.014027678046535919
1868399.9999739113,154232.02115125916,-327416.60665588436,1082.2416397082593,0.96244817651513548,0.46131736254248151,-0.01407004286860437
1870199.9999734922,155962.32818754084,-326581.75677895005,1056.8777251069816,0.96011074343643665,0.46629158701038692,-0.014112019550298066
1871999.9999737018,157688.40381077779,-325737.96427831857,1031.4386038969803,0.95774661616421675,0.47125358562187886,-0.014153605290443405
1873799.999973597,159410.20002723174,-324885.25129646529,1005.9249822976487,0.95535585780465593,0.47620320784844672,-0.014194797299687976
1875599.9999738066,161127.66895868882,-324023.64024599257,980.33757152236637,0.95293853241424575,0.48114030349544845,-0.014235592800961054
1877399.9999743304,162840.76284324212,-323153.15380946908,954.67708776961081,0.95049470499922528,0.48606472270654,-0.014275989029830681
1879199.99997454,164549.43403565357,-322273.81493950723,928.94425222014445,0.94802444151567655,0.49097631596689412,-0.01431598323485506
1880999.9999747495,166253.6350116125,-321385.64685683593,903.13979097495871,0.94552780886395227,0.49587493411761957,-0.014355572678028667
1882799.9999749591,167953.31836737905,-320488.67305070878,877.26443506164412,0.94300487488963636,0.50076042835691814,-0.014394754635122834
1884599.9999748543,169648.43682181122,-319582.91727809765,851.31892040444836,0.94045570838106574,0.50563265024808657,-0.014433526396085739
1886399.9999750638,171338.94321980877,-318668.40356208687,825.30398777155074,0.93788037906457167,0.51049145173159427,-0.014471885265477083
1888199.9999749591,173024.79053117958,-317745.15619270568,799.22038279168487,0.93527895760655644,0.51533668512399688,-0.014509828562800984
1889999.99997454,174705.93185443722,-316813.19972510723,773.06885589449087,0.9326515156080728,0.52016820313103096,-0.014547353622954482
1891799.9999741209,176382.32041798576,-315872.55897912465,746.85016229000405,0.92999812560325157,0.52498585885318638,-0.014584457796618679
1893599.9999740161,178053.90958162752,-314923.25903864665,720.5650619424872,0.92731886105719186,0.5297895057922104,-0.014621138450660135
1895399.9999739113,179720.65283763848,-313965.32525123312,694.21431955041555,0.92461379636450902,0.53457899785636531,-0.014657392968525525
1897199.9999738066,181382.50381334766,-312998.7832268636,667.79870450198734,0.92188300684539981,0.53935418937000712,-0.014693218750671734
1898999.9999737018,183039.4162726636,-312023.65883725521,641.31899084623615,0.91912656874328802,0.54411493508013109,-0.014728613214974724
1900799.999973597,184691.34411748606,-311039.97821523756,614.77595726522532,0.91634455922261138,0.54886109016258777,-0.014763573797138297
1902599.9999734922,186338.24138942469,-310047.76775394002,588.1703870405978,0.91353705636604299,0.55359251022917466,-0.014798097951111684
1904399.9999733875,187980.06227155909,-309047.05410593306,561.50306801856505,0.91070413917156112,0.55830905133484621,-0.014832183149509827
1906199.9999732827,189616.7610897118,-308037.86418265256,534.77479258199799,0.90784588755029161,0.56301056998351595,-0.014865826884025379
1907999.9999731779,191248.29231457325,-307020.22515328968,507.98635760783179,0.90496238232281012,0.56769692313630271,-0.014899026665860144
1909799.9999730731,192874.61056279813,-305994.16444429744,481.13856444040982,0.90205370521716788,0.57236796821681946,-0.014931780026136833
1911599.999972654,194495.67059911805,-304959.70973825274,454.23221884733351,0.89911993886505703,0.57702356311937608,-0.014964084516333145
1913399.9999725493,196111.42733855077,-303916.88897261734,427.26813097259617,0.89616116679767632,0.58166356621744941,-0.014995937708718401
1915199.9999721302,197721.83584622253,-302865.73034002614,400.24711532868969,0.89317747344588849,0.58628783636529702,-0.015027337196744258
1916999.9999720254,199326.85134085742,-301806.26228620368,373.16999072678703,0.89016894413363146,0.59089623291009719,-0.015058280595509191
1918799.9999716063,200926.42919479942,-300738.51351010933,346.03758026403165,0.88713566507762698,0.59548861569411959,-0.015088765542155526
1920599.9999715015,202520.5249372106,-299662.51296197897,318.85071125646994,0.88407772338109725,0.60006484506601865,-0.015118789696328919
1922399.9999720254,204109.09425453318,-298578.28984316054,291.61021521730237,0.88099520703253797,0.60462478188425495,-0.01514835074058552
1924199.9999716063,205692.09299108872,-297485.87360588741,264.31692783250992,0.87788820490430275,0.60916828752091245,-0.015177446380803665
1925999.9999721302,207269.47715459482,-296385.29394962854,236.97168885067757,0.87475680674143097,0.61369522387961761,-0.015206074346685767
1927799.9999717111,208841.20291207364,-295276.58082406223,209.57534213763964,0.87160110316927553,0.6182054533858754,-0.01523423239208388
1929599.9999716063,210407.22659725495,-294159.76442404708,182.1287355314694,0.8684211856783528,0.62269883901038936,-0.015261918295534955
1931399.9999715015,211967.50470739705,-293034.87519198057,154.63272088020608,0.86521714663018001,0.62717524426200433,-0.015289129860604152
1933199.9999713968,213521.99390773469,-291901.94381477043,127.08815394595344,0.86198907924776713,0.63163453320252394,-0.015315864916364831
1934999.9999709777,215070.65103167915,-290761.00122380327,99.495894382274969,0.85873707761460272,0.6360765704493363,-0.01534212131780221
1936799.9999705586,216613.4330828051,-289612.07859361992,71.85680567939589,0.85546123666994733,0.64050122118315544,-0.015367896946247748
1938599.9999704538,218150.29723708594,-288455.2073403651,44.171755103757647,0.85216165220344953,0.6449083511564675,-0.015393189709815947
1940399.9999700347,219681.20084227444,-287290.41912237182,16.441613688123102,0.84883842085582684,0.64929782669377811,-0.015417997543792927
1942199.9999705586,221206.10142258723,-286117.74583673093,-11.332743874787768,0.84549164010807998,0.65366951470706358,-0.015442318411110842
1943999.9999704538,222724.95667638932,-284937.21962115873,-39.15043921291948,0.84212140828578563,0.65802328269114063,-0.015466150302706833
1945799.9999706633,224237.72448149408,-283748.87285002304,-67.010590394687242,0.83872782454671158,0.66235899874086068,-0.015489491238002646
1947599.9999711872,225744.36289416719,-282552.73813518841,-94.912311935080169,0.83531098888214872,0.6666765315502402,-0.015512339265281595
1949399.9999710824,227244.83015099578,-281348.84832465689,-122.85471485462519,0.83187100211194376,0.67097575041980517,-0.015534692462109598
1951199.9999709777,228739.08467184784,-280137.23650028632,-150.83690675993483,0.82840796587685417,0.67525652526704061,-0.015556548935768914
1952999.9999715015,230227.08506023948,-278917.93597754702,-178.8579918771041,0.82492198263672512,0.67951872662939949,-0.015577906823649998
1954799.9999710824,231708.79010305851,-277690.98030585813,-206.91707107310046,0.82141315567028428,0.68376222566547051,-0.015598764293633322
1956599.9999709777,233184.15877621519,-276456.40326400858,-235.01324199007342,0.81788158906087272,0.68798689417310011,-0.015619119544551885
1958399.9999708729,234653.15024254314,-275214.23886192928,-263.14559903439795,0.81432738770030944,0.6921926045853094,-0.015638970806539865
1960199.9999707681,236115.72385432539,-273964.52133866155,-291.31323345364984,0.81075065728185858,0.69637922997945234,-0.015658316341444111
1961999.999971292,237571.83915556734,-272707.28516047058,-319.51523341020993,0.8071515042935854,0.70054664408563116,-0.015677154443226912
1963799.9999711872,239021.45588100175,-271442.56502176076,-347.7506839924547,0.80353003601971584,0.70469472128574562,-0.015695483438322316
1965599.9999717111,240464.53396113287,-270170.39584075497,-376.01866734383935,0.79988636052697826,0.708823336629819,-0.015713301686066397
1967399.9999716063,241901.03351997503,-268890.81276149716,-404.31826265089688,0.79622058666903284,0.71293236583140007,-0.015730607579029426
1969199.9999711872,243330.91487942848,-267603.8511500344,-432.64854626152697,0.7925328240742131,0.71702168528194743,-0.015747399543427111
1970999.9999707681,244754.13855899801,-266309.54659467307,-461.00859171304523,0.78882318314491018,0.72109117205187689,-0.01576367603946887
1972799.9999706633,246170.66527791996,-265007.93490408559,-489.39746980835315,0.7850917750507822,0.72514070389848406,-0.015779435561730473
1974599.9999708729,247580.45595615217,-263699.05210641806,-517.81424867044132,0.78133871172480818,0.72917015927060103,-0.015794676639507732
1976399.9999707681,248983.47171472106,-262382.93444900587,-546.25799378438194,0.77756410586107072,0.73317941731140712,-0.015809397837158824
1978199.9999706633,250379.67387965534,-261059.61839471615,-574.7277681127706,0.77376807090283917,0.7371683578714745,-0.015823597754478405
1979999.9999705586,251769.02398092521,-259729.14062292466,-603.22263211104473,0.76995072104392814,0.74113686150752245,-0.015837275027012491
1981799.9999701395,253151.4837550614,-258391.53802704037,-631.74164381802154,0.76611217122012687,0.74508480949167843,-0.015850428326406065
1983599.9999700347,254527.01514643151,-257046.84771325142,-660.28385892021481,0.76225253710411867,0.74901208381688744,-0.015863056360729405
1985399.9999699299,255895.58030783996,-255695.10699992813,-688.84833080271096,0.75837193510226408,0.75291856720037165,-0.015875157874792076
1987199.9999698251,257257.1416021545,-254336.35341602069,-717.43411062190739,0.75447048234847691,0.75680414309000921,-0.015886731650459736
1988999.9999697204,258611.66160435978,-252970.62469898441,-746.04024738830867,0.75054829669672385,0.76066869567191975,-0.015897776506966534
1990799.9999696156,259959.1031014678,-251597.95879483511,-774.66578800492232,0.74660549671962428,0.76451210987190932,-0.015908291301202079
1992599.9999695108,261299.42909530291,-250218.39385529555,-803.30977736701834,0.74264220169867368,0.76833427136511268,-0.015918274928014672
1994399.9999694061,262632.60280240607,-248831.96823783958,-831.97125840160697,0.73865853162276873,0.7721350665773935,-0.015927726320483327
1996199.999968987,263958.58765609731,-247438.72050352406,-860.6492721533964,0.73465460718036379,0.77591438269288593,-0.015936644450198791
1997999.9999691965,265277.34730831417,-246038.68941498912,-889.3428578672075,0.73063054975208186,0.77967210766088257,-0.015945028327533053
1999799.9999694061,266588.84562898375,-244631.91393705693,-918.05105301736933,0.72658648141078686,0.78340813019567268,-0.015952877001884806
2001599.9999696156,267893.04670880683,-243218.43323371958,-946.77289341169467,0.72252252491124613,0.78712233978609003,-0.015960189561938561
2003399.9999695108,269189.91485987691,-241798.28666738406,-975.50741324923365,0.71843880368627,0.79081462669887359,-0.015966965135900499
2005199.9999690917,270479.41461739904,-240371.51379691734,-1004.2536452027634,0.71433544183938036,0.79448488198513789,-0.01597320289173159
2006999.999968987,271761.51074065192,-238938.15437648285,-1033.0106204853539,0.71021256413973399,0.79813299748467925,-0.015978902037366894
2008799.9999685679,273036.1682137333,-237498.24835462164,-1061.7773689124172,0.7060702960177343,0.80175886582963996,-0.015984061820924982
2010599.9999684631,274303.35224742646,-236051.83587205576,-1090.552918989554,0.70190876355694776,0.80536238045134789,-0.01598868153091234
2012399.9999686726,275563.02828009182,-234598.95726055407,-1119.3362979791962,0.69772809348905895,0.80894343558435922,-0.015992760496413367
2014199.9999688822,276815.16197825881,-233139.65304214638,-1148.1265319607348,0.69352841318980374,0.81250192626963802,-0.015996298087269888
2015999.9999684631,278059.71923814795,-231673.96392725827,-1176.922645912254,0.6893098506717914,0.81603774836035303,-0.015999293714253904
2017799.9999686726,279296.66618829081,-230201.9308114826,-1205.7236638188081,0.6850725345733748,0.81955079853077395,-0.016001746829230733
2019599.9999688822,280525.96918825433,-228723.59477692872,-1234.5286086910021,0.6808165941606773,0.82304097427408529,-0.016003656925302479
2021399.9999684631,281747.59483049496,-227238.99708990863,-1263.3365026558981,0.67654215931906647,0.82650817390906195,-0.016005023536949436
2023199.9999683583,282961.50994308968,-225748.17919745922,-1292.1463670701069,0.67224936054125084,0.82995229658922232,-0.016005846240159292
2024999.9999685679,284167.68158887647,-224251.18272820229,-1320.9572225486443,0.66793832892785199,0.8333732423017558,-0.016006124652540511
2026799.9999687774,285366.07706687285,-222748.04949045682,-1349.7680890475481,0.66360919618004754,0.83677091187290653,-0.016005858433428641
2028599.9999683583,286556.66391362902,-221238.82147039004,-1378.5779859455649,0.65926209459230911,0.84014520697313677,-0.016005047283980361
2030399.9999682535,287739.40990550839,-219723.54082892826,-1407.3859321492444,0.65489715704154916,0.84349603012490615,-0.016003690947253849
2032199.9999687774,288914.28305784689,-218202.24990260764,-1436.1909461228527,0.65051451698759843,0.84682328470157275,-0.016001789208279653
2033999.9999683583,290081.25162561779,-216674.99120257649,-1464.9920459541247,0.64611430846834705,0.8501268749305495,-0.015999341894121753
2035799.9999682535,291240.28410768218,-215141.80740884246,-1493.7882495093752,0.64169666608116394,0.85340670590657552,-0.015996348873917331
2037599.9999681488,292391.34924420516,-213602.74137340419,-1522.5785744207224,0.63726172498990263,0.8566626835856247,-0.01599281005891794
2039399.9999683583,293534.41601983551,-212057.8361158405,-1551.3620382156491,0.63280962091015325,0.85989471479509927,-0.015988725402507079
2041199.9999682535,294669.45366339991,-210507.13482347422,-1580.1376583604108,0.62834049010766357,0.86310270723413851,-0.015984094900213915
2042999.9999678344,295796.4316498015,-208950.68084856617,-1608.9044523589016,0.62385446938818634,0.86628656948013238,-0.015978918589708097
2044799.9999677297,296915.31970125344,-207388.51770633622,-1637.6614378356137,0.61935169608969143,0.86944621099332786,-0.015973196550782755
2046599.9999682535,298026.08778711897,-205820.68907491295,-1666.4076325829744,0.61483230808012446,0.87258154211747863,-0.015966928905332425
2048399.9999681488,299128.70612483384,-204247.23879381147,-1695.1420546360303,0.61029644375090464,0.87569247408351769,-0.015960115817315036
2050199.999968044,300223.14518217219,-202668.21086043594,-1723.8637223827632,0.60574424200471744,0.87877891901700778,-0.015952757492691837
2051999.9999682535,301309.37567728566,-201083.6494297038,-1752.5716546169513,0.60117584225228871,0.88184078993925985,-0.015944854179367328
2053799.9999684631,302387.36857965635,-199493.59881237053,-1781.2648706147284,0.59659138440539683,0.88487800077101697,-0.015936406167111936
2055599.9999686726,303457.09511089063,-197898.103473561,-1809.9423902071171,0.59199100887047129,0.88789046633566249,-0.015927413787473036
2057399.9999688822,304518.52674581262,-196297.20803083974,-1838.603233860609,0.58737485654084265,0.8908781023632274,-0.015917877413671195
2059199.9999687774,305571.63521326659,-194690.95725267337,-1867.246422750324,0.5827430687901094,0.89384082549357002,-0.015907797460485512
2060999.9999686726,306616.39249712846,-193079.39605655542,-1895.8709788388626,0.57809578746452295,0.89677855328009515,-0.015897174384124503
2062799.9999688822,307652.77083725942,-191462.569507179,-1924.4759249538868,0.57343315487549229,0.89969120419329041,-0.015886008682084302
2064599.9999690917,308680.74272973277,-189840.52281572271,-1953.0602848456567,0.56875531379528843,0.90257869762218734,-0.015874300893002166
2066399.9999686726,309700.28092767776,-188213.30133818818,-1981.6230832612214,0.56406240744999958,0.90544095387752588,-0.015862051596492094
2068199.9999685679,310711.35844337585,-186580.95057167634,-2010.1633460541398,0.55935457950653089,0.90827789419840255,-0.015849261412951638
2069999.9999690917,311713.94854762207,-184943.51615498643,-2038.6801002178111,0.55463197407205844,0.91108944075120479,-0.015835931003388197
2071799.999968987,312708.02477045869,-183301.04386706513,-2067.1723739564995,0.5498947356872711,0.91387551663237476,-0.015822061069218997
2073599.9999685679,313693.56090306176,-181653.57962350216,-2095.6391967896575,0.54514300931396698,0.91663604587436753,-0.015807652352041356
2075399.9999687774,314670.53099834756,-180001.1694750436,-2124.0795996203215,0.54037694032845707,0.91937095344798447,-0.015792705633406453
2077199.9999683583,315638.90937010001,-178343.85960864319,-2152.4926147597102,0.53559667452227944,0.92208016526053016,-0.015777221734605249
2078999.9999682535,316598.67059595167,-176681.69634196587,-2180.8772760639636,0.53080235808401943,0.92476360816473424,-0.015761201516383525
2080799.9999678344,317549.78951648227,-175014.72612443415,-2209.2326189577598,0.52599413759998781,0.92742120995676258,-0.015744645878704167
2082599.9999674154,318492.24123669707,-173342.995534202,-2237.5576805273076,0.52117216004314459,0.93005289938085567,-0.015727555760460372
2084399.9999676249,319426.00112676888,-171666.55127633215,-2265.8514995920214,0.51633657276548706,0.93265860613186935,-0.015709932139187834
2086199.9999678344,320351.04482163984,-169985.44018302314,-2294.1131167410913,0.51148752349633719,0.93523826085460049,-0.015691776030787936
2087999.9999677297,321267.34822305565,-168299.70920944642,-2322.3415744436147,0.50662516032796112,0.93779179514986533,-0.015673088489193434
2089799.9999682535,322174.88749975065,-166609.40543283944,-2350.5359171029349,0.50174963171057163,0.94031914157537899,-0.015653870606056424
2091599.9999684631,323073.63908752025,-164914.57605184504,-2378.6951911065448,0.49686108644803439,0.9428202336462872,-0.015634123510429733
2093399.999968044,323963.57969041506,-163215.26838374458,-2406.8184449105206,0.49195967368749188,0.94529500583878701,-0.015613848368413773
2095199.9999685679,324844.68628202617,-161511.52986140829,-2434.9047291275451,0.48704554290816315,0.94774339359395654,-0.015593046382787697
2096999.9999678344,325716.93610387115,-159803.40803582146,-2462.9530965223294,0.48211884392622345,0.95016533331349329,-0.015571718792698233
2098799.999968044,326580.30666905077,-158090.95056840189,-2490.962602174608,0.47717972687023053,0.95256076237005538,-0.015549866873213563
2100599.9999682535,327434.77576016838,-156374.20523441039,-2518.9323034587414,0.47222834218854276,0.95492961910162877,-0.015527491935003909
2102399.9999678344,328280.32143070246,-154653.21991967349,-2546.8612601328668,0.46726484063744317,0.95727184281544764,-0.015504595323930394
2104199.9999677297,329116.92200675717,-152928.04261635937,-2574.748534441977,0.46228937326652897,0.95958737379292169,-0.01548117842060906
2105999.9999676249,329944.55608568212,-151198.72142511871,-2602.593191116991,0.45730209142245359,0.96187615328583709,-0.015457242640050483
2107799.9999678344,330763.2025381056,-149465.30455022614,-2630.3942974865349,0.45230314673248334,0.96413812352198258,-0.015432789431196744
2109599.9999683583,331572.84050767089,-147727.84029940167,-2658.1509235121575,0.44729269110154168,0.96637322770437228,-0.015407820276512444
2111399.9999688822,332373.44941125321,-145986.37708267511,-2685.8621418384832,0.44227087670649823,0.96858141001176901,-0.015382336691555368
2113199.9999687774,333165.008940103,-144240.96340921806,-2713.527027874924,0.43723785598459186,0.97076261560171206,-0.015356340224509371
2114999.9999686726,333947.49906043266,-142491.64788527193,-2741.1446598587822,0.43219378162501398,0.972916790611975,-0.015329832455723296
2116799.9999685679,334720.90001340804,-140738.47921337944,-2768.7141188968712,0.42713880656425424,0.97504388216033444,-0.015302814997262073
2118599.9999684631,335485.19231545494,-138981.50619093885,-2796.234489017259,0.42207308397948717,0.97714383834517604,-0.015275289492440777
2120399.9999683583,336240.35675910109,-137220.77770749346,-2823.7048572399335,0.41699676727831786,0.97921660824752577,-0.015247257615331709
2122199.9999682535,336986.37441317987,-135456.3427434256,-2851.1243136244434,0.41191001009257905,0.98126214193128813,-0.015218721070285749
2123999.9999687774,337723.22662351117,-133688.25036750449,-2878.491951334513,0.40681296626882363,0.98328039044474758,-0.015189681591428481
2125799.999968987,338450.89501243777,-131916.54973714598,-2905.8068666597756,0.40170578986663918,0.9852713058188961,-0.015160140942194426
2127599.9999691965,339169.36148018029,-130141.29009429392,-2933.0681591044167,0.39658863514434506,0.98723484107070125,-0.015130100914783329
2129399.9999690917,339878.60820465483,-128362.52076493324,-2960.2749314186003,0.39146165655516102,0.98917095020211854,-0.015099563329669911
2131199.9999693013,340578.61764221679,-126580.29115631663,-2987.4262896641999,0.3863250087367916,0.99107958820159681,-0.015068530035069453
2132999.9999688822,341269.37252727314,-124794.65075700358,-3014.521343236614,0.38117884650912076,0.99296071104245198,-0.015037002906446875
2134799.9999684631,341950.85587367223,-123005.6491323341,-3041.5592049551465,0.37602332485875634,0.99481427568604763,-0.015004983845940756
2136599.999968987,342623.05097427935,-121213.33592448053,-3068.5389910826734,0.37085859893677359,0.9966402400799802,-0.014972474781862194
2138399.9999685679,343285.94140047661,-119417.76085284261,-3095.4598213398513,0.36568482405745517,0.99843856315603674,-0.014939477668198463
2140199.9999684631,343939.51100451511,-117618.97370670071,-3122.3208190345104,0.3605021556747311,1.0002092048358486,-0.014905994483970069
2141999.9999683583,344583.74391799537,-115817.02434820625,-3149.1211110346399,0.35531074938841317,1.0019521260259887,-0.014872027232772169
2143799.9999682535,345218.62455288519,-114011.96270852971,-3175.859827843261,0.35011076093072463,1.0036672886199149,-0.014837577942187976
2145599.9999684631,345844.13760157343,-112203.83878657152,-3202.5361036338127,0.34490234616022203,1.0053546554972563,-0.014802648663245408
2147399.999968044,346460.26803673746,-110392.70264823639,-3229.149076276487,0.33968566105735121,1.0070141905225607,-0.014767241469882677
2149199.9999682535,347067.00111270533,-108578.60442127011,-3255.6978874287311,0.33446086170723338,1.0086458585480198,-0.014731358458324292
2150999.9999681488,347664.32236407622,-106761.59429810787,-3282.1816825070327,0.32922810430553862,1.0102496254087729,-0.014695001746611118
2152799.999968044,348252.21760712215,-104941.72253049468,-3308.5996107785359,0.32398754514067357,1.0118254579256609,-0.014658173473967315
2154599.9999679392,348830.67293931113,-103119.0394296436,-3334.9508253704839,0.3187393405919316,1.0133733239028693,-0.014620875800274416
2156399.9999681488,349399.67473993811,-101293.59536297728,-3361.2344833284378,0.31348364711781929,1.0148931921285191,-0.014583110905475578
2158199.9999683583,349959.20966969011,-99465.440754174357,-3387.4497456256786,0.3082206212539107,1.01638503237236,-0.014544880989045869
2159999.9999685679,350509.26467113843,-97634.626080268965,-3413.595777214236,0.30295041960223495,1.0178488153858907,-0.014506188269401676
2161799.9999681488,351049.8269687604,-95801.201870180957,-3439.6717470542353,0.2976731988247967,1.0192845129011978,-0.014467034983338537
2163599.9999686726,351580.88406949077,-93965.218701392514,-3465.6768281685236,0.29238911563177938,1.0206920976311415,-0.0144274233854288
2165399.9999682535,352102.42376162956,-92126.727202240756,-3491.6101976167188,0.28709832678593039,1.0220715432651555,-0.014387355747540543
2167199.9999684631,352614.43411653803,-90285.778044535939,-3517.4710366052905,0.28180098907911783,1.0234228244723866,-0.014346834358147487
2168999.9999683583,353116.90348712361,-88442.421947331284,-3543.2585304390077,0.27649725934100161,1.0247459168963042,-0.014305861521881584
2170799.9999682535,353609.8205089891,-86596.709671274017,-3568.9718686042756,0.27118729442061762,1.0260407971563001,-0.014264439558881055
2172599.9999681488,354093.1740999535,-84748.692018690359,-3594.6102447707281,0.26587125118448279,1.0273074428449587,-0.014222570804265058
2174399.9999683583,354566.95346039656,-82898.419830614133,-3620.1728568346366,0.2605492865059259,1.028545832527451,-0.014180257607541805
2176199.9999682535,355031.14807270997,-81045.943987210136,-3645.6589069142969,0.25522155726420404,1.0297559457385563,-0.014137502332095341
2177999.9999684631,355485.74770196422,-79191.315403424305,-3671.0676014104615,0.24988822032991281,1.0309377629828165,-0.014094307354565461
2179799.9999686726,355930.74239549559,-77334.585028783185,-3696.3981510083991,0.24454943256235467,1.0320912657318309,-0.014050675064324445
2181599.9999685679,356366.12248287094,-75475.803845723742,-3721.6497706994687,0.23920535080269781,1.03321643642251,-0.014006607862922862
2183399.9999681488,356791.87857597973,-73615.022867315536,-3746.8216798099629,0.23385613186541573,1.0343132584556127,-0.013962108163523817
2185199.9999683583,357208.00156925828,-71752.293134261185,-3771.9131020384866,0.2285019325276772,1.0353817161945746,-0.01391717839032181
2186999.9999679392,357614.48263878626,-69887.665716879332,-3796.9232654253169,0.22314290953308039,1.0364217949614196,-0.013871820978084794
2188799.9999681488,358011.31324329093,-68021.191708519691,-3821.8514024362612,0.2177792195707875,1.037433481037513,-0.013826038371493271
2190599.999968044,358398.48512302135,-66152.922228562093,-3846.6967499167372,0.21241101928222875,1.0384167616588404,-0.013779833024714968
2192399.9999679392,358775.9903003684,-64282.908417368009,-3871.4585491529087,0.20703846524470601,1.0393716250157023,-0.013733207400787659
2194199.9999678344,359143.82107945892,-62411.201435909548,-3896.1360458692161,0.20166171396846488,1.0402980602497507,-0.013686163971119989
2195999.9999677297,359501.97004608682,-60537.852463759911,-3920.728490246936,0.19628092188908655,1.0411960574518619,-0.01363870521495659
2197799.9999679392,359850.43006758293,-58662.912697338448,-3945.2351369384205,0.19089624536063801,1.0420656076598112,-0.013590833618853635
2199599.9999681488,360189.19429255667,-56786.433348777282,-3969.6552450723834,0.18550784065063636,1.0429067028555972,-0.013542551676175341
2201399.999968044,360518.25615078391,-54908.465643989301,-3993.9880782688142,0.18011586393274828,1.0437193359630952,-0.013493861886574985
2203199.9999685679,360837.60935325519,-53029.060819665086,-4018.2329046667523,0.17472047127644338,1.0445035008460781,-0.013444766755452682
2204999.9999681488,361147.2478914198,-51148.270124914721,-4042.3889968912281,0.16932181865001478,1.0452591923042136,-0.013395268793539755
2206799.9999686726,361447.16603791853,-49266.144814006322,-4066.455632134102,0.16392006189806838,1.0459864060726862,-0.013345370516255107
2208599.9999682535,361737.35834520834,-47382.736151787059,-4090.4320920710807,0.15851535675545006,1.0466851388166458,-0.013295074443400902
2210399.9999678344,362017.81964640773,-45498.095405384876,-4114.3176629538139,0.1531078588218249,1.0473553881310098,-0.013244383098501835
2212199.9999674154,362288.54505443928,-43612.273846418298,-4138.1116355666536,0.14769772356644853,1.0479971525361236,-0.013193299008428166
2213999.9999673106,362549.52996199625,-41725.322747950995,-4161.8133052497969,0.14228510631788677,1.0486104314753728,-0.013141824702885685
2215799.9999668915,362800.77004105307,-39837.293384563454,-4185.4219718822987,0.13687016226271179,1.0491952253116843,-0.01308996271399596
2217599.999967101,363042.2612430607,-37948.237027256982,-4208.9369399290617,0.13145304642940833,1.0497515353256035,-0.013037715575741753
2219399.9999666819,363273.99979806412,-36058.204946385777,-4232.3575183866787,0.1260339136953382,1.0502793637108345,-0.012985085823638961
2221199.9999668915,363495.98221505486,-34167.248404973376,-4255.683020848398,0.12061291876616292,1.0507787135726026,-0.012932075994150112
2222999.999967101,363708.20528109133,-32275.418661753447,-4278.9127654475524,0.11519021618318435,1.051249588923161,-0.012878688624374295
2224799.9999669963,363910.66606136196,-30382.766966455198,-4302.0460748963897,0.10976596030848332,1.0516919946794325,-0.012824926251527926
2226599.9999668915,364103.36189873237,-28489.344559255587,-4325.0822764726036,0.1043403053220392,1.0521059366594372,-0.012770791412548622
2228399.999967101,364286.29041347379,-26595.202668508657,-4348.0207020263697,0.09891340521394637,1.0524914215791059,-0.012716286643657622
2230199.9999666819,364459.44950270699,-24700.392511364626,-4370.8606879516938,0.093485413784944515,1.0528484570484611,-0.012661414480012472
2231999.9999668915,364622.83734044613,-22804.965287935269,-4393.6015752351432,0.088056484628495413,1.0531770515690388,-0.012606177455180894
2233799.9999674154,364776.45237682533,-20908.972184038601,-4416.2427094002533,0.082626771137473382,1.0534772145295714,-0.012550578100869484
2235599.9999673106,364920.29333788709,-19012.464368014636,-4438.7834405231151,0.077196426493905512,1.053748956202827,-0.012494618946489157
2237399.9999668915,365054.35922526667,-17115.492988198421,-4461.2231232390204,0.071765603660633406,1.053992287742189,-0.012438302518745789
2239199.9999664724,365178.64931575407,-15218.109171692789,-4483.5611167329171,0.066334455376733922,1.0542072211779625,-0.012381631341276365
2240999.9999669963,365293.16316087294,-13320.364022907044,-4505.7967847321625,0.060903134152305513,1.0543937694136949,-0.012324607934286008
2242799.9999668915,365397.90058632847,-11422.308624451534,-4527.9294954712823,0.055471792270032218,1.0545519462222868,-0.012267234814264241
2244599.999967101,365492.86169187573,-9523.9940305801592,-4549.9586217433243,0.050040581765458197,1.054681766242737,-0.012209514493484029
2246399.9999666819,365578.04685058608,-7625.4712710064368,-4571.883540829449,0.044609654436985301,1.0547832449759238,-0.012151449479821467
2248199.9999672058,365653.45670867735,-5726.7913437115776,-4593.7036345559854,0.039179161824411633,1.0548563987811692,-0.01209304227624961
2249999.9999677297,365719.09218479728,-3828.0052191426785,-4615.4182892191484,0.033749255220091687,1.0549012448720767,-0.012034295380687014
2251799.9999676249,365774.9544697142,-1929.1638355277018,-4637.0268956120235,0.028320085654721359,1.0549178013128615,-0.011975211285583202
2253599.9999672058,365821.04502583301,-30.318097218596076,-4658.5288490157773,0.022891803891825168,1.0549060870143949,-0.011915792477603443
2255399.9999667867,365857.36558669293,1868.4811264766149,-4679.9235491849204,0.017464560423678895,1.0548661217302271,-0.01185604143733688
2257199.9999666819,365883.91815646517,3767.1830024940832,-4701.2104003325094,0.012038505467176388,1.0547979260525995,-0.011795960639011619
2258999.9999668915,365900.70500945207,5665.7367350829309,-4722.388811113603,0.0066137889601085836,1.0547015214084596,-0.011735552550222109
2260799.9999667867,365907.72868958995,7564.0915675342594,-4743.4581946157232,0.0011905605555931613,1.0545769300554395,-0.011674819631643681
2262599.9999666819,365904.99200993468,9462.19678490554,-4764.4179683598022,-0.0042310303863004233,1.0544241750776873,-0.011613764336722527
2264399.9999668915,365892.49805211986,11360.00171424455,-4785.2675542729185,-0.0096508347997442696,1.0542432803818249,-0.011552389111453178
2266199.9999664724,365870.25016584538,13257.455725059956,-4806.0063786637293,-0.015068703915015611,1.0540342706929511,-0.011490696394157045
2267999.9999660533,365838.25196830177,15154.508234015651,-4826.6338722437276,-0.020484489272382649,1.053797171550152,-0.011428688615131433
2269799.9999659485,365796.50734363089,17051.108703987535,-4847.1494700861958,-0.025898042719853187,1.0535320093025231,-0.011366368196488442
2271599.9999661581,365745.02044236346,18947.206645934857,-4867.5526116158544,-0.031309216418924452,1.0532388111049282,-0.011303737551910865
2273399.9999660533,365683.79568088736,20842.751619352963,-4887.8427405828907,-0.036717862846246341,1.0529176049139366,-0.01124079908646267
2275199.9999656342,365612.83774082293,22737.693235595507,-4908.0193050674816,-0.042123834803436351,1.0525684194832852,-0.011177555196311891
2276999.9999655294,365532.15156842116,24631.981159227053,-4928.0817574625908,-0.047526985421233077,1.0521912843595478,-0.01111400826852541
2278799.9999651103,365441.7423740626,26525.565107234954,-4948.0295544340161,-0.052927168157508836,1.0517862298782643,-0.011050160680943851
2280599.9999646912,365341.61563156272,28418.394852839931,-4967.8621569289207,-0.058324236808362614,1.0513532871591578,-0.01098601480190981
2282399.9999649008,365231.77707755408,30310.420226677852,-4987.5790301560519,-0.063718045511675495,1.0508924881017803,-0.010921572990090755
2284199.999964796,365112.23271101125,32201.591115786108,-5007.1796435430497,-0.069108448744372455,1.0504038653817329,-0.010856837594384874
2285999.9999643769,364982.98879250622,34091.857467342728,-5026.6634707432149,-0.074495301333198191,1.0498874524457613,-0.01079181095367272
2287799.9999642721,364844.0518435252,35981.169290535676,-5046.029989622155,-0.079878458460121454,1.0493432835071608,-0.010726495396638711
2289599.9999644817,364695.42864598561,37869.476655685605,-5065.2786822161224,-0.085257775659878535,1.0487713935419791,-0.010660893241694549
2291399.9999640626,364537.12624158664,39756.72969601681,-5084.4090347177298,-0.090633108825029118,1.0481718182845465,-0.010595006796819685
2293199.9999645865,364369.15193088271,41642.878612218468,-5103.4205374893509,-0.096004314218919459,1.0475445942219936,-0.010528838359310013
2294999.9999641674,364191.51327310951,43527.87366814664,-5122.3126849867831,-0.10137124846337889,1.0468897585916199,-0.010462390215843458
2296799.9999643769,364004.21808491932,45411.665198853036,-5141.084975807139,-0.1067337685614855,1.0462073493741955,-0.010395664642120182
2298599.9999642721,363807.27444034891,47294.203605111878,-5159.7369126009271,-0.11209173188184914,1.0454974052918322,-0.01032866390298476
2300399.999964796,363600.6906695409,49175.439360853838,-5178.2680021131109,-0.11744499617960709,1.0447599658013107,-0.010261390252099347
2302199.9999646912,363384.47535861732,51055.323009118321,-5196.677755109863,-0.12279341958470144,1.0439950710915928,-0.010193845932030538
2303999.9999645865,363158.63734849542,52933.805167936764,-5214.9656864034241,-0.12813686061838556,1.0432027620775484,-0.010126033173988731
2305799.9999651103,362923.1857344326,54810.836529325716,-5233.1313148088802,-0.13347517819008844,1.0423830803963123,-0.010057954197820176
2307599.9999650056,362678.12986549246,56686.367859379934,-5251.1741631121204,-0.13880823159737726,1.0415360684033461,-0.0099896112119672691
2309399.9999649008,362423.47934339294,58560.350003037755,-5269.0937580827576,-0.14413588053917456,1.0406617691663693,-0.0099210064132648039
2311199.9999651103,362159.24402213551,60432.733882609347,-5286.8896304266409,-0.1494579851112014,1.0397602264620254,-0.0098521419869689042
2312999.9999656342,361885.43400722096,62303.470499609422,-5304.5613147704416,-0.15477440581078789,1.0388314847711289,-0.0097830201066724121
2314799.9999658437,361602.05965489987,64172.510936207073,-5322.1083496423917,-0.16008500354055877,1.0378755892740379,-0.0097136429342400635
2316599.9999660533,361309.13157140603,66039.80635669567,-5339.5302774531328,-0.16538963961214456,1.0368925858460014,-0.0096440126197480311
2318399.9999662628,361006.66061222169,67905.308008695007,-5356.8266444739984,-0.17068817574909861,1.0358825210526268,-0.0095741313014399212
2320199.9999664724,360694.65788133,69768.967224396154,-5373.9970008157134,-0.17598047408990225,1.0348454421453206,-0.009504001105686102
2321999.9999666819,360373.13473057677,71630.735421137986,-5391.0409004009962,-0.18126639718904231,1.0337813970571152,-0.0094336241469742659
2323799.9999665772,360042.1027588342,73490.564103161756,-5407.9579009480685,-0.18654580802140161,1.0326904343978351,-0.0093630025278614408
2325599.9999667867,359701.5738110345,75348.404863935779,-5424.7475639591821,-0.19181856998823599,1.0315726034488832,-0.0092921383389087276
2327399.9999666819,359351.55997786438,77204.2093848105,-5441.4094546759161,-0.19708454691270325,1.0304279541602053,-0.0092210336587612487
2329199.9999662628,358992.07359468204,79057.929438004183,-5457.9431420739329,-0.20234360304765642,1.0292565371447109,-0.0091496905540686489
2330999.9999661581,358623.12724065006,80909.516888202765,-5474.3481988449184,-0.20759560307946906,1.0280584036734419,-0.00907811107946308
2332799.999965739,358244.7337383033,82758.923691971984,-5490.6242013592655,-0.21284041212562696,1.0268336056721683,-0.0090062972776260592
2334599.9999653199,357856.90615241852,84606.101900692374,-5506.7707296601384,-0.21807789574228398,1.0255821957157232,-0.0089342511792248943
2336399.9999655294,357459.65778933535,86451.003661121576,-5522.787367436461,-0.22330791992505594,1.0243042270238494,-0.0088619748029450055
2338199.9999654246,357053.00219651964,88293.581214948645,-5538.6737019875445,-0.22853035110693301,1.0229997534578141,-0.0087894701555672836
2339999.9999659485,356636.95316099725,90133.786903467189,-5554.4293242320891,-0.23374505617067268,1.0216688295134335,-0.0087167392318489717
2341799.9999661581,356211.5247094229,91971.573164769594,-5570.0538286526526,-0.23895190243996509,1.0203115103193556,-0.0086437840147027233
2343599.9999660533,355776.7311067619,93806.892537225242,-5585.5468132945034,-0.24415075768838324,1.0189278516309188,-0.0085706064751330923
2345399.9999659485,355332.58685544174,95639.69766071318,-5600.907879745012,-0.24934149014193904,1.0175179098255474,-0.0084972085722652361
2347199.9999655294,354879.10669480916,97469.941276593774,-5616.1366331026657,-0.25452396847804276,1.0160817418991333,-0.008423592253427984
2348999.999965739,354416.30559996096,99297.576230257197,-5631.2326819678647,-0.25969806183173233,1.0146194054604498,-0.0083497594541381611
2350799.9999656342,353944.19878142921,101122.55547018583,-5646.1956384048381,-0.26486363979200828,1.0131309587283013,-0.0082757120982290232
2352599.9999658437,353462.80168388505,102944.83205093542,-5661.0251179362476,-0.27002057240923621,1.011616460525582,-0.0082014520978245294
2354399.9999660533,352972.12998558307,104764.35913314344,-5675.7207395133264,-0.27516873019410854,1.0100759702757016,-0.0081269813534375571
2356199.9999659485,352472.19959748373,106581.08998480343,-5690.2821254966811,-0.28030798412016644,1.0085095479980171,-0.0080523017540203926
2357999.9999658437,351963.02666230156,108394.97798275288,-5704.7089016389118,-0.28543820562690042,1.0069172543030607,-0.0079774151770100367
2359799.9999660533,351444.6275535301,110205.97661418731,-5719.0006970674358,-0.29055926662289783,1.0052991503877096,-0.0079023234883754279
2361599.9999665772,350917.01887512766,112014.03947584226,-5733.1571442491377,-0.29567103948237683,1.0036552980324613,-0.0078270285427643471
2363399.9999664724,350380.21746047563,113819.12027580116,-5747.1778789762539,-0.30077339704911998,1.0019857595964401,-0.0077515321835463988
2365199.9999663676,349834.2403709708,115621.17283639577,-5761.0625403604954,-0.30586621264347608,1.000290598011299,-0.0076758362428115713
2366999.9999659485,349279.10489603243,117420.15109234265,-5774.8107707904828,-0.3109493600558671,0.99856987677955644,-0.0075999425415715629
2368799.9999658437,348714.82855133334,119216.00909477175,-5788.4222159348847,-0.31602271355693284,0.99682365996742694,-0.0075238528897172202
2370599.9999660533,348141.42907874915,121008.70100960069,-5801.896524702368,-0.321086147891672,0.99505201220301698,-0.0074475690862162141
2372399.9999656342,347558.92444539996,122798.18111892647,-5815.2333492251055,-0.32613953828209147,0.99325499867171951,-0.0073710929191877616
2374199.9999658437,346967.33284196595,124584.40382453734,-5828.4323448580008,-0.33118276043582018,0.99143268510940563,-0.0072944261658878431
2375999.9999654246,346366.67268313625,126367.32364487756,-5841.4931701294026,-0.33621569053621458,0.98958513780221602,-0.007217570592977565
2377799.9999656342,345756.96260534134,128146.89522025944,-5854.4154867532352,-0.34123820525573162,0.98771242357800904,-0.0071405279564403486
2379599.9999655294,345138.22146717884,129923.0733099755,-5867.1989595816622,-0.34625018174641342,0.9858146098061259,-0.0070633000018500841
2381399.9999654246,344510.46834754373,131695.81279620249,-5879.8432566077572,-0.35125149764952773,0.98389176439011994,-0.0069858884643484304
2383199.9999653199,343873.72254523449,133465.0686835396,-5892.3480489365347,-0.35624203109286579,0.98194395576505344,-0.0069082950688130985
2384999.9999655294,343228.00357783883,135230.7961006283,-5904.713010771281,-0.36122166069389589,0.97997125289259801,-0.0068305215299381611
2386799.9999651103,342573.33118164516,136992.95029894629,-5916.9378193803923,-0.36619026555493212,0.97797372525930859,-0.006752569552440725
2388599.9999653199,341909.72530904604,138751.48665839038,-5929.0221551117302,-0.37114772527742818,0.97595144286725632,-0.0066744408309699519
2390399.9999655294,341237.20612952154,140506.36068314943,-5940.9657013396145,-0.37609391994887259,0.97390447623562404,-0.0065961370504469159
2392199.999965739,340555.79402773507,142257.52800538435,-5952.7681444664759,-0.38102873015168653,0.9718328963935059,-0.0065176598860613704
2393999.9999653199,339865.50960309064,144004.9443849817,-5964.4291738975726,-0.38595203696103098,0.96973677487719667,-0.006439011003444405
2395799.9999658437,339166.37366778043,145748.56571312956,-5975.9484820416001,-0.39086372195337221,0.96761618372291969,-0.0063601920586707173
2397599.9999654246,338458.40724797349,147488.34800799208,-5987.3257642590388,-0.39576366719276584,0.96547119546911653,-0.0062812046986193111
2399399.9999650056,337741.63158055075,149224.2474215262,-5998.5607188846898,-0.40065175524852675,0.96330188314524567,-0.00620205056083214
2401199.9999655294,337016.06811351876,150956.22023706639,-6009.6530471892147,-0.40552786918686123,0.9611083202717754,-0.0061227312737915521
2402999.9999654246,336281.73850572418,152684.22286880988,-6020.602453354285,-0.41039189256786068,0.95889058085806456,-0.0060432484571150517
2404799.9999659485,335538.66462401667,154408.21186728534,-6031.408644485924,-0.41524370945931233,0.95664873939256589,-0.0059636037214761016
2406599.9999661581,334786.86854445777,156128.14391524048,-6042.0713305671206,-0.42008320442353264,0.95438287084527962,-0.0058837986689663276
2408399.9999660533,334026.37255012558,157843.97583155154,-6052.5902244617009,-0.42491026252676517,0.9520930506599532,-0.0058038348930901278
2410199.9999662628,333257.19913013419,159555.66457219515,-6062.9650418995498,-0.42972476934029957,0.94977935474997754,-0.0057237139788946364
2411999.9999661581,332479.37097958266,161263.16722916829,-6073.1955014497853,-0.43452661093580147,0.94744185949711424,-0.0056434375031972385
2413799.999965739,331692.91099809931,162966.44103257672,-6083.2813245137449,-0.43931567388955323,0.9450806417460087,-0.0055630070346662465
2415599.9999653199,330897.84228879481,164665.44335174936,-6093.2222353120233,-0.44409184528393492,0.94269577879997002,-0.0054824241339477648
2417399.9999655294,330094.18815750518,166360.13169570733,-6103.0179608679928,-0.4488550127070845,0.94028734841765338,-0.0054016903538234044
2419199.999965739,329281.97211241489,168050.46371287093,-6112.6682309874441,-0.45360506425040614,0.93785542881089612,-0.0053208072394061202
2420999.9999659485,328461.21786234272,169736.39719357048,-6122.172778254715,-0.45834188851394858,0.93540009863857954,-0.0052397763282029195
2422799.9999664724,327631.94931625284,171417.89006995072,-6131.5313380139514,-0.46306537460445074,0.93292143700418706,-0.0051585991503023017
2424599.9999666819,326794.19058252237,173094.90041641504,-6140.7436483540032,-0.46777541213489232,0.93041952345266477,-0.0050772772285373156
2426399.9999668915,325947.96596747759,174767.38645153274,-6149.8094501016785,-0.47247189122814987,0.92789443796510918,-0.0049958120785781306
2428199.999967101,325093.29997470096,176435.30653835073,-6158.7284868062952,-0.47715470251615766,0.92534626095580541,-0.0049142052091019506
2429999.9999673106,324230.21730420459,178098.61918499105,-6167.5005047262639,-0.48182373713987015,0.92277507326888053,-0.0048324581219498872
2431799.9999668915,323358.74285200104,179757.28304450327,-6176.1252528121804,-0.48647888674711887,0.9201809561761668,-0.0047505723123213196
2433599.9999664724,322478.90170792659,181411.25691804168,-6184.6024827075889,-0.49112004349980098,0.91756399136988853,-0.0046685492688048448
2435399.9999669963,321590.7191554145,183060.49975425767,-6192.9319487299299,-0.49574710007043155,0.91492426096118928,-0.0045863904735950062
2437199.9999668915,320694.22067169938,184704.97064799877,-6201.1134078490431,-0.50035994963675068,0.91226184747995576,-0.0045040974027459792
2438999.9999667867,319789.43192476867,186344.62884500468,-6209.1466196960037,-0.50495848589315118,0.90957683386500476,-0.0044216715261260744
2440799.9999666819,318876.37877405615,187979.43373965929,-6217.0313465372956,-0.50954260304261301,0.90686930346541317,-0.0043391143077184642
2442599.9999668915,317955.08726850839,189609.34487756359,-6224.7673532732806,-0.51411219580215972,0.90413934003407481,-0.0042564272056812933
2444399.9999664724,317025.58364679321,191234.3219542483,-6232.3544074183046,-0.51866715939748786,0.90138702772764101,-0.0041736116726019635
2446199.9999663676,316087.89433497278,192854.32481837811,-6239.7922791024694,-0.52320738957017765,0.8986124510989677,-0.0040906691555241907
2447999.9999662628,315142.04594674922,194469.31347040797,-6247.0807410521893,-0.52773278257215583,0.89581569509721337,-0.0040076010962059724
2449799.9999664724,314188.06528182188,196079.24806454242,-6254.2195685865654,-0.53224323516941197,0.89299684506237409,-0.0039244089312090958
2451599.9999663676,313225.97932586574,197684.08890791592,-6261.208539601409,-0.53673864463792209,0.89015598672463103,-0.0038410940921316801
2453399.9999662628,312255.81524834142,199283.79646342329,-6268.047434569854,-0.54121890876979872,0.88729320619732754,-0.0037576580056517092
2455199.9999667867,311277.60040229699,200878.33134917184,-6274.7360365281384,-0.54568392586997028,0.88440858997585359,-0.0036741020937449131
2456999.9999666819,310291.36232391139,202467.65433842549,-6281.2741310642805,-0.55013359475424073,0.88150222493578245,-0.0035904277738781258
2458799.9999662628,309297.12873064296,204051.72636180202,-6287.6615063164727,-0.55456781475365691,0.87857419832692751,-0.0035066364590840039
2460599.9999667867,308294.92752017063,205630.50850811831,-6293.8979529656917,-0.55898648571508236,0.87562459776977175,-0.003422729558105513
2462399.9999666819,307284.78677122545,207203.96202229586,-6299.9832642173042,-0.56338950799354726,0.8726535112574676,-0.0033387084756968735
2464199.9999665772,306266.73474032641,208772.04830971116,-6305.9172358084379,-0.56777678246263508,0.86966102714582427,-0.0032545746125817892
2465999.999967101,305240.79986209486,210334.7289348793,-6311.6996659931092,-0.57214821050900544,0.86664723415384504,-0.0031703293657118297
2467799.9999673106,304207.01074886596,211891.96562131416,-6317.3303555328084,-0.57650369403021617,0.86361222136221671,-0.0030859741284637358
2469599.9999675201,303165.39618868881,213443.72025382065,-6322.8091076962828,-0.58084313543934141,0.8605560782070969,-0.0030015102907046017
2471399.9999677297,302115.98514466407,214989.95487871653,-6328.1357282517401,-0.58516643766380649,0.85747889447784897,-0.0029169392389675874
2473199.9999679392,301058.80675426888,216530.63170409243,-6333.3100254596784,-0.58947350414432498,0.85438076031477084,-0.0028322623566255636
2474999.9999681488,299993.89032852207,218065.71310032115,-6338.331810066994,-0.59376423883453233,0.85126176620637284,-0.0027474810240511473
2476799.9999686726,298921.26535043755,219595.16160157544,-6343.2008953046379,-0.59803854620344921,0.84812200298460461,-0.0026625966187201287
2478599.9999688822,297840.96147513739,221118.93990496025,-6347.9170968777789,-0.60229633123126614,0.84496156182495374,-0.002577610515446329
2480399.9999687774,296753.00852808659,222637.010872338,-6352.4802329650602,-0.60653749941266721,0.84178053424108101,-0.0024925240864666644
2482199.999968987,295657.4365038033,224149.3375314186,-6356.8901242153643,-0.61076195675809419,0.83857901208087127,-0.0024073387015654773
2483999.9999691965,294554.27556615294,225655.88307466544,-6361.1465937385283,-0.61496960978891235,0.83535708752713544,-0.0023220557283209447
2485799.9999690917,293443.55604682839,227156.61086073652,-6365.2494671040831,-0.61916036553966547,0.83211485309303901,-0.0022366765322091049
2487599.9999686726,292325.3084442445,228651.48441532248,-6369.1985723382541,-0.62333413155864403,0.82885240161875762,-0.0021512024767405134
2489399.9999682535,291199.56342272804,230140.46743157125,-6372.9937399200853,-0.6274908159073046,0.82556982626903053,-0.0020656349236192325
2491199.9999684631,290066.35181104194,231623.52377138732,-6376.6348027800295,-0.6316303271621353,0.82226722052878631,-0.0019799752328509188
2492999.9999683583,288925.70460327849,233100.61746362731,-6380.1215962912192,-0.63575257440785693,0.81894467820570982,-0.0018942247630291738
2494799.9999682535,287777.65295584954,234571.71270741828,-6383.453958273758,-0.63985746724493531,0.81560229342143897,-0.0018083848713258933
2496599.9999681488,286622.22818791511,236036.7738709604,-6386.6317289881354,-0.64394491578448565,0.81224016061282012,-0.0017224569137411
2498399.9999683583,285459.46177923225,237495.76549365683,-6389.6547511366362,-0.64801483065247467,0.80885837452566522,-0.0016364422451588193
2500199.9999682535,284289.38537094096,238948.65228451256,-6392.5228698569663,-0.65206712298351044,0.80545703021708437,-0.0015503422196202908
2501999.9999687774,283112.03076263983,240395.39912519895,-6395.2359327259246,-0.65610170442765958,0.80203622304704325,-0.0014641581903221681
2503799.9999683583,281927.42991409957,241835.97106734916,-6397.7937897518977,-0.66011848714117394,0.79859604868342848,-0.0013778915099550797
2505599.9999682535,280735.61494095897,243270.33333725136,-6400.1962933815794,-0.66411738379785912,0.79513660308965239,-0.0012915435306010293
2507399.9999681488,279536.61811639048,244698.45133321272,-6402.4432984933146,-0.66809830758000299,0.79165798252961861,-0.0012051156040665679
2509199.999968044,278330.47186929389,246120.29062718406,-6404.5346623986816,-0.67206117218120009,0.78816028356262657,-0.0011186090819611054
2510999.9999676249,277117.20878375799,247535.81696484034,-6406.4702448416247,-0.67600589180486925,0.78464360304197922,-0.0010320253158669632
2512799.9999681488,275896.86159683077,248944.99626763086,-6408.2499080005155,-0.67993238116827381,0.78110803810870733,-0.00094536565738761406
2514599.999968044,274669.46320029581,250347.79463017435,-6409.8735164843938,-0.6838405554935737,0.777553686196927,-0.00085863145848068213
2516399.9999679392,273435.04663666722,251744.17832434981,-6411.3409373380828,-0.68773033051754218,0.773980645022464,-0.00077182407137844911
2518199.9999678344,272193.64510033355,253134.11379742922,-6412.6520400400459,-0.69160162248468871,0.77038901258642034,-0.00068494484887376267
2519999.9999677297,270945.29193574889,254517.5676736061,-6413.8066965046019,-0.69545434814985108,0.7667788871702057,-0.00059799514439561735
2521799.9999676249,269690.02063658187,255894.50675441191,-6414.8047810830449,-0.69928842477769759,0.76315036733337172,-0.00051097631215191728
2523599.9999678344,268427.86484508123,257264.89801890592,-6415.6461705649062,-0.7031037701416053,0.75950355191207364,-0.00042388970728564948
2525399.9999674154,267158.8583518719,258628.70862341084,-6416.3307441794768,-0.706900302521285,0.75583854001881756,-0.00033673668605994629
2527199.9999669963,265883.03509305825,259985.90590414908,-6416.8583835990603,-0.71067794070848544,0.75215543103443117,-0.00024951860585649654
2528999.9999665772,264600.42915086338,261336.45737603548,-6417.22897294018,-0.71443660400200926,0.74845432461028405,-0.0001622368254172668
2530799.9999661581,263311.0747523334,262680.33073357865,-6417.4423987663722,-0.71817621220860994,0.74473532066492509,-7.489270495124915e-05
2532599.9999663676,262015.00626785497,264017.49385194411,-6417.4985500909643,-0.72189668564434306,0.74099851938021177,1.2512393771384634e-05
2534399.9999668915,260712.25821182903,265347.91478578642,-6417.3973183799317,-0.72559794512972142,0.73724402120367294,9.9977107180772363e-05
2536199.999967101,259402.8652404701,266671.56177107122,-6417.1385975554485,-0.72927991199319886,0.73347192684259865,0.00018750006986430914
2537999.9999669963,258086.86215103805,267988.40322538285,-6416.7222839992446,-0.73294250807045103,0.72968233726228737,0.00027507991442728624
2539799.9999668915,256764.28388066855,269298.40774863597,-6416.1482765561013,-0.73658565570478796,0.72587535368315137,0.00036271527138115637
2541599.9999667867,255435.1655061123,270601.54412288213,-6415.4164765379664,-0.74020927774506184,0.72205107758045461,0.00045040476897290131
2543399.9999666819,254099.54224245434,271897.78131313599,-6414.5267877280276,-0.74381329754641767,0.71820961068114497,0.00053814703308307805
2545199.9999668915,252757.44944201526,273187.0884680028,-6413.4791163848677,-0.74739763897050426,0.71435105496120921,0.00062594068711258879
2546999.999967101,251408.92259432349,274469.43491927738,-6412.2733712477675,-0.75096222638283849,0.71047551264614617,0.00071378435180060088
2548799.9999666819,250053.99732468155,275744.79018291063,-6410.9094635413148,-0.75450698465397614,0.70658308620739363,0.00080167664513603853
2550599.9999662628,248692.70939232173,277013.12396031828,-6409.3873069794308,-0.75803183916165173,0.70267387835761519,0.00088961618229556393
2552399.9999661581,247325.09469066781,278274.40613770625,-6407.7068177716446,-0.76153671578740834,0.69874799205204141,0.00097760157544624559
2554199.999965739,245951.18924661956,279528.60678634094,-6405.867914629046,-0.76502154091587737,0.69480553048702598,0.0010656314336134776
2555999.9999656342,244571.02921844015,280775.69616408926,-6403.8705187684563,-0.76848624143758548,0.6908465970946055,0.0011537043626393872
2557799.9999658437,243184.65089582468,282015.64471494261,-6401.714553919528,-0.77193074474617973,0.68687129554333737,0.0012418189650021676
2559599.999965739,241792.09069896716,283248.42306947592,-6399.399946331002,-0.77535497873825987,0.68287972973628064,0.0013299738397012644
2561399.9999662628,240393.38517662603,284474.00204617629,-6396.9266247753012,-0.77875887181563586,0.67887200380612223,0.0014181675822068469
2563199.9999658437,238988.57100760716,285692.35264976107,-6394.2945205592641,-0.78214235287924205,0.67484822212011142,0.0015063987841944381
2564999.9999660533,237577.68499598879,286903.44607496751,-6391.5035675238914,-0.78550535133825472,0.67080848926708303,0.0015946660336752592
2566799.9999656342,236160.76407459512,288107.25370316254,-6388.5537020594757,-0.78884779709927888,0.66675291006812332,0.0016829679146087974
2568599.9999658437,234737.84530008593,289303.74710619129,-6385.4448631048699,-0.79216962057566132,0.66268158956324053,0.0017713030070426548
2570399.999965739,233308.96585537528,290492.89804394741,-6382.1769921616878,-0.79547075267937295,0.65859463301903487,0.0018596698867951603
2572199.9999653199,231874.16304688016,291674.67846634821,-6378.7500332980499,-0.79875112482513755,0.65449214592158478,0.0019480671254621059
2573999.9999655294,230433.47430300363,292849.06051421107,-6375.1639331545693,-0.8020106689315234,0.6503742339728833,0.0020364932903462552
2575799.9999651103,228986.93717626034,294016.01651717274,-6371.418640959776,-0.80524931741383665,0.64624100309770094,0.0021249469441650725
2577599.9999653199,227534.58933810875,295175.51899754902,-6367.5141085275509,-0.80846700319352516,0.64209255942961851,0.0022134266452072198
2579399.9999652151,226076.4685821629,296327.54066739604,-6363.4502902760178,-0.81166365968871623,0.63792900932101482,0.0023019309469769194
2581199.9999654246,224612.61282022347,297472.05443135503,-6359.2271432279367,-0.81483922082082105,0.63375045933256013,0.0023904583982784122
2582999.9999653199,223143.06008357057,298609.03338529286,-6354.8446270254681,-0.8179936210094948,0.62955701623774529,0.0024790075429813219
2584799.9999645865,221667.84852072521,299738.45081773947,-6350.3027039352964,-0.8211267951753578,0.62534878701734431,0.0025675769200015509
2586599.999964796,220187.01639563023,300860.28021093825,-6345.6013388545834,-0.82423867874166612,0.62112587885509085,0.0026561650632569021
2588399.9999653199,218700.60208948588,301974.49523912562,-6340.7404993286254,-0.82732920762830719,0.61688839914379312,0.0027447705014050803
2590199.9999649008,217208.64409914525,303081.06976947852,-6335.7201555585643,-0.83039831825320964,0.61263645548164225,0.0028333917577906776
2591999.9999654246,215711.18103262043,304179.97786513128,-6330.5402803986944,-0.83344594753950541,0.60837015566030506,0.0029220273505631295
