0,42164169,0,0,0,3074.6601211140783,0
900,42073395.217665821,2765208.8401536844,0.48798442328831365,-201.64710185188113,3068.042734696015,0.0011578892702354938
1800,41801464.724332795,5518513.5396785485,2.2162458442233239,-402.42596916662978,3048.2159687189646,0.002755795474484732
2700,41349548.353121735,8248059.8088023737,5.5791773309851447,-601.47215164860449,3015.2651701158352,0.0047894333893691108
3600,40719591.869235612,10942095.630064406,10.965457330579611,-797.92864587622603,2969.3321827189234,0.0072503667536350062
4500,39914307.605717368,13589021.850459769,18.754257460419964,-990.94958223552555,2910.6147402384213,0.010125887830657812
5400,38937162.800923459,16177442.119106334,29.3113551244974,-1179.7038649088386,2839.3656193773868,0.013398927192326004
6300,37792364.68695239,18696211.956022363,42.985180479972179,-1363.3787494191949,2755.8915565039665,0.017047998932914709
7200,36484842.392123774,21134486.741124123,60.102832047901778,-1541.1833424478475,2660.5519322830351,0.02104718667196695
8100,35020225.73423814,23481768.416953243,80.966100083911186,-1712.3520089173135,2553.7572296428775,0.02536617566820247
9000,33404820.994709153,25727950.703916084,105.84754151371799,-1876.1476716664927,2435.967271415514,0.029970336101538618
9900,31645583.776692487,27863362.632950321,134.98665457327911,-2031.8649894392547,2307.6892449387278,0.034820862053096847
10800,29750089.062985651,29878810.207514223,168.58620502639857,-2178.8333993647361,2169.4755218402515,0.039874969900271853
11700,27726498.601683509,31765616.014604546,206.80875870217676,-2316.4200106276721,2021.9212821357019,0.04508615873792797
12600,25583525.759287387,33515656.61312747,249.7734768401086,-2444.0323366113894,1865.6619526570494,0.05040453404850484
13500,23330397.992124371,35121397.537349284,297.55323111154803,-2561.1208534450407,1701.3704706822825,0.055777194207264985
14400,20976817.097478501,36575925.763307348,350.17209400261191,-2667.1813736001595,1529.7543844537058,0.06114867758003624
15300,18532917.415710241,37872979.496932507,407.6032573562278,-2761.7572239586375,1351.5528030456967,0.066461466028255756
16200,16009222.163787685,39006975.154177934,469.76742721944197,-2844.4412186129189,1167.5332087663201,0.071656538675468007
17100,13416598.089018755,39973031.415620416,536.5317367584197,-2914.8774175566341,978.4881459442953,0.076673967919440852
18000,10766208.639306661,40766990.250743218,607.70921101896386,-2972.7626633759792,785.2318005570155,0.081453548004955606
18900,8069465.8529044669,41385434.820365854,683.05880795465691,-3017.847889053804,588.59648569054718,0.085935445110946515
19800,5337981.1763764536,41825704.179391108,762.28604973618224,-3049.9391910434565,389.42904828314914,0.09006085694072298
20700,2583515.424248524,42085904.716123924,845.04424728285721,-3068.8986628507655,188.58721298517412,0.09377266930195706
21600,-182071.90238228673,42164918.278806388,930.93630965550085,-3074.6449854724551,-13.064120733660843,0.097016097158433706
22500,-2946873.7182299164,42062406.954633489,1019.5171188691151,-3067.1537721692448,-214.65661188640019,0.099739298129136206
23400,-5698986.6553872386,41778814.481285632,1110.2964402600956,-3046.4576661933638,-415.32222521236372,0.10189394736806211
24300,-8426562.3415469155,41315364.2858584,1202.7423291667894,-3012.6461912344075,-614.19697585705489,0.10343576411588505
25200,-11117858.432642754,40674054.16090861,1296.2849866755337,-2965.8653554858843,-810.42465503345466,0.10432498188316104
26100,-13761289.178998651,39857647.602090575,1390.3210107803829,-2906.3170113593624,-1003.1605203446675,0.10452675609955547
27000,-16345475.306394694,38869661.846453041,1484.2179846392087,-2834.2579739762841,-1191.5749346649316,0.10401150503346368
27900,-18859292.996763229,37714352.664832711,1577.319340718406,-2749.9989026425274,-1374.8569377713113,0.10275518174389513
28800,-21291921.757483393,36396695.97584641,1668.9494384475254,-2653.9029505517497,-1552.2177352875269,0.10073947667540481
29700,-23632890.973417997,34922366.362686433,1758.4187934190165,-2546.3841889653891,-1722.8940899394422,0.097951952168396333
30600,-25872124.941894472,33297712.587203056,1845.0293979711746,-2427.9058130757949,-1886.1516006234897,0.094386111574621817
31500,-27999986.197731409,31529730.208558846,1928.0800759472606,-2298.9781376710121,-2041.2878553494818,0.090041406806397273
32400,-30007316.943111114,29626031.426012151,2006.8718182728358,-2160.1563915827483,-2187.6354447325439,0.084923188995991938
33300,-31885478.405551098,27594812.277085569,2080.7130504764837,-2012.0383207111836,-2324.5648233701609,0.079042607505373216
34200,-33626387.956387915,25444817.333458997,2148.9247881494794,-1855.2616101803339,-2451.4870071447144,0.072416462828037167
35100,-35222553.832007162,23185302.047358904,2210.8456413761742,-1690.5011368849048,-2567.8560952348698,0.065067018997800416
36000,-36667107.31048663,20825992.910962958,2265.8366341805759,-1518.4660643436011,-2673.171606396515,0.057021781003289224
36900,-37953832.207317531,18377045.600373272,2313.285809874691,-1339.8967923746079,-2766.9806198819465,0.048313242444246576
37800,-39077191.565383017,15849001.284005623,2352.6125977477204,-1155.5617746565129,-2848.879712201152,0.038978608298337082
38700,-40032351.426356949,13252741.282773597,2383.2719207253963,-966.25421773246558,-2918.5166817883396,0.029059497233202124
39600,-40815201.58309029,10599440.276195109,2404.7580274113193,-772.78867545707431,-2975.5920545175759,0.018601627431726844
40500,-41422373.225331329,7900518.2544955406,2416.6080352803306,-575.99755327457592,-3019.8603639110388,0.0076544894263239644
41400,-41851253.404230826,5167591.4219115553,2418.4051747333924,-376.72753705328472,-3051.1312007997803,-0.0037289910173139637
42300,-42099996.254467428,2412422.2606976973,2409.7817262662365,-175.83596148513462,-3069.2700281279708,-0.015492797350373917
43200,-42167530.926444516,-353131.03120773751,2390.4216451842944,25.812866709830445,-3074.1987575353924,-0.027578171789007504
44100,-42053566.194809444,-3117165.5133013604,2360.0628701551877,227.35137535631216,-3065.896085307666,-0.039923968057297254
45000,-41758591.723482482,-5867784.6691251043,2318.4993134720798,427.91244763198927,-3044.3975862473872,-0.05246700570422274
45900,-41283875.98140534,-8593149.5482100546,2265.5825322516398,626.63314149922383,-3009.7955649901523,-0.065142424606404209
46800,-40631460.817281574,-11281529.66520565,2201.2230809526332,822.65839213341428,-2962.2386652652735,-0.077884038454563528
47700,-39804152.715630487,-13921353.438936351,2125.3915466154526,1015.1446817622002,-2901.9312385797248,-0.090624686165175231
48600,-38805510.770463839,-16501257.955899261,2038.1192691249873,1203.2636614276178,-2829.1324747830258,-0.10329658026541101
49500,-37639831.426768117,-19010137.84536808,1939.4987496201097,1386.2057093390895,-2744.1552979478738,-0.11583165137432401
50400,-36312130.053681731,-21437193.056798007,1829.6837509386385,1563.1834106997203,-2647.3650319733715,-0.12816188795215921
51300,-34828119.426743492,-23771975.334626872,1708.8890947178863,1733.4349441627401,-2539.1778412816252,-0.1402196705178857
52200,-33194185.20980132,-26004433.190830946,1577.3901604841203,1896.2273604097941,-2420.0589529307645,-0.15193809954772458
53100,-31417358.540054094,-28124955.181707699,1435.5220927713981,2050.8597387387863,-2290.520667404362,-0.1632513162689771
54000,-29505285.832199298,-30124411.302306097,1283.6787230194823,2196.6662080064493,-2151.1201662547574,-0.17409481555789913
54900,-27466195.929719601,-31994192.319688983,1122.3112137165908,2333.0188187898329,-2002.4571256716079,-0.18440575014127039
55800,-25308864.742907148,-33726246.87476816,951.92643297761947,2459.3302542111182,-1845.1711459125688,-0.19412322529131462
56700,-23042577.524240486,-35313116.191773258,773.08506848155787,2575.0563675109183,-1679.939007365607,-0.20318858319567454
57600,-20677088.942141917,-36747966.244468652,586.399490430627,2679.6985351552494,-1507.471764807178,-0.21154567617972206
58500,-18222581.123899598,-38024617.238982372,392.53137393410861,2772.8058150190277,-1328.5116921724143,-0.21914112795952079
59400,-15689619.84758837,-39137570.284515977,192.18909195644454,2853.9769000020015,-1143.8290908575475,-0.22592458211137526
60300,-13089109.071117183,-40082031.135219887,-13.875109304336945,2922.8618582986551,-954.21897522612528,-0.23184893695896563
61200,-10432243.994023623,-40853930.899094582,-224.8681400326,2979.163652458536,-760.49764958437049,-0.23687056610244644
62100,-7730462.8542841757,-41449943.622861393,-439.95928814578917,3022.6394303336392,-563.49919142268345,-0.24094952384562923
63000,-4995397.6681744996,-41867500.675277866,-658.28361846834036,3053.1015820105308,-364.07185618551785,-0.24404973481820341
63900,-2238824.1260618158,-42104801.865292095,-878.9455352062206,3070.4185578618117,-163.07441922677984,-0.24613916713946998
64800,527389.1390877727,-42160823.245672077,-1101.0224926369365,3074.5154439187681,38.627529070986981,-0.24718998852845514
65700,3291331.6907755793,-42035321.567242198,-1323.5688384237255,3065.3742918588268,240.16531879095791,-0.24717870483220367
66600,6041102.6139613818,-41728835.363539949,-1545.6197735205635,3043.0342020114113,440.67095020189538,-0.24608628051938036
67500,8764861.8033977803,-41242682.660499275,-1766.1954122637974,3007.5911589074281,639.28084123094993,-0.24389824076929589
68400,11450880.992805898,-40578955.320599616,-1984.3049259534764,2959.1976200242434,835.13955621403318,-0.24060475487687358
69300,14087594.303483751,-39740510.045718238,-2198.9507530192186,2898.0618595026681,1027.4034995277975,-0.23620070079133484
70200,16663648.093040397,-38730956.077612959,-2409.1328587473249,2824.4470697283832,1215.2445578683883,-0.23068571070932839
71100,19167949.88804891,-37554639.64947141,-2613.8530275230023,2738.6702247705539,1397.8536751839088,-0.22406419775174374
72000,21589716.188491609,-36216625.256217882,-2812.119170618344,2641.1007107485093,1574.4443445882046,-0.21634536386624081
72900,23918518.936909515,-34722673.82520102,-3002.949632736364,2532.1587292469108,1744.2560019805887,-0.20754318921319412
73800,26144330.451135896,-33079217.882427406,-3185.3774808065127,2412.3134809148005,1906.5573065664776,-0.19767640341113854
74700,28257566.626357522,-31293333.822592348,-3358.4547589189392,2282.0811373587203,2060.649294013861,-0.18676843913641195
75600,30249128.219968215,-29372711.403730236,-3521.2566937830966,2142.0226103695318,2205.8683885860219,-0.17484736868942768
76500,32110440.041214731,-27325620.59930497,-3672.8858356996934,1992.7411284022285,2341.5892612572629,-0.16194582425535226
77400,33833487.876938023,-25160875.951933816,-3812.4761207399283,1834.8796310537334,2467.2275215407699,-0.14810090269697315
78300,35410852.994733796,-22887798.583637405,-3939.1968406268479,1669.1179930521962,2582.2422315309209,-0.13335405582025989
79200,36835744.07554175,-20516176.027491547,-4052.2565077026293,1496.1700899797747,2686.1382314810207,-0.11775096714559741
80100,38102026.438968264,-18056220.054783762,-4150.9066033318113,1316.7807185972399,2778.4682670961947,-0.10134141629628673
81000,39204248.436495878,-15518522.680216186,-4234.4451991198894,1131.7223852213729,2858.8349096146549,-0.084179132176986915
81900,40137664.900076635,-12914010.53531725,-4302.2204414016651,941.79197612412406,2926.8922606734386,-0.06632163615424666
82800,40898257.54638724,-10253897.80700345,-4353.6338905525208,747.8073243753912,2982.347434901907,-0.047830076463852622
83700,41482752.250182971,-7549637.9441499058,-4388.1437077721794,550.60368793911516,3024.9618141529531,-0.028769055051004844
84600,41888633.113666333,-4812874.3400686309,-4405.2676830536857,351.03015415562385,3054.5520682633532,-0.0092064479932413602
85500,42114153.272527523,-2055390.2029454531,-4404.5860990443816,149.94598600258198,3070.990938226817,0.010786779442341117
86400,42158342.393260106,710942.17045789259,-4385.7444263900315,-51.783074276423605,3074.2077786621471,0.031136762202146867
87300,42021010.830450796,3474212.5001748931,-4348.4558468829646,-253.28852845146591,3064.1888574610166,0.051766928602361761
88200,41702750.426932231,6222523.7883641832,-4292.5036012613709,-453.70285669480631,3040.9774115020818,0.072598196785493063
89100,41204931.953918651,8944043.5249320306,-4217.7431587786341,-652.1632472629077,3004.6734583177094,0.093549174335807977
90000,40529699.202463865,11627054.614126686,-4124.1042056273964,-847.81530569764652,2955.4333645940828,0.1145363612803047
90900,39679959.751738369,14260005.804021519,-4011.592448913289,-1039.8167278698261,2893.4691733727227,0.13547435712285699
91800,38659372.453666851,16831561.40292608,-3880.2912320840555,-1227.3409213406489,2819.0476927995737,0.15627607302424856
92700,37472331.68735043,19330650.069761775,-3730.362956496429,-1409.580559723644,2732.4893502350551,0.17685295073778659
93600,36123948.450370304,21746512.469301526,-3562.0503021253785,-1585.7510549901529,2634.166816493123,0.19711519041944658
94500,34620028.367483519,24068747.587888468,-3375.6772382871804,-1755.0939329754631,2524.5034059178179,0.21697198992961361
95400,32967046.710328776,26287357.510803442,-3171.649812682937,-1916.8800977100195,2403.971258930153,0.23633179869912824
96300,31172120.534512963,28392790.468830068,-2950.4567041264818,-2070.4129706210542,2273.0893145845776,0.25510258961006177
97200,29242978.052798547,30375981.96875171,-2712.6695210876487,-2215.0314911247683,2132.4210815603992,0.27319215260199797
98100,27187925.375009879,32228393.830487948,-2458.9428247835758,-2350.1129656584985,1982.572216876817,0.29050841381485976
99000,25015810.756673124,33942050.962316744,-2190.013852149023,-2475.0757527865753,1824.1879224576157,0.30695978397981433
99900,22735986.509250533,35509575.715107851,-1906.701910809008,-2589.3817726534348,1657.9501704795166,0.32245553943293542
100800,20358268.735074546,36924219.666684993,-1609.9074153894824,-2692.5388297532222,1484.5747692127109,0.3369062385257055
101700,17892895.059681088,38179892.698306166,-1300.6105323800434,-2784.1027387366835,1304.808281798621,0.35022417532647454
102600,15350480.543133536,39271189.236767806,-979.86939955798209,-2863.6792437830341,1119.4248111034731,0.36232387135101496
103500,12741971.960070476,40193411.547757246,-648.81788593529677,-2930.92572292567,929.22266443140995,0.37312260465083597
104400,10078600.64555319,40942589.978753462,-308.66285950899578,-2985.5526696340921,735.02091247193084,0.38254097397037323
105300,7371834.1102867611,41515500.062957384,39.31906706104445,-3027.3249449175714,537.65585738756749,0.39050349392520883
106200,4633326.6343990136,41909676.409362577,393.78533826362354,-3056.0627942250462,337.97742541311584,0.39693921533968768
107100,1874869.053644801,42123423.318094552,753.33182437574101,-3071.6426244658246,136.84549973184824,0.40178236311460647
108000,-891662.04437502753,42155822.074484341,1116.4977686603524,-3073.9975375610534,-64.873790288223503,0.40497298238165386
108900,-3654355.4936589622,42006734.889929883,1481.771315901341,-3063.1176180498624,-266.31180717819257,0.40645758234801976
109800,-6401316.8708744198,41676805.472361185,1847.5956150389381,-3039.0499734090035,-466.60115430017834,0.40618976623690023
110700,-9120719.7413203269,41167456.223986275,2212.3754779446331,-3001.8985268924184,-664.8794190902413,0.40413083516342752
111600,-11800856.607395384,40480882.078874022,2574.4845653539646,-2951.8235638487604,-860.29289409875719,0.40025035369833578
112500,-14430189.338563712,39620041.007748641,2932.2730600991908,-2889.0410336214504,-1052.0002594271218,0.39452666527917002
113400,-16997398.864214618,38588641.232047625,3284.0757774907938,-2813.8216102684983,-1239.1762103598503,0.3869473465117973
114300,-19491433.91422838,37391125.203753799,3628.2206533946051,-2726.4895164493782,-1421.0150142769003,0.37750959071294155
115200,-21901558.596460797,36032650.421676017,3963.0375425887769,-2627.4211159056281,-1596.7339812989994,0.36622051269843153
116100,-24217398.605714928,34519067.168650843,4286.8672536304803,-2517.0432810032048,-1765.5768335644843,0.35309736872417691
117000,-26428985.8650418,32856893.267500486,4598.0707418908451,-2395.8315428014394,-1926.8169585545595,0.33816768752828169
117900,-28526801.40736033,31053285.966449026,4895.0383797042014,-2264.3080320603208,-2079.7605324690544,0.32146931049420618
118800,-30501816.313363031,29116011.077010188,5176.1992217038387,-2123.0392204903587,-2223.7495003005502,0.30305034095336064
119700,-32345530.53042797,27053409.499066189,5440.0301842754761,-1972.6334723840826,-2358.1643999547528,0.28296900448469142
120600,-34050009.406735979,24874361.278910607,5685.0650604759285,-1813.7384175430816,-2482.4270185127752,0.26129342368093622
121500,-35607917.784940101,22588247.356389936,5909.9032955117482,-1647.0381571278954,-2596.0028695203737,0.2381013121913359
122400,-37012551.510496803,20204909.166913144,6113.2184526943693,-1473.2503147094599,-2698.4034810142093,0.21347959389622595
123300,-38257866.221089147,17734606.272976607,6293.7663054173836,-1293.1229453903338,-2789.1884848504378,0.18752395381856679
124200,-39338503.295395702,15187972.20794866,6450.3924968768824,-1107.4313163920415,-2867.9674987813287,0.16033832784559268
125100,-40249812.851730756,12575968.722152766,6582.0397157368807,-916.97457297265271,-2934.4017936267978,0.13203433855051835
126000,-40987873.699747249,9909838.6277639754,6687.7543425176627,-722.57230394729481,-2988.2057388057337,0.10273068440504252
126900,-41549510.161401518,7201057.4446768686,6766.6925279807447,-525.06102143500846,-3029.1480204234917,0.072552489501733902
127800,-41932305.690676384,4461284.0543031152,6818.1256710633388,-325.29056974949907,-3057.0526270539694,0.041630620602703727
128700,-42134613.235096648,1702310.5722051421,6841.445269878529,-124.12047859011338,-3071.7995993048771,0.010100977938151817
129600,-42155562.295798779,-1063988.3464371806,6836.1671248804114,77.583724126141021,-3073.3255402109721,-0.021896234268332516
130500,-41995062.656786129,-3825706.5523022087,6801.9348784618378,278.9542243197094,-3061.6238844603831,-0.054217252040899833
131400,-41653804.767964847,-6570957.5807576142,6738.5228799967363,479.12464314075919,-3036.7449254220455,-0.086715505620910405
132300,-41133256.780566275,-9287925.7459650077,6645.8383696692936,677.23375212303324,-2998.7955999061246,-0.11924237857537523
133200,-40435658.247571066,-11964916.932548402,6523.9229783726751,872.42916655056979,-2947.9390315527357,-0.15164796787101642
134100,-39564010.515712738,-14590408.868355567,6372.9535445438232,1063.8710015680745,-2884.3938347055878,-0.18378184111602636
135000,-38522063.849504694,-17153100.663943369,6193.2422520666214,1250.7354756982543,-2808.4331815848359,-0.21549378750269224
135900,-37314301.341458313,-19641961.407380257,5985.2360963636111,1432.2184466155409,-2720.3836365255056,-0.24663455927060865
136800,-35945919.676190838,-22046277.606774129,5749.5156885459219,1607.5388642660325,-2620.6237619922917,-0.27705660075407168
137700,-34422806.82941252,-24355699.27759511,5486.7934100385628,1775.9421267189132,-2509.5825020159673,-0.30661476228287277
138600,-32751516.795781624,-26560284.47735925,5197.9109324763785,1936.7033244858656,-2387.7373496183968,-0.3351669963774247
139500,-30939241.452273894,-28650542.096558407,4883.8361199023957,2089.1303594527394,-2255.6123056992287,-0.36257503382317285
140400,-28993779.675978407,-30617472.721848249,4545.6593324177493,2232.5669250325727,-2113.7756377443734,-0.3887050373307368
141300,-26923503.847052772,-32452607.395421058,4184.589152448154,2366.3953346713142,-1962.8374475807645,-0.41342823059340283
142200,-24737323.878895905,-34148044.103171222,3801.9475567188006,2490.0391864173671,-1803.4470582395672,-0.43662150064697886
143100,-22444648.928374179,-35696481.833682835,3399.164558875375,2602.96585190309,-1636.2902307967611,-0.45816797152425859
144000,-20055346.949115582,-37091252.060200721,2977.7723494579632,2704.6887787799378,-1462.0862228313399,-0.47795754728066836
144900,-17579702.260415886,-38326347.508554719,2539.3989616272484,2794.7695963979404,-1281.5847008725766,-0.4958874225534286
145800,-15028371.313132275,-39396448.085453577,2085.761492656387,2872.8200153229154,-1095.5625198940941,-0.51186255890624854
146700,-12412336.842024723,-40296943.853607357,1618.6589127323243,2938.5035121391134,-904.82038354902636,-0.52579612530788311
147600,-9742860.6013000607,-41023954.952728122,1139.9644940506521,2991.536791888007,-710.17939942253724,-0.53760990119703445
148500,-7031434.8865742385,-41574348.378547251,651.6178945301009,3031.6910214423478,-512.47754410071821,-0.54723464070050543
149400,-4289733.0520567717,-41945751.545518212,155.61693170752079,3058.7928281044442,-312.5660533139278,-0.55461039669567969
150300,-1529559.2364417152,-42136562.572787337,-345.99091650789808,3072.7250587443336,-111.30575280379512,-0.55968680354377165
151200,1237202.4852686028,-42145957.247248597,-851.11724655132457,3073.4272958520723,90.436654117405169,-0.56242331746685781
152100,3998639.3040042408,-41973892.631986022,-1357.6416608654731,3060.8961279631922,291.79232610183601,-0.56278941369832247
153000,6742861.0111388359,-41621107.30308003,-1863.42085727726,3035.1851730214526,491.89403401578033,-0.56076473970413998
153900,9458051.2426880766,-41089118.212541178,-2366.2978363014281,2996.4048543620443,689.87990543740034,-0.55633922394909108
154800,12132518.410833489,-40380214.189962916,-2864.1111861942686,2944.7219301246491,884.89714693089081,-0.54951313986773742
155700,14754746.101645317,-39497446.110280968,-3354.7044053608802,2880.3587780324488,1076.1057277025793,-0.5402971248933186
156600,17313442.720125522,-38444613.769716375,-3835.9352216767675,2803.5924385932976,1262.6820084042367,-0.52871215459762533
157500,19797590.166941807,-37226249.526487663,-4305.6848684243159,2714.753420885896,1443.8222990904471,-0.51478947220010685
158400,22196491.335460726,-35847598.777132712,-4761.8672768709966,2614.2242761799903,1618.746330658993,-0.49857047391370413
159300,24499816.222890858,-34314597.353210144,-5202.4381460321447,2502.4379456987394,1786.7006245037605,-0.48010655080679682
160200,26697646.455488671,-32633845.936684933,-5625.4038508684662,2379.875889856969,1946.9617455859293,-0.45945888807390001
161100,28780518.034826916,-30812581.605376083,-6028.8301510677547,2247.0660072950177,2098.839424677747,-0.43669822282069687
162000,30739462.120040063,-28858646.632392704,-6410.8506636506427,2104.58035296865,2241.679536150109,-0.41190456168054823
162900,32566043.669700384,-26780454.675449055,-6769.6750639197044,1953.0326654459745,2374.8669183558727,-0.38516685978792503
163800,34252397.776494369,-24586954.503273673,-7103.5969807362053,1793.0757143978526,2497.8280244005637,-0.35658266283794349
164700,35791263.53811112,-22287591.41696215,-7411.0015537544168,1625.3984800450205,2610.0333918854726,-0.32625771415857036
165600,37176015.318667576,-19892266.534021158,-7690.3726220632343,1450.7231770397077,2710.9999210497017,-0.29430552891147943
166500,38400691.26652275,-17411294.111972719,-7940.2995156707766,1269.8021359092577,2800.2929516217268,-0.26084693771698853
167400,39460018.966415264,-14855357.096696323,-8159.4834234098844,1083.4145557721088,2877.5281296117951,-0.22600960216590193
168300,40349438.116434529,-12235461.088152235,-8346.7433131289872,892.36314255105458,2942.3730562281862,-0.1899275048341966
169200,41065120.133343898,-9562886.9227265492,-8501.0213824498587,697.47064735414301,2994.5487120773901,-0.15274041655262885
170100,41603984.603152156,-6849142.0771472249,-8621.3880209044364,499.57632006968441,3033.8306508050987,-0.1145933437993889
171000,41963712.507514402,-4105911.1037249546,-8707.0462668879973,299.53229352881027,3060.0499573463289,-0.07563595917698035
171900,42142756.170474365,-1345005.3105622595,-8757.3357455627174,98.199913827582208,3073.0939669739919,-0.036022018000175883
172800,42140345.884174757,1421688.0966576803,-8771.7360765879494,-103.55396742811067,3072.9067423612019,0.0040912359435197401
173700,41956493.186401598,4182257.1926466897,-8749.8697433111101,-304.86072308638268,3059.4893068992519,0.04454367240064603
174600,41591990.777133092,6924816.6104747951,-8691.5044177916971,-504.85368671249699,3032.8996335366692,0.085172881407514681
175500,41048409.075577267,9637558.6995409336,-8596.5547387115439,-702.67187926353995,2993.2523894214587,0.12581478186430661
176400,40328089.433448628,12308804.344279032,-8465.0835418037495,-897.46371036917844,2940.7184376355849,0.16630422913513906
177300,39434134.034400322,14927053.225935938,-8297.3025448629814,-1088.3906385541527,2875.5240983050176,0.20647561907544421
178200,38370392.523540758,17481033.312254515,-8093.572491629704,-1274.6307749362445,2797.9501723479389,0.24616348614017794
179100,37141445.424773812,19959749.363265943,-7854.4027608160113,-1455.3824151867104,2708.3307320857484,0.28520309354048701
180000,35752584.417259067,22352530.245623093,-7580.4504482056755,-1629.8674848470257,2607.051683884441,0.32343101379154449
180900,34209789.555546544,24649074.852974415,-7272.5189310611058,-1797.3348834547944,2494.5491089159691,0.36068569842908793
181800,32519703.530851942,26839496.435764767,-6931.5559249547077,-1957.0637133416299,2371.3073890287078,0.39680803615928584
182700,30689603.083458878,28914365.15053571,-6558.6510435677974,-2108.3663794256854,2237.8571255915035,0.43164189923705726
183600,28727367.688318554,30864748.646260127,-6155.0328719355921,-2250.591546830532,2094.7728600253258,0.46503467842440832
184500,26641445.64752169,32682250.513460584,-5722.065563046679,-2383.1269437196538,1942.6706055584864,0.49683780744285377
185400,24440817.734398138,34359046.430802122,-5261.244966636752,-2505.4019973414879,1782.2052005337641,0.52690727837444151
186300,22134958.544513676,35887917.853490487,-4774.1942974832045,-2616.8902919334355,1614.0674943563499,0.55510414995180801
187200,19733795.718738027,37262283.098116145,-4262.65934857511,-2717.1118378342708,1438.9813778977139,0.58129505107162149
188100,17247667.212810487,38476225.689531058,-3728.5032523032164,-2805.6351419026432,1257.7006708594331,0.60535268212701043
189000,14687276.796387289,39524519.846893743,-3173.7007904243387,-2882.0790701344595,1071.005879249308,0.6271563168426425
189900,12063647.972376166,40402652.998130441,-2600.3322511777633,-2946.1144942131705,879.70083672604142,0.64659230717241445
190800,9388076.514407495,41106845.224694625,-2010.5768297731429,-2997.4657146134332,684.6092441242439,0.66355459345314893
191700,6672081.8265175261,41634065.551618017,-1406.7055667584523,-3035.9116538087032,486.57112197401665,0.67794522137790381
192600,3927357.3344895667,41982045.011383772,-791.07381775376609,-3061.2868141050058,286.43919127419286,0.6896748664541551
193500,1165720.1227769586,42149286.424062297,-166.11324793860058,-3073.4819956336619,85.075198160473036,0.6986633654591442
194400,-1600939.9655159069,42135070.850374602,465.67665427762586,-3072.4447710814443,-116.65380157567441,0.70484025303247289
195300,-4360711.5455210824,41939460.688822366,1101.737547617322,-3058.1797148130768,-317.87918191923717,0.70814530001106757
196200,-7101713.0026733875,41563299.402683079,1739.4616917628014,-3030.7483851428387,-517.73449365144825,0.70852904849210441
197100,-9812143.6776499823,41008207.877439871,2376.2018788426699,-2990.2690596328853,-715.3592025089041,0.70595333699898832
198000,-12480334.70227675,40276577.424025796,3009.281830119799,-2936.9162244287886,-909.90240203302824,0.70039180762819997
198900,-15094799.265916131,39371559.458034508,3636.0070375188134,-2870.9198197798055,-1100.5264847463893,0.69183038577679445
199800,-17644282.094294239,38297051.899705239,4253.6760207110528,-2792.5642450241512,-1286.4107554653078,0.68026772208908171
200700,-20117807.926182386,37057682.353950724,4859.5919608647064,-2702.1871274393316,-1466.7549708185334,0.66571558569968514
201600,-22504728.777804509,35658788.143884502,5451.0746622533406,-2600.1778604555616,-1640.7827893883789,0.6481991977428232
202500,-24794769.790272906,34106393.285141557,6025.4727831213322,-2486.9759177977107,-1807.7451173209397,0.62775749447223816
203400,-26978073.461729813,32407182.501700904,6580.1762679609856,-2363.0689511498472,-1966.923334762316,0.60444331018199671
204300,-29045242.073152747,30568472.396839097,7112.6289050719233,-2228.990679918641,-2117.6323890631634,0.57832347139527163
205200,-30987378.124922372,28598179.905206028,7620.3409263062449,-2085.3185826008889,-2259.2237413487701,0.54947879542419797
206100,-32796122.610202655,26504788.163758382,8100.9015605357963,-1932.6714001305422,-2391.0881537696528,0.51800398830653616
207000,-34463690.960888647,24297309.950358231,8551.9914488031936,-1771.7064623872579,-2512.6583055214101,0.48400743918701544
207900,-35982906.512279242,21985248.84919779,8971.3948274298455,-1603.1168497883357,-2623.4112265450185,0.44761091032263389
208800,-37347231.343669027,19578558.311805345,9357.0113855486397,-1427.6284025567056,-2722.8705386826173,0.40894912394725197
209700,-38550794.363662086,17087598.791187905,9706.8677055135468,-1245.9965908583765,-2810.6084949619385,0.36816924913912247
210600,-39588416.521129139,14523093.134645686,10019.12819824629,-1059.0032595333084,-2886.2478086082601,0.32543029352370756
211500,-40455633.035293169,11896080.427929677,10292.105450589192,-867.45326160485024,-2949.46326432969,0.28090240606229755
212400,-41148712.551377714,9217868.4896901865,10524.269907885538,-672.1709951460831,-2999.9831053842677,0.23476609829689229
213300,-41664673.141524136,6499985.220569117,10714.258822032185,-473.99685840854443,-3037.5901909107192,0.18721139223808539
214200,-42001295.084222935,3754129.0158146895,10860.884402874148,-273.78363838213033,-3062.1229189845099,0.13843690360716709
215100,-42157130.36925061,992118.45393954124,10963.141118786443,-72.392848156778996,-3073.4759118435386,0.088648869403074149
216000,-42131508.889006503,-1774158.5232989269,11020.212100391662,129.30897140077258,-3071.6004607104146,0.038060128796070458
216900,-41924541.291148134,-4532795.722442721,11031.474609405097,330.45397005615632,-3056.5047286183749,-0.013110933806721549
217800,-41537118.481480971,-7271919.8832544275,10996.504542438952,530.17671107271974,-3028.2537106236009,-0.06464147496909077
218700,-40970907.780118808,-9979741.718749376,10915.079947111562,727.61788292593963,-2986.968951756407,-0.11630529957454819
219600,-40228345.747947827,-12644606.592823481,10787.183534935528,921.92798433439486,-2932.8280240261147,-0.16787398161839248
220500,-39312627.714353777,-15255044.619574897,10613.004182153714,1112.2709672005544,-2866.0637647483259,-0.21911799126478815
221400,-38227694.050962277,-17799819.970884927,10392.937415929964,1297.8278222308654,-2786.9632794075173,-0.26980782148465976
222300,-36978213.249751523,-20267979.182136342,10127.584889094496,1477.800092231136,-2695.8667132012579,-0.31971510808143561
223200,-35569561.877279557,-22648898.250094298,9817.7528520068718,1651.4132983499944,-2593.1657963335215,-0.36861373737483683
224100,-34007801.489879273,-24932328.321945231,9464.4496350607897,1817.9202648705932,-2479.3021690320052,-0.41628093624067875
225000,-32299652.607467547,-27108439.780269135,9068.8821599490038,1976.6043285290702,-2354.765493156181,-0.4624983395933342
225900,-30452465.856044952,-29167864.535295408,8632.4515020685903,2126.7824187681776,-2220.0913581368841,-0.50705303074659991
226800,-28474190.400981858,-31101736.343144972,8156.7475304118225,2267.8079958164008,-2075.8589898420391,-0.5497385504001685
227700,-26373339.804748829,-32901728.97687228,7643.5426549878657,2399.0738340173002,-1922.6887717937443,-0.59035587027709535
228600,-24158955.453806836,-34560092.085967332,7094.7847152835147,2520.0146384209756,-1761.2395889661911,-0.62871432768718394
229500,-21840567.709878005,-36069684.589535378,6512.5890465200355,2630.1094832895174,-1592.2060051681217,-0.66463251751826991
230400,-19428154.950723249,-37424005.458610967,5899.2297635158993,2728.8840618607742,-1416.3152857538794,-0.69793913836734822
231300,-16932100.674812138,-38617221.753951818,5257.1303048342625,2815.9127374590521,-1234.3242781093927,-0.72847378972241172
232200,-14363148.852836683,-39644193.797160037,4588.8532825873708,2890.8203868363039,-1047.0161630192611,-0.75608771729838564
233100,-11732357.71684931,-40500497.365052946,3897.0896857910102,2953.2840274713417,-855.19709063397977,-0.78064450382173256
234000,-9051052.1848529987,-41182442.809809908,3184.6474875102276,3003.0342214453617,-659.69271531767231,-0.80202070275187853
234900,-6330775.1248977827,-41687091.020505428,2454.4397082091518,3039.8562494468551,-461.3446441619019,-0.82010641262661821
235800,-3583237.6681038891,-42012266.15515054,1709.4719897067996,3063.5910494344112,-261.00681439581513,-0.8348057899257878
236700,-820268.78450332303,-42156565.086247899,952.82973593897771,3074.1359154980105,-59.541815302719328,-0.84603749856457422
237600,1946235.6608625213,-42119363.517060086,187.66487832448149,3071.4449535036706,142.18282943567277,-0.85373509435573081
238500,4704364.1515582399,-41900818.740233079,-582.81767507859911,3055.5292911775941,343.29840280730059,-0.85784734301972954
239400,7442240.8414328303,-41501869.025039904,-1355.3738462738679,3026.4570413788165,542.93874262668567,-0.8583384705729874
240300,10148076.732082952,-40924229.634245068,-2126.7343885968985,2984.3530184176498,740.24398037191634,-0.85518834518705622
241200,12810220.484196905,-40170385.486366741,-2893.6190205723929,2929.3982083947026,934.36425428738494,-0.84839258988455568
242100,15417208.642256621,-39243580.493858621,-3652.7506299315764,2861.8289956552021,1124.4633804137579,-0.83796262572023217
243000,17957815.05446266,-38147803.622373275,-4400.8694851768396,2781.936148569001,1309.7224653642602,-0.82392564538594781
243900,20421099.273134768,-36887771.73072999,-5134.7473921588062,2690.0635689509941,1489.343444905677,-0.80632451747540612
244800,22796453.725214176,-35468909.265419528,-5851.201733478707,2586.6068105228669,1662.5525327226444,-0.78521762194613898
245700,25073649.447834246,-33897324.897363611,-6547.1093291496627,2472.0113728782376,1828.6035641432027,-0.76067861762090527
246600,27242880.190207861,-32179785.202138148,-7219.4200578459522,2346.7707784427193,1986.7812200799594,-0.7327961428763865
247500,29294804.690271519,-30323685.49789793,-7865.170179239738,2211.424440911936,2136.4041169914776,-0.70167345097176081
248400,31220586.942590825,-28337017.967742417,-8481.4952993682564,2066.5553345979597,2276.8277492891525,-0.66742798177190388
249300,33011934.282927208,-26228337.205175139,-9065.6429226879482,1912.7874750126257,2407.4472713015421,-0.63019087191720047
250200,34661133.124545537,-24006723.332576159,-9614.9845364503235,1750.7832218595868,2527.7001066562757,-0.59010640578303852
251100,36161082.191754103,-21681742.853175215,-10127.02717527095,1581.2404163913936,2637.0683737440781,-0.54733140985458606
252000,37505323.107258946,-19263407.406833451,-10599.424416249652,1404.8893658095212,2735.08111678465,-0.50203459341552037
252900,38688068.201624662,-16762130.608972365,-11029.986757727205,1222.4896880408246,2821.3163329144318,-0.45439583871034639
253800,39704225.4254032,-14188683.160190083,-11416.691337720345,1034.8270308109115,2895.4027866557003,-0.40460544398849668
254700,40549420.257258505,-11554146.421446538,-11757.690951250395,842.70967945141376,2957.0216040990563,-0.35286332307157686
255600,41220014.514613703,-8869864.6561519615,-12051.32232915715,646.96506832286468,3005.9076401311804,-0.29937816530262285
256500,41713121.986913823,-6147396.1460363418,-12296.113644553801,448.43621110714253,3041.8506130608534,-0.24436655993549081
257400,42026620.825466178,-3398463.3922942663,-12490.791216813346,247.97806552315396,3064.6960020329361,-0.18805208920233107
258300,42159162.6379264,-634902.61717833532,-12634.285386864003,46.453848246947246,3074.3457036667833,-0.13066439445524836
259200,42110178.249776974,2131387.2160515757,-12725.735541590135,-155.26868402628705,3070.7584454071698,-0.07243821991298291
260100,41879880.109532662,4888495.6451284997,-12764.494269263769,-356.32097135464574,3053.9499541273285,-0.013612438651931104
261000,41469261.328841746,7624551.9921906125,-12750.130632145416,-555.83738911487421,3023.9928795705819,0.045570934439365128
261900,40880091.363072321,10327776.468163827,-12682.432546664177,-752.95897236786584,2981.0164732550697,0.10486773797507397
262800,40114908.352320142,12986530.878697671,-12561.408265886155,-946.83711014468281,2925.2060244914614,0.16403266287648
263700,39177008.156991944,15589368.71417769,-12387.286963272983,-1136.6371939488854,2856.8020561727949,0.22282024991287214
264600,38070430.136150315,18125084.409178037,-12160.518420982087,-1321.5422050063294,2776.0992839856754,0.28098588129568219
265500,36799939.730600692,20582761.560439497,-11881.771830125885,-1500.7562250865983,2683.4453436602339,0.33828676176056183
266400,35371007.92620638,22951819.89704062,-11551.933714443423,-1673.5078560686413,2579.2392918200599,0.39448288474218635
267300,33789787.686085723,25222060.80184947,-11172.104992696188,-1839.0535338247475,2463.9298869106256,0.44933797947299198
268200,32063087.45312842,27383711.189576428,-10743.597198727315,-1996.6807224496763,2338.0136575735864,0.50262043512355925
269100,30198341.836622074,29427465.553767841,-10267.927881465443,-2145.7109753635941,2202.0327666930029,0.55410419845097703
270000,28203579.608660378,31344526.002858195,-9746.8152101540309,-2285.5028503666754,2056.5726801663191,0.60356964183335915
270900,26087389.14736997,33126640.113905735,-9182.1718126884389,-2415.4546663181677,1902.2596502463537,0.650804399041221
271800,23858881.474803124,34766136.441842012,-8576.0978770933361,-2535.0070897519604,1739.7580240589407,0.69560416662540181
272700,21527651.047558744,36255957.53193754,-7930.8735478252729,-2643.6455404228609,1569.7673886226485,0.73777346937681987
273600,19103734.467776664,37589690.293690205,-7248.9506497034226,-2740.9024055017485,1393.0195643804716,0.77712638892219454
274500,16597567.291063003,38761593.605444357,-6532.9437728337907,-2826.359052902309,1210.2754598965894,0.81348725514233577
275400,14019939.116110671,39766623.030709997,-5785.6207518970568,-2899.6476350262305,1022.3218009721965,0.84669130071149523
276300,11381947.148244862,40600452.539333917,-5009.8925726406142,-2960.452675056285,829.96774799062109,0.87658527962647903
277200,8694948.4358136263,41259493.139336303,-4208.8027374038511,-3008.5124288065836,634.04141581086287,0.90302805108883366
278100,5970510.9842257407,41740908.338324189,-3385.5161200977268,-3043.6200160550375,435.38631098739324,0.92589113048344407
279000,3220363.9574806429,42042626.36687921,-2543.3073393755626,-3065.6243162330575,234.85770149931537,0.94505920942391775
279900,456347.18120793113,42163349.11014349,-1685.5486769264894,-3074.4306243298706,33.318934520360813,0.96043064687209934
280800,-2309639.8354910426,42102557.707939893,-815.69756608177477,-3070.0010638809922,-168.3622819510623,0.97191793315475528
281700,-5065689.1397553142,41860514.798105396,62.716325543348034,-3052.3547549495379,-369.31761755924413,0.9794481282742844
282600,-7799935.6151802093,41438263.392230041,946.10439662142085,-3021.5677360714635,-568.68186195850546,0.98296327523478622
283500,-10500608.081046518,40837622.387613982,1830.8327734022828,-2977.7726402172843,-765.59665480021613,0.98242078819125223
284400,-13156079.989611842,40061178.733916715,2713.2363085610432,-2921.1581259182667,-959.21418705214342,0.97779381410884714
285300,-15754919.50204237,39112276.287604868,3589.6328926983429,-2851.9680658087154,-1148.7008574345366,0.96907156534298178
286200,-18285938.726087444,37995001.401836015,4456.3380506479434,-2770.5004959412649,-1333.2408679105174,0.95625961919184133
287100,-20738241.90211603,36714165.313772433,5309.6797905795029,-2677.1063303318329,-1512.0397424046548,0.93938017911799054
288000,-23101272.328635324,35275283.405424088,6146.0136685362231,-2572.1878462773352,-1684.3277532438601,0.91847229108306017
288900,-25364857.823881827,33684551.42790018,6961.7380246551083,-2456.1969470542626,-1849.3632402186488,0.89359200738883082
289800,-27519254.526490796,31948818.792327423,7753.3093401058532,-2329.6332096414521,-2006.4358076488934,0.86481248966158186
290700,-29555188.845580898,30075559.043599121,8517.2576560542147,-2193.0417261075563,-2154.8693854036842,0.83222404223144186
291600,-31463897.378799133,28072837.645481199,9250.2019880659827,-2047.0107482548324,-2294.0251404659034,0.79593406719591187
292500,-33237164.625911698,25949277.217355091,9948.8656617119777,-1892.1691460085142,-2423.3042263434768,0.75606693293982441
293400,-34867358.335348465,23714020.373960856,10610.091488111,-1729.1836908785349,-2542.1503584048769,0.71276374880180027
294300,-36347462.331655189,21376690.329863463,11230.856692131343,-1558.7561765920746,-2650.0522040494443,0.66618203988760094
295200,-37671106.683017269,18947349.439951763,11808.287501285296,-1381.620389696812,-2746.5455775058645,0.61649531766321819
296100,-38832595.079826891,16436455.856052399,12339.673300245944,-1198.5389435625591,-2831.2154299769322,0.56389254382444187
297000,-39826929.307604425,13854818.48766537,12822.480254553311,-1010.2999897611373,-2903.6976268075859,0.50857748693166838
297900,-40649830.710386813,11213550.461877059,13254.364307525599,-817.71382128015603,-2963.6805043383333,0.4507679733132568
298800,-41297758.55389116,8524021.2836598475,13633.183456625296,-621.60938242601583,-3010.9062001103102,0.39069503567841446
299700,-41767925.211283267,5797807.9030113649,13957.009219440988,-422.83070059639147,-3045.1717511044762,0.32860196465646868
300600,-42058308.108162127,3046644.8997120988,14224.137204856201,-222.23325535467373,-3066.329955719802,0.26474327002681419
301500,-42167658.377347618,282373.99988545617,14433.096711659771,-20.680300421060451,-3074.2899962184306,0.19938355967859922
302400,-42095506.188168518,-2483106.8589701811,14582.659284551119,180.96084568975232,-3069.0178193852162,0.13279634532007262
303300,-41842162.729133084,-5237894.6962365266,14671.84616594161,381.82252460278653,-3050.5362741610898,0.065262784642193331
304200,-41408718.837067835,-7970132.6708118673,14699.93459088979,581.04046281643411,-3018.9250060114227,-0.002929629953722479
305100,-40797040.279979885,-10668061.059454415,14666.462881693849,777.75748052955225,-2974.3201087796815,-0.071488425800338803
306000,-40009759.714982912,-13320067.813273041,14571.234307890136,971.12716897727034,-2916.9135357514815,-0.14011753737597851
306900,-39050265.356578834,-15914738.476791393,14414.319686498018,1160.3175208644072,-2846.9522726133091,-0.20851871670998784
307800,-37922686.40436025,-18440905.256852534,14196.05870617342,1344.5144987094995,-2764.7372759326936,-0.27639295716916573
308700,-36631875.292747498,-20887695.032313071,13917.059967387069,1522.9255261855301,-2670.622181711597,-0.34344192146380476
309600,-35183386.838656157,-23244576.099981632,13578.199738763991,1694.7828878644573,-2565.0117894714317,-0.40936936521818573
310500,-33583454.375961758,-25501403.457569934,13180.619437271585,1859.347023140969,-2448.3603282154986,-0.47388254798314428
311400,-31838962.978247814,-27648462.430527739,12725.721847012479,2015.9097005261779,-2321.1695114816634,-0.53669362410364374
312300,-29957419.883546442,-29676510.456506424,12215.16609797027,2163.7970589642478,-2183.9863895434542,-0.59752100637621319
313200,-27946922.246568218,-31576816.848820202,11650.861432189038,2302.3725033342644,-2037.4010076397533,-0.6560906959282915
314100,-25816122.355224252,-33341200.368626498,11034.959790566674,2431.0394418563496,-1882.0438799099286,-0.71213757221711427
315000,-23574190.459028535,-34962064.444604382,10369.847258736922,2549.2438537251765,-1718.5832894801406,-0.76540663747854587
315900,-21230775.367187679,-36432429.888645925,9658.1344154354501,2656.4766759458921,-1547.7224258849421,-0.81565421035607444
316800,-18795962.983796757,-37745964.966460496,8902.6456313192793,2752.2759990467762,-1370.1963717130034,-0.86264906381058926
317700,-16280232.956520507,-38897012.692995749,8106.4073704612192,2836.2290620894646,-1186.7689510333435,-0.90617350275698194
318600,-13694413.623407071,-39880615.234164521,7272.6355506919372,2907.9740381904317,-998.22945278511975,-0.94602437719878241
319500,-11049635.450015467,-40692535.308497354,6404.7220226271829,2967.2016026054725,-805.3892428957555,-0.98201402694335416
320400,-8357283.1557977032,-41329274.494971812,5506.2202306071067,3013.6562763104621,-609.07827942490496,-1.0139711542821401
321300,-5628946.7346244156,-41788088.366357759,4580.8301218943907,3047.1375389344626,-410.14154551117383,-1.0417416213182846
322200,-2876371.5794425644,-42066998.380911067,3632.3823733295194,3067.5007058625188,-209.43541532047814,-1.0651891689227115
323100,-111407.92527223611,-42164800.479094416,2664.8220072232011,3074.6575653218133,-7.8239685553031677,-1.0841960546015379
324000,2654040.1719428147,-42081070.346144579,1682.1914705726861,3068.5767722923465,193.82473062096878,-1.0986636068670972
324900,5408066.1007459527,-41816165.315681681,688.6132537134722,3049.2839971374292,394.64237416469302,-1.1085126940225625
325800,8138811.9825431667,-41371222.904102221,-311.72787374811276,3016.8618279249827,593.76415400408098,-1.1136841055984863
326700,10834519.761210915,-40748155.980148807,-1314.6029304419167,2971.4494265024805,790.33249285096008,-1.1141388450181671
327600,13483581.872755939,-39949644.588736653,-2315.7570137770545,2913.2419394903377,983.50074565926548,-1.109858332418852
328500,16074591.275392476,-38979124.46276933,-3310.9277323129809,2842.4896664644916,1172.4368554952816,-1.1008445169154557
329400,18596390.622942984,-37840772.27122277,-4295.8636982739908,2759.4969887021825,1356.3269477425727,-1.0871198979627339
330300,21038120.367998362,-36539487.666144632,-5266.3429983819569,2664.6210629589787,1534.3788468026796,-1.0687274558486366
331200,23389265.585781291,-35080872.205334045,-6218.1915613834963,2558.2702858229513,1705.8254997707493,-1.045730491734419
332100,25639701.315124582,-33471205.241262875,-7147.301341195569,2440.902535246993,1869.9282919620018,-1.0182123780437768
333000,27779736.219381023,-31717416.880203683,-8049.6482354903392,2313.0231968858398,2025.9802396386658,-0.98627622039176666
333900,29800154.377393618,-29827058.128473889,-8921.3096607863645,2175.1829838539697,2173.3090458350284,-0.95004443263196059
334800,31692255.022839282,-27808268.355124265,-9758.4817067075346,2027.975559468126,2311.280005797485,-0.90965822698554555
335700,33447890.059275161,-25669740.212230638,-10557.495794009552,1872.0349734378951,2439.298749243027,-0.86527702159523046
336600,35059499.188018948,-23420682.165131759,-11314.834763250539,1708.0329228143025,2556.813807389206,-0.81707776821905831
337500,36520142.496532835,-21070778.795439363,-12027.148323589636,1536.6758497949297,2663.3189935163123,-0.76525420314121539
338400,37823530.366201162,-18630149.04937819,-12691.267794125306,1358.7018892103706,2758.3555866831457,-0.71001602472688075
339300,38964050.570236266,-16109302.612949291,-13304.220073421755,1174.8776791772577,2841.5143091256659,-0.65158800138423523
340200,39936792.444855258,-13519094.603509203,-13863.240776404049,985.99504899462295,2912.4370888172152,-0.59020901401697046
341100,40737568.029779203,-10870678.774586096,-14365.786481614947,792.86759888056667,2970.8185996538864,-0.52613103735307443
342000,41362930.087449878,-8175459.4370821826,-14809.546035902918,596.32718659335569,3016.4075727428699,-0.45961806481940387
342900,41810186.92407275,-5445042.3054163419,-15192.450867933101,397.22033635403864,3049.00787330926,-0.39094498189432919
343800,42077413.949609838,-2691184.481623264,-15512.684266462356,196.40458578586166,3068.4793387917425,-0.32039639311198398
344700,42163461.928095996,74256.206067153718,-15768.689584075644,-5.2552131907631576,3074.7383747640611,-0.24826540810981967
345600,42067961.884069793,2839372.2911020732,-15959.177332022604,-206.89062341972061,3067.7583063914763,-0.17485239230506816
346500,41791326.645429172,5592257.9622825887,-16083.131136898044,-407.63336536303734,3047.5694842042185,-0.10046368795417729
347400,41334749.01757659,8321060.3419833556,-16139.812535154668,-606.61905757883562,3014.2591440381234,-0.025410311491421547
348300,40700196.59824568,11014030.527995452,-16128.764586796318,-802.99093872097637,2967.9710220514203,0.049993366843335246
349200,39890403.256838359,13659574.179362591,-16049.814295049404,-995.90355509184178,2908.9047267716637,0.12543095499304602
350100,38908857.316387758,16246301.428803008,-15903.073824321786,-1184.5263979793394,2837.3148711539425,0.20058537654000047
351000,37759786.490341082,18763075.907446742,-15688.940514303207,-1368.0474752721466,2753.5099686371277,0.27514020746238249
351900,36448139.64017041,21199062.671649292,-15408.09569360864,-1545.6768021708988,2657.8510981656332,0.34878100603796797
352800,34979565.433316126,23543774.826544452,-15061.502301882267,-1716.6497961948121,2550.7503440969867,0.4211966297956955
353700,33360387.994095299,25787118.646744676,-14650.401334729826,-1880.2305621204823,2432.6690178377521,0.49208053351042563
354600,31597579.652917709,27919437.001158476,-14176.307131192199,-2035.7150529796656,2304.1156689395571,0.5611320423752818
355500,29698730.911398597,29931550.896239769,-13641.001528671686,-2182.4340937831284,2165.6438942410523,0.62805759467279498
356400,27672017.752695709,31814798.960081972,-13046.526915230352,-2319.7562552256418,2017.8499544586064,0.69257194850393244
357300,25526166.437586948,33561074.698585339,-12395.178213949224,-2447.0905652604738,1861.3702084066488,0.75439934742630488
358200,23270415.937404372,35162861.364423633,-11689.493838518409,-2563.8890471079326,1696.8783757662241,0.81327464020170759
359100,20914478.164912432,36613264.289679557,-10932.245663369167,-2669.6490729795037,1525.082640015964,0.86894435026005312
360000,18468496.173527706,37906040.543767571,-10126.428055408034,-2763.9155235546978,1346.7226037918895,0.92116769095134943
360900,15943000.503890369,39035625.789579496,-9275.2460177181947,-2846.2827440399578,1162.5661095497403,0.96971752317779902
361800,13348863.864681367,39997158.222630449,-8382.1024984077139,-2916.3962884658795,973.40593896444352,1.0143812525678007
362700,10697254.341704374,40786499.49030821,-7450.5849200660878,-2973.9544447387239,780.05640501436233,1.0549616639648767
363600,7999587.3355885632,41400252.501094684,-6484.4509870089723,-3018.709533852887,583.34985116143275,1.0912776916432962
364500,5267476.4339904366,41835776.046787061,-5487.6138286283576,-3050.4689775907827,384.1330724504918,1.1231651243108571
365400,2512683.4288550271,42091196.174253255,-4464.1265377229029,-3069.0961299835635,183.26367371007501,1.1504772445954563
366300,-252932.30688497238,42165414.257060915,-3418.1661626837194,-3074.5108687781762,-18.393619659340118,1.1730854033083387
367200,-3017464.8658606694,42058111.731371872,-2354.0172119042036,-3066.6899441512801,-219.97068257754435,1.1908795293027552
368100,-5769013.0567295011,41769751.47474134,-1276.0547278465422,-3045.667082925971,-420.59972693902125,1.203768576169097
369000,-8495731.6381033678,41301575.820847563,-188.72698694060125,-3011.532847580374,-619.41703798780202,1.2116809072932748
369900,-11185882.315327514,40655601.217646904,903.46211995034582,-2964.4342503847238,-815.56669431267994,1.2145646209242638
370800,-13827884.280273847,39834609.550940044,1995.9709732266192,-2904.57412406195,-1008.2042553724662,1.2123878168249307
371700,-16410364.076046856,38842136.169785231,3084.2383244491275,-2832.2102514318417,-1196.5004005413562,1.2051388058033603
372600,-18922204.571194574,37682454.664540462,4163.7015594389859,-2747.6542575657945,-1379.6445038180541,1.1928262629389652
373500,-21352592.831670299,36360558.462489396,5229.8150740250367,-2651.2702690426686,-1556.8481285712151,1.1754793246431157
374400,-23691066.683397636,34882139.319938891,6278.0687116457402,-2543.4733459503764,-1727.3484269997066,1.1531476288611027
375300,-25927559.763840143,33253562.803298537,7304.0062109704022,-2424.7276933160242,-1890.4114293702203,1.1259012967812074
376200,-28052444.86745039,31481840.864893749,8303.243609791738,-2295.5446596627521,-2045.3352085571319,1.0938308534332579
377100,-30056575.397247259,29574601.632054843,9271.4875486539931,-2156.4805313764728,-2191.452905949468,1.0570470836122174
378000,-31931324.743014716,27540056.540294196,10204.55341408821,-2008.1341325130193,-2328.1356054056205,1.0156808187344675
378900,-33668623.415692262,25386964.953066677,11098.383257073456,-1851.1442405781766,-2454.7950426251182,0.96988264960858672
379800,-35260993.777392894,23124596.421640262,11949.063417644933,-1686.1868296624125,-2570.8861380641465,0.91982255974982163
380700,-36701582.217088252,20762690.748924829,12752.841781699255,-1513.972153101987,-2675.909342342426,0.86568947384364203
381600,-37984188.633286037,18311416.030663151,13506.144591315589,-1335.2416785623193,-2769.4127839671928,0.80769071629950062
382500,-39103293.096930705,15781324.856130756,14205.592725646655,-1150.7648890928278,-2850.9942101282691,0.74605137553598821
383400,-40054079.58021868,13183308.858378788,14848.0173659544,-961.33596428070052,-2920.3027122887966,0.68101357067802459
384300,-40832456.649964906,10528551.811051967,15430.474955956799,-767.77035613128101,-2977.0402293010166,0.61283561867628156
385200,-41435075.03751798,7828481.4748951914,15950.261367544679,-570.90127472320455,-3020.9628218071953,0.54179110140724918
386100,-41859342.010923281,5094720.4022073485,16404.925182280353,-371.5760990266474,-3051.8817127343796,0.46816783399446749
387000,-42103432.48900643,2339035.9116971581,16792.280000982923,-170.65272853373875,-3069.6640897503744,0.39226673731694234
387900,-42166296.851221517,-426710.55056255334,17110.415697137301,31.004108466925686,-3074.2336666100578,0.31440061935131081
388800,-42047665.411411278,-3190614.4460987179,17357.708534758498,232.52657403205401,-3065.571001379571,0.23489287155181146
389700,-41748049.537993394,-5940779.3555985745,17532.83007755948,433.04745114639627,-3043.713570575565,0.15407608784323723
390600,-41268739.417455226,-8665368.1473463997,17634.754823619998,631.70386980375451,-3008.7555992929329,0.072290614942335379
391500,-40611798.472348563,-11352653.883341964,17662.766508015433,827.64101274063933,-2960.8476484137141,-0.010116956392836857
392400,-39780054.459170729,-13991070.24534112,17616.46302480363,1020.0157851346401,-2900.1959609891724,-0.092795348963674099
393300,-38777087.285544813,-16569261.265383035,17495.759929152093,1208.0004327942131,-2827.0615708643882,-0.17539019499036895
394200,-37607213.599921159,-19076130.148562212,17300.892489999573,1390.7860936348293,-2741.7591775684914,-0.25754565949800429
395100,-36275468.220566861,-21500886.979844131,17032.416273291878,1567.5862675553515,-2644.6557924228641,-0.3389060805561509
396000,-34787582.483845882,-23833095.111589104,16691.206245349022,1737.6401901956999,-2536.1691617234756,-0.41911761592001978
396900,-33149959.604676899,-26062716.034116622,16278.454395179375,1900.2160964703519,-2416.7659737314061,-0.49782988596822664
397800,-31369647.154547624,-28180152.53808805,15795.665883459564,2054.614360230602,-2286.9598570569433,-0.57469760326988628
398700,-29454306.774524521,-30176289.984685451,15244.653734379373,2200.1704969106931,-2147.3091788467486,-0.64938217961040312
399600,-27412181.25228437,-32042535.507493138,14627.532094567956,2336.2580165583345,-1998.4146519795718,-0.72155330183396382
400500,-25252059.103272799,-33770854.97862073,13946.70809085267,2462.2911152383008,-1840.9167612426436,-0.79089046840101285
401400,-22983236.806624025,-35353807.580914922,13204.87232565157,2577.7271934285795,-1675.4930191967155,-0.85708447909447782
402300,-20615478.856418926,-36784577.838063255,12404.988055374419,2682.069190701744,-1502.8550631408132,-0.91983887082944171
403200,-18158975.798176281,-38057004.964966603,11550.279103321102,2774.8677266996592,-1323.7456052558362,-0.97887129302103271
404100,-15624300.429127142,-39165609.411914699,10644.216564240773,2855.7230391670087,-1138.9352486365458,-1.0339148164419441
405000,-13022362.348776909,-40105616.487806365,9690.5043629708816,2924.2867106077692,-949.21918251121588,-1.0847191699550762
405900,-10364361.053477436,-40872976.959874436,8693.0637344316892,2980.2631759678752,-755.41377049397022,-1.1310518999403647
406800,-7661737.7751762979,-41464384.540063687,7656.0166967261712,3023.411004625485,-558.3530462131074,-1.1726994476514565
407700,-4926126.2701476598,-41877290.1813244,6583.6685932003675,3053.5439508857708,-358.88513110578197,-1.2094681401424479
408600,-2169302.7683070167,-42109913.120576054,5480.4897830642331,3070.531768127682,-157.86858956153736,-1.2411850908010191
409500,596864.7023608645,-42161248.618914649,4351.0965635636048,3074.3007827328847,43.83126306939775,-1.2676990059170665
410400,3360467.3987015858,-42031072.363728076,3200.2314097309772,3064.834224938631,245.34608381609019,-1.2888808941087899
411300,6109607.132951607,-41719941.511689827,2032.7426204250917,3042.1723147927914,445.80824078297144,-1.3046246758244582
412200,8832447.5101273507,-41229192.366060682,853.56346169250378,3006.4121024462111,644.354551073572,-1.3148476905402289
413100,11517264.911204075,-40560934.696278267,-332.30909955790787,2957.7070630899634,840.13000174906381,-1.3194910996843356
414000,14152499.001809051,-39718042.722389147,-1519.8359769914689,2896.2664479276423,1032.2914376384656,-1.3185201837364873
414900,16726802.547893681,-38704142.801409967,-2703.9577656149881,2822.3543936597202,1220.0111999030453,-1.3119245323789495
415800,19229090.322567262,-37523597.867124751,-3879.6166652789116,2736.2887940421797,1402.4806994203766,-1.2997181270118716
416700,21648586.891966593,-36181488.689063691,-5041.7784298990828,2638.4399381587423,1578.9139092942407,-1.2819393153893885
417600,23974873.072690528,-34683592.03039597,-6185.4542453658651,2529.2289211086409,1748.5507611151436,-1.2586506785832385
418500,26197930.85893093,-33036355.798134252,-7305.7224394987888,2409.125833853499,1910.6604299918349,-1.2299387909352308
419400,28308186.623959254,-31246871.292323962,-8397.7499282055887,2278.6477399809974,2064.5444938455189,-1.1959138741168156
420300,30296552.40805389,-29322842.673708003,-9456.8133032166661,2138.3564481233061,2209.5399530033319,-1.1567093468709373
421200,32154465.113243852,-27272553.781652745,-10478.319468388268,1988.8560897085952,2345.0220967433497,-1.1124812724653912
422100,33873923.434361234,-25104832.445831701,-11457.82573359657,1830.7905126184869,2470.4072041265626,-1.063407706335959
423000,35447522.36579375,-22829012.446229964,-12391.059277674272,1664.8405021676256,2585.1550671979321,-1.0096879468382796
423900,36868485.133961946,-20454893.286400143,-13273.935894662993,1491.7208416086028,2688.7713254443597,-0.95154169245775433
424800,38130692.416860178,-17992697.954518635,-14102.577940857738,1312.1772250917893,2780.8096012572901,-0.88920810924381199
425700,39228708.723939478,-15453028.855612403,-14873.331403691436,1126.9830366711876,2860.8734270563496,-0.82294481263614228
426600,40157805.822115168,-12846822.106310535,-15582.782017432099,936.93600954089368,2928.6179556823977,-0.75302676823382897
427500,40913983.106688268,-10185300.390584556,-16227.770354926342,742.85478020930725,2983.7514466576845,-0.67974511642175317
428400,41493984.829414397,-7479924.5811463892,-16805.405829200965,545.57535276767737,3026.0365219316336,-0.60340592610978039
429300,41895314.109768704,-4742344.3364470731,-17313.079543609183,345.94748878436849,3055.2911857768836,-0.52432888315786808
430200,42116243.669574358,-1984347.8875429281,-17748.475934357306,144.831038655355,3071.3896045657461,-0.44284591935250367
431100,42155823.245515279,782188.76754596736,-18109.583154648204,-56.90776953548999,3074.2626432360366,-0.35929978806572316
432000,42013883.64857401,3545353.04197668,-18394.702155305331,-258.40006744565312,3063.8981563415769,-0.27404259296612027
432900,41691037.454054303,6293247.0893109022,-18602.454422570001,-458.77809392036681,3040.3410326708076,-0.18743427636081322
433800,41188676.32049717,9014039.0619898438,-18731.788339768886,-657.17893618620451,3003.6929935014914,-0.099841073927301335
434700,40508964.950414084,11696014.077763451,-18781.984145701797,-852.74824859726039,2954.1121456352475,-0.011633942744490672
435600,39654831.720275179,14327624.674289398,-18752.657468873742,-1044.6439328855272,2891.8122914177884,0.076813030348987996
436500,38629956.021542385,16897540.534573883,-18643.761423062886,-1232.0397640821348,2817.0619989946244,0.16512423295279727
437400,37438752.368665598,19394697.269312534,-18455.587256148159,-1414.1289465575887,2730.1834370735146,0.25292413668721486
438300,36086351.343805954,21808344.046483856,-18188.763550587944,-1590.1275849744482,2631.550979460113,0.33983890496446234
439200,34578577.461557835,24128089.863724127,-17844.253980415098,-1759.2780553522409,2521.589585598555,0.42549799176413911
440100,32921924.050056539,26343948.265043497,-17423.353636062297,-1920.8522619090184,2400.7729642809122,0.50953572427251093
441000,31123525.257530756,28446380.310296278,-16927.683934724617,-2074.1547658637651,2269.6215285855733,0.59159286232589869
441900,29191125.305539444,30426335.613461748,-16359.186140269978,-2218.5257729560353,2128.7001509620286,0.6713181277156115
442800,27133045.121776093,32275291.274187695,-15720.113522889205,-2353.3439670605835,1978.6157281959058,0.74836969656770713
443700,24958146.496386092,33985288.536160812,-15013.02219470067,-2478.0291779424692,1820.0145667612439,0.82241664820651894
444600,22675793.916185223,35548967.015655287,-14240.760663352408,-2592.0448719091851,1653.579599795027,0.89314036414874132
445500,20295814.240951173,36959596.35403274,-13406.458151259367,-2694.9004548678381,1480.0274476102038,0.96023587115627518
446400,17828454.395050298,38211105.158979438,-12513.511733434507,-2786.1533780844966,1300.1053342962275,1.0234131226024985
447300,15284337.256026331,39298107.110827342,-11565.572351878876,-2865.4110377666757,1114.5878735391636,1.0823982127797502
448200,12674415.929385949,40215924.122367263,-10566.529769145374,-2932.3324604458508,924.27373732534465,1.1369345191957561
449100,10009926.605640536,40960606.453080051,-9520.4965279416137,-2986.6297670221834,729.98222167218807,1.1867837683727473
450000,7302340.2016791757,41528949.691636704,-8431.7909874482648,-3028.0694092457402,532.54972395595848,1.2317270211738436
450900,4563312.9937313311,41918508.533802517,-7304.9195103622906,-3056.4731733447147,332.82614677789974,1.2715655742317333
451800,1804636.4535086704,42127607.296474054,-6144.5578774959049,-3071.7189464691091,131.67124362610292,1.3061217746396816
452700,-961813.49742434407,42155347.122430213,-4955.5320090452378,-3073.741242595323,-70.049078150344059,1.3352397456744374
453600,-3724127.5974284671,42001609.844438478,-3742.7980733705544,-3062.5314855306697,-271.466481337191,1.358786021942689
454500,-6470414.4994210452,41667058.491572082,-2511.4220652977856,-3038.1380476642894,-471.71393396107402,1.3766500929620429
455400,-9188851.9503051005,41153134.434908397,-1266.5589365700234,-3000.666044129594,-669.92943956448914,1.3887448547850101
456300,-11867737.675300701,40462051.184140027,-13.431361176178598,-2950.276883070349,-865.25974668875938,1.3950069698294478
457200,-14495539.748370269,39596784.860979676,1242.6917820890026,-2887.1875737346977,-1056.864021647749,1.395397135568101
458100,-17060946.231946744,38561061.389521845,2496.5171282545152,-2811.669795155573,-1243.9174687836178,1.3899002631304807
459000,-19552913.872120906,37359340.457878157,3742.748665500932,-2724.0487292082821,-1425.6148825708615,1.3785255671609611
459900,-21960715.639318544,35996796.319369748,4976.1096159879153,-2624.7016628626866,-1601.1741161776515,1.3613065684396906
460800,-24273986.90929199,34479295.515276566,6191.3642803604398,-2514.0563654637376,-1769.8394514055269,1.338301010797404
461700,-26482770.084952943,32813371.614548031,7383.3397694486775,-2392.5892478754458,-1930.8848553108094,1.3095906937386697
462600,-28577557.46616818,31006197.078907464,8546.9475478468412,-2260.8233113041515,-2083.6171092645313,1.2752812219391023
463500,-30549332.182105742,29065552.374371141,9677.204714950416,-2119.3258945715388,-2227.3787967323551,1.2355016724217198
464400,-32389607.009030268,26999792.462286446,10769.254949562539,-1968.7062295300263,-2361.5511366515384,1.1904041797782183
465300,-34090460.905570045,24817810.814510379,11818.389044296813,-1809.6128151964533,-2485.5566499471965,1.1401634393267417
466200,-35644573.107377663,22529001.108236626,12820.064955697395,-1642.73062201783,-2598.8616474627979,1.0849761276409551
467100,-37045254.633735895,20143216.766178165,13769.927295308247,-1468.7781384686671,-2700.9785283768033,1.0250602395017563
468000,-38286477.069972187,17670728.517266288,14663.826185943613,-1288.5042729066631,-2791.4678790343901,0.96065434006867489
468900,-39362898.501482353,15122180.161684349,15497.835406279823,-1102.6851242763155,-2869.9403630350448,0.8920167309916216
469800,-40269886.487667002,12508542.731869182,16268.269745782301,-912.12063584292241,-2936.0583943771085,0.81942452932219345
470700,-41003537.977087572,9841067.2480441649,16971.70149110533,-717.63114665794637,-2989.537586462121,0.74317265845788083
471600,-41560696.07858368,7131236.2728616148,17604.975964670029,-520.05385589721868,-3030.1479707972371,0.66357275096458435
472500,-41938963.616889164,4390714.4748018887,18165.226036345932,-320.2392155735804,-3057.7149802949193,0.58095196395465365
473400,-42136713.415367,1631298.4140831917,18649.885530216085,-119.04726740396313,-3072.1201931473452,0.49565170871367048
474300,-42153095.262779959,-1135134.2320326392,19056.701450438974,82.656060192350395,-3073.3018343402264,0.40802629741899399
475200,-41988039.535450995,-3896675.785501278,19383.744953326994,284.00267887149124,-3061.2550329593732,0.31844151101700224
476100,-41642257.460673802,-6641439.8051128723,19629.42099697818,484.12607478842892,-3036.0318345260739,0.2272730935598998
477000,-41117238.021739483,-9357612.2250490431,19792.476605107313,682.16503457370607,-2997.7409686679198,0.13490517948641828
477900,-40415241.519384347,-12033502.174715377,19872.007688052989,877.26734688107592,-2946.5473734844968,0.04172866140843029
478800,-39539289.818772845,-14657592.261873933,19867.464371174025,1068.5934637014607,-2882.6714789979246,-0.051860493104631838
479700,-38493153.325249769,-17218588.103705376,19778.654788843392,1255.3201058801408,-2806.3882530828801,-0.14546296650025722
480600,-37281334.745971501,-19705466.893927045,19605.747310833067,1436.6437975748909,-2718.0260142468237,-0.2386778481745398
481500,-35909049.708105922,-22107524.798454687,19349.271176881826,1611.7843147489655,-2617.9650165765829,-0.33110441319763612
482400,-34382204.317526244,-24414422.977293573,19010.115524477606,1779.9880332005257,-2506.6358130810258,-0.42234391249424269
483300,-32707369.754771139,-26616232.036350548,18589.526804205183,1940.5311620860887,-2384.5174045402655,-0.51200136413475827
484200,-30891754.017459154,-28703474.719641421,18089.104586266963,2092.7228493969883,-2252.1351818192134,-0.59968733553281472
485100,-28943170.930290509,-30667166.659899097,17510.795770859346,2235.9081463923981,-2110.0586704168281,-0.68501970660479139
486000,-26870006.555205628,-32498855.013835203,16856.887223884609,2369.4708185783429,-1958.8990868017406,-0.76762540429937531
486900,-24681183.145160578,-34190654.817241259,16129.996867926106,2492.835991447902,-1799.3067168294717,-0.84714209932529372
487800,-22386120.795289643,-35735282.904702909,15333.063266462326,2605.4726198624967,-1631.9681272454445,-0.92321985637104154
488700,-19994696.954920016,-37126089.248909913,14469.333746910868,2706.8957706568985,-1457.6032219503627,-0.99552272960279153
489600,-17517203.972948864,-38357085.585341655,13542.351115258914,2796.6687087907994,-1276.9621553388349,-1.063730295731701
490500,-14964304.857455622,-39422971.199458741,12555.939021746461,2874.404778146793,-1090.8221156166403,-1.1275391174490561
491400,-12346987.438069174,-40319155.765397392,11514.186043323094,2939.7690688877469,-899.98399155454854,-1.1866641305304186
492300,-9676517.1265087463,-41041779.137508169,10421.428554404996,2992.479864134933,-705.26893664469674,-1.240839948404352
493200,-6964388.4768376648,-41587728.008860447,9282.2324628237475,3032.3098596107338,-507.51484508639305,-1.2898220784663375
494100,-4222275.7522800416,-41954649.364007354,8101.3738927911227,3059.0871508047953,-307.57275443886215,-1.3333880448947883
495000,-1461982.7099243412,-42140960.666824192,6883.8189012112298,3072.6959831681957,-106.30319013573703,-1.3713384131951758
495900,1304608.1817527236,-42145856.738048695,5634.7023177586852,3073.0772618141518,95.427532643247872,-1.4034977121628478
496800,4065586.8748870511,-41969313.29121004,4359.3058028115956,3060.2288182031434,296.7510340070466,-1.4297152494181471
497700,6809067.0042860396,-41612087.109881364,3063.0352205814452,3034.2054323116517,496.80060538036832,-1.4498658171309364
498600,9523237.0591946393,-41075712.863568671,1751.3974276166573,2995.1186098231528,694.71494049678336,-1.4638502850188888
499500,12196411.244475476,-40362496.573997334,429.97657926873489,2943.136114933126,889.64184528811518,-1.4715960781758588
500400,14817079.811920036,-39475505.758013591,-895.58994130569033,2878.4812604219073,1080.7419106276343,-1.4730575377653836
501300,17373958.64437576,-38418556.287716836,-2219.6358654831652,2801.4319577149067,1267.1921319844932,-1.4682161631000619
502200,19856037.878300741,-37196196.022714429,-3536.4905456183187,2712.3195307135529,1448.1894602207522,-1.4570807341205709
503100,22252629.354238503,-35813685.283476107,-4840.5035176983029,2611.5272982364345,1622.9542680110039,-1.439687313787569
504000,24553412.689531472,-34276974.248593144,-6126.0690120986765,2499.488930952507,1790.7337166882783,-1.4160991304050941
504900,26748479.773347139,-32592677.372250266,-7387.6503045782238,2376.6865897107405,1950.8050087180861,-1.3864063404030771
505800,28828377.490755495,-30768044.931330174,-8619.8038003550537,2243.6488531671221,2102.4785114741121,-1.3507256726179246
506700,30784148.490143735,-28810931.824224908,-9817.202745271481,2100.9484435743334,2245.100738532502,-1.3091999556211322
507600,32607369.81665308,-26729763.755562339,-10974.660459679084,1949.199760525818,2378.0571753145032,-1.2619975301539637
508500,34290189.243535638,-24533500.952608675,-12087.152992754418,1789.0562333285652,2500.7749365865329,-1.2093115492292077
509400,35825359.143315054,-22231599.570020061,-13149.841097483864,1621.2075035124362,2612.7252440689822,-1.1513591689551328
510300,37206267.751346909,-19833970.949834015,-14158.091429524215,1446.3764497630759,2713.4257132062394,-1.0883806336203077
511200,38426967.685761489,-17350938.913063064,-15107.496876542677,1265.3160682859288,2802.4424390059658,-1.0206382590470517
512100,39482201.599779569,-14793195.267932054,-15993.895928452032,1078.8062222663427,2879.3918717606571,-0.94841531867403017
513000,40367424.854960836,-12171753.727644645,-16813.391003167642,887.65027468165567,2943.9424744137909,-0.87201483726170492
513900,41078825.117015272,-9497902.4375368338,-17562.36564710419,692.6716192424434,2995.8161543206966,-0.79175829752576987
514800,41613338.789314508,-6783155.3175428789,-18237.500534580962,494.71012468918855,3034.7894631751328,-0.70798426539128512
515700,41968664.213118322,-4039202.4310355494,-18835.788195592391,294.61850804568962,3060.6945599203641,-0.62104693992119953
516600,42143271.577713139,-1277859.5952859321,-19354.546407001159,93.258652730035124,3073.4199325324767,-0.53131463430643622
517500,42136409.498076312,1488982.5479977271,-19791.430188098395,-108.50211235272479,3072.9108756477572,-0.43916819460826778
518400,41948108.232263386,4249409.7813590113,-20144.442347622422,-309.79475646541437,3059.1697220993092,-0.34499936321640889
519300,41579179.525396831,6991535.6575690489,-20411.942535705031,-509.75229709990651,3032.2558275249307,-0.24920909422675663
520200,41031213.08184468,9703552.7206867691,-20592.65476079391,-707.51354010879879,2992.2853083030122,-0.15220582815022954
521100,40306569.681849778,12373783.380722571,-20685.673338350745,-902.22679365157001,2939.430534160439,-0.054403733537847998
522000,39408370.973436967,14990730.222118534,-20690.467245016469,-1093.0535398520299,2873.919377871011,0.04377907675347778
522900,38340485.984823421,17543125.528912071,-20606.88285893686,-1279.1720482878345,2796.0342255198334,0.14192234682528734
523800,37107514.416721314,20019979.813045382,-20435.145074022079,-1459.7809157257007,2706.1107518438444,0.2396054886329923
524700,35714766.78779345,22410629.136797868,-20175.856783040937,-1634.1025168753217,2604.5364661667845,0.33640939457873564
525600,34168241.520040654,24704781.025727618,-19829.996731593685,-1801.3863513580989,2491.7490354244942,0.43191824386812727
526500,32474599.064010255,26892558.774781477,-19398.915752134024,-1960.9122725708376,2368.234391719649,0.52572129473254159
527400,30641133.176362753,28964543.957338814,-18884.331394290555,-2111.9935846664494,2234.5246327505297,0.61741465468877255
528300,28675739.47446993,30911816.954856634,-18288.320974738836,-2253.9799944702954,2091.1957243230136,0.70660302111249751
529200,26586881.404292621,32725995.333444376,-17613.313076766131,-2386.2604057988406,1938.8650149758325,0.7929013845415106
530100,24383553.768756814,34399269.903076306,-16862.077536421104,-2508.2655443434473,1778.1885735236701,0.87593668729841734
531000,22075243.974169917,35924438.305203602,-16037.713958718581,-2619.4704020230452,1609.8583610485884,0.95534943023098085
531900,19671891.161856614,37294935.985213526,-15143.638813744863,-2719.3964904916265,1434.5992495454789,1.0307952206105513
532800,17183843.401110154,38504864.41745241,-14183.5711686504,-2807.6138943067185,1253.1659000499494,1.1019462545060332
533700,14621813.127717035,39549016.462334618,-13161.51711739388,-2883.7431151196115,1066.3395136456338,1.1684927272614454
534600,11996831.019692175,40422898.747352324,-12081.752975683854,-2947.4566991339443,874.92446926100104,1.2301441660496755
535500,9320198.5084303655,41122750.976529263,-10948.807313821311,-2998.480640992766,679.74486262210803,1.2866306788527169
536400,6603439.1292155012,41645562.08597552,-9767.441905049016,-3036.595558192143,481.64096112639163,1.3377041146289537
537300,3858248.9199105925,41989083.176646285,-8542.6316715326866,-3061.6376310784644,281.4655897426635,1.3831391298693969
538200,1096446.0806617397,42151837.169132993,-7279.5437142075725,-3073.4993044635394,80.080463323222716,1.4227341572155872
539100,-1670079.889426617,42133125.139266536,-5983.515516396541,-3072.1297478832598,-121.64751906510996,1.456312272309475
540000,-4429419.360461941,41933029.307435066,-4660.0324143197795,-3057.5350725287967,-322.85000202377091,1.4837219555662235
540900,-7169693.825276643,41552412.668758847,-3314.7044303529105,-3029.7783038909738,-522.66090805209626,1.5048377461000821
541800,-9879107.0183754731,40992915.265567012,-1953.2425671356627,-2988.9791101755382,-720.2201622183785,1.5195607855850444
542700,-12545995.680919204,40256947.117929861,-581.43466237923326,-2935.3132875664132,-914.67739138989509,1.5278192503887309
543600,-15158879.753774628,39347677.842261411,794.87909453360362,-2869.0120044327005,-1105.1955822243194,1.5295686708710143
544500,-17706511.783004098,38269023.002163,2169.8308823084267,-2790.3608075899679,-1290.9546822719431,1.5247921372790789
545400,-20177925.325421412,37025627.249674752,3537.5501017347742,-2699.6983947340923,-1471.155128747703,1.5135003921865242
546300,-22562482.145997066,35622844.32888072,4892.1882619657727,-2597.4151581631859,-1645.0212898044786,1.4957318099060111
547200,-24849918.003943458,34066714.02731891,6227.9437977169327,-2483.951505886484,-1811.8048034748645,1.4715522637417846
548100,-27030386.830235675,32363936.173821885,7539.0867169759222,-2359.7959671846365,-1970.7877998479657,1.441054882332057
549000,-29094503.106107976,30521841.794200279,8819.9829800903935,-2225.4830906296515,-2121.2859925109497,1.4043596966549368
549900,-31033382.259688538,28548361.548522241,10065.118512639514,-2081.5911434903574,-2262.6516258121437,1.3616131795328434
550800,-32838678.90636991,26451991.585579701,11269.122756240924,-1928.7396223360524,-2394.2762650932036,1.3129876796708457
551700,-34502622.767729841,24241756.96141015,12426.791663346226,-1767.5865855019165,-2515.5934176916667,1.2586807524106653
552600,-36018052.113781944,21927172.779403824,13533.110044091231,-1598.8258188895054,-2626.0809732308981,1.198914389486476
553500,-37378444.584008813,19518203.219516307,14583.273175361634,-1423.1838473387431,-2725.2634524903087,1.1339341501480913
554400,-38577945.253967039,17025218.633371934,15572.707584397042,-1241.4168045185845,-2812.7140549821629,1.0640081960924346
555300,-39611391.826204196,14458950.890534448,16497.090921493611,-1054.307174936459,-2888.0564962489339,0.98942623273907493
556200,-40474336.836738437,11830447.168890204,17352.370838705381,-862.66042225619708,-2950.9666268327292,0.91049835952306324
557100,-41163066.781361781,9151022.3888941184,18134.78279393557,-667.30151863552123,-3001.173825850447,0.82755383207971511
558000,-41674618.079475872,6432210.4973315876,18840.866702516658,-469.07139024275693,-3038.4621631290452,0.740939739478092
558900,-42006789.806985721,3685714.8112191753,19467.482361379567,-268.8232944846232,-3062.6713249076438,0.65101960003168158
559800,-42158153.143893704,923357.63647796912,20011.823574289658,-67.419144769880518,-3073.6972991896728,0.55817187967809123
560700,-42128057.496579699,-1842970.6209523254,20471.4309104602,134.27420115442169,-3071.4928179210769,0.46278843746617859
561600,-41916633.26925125,-4601362.631843918,20844.203033210637,335.38867312708942,-3056.0675542715899,0.36527290330349982
562500,-41524791.273625918,-7339945.3874866972,21128.406540269134,535.05872454127996,-3027.4880743974641,0.26603899377606377
563400,-40954218.780494459,-10046931.289733585,21322.68426284911,732.42505617202551,-2985.8775441581538,0.16550877251934165
564300,-40207372.231337525,-12710668.867362235,21426.061976770055,926.63831178549935,-2931.4151923393069,0.064110862300201452
565200,-39287466.642561518,-15319692.90070557,21437.953485604434,1116.8627296348027,-2864.3355329938649,-0.037721383442886045
566100,-38198461.749116398,-17862773.739321385,21358.164043067369,1302.2797341993428,-2784.9273505466122,-0.13955174128605913
567000,-36945044.948198646,-20328965.60120599,21186.892089557434,1482.091452843049,-2693.5324523108447,-0.24094300197205851
567900,-35532611.117368415,-22707653.646679647,20924.729285806923,1655.5241424463081,-2590.5441940353503,-0.34145886891796601
568800,-33967239.394668095,-24988599.625550564,20572.658834913043,1821.8315115031155,-2476.4057850330346,-0.44066586173476729
569700,-32255667.021170832,-27161985.902466107,20132.052092492846,1980.2979236641972,-2351.6083803374036,-0.53813521529611008
570600,-30405260.358766321,-29218457.672449347,19604.663473233009,2130.2414692448765,-2216.68896818844,-0.63344476488522505
571500,-28423983.20786503,-31149163.186460219,18992.623670594749,2271.0168917995329,-2072.2280619644821,-0.72618080804146257
572400,-26320362.561032213,-32945791.815377146,18298.431214799857,2402.0183574896778,-1918.8472064509663,-0.81593993390877417
573300,-24103451.939312525,-34600609.790029533,17524.94240239164,2522.6820556372099,-1757.2063090700426,-0.9023308111439946
574200,-21782792.468140535,-36106493.464787804,16675.359638574457,2632.4886195561717,-1588.0008073867555,-0.98497592575835491
575100,-19368371.859219361,-37456959.962697111,15753.218241139524,2730.9653574935742,-1411.958684857183,-1.0635132606280702
576000,-16870581.473557495,-38646195.0711862,14762.371762045716,2817.6882842809955,-1229.8373473910578,-1.137597908807098
576900,-14300171.648953188,-39669078.268955067,13706.975889615936,2892.2839451025598,-1042.4203738648544,-1.2069036131975353
577800,-11668205.482576955,-40521204.776704229,12591.471000812788,2954.43102362025,-850.51415423994843,-1.2711242255728232
578700,-8986011.2658986468,-41198904.536873586,11420.563439159234,3003.8617275632537,-654.94442941252487,-1.3299750784004312
579600,-6265133.7750089932,-41699258.040467083,10199.205599561581,3040.3629457828047,-456.55274734557258,-1.3831942633704262
580500,-3517284.6243710849,-42020108.932306714,8932.5749065670188,3063.7771716963193,-256.1928504063419,-1.4305438110023949
581400,-754291.89618111635,-42160073.339638218,7626.0517774411492,3074.0031889927059,-54.727009152619161,-1.4718107661742867
582300,2011950.7392025576,-42118545.882853255,6285.1966658774618,3070.9965164424834,146.97768192440446,-1.5068081548937928
583200,4769535.1939076232,-41895702.34114708,4915.7262861454637,3054.7696096491563,348.05303098670214,-1.5353758381155831
584100,7506590.2049253313,-41492498.960143305,3523.4891210412425,3025.3918185892512,547.63348190605609,-1.5573812488976351
585000,10211332.42829255,-40910668.402832739,2114.4403201170235,2982.9891008140662,744.85983784934945,-1.5727200096875056
585900,12872117.165505253,-40152712.359532647,694.61609732747092,2927.7434912227,938.88295943459661,-1.5813164270354036
586800,15477488.503877787,-39221890.846917413,-729.89226056767609,2859.8923303589686,1128.8674215510262,-1.5831238615457124
587700,18016228.6547901,-38122208.24043829,-2152.964661770573,2779.7272542297969,1313.9951130570728,-1.5781249714022785
588600,20477406.276932038,-36858396.098576799,-3568.4786390481036,2687.5929496844851,1493.4687637613013,-1.566331828334266
589500,22850423.575755246,-35435892.851299226,-4970.335826059154,2583.8856804276993,1666.5153833539086,-1.5477859054286096
590400,25125061.975368734,-33860820.438733548,-6352.4883650050215,2469.0515897585387,1832.3895972907535,-1.5225579367397513
591300,27291526.165049046,-32139957.999410965,-7708.9651304040672,2343.5847871279566,1990.3768650376458,-1.4907476491962834
592200,29340486.32935958,-30280712.72033862,-9033.8976544893121,2208.0252265814802,2139.7965665589663,-1.4524833678551556
593100,31263118.378561161,-28291087.973633423,-10321.545640920889,2062.9563860977873,2280.0049434802418,-1.4079214961042053
594000,33051142.004516546,-26179648.87639004,-11566.321955192774,1909.0027577407441,2410.3978819669387,-1.3572458729613213
594900,34696856.396609858,-23955485.421817694,-12762.816982290644,1746.8271594074024,2530.4135250390045,-1.300667010159694
595800,36193173.462278053,-21628173.340405088,-13905.822244818792,1577.1278797721238,2639.5347027793223,-1.2384212122412226
596700,37533648.407540038,-19207732.859906137,-14990.353177949051,1400.6356687923615,2737.2911696907081,-1.1707695834006768
597600,38712507.544361353,-16704585.542231396,-16011.670961141952,1218.1105868502698,2823.2616393062008,-1.0979969253291646
598500,39724673.203755431,-14129509.383834448,-16965.30331063511,1030.3387262519645,2897.0756070566872,-1.0204105307936553
599400,40565785.6461391,-11493592.373857727,-17847.064141169049,838.12881938929513,2958.4149533434738,-0.93833887815687844
600300,41232221.873571657,-8808184.7111095674,-18653.07201030635,642.30874838415366,3007.015319746085,-0.85213023248654474
601200,41721111.262050323,-6084849.8868522588,-19379.767263974707,443.72197147993666,3042.6672523118787,-0.76215115932170663
602100,42030347.945945613,-3335314.8453607061,-20023.927807503398,243.22388181661103,3065.2171069185206,-0.66878495755487422
603000,42158599.900872767,-571419.43824086292,-20582.683432400336,41.678114523215356,3074.5677127671079,-0.57243001824946427
603900,42105314.685741141,2194934.608441473,-21053.52863540484,-160.04718171655935,3070.678791147117,-0.47349811654101093
604800,41870721.819334812,4951834.9930897094,-21434.333872920342,-361.08309232448448,3053.5671277085498,-0.37241264406597657
605700,41455831.781485602,7687410.1813379116,-21723.355200750673,-560.56368734318744,3023.306497575943,-0.26960678962246976
606600,40862431.643635809,10389880.570315167,-21919.242256101024,-757.62975844324433,2980.0273437376809,-0.16552167599146295
607500,40093077.348283693,13047609.252965793,-22021.044546027588,-951.43252614055154,2923.9162102368205,-0.060604461034493476
608400,39151082.671393134,15649152.162839608,-22028.216013894449,-1141.1373010988104,2855.2149327710376,0.044693588666512803
609300,38040504.916264296,18183307.382594049,-21940.617862888441,-1325.92708362079,2774.2195903743036,0.14991904325014774
610200,36766127.401538767,20639163.403226599,-21758.519623217879,-1505.0060857315318,2681.2792228964886,0.25461826564691387
611100,35333438.819889709,23006146.125760619,-21482.598457244712,-1677.6031606245763,2576.7943200147365,0.35833936979631698
612000,33748609.557463028,25274064.402714904,-21113.936704437241,-1842.9751246761912,2461.2150884976222,0.46063417252838695
612900,32018465.077231862,27433153.923167549,-20654.017675647741,-2000.4099577296251,2335.0395053958423,0.56106013067024951
613800,30150456.482048847,29474119.252545498,-20104.719713781833,-2149.2298679087071,2198.8111657474174,0.65918225501739958
614700,28152628.385274634,31388173.846396357,-19468.308545401374,-2288.7942078344195,2053.1169342577496,0.75457499292553365
615600,26033584.22837827,33167077.866288766,-18747.427955156571,-2418.5022297861037,1898.5844112419056,0.84682407143080107
616500,23802449.195798054,34803173.635600641,-17945.088822144204,-2537.7956680671768,1735.8792238952535,0.93552829299356033
617400,21468830.887576692,36289418.583245389,-17064.656564306504,-2646.1611376000678,1565.7021546863264,1.0203012761817112
618300,19042777.919801902,37619415.534308322,-16109.837043788708,-2743.1323385827868,1388.7861193400058,1.1007731338634685
619200,16534736.631656308,38787440.218069129,-15084.660992734845,-2828.2920578863341,1205.8930074977004,1.1765920817642626
620100,13955506.085874697,39788465.875921525,-13993.467025292408,-2901.273958754161,1017.8103997021717,1.2474259705569262
621000,11316191.556592807,40618184.864213884,-12840.883307592694,-2961.7641512782066,825.34817485643293,1.3129637349963394
621900,8628156.7049233448,41273027.159972638,-11631.807963149602,-3009.5025370667486,629.33502274734053,1.3729167539777307
622800,5902974.6480890457,41750175.690777071,-10371.388296454121,-3044.2839224834456,430.61487660399541,1.427020115789027
623700,3152378.1325596585,42047578.423674606,-9064.9989225141289,-3065.9588958206245,230.04328097804637,1.4750337832404263
624600,388209.02536448464,42163957.161903046,-7718.2188946816241,-3074.4344647691664,28.483710486833246,1.5167436537851806
625500,-2377632.6594283725,42098813.012263544,-6336.8079273069052,-3069.6744515584624,-173.19614484934942,1.5519625101926462
626400,-5133239.9801691547,41852428.500207976,-4926.6818135482536,-3051.6996441590686,-374.12811181789255,1.5805308577942025
627300,-7866750.3131367937,41425866.324009672,-3493.8871420364394,-3020.5877029641647,-573.44726785133025,1.6023176447922454
628200,-10566396.404154824,40820964.753720239,-2044.5754190384027,-2976.472823390226,-770.29566057079046,1.6172208625984779
629100,-13220557.007221593,40040329.694920018,-584.97670527902005,-2919.5451558588361,-963.82599717788071,1.6251680236475816
630000,-15817806.892836748,39087323.45148968,878.62712133781565,-2850.0499856370434,-1153.2052879631831,1.6261165146127849
630900,-18346966.011389222,37966050.235709198,2339.9293642169418,-2768.2866760196653,-1337.6184283872283,1.6200538234282154
631800,-20797147.600555092,36681338.487872876,3792.6256536549845,-2674.6073793303822,-1516.2717044387227,1.6069976389974929
632700,-23157805.03012405,35238720.081239842,5230.441124608059,-2569.4155211960256,-1688.3962062843564,1.5869958229366365
633600,-25418777.183015123,33644406.501464888,6647.1575113552935,-2453.1640645071479,-1853.2511355939196,1.5601262531619002
634500,-27570332.177437264,31905262.102620609,8036.6400438048477,-2326.3535604144126,-2010.1269923530911,1.5264965395897048
635400,-29603209.242177084,30028774.554475956,9392.8640306330217,-2189.5299946214495,-2158.3486274633919,1.4862436126676295
636300,-31508658.564829782,28023022.607785743,10709.941015296732,-2043.2824381171379,-2297.2781479736973,1.4395331859054608
637200,-33278478.941403233,25896641.315919098,11982.144392214595,-1888.2405123402752,-2426.317662389622,1.3865590940267463
638100,-34905053.065087803,23658784.862161364,13203.934372075448,-1725.0716795835363,-2544.9118541650919,1.3275425088187152
639000,-36381380.302062243,21319087.152413044,14369.982187313,-1554.478370217575,-2652.5503721934715,1.2627310352268248
639900,-37701106.812960595,18887620.342732981,15475.193431293395,-1377.1949590458753,-2748.7700278822613,1.1923976907240512
640800,-38858552.890014783,16374851.480182581,16514.73042771445,-1193.9846037821003,-2833.1567892139528,1.1168397714886247
641700,-39848737.391867369,13791597.443678681,17484.033530130746,-1005.6359592697763,-2905.3475630637745,1.0363776094496084
642600,-40667399.170567252,11148978.37901058,18378.841255416955,-812.95978163445443,-2965.031757959955,0.9513532248078187
643500,-41311015.398266338,8458369.8287817258,19195.209159383143,-616.78543706660082,-3011.9526204301965,0.86212887920782522
644400,-41776816.71456717,5731353.7637612708,19929.527367675124,-417.95733037490493,-3045.9083390749147,0.76908553531922663
645300,-42062799.129269436,2979668.7269428265,20578.536680539924,-217.33126882055262,-3066.7529115384209,0.67262122917323486
646200,-42167732.629362173,215159.30547922803,21139.343176010399,-15.770777039703091,-3074.3967706076933,0.57314936218193424
647100,-42091166.453439698,-2550274.8514291914,21609.431242552044,185.85662091879234,-3068.8071667481972,0.47109692032797001
648000,-41833431.011212833,-5304730.2486853208,21986.674979193176,386.68313627258897,-3050.0083054803185,0.3669026285366076
648900,-41395636.440371692,-8036350.7745359335,22269.347908587282,585.84445067330125,-3018.0812391009399,0.2610150487140766
649800,-40779667.807659082,-10733378.722002771,22456.130956279896,782.48343565291793,-2973.1635133549457,0.15389063034184569
650700,-39988176.975563698,-13384205.382641135,22546.118657606676,975.75384023842162,-2915.4485707535518,0.045991722843963481
651600,-39024571.17046845,-15977420.994776268,22538.823562059752,1164.8239307998351,-2845.1849133130772,-0.062215440814573163
652500,-37892998.302323096,-18501863.831340536,22434.178813546285,1348.8800674475051,-2762.6750285425378,-0.17026277969019055
653400,-36598329.099886864,-20946668.216344353,22232.538893643698,1527.1302016162542,-2668.2740835352397,-0.27768240991620236
654300,-35146136.139242262,-23301311.263833273,21934.678523651426,1698.8072798630321,-2562.3883930132261,-0.3840086896105469
655200,-33542669.856558938,-25555658.138880871,21541.78972987349,1863.172539356508,-2445.4736681297536,-0.48878025410062792
656100,-31794831.648930274,-27700005.646706942,21055.477085074301,2019.518681047085,-2318.0330537505079,-0.59154203210441991
657000,-29910144.179466009,-29725123.963354893,20477.75114737462,2167.1729070695105,-2180.614962806445,-0.69184723373829971
657900,-27896719.014655035,-31622296.329471484,19811.020125949333,2305.4998095431988,-2033.810717138153,-0.78925930149901558
658800,-25763221.733270988,-33383356.537564695,19058.079810718864,2433.9040985934034,-1878.2520050322009,-0.88335381567733895
659700,-23518834.656740516,-35000724.052629523,18222.101810764743,2551.8331581157254,-1714.6081663833418,-0.97372034599604984
660600,-21173217.360895157,-36467436.616184145,17306.620153429816,2658.7794185437428,-1543.583317102109,-1.0599642416152657
661500,-18736465.138348609,-37777180.194507077,16315.516302973139,2754.2825366518368,-1365.9133250250618,-1.1417083520089846
662400,-16219065.589352755,-38924316.143166207,15253.00266423122,2837.9313732300279,-1182.3626501742644,-1.2185946715836156
663300,-13631853.526858995,-39903905.471739687,14123.604642986962,2909.3657603025695,-993.72106275320573,-1.2902859012805949
664200,-10985964.388620589,-40711730.104901701,12932.141340661021,2968.2780504252114,-800.80025275761238,-1.3564669207805049
665100,-8292786.3554918338,-41344311.048739128,11683.704966514122,3014.4144414855887,-604.43034552072095,-1.4168461653062996
666000,-5563911.3805883201,-41798923.384232163,10383.639055777299,3047.5760713454033,-405.45633790240151,-1.4711569014103203
666900,-2811085.3386477013,-42073608.023225971,9037.5155870035051,3067.6198776000792,-204.73447016877449,-1.5191583965256497
667800,-46157.508752665017,-42167180.175894104,7651.1110964492846,3074.4592186895152,-3.1285488920608486,-1.5606369774694544
668700,2718970.3934705881,-42079234.492597491,6230.3818914380381,3068.0642535702564,198.49376357243963,-1.5954069735065919
669600,5472395.416000166,-41810146.857124873,4781.438468414146,3048.4620781524932,399.26467730593896,-1.6233115400174751
670500,8202264.5835695136,-41361072.822508037,3310.5192447553677,3015.7366177119602,598.32000490639587,-1.6442233592665192
671400,10896825.904224794,-40733942.694883592,1823.9637163541731,2970.0282755040926,794.80287754539984,-1.6580452152370737
672300,13544478.950356867,-39931453.285166971,328.1851554914972,2911.533338832101,987.86743113314787,-1.6647104399858828
673200,16133824.796864998,-38957056.362554468,-1170.3570344068353,2840.5031448482664,1176.682446803394,-1.6641832294739589
674100,18653715.101623021,-37814943.858017303,-2665.1851889349141,2757.2430093944577,1360.4349300771457,-1.6564588273509211
675000,21093300.116854291,-36510029.879937761,-4149.831358465407,2662.1109232092463,1538.3336132782101,-1.641563575704156
675900,23442075.42437239,-35047929.617799297,-5617.865269530248,2555.5160208402108,1709.6123660561695,-1.6195548323311149
676800,25689927.192898847,-33434935.223320086,-7062.9221517038995,2437.9168285961564,1873.5334992231506,-1.5905207546499083
677700,27827175.761811279,-31677988.771550059,-8478.7303102269743,2309.8192988498836,2029.3909475296462,-1.5545799509278204
678600,29844617.362684723,-29784652.417175151,-9859.1383254752254,2171.7746389525805,2176.5133174908624,-1.5118810000758658
679500,31733563.797840286,-27763075.873528473,-11198.14176175891,2024.376943940669,2314.2667869273378,-1.462601841827762
680400,33485879.903778635,-25621961.353537947,-12489.909269829885,1868.2606430997782,2442.0578435001203,-1.406949039689618
681300,35094018.636816494,-23370526.122987151,-13728.807969875168,1704.0977712933682,2559.3358501992593,-1.3451569196093029
682200,36551053.62842349,-21018462.826975301,-14909.42800467993,1532.5950767604691,2665.5954264819998,-1.2774865878685024
683100,37850709.068630427,-18575897.760282904,-16026.606156040425,1354.4909778333822,2760.3786345504868,-1.2042248322425162
684000,38987386.787401229,-16053347.261431767,-17075.448421386292,1170.5523817175801,2843.2769611043896,-1.1256829109994613
684900,39956190.415978059,-13461672.418527685,-18051.351451916256,981.57137910850088,2913.9330857973468,-1.0421952348187697
685800,40752946.522867523,-10812032.282449422,-18950.022758343952,788.3618289897056,2972.0424285631902,-0.95411794719567555
686700,41374222.63227763,-8115835.7895620521,-19767.499595570713,591.7558484608046,3017.3544689535929,-0.8618274093607512
687600,41817342.046380132,-5384692.6018531695,-20500.166443226139,392.60022287882543,3049.673831638142,-0.7657185961788231
688500,42080395.406697065,-2630363.077189689,-21144.771005020339,191.75275196098943,3068.8611332555802,-0.66620340989756544
689400,42162248.94413057,135292.41375282547,-21698.438656205602,-9.921452211698977,3074.8335868656727,-0.56370891899001263
690300,42062549.381603733,2900364.604444915,-22158.685275120872,-211.55369913342594,3067.5653613293684,-0.45867552967559544
691200,41781725.467890583,5652946.6619834602,-22523.428401758414,-412.27546945641478,3047.0876940350663,-0.35155509800888485
692100,41320986.135918044,8381185.5068080127,-22790.996673515456,-611.22216385250954,3013.4887564853125,-0.2428089906927931
693000,40682315.293552719,11073332.90042063,-22960.137495740757,-807.53683479749452,2966.9132733556512,-0.13290610300205874
693900,39868463.269573301,13717796.079919608,-23030.022912321481,-1000.3738850065424,2907.5618967301416,-0.022320842392245563
694800,38882934.952108085,16303187.720179614,-23000.253649343715,-1188.9027164079025,2835.6903383009453,0.088468913481289199
695700,37729974.671219759,18818375.00750142,-22870.861312763642,-1372.311313773853,2751.6082633871656,0.19898387550199276
696600,36414547.891481169,21252527.612497065,-22642.30872900879,-1549.8097474314313,2655.6779516757538,0.30874540968899122
697500,34942319.794242777,23595164.35485113,-22315.488425452557,-1720.6335798486175,2548.3127306099213,0.41727760272784142
698400,33319630.842783034,25836198.358380929,-21891.719255732991,-1884.0471613322204,2429.9751883434997,0.52410931752696366
699300,31553469.436597764,27965980.501479212,-21372.741182881346,-2039.346800579219,2301.1751741386124,0.62877622994899951
700200,29651441.773665924,29975340.975529995,-20760.708241150616,-2185.8637963908582,2162.4675950046894,0.73082283796448966
701100,27621739.051573392,31855628.772204906,-20058.179705252256,-2322.9673174854001,2014.4500182553088,0.82980443461325071
702000,25473102.149830837,33598748.929634526,-19268.109503385862,-2450.0671180277668,1857.7600904919132,0.92528903633588455
702900,23214783.946538791,35197197.377263658,-18393.833917946449,-2566.6160772288249,1693.0727843066688,1.0168592584524514
703800,20856509.432686515,36644093.229695231,-17439.057625084355,-2672.1125521501554,1521.0974847275077,1.1041141298165598
704700,18408433.796779841,37933208.390956789,-16407.838131341432,-2766.1025336778321,1342.5749281038095,1.1866708389585852
705600,15881098.661138037,39058994.34233404,-15304.568672363785,-2848.1815964970674,1158.2740067487171,1.2641664043501384
706500,13285386.659046607,40016605.999156117,-14133.959645168039,-2917.9966348043395,968.98845321143824,1.3362592617702655
707400,10632474.548970561,40801922.534630492,-12901.018651588083,-2975.2473764305669,775.53341854816313,1.4026307621303935
708300,7933785.0681942254,41411565.081956603,-11611.029236329219,-3019.6876690136937,578.74195939174285,1.4629865735161482
709200,5200937.7335360646,41842911.239436828,-10269.528408485487,-3051.1265328472232,379.46144898676283,1.5170579816271319
710100,2445698.8011711808,42094106.317094035,-8882.2830404156612,-3069.4289760384167,178.54992765712359,1.5646030832369535
711000,-320069.39893514663,42164071.277335167,-7455.265242509262,-3074.5165686315881,-23.127591592972038,1.6054078677513859
711900,-3084459.535933028,42052507.336411536,-5994.6268165947968,-3066.3677733837321,-224.70284647691904,1.639287182408494
712800,-5835570.5386679694,41759897.2077571,-4506.6728945406676,-3045.0180319173232,-425.30806185500938,1.666085577137016
713700,-8561558.823590694,41287502.982676841,-2997.834871971153,-3010.559606014207,-624.07968319459894,1.685678025563462
714600,-11250689.269906325,40637360.658247627,-1474.6427499657489,-2963.1411748509468,-820.16209109373108,1.6979705191303793
715500,-13891385.723056966,39812271.336625367,56.302999866318487,-2902.9671900057838,-1012.7112809992941,1.7029005317541352
716400,-16472280.809738416,38815789.134165697,1588.3599294362789,-2830.2969910866591,-1200.8984924135716,1.7004373529067736
717300,-18982264.850669723,37652205.852804013,3114.8723481471689,-2745.4436858348577,-1383.9137721089239,1.6905822874499365
718200,-21410533.661249276,36326532.479948156,4629.2001762725404,-2648.7727995463183,-1560.9694561578588,1.6733687209785604
719100,-23746635.035025522,34844477.596658424,6124.7477962983312,-2540.7006996191276,-1731.3035559334853,1.6488620498467907
720000,-25980513.710564092,33212422.787071612,7594.9927802206394,-2421.6928019781126,-1894.1830336415999,1.617159475450467
720900,-28102554.628782917,31437395.154816486,9033.5143705859173,-2292.2615670426885,-2048.9069534089222,1.5783896627322547
721800,-30103624.295127247,29527037.064516608,10434.021593204094,-2152.9642937893855,-2194.8094944704922,1.5327122632632173
722700,-31975110.069038831,27489573.238334466,11790.380879958959,-2004.400721312898,-2331.2628135714504,1.4803173036457322
723600,-33708957.212007403,25333775.348829776,13096.643080990982,-1847.2104481063168,-2457.6797443226551,1.4214244403868623
724500,-35297703.535044402,23068924.260139734,14347.069746752992,-1682.0701800595555,-2573.5163219242545,1.3562820828207522
725400,-36734511.496652849,20704770.079594076,15536.15856206639,-1509.6908189120504,-2678.274122394831,1.2851663861253171
726300,-38013197.613245092,18251490.191310842,16658.667816374771,-1330.814403588503,-2771.5024062143602,1.208380116995047
727200,-39128259.055439733,15719645.45203729,17709.639796952448,-1146.2109174916839,-2852.8000571052653,1.1262513951096882
728100,-40074897.315707423,13120134.737465044,18684.422994936936,-956.67497542074159,-2921.8173075352356,1.0391323141854842
729000,-40849038.845383994,10464148.034421064,19578.693017781286,-763.02240432368637,-2978.2572434260578,0.94739744711652163
729900,-41447352.572078638,7763118.2806802429,20388.472106130022,-566.08673257511839,-3021.8770814918248,0.8514422405051677
730800,-41867264.221921228,5028672.1596285356,21110.14715827184,-366.71560289130116,-3052.4892136044059,0.75168130473508799
731700,-42106967.384858765,2272580.0615967256,21740.48617126271,-165.76712435074842,-3069.9620135904461,0.64854660663988661
732600,-42165431.275267243,-493294.5726422735,22276.653014574578,35.89382072372527,-3074.2204028980759,0.54248557274205067
733500,-42042405.154428236,-3257046.307988002,22716.220459715194,237.39929904917824,-3065.2461726281117,0.43395911194951681
734400,-41738419.395864442,-6006778.9507417735,23057.181397658314,437.88206171821867,-3043.0780604983147,0.32343956746600167
735300,-41254783.18906711,-8730656.7431528941,23297.95818506656,636.47927640511091,-3007.8115823941662,0.2114086084594472
736200,-40593578.891712427,-11416955.296162285,23437.41007009126,832.3362402721707,-2959.5986192490823,0.098355072704948754
737100,-39757653.054982655,-14054112.040882245,23474.838658876484,1024.6100574950767,-2898.6467610841801,-0.015227228057088524
738000,-38750604.161012217,-16630775.981484186,23409.991394633773,1212.4732654918964,-2825.2184111156307,-0.12884172795317919
738900,-37576767.125699259,-19135856.535262808,23243.063032128779,1395.1173941829172,-2739.6296538993797,-0.24199133973689629
739800,-36241194.63409169,-21558571.249687206,22974.695101462457,1571.7564429247177,-2642.2488925218436,-0.35418068823399157
740700,-34749635.389208868,-23888492.191214159,22605.973365971033,1741.6302601492719,-2533.4952608549529,-0.46491833242936997
741600,-33108509.368432172,-26115590.806496736,22138.423289756509,1904.0078111937889,-2413.836817868917,-0.57371896451421212
742500,-31324880.194432352,-28230281.063339584,21574.003540658323,2058.1903203252791,-2283.7885319314159,-0.68010557470849942
743400,-29406424.739942085,-30223460.686292656,20915.097564279105,2203.5142735410777,-2143.9100639134972,-0.78361157127511105
744300,-27361400.097479023,-32086550.310097035,20164.503273905149,2339.3542693581148,-1994.8033587668961,-0.88378284581287303
745200,-25198608.056329921,-33811530.383256175,19325.420909766024,2465.1257054849175,-1837.1100560322814,-0.98017977462428851
746100,-22927357.23967839,-35390975.663757935,18401.439129039492,2580.2872899966796,-1671.5087304811439,-1.0723791476693527
747000,-20557423.064658057,-36818087.1593697,17396.519395330917,2684.3433664007962,-1498.7119747844461,-1.1599760173156159
747900,-18099005.697305277,-38086721.37592341,16314.978743065458,2776.8460427841678,-1319.4633367378763,-1.2425854597581414
748800,-15562686.18283898,-39191416.748550504,15161.470998363948,2857.3971160704928,-1134.5341241560768,-1.3198442425996306
749700,-12959380.939382046,-40127417.142869167,13940.966543573646,2925.6497832824957,-944.72009107619442,-1.391412392646338
750600,-10300294.810132897,-40890692.325620227,12658.730717740273,2981.3101325974226,-750.83801938428041,-1.4569746584889722
751500,-7596872.8750754315,-41477955.31714198,11320.300949981553,3024.138407901557,-553.72221039610122,-1.5162418629059151
752400,-4860751.2285593282,-41886676.551320352,9931.4627269931079,3053.9500414883214,-354.22090128640275,-1.5689521405556142
753300,-2103706.9334728587,-42115094.782197066,8498.2244998150109,3070.6164505023662,-153.19262156703272,-1.6148720568264929
754200,662392.63374909665,-42162224.690215945,7026.7916385321432,3074.0655937064635,48.497494936180885,-1.653797604096487
755100,3425640.8304021554,-42027861.155082561,5523.5395467851113,3064.2822861366644,249.98142696618973,-1.685555072030489
756000,6174142.9684533197,-41712580.176354483,3994.9860508334323,3041.3082702113907,450.39199580260538,-1.7100017889219072
756900,8896067.4896868318,-41217736.43711368,2447.7631804338471,3005.2420428692799,648.8665924672257,-1.7270267314715706
757800,11579696.875670105,-40545457.520345166,888.58846096290108,2956.238439325698,844.55088630789464,-1.736551000799806
758700,14213478.074143652,-39698634.801901758,-675.76416199149935,2894.507975055627,1036.6024991517647,-1.7385281629092151
759600,16786072.225343693,-38680911.058116145,-2238.4936429386576,2820.3159486277159,1224.1946293327196,-1.7329444522594031
760500,19286403.47458465,-37496664.84017209,-3792.8012780660874,2733.981309026844,1406.519610075517,-1.7198188375811778
761400,21703706.661154903,-36150991.681208134,-5331.9201438981727,2635.8752921065566,1582.7923869618185,-1.6992029495460479
762300,24027573.67820365,-34649682.215740807,-6849.1444087194559,2526.4198318039962,1752.253899510968,-1.6711808704155935
763200,26247998.30380572,-32999197.304301843,-8337.858392797385,2406.0857527239541,1914.1743522812176,-1.635868786321893
764100,28355419.309767656,-31206640.269126777,-9791.5652542679018,2275.3907516508766,2067.8563613346382,-1.5934145033711546
765000,30340761.661959786,-29279726.359252643,-11203.915178867846,2134.8971764733069,2212.6379624104266,-1.543996829314525
765900,32195475.634000342,-27226749.575422551,-12568.732953518798,1985.2096118996594,2347.8954677154543,-1.4878248230887798
766800,33911573.66494754,-25056546.996700734,-13880.044806091792,1826.972282202679,2473.0461588660355,-1.4251369150904414
767700,35481664.801240683,-22778460.761617191,-15132.10439651151,1660.8662820477289,2587.550804198836,-1.3561999016062503
768600,36898986.573432088,-20402297.866936155,-16319.417847688816,1487.6066472327823,2690.9159894090317,-1.28130781737618
769500,38157434.169225976,-17938287.95672711,-17436.767708594281,1307.9392778912475,2782.6962512672717,-1.2007806908082228
770400,39251586.775942333,-15397039.28326476,-18479.235746091956,1122.6377273785276,2862.4960050102054,-1.1149631868931305
771300,40176730.977702282,-12789493.029352289,-19442.224466927441,932.49987067566281,2929.9712568886202,-1.0242231433783962
772200,40928881.105334625,-10126876.188910499,-20321.477276489713,738.34446669507156,2984.8310942883963,-0.9289500062502829
773100,41504796.450173989,-7420653.2090685144,-21113.097186621271,541.00762936119304,3026.838946808135,-0.8295531710377243
774000,41901995.266501449,-4682476.602497871,-21813.563990812512,341.33922275993461,3055.8136126788295,-0.72646023688883643
774900,42118765.501306213,-1924136.743323613,-22419.749831557161,140.19919600298039,3071.6300459403606,-0.62011518077744288
775800,42154172.204260863,842488.93639928917,-22928.933091437979,-61.546126265792893,3074.2199008419407,-0.51097645957050042
776700,42008061.585236147,3605487.1299566627,-23338.810546624652,-263.02778158579071,3063.5718310037018,-0.39951504802536708
777600,41681061.701270424,6352959.9975754153,-23647.50772886597,-463.37791934587904,3039.7315419591723,-0.28621242108696604
778500,41174579.769585811,9073076.4441835657,-23853.587449712537,-661.73354606911903,3002.8015967881061,-0.1715584891166308
779400,40490796.11794135,11754123.111389956,-23956.056448577387,-857.24024999748656,2952.9409756407235,-0.056049494906131828
780300,39632654.798266575,14384554.862954758,-23954.370134294233,-1049.0558887459902,2890.3643910426008,0.059814118490029516
781200,38603850.904058672,16953044.545208763,-23848.435398027872,-1236.3542239574531,2815.3413619489484,0.17552985993343742
782100,37408814.646388255,19448531.807032119,-23638.61148369026,-1418.328487124111,2728.1950505827217,0.29059535312744411
783000,36052692.257476538,21860270.768106826,-23325.70891037953,-1594.1948610487837,2629.3008671378361,0.40451050097508973
783900,34541323.804616846,24177876.329192828,-22910.986449748361,-1763.1958617951691,2519.0848484517855,0.51677964204887228
784800,32881218.010653529,26391368.924121208,-22396.1461695826,-1924.6036064217867,2398.0218177464085,0.62691368988984886
785700,31079524.190241404,28491217.520022012,-21783.326563191833,-2077.7229523050278,2266.6333334968094,0.73443224593556322
786600,29144001.423629805,30468380.679977003,-21075.093792440759,-2221.8944944310929,2125.4854364120624,0.83886567700157322
787500,27082985.10169274,32314345.510772858,-20274.431080345501,-2356.4974076714093,1975.1862043930987,0.93975714840956937
788400,24905350.987305768,34021164.327688999,-19384.726297083984,-2480.9521217482984,1816.3831261690914,1.0366646040647762
789300,22620476.948902514,35581488.878243074,-18409.757790987325,-2594.7228173437679,1649.7603050999264,1.129162685035898
790200,20238202.532081444,36988601.977490045,-17353.67852355387,-2697.3197326006798,1476.0355053654973,1.2168445784803377
791100,17768786.544433117,38236446.418778233,-16220.998574724648,-2788.301270108223,1295.9570534393342,1.2993237890843221
792000,15222862.837280404,39319651.035756059,-15016.566091545956,-2867.2758953485741,1110.3006083615337,1.3762358255497897
792900,12611394.475732222,40233553.803841159,-13745.546759890747,-2933.9038185043992,919.86581488150898,1.4472397950546845
793800,9945626.4953137711,40974221.88225323,-12413.401885087291,-2987.8984524830366,725.4728540324088,1.5120198990387375
794700,7237037.4494247437,41538468.511014014,-11025.865173085233,-3029.0276409981138,527.95890612424614,1.5702868241186918
795600,4497289.9569679759,41923866.69097174,-9588.9183091530831,-3057.1146515582191,328.17454150023991,1.6217790224128026
796500,1738180.4636648889,42128759.588853076,-8108.7654360278193,-3072.0389292402342,126.98005468945829,1.6662638760497213
797400,-1028411.5661837205,42152267.623518787,-6591.8066379105976,-3073.7366081671803,-74.758242192288648,1.7035387411479714
798300,-3790574.8084337041,41994292.203938074,-5044.6105407111099,-3062.2007786619401,-276.17175079263018,1.7334318670736195
799200,-6536417.3679217165,41655516.103838407,-3473.8861424787901,-3037.4815091042474,-476.39332654461043,1.7558031873117859
800100,-9254117.9765687827,41137400.472467437,-1886.4539910191993,-2999.6856225740089,-674.56101127240038,1.7705449788159675
801000,-11931976.880502626,40442178.495361544,-289.21682828000007,-2948.9762294146549,-869.82174235295224,1.7775823872230871
801900,-14558466.197427873,39572845.733387329,1310.8701767904784,-2885.5720178913534,-1061.3350225341028,1.7768738158361885
802800,-17122279.527893946,38533147.182549544,2906.8294835466031,-2809.7463061461481,-1248.2765347045115,1.7684111767756918
803700,-19612380.607448142,37327561.111080825,4491.6913985233004,-2721.8258596613155,-1429.8416861706542,1.7522200031789927
804600,-22018050.790897418,35961279.744088188,6058.5243324994344,-2622.189479429604,-1605.2490673189443,1.7283594217832872
805500,-24328935.165016323,34440186.879472971,7600.4649699539395,-2511.2663669918793,-1773.7438099247579,1.6969219856546331
806400,-26535087.092004992,32770832.531910464,9110.7482250905978,-2389.5342734357605,-1934.6008308124724,1.6580333672258996
807300,-28627010.992793322,30960404.714321531,10582.736858922997,-2257.5174403499122,-2087.1279470691343,1.6118519121778467
808200,-30595703.186875384,29016698.478441641,12009.950632549713,-2115.7843415950579,-2230.6688495666317,1.5585680550441501
809100,-32432690.613708876,26948082.347745586,13386.094872690604,-1964.9452355817607,-2364.6059221507785,1.4984035977476875
810000,-34130067.269793734,24763462.287073396,14705.088326784215,-1805.6495385342741,-2488.3628945080413,1.4316108525910773
810900,-35680528.205314867,22472243.36378254,15961.090186458479,-1638.5830299669576,-2601.4073174193886,1.3584716515400759
811800,-37077400.934657678,20084289.265081652,17148.526159988753,-1464.4649023027378,-2703.2528498535466,1.27929622396924
812700,-38314674.126140356,17609879.845344201,18262.113476469618,-1284.0446672197704,-2793.4613481365059,1.1944219454012626
813600,-39387023.447912134,15059666.885619203,19296.884706886161,-1098.0989319206146,-2871.6447482582826,1.1042119601837359
814500,-40289834.459096245,12444628.255216295,20248.210290130337,-907.42805907575291,-2937.466733239401,1.0090536815274378
815400,-41019222.447863944,9776020.6721114386,21111.81965533708,-712.85272469779659,-2990.6441783761061,0.90935717289585338
816300,-41572049.13116321,7065331.2649663873,21883.820835796898,-515.21038865185801,-3030.9483681126649,0.8055534153998084
817200,-41945936.144241132,4324228.1447521634,22560.718474228372,-315.35169289877553,-3058.2059792485925,0.69809246662093016
818100,-42139275.261839196,1564510.1982873501,23139.430124461844,-114.13680289850896,-3072.2998261756065,0.58744151716336135
819000,-42151235.306950852,-1201943.6805765745,23617.300760685433,87.568292131553378,-3073.1693648503328,0.47408285220449947
819900,-41981765.717251368,-3963225.7038890277,23992.115412415031,288.8955042071193,-3060.8109532407047,0.35851172636269951
820800,-41631596.75368192,-6707450.4268543385,24262.109851324898,488.97838078691746,-3035.2778670325947,0.24123416129129882
821700,-41102236.35012994,-9422805.8889915533,24425.979265039103,686.95583211009443,-2996.680070443872,0.12276467650487909
822600,-40395963.617631197,-12097604.439128226,24482.884862917974,881.97583557913993,-2945.1837430607329,0.0036239649964847215
823500,-39515819.030961059,-14720333.025460821,24432.4583697173,1073.1991011902569,-2881.0105646802203,-0.11566347383642928
824400,-38465591.339814492,-17279702.734179653,24274.804374642768,1259.802682171588,-2804.4367612073252,-0.23457173062617448
825300,-37249801.260931224,-19764697.363374889,24010.50051561599,1440.9835152228311,-2715.7919157087522,-0.3525758978756155
826200,-35873682.021435052,-22164620.823100034,23640.595491322365,1615.9618750567911,-2615.4575497618384,-0.46915448285790323
827100,-34343156.837260835,-24469143.157551691,23166.604906607117,1783.9847283227941,-2503.8654812499071,-0.5837918070854764
828000,-32664813.423773576,-26668344.991305288,22590.504969792797,1944.3289724412523,-2381.4959657382947,-0.69598037797739531
828900,-30845875.648480169,-28752760.208396569,21914.724073275938,2096.3045453950326,-2248.8756295125886,-0.80522321872670555
829800,-28894172.448037025,-30713416.680722959,21142.132301103586,2239.2573931028965,-2106.5752032668993,-0.91103614297339719
830700,-26818104.143510889,-32541874.870718949,20276.028918938398,2372.5722816390785,-1955.2070662905498,-1.0129499616889261
831600,-24626606.299004562,-34230264.142491825,19320.127912736549,2495.6754422563986,-1795.4226118124368,-1.1105126106306589
832500,-22329111.279266372,-35771316.625542536,18278.541652471231,2608.037037913562,-1627.9094449200697,-1.2032911877799393
833400,-19935507.671720464,-37158398.485792071,17155.762766265409,2709.1734407955564,-1453.3884251725051,-1.2908738912860986
834300,-17456097.747444682,-38385538.469835281,15956.644318324476,2798.6493111446507,-1272.6105666709541,-1.3728718495540491
835200,-14901553.14395079,-39447453.600099832,14686.378391094662,2876.0794685837927,-1086.3538089365452,-1.4489208361956258
836100,-12282868.960157335,-40339571.910843223,13350.473178160524,2941.1305480098335,-895.41967247053651,-1.5186828635841738
837000,-9611316.4606621936,-41058052.127622873,11954.728699602107,2993.5224330569067,-700.62981333776861,-1.5818476496859326
837900,-6898394.5922975214,-41599800.205967695,10505.21125594106,3033.0294610765914,-502.82249151896508,-1.6381339536810853
838800,-4155780.5209643622,-41962482.658409856,9008.2267405029852,3059.4813945476822,-302.84896812149293,-1.6872907766278831
839700,-1395279.4008814585,-42144536.612748101,7470.2929330966463,3072.7641548111433,-101.56984682128584,-1.7290984240719829
840600,1371226.4083704588,-42145176.558354005,5898.1109004383288,3072.8203150219492,100.14862486929047,-1.7633694280693353
841500,4131828.4592825677,-41964397.751444772,4298.5356307991387,3059.6493502160197,301.43827875194643,-1.7899493265899564
842400,6874643.4491677154,-41602976.264475785,2678.5460319778686,3033.3076434043082,501.43275765616016,-1.8087172987170868
843300,9587864.3485427443,-41062465.679097287,1045.214422941732,2993.9082476243093,699.27123982304761,-1.8195866544680175
844200,12259811.205855925,-40345190.43641717,-594.3243496436686,2941.6204048987343,894.102140090577,-1.8225051784543682
845100,14878981.410585115,-39454235.872559674,-2232.9040382426838,2876.6688240686626,1085.0867720977976,-1.8174553269838574
846000,17434099.198958851,-38393434.981651098,-3863.3582326996157,2799.3327204807724,1271.4029558749094,-1.8044542785932465
846900,19914164.189686581,-37167351.962343365,-5478.5515781428658,2709.9446215117946,1452.2485553979234,-1.7835538384013485
847800,22308498.741116229,-35781262.617745966,-7071.4108413116292,2608.8889429044339,1626.8449309614803,-1.754840197087056
848700,24606793.92615398,-34241131.69212167,-8634.9556949925027,2496.6003418638338,1794.4402915608939,-1.718433545733131
849600,26799153.927066833,-32553587.240854219,-10162.329091573918,2373.5618538182439,1954.3129328743021,-1.6744875482328088
850500,28876138.658922084,-30725892.142961055,-11646.827098466374,2240.3028206778199,2105.7743468972158,-1.6231886734321777
851400,30828804.437876698,-28765912.877747089,-13081.928070312761,2097.3966193272172,2248.1721898037745,-1.5647553896742366
852300,32648742.518785261,-26682085.699021149,-14461.321035539566,1945.4581999567349,2380.8930951902485,-1.4994372249171308
853200,34328115.335616931,-24483380.351573672,-15778.933177886507,1785.1414446689107,2503.3653204950679,-1.4275136961149848
854100,35859690.287924103,-22179261.485291108,-17028.956297105971,1617.1363575886519,2615.0612150838083,-1.3492931120705201
855000,37236870.927050345,-19779647.932310507,-18205.872137046332,1442.1660984511068,2715.4994992346237,-1.2651112544891279
855900,38453725.406859204,-17294870.021950793,-19304.476473822349,1260.9838723386813,2804.2473440568015,-1.1753299424794712
856800,39505012.075464107,-14735625.116751341,-20319.901861724837,1074.3696888832235,2880.9222432192164,-1.0803354862511139
857700,40386202.096693099,-12112931.560763186,-21247.63893991939,883.12700483796255,2945.1936682529904,-0.98053703625048427
858600,41093499.002779007,-9438081.2382356897,-22083.556208815022,688.07926445309113,2996.7845001198348,-0.87636483444844282
859500,41623855.092971213,-6722590.9469887707,-22823.918191229306,490.06635255606875,3035.4722307002949,-0.76826837494128364
860400,41974984.60636206,-3978152.7960265661,-23465.401900114339,289.94097564015482,3061.0899288501396,-0.65671448144924971
861300,42145373.611150354,-1216583.8413076382,-24005.111541612274,88.564986600166804,3073.5269666939371,-0.54218530968833056
862200,42134286.566764601,1550224.822983206,-24440.591389551304,-113.1943309789816,3072.7295028677709,-0.42517628295002396
863100,41941769.529676996,4310359.2978331307,-24769.836775142343,-314.46800287925407,3058.7007204832717,-0.30619396954645217
864000,41568649.988292754,7051934.2161180647,-24991.303143559311,-514.38911242576387,3031.5008186577643,-0.18575391106312183
864900,41016533.32693103,9763143.9607326034,-25103.913137247229,-712.09654050408369,2991.2467575353608,-0.064378410606080919
865800,40287795.933560982,12432313.542646989,-25107.061674164728,-906.73868116121196,2938.111757806264,0.057405709566907479
866700,39385574.980550766,15047948.918797938,-25000.618997693287,-1097.4771166267308,2872.3245568113011,0.17906937148240532
867600,38313754.92216526,17598786.532081623,-24784.931683594568,-1283.4902357574158,2794.168424390748,0.30008351629051899
868500,37076950.766842805,20073841.859038085,-24460.821598129594,-1463.9767801474345,2703.9799426958484,0.41992138077368263
869400,35680488.196329556,22462456.755083177,-24029.582810227974,-1638.1593024564418,2602.1475552230195,0.53806076576758588
870300,34130380.61748673,24754345.392338526,-23492.976469370358,-1805.2875218879474,2489.1098913497694,0.65398628675920389
871200,32433303.245950211,26939638.59120962,-22853.223669581552,-1964.6415621987626,2365.3538736429318,0.76719159699567363
872100,30596564.333752774,29008926.353839993,-22112.996328582893,-2115.5350581350872,2231.4126161692989,0.8771815735527011
873000,28628073.665457103,30953298.415394731,-21275.406119679756,-2257.3181167696198,2087.8631229615185,0.98347445697209412
873900,26536308.459237356,32764382.637764078,-20343.991502322246,-2389.3801208543191,1935.3237966737829,1.0856039352837312
874800,24330276.820633773,34434381.079688922,-19322.702905433827,-2511.1523620021721,1774.4517682981618,1.1831211634777787
875700,22019478.907337379,35956103.587451689,-18215.886125514793,-2622.1104922652876,1605.9400595993732,1.2755967097860057
876600,19613865.973292615,37322998.761102416,-17028.264009156766,-2721.7767834822539,1430.5145906595092,1.3626224204661235
877500,17123797.469589353,38529182.162651323,-15764.916496914117,-2809.7221846211141,1248.9310456012295,1.4438131951578435
878400,14559996.388011476,39569461.644702896,-14431.259112433541,-2885.5681682414443,1061.9716101748966,1.5188086652919013
879300,11933503.040679589,40439359.690577812,-13033.019987310694,-2948.9883581353974,870.44159544910963,1.5872747684815673
880200,9255627.4759367108,41135132.67000901,-11576.215518292322,-2999.7099311786528,675.16596233248288,1.6489052123067509
881100,6537900.7364499625,41653786.927947998,-10067.124759145581,-3037.5147874230884,476.98576207503993,1.7034228214113665
882000,3792025.1704124045,41993091.637813956,-8512.2626547479122,-3062.2404834887557,276.75450824842085,1.7505807623713756
882900,1029824.0107084108,42151588.364598759,-6918.3522296891233,-3073.7809253581258,75.334495983760235,1.7901636413498974
883800,-1736809.5600629004,42128597.297540896,-5292.2958479041181,-3072.086817735456,-126.40691554643615,1.8219884701330453
884700,-4495963.6387386778,41924220.126534902,-3641.1456635552445,-3057.1658682031498,-327.60104128135447,1.8459054967309299
885600,-7235758.9038417898,41539339.550985388,-1972.0733865480377,-3029.0827454798705,-527.38161287698756,1.8617988973277524
886500,-9944399.7697093971,40975615.424379647,-292.3394886874753,-2987.9587921566681,-724.88850959113006,1.8695873269674324
887400,-12610225.1720999,40235477.55237624,1390.738021436518,-2933.9714933523423,-919.27146135861824,1.8692243269614746
888300,-15221758.766649729,39322115.176623821,3069.8151252007074,-2867.3537037826786,-1109.6937081203121,1.8606985875976834
889200,-17767758.324264619,38239463.190772563,4737.5534916857596,-2788.3926367752329,-1295.3355996915134,1.8440340653058918
890100,-20237264.111167625,36992185.149157956,6386.6522152405323,-2697.4286197774622,-1475.3981207447389,1.819289953994194
891000,-22619646.045866907,35585653.142365173,8009.8794616981431,-2594.8536218968607,-1649.1063258358176,1.7865605108001723
891900,-24904649.430726402,34025924.62726298,9600.1038925161429,-2481.1095599734108,-1815.7126698185082,1.7459747370014678
892800,-27082439.06209312,32319716.312076069,11150.325736994373,-2356.6863906134108,-1974.5002194685046,1.6976959152936097
893700,-29143641.530025594,30474375.209590383,12653.707384005442,-2222.1199965063006,-2124.7857326697331,1.6419210050677022
894600,-31079385.526544366,28497846.983609155,14103.603366317526,-2077.9898761995123,-2265.9225921012244,1.5788798977036955
895500,-32881339.989951596,26398641.725250222,15493.589612560672,-1924.9166473179948,-2397.3035809983239,1.508834534237705
896400,-34541749.922103427,24185797.306555454,16817.491844150001,-1763.5593739825958,-2518.3634892444288,1.4320778880664062
897300,-36053469.725525871,21868840.469128624,18069.412997000778,-1594.612729902962,-2628.5815387756411,1.34893281562391
898200,-37409993.917899661,19457745.815092042,19243.759550625509,-1418.8040092941933,-2727.4836180476386,1.2597507782158011
899100,-38605485.092658579,16962892.876518268,20335.266650177116,-1236.8899983906815,-2814.6443161187071,1.1649104384333029
900000,-39634799.00620386,14395021.447619507,21339.021910191284,-1049.6537209038827,-2889.6887477424389,1.0648161348140923
900900,-40493506.684487373,11765185.371333193,22250.487792198699,-857.90107129187084,-2952.2941617353276,0.95989623868336815
901800,-41177913.454412334,9084704.9785000421,23065.522452054192,-662.45735017607706,-3002.1913257858469,0.85060139742022955
902700,-41685074.818591669,6365118.383565031,23780.398956814359,-464.16371665322873,-3039.1656818000097,0.73740266877193483
903600,-42012809.105442017,3618131.8456192347,24391.822775357308,-263.87357260672445,-3063.0582668314405,0.62078955130265423
904500,-42159706.840323925,855569.40761992801,24896.947451763317,-62.44889441990793,-3073.7663956191404,0.50126791663148818
905400,-42125136.797412664,-1910677.9702407192,25293.388375863589,139.24347226772105,-3071.2441017507608,0.37935784979923981
906300,-41909248.706145652,-4668703.5648180619,25579.234571423618,340.33553894324393,-3055.5023354805794,0.25559140490954274
907200,-41512972.600384586,-7406636.1124348138,25753.058429265224,539.96190581014889,-3026.6089172563975,0.13051028411180873
908100,-40938014.812795945,-10112690.879538678,25813.923320345417,737.26348260489283,-2984.6882470449191,0.0046634490155349068
909000,-40186850.631332502,-12775220.362247249,25761.3890324778,931.39118267837773,-2929.9207705869931,-0.12139532528330384
909900,-39262713.649030373,-15382764.396917753,25595.514984052588,1121.5095744676289,-2862.5422047582092,-0.24710994225375388
910800,-38169581.852557413,-17924099.46630628,25316.861178788811,1306.8004746401132,-2782.8425252520901,-0.3719245096486325
911700,-36912160.508998111,-20388286.989242818,24926.486877196443,1486.4664674209716,-2691.1647208373552,-0.49528588544280794
912600,-35495861.924170963,-22764720.386035606,24425.946972945381,1659.7343349124894,-2587.9033194620511,-0.61664622964488958
913500,-33926782.159285173,-25043170.717016488,23817.286075586293,1825.8583835850154,-2473.5026924799809,-0.73546554692444321
914400,-32211674.805889394,-27213830.697729141,23103.030314852844,1984.1236525582663,-2348.4551442528882,-0.85121420452311403
915300,-30357921.931784716,-29267356.901219059,22286.176895865003,2133.8489897998306,-2213.2987953293896,-0.96337540971802371
916200,-28373502.322806619,-31194909.965677906,21370.181448690964,2274.3899829412198,-2068.6152683128471,-1.0714476312014229
917100,-26266957.157068726,-32988192.634290654,20358.94322964254,2405.1417320478777,-1915.0271863997584,-1.174946949134557
918000,-24047353.259349894,-34639485.463490732,19256.78824511194,2525.5414523743884,-1753.1954953926725,-1.273409319311513
918900,-21724244.093744963,-36141680.045903422,18068.450381464372,2635.0708958853957,-1583.8166207625848,-1.3663927377996123
919800,-19307628.662440732,-37488309.605001092,16799.050636272124,2733.2585811218805,-1407.6194720512071,-1.4534792935614396
920700,-16807908.487480741,-38673576.82985539,15454.0745568491,2819.6818218363851,-1225.3623075602356,-1.5342770978564046
921600,-14235842.860605977,-39692378.830296524,14039.348001506442,2893.9685457045648,-1037.8294728700212,-1.6084220806086742
922500,-11602502.553671377,-40540329.105222002,12561.011347140346,2955.7988953389386,-845.82802726201396,-1.675579645355652
923400,-8919222.1887098365,-41213776.429679446,11025.492273671647,3004.9066047789333,-650.18427258650149,-1.7354461758043556
924300,-6197551.4724226389,-41709820.579620868,9439.4772615166094,3041.0801456044378,-451.74019951872833,-1.7877503883777257
925200,-3449205.5046970663,-42026324.82683067,7809.8819427485923,3064.163637813469,-251.34986648191494,-1.8322545263954544
926100,-686014.37467217864,-42161925.150406383,6143.8204500044521,3074.0575216138345,-49.875726784944533,-1.8687553926815073
927000,2080127.7391197737,-42116036.125260435,4448.5739096071293,3070.7189872996973,151.81508027434401,-1.8970852184125093
927900,4837313.745925257,-41888853.46235393,2731.5582269310303,3054.1621614127753,352.85445845197279,-1.9171123669160579
928800,7573674.8774879966,-41481353.18971011,1000.2913128413884,3024.4580484208072,552.37708778648016,-1.9287418719029223
929700,10277431.760321934,-40895287.477627374,-737.64009980485002,2981.7342281792767,749.52414604613557,-1.9319158102852543
930600,12936945.106249832,-40133177.125861347,-2474.613901012237,2926.1743104726952,943.4470024848406,-1.9266135103110893
931500,15540765.803546693,-39198300.74481447,-4203.0061621598197,2858.0171489555728,1133.3108681182157,-1.91285159625263
932400,18077684.193572424,-38094680.676902883,-5915.2246618011495,2777.5558178270626,1318.2983869160596,-1.8906838713401852
933300,20536778.321230143,-36827065.718207084,-7603.7422340920784,2685.136355573763,1497.6131525548403,-1.8602010410533842
934200,22907460.951931484,-35400910.714199051,-9261.1297972683442,2581.156281098717,1670.4831356833306,-1.8215302792807673
935100,25179525.152971722,-33822353.11671821,-10880.088922031482,2466.0628885177948,1836.1640070251926,-1.7748346402506883
936000,27343188.243294921,-32098186.602388036,-12453.483802490902,2340.3513278437067,1993.9423420731596,-1.7203123195299688
936900,29389133.922540046,-30235831.86526981,-13974.3724954565,2204.5624796892766,2143.1386936193667,-1.6581957677877726
937800,31308552.397975892,-28243304.708687514,-15436.037297388551,2059.2806330016392,2283.1105189138507,-1.5887506614346156
938700,33093178.336426124,-26129181.572778162,-16832.014132200828,1905.1309756839958,2413.2549488466907,-1.51227473467118
939600,34735326.477522641,-23902562.645373557,-18156.120827389419,1742.7769087678716,2533.0113872067391,-1.4290964779174569
940500,36227924.75456927,-21573032.714256659,-19402.484160633056,1572.9171955629029,2641.8639287791948,-1.3395737080381867
941400,37564544.779908858,-19150619.928611919,-20565.565564087563,1396.2829579294564,2739.3435858029516,-1.2440920162307962
942300,38739429.5629225,-16645752.64656098,-21640.185379079867,1213.6345324886079,2825.0303131139381,-1.143063099893729
943200,39747518.340604588,-14069214.554002903,-22621.545559795297,1025.7582002008908,2898.5548231494936,-1.036922985241022
944100,40584468.413002282,-11432098.247523107,-23505.250730839434,833.46280330676177,2959.6001828779881,-0.9261301478680326
945000,41246673.888632901,-8745757.4808635619,-24287.327510233157,637.5762641251365,3007.9031856437664,-0.81116353889915016
945900,41731281.258243084,-6021758.280326427,-24964.242016451917,438.94202064903317,3043.2554918764035,-0.69252052475520254
946800,42036201.728894599,-3271829.1394867566,-25532.915485529054,238.41539425700779,3065.5045336011895,-0.57071474896277796
947700,42160120.264294729,-507810.5076925559,-25990.737931985928,36.859905173598037,3074.5541787006264,-0.44627392478475747
948600,42102501.291475832,2258396.2099880348,-26335.579795402264,-164.85644844028141,3070.3651519101977,-0.31973756777767448
949500,41863591.048307255,5014879.9214688512,-26565.801522769118,-365.86493170672219,3052.9552105813782,-0.1916546776733801
950400,41444416.560831688,7749771.1638001483,-26680.261045342293,-565.29981838985543,3022.3990743061777,-0.062581379237292095
951300,40846781.253994428,10451293.245243695,-26678.319117500687,-762.30212418497547,2978.8281085659814,0.066921468029815176
952200,40073257.213913478,13107812.9923652,-26559.842494075278,-956.02331175972176,2922.4297636381807,0.19629068130675092
953100,39127174.134357885,15707890.882831991,-26325.204931711542,-1145.6289514720629,2853.4467710625004,0.32496317681517384
954000,38012604.994496584,18240330.347153876,-25975.286009020587,-1330.3023218637622,2772.1761010301425,0.45237839287939835
954900,36734348.529186249,20694226.026105177,-25511.467769520976,-1509.2479342727956,2678.9676851081263,0.57798070339418428
955800,35297908.567020893,23059010.775003064,-24935.629200631545,-1681.6949662230948,2574.222909743698,0.70122181142290185
956700,33709470.325006098,25324501.211374551,-24250.138571202773,-1846.9005886340442,2458.3928870046066,0.82156311270694293
957600,31975873.761984002,27480941.608799763,-23457.843659226746,-2004.153172343988,2331.9765099957212,0.93847801897448546
958500,30104584.105762098,29519045.946847409,-22562.059910400203,-2152.7753599599855,2195.5183013460783,1.0514542310919499
959400,28103659.681231029,31430037.934988819,-21566.55657708834,-2292.1269896281315,2049.6060640785277,1.1599959523047991
960300,25981717.178535961,33205688.837156247,-20475.540895905731,-2421.6078579626237,1894.8683450520471,1.2636260320649644
961200,23747894.511540219,34838352.933160581,-19293.640370552868,-2540.6603100746975,1731.9717220002174,1.3618880312393475
962100,21411811.427335139,36321000.463461883,-18025.883234681052,-2648.7716454015285,1561.6179259740061,1.4543481998365879
963000,18983528.037358623,37647247.914746694,-16677.677177364138,-2745.4763288468416,1384.5408117289167,1.5405973587756114
963900,16473501.449740645,38811385.515360661,-15254.786421194707,-2830.3579976055444,1201.5031892718191,1.6202526776483475
964800,13892540.690754514,39808401.821819887,-13763.307250056961,-2903.05125495018,1013.2935303979179,1.6929593408977863
965700,11251760.110680031,40634005.290325388,-12209.642090224423,-2963.2432432029977,820.72256460001449,1.7583920953391019
966600,8562531.4759436026,41284642.740372106,-10600.47225455425,-3010.6749890993642,624.61977921755931,1.816256672493396
967500,5836434.9550619144,41757514.63111753,-8942.7294651716002,-3045.1425157610824,425.8298391094205,1.866291079777062
968400,3085209.2106531104,42050587.085091196,-7243.5662751297195,-3066.4977165369382,225.20894147965345,1.9082667551921213
969300,320700.81357266987,42162600.608020961,-5510.3255140701713,-3074.6489870269752,23.621121758085593,1.9419895807900147
970200,-2445186.8019362129,42093075.467958435,-3750.508886872216,-3069.5616126812101,-178.06547336397998,1.9673007508290286
971100,-5200544.6213267213,41842313.711437412,-1971.7448576544355,-3051.2579104471579,-378.9823295190439,1.9840774912098151
972000,-7933509.3494321341,41411397.809028305,-181.75595426225982,-3019.8171240279166,-578.26430859730499,1.9922336274489607
972900,-10632314.505208738,40802185.937290035,1611.6743694653508,-2975.375073398141,-775.05337678329397,1.9917199991323753
973800,-13285341.091066064,40017303.918702766,3400.7351748118967,-2918.123560303402,-968.50230055008399,1.9825247194730553
974700,-15881167.618346084,39060133.855622433,5177.6216429113729,-2848.3095325337322,-1157.7782946396774,1.9646732792753283
975600,-18408619.273497466,37934799.508567326,6934.5687029907331,-2766.2340108094081,-1342.0666063032609,1.9382284952744131
976500,-20856816.013408117,36646148.4831644,8663.8845442948004,-2672.2507831411513,-1520.5740203894043,1.9032903034694548
977400,-23215219.383185674,35199731.303787015,10357.983872701705,-2566.7648725232516,-1692.5322702493365,1.8599953986940785
978300,-25473677.855384804,33601777.465248093,12009.420774427195,-2450.2307847822394,-1857.201339873382,1.8085167222645455
979200,-27622470.496240899,31859168.566816982,13610.921051127258,-2323.150544331656,-2013.872643178214,1.7490628001058728
980100,-29652348.771847967,29979408.64525139,15155.413893105699,-2186.07152647155,-2161.8720669273848,1.681876934275186
981000,-31554576.315376971,27970591.835428074,16636.062760176908,-2039.5840957164119,-2300.5628643839968,1.6072362512743423
981900,-33320966.485329408,25841367.498470884,18046.29534298115,-1884.3190604345282,-2429.3483874606145,1.5254506109667181
982800,-34943917.554417215,23600902.967968877,19379.83248115379,-1720.9449548328803,-2547.6746458438015,1.4368613802838888
983700,-36416445.378910221,21258844.074910983,20630.715918664282,-1550.1651600227322,-2655.0326823251803,1.3418400762260443
984600,-37732213.409149982,18825273.621301074,21793.334780818153,-1372.7148765503698,-2750.960754363949,1.2407868829279456
985500,-38885559.913347363,16310667.981024571,22862.450661813167,-1189.3579613737929,-2835.0463127336848,1.1341290477841672
986400,-39871522.298711903,13725852.014385905,23833.221216320497,-1000.8836428085494,-2906.9277689655651,1.0223191618116854
987300,-40685858.426355653,11081952.489797704,24701.222153294442,-808.10312745347028,-2966.296044187588,0.90583332958586138
988200,-41325064.829222396,8390350.2123542763,25462.467535082946,-611.84611353928085,-3012.8958928718116,0.78516923423190021
989100,-41786391.755465232,5662631.0644419659,26113.428289912077,-412.95722551925064,-3046.5269959362427,0.66084410310645125
990000,-42067854.973181158,2910536.1681092102,26651.048850967116,-212.29238504071262,-3067.0448186020058,0.53339257998330614
990900,-42168244.28615851,145911.38262270857,27072.76184062332,-10.715133698811059,-3074.3612293772717,0.40336450978559646
991800,-42087128.724250548,-2619343.6465404877,27376.500723946687,190.90707682152035,-3068.4448775246228,0.27132264220682922
992700,-41824858.386104666,-5373326.6690841205,27560.710361461825,391.70661146335306,-3049.3213273656474,0.13784026095508614
993600,-41382562.926196128,-8104184.0224568872,27624.355397461859,590.81937953704448,-3017.0729487830081,0.0034987458563094237
994500,-40762146.692386225,-10800161.616259333,27566.926426918046,787.38854761720927,-2971.8385642935236,-0.1311149243262702
995400,-39966280.534490347,-13449655.489956774,27388.443891443811,980.56822177009735,-2913.8128540829325,-0.26541071975560965
996300,-38998390.318545751,-16041261.727071367,27089.459662886846,1169.5270833839179,-2843.2455214109896,-0.39879814860816648
997200,-37862642.195554569,-18563825.511651449,26671.056282058875,1353.4519630390203,-2760.4402218108044,-0.5306888769733179
998100,-36563924.687385902,-21006489.11635232,26134.843829936781,1531.5513370848864,-2665.7532605150645,-0.66049936813763377
999000,-35107827.666191801,-23358738.615902089,25482.954419419671,1703.058731887505,-2559.5920635396774,-0.78765352879164829
999900,-33500618.317066547,-25610449.125057109,24718.034307398117,1867.2360210743786,-2442.4134288377554,-0.91158534869458507
1000800,-31749214.186694961,-27751928.366357669,23843.233639428901,2023.3766015352746,-2314.7215648987085,-1.0317415194213706
1001700,-29861153.433334243,-29773958.380055342,22862.193852602453,2170.8084344342924,-2177.0659251031789,-1.1475840170562994
1002600,-27844562.405595623,-31667835.196472533,21779.032776077831,2308.8969380517851,-2030.0388470491287,-1.258592633145718
1003500,-25708120.689077865,-33425406.299742054,20598.327483033489,2437.0477199012448,-1874.2730069320171,-1.3642674379256265
1004400,-23461023.770899266,-35039105.721323907,19325.094962192354,2554.7091362538654,-1710.4386998871119,-1.4641311598354849
1005300,-21112943.482524037,-36501986.611867197,17964.770691355759,2661.3746679489072,-1539.2409579793912,-1.5577314656350991
1006200,-18673986.390932947,-37807751.150832303,16523.185209241074,2756.5851021672252,-1361.4165182511217,-1.6446431260580867
1007100,-16154650.317100022,-38950777.664762348,15006.538795088771,2839.9305106939723,-1177.7306539046847,-1.7244700528459591
1008000,-13565779.168864924,-39926144.837140277,13421.374377736873,2911.0520160896017,-988.97388230461638,-1.7968471941760795
1008900,-10918516.282596769,-40729652.905332439,11774.548806940969,2969.6433381206175,-795.95856402482866,-1.8614422768776944
1009800,-8224256.4744962016,-41357841.753141686,10073.202629482072,3015.4521137676179,-599.51540764203151,-1.9179573853648875
1010700,-5494597.0079513825,-41808005.820911974,8324.7285209407291,3048.2809851224288,-400.48989538249151,-1.9661303688428691
1011600,-2741287.6880267654,-42078205.768879205,6536.7385308684898,3067.9884505031564,-199.73864506516557,-2.0057360700035964
1012500,23819.702096784953,-42167276.843486592,4717.0303044536613,3074.4894751501884,1.8742759507977951,-2.0365873700625143
1013400,2788822.4051087876,-42074833.910612307,2873.5524477003592,3067.7558589125133,203.48106891236162,-2.0585360465537161
1014300,5541817.9145031814,-41801273.13402956,1014.3692056989892,3047.8163593870654,404.21393788796411,-2.0714734417590299
1015200,8270955.2000714485,-41347770.291870512,-852.37537512924405,3014.7565700294444,603.20882397456512,-2.0753309409735006
1016100,10964485.713607576,-40716275.738332585,-2718.4936297567283,2968.7185538078224,799.60912343578912,-2.0700802609924098
1017000,13610813.955463953,-39909506.032286979,-4575.7906320093871,2909.9002340187953,992.56937379567069,-2.0557335502410568
1017900,16198547.384521555,-38930932.268763907,-6416.1005582209073,2838.5545449204178,1181.2588920646795,-2.0323433028638775
1018800,18716545.456988681,-37784765.163436577,-8231.3228909796617,2754.9883458597387,1364.8653494925079,-2.0000020898577735
1019700,21153967.583205339,-36475936.954149075,-10013.458299946518,2659.5611035761603,1542.5982675241139,-1.9588421109918939
1020600,23500319.796287373,-35010080.197173797,-11754.64404035066,2552.683348344312,1713.6924199800878,-1.9090345718224171
1021500,25745499.931974575,-33393503.549187209,-13447.188713875428,2434.814910577355,1877.4111268879394,-1.8507888906053132
1022400,27879841.125425994,-31633164.638864212,-15083.606241170637,2306.4629454403516,2033.0494258555821,-1.7843517403509859
1023300,29894153.437906384,-29736640.144458205,-16656.648900131386,2168.1797539201939,2179.9371074002383,-1.7100059316686571
1024200,31779763.434300255,-27712093.205706775,-18159.339289338604,2020.5604096603777,2317.4416012232582,-1.6280691424279612
1025100,33528551.541140884,-25568238.309831385,-19585.001081647133,1864.2402016923911,2444.9707010516922,-1.5388925006321084
1026000,35132987.024315454,-23314303.802238077,-20927.288438824336,1699.8919039776079,2561.9751163486999,-1.4428590272571098
1026900,36586160.43576543,-20959992.182729378,-22180.213964382689,1528.2228834112534,2667.9508399244382,-1.3403819461703024
1027800,37881813.389301911,-18515438.357563756,-23338.175078313565,1349.9720586304084,2762.4413212543545,-1.2319028686007498
1028700,39014365.537055612,-15991166.026507489,-24395.978704316069,1165.9067226082466,2845.0394361299955,-1.1178898599932754
1029600,39978938.630033307,-13398042.392078049,-25348.864167325082,976.81924260418225,2915.389244125507,-0.99883539743605743
1030500,40771377.558709197,-10747231.38544324,-26192.524206672919,783.52365157179645,2973.1875262577259,-0.87525422620527382
1031400,41388268.282489173,-8050145.6098849298,-26923.124018064584,586.85214560099485,3018.1850961458908,-0.74768112431591571
1032300,41826952.57019604,-5318397.2083317628,-27537.318245697712,387.65150238566775,3050.1878789349153,-0.61666858430093585
1033200,42085539.487379529,-2563747.8661868167,-28032.265854302084,186.77943606125024,3069.05775323027,-0.48278442175733272
1034100,42162913.580200024,201941.83549863845,-28405.642819592755,-14.899095953747803,3074.7131522990112,-0.34660932049244614
1035000,42058739.719811626,2966763.498543039,-28655.652584604009,-216.51561825345968,3067.1294218164112,-0.20873432437310929
1035900,41773464.585519381,5718812.1979002431,-28781.034238573775,-417.20187886040378,3046.3389324770169,-0.069758286219300705
1036800,41308314.77944722,8446237.7626878135,-28781.068384450758,-616.09359065292335,3012.430946838575,0.069714715710326253
1037700,40665291.579965889,11137295.826899003,-28655.580670667943,-812.33415667305144,2965.5512408229524,0.20907798292516977
1038600,39847162.355633005,13780398.429577213,-28404.942972531386,-1005.0783632293376,2905.9014813556,0.34772481275726158
1039500,38857448.675827816,16364163.946039945,-28030.072218375004,-1193.4960248240891,2833.738362679856,0.48505111433340553
1040400,37700411.168558843,18877466.134494316,-27532.426865491459,-1376.7755651185248,2749.3725049300815,0.62045801349330876
1041300,36381031.190022014,21309482.086078871,-26914.001040724605,-1554.1275184024187,2653.1671195836589,0.75335443568756455
1042200,34904989.384327285,23649738.870984834,-26177.316370458426,-1724.7879363563416,2545.5364474318117,0.88315965594242174
1043100,33278641.225332163,25888158.678837419,-25325.411534516679,-1888.021685283928,2426.9439757083992,1.0093058050804726
1044000,31508989.645660806,28015102.257933121,-24361.829588152901,-2043.1256194475939,2297.9004419896864,1.1312403215377977
1044900,29603654.870687507,30021410.465208028,-23290.603105817074,-2189.4316166624048,2158.9616334220682,1.2484283383196471
1045800,27570841.587465618,31898443.746925369,-22116.237209687984,-2326.3094628877047,2010.7259907441728,1.3603549948876861
1046700,25419303.59023086,33638119.378985077,-20843.690555015241,-2453.1695732025214,1853.8320274402424,1.4665276640724392
1047600,23158306.05514757,35232946.305437081,-19478.354353076957,-2569.465537256307,1688.955575188673,1.5664780844535735
1048500,20797585.607345227,36676057.424181707,-18026.029520985852,-2674.6964780484568,1516.8068675488157,1.6597643890473945
1049400,18347308.352961488,37961239.17992083,-16492.902055625269,-2768.4092137051275,1338.1274745563151,1.745973021583751
1050300,15818026.057820927,39082958.336132944,-14885.516736626418,-2850.2002127866181,1153.6871015684528,1.8247205321418078
1051200,13220630.662492052,40036385.810132392,-13210.749270470591,-2919.7173345691172,964.28026631233934,1.8956552444439541
1052100,10566307.330740504,40817417.468082115,-11475.776994477215,-2976.6613466966851,770.72286863682041,1.958458787676516
1053000,7866486.2347973883,41422691.790101752,-9688.0482655863452,-3020.7872135883686,573.84866795048163,2.0128474863130577
1053900,5132793.2863581143,41849604.329287857,-7855.2506644300956,-3051.9051500064002,374.50568374021566,2.0585736020568239
1054800,2377000.0267920326,42096318.902476527,-5985.2781501826103,-3069.881435239357,173.55253490508173,2.0954264226904451
1055700,-389027.10634520999,42161775.46486567,-4086.1973060561913,-3074.6389844234741,-28.145266093418769,2.1232331933197477
1056600,-3153377.9167627851,42045694.635106593,-2166.2128190501926,-3066.1576746103924,-229.71904807253702,2.1418598862196121
1057500,-5904149.7694552243,41748578.852104828,-233.63234064044309,-3044.4744242846864,-430.30072865424609,2.1512118062296031
1058400,-8629498.8712258637,41271710.159469046,1703.169122494226,-3009.6830261336368,-629.02655813164813,2.1512340294004155
1059300,-11317691.289962964,40617144.628244705,3635.7851368850288,-2961.9337339689928,-825.04084337072334,2.1419116733541288
1060200,-13957153.492219238,39787703.443197355,5555.8139379636614,-2901.4326057900125,-1017.4996355578646,2.1232699985865713
1061100,-16536522.180921244,38786960.692401178,7454.8945408171185,-2828.4406060530619,-1205.5743657943356,2.0953743407032031
1062000,-19044693.218271051,37619227.914173387,9324.7427141267799,-2743.2724712698669,-1388.4554128029868,2.0583298743349872
1062900,-21470869.423079088,36289535.469411045,11157.186666418276,-2646.2953440887841,-1565.3555873480709,2.0122812102218095
1063800,-23804607.036859538,34803610.821069002,12944.202295413628,-2537.9271820159997,-1735.5135183731963,1.9574118276721704
1064700,-26035860.658999212,33167853.815806545,14677.947853579812,-2418.6349479016712,-1898.1969263322294,1.8939433453023562
1065600,-28155026.458144721,31389309.075668294,16350.797885881511,-2288.9325902453011,-2052.7057697199134,1.8221346336207311
1066500,-30152983.474603724,29475635.619997136,17955.376299238502,-2149.3788222611211,-2198.3752513992813,1.7422807736460204
1067400,-32021132.836984586,27435073.84955373,19484.588427222217,-2000.5747094844792,-2334.5786719676289,1.6547118663275766
1068300,-33751434.725461237,25276410.03599022,20931.651958059196,-1843.1610764911952,-2460.7301180976806,1.5597916980643773
1069200,-35336442.923901513,23008938.470352806,22290.126598993586,-1677.8157440409982,-2576.2869745312814,1.4579162680933169
1070100,-36769336.813589722,20642421.434129313,23553.942355445834,-1505.2506086415126,-2680.7522491852005,1.3495121839324344
1071000,-38043950.67235861,18187047.165477965,24717.426309135291,-1326.2085771591487,-2773.676701648063,1.2350349314178781
1071900,-39154800.154572047,15653386.001641307,25775.327785354817,-1141.4603696765985,-2854.6607661998491,1.1149670261638991
1072800,-40097105.839515768,13052344.886136305,26722.841805839307,-951.80120431257717,-2923.3562613667636,0.98981605350358581
1073700,-40866813.748308241,10395120.436093958,27555.630730102246,-758.04737817759235,-2979.4678789306627,0.8601126041374052
1074600,-41460612.742384575,7693150.7710784879,28269.843994675288,-561.03275903963618,-3022.7544462400792,0.72640811283364382
1075500,-41875948.729881041,4958066.309829399,28862.13586633094,-361.60520261576443,-3053.0299566157614,0.58927260759742128
1076400,-42111035.619804405,2201639.7456246908,29329.681132063979,-160.6229106897365,-3070.1643636044646,0.44929237676650691
1077300,-42164862.977656767,-564264.58565181168,29670.188655331793,41.04925451767582,-3074.0841358076282,0.30706756151790188
1078200,-42037200.350150697,-3327741.7281515035,29881.912734800957,242.54348413024201,-3064.7725699939292,0.16320968129716018
1079100,-41728598.240739845,-6076897.3012056742,29963.66220862923,442.9927488428774,-3042.2698611940154,0.018339099734766828
1080000,-41240385.731854968,-8799898.6480447538,29914.807254159565,641.53452183274453,-3006.6729294697266,-0.12691756128824183
1080900,-40574664.763922065,-11485025.719334215,29735.283839867931,837.31448259839271,-2958.1350040465009,-0.27193005159675182
1081800,-39734301.095396802,-14120721.473837718,29425.595793559736,1029.4901860327939,-2896.8649664941595,-0.4160671586164032
1082700,-38722911.982123651,-16695641.580482285,28986.814458239161,1217.2346811573245,-2823.1264556354668,-0.55869940076217406
1083600,-37544850.62826737,-19198703.208957549,28420.575914881141,1399.7400641244972,-2737.2367378511963,-0.69920173940000208
1084500,-36205187.474813215,-21619132.699725274,27729.075759623302,1576.2209503384177,-2639.5653474320479,-0.83695629986605891
1085400,-34709688.405136772,-23946511.908938505,26915.061431768172,1745.9178508444195,-2530.5325025984635,-0.97135509132416586
1086300,-33064789.960348621,-26170823.029260129,25981.822098535504,1908.1004385037945,-2410.6073037656552,-1.101802714446914
1087200,-31277571.669967405,-28282491.693913851,24933.176112798752,2062.0706898967028,-2280.305721568976,-1.2277190450522104
1088100,-29355725.615909953,-30272428.178477757,23773.456071113895,2207.1658893863537,-2140.1883830798479,-1.348541880955562
1089000,-27307523.359753642,-32132066.522919603,22507.491511195545,2342.7614823303584,-1990.858165530004,-1.463729538461805
1089900,-25141780.374666519,-33853401.405146249,21140.589300558928,2468.2737650400168,-1832.9576077168224,-1.5727633841738342
1090800,-22867818.134260576,-35429022.60686598,19678.511781217712,2583.1623997639535,-1667.1661500798034,-1.6751502872004655
1091700,-20495424.020848647,-36852146.922805324,18127.452748946776,2686.9327437069005,-1494.1972152123501,-1.7704249764553599
1092600,-18034809.225124028,-38116647.375240102,16494.011359478194,2779.1379818848882,-1314.7951412987495,-1.8581522876027836
1093500,-15496564.818085242,-39217079.60734798,14785.164067852093,2859.3810544611451,-1129.7319816383874,-1.9379292843589617
1094400,-12891616.18405072,-40148705.341016501,13008.234720722146,2927.3163700984956,-939.80418403301064,-2.0093872393196555
1095300,-10231176.010808347,-40907512.797391422,11170.862934436613,2982.6512977992247,-745.829164363872,-2.0721934602578731
1096200,-7526696.039285345,-41490233.991567701,9280.9709039070349,3025.1474306770024,-548.64178917002528,-2.1260529489034123
1097100,-4789817.7805733457,-41894358.826347232,7346.7287983858314,3054.62161611173,-349.0907824537187,-2.1707098805457807
1098000,-2032322.412674584,-42118145.923850812,5376.5189100854604,3070.946747771286,-148.03507228124775,-2.2059488943467191
1098900,733919.92707332573,-42160630.147909217,3378.898729917637,3074.0523160378152,53.659906983950123,-2.2315961859515805
1099800,3497001.2353001954,-42021626.784504473,1362.5631313957297,3063.9247144444435,255.125940785848,-2.2475203957883378
1100700,6245026.9013693184,-41701732.362017982,-663.69415113119794,3040.6073008049434,455.495772670007,-2.2536332882766907
1101600,8966166.9106422421,-41202322.107600145,-2691.0195602631748,3004.2002127981455,653.90683857664612,-2.2498902189806391
1102500,11648706.771548223,-40525544.050539464,-4710.5390778221263,2954.8599388451366,849.50498097352511,-2.2362903884748575
1103400,14281097.946999924,-39674309.798010029,-6713.3977197160693,2892.7986461852038,1041.4481267743054,-2.2128768833198484
1104300,16852007.572887909,-38652282.022951633,-8690.7989725322041,2818.2832691111039,1228.9099131642154,-2.1797365060239571
1105200,19350367.249519203,-37463858.718021557,-10634.043983295582,2731.6343613609261,1411.0832457004337,-2.1369993971962677
1106100,21765420.695920944,-36114154.283490591,-12534.57031724903,2633.2247176782353,1587.1837733673685,-2.0848384542571217
1107000,24086770.061887443,-34608977.530578643,-14383.990102903314,2523.4777705403726,1756.4532656445413,-2.0234685520764821
1107900,26304420.69848254,-32954806.694979865,-16174.127388834935,2402.8657690130053,1918.1628770845409,-1.953145571765101
1108800,28408824.194390111,-31158761.568159521,-17897.054542645677,2271.9077476138391,2071.6162853977935,-1.8741652445655932
1109700,30390919.493002813,-29228572.866361246,-19545.127529031754,2131.1672939566097,2216.152689596996,-1.7868618183983576
1110600,32242171.913418118,-27172548.969095517,-21111.01991094734,1981.2501247950497,2351.1496553641887,-1.6916065551309596
1111500,33954609.907534406,-24999540.170139406,-22587.755425311119,1822.8014808926659,2476.0257954647018,-1.5888060670774085
1112400,35520859.395169169,-22718900.594720237,-23968.738992534989,1656.5033519052467,2590.2432737417325,-1.4789005016139722
1113300,36934175.529514194,-20340447.946539022,-25247.786027306185,1483.0715431765043,2693.3101219801129,-1.3623615831344653
1114200,38188471.756255656,-17874421.257573996,-26419.149926494254,1303.2525970108741,2784.7823597248894,-1.2396905218733496
1115100,39278346.041273586,-15331436.822154392,-27477.547618758326,1117.8205815990173,2864.265907976559,-1.1114157994078586
1116000,40199104.153948277,-12722442.504574714,-28418.18306938123,927.57376132894512,2931.4182885570731,-0.97809084091662746
1116900,40946779.905690655,-10058670.616500217,-29236.768643041869,733.33116271706331,2985.9501018457563,-0.84029158452632358
1117800,41518152.256328486,-7351589.5665666852,-29929.544236645514,535.92905063697765,3027.6262765188403,-0.69861395831998996
1118700,41910759.214367822,-4612854.4898766438,-30493.294103952638,336.21732990808187,3056.2670858870033,-0.55367127581142206
1119600,42122908.470854923,-1854257.0695184418,-30925.361303569582,135.05588762923622,3071.7489264086685,-0.40609156090678422
1120500,42153684.72053282,912325.23423538799,-31223.659711875065,-66.689108096044805,3074.0048549593889,-0.25651481357529893
1121400,42002953.638162509,3674980.3287733998,-31386.683552639075,-268.14893719869536,3063.024882455763,-0.1055902276314683
1122300,41671362.492203072,6421812.7880583666,-31413.51440542554,-468.45606846986891,3038.8560224624052,0.046026627811452558
1123200,41160337.392460883,9140995.0848650858,-31303.825665334618,-666.74789612752215,3001.6020944487332,0.19767665152733885
1124100,40472077.182765052,11820818.535768539,-31057.884437207453,-862.17045607558066,2951.4232824049159,0.348700066214716
1125000,39609544.00414601,14449743.739416173,-30676.550858056722,-1053.882105871447,2888.5354505694227,0.4984392755345064
1125900,38576450.568326212,17016450.290663287,-30161.274852166734,-1241.0571525482994,2813.2092190601238,0.64624171027174182
1126800,37377244.195516065,19509885.556128602,-29514.090333991517,-1422.8894126361147,2725.7688032328729,0.79146265176066466
1127700,36017087.684485011,21919312.300628521,-28737.606884630313,-1598.5956889895506,2626.5906216117382,0.93346802077284619
1128600,34501837.096586302,24234354.958761837,-27834.99893823584,-1767.419149361443,2516.1016782393663,1.0716371201739117
1129500,32838016.548795857,26445044.351624675,-26809.992525170397,-1928.6325920571223,2394.7777262800073,1.2053653198081
1130400,31032790.123820938,28541860.655218534,-25666.84962902376,-2081.5415844662143,2263.1412206672726,1.3340666722729753
1131300,29093931.017885771,30515774.434548311,-24410.350224700713,-2225.487460793976,2121.7590685191603,1.457176448499506
1132200,27029788.058851462,32358285.565663654,-23045.772074629753,-2359.8501659020258,1971.2401869400139,1.5741535823560711
1133100,24849249.738821339,34061459.876944587,-21578.868369692089,-2484.050932816891,1812.2328786882949,1.6844830138491464
1134000,22561705.916266408,35617963.3507341,-20015.843310676591,-2597.5547821719115,1645.4220370060252,1.7876779208973588
1134900,20177007.352927178,37021093.736937106,-18363.325734886846,-2699.8728326112723,1471.5261916760328,1.883281830109341
1135800,17705423.260258749,38264809.441392303,-16628.340900916784,-2790.5644120014035,1291.2944090925432,1.9708705974975773
1136700,15157597.038939135,39343755.563633725,-14818.280552529081,-2869.2389601613845,1105.5030597949408,2.0500542506088126
1137600,12544500.402912721,40253286.971040495,-12940.871389974416,-2935.5577147367007,914.9524675198021,2.12047868414456
1138500,9877386.0865524039,40989488.309272029,-11004.142083940676,-2989.2351727956093,720.46345436881393,2.1818272017806386
1139400,7167739.3397583812,41549190.86224293,-9016.3889735823668,-3030.0403217200524,522.87379716649093,2.2338218975691992
1140300,4427228.4211376309,41929986.188647009,-6986.140595718136,-3057.7976339886982,323.03461048857616,2.2762248710177477
1141200,1667654.3037981377,42130236.476128824,-4922.1211972668398,-3072.3878215031123,121.80667217694341,2.3088392706832037
1142100,-1099100.1882765875,42149081.568558194,-2833.2133872928052,-3073.7483461838397,-79.943292582586821,2.3315101618916452
1143000,-3861121.5928518679,41986442.636420861,-728.42008862420721,-3061.8736846555717,-281.34635235866716,2.3441252149915237
1143900,-6606517.149177297,41643022.47502698,1383.1740481247321,-3036.8153459436749,-481.53511938121716,2.3466152113651857
1144800,-9323466.0424738619,41120302.429989308,3492.4416031732799,-2998.6816422121196,-679.64749185992855,2.338954365256285
1145700,-12000270.331338624,40420535.964163326,5590.2515525113677,-2947.637213679096,-874.83037236735663,2.3211604603132798
1146600,-14625405.33775055,39546738.894902557,7667.508472221788,-2883.9023099452143,-1066.243346066959,2.2932948005969562
1147500,-17187569.281862076,38502676.344993502,9715.1916154095234,-2807.7518310540381,-1253.0623027708816,2.2554619766471435
1148400,-19675731.947229646,37292846.464928247,11724.393695875015,-2719.514132669874,-1434.4829870920662,2.2078094480448338
1149300,-22079182.166552965,35922460.998181134,13686.35921433512,-2619.5696007974361,-1609.7244613082703,2.150526944735105
1150200,-24387573.923331339,34397422.774814442,15592.52216540086,-2508.3490024767902,-1778.0324659790931,2.0838456901875375
1151100,-26590970.871076055,32724300.231985379,17434.54296664679,-2386.331619859689,-1938.6826638480172,2.0080374502586236
1152000,-28679889.078805998,30910299.072702803,19204.344454928185,-2254.0431760053525,-2090.9837531161088,1.9234134123786335
1152900,-30645337.819460399,28963231.186431743,20894.146799590679,-2112.0535616205689,-2234.280436788441,1.830322900407988
1153800,-32478858.226545978,26891480.966815744,22496.501187337213,-1960.9743728069395,-2367.9562354641848,1.7291519311891734
1154700,-34172559.653749891,24703969.172832217,24004.322139229658,-1801.4562706638987,-2491.4361316621234,1.6203216194542165
1155600,-35719153.582346722,22410114.490071606,25410.918326562216,-1634.1861743269935,-2604.1890345403758,1.5042864383291101
1156500,-37111984.931956895,20019792.958497442,26710.021759101033,-1459.8842996946382,-2705.7300546775755,1.3815323431999551
1157400,-38345060.641522832,17543295.44196599,27895.815226385159,-1279.3010567114825,-2795.6225794278662,1.2525747671667973
1158300,-39413075.399204977,14991283.322930779,28962.957880369948,-1093.2138186314078,-2873.4801402390494,1.1179564967058058
1159200,-40311434.412207127,12374742.613101747,29906.608855604318,-902.42357717733319,-2938.9680642275389,0.97824543648544382
1160100,-41036273.120265737,9704936.677348746,30722.448831303878,-707.75149794811387,-2991.8049032309568,0.83403227253622214
1161000,-41584473.76962506,6993357.7738161478,31406.699448048908,-510.03539079495613,-3031.7636345051146,0.68592804315556621
1161900,-41953678.777714759,4251677.6180336755,31956.140500334892,-310.12611020127224,-3058.6726281928945,0.53456162704099475
1162800,-42142300.832394972,1491697.1827572142,32368.124834772338,-108.88390095133965,-3072.4163776645632,0.38057715819010596
1163700,-42149529.683481395,-1274704.0516567582,32640.590892314853,92.825295434704543,-3072.9359898091029,0.22463137709082132
1164600,-41975335.598257206,-4035619.1793541089,32772.072841439018,294.1335578884337,-3060.2294333412369,0.067390927659224525
1165500,-41620469.466767192,-6779165.065276931,32761.708257666549,494.17471091622298,-3034.3515441763452,-0.090470390722365721
1166400,-41086459.556820504,-9493533.4369532894,32609.24331318013,692.08804195195569,-2995.4137879130144,-0.24827440684264018
1167300,-40375604.932750978,-12167041.653567228,32315.035448525738,887.02199527089863,-2943.5837804482503,-0.40534138788267182
1168200,-39490965.566047914,-14788182.935457811,31880.053506521628,1078.1378268897677,-2879.0845687315036,-0.56099286724807862
1169100,-38436349.179924637,-17345675.839440733,31305.875316529979,1264.6132050272149,-2802.1936746384335,-0.7145544811191934
1170000,-37216294.883687198,-19828512.768464491,30594.682725236438,1445.6457409039135,-2713.2419059118884,-0.8653588048470936
1170900,-35836053.666351281,-22226007.308096938,29749.254078087368,1620.4564349223472,-2612.6119390736526,-1.0127481802640612
1171800,-34301565.832280666,-24527840.187176857,28772.954163636019,1788.2930235836809,-2500.7366801539015,-1.1560775248197748
1172700,-32619435.474634841,-26724103.665646166,27669.721641340115,1948.433212873204,-2378.0974100132835,-1.2947171131879771
1173600,-30796902.095065396,-28805344.159086868,26444.053981935536,2100.1877842773906,-2245.2217219423173,-1.4280553216081382
1174500,-28841809.490337767,-30762602.916804284,25100.989958485214,2242.9035600850693,-2102.6812601108991,-1.555501324738052
1175400,-26762572.038325995,-32587454.578404084,23646.089735658945,2375.9662151728976,-1951.0892683035845,-1.6764877342124855
1176300,-24568138.52707937,-34272043.442680076,22085.412614811496,2498.8029230813645,-1791.0979592096501,-1.7904731674575745
1177200,-22267953.681339875,-35809117.292234264,20425.492503033434,2610.8848248515437,-1623.3957153363785,-1.8969447346387551
1178100,-19871917.550945856,-37192058.627557717,18673.311185555416,2711.7293098138584,-1448.7041333746347,-1.9954204309697872
1179000,-17390342.934939809,-38414913.175272942,16836.269492648215,2800.9020982968791,-1267.7749245625748,-2.0854514210357626
1179900,-14833911.02385732,-39472415.546833955,14922.156464384163,2878.019117054203,-1081.3866842611035,-2.1666242013412642
1180800,-12213625.450563332,-40360011.936153308,12939.116629165559,2942.748159088082,-890.34154456827309,-2.238562627041417
1181700,-9540764.9470771849,-41073879.75732322,10895.615524590496,2994.8103204757917,-695.4617243542358,-2.3009297887974243
1182600,-6826834.8110490907,-41610944.136767775,8800.4036017840572,3033.9812077743495,-497.58599158892878,-2.3534297259575077
1183500,-4083517.3908822672,-41968891.18774306,6662.4786665136899,3060.0919105860544,-297.56605325713588,-2.3958089628226653
1184400,-1322621.8029055065,-42146178.009030811,4491.0470219579784,3073.0297349055359,-96.262888506312777,-2.4278578556206742
1185300,1443966.9025345102,-42142039.363881834,2295.4834886369308,3072.7386939325638,105.45695905142843,-2.4494117389701953
1186200,4204338.9066934763,-41956491.009690136,85.290486485787369,3059.2197541170599,306.7251137627012,-2.4603518620410387
1187100,6946610.8988763206,-41590329.663447447,-2129.9436278572953,3032.5308352969728,506.67510884038734,-2.4606061062633073
1188000,9658977.2422937136,-41045129.602669403,-4340.5867689531096,2992.7865648891066,704.44611947236456,-2.4501494782530222
1188900,12329760.808369873,-40323235.916128971,-6537.0056712161841,2940.1577871909308,899.18667188547875,-2.4290043735435329
1189800,14947463.259986911,-39427754.433307536,-8709.6085707998755,2874.8708299414511,1090.0583122336884,-2.3972406086777247
1190700,17500814.566569619,-38362538.375912361,-10848.887811869106,2797.2065313651856,1276.2392193705136,-2.3549752211652284
1191600,19978821.537293274,-37132171.789040394,-12945.462168824532,2707.4990319794488,1456.9277458312126,-2.3023720386878188
1192500,22370815.163015231,-35741949.82352978,-14990.118678090685,2606.134336476202,1631.34587168693,-2.2396410207002679
1193400,24666496.562764086,-34197855.954666629,-16973.85377665245,2493.5486519908068,1798.7425563383113,-2.167037377190201
1194300,26855981.336739141,-32506536.235647254,-18887.913549475863,2370.2265100368058,1958.3969737865029,-2.0848604708073371
1195200,28929842.134744938,-30675270.696976755,-20723.832894122323,2236.6986803144682,2109.6216174514543,-1.9934525098397224
1196100,30879149.256774925,-28711942.015260853,-22473.473418097823,2093.539885487723,2251.7652611974322,-1.8931970406020062
1197000,32695509.111026015,-26625001.58656786,-24129.059892611978,1941.3663268663943,2384.2157638698391,-1.7845172487167629
1197900,34371100.36393027,-24423433.15065505,-25683.215095306685,1780.8330317254704,2506.4027053421009,-1.6678740795277864
1198800,35898707.626787782,-22116714.122824632,-27128.992884017574,1612.6310337383211,2617.7998428127648,-1.5437641885029603
1199700,37271752.534229755,-19714774.799958382,-28459.909353635598,1437.484398694111,2717.9273768773801,-1.4127177329826277
1200600,38484322.080986254,-17227955.616340052,-29669.971938542796,1256.1471083094521,2806.3540177235245,-1.2752960170282488
1201500,39531194.095229246,-14666962.63317691,-30753.706333823851,1069.3998155289353,2882.6988426569251,-1.1320890014437968
1202400,40407859.739058688,-12042821.453245468,-31706.181119438599,878.04648523720903,2946.632937058479,-0.98371269129569971
1203300,41110542.939445741,-9366829.7587844841,-32523.029982728673,682.91093477548134,2997.8808117926451,-0.83080641346066109
1204200,41636216.666090444,-6650508.6766158994,-33200.471445984484,484.83328906664536,3036.22159103372,-0.67402999689505882
1205100,41982615.98613745,-3905553.1794703119,-33735.326017285326,284.66636550466274,3061.489965444578,-0.51406086845353005
1206000,42148247.83946909,-1143781.7366099423,-34125.030694420995,83.272004054538314,3073.5769066291973,-0.35159107719324867
1206900,42132397.49230437,1622914.5699373125,-34367.650763386831,-118.48264176155145,3072.430139782361,-0.18732426018747284
1207800,41935131.641020469,4382623.2449055687,-34461.888844696943,-319.728837149355,3058.0543724740601,-0.021972562938397472
1208700,41557298.152423277,7123461.6750568449,-34407.091152563356,-519.60000565191183,3030.511278528892,0.14374647247510225
1209600,41000522.441069089,9833628.2996881977,-34203.250943822852,-717.2354600951187,2989.9192369888847,0.30911303835653392
1210500,40267200.498623446,12501453.436336234,-33851.00914533691,-911.78410890392331,2936.4528271782083,0.47340819830153363
1211400,39360488.604578093,15115449.543014871,-33351.652160419013,-1102.4081219099858,2870.3420819167386,0.63591701693275515
1212300,38284289.76187522,17664360.700625453,-32707.106866631297,-1288.2865399221735,2791.8715019528299,0.79593166939607196
1213200,37043236.915052369,20137211.10239917,-31919.932829009165,-1468.6188125459244,2701.3788357003837,0.95275451765102415
1214100,35642673.022363015,22523352.341360252,-30993.311764385304,-1642.6282490163326,2599.2536293675762,1.1057011407229975
1215000,34088628.066890292,24812509.291822318,-29931.034303957866,-1809.5653671524396,2485.9355535506797,1.2541033062603328
1215900,32387793.104896463,26994824.386832524,-28737.484112543392,-1968.7111259463181,2361.9125133323087,1.3973118709588075
1216800,30547491.462482069,29060900.10023934,-27417.619434033106,-2119.3800277694081,2227.718549865172,1.5346995976812159
1217700,28575647.204010669,31001839.449656129,-25976.952143388888,-2260.9230767093927,2083.9315423358298,1.6656638774127301
1218600,26480751.007630836,32809284.344996683,-24421.524396029548,-2392.7305801424081,1931.1707200839078,1.7896293445548803
1219500,24271823.594544701,34475451.6164397,-22757.882975623728,-2514.234781296218,1770.0939954964135,1.9060503744728694
1220400,21958376.869377654,35993166.565601379,-20993.051451078336,-2624.9123112682355,1601.3951290998982,2.0144134526734558
1221300,19550372.939046767,37355893.894320413,-19134.500262844944,-2724.2864497258283,1425.8007390309881,2.1142394055028353
1222200,17058181.186857339,38557765.876744695,-17190.114867517059,-2811.92918433258,1244.0671677739126,2.2050854828160018
1223100,14492533.587131595,39593607.652307302,-15168.16207801372,-2887.4630598101712,1056.9772197079583,2.2865472836789982
1224000,11864478.453447692,40458959.529641017,-13077.254744397722,-2950.5628084578466,865.33678360417468,2.3582605168221691
1224900,9185332.8205007203,41150096.204451285,-10926.314927518046,-3000.9567549062558,669.97135474532467,2.4199025882635103
1225800,6466633.6656541694,41664042.807790294,-8724.5357241579441,-3038.4279888755532,471.72247181231432,2.4711940092637774
1226700,3720088.1813976583,41998587.71498929,-6481.3419081756838,-3062.8153007343435,271.44408408089379,2.5118996185562157
1227600,957523.31413695682,42152292.059649318,-4206.3495572116872,-3074.0138757113727,69.99886480125889,2.5418296136099268
1228500,-1809165.2120082518,42124495.91149579,-1909.3248388736861,-3071.9757436903601,-131.74551311218539,2.5608403865329623
1229400,-4568064.1654528687,41915321.091503143,399.85786612545007,-3056.7099826143935,-332.9201227753673,2.5688351610949609
1230300,-7307294.1492166948,41525670.612421878,2711.2583236357509,-3028.2826746338983,-532.65853400745448,2.5657644282447403
1231200,-10015060.792313367,40957224.747620992,5014.9131063502664,-2986.8166152451849,-730.10055255469126,2.5516261784108512
1232100,-12679705.568677872,40212433.745923772,7300.8783713776502,-2932.4907767787377,-924.39593149555196,2.5264659297970784
1233000,-15289756.023573779,39294507.224791571,9559.2725714969147,-2865.5395287013389,-1114.7080385945526,2.4903765528154018
1233900,-17833975.190131422,38207400.288728669,11780.31891703138,-2786.2516182875715,-1300.2174635873171,2.4434978917296917
1234800,-20301409.982352279,36955796.43407131,13954.387406661874,-2694.9689162879235,-1480.125549671669,2.3860161855090576
1235700,-22681438.35555201,35545087.315316752,16072.036247710974,-2592.084933266653,-1653.657833846486,2.3181632908045282
1236600,-24963815.030779589,33981349.461778797,18124.05248945795,-2478.0431132968893,-1820.0673811792797,2.2402157108606708
1237500,-27138715.586211398,32271318.046559107,20101.491696870195,-2353.3349126777553,-1978.6379985917092,2.1524934350488536
1238400,-29196778.725841615,30422357.822540499,21995.716496738602,-2218.4976722734659,-2128.6873143258704,2.0553585945561674
1239300,-31129146.543933704,28442431.352280263,23798.43383355343,-2074.1122929627745,-2269.5697098890923,1.9492139405766502
1240200,-32927502.612618171,26340064.670256481,25501.730778520508,-1920.8007245246922,-2400.6790919666751,1.834501152125313
1241100,-34584107.729671583,24124310.526848953,27098.10874185749,-1759.2232790694918,-2521.451492535668,1.7116989813238424
1242000,-36091833.173841111,21804709.373673998,28580.515945883169,-1590.0757808495941,-2631.3674862035073,1.5813212446856462
1242900,-37444191.32603389,19391248.259399299,29942.378024372694,-1414.0865649505872,-2729.9544146278736,1.4439146695511631
1243800,-38635363.5262172,16894317.813905567,31177.626622145523,-1232.0133379664783,-2816.7884087433772,1.3000566053881302
1244700,-39660225.047917344,14324667.506605748,32280.725877825884,-1044.6399143039685,-2891.4962004213894,1.1503526101705619
1245600,-40514367.084704757,11693359.371853156,33246.696682107024,-852.77284223736751,-2953.7567161165152,0.99543392248100981
1246500,-41194115.655952528,9011720.4006465171,34071.138613597344,-657.23793424835276,-3003.3024460018705,0.83595483033906526
1247400,-41696547.352398552,6291293.8032544423,34750.249464362663,-458.8767165333835,-3039.9205830608898,0.67258994804236294
1248300,-42019501.855568461,3543789.3519215682,35280.842277534473,-258.54281284664762,-3063.4539275814177,0.50603141251200068
1249200,-42161591.178872764,781033.01647404954,35660.359829760389,-57.098278068893876,-3073.8015534842793,0.3369860107611834
1250100,-42122205.592119657,-1985083.8915927443,35886.886501756788,144.59010294658458,-3070.9192339097267,0.1661722501537877
1251000,-41901516.205231063,-4742655.8490891047,35959.157490716665,345.6545355988992,-3054.8196244776664,-0.0056826169094278123
1251900,-41500474.201059267,-7479814.3067338048,35876.565328758683,545.22993914180699,-3025.5722036285256,-0.17784560234208613
1252800,-40920806.721322782,-10184778.71186066,35639.16368191268,742.45765798545892,-2983.3029704382579,-0.3495810143964122
1253700,-40165009.423762098,-12845907.15050051,35247.668414265507,936.48914509197971,-2928.1939012810403,-0.52015350122641291
1254600,-39236335.742607594,-15451746.392784206,34703.455911793273,1126.4896019864618,-2860.4821676845404,-0.68883109512641461
1255500,-38138782.898305096,-17991081.12815588,34008.5586700368,1311.6415600862622,-2780.459118683425,-0.85488824690955112
1256400,-36877074.716110349,-20452982.180288605,33165.658159124185,1491.1483882861908,-2688.4690319251058,-1.0176088401930343
1257300,-35456641.326594308,-22826853.495844658,32178.074988699354,1664.2377120246354,-2584.907638716058,-1.1762891756979736
1258200,-33883595.834249504,-25102477.706306756,31049.756404085354,1830.1647293956312,-2470.2204291154553,-1.3302409159614257
1259100,-32164708.053206969,-27270060.068009306,29785.261153536139,1988.2154102642558,-2344.9007440835549,-1.4787939811086208
1260000,-30307375.421514716,-29320270.592203401,28389.741774760507,2137.7095647876608,-2209.4876625730658,-1.621299386513434
1260900,-28319591.21744734,-31244284.184476819,26868.924357108372,2278.0037682417424,-2064.5636923102888,-1.7571320132659385
1261800,-26209910.212861825,-33033818.621099472,25229.085843979999,2408.4941296042198,-1910.7522738463622,-1.8856933023536073
1262700,-23987411.909641594,-34681170.198851682,23477.028948250241,2528.6188919490123,-1748.7151082643202,-2.0064138633386506
1263600,-21661661.51572933,-36179246.904590487,21620.054761893396,2637.8608533643055,-1579.1493197013974,-2.1187559880787061
1264500,-19242668.82709207,-37521598.961187698,19665.933149645876,2735.7495978174452,-1402.7844645839923,-2.2222160597025451
1265400,-16740845.191141747,-38702446.617498249,17622.871025535223,2821.8635261531904,-1220.3794001707124,-2.3163268466378724
1266300,-14166958.735603523,-39716705.061650828,15499.478620491655,2895.8316782267693,-1032.7190256521915,-2.4006596710280355
1267200,-11532088.05453746,-40560006.349152081,13304.733859065393,2957.335338037853,-840.61090966007146,-2.4748264404112525
1268100,-8847574.5501326807,-41228718.250014536,11047.944973478947,3006.1094146435971,-644.88181858657913,-2.5384815311212363
1269000,-6124973.6349657308,-41719959.932303965,8738.711493780771,3041.9435925849875,-446.37416060561412,-2.5913235115564786
1269900,-3376005.0046085319,-42031614.413100652,6386.8837636162107,3064.6832465568914,-245.94236071126628,-2.6330966933140143
1270800,-612502.19475239934,-42162337.721818469,4002.5211419263369,3074.2301160835982,-44.449182445826807,-2.6635924982430308
1271700,2153638.3596465704,-42111564.735063955,1595.8490615143992,3070.5427370226976,157.23798772741776,-2.682650629787763
1272600,4910508.5433225315,-41879511.656675845,-822.78487435971897,3053.6366278046989,358.25087724436571,-2.690160037586939
1273500,7646239.8364883345,-41467175.131195746,-3242.9555666479951,3023.584229417082,557.72406916292687,-2.6860596651928472
1274400,10349054.425797703,-40876327.993708722,-5654.2056671271548,2980.5145992524358,754.79873245076578,-2.6703389719624986
1275300,13007315.929430272,-40109511.673687831,-8046.0911902229827,2924.6128600536431,948.6263245344021,-2.6430382216344559
1276200,15609579.516857602,-39170025.285103619,-10408.22727732213,2856.1194062973727,1138.3722499218109,-2.6042485317995725
1277100,18144641.206449904,-38061911.449546196,-12730.333896468192,2775.3288714532191,1323.2194589070175,-2.5541116803511663
1278000,20601586.127663016,-36789938.913382016,-15002.281257708652,2682.5888606327385,1502.3719706404163,-2.4928196669993268
1278900,22969835.539083384,-35359582.03395956,-17214.134723559455,2578.2984541938122,1675.0583052001507,-2.4206140299915839
1279800,25239192.399078701,-33776997.223520346,-19356.198995107869,2462.9064888852436,1840.5348097246824,-2.3377849202335108
1280700,27399885.292173691,-32048996.452700239,-21419.061357149531,2336.9096240987446,1998.0888641609458,-2.2446699369899599
1281600,29442610.521507114,-30183017.928260218,-23393.633770370925,2200.8502017357487,2147.0419527420718,-2.141652731219744
1282500,31358572.18578871,-28187094.07190806,-25271.193604821859,2055.313909090597,2286.7525879291111,-2.0291613843143343
1283400,33139520.068020243,-26069816.938711148,-27043.422816621562,1900.927254996016,2416.6190742278645,-1.9076665715471568
1284300,34777785.172826201,-23840301.22460654,-28702.44537883536,1738.354870268545,2536.0821000201072,-1.7776795208783067
1285200,36266312.759509407,-21508145.022843722,-30240.862787565726,1568.2966442282468,2644.6271463234366,-1.6397497788961761
1286100,37598692.728854045,-19083388.498807974,-31651.787475342011,1391.4847097467657,2741.786702211034,-1.494462796617037
1287000,38769187.233190998,-16576470.661532076,-32928.87397569522,1208.6802898991079,2827.142277477295,-1.3424373486186321
1287900,39772755.39126581,-13998184.418279678,-34066.34769520902,1020.6704198563245,2900.3262040231539,-1.1843227995720711
1288800,40605075.001953058,-11359630.105846439,-35059.03116220481,828.26455815774943,2961.0232183518833,-1.0207962326776705
1289700,41262561.163788751,-8672167.6986513361,-35902.367634425049,632.29110194205271,3008.971818508156,-0.85255945482720286
1290600,41742381.720588773,-5947367.8992588427,-36592.441961521778,433.59382109572641,3043.9653897564817,-0.68033589352778878
1291500,42042469.467032142,-3196962.3216660512,-37125.998611752686,233.02822659551251,3065.8530942761317,-0.50486740075096959
1292400,42161531.061956286,-432792.98149237782,-37500.45678596574,31.457888577562017,3074.5405211449593,-0.32691097893107285
1293300,42099052.611183606,2333238.6898877039,-37713.922555662146,-170.24928013922894,3069.9900938907554,-0.14723544434426936
1294200,41855301.895917535,5089223.0882351706,-37765.197975622177,-371.22475921532191,3052.2212339028542,0.033381956936476415
1295100,41431327.23705741,7823293.7162480261,-37653.78713522476,-570.60315870635691,3021.3102790154358,0.2141589653858593
1296000,40828953.000129096,10523678.280001324,-37379.899126160853,-767.52594379130221,2977.3901575944274,0.39431174164584082
1296900,40050771.759856641,13178749.382510502,-36944.447917707032,-961.14513042345095,2920.6498194789519,0.57305830252347423
1297800,39100133.157654569,15777074.596575793,-36349.049144066237,-1150.6269361282255,2851.3334261429959,0.74962194462295995
1298700,37981129.499444403,18307465.701648533,-35596.013821473323,-1335.1553703466795,2769.7393034501833,0.92323464104754827
1299600,36698578.155138701,20759026.872945178,-34688.339025779736,-1513.9357489598501,2676.2186613712306,1.0931403968143083
1300500,35258000.83483462,23121201.615410898,-33629.695574048419,-1686.1981179265804,2571.1740860164673,1.2585985488629188
1301400,33665599.830163144,25383818.240387779,-32424.412766277492,-1851.2005713258254,2455.0578103015041,1.4188869968105857
1302300,31928231.322294079,27537133.688955802,-31077.460255698585,-2008.2324495134214,2328.3697705091645,1.57330535091323
1303200,30053375.87074706,29571875.512867972,-29594.427128128951,-2156.6174035822769,2191.655456931629,1.7211779840391885
1304100,28049106.20935056,31479281.831770513,-27981.498282558943,-2295.716312853308,2045.5035676695766,1.8618569748508529
1305000,25924052.487372562,33251139.093958165,-26245.428216489239,-2424.9300427211424,1890.543475526129,1.9947249298223144
1305900,23687365.104964495,34879817.477232762,-24393.512330454821,-2543.702030832545,1727.4425187586003,2.1191976722003214
1306800,21348675.302564986,36358303.776476592,-22433.555876642731,-2651.5206902850969,1556.9031272363411,2.2347267865426397
1307700,18918053.673751477,37680231.635282494,-20373.840686484749,-2747.9216192970516,1379.6597962942451,2.3408020080430907
1308600,16405966.780158911,38839908.990358815,-18223.089821540565,-2832.4896076142645,1196.4759212645192,2.4369534464764806
1309500,13823232.055460408,39832342.609404199,-15990.43030083847,-2904.8604307839619,1008.1405063100563,2.522753635268653
1310400,11180971.192981733,40653259.615675598,-13685.354066065505,-2964.7224243348605,815.46476176702743,2.5978193969164423
1311300,8490562.2182606719,41299125.905499786,-11317.677353555668,-3011.8178308551946,619.27860472824818,2.6618135167474062
1312200,5763590.4537268225,41767161.378449515,-8897.4986488735613,-3045.9439139506467,420.42707805869856,2.7144462178173669
1313100,3011798.5876350594,42055351.913758762,-6435.1554058931597,-3066.9538340885533,219.76670342679921,2.7554764305932005
1314000,247036.06340800598,42162458.040727444,-3941.1797175928286,-3074.757282388307,18.161784256497327,2.7847128519540507
1314900,-2518791.9913942399,42088020.265297063,-1426.2531302962916,-3069.3208694952987,-183.51932524689832,2.8020147889638647
1315800,-5273776.0751745431,41832361.029600143,1098.8392032429056,-3050.668267771558,-384.40796867220035,2.8072927838161577
1316700,-8006053.6390745128,41396583.29602661,3623.2548337128624,-3018.8801061444651,-583.6389371599613,2.8005090173244382
1317600,-10703860.207939405,40782565.762140587,6136.1405879508366,-2974.0936180694789,-780.35420390780632,2.7816774893227478
1318500,-13355580.073898017,39992954.727549002,8626.6792033462552,-2916.5020441773518,-973.70662705355903,2.750863975345216
1319400,-15949796.34289629,39031152.648497209,11084.135822685763,-2846.3537922844207,-1162.8636047105049,2.7081857599657462
1320300,-18475340.117428035,37901303.430475526,13497.904148986145,-2763.9513585397381,-1347.0106661526343,2.6538111481926454
1321200,-20921338.602588531,36608274.523392446,15857.552061571045,-2669.6500145586956,-1525.3549834491969,2.5879587573222782
1322100,-23277261.927416094,35157635.897836603,18152.866497261588,-2563.8562664430419,-1697.1287882255135,2.5108965926549138
1323000,-25532968.47925758,33555635.99454274,20373.897404057429,-2447.0260926058413,-1861.5926786782577,2.4229409114581797
1323900,-27678748.555565227,31809174.75233186,22511.0005790656,-2319.6629683010497,-2018.0388024952433,2.3244548805236653
1324800,-29705366.145067379,29925773.832450561,24554.879207666869,-2182.3156856958158,-2165.7939019184723,2.2158470335937075
1325700,-31604098.658614513,27913544.169331197,26496.62392696564,-2035.5759792141507,-2304.2222078407522,2.0975695358332271
1326600,-33366774.439139247,25781150.98927781,28327.751243416038,-1880.0759667190293,-2432.7281705359273,1.9701162633798774
1327500,-34985807.890035555,23537776.44940342,30040.240142116745,-1716.485417882187,-2550.7590153858546,1.8340207068196637
1328400,-36454232.071806647,21193080.059255589,31626.566733577296,-1545.508861813677,-2657.8071127784156,1.6898537081998559
1329300,-37765728.627997816,18757157.056929119,33079.736792733325,-1367.8825466838139,-2753.4121522047758,1.538221041901346
1330200,-38914654.913163126,16240494.920041105,34393.3160545762,-1184.371264666398,-2837.1631114751985,1.3797608503451291
1331100,-39896068.207854539,13653928.199702829,35561.458140909912,-995.76505606256615,-2908.7000128955538,1.2151409460973106
1332000,-40705746.918309167,11008591.872539889,36578.93000339673,-802.87580692828976,-2967.715459195701,1.045055992460622
1332900,-41340208.67158436,8315873.41186486,37441.134779142289,-606.53375492512589,-3013.9559429708606,0.87022457509454409
1333800,-41796725.230291776,5587363.7842790103,38144.131966534958,-407.58391844338558,-3047.2229243828447,0.6913861775865886
1334700,-42073334.164748557,2834807.5822597332,38684.654840828269,-206.88246431008804,-3067.3736728646563,0.50929807420238415
1335600,-42168847.23423931,70052.506670038681,39060.125040967265,-5.2930295918245918,-3074.3218695750597,0.32473215326773475
1336500,-42082855.443106316,-2695001.5843978161,39268.664271338923,196.31698686365195,-3068.0379683549895,0.13847168478094948
1337400,-41815730.751501404,-5448453.8424611147,39309.103074399616,397.08014743218706,-3048.5493139414325,-0.048691954084298855
1338300,-41368624.434785701,-8178453.5925144339,39180.986642423071,596.13269753910572,-3015.9400171931852,-0.23596258194707398
1339200,-40743462.099698544,-10873251.275498472,38884.577648846025,792.61827062970622,-2970.3505880736848,-0.42254253112502188
1340100,-39942935.379482016,-13521248.952054661,38420.856091790149,985.69156071376256,-2911.9773281163848,-0.60763596713256174
1341000,-38970490.344093084,-16111050.152239643,37791.516154234996,1174.5219470747538,-2841.0714850654181,-0.79045219669345546
1341900,-37830312.675410323,-18631508.858726818,36998.960096938899,1358.2970559496232,-2757.9381733367845,-0.97020895153153741
1342800,-36527309.670901023,-21071777.414725423,36046.28921148731,1536.2262442522238,-2662.9350648810714,-1.1461356356126204
1343700,-35067089.152508751,-23421353.152384784,34937.291871736808,1707.5439907319874,-2556.4708559462742,-1.3174765239768844
1344600,-33455935.370507408,-25670123.54280556,33676.428732370601,1871.5131803277095,-2439.0035161370965,-1.4834939018115847
1345500,-31700782.004699208,-27808409.674932867,32268.815133255022,2027.428267893903,-2311.0383270437142,-1.6434711329529976
1346400,-29809182.377568655,-29827007.877537597,30720.200777770282,2174.6183079434322,-2173.125718566771,-1.7967156475545942
1347300,-27789277.005796801,-31717229.306181606,29036.946762281896,2312.449837564739,-2025.8589118947236,-1.9425618391950334
1348200,-25649758.627848312,-33470937.325486228,27226.000042443789,2440.3296002348552,-1869.8713788925106,-2.0803738622015056
1349100,-23399834.856123131,-35080582.526157372,25294.865430121015,2557.7070988604682,-1705.8341284347407,-2.2095483204080111
1350000,-21049188.612372588,-36539235.226036929,23251.575222451687,2664.0769670386526,-1534.4528309595071,-2.3295168389328098
1350900,-18607936.51467251,-37840615.3149205,21104.656572014064,2758.9811482364184,-1356.4647932275748,-2.4397485108254999
1351800,-16086585.393180221,-38979119.313972533,18863.096714320949,2842.0108733437846,-1172.6357959426093,-2.5397522105890493
1352700,-13495987.120135248,-39949844.532246396,16536.3061760331,2912.8084278580995,-983.75680751754646,-2.6290787666195827
1353600,-10847291.947052768,-40748610.215040095,14134.080094471006,2971.0687008069663,-790.64058785587633,-2.7073229845307298
1354500,-8151900.5487628849,-41371975.591543965,11666.557786306041,3016.540508411892,-594.11819655012209,-2.7741255131547518
1355400,-5421414.9798279032,-41817254.742418438,9144.180710806495,3049.0276864326092,-395.03542037834768,-2.8291745447650212
1356300,-2667588.7538867579,-42082528.221525989,6577.6489807495782,3068.3899461101628,-194.24913539836376,-2.8722073407824782
1357200,97723.73940475611,-42166651.379975408,3977.8765820988365,3074.5434896416286,7.3763807063004947,-2.9030115739582425
1358100,2862618.2619778463,-42069259.354859076,1355.9454717523031,3067.4613821664975,208.97317008928019,-2.9214264778203543
1359000,5615191.9794020038,-41790768.699510232,-1276.9412689945366,3047.1736783189367,409.67333386153166,-2.9273437940916014
1359900,8343594.7160276677,-41332375.646710828,-3909.5070392916205,3013.767302495522,608.61277258185555,-2.920708508882607
1360800,11036079.991597198,-40696051.010969505,-6530.4498877548713,2967.3856830978739,804.9349117752879,-2.9015193687889025
1361700,13681055.618437244,-39884531.750691943,-9128.4910437962753,2908.2281421268162,997.79439616316495,-2.8698291686098942
1362600,16267133.640087374,-38901309.225707673,-11692.423602314069,2836.5490426216011,1186.3607363980568,-2.8257448032844441
1363500,18783179.394963931,-37750614.200122572,-14211.161146632909,2752.6566975466494,1369.8218922894616,-2.7694270778059233
1364400,21218359.49239368,-36437398.654761843,-16673.786089601497,2656.9120448213221,1547.3877767813699,-2.7010902703261146
1365300,23562188.493061125,-34967314.487478688,-19069.597509188148,2549.7270942578848,1718.293665298736,-2.621001445349195
1366200,25804574.091572069,-33346689.19325899,-21388.15825296372,2431.5631532117195,1881.8034955138712,-2.5294795158076617
1367100,27935860.605413381,-31582498.629283343,-23619.341085679556,2302.9288387492716,2037.2130430921807,-2.4268940548416089
1368000,29946870.582048401,-29682336.982848737,-25753.373655830575,2164.377885097093,2183.8529595552518,-2.3136638602062938
1368900,31828944.344187148,-27654384.072242994,-27780.882060677501,2016.5067560441655,2321.0916590432516,-2.1902552763419094
1369800,33573977.302364752,-25507370.122248899,-29692.9327946624,1859.9520728250798,2448.3380414625171,-2.0571802811909388
1370700,35174454.873799652,-23250538.166880202,-31481.072873410085,1695.3878688095772,2565.0440402626696,-1.914994346784187
1371600,36623484.857032798,-20893604.242171895,-33137.3679344392,1523.5226830617148,2670.7069838947841,-1.7642940843912358
1372500,37914827.123014525,-18446715.541321337,-34654.438126149122,1345.096505507064,2764.8717608524121,-1.6057146866102971
1373400,39042920.495050207,-15920406.713168155,-36025.491608416261,1160.8775870574962,2847.132779085021,-1.4399271801349365
1374300,40002906.702281125,-13325554.492878634,-37244.355501025915,971.65912858923923,2917.1357114932571,-1.2676355040729235
1375200,40790651.304104194,-10673330.860737463,-38305.5041299816,778.25586315063413,2974.5790201622854,-1.0895734296071271
1376100,41402761.496064968,-7975154.9311247338,-39204.084436276375,581.50054619133789,3019.2152529584364,-0.90650133749162098
1377000,41836600.721233189,-5242643.7790502906,-39935.938426797671,382.24036895493703,3050.8521071011114,-0.7192028703855452
1377900,42090300.024831384,-2487562.4160176958,-40497.622562503006,181.33331046261219,3069.3532553221576,-0.52848147736458617
1378800,42162766.103876516,278226.86951488303,-40886.423994705467,-20.35555626271605,3074.638931234992,-0.33515686813927337
1379700,42053686.017755084,3042815.5892267008,-41100.373576121558,-221.95778792360386,3066.6862715520701,-0.14006139457400987
1380600,41763528.539927773,5794300.3300623633,-41138.255589158842,-422.60530872207767,3045.5294138086779,0.055963622936254898
1381500,41293542.145293877,8520834.0071299411,-40999.614149673842,-621.43414624086381,3011.2593492704541,0.25207160679374641
1382400,40645749.642084382,11210676.874270724,-40684.75626004635,-817.58814951813906,2964.0235317186698,0.44741445397629709
1383300,39822939.471440837,13852247.073282432,-40194.751500841994,-1010.2226734879869,2904.025243818428,0.64114627124844525
1384200,38828653.712020911,16434170.504764309,-39531.428365529246,-1198.5082141041362,2831.522723777945,0.83242709706415874
1385100,37667172.84099853,18945329.806437284,-38697.36725764619,-1381.6339786689432,2746.8280559993159,1.0204265937318038
1386000,36343497.316642374,21374912.228564378,-37695.890184447395,-1558.8113761524833,2650.3058304000333,1.2043276937529379
1386900,34863326.061210476,23712456.200742424,-36531.047195376756,-1729.277412607617,2542.3715760473106,1.3833301846160682
1387800,33233031.936136838,25947896.38984023,-35207.599627682663,-1892.2979771656148,2423.4899756911377,1.5566542167228385
1388700,31459634.314358268,28071607.055202462,-33731.000235093023,-2047.1710045329046,2294.1728687040713,1.7235437195498726
1389600,29550768.867083371,30074443.51440125,-32107.37028867182,-2193.2295004022676,2154.9770508328979,1.8832697116052539
1390500,27514654.694291171,31947781.540775619,-30343.473751758283,-2329.8444167407324,2006.5018800363098,2.0351334902279712
1391400,25360058.939712483,33683554.522724733,-28446.688643212769,-2456.4273645207477,1849.3866985201043,2.178469687803771
1392300,23096259.041945294,35274288.224185154,-26424.97571502666,-2572.4331521199547,1684.3080818836333,2.3126491815346695
1393200,20733002.783635922,36713132.99589128,-24286.844581661029,-2677.3621383268028,1511.9769270545271,2.4370818445040303
1394100,18280466.310274553,37993893.297854781,-22041.317449222712,-2770.7623896528157,1333.1353914092106,2.5512191264274344
1395000,15749210.299060566,39111054.404963888,-19697.890602727228,-2852.231632465574,1148.5536961505261,2.654556453171546
1395900,13150134.466446698,40059806.179651417,-17266.493819195191,-2921.418991317224,959.02680763682383,2.7466354348614255
1396800,10494430.610329414,40836063.808165826,-14757.44788314156,-2978.0265057487563,765.37101092524063,2.8270458731796149
1397700,7793534.3893775586,41436485.410049491,-12181.420389104554,-3021.810418797309,568.42039030160606,2.8954275592887795
1398600,5059076.0476462524,41858486.443930127,-9549.3800231837231,-3052.5822314187149,369.02323201674034,2.9514718546808356
1399500,2302830.297375957,42100250.846605502,-6872.5495220758676,-3070.2095180563315,168.03836483021979,2.9949230481689386
1400400,-463334.42330104671,42160738.856588259,-4162.3575137776897,-3074.6164996353591,-33.668545725299538,3.0255794831897393
1401300,-3227507.0981567046,42039691.487712987,-1430.3894489316071,-3065.7843713343705,-235.22873320639155,3.0432944505703547
1402200,-5977785.4646822875,41737631.633024968,1311.6621643033545,-3043.751383577292,-435.77407993011815,3.0479768429317167
1403100,-8702327.3075343482,41255861.793901443,4052.0480059963647,-3008.6126757938659,-634.4408640486289,3.0395915679442425
1404000,-11389401.491316658,40596458.444131419,6779.0124529181121,-2960.5198636086466,-830.37348761206272,3.0181597187163844
1404900,-14027438.511498312,39762263.053427964,9480.8441307933463,-2899.6803812315557,-1022.7281692747839,2.9837585006775069
1405800,-16605080.344362961,38756869.809496142,12145.926291298681,-2826.3565819305695,-1210.6765854498749,2.9365209154063119
1406700,-19111229.379970774,37584610.092257664,14762.786795669776,-2740.8646005626233,-1393.4094439462956,2.876635202949545
1407600,-21535096.226179466,36250533.768069945,17320.147488663439,-2643.5729832158459,-1570.1399744311568,2.804344045266105
1408500,-23866246.176794153,34760387.385701224,19806.972749479108,-2534.9010900683211,-1740.1073204446216,2.7199435345123351
1409400,-26094644.142872356,33120589.369367298,22212.517010068899,-2415.317278589418,-1902.5798181546813,2.623781910949206
1410300,-28210697.853069574,31338202.317233104,24526.371036039247,-2285.3368751933922,-2056.8581475705955,2.5162580762945144
1411200,-30205299.136636391,29420902.526370324,26738.506771046345,-2145.5199443957158,-2202.2783425335924,2.3978198893570983
1412100,-32069863.111228913,27376946.877181485,28839.320552184774,-1996.4688654152233,-2338.2146464674638,2.2689622517696408
1413000,-33796365.107025124,25215137.221695177,30819.674511329078,-1838.8257270048769,-2464.0822015954222,2.1302249925755805
1413900,-35377375.168700948,22944782.430854853,32670.935985674234,-1673.2695520765576,-2579.3395601080301,1.982190561319803
1414800,-36806089.987558037,20575658.265918374,34385.014769788919,-1500.5133644070636,-2683.4910065949198,1.8254815401360682
1415700,-38076362.127454795,18117965.248314746,35954.39805129842,-1321.3011103704846,-2776.0886819248253,1.6607579861127713
1416600,-39182726.420114242,15582284.710731588,37372.182882800291,-1136.4044492338421,-2856.7344996684324,1.4887146159483624
1417500,-40120423.417806059,12979533.219799934,38632.106053731208,-946.61942607660524,-2925.0818471009611,1.3100778455748856
1418400,-40885419.804264776,10320915.567475468,39728.57123758956,-752.76304184925993,-2980.8370637904331,1.1256026980291458
1419300,-41474425.677948005,7617876.5340658166,40656.673302114657,-555.66973547092914,-3023.7606917675689,0.93606959338338402
1420200,-41884908.635295562,4882051.6308056638,41412.21968266707,-356.18779318120789,-3053.6684922786903,0.74228103500804099
1421100,-42115104.595460013,2125217.0339237666,41991.748732079359,-155.17570060732862,-3070.4322251386084,0.5450582068259
1422000,-42164025.321979031,-640761.07472845539,42392.544973585544,46.501546814447806,-3073.9801877212917,0.34523749652738023
1422900,-42031462.610990047,-3403977.5432108855,42612.651197020874,247.97615931333897,-3064.2975116474549,0.14366695994903061
1423800,-41717989.129787907,-6152539.4426269289,42650.877352239513,448.38127835872325,-3041.426216245939,-0.058797258030872518
1424700,-41224955.903739169,-8874617.1989141591,42506.806207554342,646.85469655656766,-3005.4650188759201,-0.26129453065577635
1425600,-40554486.463736787,-11558495.444882564,42180.795754884413,842.54255616753289,-2956.5689031962524,-0.46296336910321167
1426500,-39709467.680451304,-14192623.375511663,41673.978357126682,1034.6030106839028,-2894.9484474535561,-0.66294503963484253
1427400,-38693537.325558275,-16765664.391819583,40988.256646972208,1222.2098340963048,-2820.8689158294064,-0.8603871629575196
1428300,-37511068.413846128,-19266544.821782425,40126.296199885575,1404.5559627294872,-2734.6491168368921,-1.054447280939762
1429200,-36167150.393585682,-21684501.510793198,39091.51501718205,1580.8569548270927,-2636.6600336859656,-1.24429637618436
1430100,-34667567.265726596,-24009128.078986872,37888.069867994847,1750.3543534165415,-2527.3232324437022,-1.4291223303979395
1431000,-33018772.725331251,-26230419.648400709,36520.839551349527,1912.3189383851072,-2407.1090546983751,-1.608133308018449
1431900,-31227862.431121182,-28338815.849364862,34995.405151485989,2066.0538541455662,-2276.5346022937761,-1.780561052155567
1432800,-29302543.52105172,-30325241.922703985,33318.027370925942,2210.8975997632101,-2136.1615225311921,-1.9456640805595848
1433700,-27251101.503407124,-32181147.742251817,31495.621036522312,2346.2268689545708,-1986.5936030395876,-2.1027307700488493
1434600,-25082364.663980007,-33898544.590811767,29535.726883802014,2471.4592279511376,-1828.4741862884146,-2.2510823185812843
1435500,-22805666.140426174,-35470039.532010153,27446.480734297489,2586.0556198481436,-1662.4834144605602,-2.3900755749332872
1436400,-20430803.824829552,-36888867.230456807,25236.580189244421,2689.5226847287308,-1489.3353161133334,-2.5191057267289354
1437300,-17967998.264832862,-38148919.083219528,22915.248971009853,2781.4148855671633,-1309.7747467310792,-2.6376088383210208
1438200,-15427848.74234926,-39244769.536802351,20492.199050938929,2861.3364306709354,-1124.5741959114066,-2.7450642307383237
1439100,-12821287.716830092,-40171699.475557834,17977.590709020002,2928.9429842202103,-934.53047452538794,-2.8409966965558917
1440000,-10159533.827286284,-40925716.57972271,15381.990676941912,2983.9431573034472,-740.46129574705378,-2.9249785430943671
1440900,-7454043.6537083313,-41503572.564004771,12716.328521845964,3026.0997727293898,-543.20176435560131,-2.9966314577920659
1441800,-4716462.4441661267,-41902777.220821261,9991.8514334650827,3055.2308978165611,-343.60078917083308,-3.0556281899067166
1442700,-1958574.0186602594,-42121609.205848835,7220.0775825086512,3071.2106403201187,-142.51743388435654,-3.1016940428894371
1443600,807749.93529232335,-42159123.517440267,4412.7482232052944,3073.9697036499733,59.182778108528311,-3.1346081718383823
1444500,3570600.9573533912,-42015155.635637522,1581.7787179591392,3063.4956985602566,260.6315889929491,-3.1542046804028607
1445400,6318085.0792889232,-41690322.30090566,-1260.7913328140962,3039.8332095446044,460.96174584133905,-3.1603735114014144
1446300,9038374.0389691852,-41186018.927263558,-4102.8486673819452,3003.0836152495554,659.31073771244701,-3.153061125283088
1447200,11719756.222160643,-40504413.659127884,-6932.2574522942305,2953.4046633141011,854.82451425079353,-3.1322709604507391
1448100,14350687.111691797,-39648438.095847555,-9736.9106858557279,2891.0098011507689,1046.6611695132426,-3.0980636694373818
1449000,16919839.025439281,-38621774.722512722,-12504.781711071841,2816.1672652956113,1233.9945748495604,-3.0505571250395183
1449900,19416149.927444737,-37428841.100101925,-15223.975628482684,2729.1989330636147,1416.0179448473766,-2.9899261908202321
1450800,21828871.100331314,-36074770.882307611,-17882.780394500307,2630.4789413444237,1591.94732061934,-2.9164022509445187
1451700,24147613.472027466,-34565391.740378715,-20469.717386679007,2520.4320784528772,1761.0249550609253,-2.8302724951319416
1452600,26362392.395604912,-32907200.2909647,-22973.591214032545,2399.5319560015596,1922.5225851396808,-2.7318789556199965
1453500,28463670.687769044,-31107334.135166619,-25383.538548320568,2268.2989687806521,2075.7445767878821,-2.6216172944202492
1454400,30442399.739169475,-29173541.129727568,-27689.075751402175,2127.2980516063108,2220.0309285569792,-2.499935340792109
1455300,32290058.518184591,-27114146.023461837,-29880.145074507243,1977.136243026001,2354.7601208491351,-2.3673313807129683
1456200,33998690.299130537,-24938014.60356795,-31947.159207770921,1818.4600666415058,2479.3517982632507,-2.2243522021298947
1457100,35560936.955899775,-22654515.507339887,-33881.043962721233,1651.9527416227497,2593.2692733741451,-2.0715909018707439
1458000,36970070.672792017,-20273479.864932258,-35673.27887664958,1478.3312347338569,2696.0218410976263,-1.9096844621996003
1458900,38220022.935701124,-17805158.948204897,-37315.935535910561,1298.3431668738829,2787.1668936744718,-1.7393111070539631
1459800,39305410.678804308,-15260180.009231308,-38801.713425112808,1112.7635877461494,2866.3118272261809,-1.5611874499358878
1460700,40221559.474400841,-12649500.49977148,-40123.973120745941,922.3916328107573,2933.1157317881866,-1.3760654471937266
1461600,40964523.666503631,-9984360.8698551897,-41276.766660868358,728.0470771441087,2987.2908577058374,-1.1847291719859503
1462500,41531103.362132438,-7276236.149576474,-42254.864936854894,530.56680122728403,3028.6038522788226,-0.98799142553806762
1463400,41918858.207929954,-4536786.5232466608,-43053.781968654417,330.80118401265486,3056.8767615554239,-0.78669020337572859
1464300,42126117.893657848,-1777807.1091810428,-43669.795941312223,129.61043887625834,3071.9877932039362,-0.58168503504322877
1465200,42151989.33826717,988822.83840435464,-44099.966897453014,-72.139091746237611,3073.8718374203222,-0.37385321640710856
1466100,41996360.52851633,3751191.0866376311,-44342.150997793869,-273.57866711811215,3062.5207438645643,-0.16408595401868908
1467000,41659900.994471125,6497403.72028693,-44395.01127937805,-473.84088837327886,3037.9833536497035,0.046715558809123231
1467900,41144058.920607746,9215636.3566007614,-44258.024858928846,-672.06343212286254,3000.3652864339733,0.25764411453985164
1468800,40451054.905595705,11894185.058690546,-43931.486546380293,-867.39276158275925,2949.8284836849284,0.46779049301902764
1469700,39583872.39810887,14521516.728869561,-43416.508851134888,-1058.9877994321591,2886.5905101924914,0.67624747283730391
1470600,38546244.850146003,17086318.765680756,-42715.018380836045,-1246.023546795109,2810.923616902985,0.88211383346901973
1471500,37342639.643286154,19577547.771552771,-41829.748649351714,-1427.6946329762993,2723.1535691263048,1.084498329603496
1472400,35978238.857007459,21984477.102105357,-40764.229327189416,-1603.2187808773199,2623.6582451312629,1.2825236195409326
1473300,34458916.961610898,24296743.053064786,-39522.771983656501,-1771.840173369812,2512.8660110875753,1.4753301300232953
1474200,32791215.531363688,26504389.486529175,-38110.452385708631,-1932.8327063064849,2391.2538792348355,1.662079840404092
1475100,30982315.086161945,28597910.704921789,-36533.089433564666,-2085.5031143091942,2259.3454570567051,1.8419599696241815
1476000,29040004.182260934,30568292.388365109,-34797.220827781552,-2229.1939559846001,2117.7086961100313,2.0141865500514107
1476900,26972645.884385757,32407050.419374488,-32910.075576555733,-2363.2864457817204,1966.9534500009454,2.1780078728586485
1477800,24789141.76276955,34106267.427680291,-30879.54346552234,-2487.20312032123,1807.7288518104172,2.3327077902590281
1478700,22498893.569323048,35658626.89761126,-28714.141625235734,-2600.4103276928768,1640.7205220470696,2.4776088605904922
1479600,20111762.757174075,37057444.690776601,-26422.978343807841,-2702.4205289337938,1466.6476189421294,2.6120753229464464
1480500,17638028.017183244,38296697.847733788,-24015.714283823327,-2792.7944016656002,1286.2597435966384,2.7355158887879294
1481400,15088341.013700109,39371050.543884084,-21502.521273613089,-2871.1427366803664,1100.3337131409917,2.8473863387480822
1482300,12473680.509730279,40275877.08695633,-18894.038853214628,-2937.1281191229077,909.67021566766266,2.9471919136529507
1483200,9805305.0787995886,41007281.856074601,-16201.328764845177,-2990.4663868170678,715.0903612459623,3.0344894896362931
1484100,7094704.6070878785,41562116.095509186,-13435.827586424386,-3030.9278592239889,517.43214381896894,3.108889528119962
1485000,4353550.7948289998,41937991.489728704,-10609.297714571247,-3058.3383314975567,317.54682921370852,3.1700577923661264
1485900,1593646.8705024705,42133290.460249461,-7733.7769105290199,-3072.5798291125684,116.29528486266125,3.2177168232818056
1486800,-1173123.2650514825,42147173.138956375,-4821.5266286065362,-3073.5911195805943,-85.455732865690081,3.2516471681685206
1487700,-3934846.2448022612,41979580.986986063,-1884.979351931926,-3061.3679788322984,-286.83731760032572,3.2716883571574957
1488600,-6679630.5705004577,41631237.042853162,1063.3148354352011,-3035.9632109281179,-486.98216188219965,3.2777396231505596
1489500,-9395657.8542550169,41103642.79819724,4010.7422077217461,-2997.486420856218,-685.02829969622348,3.2697603621944666
1490400,-12071233.744800279,40399071.714262277,6944.6796534200512,-2946.1035412817087,-880.12282625391845,3.2477703323470788
1491300,-14694838.31781307,39520559.406923115,9852.548992226988,-2882.0361152181126,-1071.4255787351876,3.2118495902423079
1492200,-17255175.711910602,38471890.542671621,12721.871116949882,-2805.5603376947311,-1258.1127618521909,3.1621381657210059
1493100,-19741222.79521862,37257582.502399936,15540.319725241043,-2717.0058605853128,-1439.3805023320294,3.0988354760606542
1494000,-22142276.651633095,35882865.883995883,18295.774407926627,-2616.7543658378386,-1614.448316727297,3.0221994825017426
1494900,-24448000.681089342,34353661.928628355,20976.372863645072,-2505.2379133957365,-1782.5624773531511,2.932545592925242
1495800,-26648469.114275455,32676556.969077695,23570.562013494728,-2382.9370711210681,-1942.99926161443,2.8302453156781193
1496700,-28734209.749251906,30858774.011492617,26067.147794393728,-2250.3788350140003,-2095.0680705238265,2.7157246706643461
1497600,-30696244.72533118,28908141.574466255,28455.343415854808,-2108.1343489643336,-2238.1144028188983,2.5894623649114243
1498500,-32526129.1582895,26833059.921259012,30724.815871845625,-1956.8164341644529,-2371.5226717579571,2.4519877408801434
1499400,-34215987.470481388,24642464.832298618,32865.730507307097,-1797.0769391537988,-2494.7188524080816,2.3038785068024881
1500300,-35758547.259658039,22345789.07570428,34868.793447698998,-1629.6039222482427,-2607.1729480279328,2.1457582593028248
1501200,-37147170.561198011,19952921.743465215,36725.291709589175,-1455.1186788296295,-2708.4012649882648,1.9782938094762084
1502100,-38375882.369987138,17474165.630009763,38427.130820751401,-1274.372626627882,-2797.9684865586078,1.8021923244595535
1503000,-39439396.300274335,14920192.838192169,39966.869789434408,-1088.1440627176617,-2875.4895368136026,1.6181982973324718
1503900,-40333137.274418801,12301998.80516696,41337.753274353861,-897.23480647162978,-2940.6312268710549,1.4270903589208637
1504800,-41053261.14446976,9630854.9471879937,42533.740819481049,-702.46674316135102,-2993.1136766598829,1.2296779457450286
1505700,-41596671.163916439,6918260.1280388981,43549.53303079414,-504.67828327406846,-3032.7115064238824,1.0267978389520069
1506600,-41961031.240650728,4175891.1605566163,44380.594585755345,-304.72075291874364,-3059.2547931907325,0.81931058959726499
1507500,-42144775.916130885,1415552.554538765,45023.173980314765,-103.45473092822672,-3072.6297884693386,0.6080968460916315
1508400,-42147117.029859588,-1350874.272778509,45474.319932649974,98.253651572883982,-3072.7793944770779,0.39405360000415035
1509300,-41968047.042529307,-4111482.1055241972,45731.894377562305,299.53643327190463,-3059.7033972367099,0.17809036670911479
1510200,-41608339.005480908,-6854389.1381010152,45794.582000394148,499.52755055500324,-3033.4584559159871,-0.038874682415063172
1511100,-41069543.178407565,-9567790.0649196394,45661.896274438273,697.36655532941791,-2994.1578488070754,-0.25591861938751759
1512000,-40353980.311457284,-12240006.83249283,45334.181981005349,892.20230703668688,-2941.9709773538598,-0.47211767371938312
1512900,-39464731.621987462,-14859538.837139778,44812.614206529957,1083.1966232773514,-2877.1226306296776,-0.68655114431455455
1513800,-38405625.510150313,-17415112.3541536,44099.193826252544,1269.5278736908369,-2799.892013642946,-0.89830529239349111
1514700,-37181221.071187347,-19895728.987755124,43196.739499042444,1450.3945020134029,-2710.6115438008846,-1.1064771988433657
1515600,-35796788.47573442,-22290712.935472947,42108.876212748175,1625.0184615696701,-2609.6654207898855,-1.3101785696688144
1516500,-34258286.302540101,-24589756.865730308,40840.020434000879,1792.6485498369052,-2497.4879760330623,-1.5085394735734972
1517400,-32572335.920734022,-26782966.213359337,39395.361930576968,1952.563628153657,-2374.5618087595112,-1.7007119961448933
1518300,-30746193.031104945,-28860901.704476703,37780.842348169681,2104.0757131234768,-2241.4157165644301,-1.8858737956425033
1519200,-28787716.487720415,-30814619.929614343,36003.130636649912,2246.5329267884081,-2098.6224291531776,-2.0632315460024722
1520100,-26705334.53260047,-32635711.792177234,34069.59543353771,2379.3222932140798,-1946.796154744469,-2.2320242533671721
1521000,-24508008.587009225,-34316338.668167576,31988.274524385877,2501.8723697371847,-1786.5899493570828,-2.3915264332219959
1521900,-22205194.753213461,-35849266.122640789,29767.841511027527,2613.6557017756631,-1618.6929199194567,-2.5410511360671362
1522800,-19806803.190239444,-37227895.038513042,27417.569829100179,2714.1910907910424,-1443.8272728211637,-2.6799528104602883
1523700,-17323155.53620442,-38446290.024088807,24947.294265878882,2803.045665720304,-1262.7452201679309,-2.8076299932234869
1524600,-14764940.558171498,-39499204.976987496,22367.370138192764,2879.836748960578,-1076.2257566059657,-2.9235278175984836
1525500,-12143168.218143091,-40382105.693984061,19688.63029804183,2944.2335087932238,-885.0713201448599,-3.0271403311393228
1526400,-9469122.3507348597,-41091189.428602308,16922.340140471253,2995.9583909737817,-690.10435092895,-3.118012616126336
1527300,-6754312.1542269569,-41623401.311071835,14080.150794319052,3034.7883230898947,-492.16376238210501,-3.1957427062459711
1528200,-4010422.7020402788,-41976447.558438003,11174.050681672501,3060.5556861997397,-292.10133957748133,-3.2599832941807105
1529100,-1249264.6862019743,-42148805.416152887,8216.3156363160106,3073.1490492072126,-90.778080058504088,-3.3104432255653236
1530000,1517276.3919827989,-42139729.786327198,5219.4577752174118,3072.5136624054903,110.93950734337272,-3.3468887754680714
1530900,4277291.3660744242,-41949256.511935554,2196.1733202885021,3058.6517076252408,312.18312988857883,-3.3691447041293139
1531800,7018898.6636338355,-41578202.300585888,-840.71042960987779,3031.6223034548507,512.08644850470341,-3.3770950891253242
1532700,9730295.4596186671,-41028161.285929538,-3878.288774043026,2991.5412650540534,709.78880942531214,-3.3706839314225863
1533600,12399808.503360882,-40301498.239338547,-6903.6337291868749,2938.5806191549282,904.43895370207213,-3.3499155329586077
1534500,15015944.399468683,-39401338.459046915,-9903.8483821610844,2872.9678759304338,1095.1986884162307,-3.3148546434551971
1535400,17567439.124999713,-38331554.378471993,-12866.121272791268,2794.9850605046136,1281.2465035096343,-3.2656263741765366
1536300,20043306.568242226,-37096748.949832276,-15777.780592017607,2704.9675079738286,1461.7811183299591,-3.2024158763367461
1537200,22432885.878414243,-35702235.873382896,-18626.347984111399,2603.302426897792,1636.0249422414388,-3.1254677818960506
1538100,24725887.420539226,-34154016.75652767,-21399.591737878207,2490.4272372950545,1803.2274339918915,-3.0350854046223179
1539000,26912437.135664124,-32458755.30066083,-24085.579150235684,2366.8276902320194,1962.668344949044,-2.9316296995935787
1539900,28983119.11342977,-30623748.626769528,-26672.727844124791,2233.0357771193849,2113.6608318226513,-2.8155179798284027
1540800,30929016.19175335,-28656895.863516916,-29149.855821854097,2089.6274378170397,2255.5544250711819,-2.6872223894924758
1541700,32741748.407000951,-26566664.133656446,-31506.230034924258,1937.2200775901545,2387.7378398492433,-2.5472681341618939
1542600,34413509.12747106,-24362052.086135034,-33731.61325237884,1776.4699038481644,2509.6416170796897,-2.3962314699269767
1543500,35937098.713226393,-22052551.132065218,-35816.309012014783,1608.0690944280529,2620.7405830269067,-2.2347374546740726
1544400,37305955.556245826,-19648104.552828744,-37751.204442569331,1432.7428099481199,2720.5561165985609,-2.0634574666466636
1545300,38514184.366460174,-17159064.657867152,-39527.810750445358,1251.2460634535605,2808.6582145052771,-1.8831064973049829
1546200,39556581.5814199,-14596148.178175684,-41138.301171752391,1064.3604611971932,2884.6673453537323,-1.6944402275071828
1547100,40428657.790053852,-11970390.089109182,-42575.546199470758,872.89082894501803,2948.2560847311647,-1.4982518980523938
1548000,41126657.074145548,-9293096.0628032517,-43833.145906370926,677.661738665656,2999.150524350744,-1.2953689875840846
1548900,41647573.184708916,-6575793.756287856,-44905.459196854717,479.51395085473735,3037.1314493604636,-1.0866497126845056
1549800,41989162.484319121,-3830183.146207314,-45787.629834991523,279.30078806046652,3062.0352789663948,-0.87297936664237674
1550700,42149953.600576855,-1068086.1249497463,-46475.609111516933,77.884455416295481,3073.754766578013,-0.65526651480374332
1551600,42129253.750190265,1698604.4240748268,-46966.175029229249,-123.8676758473562,3072.2394567431829,-0.43443906559309797
1552500,41927151.707581058,4457975.8522856776,-47256.947903829132,-325.08680584564286,3057.495897198221,-0.21144023720612143
1553400,41544517.406398237,7198147.0521565564,-47346.402295561675,-524.90644834338377,3029.5876054099135,0.012775559372273981
1554300,40982998.176793389,9907319.6229681112,-47233.875205807919,-722.46616186797496,2988.6347900276269,0.23724689996766452
1555200,40245011.635716639,12573828.676080812,-46919.57049181882,-916.91525368165026,2934.81382869151,0.46100956820226646
1556100,39333735.261778004,15186193.061479673,-46404.559471894725,-1107.4164408275794,2868.35650465461,0.6831007966632191
1557000,38253092.700329989,17733164.800002534,-45690.777712318973,-1293.1494526865458,2789.5490056700678,0.90256350724935475
1557900,37007736.858312897,20203777.509209227,-44781.018006112332,-1473.3145597593179,2698.7306895675779,1.1184505300364986
1558800,35603029.862015367,22587393.615260191,-43678.919572069884,-1647.1360137224583,2596.2926218940383,1.3298287804614128
1559700,34045019.96418988,24873750.14842961,-42388.953520479801,-1813.8653841905555,2482.6758919202343,1.5357833751754555
1560600,32340415.499880854,27053002.925957307,-40916.404649332348,-1972.7847780544089,2358.3697142167553,1.7354216675406198
1561500,30496556.002825089,29115768.932822011,-39267.34965165177,-2123.2099277513607,2223.9093238764863,1.927877184415949
1562400,28521380.606326133,31053166.718670782,-37448.631830780803,-2264.493135359869,2079.8736743060981,2.1123134465987681
1563300,26423393.864042029,32856854.637538232,-35467.832435984506,-2396.0260599946801,1926.8829473230326,2.2879276560342641
1564200,24211629.137116391,34519066.766106077,-33333.238745590825,-2517.2423366108178,1765.5958860752744,2.4539542336831883
1565100,21895609.704483375,36032646.346057095,-31053.809039025731,-2627.6200150033119,1596.7069620464108,2.609668192738114
1566000,19485307.762946203,37391076.606534943,-28639.134612510155,-2726.6838085141876,1420.943388115302,2.7543883327033951
1566900,16991101.492725689,38588508.833796501,-26099.399005842202,-2814.0071427277508,1239.0619903053209,2.8874802407031592
1567800,14423730.372559424,39619787.566797659,-23445.334619567828,-2889.213995248329,1051.8459514794006,3.0083590872578454
1568700,11794248.93606599,40480472.809646189,-20688.176912922128,-2951.9805185097562,860.10144081077397,3.1164922046741212
1569600,9113979.1679340769,41166859.164541215,-17839.616383174354,-3002.0364384611744,664.65414338185974,3.2114014371287265
1570500,6394461.7445193082,41675991.801950715,-14911.748536403986,-3039.1662229067265,466.34570473173028,3.2926652524950097
1571400,3647406.3285985822,42005679.198306195,-11917.022068243044,-3063.2100142447607,266.03010558246814,3.3599206069630676
1572300,884641.13231297256,42154502.585361823,-8868.1854807098625,-3074.0643223519355,64.569982322993894,3.4128645545414482
1573200,-1881938.0343010626,42121822.069519274,-5778.2323679010606,-3071.6824743854618,-137.16709088769511,3.4512555945992021
1574100,-4640419.0093600638,41907779.393796578,-2660.3456089709734,-3056.0748193283625,-338.31234232064321,3.4749147517113843
1575000,-7378924.5984524274,41513297.329659946,472.15928851737453,-3027.3086861735123,-537.99954895877545,3.4837263832059575
1575900,-10085663.745412175,40940075.700573936,3605.8914481651973,-2985.5080957271316,-735.36877256776086,3.4776387109727143
1576800,-12748982.333206348,40190584.053792924,6727.4422379670559,-2930.8532271059767,-929.57006926753252,3.4566640752814939
1577700,-15357413.395054907,39268051.011545494,9823.4429864422582,-2863.5796410987346,-1119.7671563973281,3.4208789095624939
1578600,-17899726.518347781,38176450.347284049,12880.622550520155,-2783.9772636551293,-1305.1410206261489,3.3704234363210239
1579500,-20364976.22734933,36920483.847014442,15885.864484737824,-2692.3891338495032,-1484.8934514977914,3.305501085585814
1580400,-22742549.135074299,35505561.029813953,18826.26356312065,-2589.2099217329064,-1658.2504849146762,3.2263776385184695
1581300,-25022209.660063952,33937775.815421954,21689.181408032207,-2474.884222532386,-1824.4657414566584,3.1333801000342674
1582200,-27194144.110063385,32223880.240175817,24462.300984290519,-2349.9046346718892,-1982.823644898152,3.0268953054944143
1583100,-29249002.941772215,30371255.335500404,27133.679721939381,-2214.8096300697648,-2132.6425068269182,2.9073682677201074
1584000,-31177941.013876162,28387879.295576829,29691.801037214384,-2070.1812261071391,-2273.2774638777259,2.7753002717421897
1584900,-32972655.659427322,26282293.072655201,32125.624028426977,-1916.6424695538853,-2404.1232547702248,2.6312467258295329
1585800,-34625422.41328115,24063563.549677555,34424.631131671711,-1754.8547435791304,-2524.6168250785418,2.4758147784283269
1586700,-36129128.240669347,21741244.450388916,36578.873530403776,-1585.5149097565084,-2634.2397484556714,2.3096607116865044
1587600,-37477302.124036603,19325335.156885538,38579.014122989945,-1409.3522976963386,-2732.5204538834837,2.1334871232268928
1588500,-38664142.876938812,16826237.613536727,40416.367863256804,-1227.1255555939572,-2819.0362494137053,1.9480399087638951
1589400,-39684544.066031046,14254711.504379507,42082.939300791295,-1039.6193755724478,-2893.4151338006195,1.7541050590268286
1590300,-40534115.93490243,11621827.898390494,43571.45716023109,-847.64110821662007,-2955.3373883966424,1.5525052852544095
1591200,-41209204.236678965,8938921.5634576064,44875.405811954406,-652.01728114146408,-3004.536942681164,1.3440964882554411
1592100,-41706905.895847298,6217542.1553824954,45989.053500376125,-453.59003681140052,-3040.8025078150572,1.1297640866880385
1593000,-42025081.433587559,3469404.4928249265,46907.477210411045,-253.21350512588702,-3063.9784736519673,0.9104192207911449
1593900,-42162364.104974329,706338.13274072809,47626.584067508855,-51.75012651250978,-3073.9655656870355,0.68699484830611124
1594800,-42118165.71064584,-2059763.5364421306,48143.129181926073,149.93305857882791,-3070.7212594783855,0.46044174975144025
1595700,-41892679.059887417,-4816994.4649212454,48454.729863508932,350.96813780637103,-3054.259951131125,0.23172446055981824
1596600,-41486877.076461919,-7553487.1551066414,48559.876149145573,550.49005670707288,-3024.6528834826636,0.0018171478531430196
1597500,-40902508.552884862,-10257463.699055556,48457.937601133402,747.64033418064196,-2982.0278286672101,-0.22830055018236059
1598400,-40142090.57312493,-12917286.421186341,48149.166350928084,941.5707478844655,-2926.5685287620058,-0.45764770425149137
1599300,-39208897.637853421,-15521507.909689404,47634.696379021138,1131.44697392425,-2858.513897224339,-0.68524627513898495
1600200,-38106947.540312216,-18058920.222936135,46916.539037963797,1316.4521654735063,-2778.1569848131849,-0.91012527808532306
1601100,-36840984.054566905,-20518603.060945269,45997.574841742578,1495.7904552612999,-2685.8437146494248,-1.1313249124363647
1602000,-35416456.511307083,-22889970.696576469,44881.541560747137,1668.6903672291596,-2581.9713920012805,-1.3479006388594466
1602900,-33839496.349403039,-25162817.466557719,43573.01867738201,1834.4081230719783,-2466.9869952846925,-1.558927186710739
1603800,-32116890.744079407,-27327361.628688309,42077.408272888199,1992.2308298413545,-2341.3852556398192,-1.7635024745068164
1604700,-30256053.424779486,-29374287.398564041,40400.912431085992,2141.4795353006125,-2205.7065332830457,-1.9607514269035811
1605600,-28264992.807526872,-31294784.986915067,38550.507259454884,2281.5121382762259,-2060.5344996374115,-2.149829672117082
1606500,-26152277.577804819,-33080588.467097405,36533.913642155334,2411.7261418483572,-1906.4936350119619,-2.3299271043344758
1607400,-23926999.870630927,-34724011.311404325,34359.564853196483,2531.5612378616615,-1744.2465523310966,-2.50027129635941
1608300,-21598736.204569977,-36217979.444629103,32036.571170890282,2640.5017119145423,-1574.4911581074434,-2.6601307485141397
1609200,-19177506.335866638,-37556061.673682071,29574.681646931978,2738.0786586990803,-1397.9576625051341,-2.8088179606792969
1610100,-16673730.20766025,-38732497.363005683,26984.243194838291,2823.8719983133774,-1215.405450953464,-2.9456923152881571
1611000,-14098183.177334031,-39742221.237006031,24276.157172991367,2897.512284951777,-1027.6198303425997,-3.0701627601002706
1611900,-11461949.712421089,-40580885.20268888,21461.833647115898,2958.6823001951238,-835.40866336191152,-3.1816902806515168
1612800,-8776375.752110282,-41244877.09811414,18553.143525606625,3007.1184239717668,-639.59890502607743,-3.2797901534030323
1613700,-6053019.9372377489,-41731336.285124429,15562.368768681625,3042.6117771392192,-441.03305587256443,-3.3640339717754655
1614600,-3303603.9166884576,-42038166.018017709,12502.150878836906,3065.0091305451174,-240.56554670437345,-3.4340514384393708
1615500,-539961.94233963778,-42164042.533377446,9385.4378855105479,3074.2135763629572,-39.059070091737027,-3.4895319184158455
1616400,2226010.0319694192,-42108420.820098951,6225.430041242078,3070.184958461527,162.61912586686958,-3.5302257486991029
1617300,4982405.5294828042,-41871537.042709276,3035.5244499700079,3052.9400595551074,363.60096579330207,-3.5559453012182805
1618200,7717358.7880556826,-41454407.605317563,-170.74114949428031,3022.5525438921532,563.02128138513467,-3.5665657969825522
1619100,10419095.835975606,-40858824.857899562,-3379.7452202617637,2979.1526552705654,760.02153586572899,-3.5620258701771035
1620000,13075985.186168091,-40087349.461055316,-6577.8396591358905,2922.9266712145782,953.7535224731439,-3.5423278817762767
1620900,15676587.930104613,-39143299.439823501,-9751.4071979809996,2854.1161152078271,1143.3830209573005,-3.5075379829007689
1621800,18209707.014916345,-38030735.971524902,-12886.918749760061,2773.0167299448144,1328.0933961522592,-3.4577859286631507
1622700,20664435.49036463,-36754445.966875672,-15970.990475163697,2679.9772156335162,1507.0891228629073,-3.39326464362667
1623600,23030203.516429599,-35319921.517688803,-18990.440346891213,2575.3977384493824,1679.599221555314,-3.3142295402659538
1624500,25296823.927345462,-33733336.298299968,-21932.343989979443,2459.7282152989487,1844.8805896692068,-3.2209975919967211
1625400,27454536.153923724,-32001519.021338958,-24784.089578048348,2333.4663820925471,2002.2212137805343,-3.1139461624784834
1626300,29494048.312944651,-30131924.061548363,-27533.431566929816,2197.1556537426641,2150.9432483319601,-2.9935115930427503
1627200,31406577.280238356,-28132599.373954777,-30168.543048903412,2051.3827850895036,2290.4059472183453,-2.8601875503156466
1628100,33183886.572786745,-26012151.844754294,-32678.066512767269,1896.7753429002632,2420.0084351607688,-2.714523136445401
1629000,34818321.87471696,-23779710.224715002,-35051.162797359415,1733.9989999858115,2539.1923065229612,-2.5571207648621246
1629900,36302844.052379623,-21444885.805660442,-37277.558029091204,1563.7546633202435,2647.4440400137746,-2.3886338052277321
1630800,37631059.514757656,-19017731.010619089,-39347.588337763329,1386.775448828412,2744.2972185728277,-2.2097640022000631
1631700,38797247.78717573,-16508696.077451799,-41252.242149620935,1203.8235162177587,2829.3345446472108,-2.021258673839506
1632600,39796386.178611368,-13928584.024153046,-42983.199862475441,1015.6867778685371,2902.1896420278217,-1.8239076969105172
1633500,40624171.435779937,-11288504.091521969,-44532.870714958648,823.17549635671958,2962.5486364165504,-1.6185402879365467
1634400,41277038.290504031,-8599823.8654805906,-45894.426670720757,627.11878566370649,3010.1515079320752,-1.406021590601767
1635300,41752174.820612267,-5874120.286953615,-47061.833148725244,428.36103152476682,3044.7932098241022,-1.1872490818913821
1636200,42047534.558666982,-3123129.7618963625,-48029.87644275518,227.758246683495,3066.3245487454556,-0.96314881115374229
1637100,42161845.297122017,-358697.58775315853,-48794.187686790894,26.174377053116302,3074.6528230207996,-0.73467148798303794
1638000,42094614.552987814,2407273.0846577324,-49351.263237949519,-175.52242506116056,3069.7422164428008,-0.50278843639726711
1638900,41846131.669659175,5162872.5331045836,-49698.481365042913,-376.46354444893359,3051.6139462148117,-0.26848743417012744
1639800,41417466.548173986,7896235.7682636436,-49834.115148320874,-575.78364695991104,3020.3461647379513,-0.032768457329137718
1640700,40810465.014752187,10595593.639125265,-49757.341514401771,-772.62440778757048,2976.0736160049933,0.20336064926852765
1641600,40027740.845951118,13249323.519367093,-49468.246349519155,-966.13820804922636,2918.987048409595,0.43888855373476954
1642500,39072664.487106889,15845999.356666967,-48967.825653794724,-1155.491783842763,2849.3323868038688,0.67280484939851437
1643400,37949348.513855308,18374440.869929925,-48257.982719058564,-1339.8698122229846,2767.4096676373292,0.9041044754437495
1644300,36662629.900387526,20823761.683293462,-47341.521332567594,-1518.4784188603087,2673.5717419838543,1.131792123964523
1645200,35218049.171644866,23183416.190528981,-46222.13502863649,-1690.5485925184203,2568.2227522086673,1.3548866117430836
1646100,33621826.529846609,25443244.949048266,-44904.392429532636,-1855.3394919127823,2451.8163889431776,1.5724251954984729
1647000,31880835.058529057,27593518.409125835,-43393.718735863993,-2012.1416309863314,2324.8539359205993,1.7834678099277708
1647900,30002571.119610164,29624978.791131716,-41696.373444999823,-2160.2799291602842,2187.8821110784802,1.9871012085425592
1648800,27995122.070840035,31528879.931506567,-39819.424393724083,-2299.116613685213,2041.4907131544692,2.1824429880655716
1649700,25867131.442313049,33297024.926870916,-37770.718238265734,-2428.0539618290763,1886.3100837876304,2.3686454779772572
1650600,23627761.721462902,34921801.415011756,-35558.847501030235,-2546.5368712936161,1723.0083958878408,2.5448994776736313
1651500,21286654.906099096,36396214.341499746,-33193.114328735319,-2654.0552479475009,1552.2887797487442,2.7104378246042145
1652400,18853890.994534776,37713916.071324252,-30683.491121203315,-2750.1462007028749,1374.8862990533516,2.8645387776941051
1653300,16339944.590664208,38869233.71615544,-28040.578203758232,-2834.3960341406168,1191.5647895535224,3.0065292013138727
1654200,13755639.809938535,39857193.55961369,-25275.558728999138,-2906.4420303075094,1003.1135737927682,3.1357875360418079
1655100,11112103.679525038,40673542.475206524,-22400.151005651183,-2965.9740119644175,810.34406578334483,3.2517465434660973
1656000,8420718.2324850857,41314766.244338199,-19426.558463213409,-3012.7356804568444,614.08628004053469,3.3538958132997356
1656900,5693071.5015372504,41778104.694961496,-16367.4174712065,-3046.5257223060244,415.18525981628682,3.4417840221305918
1657800,2940907.6228544936,42061563.594976172,-13235.743240951419,-3067.1986795776215,214.49743975775581,3.5150209342043515
1658700,176076.26435024524,42163923.248331688,-10044.874045958109,-3074.6655800734834,12.886958540611175,3.573279135740429
1659600,-2589518.4039873439,42084743.75590983,-6808.4140041466544,-3068.8943244064126,-188.77806271097512,3.6162954954112712
1660500,-5343968.9779728251,41824366.917586721,-3540.1746712369099,-3049.9098280549706,-389.62926020895736,3.6438723447736661
1661400,-8075416.10433341,41383914.766345017,-254.11569970140044,-3017.7939175506704,-588.80176935328802,3.6558783736259586
1662300,-10772099.56178968,40765284.739861935,3035.7151783431877,-2972.6849810189638,-785.4379524556258,3.6522492364756829
1663200,-13422408.917529017,39971141.509573661,6315.2425830498469,-2914.7773743731045,-978.69109615420496,3.6329878675349923
1664100,-16014933.540149279,39004905.501744866,9570.424070542198,-2844.3205855408223,-1167.7290624284408,3.5981645029132796
1665000,-18538511.75277777,37870738.159485519,12787.310604755599,-2761.6181601820463,-1351.7378772867514,3.5479164099423506
1665900,-20982278.91366538,36573524.008888617,15952.106654286448,-2667.0263934256172,-1529.9252414423042,3.4824473248444581
1666800,-23335714.216106705,35118849.606441841,19051.229652782287,-2560.9527932078354,-1701.523947608913,3.402026601231555
1667700,-25588686.005028807,33512979.458525721,22071.368564218687,-2443.8543218295163,-1865.7951894425066,3.3069880731984456
1668600,-27731495.414001349,31762829.017083477,24999.541298365191,-2316.2354233546821,-2022.0317476211396,3.1977286380364913
1669500,-29754918.133722186,29875934.868366085,27823.150726828986,-2178.6458454468557,-2169.5610390964466,3.0747065648407768
1670400,-31650244.131192014,27860422.243957289,30530.039056262482,-2031.6782651721267,-2307.7480161591207,2.9384395365053955
1671300,-33409315.147771075,25724969.995005846,33108.540322603942,-1875.9657291859733,-2435.9979026371507,2.7895024337905259
1672200,-35024559.81406685,23478773.181677062,35547.53077855656,-1712.1789195577539,-2553.7587552843211,2.6285248712954679
1673100,-36489026.230085969,21131503.440229889,37836.476955862578,-1541.0232572679108,-2660.5238392134406,2.4561884962758747
1674000,-37796411.870244212,18693267.299777754,39965.481194250788,-1363.2358561336528,-2755.833807079046,2.2732240622949651
1674900,-38941090.684608981,16174562.629656285,41925.324440178541,-1179.582340575304,-2839.2786726125769,2.0804082906919135
1675800,-39918137.280089736,13586233.406358099,43707.506130596747,-990.85354122420631,-2910.4995700536401,1.8785605337799032
1676700,-40723348.078131147,10939422.996168377,45304.280989881016,-797.86208289128865,-2969.1902919980494,1.6685392545469462
1677600,-41353259.358737081,8245526.1559149735,46708.692581727293,-601.4388798610687,-3015.098599190771,1.4512383384205862
1678500,-41805162.114294648,5516139.9596089004,47914.603472141964,-402.42955384745187,-3048.027296823605,1.2275832533690867
1679400,-42077113.650609307,2763013.8631758667,48916.721874592062,-201.69079024438855,-3067.8350729472149,0.99852707524438111
1680300,-42167945.886737235,-2000.8770462679677,49710.624663850554,-0.086648526037066631,-3074.4370956689668,0.7650463958236029
1681200,-42077270.319541901,-2767002.2138538831,50292.776660999873,201.5151572020726,-3067.8053668759949,0.52813713147498098
1682100,-41805479.633341588,-5520088.5270240866,50660.546108370123,402.24699142642555,-3047.9688312913709,0.28881025075972228
1683000,-41353745.949487068,-8249409.8291237149,50812.216269810997,601.24502814848233,-3015.0132407347437,0.048087439583741787
1683900,-40724015.725149915,-10943218.739302589,50746.993108553783,797.65296350242124,-2969.080774512372,-0.19300327726795125
1684800,-39919001.324948795,-13589921.0063939,50465.009011936774,990.62569420150317,-2910.3694179002846,-0.43343193924486201
1685700,-38942169.303233363,-16178125.364872454,49967.322549370721,1179.3329461515661,-2839.132101704181,-0.67217105876881966
1686600,-37797725.448824912,-18696692.510357317,49255.914267036482,1362.9628378381201,-2755.6756068766458,-0.90820001659770944
1687500,-36490596.657723673,-21134782.985366695,48333.678539864435,1540.7253634219076,-2660.3592391428556,-1.1405094249220546
1688400,-35026409.712681718,-23481903.770914875,47204.411518272114,1711.8557808636658,-2553.5932795270955,-1.3681054394843668
1689300,-33411467.061557911,-25727953.385255575,45872.795223864618,1875.6178908390966,-2435.8372175813824,-1.5900140022709177
1690200,-31652719.698968563,-27863265.297593467,44344.377864762224,2031.3071926968094,-2307.597774991973,-1.8052849966611291
1691100,-29757737.26788063,-29878649.471873783,42625.550457343983,2178.2539042521798,-2169.4267280774793,-2.0129962973302109
1692000,-27734675.509420201,-31765431.863784865,40723.519856917243,2315.8258327959115,-2021.9185384920215,-2.2122576976854469
1692900,-25592241.200248454,-33515491.702835858,38646.278315074807,2443.431085324793,-1865.7078022068079,-2.402214698175404
1693800,-23339654.727352228,-35121296.400764234,36402.569696217077,2560.5206066711407,-1701.4665275624614,-2.5820521394439626
1694700,-20986610.459972274,-36575933.937548846,34001.852499829052,2666.5905349143195,-1529.9012538612037,-2.7509976650080894
1695600,-18543235.087615728,-37873142.586914591,31454.259848545389,2761.1843642001891,-1351.7500226015725,-2.9083249989187276
1696500,-16020044.101639098,-39007337.85437607,28770.556614744295,2843.8949058703492,-1167.7792140477525,-3.0533570247188937
1697400,-13427896.605715532,-39973636.512538418,25962.093870316265,2914.3660396105474,-978.7802623698833,-3.1854686529405289
1698300,-10777948.647587009,-40767877.630514294,23040.760855292141,2972.2942471649076,-785.56626308980276,-3.30408946538068
1699200,-8081605.2708226983,-41386640.506883167,20018.934671123032,3017.4299220278363,-588.96848701759836,-3.4087061254649664
1700100,-5350471.4908348992,-41827259.428570963,16909.427913522795,3049.5784494170639,-389.832815266821,-3.498864545137887
1701000,-2596302.4041202762,-42087835.191319384,13725.434467857522,3068.6010517475015,-189.01611028897696,-3.5741717999078881
1701900,169047.35642464273,-42167243.331000857,10480.473697047924,3074.4153957648964,12.617461830563883,-3.634297784911626
1702800,2933674.6042384529,-42065139.028868303,7188.3332578025484,3066.9959584588146,214.20014232446536,-3.6789766061334159
1703700,5685678.8018524386,-41781958.667862527,3863.0107856968389,3046.3741498544778,414.86430825849789,-3.7080077022076963
1704600,8413213.2643797901,-41318918.031282015,518.65469314540178,3012.6381917802933,613.74620278813063,-3.7212566935255502
1705500,11104536.144087303,-40678007.149398953,-2830.4956733096196,2965.9327527202322,809.98965125702875,-3.7186559566403457
1706400,13748060.976958958,-39861981.813927159,-6170.1702687251127,2906.4583398848631,1002.7497472213489,-3.7002049231992751
1707300,16332406.57364572,-38874351.794555672,-9486.128730664248,2834.4704506687112,1191.196492531195,-3.6659701037941059
1708200,18846446.03961448,-37719365.805997156,-12764.220658297185,2750.2784867011533,1374.5183757145535,-3.6160848382034798
1709100,21279354.712664053,-36401993.288102604,-15990.445544479275,2654.2444347392166,1551.9258730919591,-3.5507487744720936
1710000,23620656.810267143,-34927903.075499371,-19151.012118185099,2546.7813196887173,1722.6548573043672,-3.4702270801253241
1710900,25860270.584419411,-33303439.046853404,-22232.396857982196,2428.3514360699628,1885.9698982642894,-3.3748493895457425
1711800,27988551.787819438,-31535592.857172288,-25221.401441133559,2299.4643652598711,2041.1674419427218,-3.2650084921437772
1712700,29996335.262252003,-29631973.869484454,-28105.208897318545,2160.6747868374991,2187.5788528828443,-3.1411587664529157
1713600,31874974.467978764,-27600776.414684601,-30871.438240770804,2012.5800933276989,2324.5733068860563,-3.003814365694653
1714500,33616378.781728864,-25450744.520256143,-33508.197359789512,1855.817818570742,2451.5605209460296,-2.8535471607244647
1715400,35213048.400491133,-23191134.259902127,-36004.133948060822,1691.0628908367767,2567.9933082103862,-2.6909844466292574
1716300,36658106.698699333,-20831673.886770993,-38348.484268044034,1519.0247226454253,2673.3699465245058,-2.5168064196441144
1717200,37945329.897523746,-18382521.922890354,-40531.119542886474,1340.4441500353373,2767.2363499538369,-2.3317434315367924
1718100,39069173.916781925,-15854223.386563119,-42542.589780025643,1156.0902347491597,2849.188033584735,-2.1365730292113647
1719000,40024798.29239881,-13257664.347782506,-44374.164836940639,966.75694344984322,2918.8718628630231,-1.9321167880366084
1719900,40808087.055314824,-10604025.009139178,-46017.87254757162,773.25971865898282,2975.9875797369305,-1.7192369483253187
1720800,41415666.481191427,-7904731.5161849381,-47466.533736885867,576.4319566025672,3020.2890989188018,-1.4988328654757186
1721700,41844919.634121433,-5171406.7067508576,-48713.793961073374,377.12140756075894,3051.5855686594687,-1.2718372855175197
1722600,42093997.641741745,-2415820.0132683543,-49754.15182202086,176.18651464415299,3069.742191531644,-1.0392124591481799
1723500,42161827.653590456,350163.26430665981,-50582.983717120536,-25.507292841405473,3074.6808018353604,-0.80194610875283423
1724400,42048117.449171826,3114633.0948231108,-51196.564899153913,-227.09133512541649,3066.3801973607856,-0.56104726431916752
1725300,41753356.676914982,5865686.039840376,-51592.086735932447,-427.69743041279781,3044.8762243637802,-0.31754198552760338
1726200,41278814.719959877,8591476.5429035164,-51767.670075508911,-626.46163965902144,3010.2616157199686,-0.072468988562341824
1727100,40626535.199406907,11280267.962444507,-51722.374639976864,-822.5279913953957,2962.6855833174709,0.17312480270017963
1728000,39799327.14025452,13920483.128004495,-51456.204388995968,-1015.0521704830321,2902.3531668212586,0.41818876055014842
1728900,38800752.839658834,16500754.201865088,-50970.108813030311,-1203.2051549070784,2829.5243419888243,0.66167309107589367
1729800,37635112.491319418,19009971.631498158,-50265.980135661543,-1386.1767850208792,2744.5128927337792,0.9025333838272751
1730700,36307425.633669443,21437331.982466232,-49346.646424027334,-1563.1792500083727,2647.6850521184215,1.139735151537743
1731600,34823409.503074668,23772384.446498517,-48215.860626230955,-1733.4504767479366,2539.4579184060553,1.3722583379247828
1732500,33189454.386374068,26005075.825399198,-46878.285574274894,-1896.2574067281337,2420.2976532175157,1.5991017717885172
1733400,31412596.079780966,28125793.798181854,-45339.475010513284,-2050.8991471818404,2290.7174697128612,1.81928754601248
1734300,29500485.573364239,30125408.286333062,-43605.850714641434,-2196.7099831669643,2151.2754195578295,2.0318653006131888
1735200,27461356.092004612,31995310.740354765,-41684.675826713996,-2333.062237926832,2002.5719882348094,2.2359163896590064
1736100,25303987.634833876,33727451.179684289,-39584.024479501015,-2459.3689695091089,1845.2475090192181,2.4305579126595256
1737000,23037669.165678397,35314372.827707268,-37312.747870566185,-2575.0864923070958,1679.9794066635893,2.6149465918908184
1737900,20672158.616908394,36749244.193826422,-34880.436920719614,-2679.7167129099071,1507.479282512629,2.7882824780510282
1738800,18217640.878307763,38025888.465390794,-32297.381680904418,-2772.8092704071864,1328.489853411791,2.9498124676196853
1739700,15684683.951093195,39138810.083688065,-29574.527664085996,-2853.9634720884783,1143.7817573683312,3.0988336163106975
1740600,13084193.45499482,40083218.390117407,-26723.429292292276,-2922.8300163061231,954.15023947556551,3.2346962340564365
1741500,10427365.68333319,40855048.241050698,-23756.200661578969,-2979.112495132375,760.41173211625562,3.3568067480325277
1742400,7725639.4072601255,41450977.502713695,-20685.463839344036,-3022.5686703350189,563.40034391747122,3.4646303213279275
1743300,4990646.6357454918,41868441.350629799,-17524.294919070773,-3053.0115171195466,363.96427233437714,3.5576932159811081
1744200,2234162.5424623229,42105643.311721161,-14286.16806721974,-3070.3100310380246,162.96215509158384,3.6355848902411005
1745100,-531945.22557559703,42161563.001004435,-10984.89780559664,-3074.389794442834,-38.740623994858197,3.6979598210718874
1746000,-3295767.6399589735,42035960.518899448,-7634.5797800762411,-3065.2332998648312,-240.2756590568419,3.7445390441012618
1746900,-6045405.5638462771,41729377.489433922,-4249.5302730406165,-3042.8800287169861,-440.77526014442174,3.7751114044205836
1747800,-8769020.9854071345,41243134.734017819,-844.22472227328126,-3007.42628476257,-639.3761890887846,3.7895345128702083
1748700,-11454887.991175108,40579326.589918897,2566.7644866815326,-2959.0247828374163,-835.22337717980224,3.7877354036952267
1749600,-14091443.259655476,39740811.89703276,5968.8306845512006,-2897.8839943741082,-1027.4736086095486,3.7697108907258849
1750500,-16667335.857404359,38731201.690945022,9347.3957666325023,-2824.2672523372939,-1215.2991537341486,3.7355276205241674
1751400,-19171476.122620575,37554843.65456301,12687.972952410169,-2738.491619238258,-1397.8913363800871,3.6853218222381137
1752300,-21593083.42506687,36216803.394685246,15976.22918390777,-2640.9265229479356,-1574.4640196685114,3.6192987552149676
1753200,-23921732.595852334,34722842.623711675,19198.046891719041,-2531.992166064811,-1744.2569951523556,3.5377318567369502
1754100,-26147398.826248303,33079394.340210114,22339.584860385687,-2412.1577156116127,-1906.5392604560341,3.4409615935543312
1755000,-28260500.841254812,31293535.11517857,25387.337928681245,-2281.9392808264029,-2060.6121710749876,3.3293940221919978
1755900,-30251942.161058441,29372954.60351444,28328.195265419763,-2141.8976877734572,-2205.8124525309609,3.2034990642922403
1756800,-32113150.271793026,27325922.412356988,31149.496967614687,-1992.6360604213144,-2341.5150596862995,3.0638085045195016
1757700,-33836113.53609623,25161252.469548456,33839.088735144258,-1834.7972187138644,-2467.1358706938831,2.9109137197863872
1758600,-35413415.683805324,22888265.046403542,36385.374384504212,-1669.0609049897712,-2582.1342037951099,2.7454631497560364
1759500,-36838267.73370856,20516746.599232666,38777.365973709944,-1496.1408508809097,-2686.0151459725562,2.5681595197276339
1760400,-38104537.20851291,18056907.603580739,41004.73132090587,-1316.7816975370597,-2778.3316833120152,2.3797568281121668
1761300,-39206774.517050803,15519338.563873712,43057.838710699485,-1131.755782677739,-2858.6866238255343,2.181057111748077
1762200,-40140236.390168265,12914964.389068646,44927.798594608263,-941.85980855907519,-2926.7343044275299,1.9729070032857534
1763100,-40900906.269654341,10254997.331942491,46606.502105228174,-747.9114054610111,-2982.1820747342199,1.7561940957795337
1764000,-41485511.56292206,7550888.6957993088,48086.656217739539,-550.74560574540783,-3024.7915513667494,1.5318431304625582
1764900,-41891537.689869829,4814279.5175987575,49361.81540709106,-351.21124390697798,-3054.3796374743038,1.3008120244377848
1765800,-42117238.862370275,2056950.4407902532,50426.409664573614,-150.16729833519256,-3070.8193032491599,1.0640877556958916
1766700,-42161645.551085353,-709229.00553793204,51275.768753438468,51.520809274168784,-3074.0401242749317,0.82268212346387215
1767600,-42024568.608721897,-3472351.5022267997,51906.142599652798,252.98494077438036,-3064.028575626176,0.5776274023954191
1768500,-41706600.033353627,-6220523.1899759201,52314.717730740798,453.35797853699233,-3040.8280807162728,0.32997190953423783
1769400,-41209110.369977415,-8941914.8528593704,52499.629692853036,651.77755638633346,-3004.5388149654054,0.08077550331379818
1770300,-40534242.76297541,-11624812.815198841,52459.971393660409,847.38976842777743,-2955.3172654262376,-0.16889496589853875
1771200,-39684903.686558194,-14257669.333062731,52195.797336303411,1039.3528398459453,-2893.3755485564866,-0.41797023404789158
1772100,-38664750.394503161,-16829152.264096703,51708.123727364087,1226.8407439650289,-2818.9804893603568,-0.66538321069285411
1773000,-37478175.144517541,-19328193.802747112,50998.924459591057,1409.046750145181,-2732.4524661304231,-0.91007355563897474
1773900,-36130286.266288288,-21744038.072191507,50071.122987819515,1585.1868874336274,-2634.1640260041204,-1.1509922252798983
1774800,-34626886.155676678,-24066287.369413909,48928.580134116804,1754.5033092937883,-2524.5382775009998,-1.3871059691997141
1775700,-32974446.290520865,-26284946.86582806,47576.077875575873,1916.2675451971811,-2404.0470671251373,-1.6174017578470923
1776600,-31180079.376075618,-28390467.572627306,46019.299185304641,2069.7836253780342,-2273.2089479988435,-1.8408911224261864
1777500,-29251508.740197353,-30373787.387591563,44264.804013950488,2214.3910656161825,-2132.5869493365567,-2.0566143885578505
1778400,-27197035.109931514,-32226370.048373811,42320.001515489719,2349.4676995267769,-1982.7861563694723,-2.2636447857458171
1779300,-25025500.91213588,-33940241.826282613,40193.118636937834,2474.4323464925287,-1824.4511110901744,-2.4610924152338067
1780200,-22746252.251140025,-35508025.804234445,37893.165207035156,2588.7473040725677,-1658.2630449006936,-2.6481080594593158
1781100,-20369098.726161808,-36922973.592828676,35429.895673773339,2691.9206544586173,-1484.9369549156504,-2.8238868169959592
1782000,-17904271.260243267,-38178994.349357881,32813.767654792508,2783.5083753212675,-1305.2185362932144,-2.9876715476274196
1782900,-15362378.120799821,-39270680.975962691,30055.897478138053,2863.1162461939434,-1119.8809835394718,-3.1387561130104595
1783800,-12754359.319470474,-40193333.385031246,27168.012903564861,2930.4015423771471,-929.72167425545945,-3.2764883992605949
1784700,-10091439.585786112,-40942978.73228211,24162.403226459421,2985.0745092082525,-735.55874926968431,-3.400273108730568
1785600,-7385080.1152142994,-41516388.530712329,21051.866977463957,3026.8996104301486,-538.22760352154273,-3.5095743092464908
1786500,-4646929.2973708976,-41911092.571691908,17849.657440979128,3055.6965453030921,-338.57730243185051,-3.6039177301177698
1787400,-1888772.6345908712,-42125389.592895687,14569.426224844525,3071.3410300360133,-137.46693881474832,-3.6828927953416954
1788300,877517.93539433973,-42158354.646435402,11225.165121601003,3073.7653400640588,64.238054350276172,-3.7461543855781332
1789200,3640035.0962335477,-42009843.134440288,7831.146508784359,3062.9586106660859,265.66961975764991,-3.7934243216700252
1790100,6386887.3709323024,-41680491.493383907,4401.8625416465766,3038.9668943970578,465.96080454346418,-3.8244925637247582
1791000,9106250.2818482667,-41171714.522617459,951.96339651732205,3001.892974803432,664.24948620152395,-3.8392181210429106
1791900,11786417.233496577,-40485699.366794132,-2503.8051733205693,2951.8959368923693,859.68207982817717,-3.8375296694748382
1792800,14415849.899833927,-39625396.176102184,-5950.6647048774048,2889.1904958353598,1051.4172108965008,-3.8194258740915217
1793700,16983227.89947883,-38594505.482411921,-9373.8670501461875,2814.0460864008846,1238.6293378413611,-3.7849754163609979
1794600,19477497.545027498,-37397462.343528867,-12758.757292411372,2726.785716626026,1420.5123088802095,-3.7343167263122781
1795500,21887919.456239976,-36039417.321674272,-16090.836289356914,2627.7845902501408,1596.282837701752,-3.6676574214300399
1796400,24204114.831395902,-34526214.376027882,-19355.822580274307,2517.4685034411477,1765.1838829274361,-3.5852734552410048
1797300,26416110.176546529,-32864365.762605108,-22539.713397863386,2396.3120223424598,1926.4879165904795,-3.4875079797140112
1798200,28514380.298708443,-31061024.047842279,-25628.844529325608,2264.8364489516107,2079.5000672853266,-3.3747699266882307
1799100,30489889.376239713,-29123951.354966417,-28609.948776605921,2123.6075838050265,2223.561124117929,-3.247532314561103
1800000,32334129.927690383,-27061485.974467285,-31470.212771675921,1973.2332948817182,2358.05038813488,-3.106330287405501
1800900,34039159.509301551,-24882506.481706627,-34197.331909596665,1814.3609030458188,2482.3883585272488,-2.9517588945472717
1801800,35597634.981009766,-22596393.51582903,-36779.563169689325,1647.6743952175675,2596.0392415924684,-2.7844706194276054
1802700,37002844.191258937,-20212989.38461867,-39205.775603419563,1473.8914772878079,2698.5132711934361,-2.6051726673134645
1803600,38248734.942088269,-17742555.669716116,-41465.498276526865,1293.760479565479,2789.368830275761,-2.4146240221220525
1804500,39329941.107802048,-15195729.01561106,-43548.965462479224,1108.0571282641463,2868.2143638884718,-2.213632283313514
1805400,40241805.792981498,-12583475.294006007,-45447.158894503897,917.58119718568662,2934.7100750959548,-2.0030502945015702
1806300,40980401.428607859,-9917042.3424531743,-47151.846894252674,723.15305434065601,2988.569396163834,-1.7837725761549807
1807200,41542546.718565099,-7207911.4825569671,-48655.620206636449,525.61011875005829,3029.560228442218,-1.5567315755287277
1808100,41925820.362707749,-4467748.028470587,-49951.924382552854,325.80324309753223,3057.5059454486909,-1.3228937477808924
1809000,42128571.496941015,-1708351.0008660369,-51035.088564177953,124.5930382407939,3072.2861547621274,-1.0832554830990231
1809900,42149926.805288635,1058397.7350002714,-51900.350541240696,-77.153844156029351,3073.8372154681783,-0.8388388955679883
1810800,41989794.273640007,3820584.686084101,-52543.877961275226,-278.56845444281464,3062.1525090388468,-0.59068749044079416
1811700,41648863.569693029,6566316.0807791529,-52962.785592259053,-478.78329675356713,3037.2824626730385,-0.33986172739839038
1812600,41128603.048463762,9283769.1277763918,-53155.148552275547,-676.93607323313381,2999.3343252635664,-0.087434498271393574
1813500,40431253.397541784,11961242.962417698,-53120.011437839101,-872.17340432142123,2948.4716972807814,0.16551346148670706
1814400,39559817.950956345,14587209.060064096,-52857.393300211334,-1063.6545088706396,2884.9138169664589,0.41789820757291807
1815300,38518049.715013444,17150360.898639608,-52368.288437310403,-1250.5548281219983,2808.9346063075168,0.66863724727257845
1816200,37310435.163699977,19639662.65610636,-51654.662987542979,-1432.0695778906295,2720.86148130229,0.91665420455440527
1817100,35942174.875167325,22044396.733143792,-50719.447330922878,-1607.417213696164,2621.0739320382204,1.1608834685605447
1818000,34419161.094344921,24354209.896709453,-49566.524322024983,-1775.8427940260469,2510.0018790657559,1.4002748041508586
1818900,32747952.31984257,26559157.846414153,-48200.713398499029,-1936.6212274242901,2388.1238134767204,1.6337979032575209
1819800,30935745.025929891,28649748.012710642,-46627.750627880523,-2089.060389655026,2255.9647289749223,1.8604468560705643
1820700,28990342.642488874,30616980.403733,-44854.264774140225,-2232.5040977935478,2114.0938550614301,2.0792445214936874
1821600,26920121.92738023,32452386.326192826,-42887.749483677107,-2366.3349287435785,1963.1222012463707,2.2892467768658413
1822500,24733996.876609977,34148064.814997084,-40736.531708168535,-2489.9768703648874,1803.6999229431181,2.4895466276200184
1823400,22441380.327994652,35696716.616160631,-38409.736498744081,-2602.8977941172293,1636.5135203993223,2.6792781583267353
1824300,20052143.423670523,37091675.578102611,-35917.248322265725,-2704.6117388825073,1462.2828826723317,2.8576203074297379
1825200,17576573.105744239,38326937.317499712,-33269.669066007606,-2794.6809964151098,1281.7581892639523,3.0238004489086929
1826100,15025327.827611204,39397185.037478484,-30478.272911678538,-2872.7179896889043,1095.7166825907816,3.1770977650864793
1827000,12409391.670947088,40297812.388022833,-27554.958273475517,-2938.3869362569308,904.95932498080606,3.3168463958258707
1827900,9740027.0650815964,41024943.27100791,-24512.197007659859,-2991.4052896151607,710.30735435351744,3.4424383504246232
1828800,7028726.3113675397,41575448.505204715,-21362.981112978287,-3031.5449524634128,512.59875315817328,3.5533261696140741
1829700,4287162.1202392504,41946959.279885687,-18120.767152083143,-3058.633256683258,312.68464551126999,3.649025326190197
1830600,1527137.3728906568,42137877.339253739,-14799.418633914062,-3072.5537058028631,111.42563778795773,3.7291163539564507
1831500,-1239465.6771253131,42147381.853766993,-11413.146605765089,-3073.2464766903572,-90.31188181920831,3.7932466958323667
1832400,-4000736.5445862762,41975432.948488601,-7976.448711455133,-3060.7086782081547,-291.65946905932265,3.8411322631812048
1833300,-6744787.7762006242,41622771.872802831,-4504.0469786227823,-3034.9943655681705,-491.75035884327485,3.8725586996325649
1834200,-9459806.1170646437,41090917.810150251,-1010.8246036598239,-2996.2143101489228,-689.7231939883186,3.8873823439213568
1835100,-12134103.36017108,40382161.340790041,2488.2379928403698,-2944.5355255666045,-884.72573153454937,3.8855308875315244
1836000,-14756166.660342991,39499554.584936813,5978.1275640303747,-2880.1805518294841,-1075.9185107311023,3.8670037242194972
1836900,-17314708.096080787,38446898.067883663,9443.8626100159854,-2803.426500443989,-1262.4784669080941,3.831871989795975
1837800,-19798713.265858427,37228724.362849161,12870.557847319536,-2714.6038643769116,-1443.6024756378074,3.780278291861634
1838700,-22197488.709382281,35850278.58121261,16243.488295918061,-2614.0950978062269,-1618.5108118463736,3.7124361305189679
1839600,-24500707.949223194,34317495.793463789,19548.152706693785,-2502.3329716077001,-1786.4505088656597,3.6286290124130955
1840500,-26698455.954034343,32636975.477528848,22770.336054850624,-2379.7987115202486,-1946.6986028141755,3.5292092617841879
1841400,-28781271.83125551,30815953.104077782,25896.170828760562,-2247.0199269042373,-2098.5652481649608,3.4145965335361566
1842300,-30740189.564752784,28862268.980909977,28912.196848797877,-2104.5683389477945,-2241.3966908963052,3.285276034634518
1843200,-32566776.621222593,26784334.490490846,31805.419356981954,-1953.0573180811589,-2374.578086225998,3.1417964614333798
1844100,-34253170.258364737,24591095.866115388,34563.365125658114,-1793.1392412224766,-2497.5361485990788,2.9847676617904892
1845000,-35792111.377761327,22291995.66294717,37174.136341972648,-1625.5026802949524,-2609.7416223297996,2.8148580320528112
1845900,-37176975.77604264,19896932.09027018,39626.46203450724,-1450.8694342198341,-2710.7115620869868,2.6327916601759931
1846800,-38401802.659227721,17416216.380645234,41909.746819088054,-1269.9914172975766,-2800.0114132541967,2.4393452273725598
1847700,-39461320.297044754,14860528.380237181,44014.116752428439,-1083.6474175364904,-2877.256883087287,2.2353446817587597
1848600,-40350968.706506394,12240870.552330688,45930.462094847848,-892.63973907038667,-2942.1155945273372,2.0216616984825269
1849500,-41066919.266979299,9568520.5929449629,47650.476796773626,-697.79074332087885,-2994.3085155008453,1.7992099417593999
1850400,-41606091.182382047,6854982.8634577505,49166.694538014533,-499.93930400343925,-3033.611157546201,1.5689411451136717
1851300,-41966164.719907239,4111938.8502305858,50472.521163824473,-299.9371914468328,-3059.8545386397932,1.3318410269147654
1852200,-42145591.16872485,1351196.8653672966,51562.263377482253,-98.645401991622975,-3072.9259061507364,1.0889250590087676
1853100,-42143599.476418249,-1415358.7940792067,52431.153565420471,103.06955154588513,-3072.7692169242287,0.84123410686999323
1854000,-41960199.535362862,-4175819.0089225126,53075.3706477675,304.33937221303489,-3059.3853725739077,0.5898299602342375
1854900,-41596182.105812117,-6918301.1019114796,53492.056864439619,504.29771786308061,-3032.8322091475002,0.33579077362206622
1855800,-41053115.377039209,-9630999.9820178729,53679.330424555046,702.08393050559278,-2993.2242414117582,0.080206436516293333
1856700,-40333338.182427652,-12302238.948614158,53636.293964854958,896.84673994978505,-2940.7321630767515,-0.17582610677823149
1857600,-39439949.898844749,-14920519.936879404,53363.03878092621,1087.7479257772279,-2875.5821053406889,-0.43120756739191035
1858500,-38376797.074904442,-17474572.988385305,52860.644813244638,1273.9659219022767,-2798.0546571797249,-0.68484103198288304
1859400,-37148456.846768282,-19953404.734357581,52131.176388314343,1454.6993482682565,-2708.4836518279708,-0.93563667239115178
1860300,-35760217.213884912,-22346345.683558095,51177.673733387419,1629.1704545823829,-2607.2547248869228,-1.1825164246776017
1861200,-34218054.260472596,-24643096.112064295,50004.140301331965,1796.6284614096949,-2494.8036504667857,-1.4244186175541298
1862100,-32528606.421551183,-26833770.35840553,48615.525960096405,1956.3527844229216,-2371.6144626911218,-1.6603025304782839
1863000,-30699145.904876474,-28908939.33451812,47017.706118821399,2107.6561281380064,-2238.2173707876696,-1.8891528620341254
1863900,-28737547.392174076,-30859671.070767708,45217.456879904727,2249.8874360507016,-2095.1864768391106,-2.109984089648048
1864800,-26652254.154563222,-32677569.121820655,43222.426323160056,2382.4346847249199,-1943.1373060754834,-2.3218447021909845
1865700,-24452241.727962289,-34354808.669386521,41041.102044560597,2504.7275100650572,-1782.7241603525235,-2.5238212875934627
1866600,-22146979.304535884,-35884170.167758815,38682.775087860253,2616.239654728889,-1614.6373061754398,-2.7150424582441359
1867500,-19746389.00584133,-37259070.388608463,36157.500422576231,2716.4912264016953,-1439.60000929381,-2.8946825976527415
1868400,-17260803.212226335,-38473590.732588254,33476.054136341481,2805.0507574526064,-1258.3654285087848,-3.0619654126308222
1869300,-14700920.131188009,-39522502.686941266,30649.887523437021,2881.5370573276941,-1071.7133818973675,-3.2161672760752786
1870200,-12077757.794797819,-40401290.320424087,27691.078264342912,2945.6208498978485,-880.4469991689673,-3.3566203463267401
1871100,-9402606.6829021312,-41106169.719409034,24612.278903352795,2997.0261888699433,-685.38927432575997,-3.4827154500135018
1872000,-6686981.1746003898,-41634105.281968459,21426.662842636881,3035.5316452842326,-487.37953319968437,-3.5939047162786708
1872900,-3942570.0354629983,-41982822.800019629,18147.868081569559,3060.9712620563323,-287.26983078444778,-3.6897039513188994
1873800,-1181186.1520605288,-42150819.273169443,14789.938939623091,3073.2352714757403,-85.921293569976143,-3.7696947432343721
1874700,1585284.2713798573,-42137369.411693722,11367.266009633713,3072.2705725417327,115.7995776812356,-3.8335262882962455
1875600,4344932.837008426,-41942528.800064124,7894.5245957407842,3058.080965998904,317.02462910205179,-3.8809169308763161
1876500,7085880.1794163818,-41567133.706544727,4386.6118967567636,3030.7271459258582,516.8877831028118,-3.9116554104486685
1877400,9796327.0744850095,-41012797.538568057,858.58320112452111,2990.3264477287908,714.52876017991935,-3.925601810260082
1878300,12464605.212093925,-40281903.957812726,-2674.4126360596038,2937.0523533942796,909.09677736461958,-3.9226882034703223
1879200,15079227.414982745,-39377596.683089785,-6197.198160246171,2871.1337558596792,1099.7542075866804,-3.9029189937796591
1880100,17628937.088184461,-38303766.023247659,-9694.6324530112743,2792.8539853622765,1285.6801843487001,-3.8663709487842475
1881000,20102756.686473589,-37065032.196272209,-13151.676159136605,2702.5496016269353,1466.0741362882745,-3.8131929255260193
1881900,22490034.991192687,-35666725.504534438,-16553.456128385107,2600.6089567432459,1640.1592364477849,-3.7436052889275691
1882800,24780492.992629062,-34114863.44966837,-19885.329396336449,2487.4705345640346,1807.1857513756129,-3.6578990250204915
1883700,26964268.179798473,-32416124.883790255,-23132.946230909256,2363.6210734240722,1966.4342755486575,-3.5564345520853546
1884600,29031957.04604017,-30577821.306641042,-26282.311974543569,2229.5934799272454,2117.2188370346098,-3.4396402340197056
1885500,30974655.626220644,-28607865.430691123,-29319.847416436645,2085.9645424784208,2258.8898608039253,-3.3080106014374997
1886400,32783997.889559854,-26514737.148232516,-32232.447434707909,1933.3524541383817,2390.8369766560663,-3.1621042871781322
1887300,34452191.82110922,-24307447.045942258,-35007.537654903834,1772.4141552519404,2512.4916593424205,-3.0025416840674239
1888200,35972053.034694783,-21995497.623275023,-37633.128878831973,1603.8425071355855,2623.3296891490495,-2.8300023339279101
1889100,37337035.770657957,-19588842.381276384,-40097.869046327811,1428.3633089064283,2722.8734219453049,-2.6452220579832306
1890000,38541261.142940506,-17097842.957945548,-42391.092502202693,1246.7321702831305,2810.6938585081352,-2.4489898399430463
1890900,39579542.511925742,-14533224.495063702,-44502.866351290162,1059.7312538860149,2886.4125037945273,-2.2421444741903338
1891800,40447407.87191394,-11906029.429389536,-46424.033696195984,868.16590120166893,2949.7030077531549,-2.0255709926204823
1892700,41141119.155122206,-9227569.9082585294,-48146.253565054329,672.86115695117871,3000.292580237201,-1.8001968847963674
1893600,41657688.36759638,-6509379.0358617241,-49662.037350284605,474.65820710488856,3037.9631735986836,-1.5669881271774682
1894500,41994890.486339696,-3763161.1617834051,-50964.781594006323,274.41074621506539,3062.5524276046876,-1.3269450382421326
1895400,42151273.061230272,-1000741.4277103511,-52048.796971366392,72.9812900863908,3073.9543724109067,-1.0810979773354585
1896300,42126162.479842961,1765985.2084399904,-52909.333339514858,-128.7625499309581,3072.1198864502389,-0.83050290602228249
1897200,41919666.868034199,4525105.2494093627,-53542.600737261011,-329.95181456250771,3057.0569072354674,-0.576236831586459
1898100,41532675.614012614,7264738.0136604821,-53945.786238468005,-529.71994959154381,3028.8303942265516,-0.31939315307292593
1899000,40966855.518523641,9973086.8455190137,-54117.066580894229,-727.20654764672827,2987.5620440656244,-0.061076930899575915
1899900,40224643.588644184,12638489.958092893,-54055.616511345819,-921.56106232564798,2933.4297596275724,0.19759989844443371
1900800,39309236.507435188,15249470.688478451,-53761.61280753251,-1111.9464783557044,2866.6668754623943,0.45552334076081813
1901700,38224576.82626114,17794786.947580326,-53236.233956778953,-1297.5429217469664,2787.5611433094432,0.7115821735346689
1902600,36975335.940882534,20263479.650669336,-52481.655491589467,-1477.5511942227549,2696.4534824360007,0.96467276431116589
1903500,35566893.926393926,22644919.919548396,-51501.041001854588,-1651.1962166179226,2593.7365005873421,1.2137038561503815
1904400,34005316.319651656,24928854.852854721,-50298.528863084233,-1817.7303664065337,2479.8527923274096,1.4576012985411553
1905300,32297327.95095405,27105451.667556796,-48879.214739329916,-1976.4366950542558,2355.2930224946413,1.6953127025756602
1906200,30450283.939349797,29165340.022063762,-47249.129938302707,-2126.6320114804857,2220.5938033934744,1.9258119997248482
1907100,28472137.978009235,31099652.339507189,-45415.215714506587,-2267.6698185554092,2076.3353751867808,2.1481038841943656
1908000,26371408.047555253,32900061.958634671,-43385.293633905516,-2398.9430902426739,1923.1390997469405,2.3612281195639944
1908900,24157139.706077125,34558818.949323311,-41168.032130657884,-2519.8868777242319,1761.6647789630449,2.5642636912054795
1909800,21838867.11470741,36068783.439932205,-38772.90940272942,-2629.9807336060267,1592.607809188906,2.7563327868204484
1910700,19426571.967097882,37423456.314518772,-36210.172808690098,-2728.7509440978242,1416.6961841515033,2.9366045883304888
1911600,16930640.499857787,38617007.149297766,-33490.794942677698,-2815.7725598844813,1234.68735922265,3.1042988592778067
1912500,14361818.768991323,39644299.269577473,-30626.426578339582,-2890.6712172567127,1047.3649904883998,3.2586893128505872
1913400,11731166.384567767,40500911.820718728,-27629.346685521799,-2953.1247419446995,855.53556253128988,3.3991067466296103
1914300,9050008.9022562467,41183158.759382941,-24512.409735536075,-3002.8645289958467,660.02491926987955,3.5249419311600807
1915200,6329889.0759380348,41688104.684419557,-21288.990521979096,-3039.6766929568898,461.67471257788742,3.6356482404847017
1916100,3582517.1803541691,42013577.440143421,-17972.926734281995,-3063.4029835588681,261.33878373089624,3.7307440138319379
1917000,819720.61663858732,42158177.438422993,-14578.459530407454,-3073.941463059527,59.879493001101139,3.8098146387381324
1917900,-1946606.9833884628,42121283.659890436,-11120.172363362213,-3071.2469423698594,-141.83598706129018,3.8725143469951289
1918800,-4704556.9361488149,41903056.308647089,-7612.9283234286559,-3055.3311740776953,-342.9393989591839,3.918567715956931
1919700,-7442256.7491886476,41504436.109019883,-4071.8062642141108,-3026.2628014794,-542.56513238672642,3.9477708689104398
1920600,-10147921.208399417,40927140.247174002,-512.03598574374109,-2984.1670637381849,-739.85394532349767,3.9599923694158274
1921500,-12809903.090524783,40173654.974650994,3051.0672481427937,-2929.2252583014088,-933.95665824946718,3.9551738057505661
1922400,-15416743.283377469,39247224.905122288,6602.1685779138788,-2861.6739627261809,-1124.0378057237137,3.9333300628452004
1923300,-17957220.098582,38151839.049770519,10125.979520033059,-2781.8040190788902,-1309.2792297124167,3.8945492803760322
1924200,-20420397.564963985,36892213.650675371,13607.323759636431,-2689.9592850858562,-1488.8835992595814,3.8389924969753579
1925100,-22795672.494918041,35473771.885327943,17031.20248217936,-2586.5351572147006,-1662.0778413682503,3.7668929818300994
1926000,-25072820.121194147,33902620.52886831,20382.858963768202,-2471.9768718545383,-1828.1164683011502,3.678555256258123
1926900,-27242038.10753148,32185523.673774365,23647.842142817557,-2346.7775917327513,-1986.2847869178556,3.5743538091727967
1927800,-29293988.743420277,30329873.619465578,26812.068899786751,-2211.4762856516882,-2135.9019761402105,3.454731511663919
1928700,-31219839.140961997,28343659.056565095,29861.884777043328,-2066.6554105450273,-2276.3240191779832,3.3201977372296176
1929600,-33011299.260297481,26235430.682327125,32784.122877364127,-1912.9384057353457,-2406.9464777510088,3.1713261954823104
1930500,-34660657.599348269,24014264.394928981,35566.160687195705,-1750.9870101165297,-2527.2070962103235,3.0087524884149301
1931400,-36160814.393629894,21689722.224892572,38195.974579529888,-1581.498413781911,-2636.5882241864065,2.8331713995436512
1932300,-37505312.182604909,19271811.171787169,40662.191761073351,-1405.2022563665862,-2734.6190471744162,2.6453339274330769
1933200,-38688363.610401459,16770940.123524686,42954.139439263599,-1222.8574850656516,-2820.8776153006083,2.4460440762523383
1934100,-39704876.340678684,14197875.043945273,45061.890996560942,-1035.2490859248435,-2894.9926613967691,2.2361554170981464
1935000,-40550474.977919795,11563692.621963069,46976.308972275634,-843.184702572476,-2956.6452004359448,2.01656743484802
1935900,-41221519.900418311,8879732.5822621919,48689.084665913178,-647.49115706821135,-3005.5699033480969,1.7882216762665106
1936800,-41715122.92363368,6157548.8633693028,50192.774190576558,-449.01088798221758,-3041.5562392332877,1.5520977159746314
1937700,-42029159.72636494,3408859.8738526842,51480.830820283176,-248.59832118525532,-3064.4493810171825,1.3092089577020345
1938600,-42162278.986261554,645498.04138668859,52547.633491066008,-47.11618912436677,-3074.1508706434306,1.0605982889690293
1939500,-42113908.185492553,-2120641.1275436953,53388.511332355716,154.56818542117111,-3070.619040964039,0.80733360798733056
1940400,-41884256.061860695,-4877650.2574526723,53999.764122306493,355.58662496390014,-3053.8691925665526,0.55050324212098589
1941300,-41474311.695211947,-7613661.3622345254,54378.678578349733,555.07383610259023,-3023.9735248598549,0.29121127771059052
1942200,-40885840.233581953,-10316896.931049293,54523.540412255825,752.1711352822889,-2981.0608218230982,0.030572821432356151
1943100,-40121375.278075777,-12975720.621496283,54433.642097268923,946.03014539432854,-2925.3158938991664,-0.23029078636213604
1944000,-39184207.959927201,-15578687.341672275,54109.286313368837,1135.816447242571,-2856.9787785798144,-0.49025678569995512
1944900,-38078372.757465065,-18114592.505477492,53551.785055323184,1320.7131701253877,-2776.3437032791144,-0.74820581772301886
1945800,-36808630.114763081,-20572520.249233767,52763.454406833152,1499.9245060754354,-2683.7578151202533,-1.0030267314099288
1946700,-35380445.937504768,-22941890.402295381,51747.605002672302,1672.679132658837,-2579.6196832634341,-1.2536213556721938
1947600,-33799968.054997586,-25212504.009837966,50508.528219177344,1838.2335296593592,-2464.3775803754565,-1.4989092164284821
1948500,-32073999.750263661,-27374587.212376803,49051.47815169426,1995.8751754587531,-2338.5275507804217,-1.7378321785255599
1949400,-30209970.472663254,-29418833.293759618,47382.649455538907,2144.9256094685788,-2202.6112737323106,-1.9693589927500319
1950300,-28215903.859522216,-31336442.717366312,45509.151144614247,2284.7433475683747,-2057.2137311106171,-2.1924897286262621
1951200,-26100383.204685375,-33119160.978989642,43438.976458966587,2414.726638156636,-1902.9606896565981,-2.4062600742295981
1952100,-23872514.522760604,-34759314.114326887,41180.968929187897,2534.3160471213482,-1740.5160086374556,-2.6097454848548014
1953000,-21541887.368010011,-36249841.709138907,38744.784781612034,2642.9968607822648,-1570.5787845462251,-2.8020651630647331
1953900,-19118533.57634652,-37584327.270885207,36140.851843646094,2740.3012966442134,-1393.8803451142776,-2.9823858533991978
1954800,-16612884.107670126,-38757025.831973813,33380.325123261173,2825.8105126258974,-1211.1811055290623,-3.149925435844604
1955700,-14035724.17379567,-39762888.666624904,30475.039250583974,2899.1564062883308,-1023.2673003103987,-3.3039563030473205
1956600,-11398146.844453776,-40597585.015685759,27437.457982627617,2960.0231964776476,-830.94760480273487,-3.4438085071922178
1957500,-8711505.330261996,-41257520.726502135,24280.62098442881,3008.1487807149906,-635.04966068707358,-3.5688726634581887
1958400,-5987364.147141818,-41739853.72809267,21018.088111174693,3043.3258626079091,-436.41652030364753,-3.6786025979987942
1959300,-3237449.3713785526,-42042506.275337256,17663.881426267693,3065.4028445196791,-235.90302490403778,-3.7725177294729018
1960200,-473598.19836912723,-42164173.909621589,14232.425199656755,3074.284481711707,-34.372132218531249,-3.8502051742612013
1961100,2292291.9789363868,-42104331.097324975,10738.484139130227,3069.9322951661457,167.30879106934839,-3.9113215666434464
1962000,5048314.7538302913,-41863233.521640703,7197.1001145977507,3052.3647412976593,368.27169620446637,-3.9555945863712161
1962900,7782605.9326520516,-41441917.017423481,3623.5276416695165,3021.6571377715104,567.65158277801379,-3.9828241872453107
1963800,10483394.58512491,-40842193.15301048,33.168396061666954,2977.9413456564216,764.59021684036384,-3.9928835214883915
1964700,13139053.699407699,-40066641.477206729,-3558.4949654869924,2921.4052091517433,958.23982090751269,-3.9857195558852689
1965600,15738150.224614564,-39118598.463805161,-7135.9653990065972,2852.2917551360151,1147.7667201611646,-3.9613533768387512
1966500,18269494.286028691,-38002143.2000736,-10683.798200973546,2770.8981557848929,1332.3549293050548,-3.9198801826521446
1967400,20722187.361606099,-36722079.879528381,-14186.667588048069,2677.5744584974309,1511.2096647632875,-3.8614689624958953
1968300,23085669.21262195,-35283917.172974125,-17629.432847066557,2572.7220883477271,1683.5607671899652,-3.7863618626411979
1969200,25349763.366441168,-33693844.565166838,-20997.203774505815,2456.7921292408314,1848.6660196025739,-3.6948732416470942
1970100,27504720.955382071,-31958705.75749974,-24275.40512664288,2330.2833908944694,2005.814346853999,-3.587388417269572
1971000,29541262.722466879,-30085969.249764569,-27449.839804605814,2193.7402696883009,2154.3288826190492,-3.4643621089260135
1971900,31450619.012495149,-28083696.226253763,-30506.750502435465,2047.7504123169472,2293.5698905903555,-3.3263165806014978
1972800,33224567.575310554,-25960505.883188363,-33432.879551149046,1892.9421920484094,2422.9375271548238,-3.173839490135467
1973700,34855469.017330155,-23725538.345631916,-36215.526697617956,1729.9820082222591,2541.8744334547446,-3.0075814518896888
1974600,36336299.74733755,-21388415.332631066,-38842.604563859728,1559.5714204183591,2649.8681454263547,-2.8282533208856675
1975500,37660682.273172326,-18959198.739259712,-41302.691540127227,1382.4441294828937,2746.4533111521268,-2.636623207626791
1976400,38822912.717239976,-16448347.31348601,-43585.081873998664,1199.3628183098322,2831.21370566014,-2.4335132340013552
1977300,39817985.430676691,-13866671.614283422,-45679.83272758418,1011.1158659382995,2903.7840341529341,-2.2197960419087761
1978200,40641614.598485783,-11225287.445121784,-47577.807986030428,818.51394913476747,2963.8515155474015,-1.9963910675692655
1979100,41290252.740966685,-8535567.9638585635,-49270.718612788529,622.38654617881036,3011.1572391538716,-1.7642605958656552
1980000,41761106.030227907,-5809094.6760622626,-50751.159360673009,423.57835805737784,3045.4972883134806,-1.524405610515517
1980900,42052146.354453258,-3057607.5239016237,-52012.641662625749,222.94566269023699,3066.7236258442235,-1.2778614573612099
1981800,42162120.076811567,-292954.2868912816,-53049.622542333251,21.35261815383987,3074.7447372129213,-1.025693339564425
1982700,42090553.450396948,2472960.4860325526,-53857.529402417604,-180.33246886196503,3069.5260284471528,-0.76899166495866289
1983600,41837754.665287651,5228226.7914480334,-54432.78056678165,-381.24089294382054,3051.0899769213788,-0.50886726719980468
1984500,41404812.518642224,7960980.5105680982,-54772.801473740772,-580.50730166863309,3019.516034287833,-0.24644652360810379
1985400,40793591.713636093,10659454.549576541,-54876.036437674251,-777.27343260224495,2974.9402819673101,0.017133606337582069
1986300,40006724.807901539,13312029.559099823,-54741.955918887666,-970.69181911453711,2917.5548407593592,0.28073059705923964
1987200,39047600.846891426,15907284.012650181,-54371.059263966781,-1159.9294486994438,2847.6070372669842,0.5432014021377497
1988100,37920350.732164763,18434043.426806141,-53764.872901863986,-1344.1713577303412,2765.3983309492182,0.80340750315117604
1989000,36629829.388915174,20881428.509822443,-52925.944004018675,-1522.624146905508,2671.2830067075824,1.0602199365187803
1989900,35181594.811058134,23238902.030256163,-51857.829639696443,-1694.5194020412866,2565.6666389717998,1.3125242731202837
1990800,33581884.07579194,25496314.203026775,-50565.081480179833,-1859.1170053474332,2449.0043342693584,1.5592255260813221
1991700,31837586.432686031,27643946.397055302,-49053.226127219539,-2015.7083228647086,2321.7987602366225,1.7992529629791647
1992600,29956213.584968336,29672552.976208907,-47328.741162062091,-2163.6192543531633,2184.5979699514514,2.0315647997828226
1993500,27945867.292729061,31573401.093663622,-45399.027031253543,-2302.2131325847336,2037.9930313348955,2.2551527550484032
1994400,25815204.439181011,33338308.268939972,-43272.374904168762,-2430.8934597096063,1882.6154721799574,2.4690464441938702
1995300,23573399.711875249,34959677.586710922,-40957.930654767246,-2549.1064691264096,1719.1345521169708,2.6723175950312497
1996200,21230106.060826514,36430530.366976224,-38465.6551364017,-2656.343502085987,1548.2543735171025,2.864084067098112
1997100,18795413.104823321,37744536.167287432,-35806.280933611073,-2752.1431890923059,1370.7108439677349,3.0435136586737186
1998000,16279803.665753961,38896039.989340499,-32991.265788743309,-2836.0934270272387,1187.2685035264403,3.2098276866674156
1998900,13694108.618547592,39880086.574374847,-30032.742914017872,-2907.833143814586,998.71723047460637,3.3623043258154248
1999800,11049460.251287453,40692441.684376366,-26943.468411305003,-2967.0538433492889,805.86883974835621,3.5002816948148996
2000700,8357244.3361828318,41329610.279025875,-23736.76603251604,-3013.5009243473314,609.55358862401727,3.6231606781637407
2001600,5629051.117372171,41788851.511612669,-20426.469523111249,-3046.9747677178066,410.61660457868606,3.7304074735708004
2002500,2876625.4259569724,42068190.48069495,-17026.86279987307,-3067.3315880187752,209.91425053384268,3.8215558558648692
2003400,111816.13622424752,42166426.688084371,-13552.61822178574,-3074.4840455308281,8.3104429216537881,3.8962091493757751
2004300,-2653474.8203067975,42083139.167710923,-10018.733219618869,-3068.4016164647464,-193.32706181063054,3.9540419018000255
2005200,-5407343.6645881906,41818688.264036492,-6440.465555631873,-3049.1107198103823,-394.13039652329201,3.9948012536083666
2006100,-8137935.9841756448,41374214.052878797,-2833.2674896886842,-3016.6946003307698,-593.23531273640936,4.0183079981135128
2007000,-10833497.732472828,40751631.41173204,787.28086802014695,-2971.2929682063063,-789.78489420976757,4.0244573284004082
2007900,-13482425.794675479,39953621.760871999,4405.5387345312447,-2913.1013968360612,-982.93323900261873,4.0132192684335948
2008800,-16073317.903810449,38983621.510659799,8005.8720769166066,-2842.3704813041563,-1171.8490943795653,3.9846387867993576
2009700,-18595021.692970674,37845807.264454678,11572.720994462143,-2759.4047610154794,-1355.7194291037099,3.9388355927132683
2010600,-21036682.673446417,36545077.840357438,15090.666774539015,-2664.5614109934409,-1533.7529278948159,3.8760036151258861
2011500,-23387790.932937179,35087033.18857611,18544.498337789941,-2558.2487073091679,-1705.1833931291039,3.7964101669855448
2012400,-25638226.353384815,33477950.294478919,21919.277790664855,-2440.92427307249,-1869.2730392189228,3.7003947979629523
2013300,-27778302.154180817,31724756.170318488,25200.404806880328,-2313.0931123559985,-2025.3156655348287,3.588367840200732
2014200,-29798806.573549338,29834998.05112084,28373.679564052632,-2175.305440339806,-2172.6396942192805,3.4608086529151687
2015100,-31691042.508767858,27816810.922276344,31425.363967567195,-2028.1543188518729,-2310.6110597893176,3.3182635729394261
2016000,-33446864.94453159,25678882.517892785,34342.240900691751,-1872.273107332074,-2438.6359380340182,3.1613435795486948
2016900,-35058716.008162819,23430415.93991961,37111.671248003382,-1708.3327400629728,-2556.1633023794252,2.9907216831406043
2017800,-36519657.500475533,21081090.058375925,39721.648448360305,-1537.0388412818277,-2662.6872966166979,2.8071300485495585
2018700,-37823400.761888385,18641017.86266293,42160.850343879865,-1359.1286905122186,-2757.7494136657951,2.6113568649439878
2019600,-38964333.744789951,16120702.942868002,44418.68810264871,-1175.368051125555,-2840.9404708737557,2.4042429753823753
2020500,-39937545.175150767,13530994.288128927,46485.352005147703,-986.54787575858597,-2911.9023732199425,2.186678280180046
2021400,-40738845.698895425,10883039.596482484,48351.853897574067,-793.48090276915366,-2970.3296567164493,1.9595979292569252
2022300,-41364785.921538301,8188237.297135666,50010.066129330138,-596.99815840550605,-3015.9708052457295,1.7239783195900511
2023200,-41812671.262991719,5458187.4917380223,51452.756806862788,-397.94537979158758,-3048.6293350647106,1.4808329147776551
2024100,-42080573.563214257,2704642.0259722727,52673.62121171246,-197.17937418934065,-3068.164642220182,1.2312079045284803
2025000,-42167339.388416559,-60546.093405903783,53667.309246996185,4.4356697127810776,-3074.4926091589009,0.97617772261610658
2025900,-42072595.00181926,-2825473.7180772861,54429.448793529344,206.03190251975414,-3067.5859678723145,0.71684044247876189
2026800,-41796747.977396175,-5578238.7943023723,54956.664874309208,406.74155074997896,-3047.4744179846093,0.45431307019769396
2027700,-41340985.449570343,-8306991.5948346015,55246.594544056825,605.70065317750789,-3014.2444992685178,0.18972675504756775
2028600,-40707269.006393947,-10999985.72576059,55297.897438860404,802.05278072301951,-2968.0392191505348,-0.075778061820314324
2029500,-39898326.248270057,-13645628.688413333,55110.26193959768,994.95272379779101,-2909.0574368404864,-0.34105653972950145
2030400,-38917639.048697762,-16232531.778455535,54684.406921649956,1183.5701311553169,-2837.5530067845666,-0.60496435085684919
2031300,-37769428.567778736,-18749559.107133165,54022.079082370168,1367.0930845270248,-2753.8336851908675,-0.8663625915513411
2032200,-36458637.08324828,-21185875.53353893,53126.045856744633,1544.7315936103103,-2658.2598044071533,-1.1241226715246668
2033100,-34990906.717525728,-23530993.30148207,52000.083950605374,1715.7209963368289,-2551.2427209374523,-1.3771311599589278
2034000,-33372555.152657144,-25774817.180211507,50648.963539522767,1879.3252497745359,-2433.243043862487,-1.6242945677852727
2034900,-31610548.437989946,-27907687.914756056,49078.428200050512,2034.8400975058173,-2304.7686513747153,-1.8645440456893623
2035800,-29712471.007918037,-29920423.798997,47295.17065822467,2181.5960998734722,-2166.3725040479235,-2.0968399777924813
2036700,-27686493.039014548,-31804360.192740615,45306.804458054212,2318.9615140933533,-2018.6502643300332,-2.3201764514392376
2037600,-25541335.287276648,-33551386.812972348,43121.831670103427,2446.3450118939631,-1862.2377325726802,-2.5335855840904391
2038500,-23286231.556995578,-35153982.639110476,40749.606777081266,2563.198223055952,-1697.8081106889263,-2.7361416889706858
2039400,-20930888.962890878,-36605248.282390438,38200.296889544945,2669.0180939847601,-1526.069105258229,-2.9269652618502846
2040300,-18485446.156568769,-37898935.680456266,35484.838460326966,2763.3490512540197,-1347.7598825728746,-3.1052267721466809
2041200,-15960429.697043873,-39029474.98976329,32614.890681038247,2845.7849609020686,-1163.6478887399737,-3.2701502424074071
2042100,-13366708.752965175,-39991998.56045673,29602.785757924747,2915.9708751451985,-974.5255485157287,-3.421016601180106
2043000,-10715448.331280896,-40782361.890930735,26461.476277401991,2973.6045590851872,-781.20685705205562,-3.5571667952801884
2043900,-8018061.2333350684,-41397161.472238354,23204.479883708897,3018.4377909313098,-584.52387917811245,-3.6780046485277889
2044800,-5286158.944786747,-41833749.445858732,19845.821502261206,3050.2774302243324,-385.32317121948847,-3.782999455137336
2045700,-2531501.670260943,-42090245.011978067,16399.973352403063,3068.9862495379411,-184.46214067456208,-3.8716882970978328
2046600,234052.27273860946,-42165542.539346553,12881.793002317028,3074.483526137567,17.194640680037566,-3.9436780760744017
2047500,2998597.4834134006,-42059316.341877609,9306.4597268276611,3066.7453910935087,218.77915449544236,-3.9986472515825966
2048400,5750232.7117176112,-41772022.101399161,5689.4094356995447,3045.804934370603,419.423668486488,-4.0363472784299468
2049300,8477112.0769690461,-41304894.930290282,2046.2684457712335,3011.7520654463192,618.26446805931505,-4.0566037376745001
2050200,11167496.051183743,-40659944.082082294,-1607.2136251249187,2964.7331300390961,814.44557100100712,-4.0593171566094233
2051100,13809801.988280416,-39839944.332411595,-5255.231561030042,2904.9502845550187,1007.1224093751955,-4.0444635145364369
2052000,16392653.98220725,-38848424.066924706,-8881.9925637318138,2832.6606308796677,1195.4654629054558,-4.0120944323296035
2052900,18904931.839862097,-37689650.126796663,-12471.784296611682,2748.1751151494336,1378.6638283297211,-3.9623370450053725
2053800,21335818.958395895,-36368609.476374611,-16009.042671263536,2651.8571951290733,1555.9287094728129,-3.895393557696071
2054700,23674848.901092876,-34890987.771044523,-19478.419092554894,2544.1212817963074,1726.4968131093242,-3.8115404865640476
2055600,25911950.471492406,-33263144.916685071,-22864.846879680423,2425.4309616864057,1889.6336360741132,-3.7111275872860103
2056500,28037491.091733757,-31492087.724965803,-26153.606583596495,2296.2970074767431,2044.636629521121,-3.5945764747777416
2057400,30042318.298244055,-29585439.781215351,-29330.389924976822,2157.2751851900985,2190.8382267314773,-3.4623789388161681
2058300,31917799.175823227,-27551408.653578691,-32381.362081444986,2008.9638672630037,2327.6087214272638,-3.315094961151384
2059200,33655857.559879266,-25398750.583651505,-35293.222058276835,1852.0014615587959,2454.3589841561898,-3.1533504405912667
2060100,35249008.845999852,-23136732.80967778,-38053.260882987182,1687.0636672013427,2570.5430049729734,-2.9778346333974381
2061000,36690392.256178468,-20775093.683677275,-40649.417371197604,1514.8605688618072,2675.6602513537832,-2.7892973171684603
2061900,37973800.421806432,-18324000.753489058,-43070.331218917316,1336.1335818444186,2769.2578310387735,-2.5885456872256394
2062800,39093706.15495801,-15794006.989632845,-45305.393184869201,1151.6522609851124,2850.9324503027988,-2.3764409953824255
2063700,40045286.291490451,-13196005.345060777,-47344.792135794742,962.21098699593131,2920.3321590039209,-2.153894941897633
2064600,40824442.502009556,-10541181.843259396,-49179.558737834945,768.62554445511523,2977.1578746512509,-1.9218658324126441
2065500,41427818.979765899,-7840967.3967275796,-50801.60558819268,571.72960615441241,3021.1646786658284,-1.6813545127783698
2066400,41852816.927995399,-5106988.5635661874,-52203.763593441814,372.37113896778681,3052.1628789781307,-1.4334000959089328
2067300,42097605.783046201,-2351017.4547363254,-53379.814414175795,171.40874679573233,3070.018834110489,-1.1790754961651202
2068200,42161131.123783067,415078.99155443301,-54324.518810306443,-30.292033536911646,3074.6555349288992,-0.91948278826977492
2069100,42043119.232170478,3179390.148921275,-55033.640737344351,-231.86246729810489,3066.0529413124696,-0.65574840937134993
2070000,41744078.284540489,5930013.0339212641,-55503.967061504736,-432.43437146909014,3044.2480720755038,-0.38901822456571944
2070900,41265296.167784199,8655103.6068140715,-55733.32278053715,-631.14386255332329,3009.3348475817638,-0.12045247790854349
2071800,40608834.929495916,11342927.819553439,-55720.581657769566,-827.13508613519002,2961.4636856067527,0.14877934736600129
2072700,39777521.885873996,13981912.189603264,-55465.672198918648,-1019.5639118077426,2900.840852125415,0.41750373413715081
2073600,38774937.42586799,16560693.680186104,-54969.578924606511,-1207.601577229457,2827.7275698221501,0.68454837554880243
2074500,37605399.564582855,19068168.670589503,-54234.338916024411,-1390.4382652940637,2742.4388882299663,0.94874743027989972
2075400,36273945.313234054,21493540.804164995,-53263.033636510612,-1567.2865987040464,2645.3423204980072,1.208946760454829
2076300,34786308.946916908,23826367.50663618,-52059.776057623858,-1737.3850366257325,2536.8562528537254,1.4640091233799075
2077200,33148897.26504029,26056604.97326012,-50629.693144214121,-1900.0011585690727,2417.4481338599257,1.7128192883922881
2078100,31368761.952408414,28174651.430226732,-48978.903778624124,-2054.4348211743841,2287.6324515605393,1.9542890506485437
2079000,29453569.161551818,30171388.483395275,-47114.492229107957,-2200.021174196746,2147.9685075557563,2.1873621146411475
2079900,27411566.448948968,32038220.376010012,-45044.477291468851,-2336.1335226509409,1999.0579979413151,2.4110188215666515
2080800,25251547.209188972,33767110.986359499,-42777.77725548645,-2462.1860228098226,1841.5424118835983,2.6242806963155267
2081700,22982812.761854257,35350618.406392336,-40324.170868679685,-2577.6362005305427,1676.1002593780452,2.8262147917326903
2082600,20615132.255906105,36781926.95302017,-37694.254489162093,-2681.9872812098238,1503.4441404506169,3.0159378098276388
2083500,18158700.565598082,38054876.475168735,-34899.395636693123,-2774.7903215352112,1324.3176687090163,3.1926199817118257
2084400,15624094.36038989,39163988.831520036,-31951.683166483497,-2855.6461340980845,1139.4922627312944,3.3554886901365881
2085300,13022226.538959932,40104491.426264256,-28863.874303905617,-2924.2069968605806,949.76381929436411,3.5038318205367509
2086200,10364299.224196525,40872337.702989474,-25649.338790070484,-2980.1781404175754,755.94928289429674,3.637000828408588
2087100,7661755.5219666073,41464224.510021754,-22322.000398371303,-3023.3190069618927,558.88312639502612,3.7544135126386178
2088000,4926230.2515028808,41877606.264030546,-18896.27609069039,-3053.4442758421255,359.41375796336115,3.8555564860388931
2088900,2169499.8594041155,42110705.852477401,-15387.013089153577,-3070.4246515943159,158.39986970714583,3.9399873358365873
2089800,-596568.26749891648,42162522.229455039,-11809.42414522306,-3074.1874113282729,-43.293256368799035,4.0073364682232695
2090700,-3360066.8728040303,42032834.67358312,-8179.0212926581553,-3064.716709353756,-244.79746933675659,4.0573086323107308
2091600,-6109100.0656664791,41722203.69084356,-4511.5483745378151,-3042.0536379386399,-445.24548141990738,4.089684119990519
2092500,-8831834.5007939711,41231968.559498899,-822.91263719982635,-3006.296044098136,-643.77459531632292,4.104319639277187
2093400,-11516550.284067323,40564241.528488129,2870.8843143408676,-2957.5981033188782,-839.5304109630589,4.1011488597556696
2094300,-14151691.385810057,39721898.694883853,6553.8159041500057,-2896.1696521217555,-1031.6704960281529,4.080182629771838
2095200,-16725915.345891291,38708567.600069873,10209.900021094707,-2822.2752823603164,-1219.3680045747396,4.04150886602
2096100,-19228142.057896588,37528611.598205775,13823.268208362031,-2736.2332011346816,-1401.8152285565491,3.9852921172053875
2097000,-21647601.423531137,36187111.064233258,17378.23431458803,-2638.4138611712792,-1578.2270670778119,3.911772804501974
2097900,-23973879.673215762,34689841.522093818,20859.362317335905,-2529.2383674732491,-1747.8443986831387,3.8212661425915191
2098800,-26196964.154483095,33043248.786916856,24251.533033557735,-2409.1766669816607,-1909.9373423341747,3.7141607461592785
2099700,-28307286.396259885,31254421.22764805,27540.009436560958,-2278.7455289002241,-2063.808393179409,3.5909169278337711
2100600,-30295763.264409538,29331059.268868193,30710.500304896505,-2138.5063242221559,-2208.7954197309423,3.4520646946870555
2101500,-32153836.031981349,27281442.262350541,33749.221935502843,-1989.0626138534094,-2344.274509626332,3.2982014515524947
2102400,-33873507.196439877,25114392.870169424,36642.957661386274,-1831.0575555476019,-2469.6626517736649,3.1299894205605296
2103300,-35447374.885696888,22839239.111855328,39379.114923091111,-1665.1711406506404,-2584.42024335204,2.9481527874310141
2104200,-36868664.705002949,20465774.238143627,41945.779653205049,-1492.1172723932182,-2688.0534108657885,2.7534745861842098
2105100,-38131258.887635946,18004214.603240333,44331.767744137862,-1312.640698163141,-2780.1161352263985,2.5467933350318477
2106000,-39229722.623806059,15465155.716184899,46526.67338137942,-1127.5138088329827,-2860.212171658603,2.3289994372759382
2106900,-40159327.454234242,12859526.659786649,48520.914037352348,-937.5333188082883,-2927.9967560930563,2.1010313620672938
2107800,-40916071.627403826,10198543.072710624,50305.771934783683,-743.51684099403155,-2983.1780906139888,1.8638716208495414
2108700,-41496697.332480215,7493658.8965554545,51873.431803179818,-546.29937134922682,-3025.5186014722135,1.6185425562299423
2109600,-41898704.733285181,4756517.0951707736,53217.01476744395,-346.72969810869898,-3054.8359641476845,1.3661019608689711
2110500,-42120362.742443211,1998899.5579771097,54330.608223864117,-145.66675109462551,-3071.003890947009,1.1076385447590356
2111400,-42160716.488826886,-767323.5973448304,55209.291575554773,56.024093183458973,-3073.952677645198,0.84426726996423584
2112300,-42019591.44565554,-3530245.10475459,55849.157716884452,257.47473473460434,-3063.669506722691,0.57712457251187255
2113200,-41697594.200983353,-6277971.79257097,56247.330174389928,457.81808555623928,-3040.1985058033415,0.30736349165896304
2114100,-41196109.866785333,-8998675.7684612628,56401.975830084193,656.19180126047513,-3003.6405609615526,0.036148727199221242
2115000,-40517296.137348987,-11680645.326333156,56312.313171828631,851.74199275594606,-2954.1528856320601,-0.23534835417451752
2115900,-39664074.022140615,-14312335.355900614,55978.61603447509,1043.6269019622655,-2891.9483469189067,-0.50595474218318626
2116800,-38640115.292673767,-16882417.037787758,55402.212814703926,1231.0205256835281,-2817.2945521559022,-0.77450081452274444
2117700,-37449826.697099976,-19379826.610072501,54585.481161802825,1413.1161719871511,-2730.5126996144022,-1.0398253551868433
2118600,-36098331.010205343,-21793812.996141318,53531.838165959867,1589.1299337236774,-2631.9761982807054,-1.3007805381016999
2119500,-34591445.00016842,-24113984.088610575,52245.726084894537,1758.3040641805035,-2522.1090626300479,-1.5562368547597734
2120400,-32935654.406755712,-26330351.489846375,50732.593668735215,1919.9102402860121,-2401.3840893025276,-1.8050879647718441
2121300,-31138086.038541507,-28433373.516258784,48998.873161882904,2073.2526992683752,-2270.3208235338861,-2.0462554485860136
2122200,-29206477.109181978,-30413996.281027175,47051.953079093793,2217.6712352228351,-2129.4833241067245,-2.2786934420456606
2123100,-27149141.944695666,-32263692.678198796,44900.146871083096,2352.5440426501118,-1979.4777364613751,-2.5013931329746031
2124000,-24974936.205050644,-33974499.100155197,42552.657612516901,2477.2903946937754,-1820.9496844365231,-2.7133871005837826
2124900,-22693218.774084311,-35539049.730220772,40019.538862238456,2591.3731445229319,-1654.5814918940871,-2.9137534791873283
2125800,-20313811.481837735,-36950608.262651242,37311.651861892286,2694.3010390751078,-1481.0892462175141,-3.1016199284935229
2126700,-17846956.832729701,-38203096.913340919,34440.619254690369,2785.6308351892394,-1301.2197163543167,-3.2761673935942524
2127600,-15303273.921585739,-39291122.596277364,31418.775520838612,2864.969209016514,-1115.7471386994891,-3.4366336387110366
2128500,-12693712.727337655,-40210000.152998567,28259.114340041353,2931.9744504936184,-925.46988468370944,-3.5823165397624139
2129400,-10029506.981186125,-40955772.535018072,24975.233104465697,2986.3579355946267,-731.20702443658513,-3.7125771218909316
2130300,-7322125.8121435158,-41525227.852320701,21581.274817515856,3027.8853700401869,-533.79480133848392,-3.8268423292235791
2131200,-4583224.3781199278,-41915913.214539267,18091.867624689723,3056.37779913145,-334.08303265290658,-3.9246075153305986
2132100,-1824593.6950616362,-42126145.305240385,14522.062232615994,3071.7123793869464,-132.93145174333216,-4.0054386440886089
2133000,941890.11992100673,-42155017.643816665,10887.267481060739,3073.82290868876,68.793992377174732,-4.0689741919370821
2133900,3704316.9730023532,-42002404.503739804,7203.1843402108516,3062.7001126853052,270.22486223949312,-4.1149267438358708
2134800,6450794.0656774221,-41668961.470314324,3485.7386118613981,3038.3916862470805,470.49396982427209,-4.143084276576638
2135700,9169497.0937857572,-41156122.635521337,-248.98738176641427,3001.0020898243229,668.73910911178893,-4.1533111244647936
2136600,11848721.15326127,-40466094.441994213,-3984.8238339820246,2950.692101606804,864.10676723931101,-4.1455486237607628
2137500,14476931.133627573,-39601846.202560611,-7705.5829241300817,2887.6781274315176,1055.7557983298591,-4.1198154336410688
2138400,17042811.382476073,-38567097.336057343,-11395.128431013449,2812.2312714191589,1242.8610442245622,-4.0762075327993399
2139300,19535314.427307539,-37366301.374214672,-15037.445197417288,2724.6761713406686,1424.6168865858169,-4.0148978921451484
2140200,21943708.545171011,-36004626.808255918,-18616.708154918997,2625.3896037164636,1600.2407151387438,-3.9361358253626504
2141100,24257623.975478489,-34487934.85740833,-22117.35062032496,2514.7988646292256,1768.9762971821967,-3.8402460203508397
2142000,26467097.577186797,-32822754.254716478,-25524.131578341476,2393.3799331823407,1930.0970339258777,-3.7276272557717585
2142900,28562615.738193646,-31016253.158334628,-28822.201669408871,2261.6554254567786,2082.9090896946072,-3.5987508080727881
2143800,30535155.352264088,-29076208.308798246,-31997.167606943003,2120.1923477058012,2226.7543805821592,-3.4541585554151997
2144700,32376222.687054127,-27010971.564586587,-35035.15475446717,1969.5996583764629,2361.0134097326381,-3.2944607859274071
2145600,34077889.975795828,-24829433.959540673,-37922.867600206577,1810.525649356355,2485.1079370745192,-3.1203337186040176
2146500,35632829.574915133,-22540987.436348744,-40647.647874581409,1643.6551576109825,2598.5034720284089,-2.9325167459907147
2147400,37034345.540230915,-20155484.420311809,-43197.530064598686,1469.7066190989822,2700.7115784515913,-2.7318094085347209
2148300,38276402.485389188,-17683195.4069148,-45561.294088341696,1289.4289775269931,2791.2919818676714,-2.5190681111508564
2149200,39353651.597777553,-15134764.745316911,-47728.514902530864,1103.598461131176,2869.8544698554556,-2.2952025931689799
2150100,40261453.699294955,-12521164.807701759,-49689.608826443247,913.01524124624575,2936.0605773349248,-2.0611721634114764
2151000,40995899.25197532,-9853648.7414622623,-51435.876376310283,718.49998694337319,2989.6250493870753,-1.8179817127262561
2151900,41553825.221530095,-7143702.0074048936,-52959.541415674372,520.89033048357385,3030.3170751760035,-1.5666775169031222
2152800,41932828.725334927,-4402992.9125160594,-54253.786439112293,321.03725874107221,3057.9612875032303,-1.3083428435639066
2153700,42131277.405185804,-1643322.3503131303,-55312.783819297336,119.80144609958901,3072.4385235132399,-1.0440933773749324
2154600,42148316.479236528,1123427.0346186985,-56131.722860673966,-81.950455388763487,3073.6863430827843,-0.77507247881650387
2155500,41983872.441845268,3885342.0386462416,-56706.832517185758,-283.3495525696294,3061.699302461659,-0.50244629278414199
2156400,41638653.394544214,6630530.2266910821,-57035.399646675658,-483.52845830909905,3036.528981786129,-0.22739872450522303
2157300,41114146.005942717,9347171.1736802533,-57115.782690920933,-681.62503291727728,2998.2837661542922,0.048873698367118135
2158200,40412609.11301665,12023567.398314957,-56947.420687918544,-876.78610360131529,2947.1283810313189,0.3251670570918993
2159100,39537063.990860894,14648194.768806439,-56530.837542121124,-1068.1711457343611,2883.2831838370566,0.60027534457723597
2160000,38491281.332519457,17209752.162383758,-55867.641498914592,-1254.9559098603117,2807.0232146537651,0.87299581578794072
2160900,37279764.994891025,19697210.163509078,-54960.519791741834,-1436.3359785646248,2718.6770100719868,1.1421343604230447
2161800,35907732.580866948,22099858.58983434,-53813.228453850308,-1611.5302376296499,2618.6251852615706,1.4065108709051986
2162700,34381092.941722602,24407352.639986038,-52430.577311528745,-1779.7842462589288,2507.2987904059346,1.6649645773790787
2163600,32706420.697284095,26609757.463253174,-50818.410201662751,-1940.3734915979408,2385.1774486638842,1.9163593203818448
2164500,30890927.884459361,28697590.958151292,-48983.580483161539,-2092.6065132969547,2252.787283817574,2.1595887312117394
2165400,28942432.857291505,30661864.614611384,-46933.921938898537,-2235.8278844523188,2110.6986467205616,2.3935812898502102
2166300,26869326.573697556,32494122.223158065,-44678.215191825831,-2369.4210359218473,1959.5236505696407,2.6173052306299525
2167200,24680536.415438917,34186476.283852816,-42226.149785402304,-2492.8109117334279,1799.9135258819945,2.8297732666990218
2168100,22385487.698574778,35731641.957936227,-39588.282103954924,-2605.4664440881884,1632.555806859684,3.0300471056886642
2169000,19994063.041626412,37122968.41595415,-36775.989332643956,-2706.902837294595,1458.1713615618394,3.2172417307999863
2169900,17516559.767884243,38354467.447638363,-33801.419678951781,-2796.6836508514234,1277.5112789773261,3.3905294237071777
2170800,14963645.526681246,39420839.210873149,-30677.439097765589,-2874.4226728191038,1091.3536266943113,3.5491435081392968
2171700,12346312.326003525,40317495.009650789,-27417.574779967559,-2939.7855755740134,900.50009339619805,3.692381795647711
2172600,9675829.1754831579,41040577.003938757,-24035.955679866773,-2992.4913470225447,705.77253087480983,3.8196097177899127
2173500,6963693.5445994716,41586974.767783836,-20547.25036977576,-3032.3134913552176,508.00941064137055,3.9302631316692231
2174400,4221581.8457848579,41954338.625699446,-16966.602520603017,-3059.0809944401126,308.06221053422536,4.0238507883846992
2175300,1461299.1560792825,42141089.71135851,-13309.564315613574,-3072.6790499844155,106.79174697035117,4.0999564564052493
2176200,-1305271.6060039359,42146426.706782036,-9592.0281106624334,-3073.0495436282581,-94.935531333083361,4.1582406941462748
2177100,-4066220.8296529418,41970329.234512843,-5830.1566584168831,-3060.1912931722072,-296.25127222899215,4.1984422680757874
2178000,-6809663.467072079,41613557.889633611,-2040.3122165499699,-3034.1600441750134,-496.28895561818479,4.2203792145062495
2178900,-9523790.1748127546,41077650.912871078,1761.0151391980885,-2995.068221188289,-694.18761956830679,4.2239495448511786
2179800,-12196918.121697254,40364917.520366423,5557.2796766548008,-2943.084435916649,-889.09556118790442,4.2091315955630337
2180700,-14817541.245527787,39478427.919930108,9331.9523247930101,-2878.4327546026661,-1080.1739965110864,4.1759840252508384
2181600,-17374379.743292354,38422000.057683393,13068.592831274989,-2801.3917279331763,-1266.6006638495958,4.1246454626328513
2182500,-19856428.582988568,37200183.152864993,16750.92144776151,-2712.2931877442916,-1447.5733553291143,4.0553338100442611
2183400,-22253004.829470508,35818238.092197433,20362.889835486007,-2611.5208157644029,-1622.3133616443142,3.968345208219322
2184300,-24553793.581864052,34282114.768512547,23888.750889175688,-2499.508490574694,-1790.0688154415409,3.8640526690279486
2185200,-26748892.326071553,32598426.461277835,27313.127183837496,-2376.7384198825102,-1950.1179191681138,3.7429043837863856
2186100,-28828853.512674656,30774421.369196586,30621.077756204471,-2243.7390660913929,-2101.7720437120329,3.6054217156954422
2187000,-30784725.178117972,28817951.417124689,33798.162940757386,-2101.082874009719,-2244.3786846942544,3.4521968858961625
2187900,-32608089.435387783,26737438.471109297,36830.506989201225,-1949.3838103645226,-2377.3242638663737,3.2838903635761874
2188800,-34291098.669457354,24541838.106362,39704.858212093372,-1789.2947255750901,-2500.0367637080144,3.101227971510506
2189700,-35826509.28251937,22240601.083387215,42408.646391994829,-1621.5045489890019,-2611.9881840087673,2.9049977193746308
2190600,-37207712.844428867,19843632.697251599,44930.037229049492,-1446.7353294883058,-2712.6968099570881,2.6960463781211876
2191500,-38428764.514797181,17361250.174061399,47257.983592283956,-1265.7391340321417,-2801.7292820409416,2.475275809654939
2192400,-39484408.614764802,14804138.297072317,49382.273363150547,-1079.294817311353,-2878.7024588895083,2.2436390669678454
2193300,-40370101.238593832,12183303.452454196,51293.573671889222,-888.20467624735534,-2943.2850650490873,2.0021362807962237
2194200,-41082029.807809524,9510026.291536659,52983.471342131976,-693.29100356899335,-2995.1991165863128,1.751810349726922
2195100,-41617129.483634859,6795813.2123405635,54444.509374780631,-495.39255514462133,-3034.2211183444224,1.4937424514998516
2196000,-41973096.366848551,4052346.8683264027,55670.219318510892,-295.36094612982134,-3060.1830276399842,1.2290473940217728
2196900,-42148397.427900493,1291435.9165396206,56655.149391241968,-94.056991311837635,-3072.9729801742278,0.95886882531278927
2197800,-42142277.124081649,-1475035.779315806,57394.888234503189,107.65299471186668,-3072.5357749408668,0.68437432224556716
2198700,-41954760.674709901,-4235160.2729078978,57886.084200762263,308.90092169311447,-3058.8731159367644,0.4067503785015017
2199600,-41586653.979598843,-6977056.7669351539,58126.460092386209,508.82065627952306,-3032.0436095186114,0.12719731265201761
2200500,-41039540.180462465,-9688922.732365435,58114.823289909225,706.55174694179368,-2992.1625172934282,-0.15307588232733407
2201400,-40315772.879313283,-12359084.695578072,57851.071226605367,901.24312528906898,-2939.4012654786443,-0.43285672649187446
2202300,-39418466.042273201,-14976048.475045657,57336.192185925327,1092.0567678621248,-2873.9867127141197,-0.71093445547519951
2203200,-38351480.631472245,-17528548.65144483,56572.26141807298,1278.1713026455143,-2796.2001793491568,-0.98610521618811786
2204100,-37119408.021799877,-20005597.058270764,55562.432591781675,1458.7855447596928,-2706.376242257681,-1.2571772336805689
2205000,-35727550.273134008,-22396530.084135968,54310.924617115983,1633.1219460818743,-2604.90130024978,-1.5229759272476195
2205900,-34181897.342244409,-24691054.582944833,52823.003894783476,1800.4299438989715,-2492.211916143151,-1.7823489540284041
2206800,-32489101.331789959,-26879292.194031749,51104.962066904911,1959.989194116117,-2368.7929425292677,-2.0341711586129261
2207700,-30656447.886645138,-28951821.881108381,49164.089363371226,2111.1126750284147,-2235.1754392118241,-2.2773494075350991
2208600,-28691824.860142548,-30899720.506457601,47008.643656725522,2253.1496482097846,-2091.9343912050317,-2.5108272879908595
2209500,-26603688.384651951,-32714601.265206292,44647.815356860177,2385.4884636790139,-1939.6862370523845,-2.733589650675516
2210400,-24401026.492177375,-34388649.81367135,42091.688294629559,2507.5591971668118,-1779.0862180586423,-2.9446669772833745
2211300,-22093320.44129324,-35914657.935664527,39351.196760663879,2618.8361080262457,-1610.8255598149715,-3.1431395539524587
2212200,-19690503.916709349,-37286054.601219796,36438.078882149181,2718.8399070993223,-1435.6284981358497,-3.3281414327646508
2213100,-17202920.277008079,-38496934.283426635,33364.826536034714,2807.139824671458,-1254.2491622128036,-3.4988641643244347
2214000,-14641278.034592995,-39542082.41086559,30144.632011967107,2883.3554695096773,-1067.4683284210184,-3.654560285432662
2214900,-12016604.75958728,-40416997.84549658,26791.33165215961,2947.1584708857545,-876.09005878720006,-3.7945465469421769
2215800,-9340199.6062878594,-41117912.288692959,23319.346708318004,2998.2738964282507,-680.93823863784928,-3.918206868024583
2216700,-6623584.666784538,-41641806.531387143,19743.621667598847,3036.4814396231372,-482.85302839376061,-4.0249950042863771
2217600,-3878455.3614660036,-41986423.477939256,16079.560310314188,3061.61637178706,-282.6872448567151,-4.1144369184433049
2218500,-1116630.0803316124,-42150277.887296848,12342.959771666345,3073.5702543655602,-81.302687646059439,-4.1861328435867957
2219400,1650000.7077091564,-42132662.789219797,8549.9428881511922,3072.2914084558765,120.43357331558251,-4.2397590304498678
2220300,4409525.6580541851,-41933652.547735877,4716.889116368241,3057.785139515327,321.65293319802163,-4.2750691714939073
2221200,7150063.8452936923,-41554102.558504365,860.3643177873455,3030.1137162865725,521.48899437328771,-4.2918954960850337
2222100,9859815.9285248052,-40995645.581332467,-3002.9502924805715,2989.3961040450949,719.08129904697353,-4.2901495325002497
2223000,12527114.966435429,-40260684.723646633,-6856.329731696118,2935.8074533467657,913.57903626623215,-4.2698225339909444
2223900,15140476.66303766,-39352383.105202861,-10683.077067251143,2869.5783465191748,1104.1447072795008,-4.2309855676242201
2224800,17688648.827425506,-38274650.248661213,-14466.595162658867,2790.9938051943113,1289.9577334145858,-4.1737892661119504
2225700,20160659.83436767,-37032125.254787661,-18190.458049111399,2700.3920632171089,1470.2179909035162,-4.0984632443115778
2226600,22545865.876905847,-35630156.834916987,-21838.481622111489,2598.1631102794781,1644.1492574129798,-4.0053151835315512
2227500,24833996.807390451,-34074780.286853693,-25394.793366143676,2484.7470126179151,1811.0025554360527,-3.8947295881859185
2228400,27015200.369523667,-32372691.513545439,-28843.900815057164,2360.6320180702746,1970.0593781618395,-3.7671662207055476
2229300,29080084.630963147,-30531218.196577568,-32170.758461740956,2226.3524537095773,2120.6347839618397,-3.6231582219161012
2230200,31019758.433836631,-28558288.248755842,-35360.832837720147,2082.486425155987,2262.0803462121853,-3.4633099253236721
2231100,32825869.689090241,-26462395.681715187,-38400.1654914229,1929.6533275088491,2393.7869458061132,-3.2882943748974127
2232000,34490641.349902377,-24252564.035568148,-41275.433602979989,1768.5111786358159,2515.1873943975711,-3.0988505569939444
2232900,36006904.909398079,-21938307.528043065,-43974.007983436692,1599.7537863028519,2625.7588771511132,-2.8957803580233521
2233800,37368131.27855143,-19529590.090317082,-46484.008217086397,1424.1077613249863,2725.0252045515163,-2.6799452603039886
2234700,38568458.911418714,-17036782.465785772,-48794.354717177644,1242.3293895609845,2812.5588636450925,-2.452262789290665
2235600,39602719.056655474,-14470617.556293994,-50894.817477402918,1055.2013761640637,2887.9828599398343,-2.2137027259876723
2236500,40466458.026585139,-11842144.207850952,-52776.061314250161,863.52947603391112,2950.9723420796931,-1.965283098879965
2237400,41155956.387856647,-9162679.6345377136,-54429.687408396385,668.13902489149314,3001.2560023259634,-1.7080659701423182
2238300,41668244.990900323,-6443760.6851629689,-55848.270966768374,469.87138581648685,3038.6172468226232,-1.4431530312335463
2239200,42001117.768913336,-3697094.1622100095,-57025.394840625369,269.58032644679247,3062.8951305893352,-1.1716810232729111
2240100,42153141.250925086,-934506.40672610234,-57955.678948994566,68.128342339695195,3073.9850531726238,-0.89481699785647939
2241000,42123660.747555278,1832107.63398281,-58634.80537099958,-133.61705776589514,3071.8392118896077,-0.61375343423602002
2241900,41912803.182327367,4590835.6366870757,-59059.538985085674,-334.78708886800985,3056.4668106166923,-0.32970322908857413
2242800,41521476.555784248,7329799.2100527491,-59227.743547916332,-534.51543276625557,3027.9340231050892,-0.043894575490321552
2243700,40951366.044112481,10037205.058950365,-59138.393120884582,-731.94197118432589,2986.3637108429407,0.24243425178965952
2244600,40204926.748461276,12701395.784745146,-58791.578767866617,-926.2164928731421,2931.9348965273552,0.52804018690933918
2245500,39285373.125581965,15310900.102488194,-58188.510464191851,-1116.5023586939797,2864.8819952554159,0.81168072089901488
2246400,38196665.144755065,17854482.258296642,-57331.514173970405,-1301.9801088246304,2785.4938065878996,1.0921192873414958
2247300,36943491.23015286,20321190.433517646,-56224.024071066691,-1481.8509964437224,2694.1122716789632,1.3681306650229121
2248200,35531248.061744399,22700403.926509153,-54870.569898278794,-1655.3404325299518,2591.131000695279,1.6385063754732285
2249100,33966017.321523428,24981878.908030353,-53276.759479785913,-1821.7013267651337,2476.9935767641487,1.9020600519061301
2250000,32254539.485165004,27155792.552300237,-51449.256423713327,-1980.2173099531158,2352.191643686836,2.15763275463588
2250900,30404184.772128329,29212785.352734681,-49395.753074717883,-2130.2058238606637,2217.2627856250406,2.404098206682256
2251800,28422921.379659265,31144001.439185627,-47124.938800714044,-2271.021064950703,2072.788207909171,2.6403679220722513
2252700,26319281.13804302,32941126.722149197,-44646.463723048058,-2402.0567691111955,1919.3902290206011,2.8653961984116831
2253600,24102322.735754624,34596424.69884707,-41970.898025298957,-2522.7488251820755,1757.7295946601837,3.0781849447290388
2254500,21781592.673794374,36102769.766275302,-39109.687002075276,-2632.5777058446865,1588.5026256257786,3.2777883154701879
2255400,19367084.11842227,37453677.897209197,-36075.102035252086,-2731.070705258905,1412.4382119765291,3.463317121907048
2256300,16869193.830669269,38643334.546700038,-32880.187710581813,-2817.8039737075451,1230.2946666557004,3.6339429931459453
2257200,14298677.359357646,39666619.668741845,-29538.705312027603,-2892.4043404300201,1042.8564523723296,3.7889022603812474
2258100,11666602.691868123,40519129.735463448,-26065.072954039802,-2954.5509167913629,850.93079610064513,3.9274995400015729
2259000,8984302.563512709,41197196.664348453,-22474.302632899686,-3003.9764729318872,655.34420604217462,4.0491109935552112
2259900,6263325.6320808399,41697903.572536625,-18781.934496834132,-3040.4685820702739,456.93890630635042,4.1531872453296996
2260800,3515386.7289002663,42019097.29114683,-15003.968650592848,-3063.8705276818632,256.56920490000232,4.2392559412942799
2261700,752316.40157664893,42159397.586714715,-11156.794823403608,-3074.0819698377727,55.097810873946372,4.3069239362828826
2262600,-2013990.0335633268,42118203.051189147,-7257.1202396091367,-3071.0593680628504,-146.60788334371699,4.3558790994518164
2263500,-4771623.7094066124,41895693.636411294,-3321.8960388604842,-3054.8161591454814,-347.67953829194329,4.3858917311338592
2264400,-7508713.4755199645,41492829.823542319,631.75740240350115,-3025.4226894044596,-547.25160633084272,4.3968155871484287
2265300,-10213476.994335985,40911348.43244426,4586.6258941600699,-2983.005901982543,-744.46505687722095,4.3885885093560804
2266200,-12874271.446234427,40153755.090490162,8525.4772467045586,-2927.74878078856,-938.47107200239861,4.3612326637263674
2267100,-15479643.62562158,39223313.394622445,12431.137123424363,-2859.8895537459607,-1128.4346965494042,4.3148543894031484
2268000,-18018379.212961465,38124030.81463328,16286.564584651187,-2779.7206590220121,-1313.5384271675427,4.2496436642012885
2268900,-20479551.01146828,36860641.399550982,20074.926980471395,-2687.5874789051727,-1492.9857249654228,4.1658731936684612
2269800,-22852565.941807635,35438585.362626389,23779.673857474074,-2583.8868469655918,-1666.0044368463236,4.0638971323207098
2270700,-25127210.593650363,33863985.633670911,27384.609552754209,-2469.0653350724692,-1831.850111009994,3.944149446942522
2271600,-27293695.139249694,32143621.480352376,30873.964157906248,-2343.6173277495668,-1989.8091925802617,3.8071419329652274
2272500,-29342695.421341874,30284899.312457602,34232.462546112991,-2208.0828922239652,-2139.202085846081,3.6534618959358767
2273400,-31265393.035569359,28295820.795034859,37445.391166658563,-2063.0454533608736,-2279.386070182592,3.4837695109924018
2274300,-33053513.236262046,26184948.407690767,40498.662323198463,-1909.1292834763792,-2409.7580573463538,3.2987948740964486
2275200,-34699360.503748886,23961368.59809136,43378.875664853862,-1746.9968177782334,-2529.757178512873,3.0993347595636598
2276100,-36195851.621372454,21634652.687865913,46073.376632625266,-1577.3458068996129,-2638.8671901427256,2.8862490991876046
2277000,-37536546.121002071,19214815.698595546,48570.311617719279,-1400.9063186600083,-2736.6186885225261,2.660457198988154
2277900,-38715673.967045061,16712273.274349982,50858.679603134129,-1218.43760180861,-2822.5911236263719,2.4229337103330608
2278800,-39728160.360696472,14137796.885281332,52928.380075240901,-1030.7248250765392,-2896.4146037795063,2.174704372884352
2279700,-40569647.558398314,11502467.504061058,54770.257008113782,-838.57570538285302,-2957.7714834760782,1.9168415475062153
2280600,-41236513.611153282,8817627.9534261115,56376.138739985945,-642.8170395032879,-3006.3977276041169,1.650459557934808
2281500,-41725887.944403403,6094834.1287564747,57738.873578416446,-444.2911539183209,-3042.0840462600554,1.3767098606456218
2282400,-42035663.71159061,3345805.3044144874,58852.360988518711,-243.85228790645905,-3064.6767952891669,1.0967760629546508
2283300,-42164506.868210472,582373.73651625682,59711.578236888017,-42.362925238060541,-3074.0786386636109,0.81186880994671662
2284200,-42111861.927097313,-2183566.2221408291,60312.602382631587,159.30990994692758,-3070.2489698030195,0.5232205613310823
2285100,-41877954.369783163,-4940109.2771173287,60652.627526101365,360.29837732854469,-3053.2040899499052,0.23208027977274415
2286000,-41463789.702997431,-7675390.3982189288,60729.977245500559,559.73754881316563,-3023.0171427299611,-0.060291947369199045
2286900,-40871149.163661383,-10377635.856790487,60544.112171418958,756.76912526885224,-2979.8178050516208,-0.35263033065374555
2287800,-40102582.090022832,-13035213.875576824,60095.63266948118,950.54512572978581,-2923.7917355261488,-0.64366882304478812
2288700,-39161394.990813278,-15636684.673834998,59386.276621594589,1140.2315333031938,-2855.1797826149832,-0.9321465636457299
2289600,-38051637.358433083,-18170849.692828417,58418.912316683534,1325.011882171103,-2774.276955731023,-1.2168132979907835
2290500,-36778084.286121108,-20626799.790192686,57197.52648221331,1504.090770303676,-2681.4311635309123,-1.4964347522280337
2291400,-35346215.962784566,-22993962.1959261,55727.20750815983,1676.6972827904694,-2577.0417246319726,-1.7697979386475591
2292300,-33762194.132594943,-25262146.027909901,54014.123935283547,1842.0883110500286,-2461.557656966128,-2.0357163702225578
2293200,-32032835.619537745,-27421586.170886796,52065.498299533319,1999.5517535960848,-2335.4757529397957,-2.293035162139498
2294100,-30165583.029782224,-29462985.32969908,49889.57644405184,2148.4095845189877,-2199.3384484990679,-2.5406359987009219
2295000,-28168472.756955124,-31377554.075284671,47495.592429489661,2288.0207763825933,-2053.731495099491,-2.7774419444870153
2295900,-26050100.427106179,-33157048.710420609,44893.729192075065,2417.7840648380002,-1899.2814444451376,-3.0024220792615242
2296800,-23819583.931289636,-34793806.791457295,42095.075117044413,2537.1405429142515,-1736.652956688516,-3.2145959368018056
2297700,-21486524.204204712,-36280780.15226502,39111.576712528506,2645.5760736602724,-1566.5459435669609,-3.4130377286208082
2298600,-19060963.917189796,-37611565.287278146,35955.987585730305,2742.6235105792557,-1389.6925586887367,-3.5968803344275502
2299500,-16553344.26300404,-38780430.961827286,32641.813939139036,2827.8647161136491,-1206.854047869183,-3.7653190421400722
2300400,-13974460.018212419,-39782342.929849088,29183.25681952557,2900.9323693026463,-1018.8174730502026,-3.9176150213172294
2301300,-11335413.076575566,-40612985.651506737,25595.151366480048,2961.5115546411089,-826.39232391171004,-4.0530985150092356
2302200,-8647564.6535964981,-41268780.916187786,21892.903320214005,3009.3411251154075,-630.40703179792831,-4.1711717362369347
2303100,-5922486.368259009,-41746903.289714649,18092.423060188448,3044.2148333735345,-431.70540103163216,-4.2713114565916799
2304000,-3171910.4129774333,-42045292.318345688,14210.057456784842,3065.9822259996495,-231.14297307269968,-4.3530712757954282
2304900,-407679.02683832683,-42162661.436202772,10262.519827651442,3074.5492969022025,-29.583339291201156,-4.4160835624681658
2305800,2358306.5096690594,-42098503.537068546,6266.818298481071,3069.8788968849408,172.10558163242277,-4.4600610578105426
2306700,5114137.1380823962,-41853093.185989477,2240.1828747647783,3051.9908975462272,373.05528549850749,-4.4847981354158248
2307600,7847947.3220241498,-41427485.460732646,-1800.0084635191133,3020.9621087387477,572.40042729459856,-4.4901717119696238
2308500,10547966.162155807,-40823511.427806467,-5836.3043283103698,2976.9259499132709,769.28255252213069,-4.476141805169795
2309400,13202568.105078913,-40043770.272401676,-9851.2548324115305,2920.0718767609619,962.85379890505465,-4.4427517367932268
2310300,15800323.026995227,-39091618.11616911,-13827.486521273346,2850.6445656531141,1152.2805523745233,-4.3901279804425366
2311200,18330045.475670788,-37971153.571158536,-17747.777008225778,2768.9428594492874,1336.7470414310592,-4.3184796551132072
2312100,20780842.857938524,-36687200.09243045,-21595.128995506479,2675.3184792991165,1515.4588542667161,-4.2280976673211157
2313000,23142162.364602659,-35245285.2057551,-25352.843366617748,2570.1745080938949,1687.6463633828289,-4.1193535061109596
2313900,25403836.430152014,-33651616.700365461,-29004.591040132036,2453.9636522261899,1852.5680428618464,-3.9926976968170123
2314800,27556126.531120095,-31913055.889872991,-32534.483281033368,2327.1862892840627,2009.5136639417406,-3.8486579209581588
2315700,29589765.134215299,-30037088.057126567,-35927.140172986743,2190.3883102362465,2157.8073550954787,-3.6878368111079474
2316600,31495995.613447763,-28031790.210940704,-39167.756963517408,2044.158765551475,2296.8105134324569,-3.5109094309763567
2317500,33266609.964359786,-25905796.294186018,-42242.168003895902,1889.127325535092,2425.9245549098405,-3.3186204522619072
2318400,34893984.15308091,-23668259.993674114,-45136.908016490663,1725.9615659555186,2544.5934915651983,-3.1117810410694515
2319300,36371110.948229119,-21328815.312534843,-47839.270434387108,1555.3640907691581,2652.3063247534405,-2.8912654678301846
2320200,37691630.094617844,-18897535.075335637,-50337.362571088997,1378.069504432209,2748.599244186174,-2.6580074556958335
2321100,38849855.699252136,-16384887.544992581,-52620.157392016023,1194.8412469095897,2833.0576234258715,-2.4129962832994232
2322000,39840800.712153904,-13801691.338538226,-54677.541674183063,1006.4683050531332,2905.3178033758863,-2.1572726585733348
2322900,40660198.397091486,-11159068.836012959,-56500.360355779696,813.76181452223329,2965.0686562260294,-1.8919243809851936
2323800,41304520.700246431,-8468398.2831098121,-58080.456893245078,617.55156685942745,3012.052923257675,-1.6180818100903673
2324700,41770993.438176565,-5741264.7937059291,-59410.709459734862,418.68243671062646,3046.0683208780351,-1.3369131587065162
2325600,42057608.240071326,-2989410.4630399868,-60485.062835486504,218.01074449473302,3066.9684102363472,-1.0496196292939008
2326500,42163131.193188027,-224683.80602975283,-61298.555857394604,16.400570080378998,3074.66322677157,-0.75743041228386443
2327400,42087108.154450633,2541011.2619432784,-61847.344312006768,-185.27996678123608,3069.1196670482614,-0.46159756515004552
2328300,41829866.705429405,5295766.6825321354,-62128.719173055521,-386.16244338852437,3050.3616312515046,-0.16339079098186521
2329200,41392514.742246725,8027721.5299473265,-62141.120101485416,-585.38187243888854,3018.4699207300469,0.135907864777635
2330100,40776935.706315294,10725113.084155399,-61884.144142672958,-782.08042583913459,2973.5818909964664,0.43500938089682262
2331000,39985780.476157025,13376327.482230414,-61358.549572158168,-975.41112807280717,2915.8908616116519,0.73262317181668757
2331900,39022455.954818256,15969949.730077218,-60566.254857730077,-1164.5415033327008,2845.6452853955134,1.0274625256862797
2332800,37891110.401536323,18494812.859397389,-59510.332722188708,-1348.6571607995845,2763.1476804142685,1.3182500506546182
2333700,36596615.570269339,20940046.018324666,-58194.999307632919,-1526.9653026816991,2668.7533291940899,1.603723110988114
2334600,35144545.731419533,23295121.288606878,-56625.598458817003,-1698.698139924295,2562.8687505986682,1.8826392343211311
2335500,33541153.666506745,25549899.027544316,-54808.5811601229,-1863.1162008549099,2445.9499507811774,2.153781470915809
2336400,31793343.73862559,27694671.539094992,-52751.480178166974,-2019.5115184488557,2318.5004605758713,2.4159636851993072
2337300,29908642.154191855,29720204.885607511,-50462.879980156082,-2167.2106823809568,2181.0691676272031,2.6680357590707851
2338200,27895164.543693956,31617778.659520332,-47952.382016967022,-2305.5777425742403,2034.24795246074,2.9088886855576437
2339100,25761581.000856854,33379223.54304656,-45230.565479647456,-2434.0169515639432,1878.6691385755516,3.1374595304003527
2340000,23517078.730742335,34996956.493315622,-42308.943658674682,-2551.975333665308,1715.0027674770722,3.352736238127755
2340900,21171322.467795536,36464013.400632739,-39199.916056838665,-2658.9450696649474,1543.9537103673645,3.5537622582362096
2341800,18734412.834648255,37774079.07840395,-35916.716428931992,-2754.4656865461438,1366.2586289605642,3.7396409663027903
2342700,16216842.821553264,38921514.454813778,-32473.356944339095,-2838.1260426054755,1182.6827985895045,3.9095398543446356
2343600,13629452.574600969,39901380.848484576,-28884.568691837841,-2909.5660992180133,994.01680740947006,4.0626944645776746
2344500,10983382.688315183,40709461.223036379,-25165.738769098112,-2968.478471456423,801.0731460815133,4.1984120410077379
2345400,8290026.2047969289,41342278.328644134,-21332.844222062133,-3014.609750760299,604.68270282592789,4.3160748740625641
2346300,5560979.5272484254,41797109.652292415,-17402.383121158051,-3047.7615938799095,405.69117917213589,4.4151433147734966
2347200,2807992.4604337164,42071999.112389036,-13391.303081659413,-3067.791573376534,204.95544209098017,4.4951584368358146
2348100,42917.594393232372,42165765.447648898,-9316.9275540040089,-3074.6137860427466,3.3398284766505526,4.5557443271822411
2349000,-2722340.7494901423,42078007.264626347,-5196.8802261166547,-3068.1992167030071,-198.28758185344469,4.5966099884286677
2349900,-5475877.789187327,41809104.722886145,-1049.0078934036715,-3048.5758559605283,-399.05870835227108,4.6175508396063671
2350800,-8205839.5478032902,41360217.851486661,3108.697837149738,-3015.8285715634102,-598.10921080202866,4.6184498048760956
2351700,-10900473.89296487,40733281.505132176,7258.1796345978628,-2970.0987341646264,-794.58221294998066,4.5992779833157513
2352600,-13548181.129528467,39930996.982963465,11381.393944503827,-2911.5835993402561,-987.63199255061716,4.5600948962749079
2353500,-16137563.927481858,38956820.347428247,15460.390521738538,-2840.5354488024495,-1176.4276218364805,4.5010483120981801
2354400,-18657476.370031193,37814947.494938761,19477.391616334717,-2757.260494792697,-1360.1565427052672,4.4223736511515135
2355300,-21097071.910913073,36510296.044019423,23414.870437083988,-2662.1175526623606,-1538.0280612451777,4.3243929769780785
2356200,-23445850.034925833,35048484.120312832,27255.628524006046,-2555.5164876369313,-1709.276746620294,4.2075135820219325
2357100,-25693701.42150281,33435806.131089378,30982.871669475669,-2437.9164427145311,-1873.1657197994232,4.0722261786671137
2358000,-27830951.417821109,31679205.6347409,34580.284038391132,-2309.8238555646576,-2028.98981813156,3.9191027083453798
2358900,-29848401.635415174,29786245.423081744,38032.100150038219,-2171.7902731674121,-2176.0786223452328,3.7487937831804992
2359800,-31737369.492507849,27765074.946083464,41323.174397995645,-2024.4099737640458,-2313.7993331739026,3.5620257760855472
2360700,-33489725.53324214,25624395.219888307,44439.04779931518,-1868.3174064746581,-2441.5594854817355,3.3595975764432056
2361600,-35097928.364652649,23373421.369540803,47366.011680096548,-1704.1844596764006,-2558.8094884800958,3.1423770295133431
2362500,-36555057.062513158,21021842.967807867,50091.168021300604,-1532.7175699239851,-2665.0449813817036,2.9112970785615575
2363400,-37854840.908091366,18579782.340690948,52602.486206070127,-1354.6546838321801,-2759.8089946334012,2.6673516294202404
2364300,-38991686.329287246,16057751.018736741,54888.855927851597,-1170.7620859259368,-2842.6939076967278,2.4115911578086822
2365200,-39960700.931580022,13466604.520995922,56940.136037151504,-981.83110599655379,-2913.343195205045,2.1451180802744454
2366100,-40757714.516613215,10817495.665436346,58747.199123754319,-788.67471998067617,-2971.4529542136675,1.8690819100935769
2367000,-41379296.999056369,8121826.6057629827,60301.971650628933,-592.12405880181063,-3016.7732061724528,1.5846742198943453
2367900,-41822773.145547122,5391199.7999111898,61597.469475515754,-393.02483998043419,-3049.1089681855537,1.29312343315768
2368800,-42086234.072986238,2637368.1199435177,62627.828616285944,-192.23373712765783,-3068.3210890774953,0.99568946710009154
2369700,-42168545.457178541,-127815.68332278263,63388.331136565343,9.3852973120241927,-3074.326846755484,0.69365824976308432
2370600,-42069352.416732565,-2892449.9449131545,63875.426048786794,210.9647405119409,-3067.1003043416981,0.38833613441477427
2371500,-41789081.051196501,-5644635.2616465697,64086.74515274135,411.63722321986012,-3046.672423543228,0.081044234610227084
2372400,-41328936.626564436,-8372525.6606393252,64021.113748802331,610.5392534602571,-3013.1309347281504,-0.22688729654762016
2373300,-40690898.415479861,-11064379.541534694,63678.556186252339,806.81492421220685,-2966.6199641806679,-0.53412501926118483
2374200,-39877711.213638067,-13708610.174509343,63060.296228503386,999.61958934385837,-2907.3394200131488,-0.83933796823473106
2375100,-38892873.567990117,-16293835.537888654,62168.752238408582,1188.1234921969676,-2835.5441392148186,-1.1412033984219576
2376000,-37740622.766323425,-18808927.281883482,61007.527208260537,1371.5153313891603,-2751.5427993124845,-1.4384124915808574
2376900,-36425916.651581213,-21243058.608533278,59581.39368039104,1549.005748637416,-2655.696599104439,-1.7296760000159745
2377800,-34954412.337831184,-23585750.862394135,57896.273625459027,1719.8307237036042,-2548.4177139011713,-2.0137298040920535
2378700,-33332441.918045856,-25826918.631832074,55959.213366465017,1883.2548619213944,-2430.1675316619439,-2.2893403603910651
2379600,-31566985.26675979,-27956913.166954383,53778.353657183063,2038.5745601830229,-2301.4546773511174,-2.5553100177600889
2380500,-29665640.053167097,-29966563.927214831,51362.895043975972,2185.1210377435241,-2162.8328337484586,-2.8104821789631518
2381400,-27636589.09226289,-31847218.079538755,48723.058659773742,2322.2632187382123,-2014.8983678297436,-3.0537462862075899
2382300,-25488565.173162308,-33590777.776403613,45870.042618265907,2449.4104539052501,-1858.2877726838876,-3.2840426094661406
2383200,-23230813.514698628,-35189735.052649297,42815.974195001472,2566.0150696576479,-1693.6749357466083,-3.5003668172601943
2384100,-20873052.008757733,-36637204.189845853,39573.858000021537,2671.5747333563008,-1521.7682449043309,-3.7017743104068614
2385000,-18425429.421501752,-37926951.407776259,36157.520363785836,2765.6346243956173,-1343.3075447516458,-3.8873843001620125
2385900,-15898481.731623339,-39053421.753957562,32581.550174413034,2847.7894015236029,-1159.0609559671987,-4.0563836132115183
2386800,-13303086.793009695,-40011763.074079216,28861.236419555953,2917.6849576762052,-969.82157140252343,-4.2080302070704487
2387700,-10650417.51664073,-40797846.958735153,25012.502700498339,2975.0199545081841,-776.40404305216441,-4.3416563806429371
2388600,-7951893.7731601195,-41408286.574813835,21051.838999215383,3019.5471297463332,-579.64107458786634,-4.4566716659684156
2389500,-5219133.2233060747,-41840451.303332828,16996.230991115266,3051.0743714716336,-380.37983459109637,-4.5525653885298158
2390400,-2463901.2882386846,-42092478.119303927,12863.087206906863,3069.4655544506873,-179.47830600344841,-4.6289088849195208
2391300,301939.52427443722,-42163279.663329862,8670.1643564588685,3074.6411346789064,22.198412369358948,-4.6853573681439693
2392200,3066480.7188767469,-42052548.969001412,4435.4911355724653,3066.5784993635298,223.78183621981555,-4.7216514323910692
2393100,5817819.1158999689,-41760760.824717842,177.29084323416873,3045.3120706582604,424.40384171685355,-4.7376181906783366
2394000,8544108.1369274277,-41289169.763227366,-4086.0968578940642,3010.9331625576556,623.20041075498,-4.7331720404359787
2394900,11233608.850634519,-40639804.686908759,-8336.2947012887744,2963.5895914625289,819.31535911184301,-4.7083150537497636
2395800,13874740.557854373,-39815460.151519589,-12554.966758037976,2903.485042031572,1011.9040312121676,-4.6631369906840057
2396700,16456130.696765497,-38819684.345752515,-16723.897220675786,2830.8781910330504,1200.1369453344569,-4.5978149358159062
2397600,18966663.852031004,-37656763.818396561,-20825.068690971701,2746.0815929975938,1383.2033733130484,-4.5126125598293347
2398500,21395529.65562268,-36331705.019126758,-24840.739635702135,2649.4603325426779,1560.3148390810172,-4.4078790097279636
2399400,23732269.37191952,-34850212.732874855,-28753.52067840087,2541.430449285273,1730.7085207674804,-4.2840474329252451
2400300,25966820.96545475,-33218665.501298167,-32546.449400571502,2422.4571422754198,1893.6505415039501,-4.1416331421400434
2401200,28089562.456369337,-31444088.137999669,-36203.063332820049,2293.0527618645797,2048.4391346057191,-3.981231429662877
2402100,30091353.376178809,-29534121.456797689,-39707.470824793287,2153.7745978630596,2194.4076693726356,-3.8035150411465404
2403000,31963574.144835405,-27496989.344439454,-43044.419492640911,2005.2224737357526,2330.9275243952202,-3.6092313206069662
2403900,33698163.199225992,-25341463.320644286,-46199.361953901353,1848.0361574302774,2457.4107959527682,-3.3991990397846705
2404800,35287651.713140875,-23076824.739198525,-49158.518572176486,1682.8926002223186,2573.312829845202,-3.1743049264038818
2405700,36725195.759329304,-20712824.793957897,-51908.93694763571,1510.5030156960604,2678.1345658052378,-2.9354999071654277
2406600,38004605.775470808,-18259642.503002182,-54438.547904190375,1331.6098116501321,2771.4246844866693,-2.6837950825114927
2407500,39120373.207682081,-15727840.852793677,-56736.217740015403,1146.9833883290205,2852.7815479131341,-2.4202574512953139
2408400,40067694.2174889,-13128321.291982338,-58791.796524864512,957.41881692473055,2921.854925194194,-2.1460054044690913
2409300,40842490.350963771,-10472276.771448128,-60596.162245222156,763.732412772261,2978.3474962667556,-1.8622040077596025
2410200,41441426.081901118,-7771143.5332520008,-62141.260616644809,566.75821807462739,3022.0161273944454,-1.5700600940268084
2411100,41861923.154414833,-5036551.856361784,-63420.140401544959,367.34440933839164,3052.6729131506931,-1.270817186589063
2412000,42102171.664136052,-2280275.9713139618,-64426.984090038255,166.3496449793343,3070.1859806179818,-0.96575027524520507
2412900,42161137.83120323,485816.64064356638,-65157.133821178191,-35.360631229448103,3074.4800525516812,-0.65616046702499076
2413800,42038568.432413124,3249816.3459153916,-65607.112441811449,-236.91791504704187,3065.5367672777802,-0.34336953385456059
2414700,41734991.874181516,5999822.6348691843,-65774.63962027138,-437.4543790879805,3043.3947541159296,-0.028714379335286699
2415600,41251715.902290538,8723995.3559045158,-65658.642952057751,-636.1066066540053,3008.149464139035,0.2864585532932421
2416500,40590821.958718553,11410605.687378509,-65259.264014409317,-832.01930618862957,2959.9527570951045,0.60079891019083886
2417400,39755156.210105762,14048086.628683696,-64577.859346150231,-1024.3489905679637,2899.012246323392,0.91295807151025721
2418300,38748317.286549926,16625082.793871209,-63616.996348288871,-1212.2676055986351,2825.5904044926301,1.2215947905669486
2419200,37574640.783400744,19130499.294200815,-62380.444119492437,-1394.9660923080248,2740.0034339721165,1.5253808071405737
2420100,36239180.592476979,21553549.499865878,-60873.159258704029,-1571.6578678824853,2642.6199066144577,1.8230064150384033
2421000,34747687.142618187,23883801.475871533,-59101.266684789705,-1741.582210434849,2533.8591786800148,2.1131859646310382
2421900,33106582.64265237,26111222.892622605,-57072.035540213183,-1904.0075331629637,2414.1895875654423,2.3946632816183255
2422800,31322933.432663914,28226224.218185484,-54793.850262382941,-2058.2345338958403,2284.1264379100876,2.6662169837595004
2423700,29404419.561832961,30219700.006406378,-52276.176922580693,-2203.599206513225,2144.2297855421434,2.9266656776693725
2424600,27359301.723039817,32083068.103073817,-49529.52494837519,-2339.475701268068,1995.1020285886675,3.1748730180089839
2425500,25196385.685836151,33808306.601082481,-46565.404361288463,-2465.2790216395779,1837.385315906924,3.4097526114616188
2426400,22924984.380230252,35387988.385060079,-43396.278677367751,-2580.467545997366,1671.7587837956412,3.6302727477718317
2427300,20554877.793967005,36815313.116128899,-40035.513634381801,-2684.5453630644711,1498.9356327097955,3.8354609398416066
2428200,18096270.855555523,38084136.518354245,-36497.321925749486,-2777.0644109283339,1319.660056427211,4.0244082544474384
2429100,15559749.484160811,39188996.839944758,-32796.704138135989,-2857.6264101631691,1134.7040367949351,4.1962734146083687
2430000,12956234.995582884,40125138.374372177,-28949.386106982467,-2925.8845824929581,944.8640178130338,4.3502866540610512
2430900,10296937.06085222,40888531.939222746,-24971.752922072123,-2981.5451473393446,750.95747338799788,4.4857533037626149
2431800,7593305.4204314938,41475892.223727651,-20880.779833502442,-3024.3685895597064,553.81938360210438,4.6020570899367161
2432700,4856980.5625903783,41884691.92948854,-16693.960326970966,-3054.1706926837205,354.29863479382095,4.6986631229980009
2433600,2099743.5791772604,42113172.642855465,-12429.231655845584,-3070.8233329968216,153.25435912279573,4.7751205568279946
2434500,-666534.58428187482,42160352.391663425,-8104.8981357557923,-3074.2550308903324,-48.447770403064681,4.8310648984108582
2435400,-3429944.2644965369,42026029.85352087,-3739.5525250229452,-3064.4512569941362,-249.93927323516453,4.8662199488310902
2436300,-6178588.3809404327,41710785.19749783,648.00416928540153,-3041.4544917214598,-450.35260657836648,4.8803993581200489
2437200,-8900633.6788711231,41215977.55580879,5038.8441049841167,-3005.3640379789913,-648.82490626170033,4.8735077784172054
2438100,-11584361.693000674,40543739.136850893,9413.9948704750441,-2956.3355879213141,-844.50170679742007,4.8455416023553388
2439000,-14218219.211273145,39696966.005666159,13754.522224393306,-2894.5805457486749,-1036.54062434554,4.796589276428108
2439900,-16790868.020503096,38679305.572472863,18041.612923249882,-2820.3651096536273,-1224.1149864887589,4.726831182268751
2440800,-19291233.718914695,37495140.844281793,22256.657246274241,-2734.0091171078193,-1406.4173929907088,4.6365390821591257
2441700,-21708553.384871557,36149571.508708008,26381.330824918841,-2635.8846587382732,-1582.6631920558248,4.52607512858778
2442600,-24032421.896275662,34648391.932838865,30397.675385902421,-2526.4144670667752,-1752.093857028111,4.3958904411740489
2443500,-26252836.701206125,32998066.17336094,34288.178021193009,-2406.0700873709552,-1913.9802489544322,4.2465232576687519
2444400,-28360240.847328387,31205700.107021138,38035.848605828745,-2275.3698388666662,-2067.6257509910197,4.0785966689435025
2445300,-30345564.085389599,29279010.802844986,41624.294994740201,-2134.8765753043854,-2212.3692612447003,3.8928159508202937
2446200,-32200261.87068231,27226293.269306295,45037.795642512487,-1985.195254914375,-2347.5880313078937,3.6899655082234428
2447100,-33916352.095658645,25056384.720790088,48261.369305017644,-1826.9703304237867,-2472.7003384635823,3.4709054494308402
2448000,-35486449.396862172,22778626.518172268,51280.841498751251,-1660.8829706017575,-2587.1679802982962,3.2365678101544226
2448900,-36903796.889963441,20402823.948117625,54082.907412218075,-1487.6481254645541,-2690.4985812628229,2.9879524488008977
2449800,-38162295.19788672,17939204.014737524,56655.190983539789,-1308.0114478908922,-2782.2477015573036,2.726122635576
2450700,-39256528.648746639,15398371.425521651,58986.299879340222,-1122.7460849571532,-2862.0207395852467,2.4522003591308672
2451600,-40181788.53252203,12791262.96093696,61065.876131666519,-932.64935280295845,-2929.4746201156981,2.1673613752436629
2452500,-40934093.318026848,10129100.423750576,62884.642212028455,-738.53930927929309,-2984.3192612105913,1.8728300226212395
2453400,-41510205.744741738,7423342.369961407,64434.442344416748,-541.25123901412633,-3026.3188139115091,1.5698738313303675
2454300,-41907646.717391267,4685634.828202717,65708.278882259881,-341.63406585429652,-3055.2926696334566,1.259797949659277
2455200,-42124705.944738619,1927761.2185908877,66700.343597589599,-140.54670790753971,-3071.1162311795943,0.94393941539484061
2456100,-42160449.277868204,-838408.3147655786,67406.043754123428,61.145609384953559,-3073.7214442672403,0.62366129760249711
2457000,-42014722.717185058,-3600967.9410261838,67822.02285947121,262.57506656691504,-3063.0970874389654,0.30034673503100012
2457900,-41688153.071425565,-6348027.331607936,67946.176015177698,462.87497420780562,-3039.2888192205869,-0.024607102754730881
2458800,-41182145.266094096,-9067762.7822853234,67777.659806779659,661.18349196561871,-3002.3989823775687,-0.34979510547570108
2459700,-40498876.312863573,-11748468.050093483,67316.896699443445,856.6473269971666,-2952.5861661102349,-0.67381033754803243
2460600,-39641285.965551451,-14378604.687927375,66565.573928018654,1048.4253961249931,-2890.0645280135946,-0.99525015302397202
2461500,-38613064.102255337,-16946851.661814246,65526.636893455812,1235.6924363112967,-2815.102878606895,-1.3127222844865858
2462400,-37418634.887051702,-19442154.038798824,64204.277100449741,1417.6425481879905,-2728.0235322085659,-1.6248508805658815
2463300,-36063137.778276399,-21853770.537211232,62603.9146938388,1593.492657648068,-2629.2009288912891,-1.9302824670432142
2464200,-34552405.463764012,-24171319.735775318,60732.175673663703,1762.4858808166903,-2519.0600331966325,-2.2276918068681946
2465100,-32892938.816474367,-26384824.743545212,58596.86389081322,1923.8947780905567,-2398.0745162161943,-2.515787634833857
2466000,-31091878.976627007,-28484756.139014147,56206.927946797601,2077.0244833609468,-2266.764728553374,-2.7933182431463677
2466900,-29156976.678747237,-30462072.99390186,53572.423142329295,2221.2156950188401,-2125.6954725635851,-3.0590768946902598
2467800,-27096558.953850757,-32308261.805072483,50704.468639986582,2355.8475158792398,-1975.4735831275902,-3.3119070414330549
2468700,-24919493.348307304,-34015373.166738659,47615.200026216167,2480.3401297554728,-1816.7453270392737,-3.550707326138268
2469600,-22635149.811678518,-35576056.024540037,44317.71747722062,2594.1573030618893,-1650.1936318818671,-3.7744363463654822
2470500,-20253360.415973552,-36983589.363213763,40826.029751799128,2696.8087005238194,-1476.5351560217996,-3.9821171606328698
2471400,-17784377.078260373,-38231911.190365195,37154.994251885342,2787.8520048253963,-1296.5172120630575,-4.172841517602059
2472300,-15238827.467366192,-39315644.690260127,33320.253408276389,2866.8948308270751,-1110.9145567733563,-4.345773790217903
2473200,-12627669.28345358,-40230121.43355231,29338.167664792309,2933.5964258331883,-920.52606111260843,-4.5001545978956594
2474100,-9962143.1065276358,-40971401.54138644,25225.745348767501,2987.6691482831211,-726.17127456018443,-4.6353041010938272
2475000,-7253724.0163758006,-41536290.715326987,21000.569729279778,3028.8797181746404,-528.68689844643552,-4.7506249539394174
2475900,-4514072.1920288717,-41922354.058004655,16680.723576794604,3057.0502335011797,-328.92318344216517,-4.8456049019806295
2476800,-1754982.703527139,-42127926.62318819,12284.711548872734,3072.0589479925743,-127.74026674350964,-4.9198190136246422
2477700,1011665.287449881,-42152120.648120426,7831.3807361939853,3073.840806486588,73.995535194226264,-4.9729315353706474
2478600,3773959.6987030227,-41994829.435341358,3339.8397113283991,3062.3877353218099,275.41546227497673,-5.0046973625634639
2479500,6520006.8491330296,-41656727.865792945,-1170.6235706150214,3037.7486862260357,475.6520584620057,-5.014963119064328
2480400,9237982.7087308541,-41139269.539692789,-5680.6246651588008,3000.0294332725516,673.84291519311591,-5.003667840954356
2481300,11916183.854922418,-40444680.556407861,-10170.765967536307,2949.3921235839989,869.13439412597563,-4.9708432611443847
2482200,14543077.914362825,-39575949.95928479,-14621.720117758205,2886.0545835736139,1060.6853128889302,-4.9166136935527103
2483100,17107353.271384388,-38536816.886028334,-19014.313121352439,2810.2893836202943,1247.6705776524784,-4.8411955173201431
2484000,19597967.827404097,-37331754.479693457,-23329.606826703748,2722.422665170719,1429.2847465559353,-4.7448962633488661
2484900,22004196.599677775,-35965950.629596747,-27548.980402794565,2622.8327353421023,1604.7455083220273,-4.6281133072679008
2485800,24315677.952832103,-34445285.625390448,-31654.210465654567,2511.9484351566816,1773.2970607680277,-4.491332174731868
2486700,26522458.262589026,-32776306.821106479,-35627.549507946023,2390.2472885672869,1934.213374373614,-4.3351244667407292
2487600,28615034.817989897,-30966200.419103522,-39451.80229381971,2258.253440426211,2086.8013265903151,-4.1601454144150711
2488500,30584396.776195422,-29022760.496470928,-43110.399890437264,2116.535392501165,2230.4036931720448,-3.9671310743635289
2489400,32422063.992541634,-26954355.408499334,-46587.471018324068,1965.703547546879,2364.4019834669803,-3.7568951774254611
2490300,34120123.557927698,-24769891.715260912,-49867.910414938371,1806.4075722937732,2488.2191073336289,-3.5303256451528089
2491200,35671263.885749467,-22478775.788098849,-52937.443919453122,1639.3335910115136,2601.3218621235505,-3.288380789900295
2492100,37068806.201420411,-20090873.262856979,-55782.690001675226,1465.2012220411707,2703.2232290046813,-3.0320852158135758
2493000,38306733.298983455,-17616466.515942171,-58391.217474191901,1284.7604703616546,2793.4844687770205,-2.7625254393314171
2493900,39379715.441353433,-15066210.347764969,-60751.599144147302,1098.7884898613465,2871.7170082508928,-2.4808452490428339
2494800,40283133.293280758,-12451086.065714413,-62853.46117941953,908.086229522248,2937.584109211175,-2.1882408258549235
2495700,41013097.789128132,-9782354.1655616816,-64687.527983286833,713.47497818998386,2990.8023129729145,-1.8859556454253896
2496600,41566466.8509413,-7071505.8160318164,-66245.662391833059,515.79282299780766,3031.1426545387089,-1.5752751856884812
2497500,41940858.886007152,-4330213.3562144665,-67520.901029234083,315.89103683612501,3058.4316413904166,-1.2575214630483258
2498400,42134663.007063426,-1570280.0194906597,-68507.48467756802,114.6304105112055,3072.551992981595,-0.93404742142410868
2499300,42147045.93249087,1196410.8992748114,-69200.883539780887,-87.122454581354319,3073.4431380373089,-0.60623119880205456
2500200,41977955.538117364,3957947.2143908199,-69597.81729678635,-288.49887733007745,3061.1014678096922,-0.27547029627582797
2501100,41628121.046633616,6702439.137763733,-69696.269882253808,-488.63183534421739,3035.5803444763187,0.05682432526387457
2502000,41099049.855001122,9418070.464737583,-69495.498921308041,-686.65969498988693,2996.9898648999915,0.38923419560018396
2502900,40393021.014567524,12093149.437657453,-68996.039801992025,-881.72991714548834,2945.4963809892424,0.72033930775213073
2503800,39513075.392836124,14716159.069032498,-68199.704370795807,-1073.0027229407024,2881.3217789055066,1.0487240878297495
2504700,38463002.559911333,17275806.708643176,-67109.574265695672,-1259.6547039465988,2804.7425203527159,1.3729833378015268
2505600,37247324.456508279,19761072.642287634,-65729.988921849654,-1440.8823615442197,2716.0884501556015,1.6917281273519937
2506500,35871275.91402293,22161257.514076751,-64066.528306233959,-1615.9055605132171,2615.7413752821776,2.0035916116968564
2507400,34340782.110460155,24466028.369245708,-62125.990457969936,-1783.9708822488012,2504.1334213920036,2.3072347530300132
2508300,32662433.058966119,26665463.120331086,-59916.3639307825,-1944.3548634327419,2381.7451738932441,2.6013519241831857
2509200,30843455.238261234,28750093.24624294,-57446.795252871336,-2096.3671064509758,2249.1036113668829,2.8846763740607697
2510100,28891680.486379065,30710944.541217584,-54727.551537409207,-2239.3532483654276,2106.7798400642373,3.1559855354418138
2511000,26815512.29073951,32539575.73884302,-51769.978393878868,-2372.6977758100661,1955.3866390027374,3.4141061567843449
2511900,24623889.618681405,34228114.845278338,-48586.453306526077,-2495.8266737904605,1795.5758259730526,3.6579192406881464
2512800,22326248.443106547,35769293.025412939,-45190.334661377863,-2608.2098970217271,1628.0354555262325,3.8863647726314952
2513700,19932481.127803445,37156475.896000013,-41595.906617625464,-2709.3636531415764,1453.4868607302749,4.0984462244572466
2514600,17452893.846282948,38383692.090719759,-37818.320032805677,-2798.8524878829694,1272.6815511687998,4.293234817809358
2515500,14898162.216528272,39445658.973645523,-33873.529664266898,-2876.2911630843469,1086.397980297194,4.4698735332843667
2516400,12279285.341897687,40337805.38966272,-29778.227882031122,-2941.3463192540489,895.43819587013672,4.6275808514472319
2517300,9607538.4554791581,41056291.352984428,-25549.77514052378,-2993.7379152884773,700.62438770479764,4.7656542120650434
2518200,6894424.371443117,41598024.587973177,-21206.127468896204,-3033.2404388694404,502.79534754185937,4.8834731779503935
2519100,4151623.9523345665,41960673.849967837,-16765.761251946638,-3059.6838820329167,302.80285620717905,4.9805022897141624
2520000,1390945.8057532953,42142678.967671618,-12247.595586048323,-3072.9544774063952,101.50801365552692,5.0562935975587875
2520900,-1375724.5725418832,42143257.562826268,-7670.9125070560785,-3072.9951916513869,-100.22247221035825,5.1104888560698543
2521800,-4136475.9894310143,41962408.417315222,-3055.275399851711,-3059.8059737170584,-301.52002181185998,5.1428213678712256
2522700,-6879422.8577950681,41600911.472438253,1579.5540881096376,-3033.4437566048332,-501.51792895958579,5.1531174620890532
2523600,-9592756.3904335219,41060324.459813327,6213.7002943727857,-2994.0222124558018,-699.35509832813102,5.1412975939146657
2524500,-12264795.462864242,40342976.178113356,10827.258603239727,-2941.7112618958722,-894.17975895423024,5.1073770522480277
2525400,-14884036.924680769,39451956.444563717,15400.38096352192,-2876.7363397000231,-1085.1531374532849,5.0514662635062582
2526300,-17439205.141502872,38391102.76473175,19913.361494039964,-2799.3774199585887,-1271.4530748156833,4.9737706812363198
2527200,-19919300.552920781,37164983.778557852,24346.72180017065,-2709.9678050369257,-1452.2775708956358,4.874590253186402
2528100,-22313647.036186881,35778879.554731652,28681.295618303961,-2608.8926837066833,-1626.8482410400916,4.7543184599452006
2529000,-24611937.870727282,34238758.819332793,32898.312401022777,-2496.5874648841632,-1794.4136697211766,4.6134409220991941
2529900,-26804280.104799639,32551253.218062416,36979.479454470318,-2373.5358944313475,-1954.2526465289297,4.4525335760058704
2530800,-28881237.132776558,30723628.724320702,40907.062240956577,-2240.2679634511346,-2105.6772704475288,4.2722604216361084
2531700,-30833869.29954261,28763754.31777462,44663.962464514123,-2097.3576174341338,-2248.0359089724006,4.0733708493920293
2532600,-32653772.357310865,26680068.069849089,48233.793564880965,-1945.4202764848119,-2380.7159993218806,3.8566965562438611
2533500,-34333113.609739266,24481540.783712484,51600.953256202942,-1785.1101776657356,-2503.1466797492444,3.6231480648460934
2534400,-35864665.588503525,22177637.346764345,54750.692760457372,-1617.1175512468958,-2614.8012397625994,3.3737108623954812
2535300,-37241837.118404023,19778275.963329725,57669.182401976701,-1442.1656433303926,-2715.1993789049438,3.109441178809182
2536200,-38458701.638589978,17293785.444182944,60343.573248212997,-1261.0075979377136,-2803.9092646284075,2.8314614262779902
2537100,-39510022.659515291,14734860.737634536,62762.054502710394,-1074.4232121968244,-2880.5493807092821,2.5409553243584457
2538000,-40391276.247736216,12112516.894192807,64913.906378807827,-883.21557874933467,-2944.7901585883119,2.2391627365000168
2538900,-41098670.443561837,9438041.6632357296,66789.548206542764,-688.20762991461663,-2996.3553849785676,1.9273742452701605
2539800,-41629161.529814199,6722946.9256838029,68380.581550248084,-490.23859849888674,-3035.0233800563465,1.6069254945638551
2540700,-41980467.083488151,3978919.1713385433,69679.828140136422,-290.16041042405971,-3060.6279415345771,1.2791913278001661
2541600,-42151075.755863696,1217769.233336085,70681.362447487976,-88.83402457509942,-3073.0590509092913,0.94557975155531659
2542500,-42140253.740560003,-1548618.5049435447,71380.538759677016,112.87426457306438,-3072.2633391644326,0.60752575430155564
2543400,-41948047.903075799,-4308337.2131756665,71774.012638001877,314.09654588560727,-3058.2443102155271,0.2664850099539337
2544300,-41575285.559481926,-7049508.8091624063,71859.756667972106,513.96701634777969,-3031.062321365795,-0.076072504190405038
2545200,-41023570.906066433,-9760335.0270316079,71637.07043823479,711.62569600137908,-2990.8343210367043,-0.41866894577151081
2546100,-40295278.115829028,-12429148.140596412,71106.584710594019,906.22211741423871,-2937.7333450164724,-0.75982507292371482
2547000,-39393541.131731138,-15044461.125466403,70270.259769521057,1096.9189741843859,-2871.9877734425427,-1.0980667084500266
2547900,-38322240.200479142,-17595017.045929048,69131.377965109234,1282.895713159985,-2793.8803516956018,-1.4319311744511856
2548800,-37085985.204304725,-20069837.455908053,67694.530488549164,1463.352055289306,-2703.7469793312539,-1.7599736697531381
2549700,-35690095.861658581,-22458269.607439924,65965.598443846466,1637.5114303011376,-2601.9752721091454,-2.0807735630263338
2550600,-34140578.880904771,-24750032.265077874,63951.72830363729,1804.6243107548812,-2489.0029030960195,-2.392940575081786
2551500,-32444102.163945746,-26935259.930416342,61661.301860537555,1963.9714313905899,-2365.3157297167772,-2.6951208244637548
2552400,-30607966.169175114,-29004545.287512116,59103.90080845193,2114.8668801522163,-2231.44571450388,-2.9860027111399026
2553300,-28640072.55520099,-30948979.687338896,56290.266110621553,2256.661047751893,-2087.9686481478307,-3.2643226138218751
2554200,-26548890.238359489,-32760191.497528177,53232.252332860116,2388.7434231889711,-1935.5016842774808,-3.5288703772373551
2555100,-24343419.008101139,-34430382.152496301,49942.777141361599,2510.5452232342427,-1774.7006961955863,-3.7784945665237104
2556000,-22033150.854836054,-35952359.748606689,46435.766184602697,2621.5418445367864,-1606.2574665594198,-4.0121074668292822
2556900,-19628029.174722314,-37319570.039237902,42726.093598147127,2721.2551277074426,-1430.896721725002,-4.2286898071950549
2557800,-17138406.025131628,-38526124.695488453,38829.518389521596,2809.25542347801,-1249.3730231632696,-4.4272951888508407
2558700,-14574997.61308416,-39566826.709711015,34762.616977705555,2885.1634518276401,-1062.4675290035784,-4.6070541992000331
2559600,-11948838.206768274,-40437192.831092872,30542.712178087626,2948.6519458059161,-870.98463936063945,-4.7671781939856892
2560500,-9271232.6673109308,-41133472.935041182,26187.798938919324,2999.4470726637314,-675.74853965143552,-4.906962731430732
2561400,-6553707.8042019978,-41652666.241145246,21716.467149268159,3037.3296258259234,-477.5996566050128,-5.0257906435248731
2562300,-3807962.7631657575,-41992534.307922386,17147.821851166333,3062.1359822007189,-277.39104210640608,-5.1231347310892632
2563200,-1045818.6597812292,-42151610.746355407,12501.401199998636,3073.758820317104,-75.984700392582965,-5.1985600707840289
2564100,1720832.3242488508,-42129207.608340532,7797.0925271069864,3072.1475958083474,125.75212557044851,-5.25172592382971
2565000,4480078.1626194157,-41925418.420525804,3055.0468670472692,3057.3087718137381,326.95069245771253,-5.2823872378860512
2565900,7220038.3024713937,-41541117.848566465,-1704.4076811401892,3029.3058029463805,526.74450346015703,-5.2903957352640152
2566800,9928914.856977107,-40977957.991490833,-6460.8533839433503,2988.2588725673086,724.27304732584184,-5.2757005824323864
2567700,12595043.450735066,-40238361.320589699,-11193.870716256839,2934.3443842096217,918.68551320946881,-5.2383486376099908
2568600,15206943.49750445,-39325510.29194352,-15883.126236657219,2867.7942091047639,1109.1444650313713,-5.1784842750995841
2569500,17753367.692065068,-38243333.676314496,-20508.460114246063,2788.8946928701648,1294.8294591857727,-5.0963487869094957
2570400,20223350.501237247,-36996489.664582118,-25049.972927579329,2697.9854255167061,1474.9405896569165,-4.9922793641135872
2571300,22606255.443328425,-35590345.821119785,-29488.111359265982,2595.4577800192005,1648.7019449004874,-4.8667076623080732
2572200,24891820.950472176,-34030955.971423991,-33803.752414597249,2481.7532257565335,1815.3649612256281,-4.7201579574231989
2573100,27070204.614470061,-32325034.123846762,-37978.285799047873,2357.3614241636751,1974.2116578683333,-4.5532449000273472
2574000,29132025.62380765,-30479925.538377084,-41993.694097648826,2222.8181149388333,2124.5577394777288,-4.3666708781091534
2574900,31068405.207460791,-28503575.068001341,-45832.630409033947,2078.7028021093056,2265.7555523398159,-4.1612230001276034
2575800,32871004.909895822,-26404492.91018369,-49478.493098365427,1925.6362501730698,2397.1968813350122,-3.9377697118699073
2576700,34532062.531254716,-24191717.917383824,-52915.497346292497,1764.2778013942891,2518.3155753620067,-3.6972570623409449
2577600,36044425.577052355,-21874778.626216412,-56128.743185528394,1595.3225261345358,2628.5899897563531,-3.4407046355162989
2578500,37401582.072745577,-19463652.1748023,-59104.279732471652,1419.4982188431684,2727.545235082423,-3.1692011663129978
2579400,38597688.610203579,-16968721.287019569,-61829.165338466039,1237.5622530059748,2814.7552225762911,-2.8838998605596959
2580300,39627595.505356841,-14400729.510692159,-64291.523403701125,1050.2983089576314,2889.8444974587301,-2.5860134400726809
2581200,40486868.95906283,-11770734.904218683,-66480.593616306476,858.51298899817812,2952.4898523155543,-2.2768089351586944
2582100,41171810.12643563,-9090062.3727150541,-68386.778399784234,663.03233471463182,3002.4217137506907,-1.9576022479632686
2583000,41679471.01347743,-6370254.8603967503,-70001.684373449927,464.6982617949356,3039.425296549241,-1.6297525110594011
2583900,42007667.133753464,-3623023.6106420928,-71318.158652899045,264.3649279321196,3063.3415206370346,-1.294656266520088
2584800,42154986.872001648,-860197.70894328598,-72330.319840568322,62.895049651991997,3074.0676871836667,-0.95374149143619902
2585700,42120797.51589641,1906326.8732396225,-73033.583580099265,-138.84381594131744,3071.5579112618097,-0.60846149642504399
2586600,41905247.931625709,4664638.5138580091,-73424.682572313861,-339.98300841981512,3055.8233095410924,-0.26028872412127724
2587500,41509267.873427063,7402861.2341312869,-73501.680975052805,-539.65650418746441,3026.9319425548383,0.089291525051097331
2588400,40934563.931698583,10109205.830182828,-73263.983133781381,-737.00464349144909,2985.0085121276406,0.43878741236155905
2589300,40183612.138693348,12772020.622753324,-72712.336614606116,-931.17782836224285,2930.2338155868142,0.78670689802419413
2590200,39259647.265061893,15379841.607209429,-71848.829536039149,-1121.3401757391068,2862.8439593973471,1.1315640688531245
2591100,38166648.854571067,17921441.788890596,-70676.882220365616,-1306.6731102817942,2783.1293358547487,1.4718854292256616
2592000,36909324.058145106,20385879.49254645,-69201.233209680649,-1486.3788816715014,2691.4333674402969,1.8062161286704237
