0,7000000,0,0,0,7546.0532872678359,0
300,6637117.7341637211,2224560.1354944916,0.015026181566944911,-2398.0929745532312,7154.8636425646891,0.00011775704597703447
600,5586094.8053780803,4218476.5215834985,0.079697897656965555,-4547.5501129531349,6021.8532641585743,0.00032523927572711893
900,3955901.9591392279,5775018.6616078075,0.21480009184526797,-6225.5142517231698,4264.49339687051,0.00057854458716203217
1200,1915558.6734049586,6732803.3214944303,0.42562637113609481,-7258.0129283735278,2064.988380991399,0.00081971706868083269
1500,-323390.91663799295,6992526.8881217185,0.69916517443098347,-7537.9961318683763,-348.61544821849634,0.00098646374834123612
1800,-2528811.1201427388,6527261.2342804046,1.0044444457711881,-7036.4353951589192,-2726.0739580250383,0.0010231890814646589
2100,-4472042.7291765818,5385245.5765556563,1.2961424779212762,-5805.3333405710619,-4820.8909160636395,0.00089140272651861839
2400,-5951610.5410861038,3684884.8912667632,1.5209890786335893,-3972.3317045104227,-6415.8749129710204,0.00057763383412400156
2700,-6814112.3345762528,1602473.5303337686,1.6259880001318487,-1727.4771047578008,-7345.657670259824,9.7490463223844363e-05
3000,-6970123.5676596072,-646083.07300072664,1.5671929674746354,696.48310652475698,-7513.8391545153954,-0.000504743482256644
3300,-6403468.8767992537,-2827653.4996679248,1.3177051166381351,3048.2319416494656,-6902.98213854399,-0.0011608109869006089
3600,-5172899.1641853508,-4716051.4076956287,0.8737059011061592,5083.9390908640617,-5576.4201492771253,-0.0017867069380632138
3900,-3406000.380627092,-6115486.5824143151,0.25763705595901087,6592.54117749549,-3671.6913192703196,-0.002293257215347776
4200,-1285965.4702049301,-6880864.6038703211,-0.48197856314385434,7417.6250182436661,-1386.2787026545975,-0.0025977034502486082
4500,967399.11323136615,-6932830.4248524774,-1.2741710440024732,7473.6449337130143,1042.8647282328923,-0.0026349290723289278
4800,3120463.093765154,-6265996.0574609237,-2.0323117290863033,6754.7924610859845,3363.8836206719598,-0.0023670646157455534
5100,4949995.381689664,-4949499.2506003464,-2.6634026563759994,5335.59866449326,5336.1330106726728,-0.0017903961092468523
5400,6266308.8798558069,-3119835.2229005098,-3.0789264996977406,3363.2065852429023,6755.128726608521,-0.00093874374534262325
5700,6932927.3779186709,-966704.70269180438,-3.2061080350241875,1042.1151804554336,7473.7484367188017,0.00011723996687213465
6000,6880735.4683526382,1286654.3906526105,-2.9983190918149996,-1387.0233263409505,7417.4852603563177,0.0012750900326610819
6300,6115144.4540790962,3406612.386258143,-2.4433397254966867,-3672.3543458729628,6592.1725982673051,0.0024097483986787204
6600,4715531.3095784392,5173370.7172623826,-1.5682855800446283,-5576.9332675113155,5083.379367329153,0.0033864391756065451
6900,2827008.8488272382,6403750.7874489222,-0.4402493506245313,-6903.2920456505408,3047.538285123931,0.0040761433835253876
7200,645380.33203634643,6970186.0852712365,0.83789468432589487,-7513.912965403405,695.72686993245975,0.0043720553848694155
7500,-1603161.5950268267,6813948.388031764,2.1365121572771053,-7345.4867130531029,-1728.2173480765723,0.0042049212865716678
7800,-3685486.7724838373,5951236.7071893699,3.3123750628290969,-6415.4762906034712,-3972.9783008512136,0.0035549541871383733
8100,-5385698.6386247408,4471497.6665872689,4.2246242181804465,-4820.3061870303372,-5805.8181370236271,0.0024582609996835468
8400,-6527518.4611060303,2528151.5152037749,4.7516554184749697,-2725.3647143196317,-7036.7075153367341,0.0010064280755828045
8700,-6992561.8948672051,322685.38565289741,4.806801029021778,-347.85631285751515,-7538.0276281112583,-0.00066105493177634413
9000,-6732613.019952314,-1916236.9434639073,4.3507481758389401,2065.718165966894,-7257.8014590792691,-0.0023707624209695338
9300,-5774623.3614314208,-3956482.9061824447,3.3990087362505692,4265.1184430071871,-6225.0826924144731,-0.003934014628310372
9600,-4217917.6145581231,-5586518.6716702888,2.0233554287603015,6022.3095519483977,-4546.9436200985219,-0.0051680162274634397
9900,-2223895.7361025084,-6637341.0703817271,0.34685810251336036,7155.1045860360518,-2397.3741909542605,-0.005916967681741811
10200,700.99287859513424,-7000000.0175500633,-1.4671064287683449,7546.0541724255254,0.75710224769477463,-0.0060707519921661792
10500,2225225.0087294737,-6636894.6396664567,-3.2308230914116334,7154.6240180576333,2398.8103570427465,-0.0055791321515642851
10800,4219036.2067364603,-5585671.8362625521,-4.7515912369972799,6021.397720609084,4548.1536142605028,-0.0044599033912089128
11100,5775414.9316359311,-3955323.0320426361,-5.8524907199427343,4263.8689944527869,6225.9414155125669,-0.0028000619322876459
11400,6732994.843414505,-1914883.8317432397,-6.3924082898910966,2064.2596677235988,7258.2196483162879,-0.00074971437758259655
11700,6992493.4708571527,324091.74173808633,-6.2831870836720869,-349.37332834498852,7537.9611309980137,0.0014908961039968277
12000,6527005.8514623409,2529465.3087668079,-5.5019671720325958,-2726.7830311156104,7036.1621286833788,0.0036902642205070722
12300,5384794.0474738823,4472582.3679986317,-4.0971641165571553,-4821.4781003144581,5804.8494558805924,0.0056088616925358149
12600,3684283.3250410552,5951979.3344972488,-2.1870707966410565,-6416.2791456736259,3971.6864072839353,0.0070246949190304235
12900,1601783.7610772213,6814271.4415566232,0.049247803771930609,-7345.8361223488955,1726.7366482198343,0.0077586767030803343
13200,-646789.72832606093,6970055.8105024537,2.3882911523207673,-7513.7721012262164,-697.2417568126707,0.0076969745830662486
13500,-2828303.6545890877,6403180.7959923921,4.5843463462369094,-6902.6757549508893,-3048.9290621578448,0.0068074405391722126
13800,-4716577.4422226362,5172420.5268339822,6.3954295287963872,-5575.9064141835279,-5084.5010485176899,0.0051476102332766735
14100,-6115833.9563922361,3405381.0563344611,7.6101453914893016,-3671.0246185152282,-6592.9088861056307,0.0028626536324286933
14400,-6880997.6933357893,1285270.0125027352,8.0723661566964608,-1385.5295138550302,-7417.7605557344395,0.0001729536819870198
14700,-6932736.160137414,-968098.45788009965,7.700749791096599,1043.6179477563533,-7473.5352985747813,-0.0026475777485188874
15000,-6265685.0331738787,-3121094.0350564681,6.5006476318608062,3364.5629543652094,-6754.4502303714489,-0.0053000693492577808
15300,-4949004.3622872308,-4950493.0168003822,4.5668083837229592,5336.6689121794343,-5335.059992040261,-0.0074928870185656206
15600,-3119208.1345131882,-6266622.2098601265,2.0763351541444619,6755.4665998182236,-3362.5272089899136,-0.0089737995221248791
15900,-966010.55306699243,-6933024.3926601205,-0.72754962235628895,7473.8537736237513,-1041.3649284149546,-0.0095585232116171225
16200,1287343.5831978316,-6880606.3901772713,-3.5593603979668886,7417.3471303598344,1387.7672833717963,-0.0091525200279173567
16500,3407225.0673831832,-6114802.8018542808,-6.1204256370096175,6591.8050584338062,3673.0152074202924,-0.0077636878620012569
16800,5173843.1872737203,-4715012.5792269194,-8.1302180765320244,5082.8202995417105,5577.4426344574931,-0.0055045446004787007
17100,6404033.829777752,-2826366.8635119889,-9.3567077826609371,3046.8454977794681,6903.5972338268193,-0.0025835604321798019
17400,6970250.062971469,-644681.64454374276,-9.6425617345766934,694.97190845733894,7513.9825183360272,0.00071366557691969913
17700,6813786.2546844129,1603844.590790499,-8.9243673318157839,-1728.9567361719535,7345.3134314844865,0.004051744777228642
18000,5950864.6869427692,3686083.2490830086,-7.2426722312894034,-3973.6260155675968,6415.0776937492292,0.0070789215094355304
18300,4470953.6284974217,5386146.5329703949,-4.7414605168506023,-5806.3071596553409,4819.7227169845382,0.0094635225120958642
18600,2527491.2304398324,6527770.8371467721,-1.6566743552671506,-7036.9865408965179,2724.6560003380655,0.010929925079738965
18900,321976.95442144223,6992591.9108364759,1.7055143123205341,-7538.0665641267824,347.095610144582,0.01129028970535864
19200,-1916920.0752094309,6732416.9616755536,4.998850534496813,-7257.5952033755702,-2066.4512745461634,0.010468360602479933
19500,-3957069.702825617,5774221.2755230675,7.8726838274029882,-6224.6523680925848,-4265.7466242246101,0.0085121413525178873
19800,-5586948.165146362,4217351.30165458,10.009503817984179,-4546.3346151633705,-6022.7665228556061,0.0055932974467241105
20100,-6637568.9398116581,2223224.2501382735,11.160206213799105,-2396.6510067411391,-7155.3426934834797,0.0019926638708035039
20400,-7000003.2397506051,-1407.7692294230219,11.173047958988134,1.5183627244325635,-7546.0494709644763,-0.001926996038348958
20700,-6636673.6988132326,-2225893.8506921828,10.012851685781968,2399.5305116536356,-7154.3782418850387,-0.0057581626633521066
21000,-5585250.3916472681,-4219598.1747740963,7.7680685902328843,4548.7586429524372,-6020.937333241227,-0.0090915732704786624
21300,-3954745.2635700013,-5775812.3535757288,4.6446556308456177,6226.3696146350276,-4263.2419551741477,-0.011560290727187754
21600,-1914209.844648845,-6733187.0638755681,0.94718557984096075,7258.4273897827579,-2063.530528134721,-0.012879962542371344
21900,324792.0135790857,-6992460.9249867201,-2.950991123609926,7537.9270806060313,350.12965503288729,-0.012880884581558439
22200,2530119.1974657918,-6526752.0966847353,-6.6455280381701627,7035.8896065169629,2727.4886071242254,-0.011528415045122316
22500,4473121.9330313355,-5384345.4795584921,-9.7429483577584204,5804.3664354663251,4822.0599535989822,-0.0089295356335208822
22800,5952348.4191168249,-3683686.5043227933,-11.902285611752598,3971.0427906682653,6416.6770336944983,-0.0053247841573149605
23100,6814431.5145658441,-1601100.5839880609,-12.872177203968029,1725.9989737147255,7346.0089486259694,-0.0010662381809776037
23400,6969989.9245353797,647488.46030183614,-12.51949860212175,-697.99741333778593,7513.7020710642182,0.0034164246622522504
23700,6402895.277618886,2828945.5215530186,-10.846409579299181,-3049.6249336438459,6902.3699166859606,0.0076586339656933879
24000,5171944.3183357045,4717095.7812970523,-7.9937658915401419,-5085.0653658907295,5575.3957691469168,0.011208392773834288
24300,3404762.8441389687,6116174.6526313778,-4.2301431670925451,-6593.2828856087281,3670.361169903983,0.013673939151060514
24600,1284573.3938397022,6881124.8064223407,0.07286655707974532,-7417.9044981013803,1384.7814737095052,0.014766797021994536
24900,-968801.41462024988,6932635.844581319,4.4769915796648103,-7473.4330593364193,-1044.3727297544779,0.014335533234356846
25200,-3121730.3032259466,6265367.2454099115,8.5218273069269692,-6754.1117239415089,-3365.2450955114377,0.01238613098615937
25500,-4950996.4249226972,4948501.9961428344,11.77310235366301,-5334.5206415064131,-5337.2063538252751,0.0090860519412213018
25800,-6266940.6013951041,3118573.5478005204,13.869540318087665,-3361.8441248083909,-6755.8028951827127,0.0047507769484216268
26100,-6933125.194188864,965309.87554226234,14.563136792463172,-1040.6102680185572,-7473.9543760438164,-0.00018630938299216571
26400,-6880479.9073241493,-1288037.5998830965,13.748248324157146,1388.5145895360461,-7417.2027306585542,-0.0052177382489380928
26700,-6114462.9647193216,-3407840.7299266448,11.476047864421005,3673.6779672072344,-6591.4318234586208,-0.0098148001531664312
27000,-4714495.2380407415,-5174317.2060429417,7.9524882620143558,5577.9530850974825,-5082.2575159905664,-0.013483631302214073
27300,-2825725.9688694216,-6404317.6556247827,3.5197222531070778,6903.903410091516,-3046.1513095282862,-0.015818403591862706
27600,-643983.73662907374,-6970314.7226856882,-1.377268650792641,7514.0531384534588,-694.21762397722068,-0.016545845216384691
27900,1604527.1138464254,-6813625.2947798865,-6.2354864574634821,7345.141096977859,1729.6935294446248,-0.015556306937147881
28200,3686679.5175036029,-5950494.90671313,-10.545594121005216,6414.6799665682938,3974.2692281227655,-0.012918049517410178
28500,5386594.5339325052,-4470413.4257724946,-13.845143267754203,4819.1405959041213,5806.7901869114612,-0.0088731856419762591
28800,6528023.8745803609,-2526836.6495340178,-15.767847008285385,2723.9496828400552,7037.2594028319845,-0.0038155759385359285
29100,6992623.4421958486,-321275.85661272216,-16.083754831662048,346.33804514217491,7538.1011291040531,0.0017472335887301748
29400,6732223.2895678394,1917595.0342007536,-14.726052446568428,-2067.1820573158298,7257.3878640711291,0.0072443991650291461
29700,5773821.8867111681,3957648.5060357982,-11.80148780270526,-4266.3753759819574,6224.2241419786187,0.012099669000837469
30000,4216786.9122130256,5587370.5533330571,-7.5829982193509515,-6023.2281231081633,4545.7290161386136,0.015791178256297271
30300,2222552.7713140529,6637790.6007957729,-2.4848545774279458,-7155.588618453562,2395.9300125716145,0.017907212784587911
30600,-2117.0347383089829,7000000.5188705111,2.9775862581597878,-7546.0530498684875,-2.2801292576198193,0.018192123475848386
30900,-2226567.3365922882,6636446.3068611901,8.2397658772724043,-7154.1381021829529,-2400.2532737081901,0.016577211830231565
31200,-4220165.8392826701,5584821.6709462255,12.746307443631075,-6020.4782228886261,-4549.366122919605,0.013192650137443506
31500,-5776215.2389661577,3954159.8153437618,16.009843282028434,-4262.6123429854406,-6226.7977444831131,0.0083583632787349923
31800,-6733383.6534304861,1913528.7163134655,17.663953051459995,-2062.7970735100052,-7258.6316250725458,0.0025541371664373046
32100,-6992431.4768539462,-325497.96452052426,17.504332344387219,350.88985102908418,-7537.8870868150834,-0.0036282958191222554
32400,-6526500.4919603961,-2530776.875971063,15.513481228693964,2728.1965859349129,-7035.6108004339203,-0.0095462248134270296
32700,-5383898.5339943049,-4473663.5953308167,11.865951293777982,4822.6430496738167,-5803.8786466250585,-0.014573417962327731
33000,-3683091.0009635445,-5952718.511835793,6.9132951580983653,6417.0758412767163,-3970.3967221225298,-0.018166744582227265
33300,-1600418.429572386,-6814592.2018397963,1.1500636256087082,7346.1828435790558,-1725.2610727450453,-0.019924754917607514
33600,648186.50397167949,-6969924.8814161243,-4.8357616837294426,7513.6331572522367,698.75134893804125,-0.019631929503892771
33900,2829587.0165993739,-6402611.4018035559,-10.422847235819477,6902.0650730945181,3050.3171915155026,-0.017283877690394266
34200,4717614.0592792146,-5171471.109411668,-15.020923144464644,5574.8862969192678,5085.6243165562773,-0.01309078374621539
34500,6116515.7475295207,-3404149.4087852286,-18.132884266017214,3669.6997110134666,6593.6506299445873,-0.0074586456157725075
34800,6881253.0727917124,-1283883.3507360655,-19.408128430445704,1384.0364177550196,7418.043040409384,-0.00095009284605708337
35100,6932537.6173150204,969496.54451792093,-18.681530063765734,-1045.124536010421,7473.3281292235224,0.0057714121960088507
35400,6265052.1931042178,3122358.455668699,-15.993843077783207,-3365.9262578011949,6753.7739524206099,0.012008567838906279
35700,4948002.1246253597,4951492.3322936026,-11.591133151895704,-5337.7465709618091,5333.9843228017471,0.017101892411530081
36000,3117940.0181729821,6267252.4489284875,-5.9028947274863697,-6756.1458329416155,3361.1639530832663,0.020498971483936784
36300,964607.91164293932,6933220.0238989349,0.4993576700283846,-7474.0634780730325,1039.8562696102517,0.021814239049373338
36600,-1288735.3354863401,6880347.2398877116,6.959195969217995,-7417.0655159957296,-1389.2638517870464,0.020872862777608438
36900,-3408461.731862043,6114116.1533185542,12.802500965578787,-6591.0619294891985,-3674.3436313570564,0.017733582454131421
37200,-5174796.8985217698,4713970.2315081023,17.407950978362269,-5081.6937317132924,-5578.4648330544387,0.012687312455228432
37500,-6404606.3809905443,2825077.4967256384,20.273340372058939,-3045.4533380444445,-6904.2075632736787,0.0062308650389520199
37800,-6970383.0279493062,643279.35764321731,21.070522655575743,-693.45913572619725,-7514.1185994368734,-0.00098200518787879259
38100,-6813466.8784698397,-1605214.3029498234,19.682848997811956,1730.4333085030646,-7344.9622609802482,-0.0082073218633536733
38400,-5950126.9999896782,-3687278.575314723,16.22078819700862,3974.9139963243824,-6414.2765447964002,-0.014688310211147665
38700,-4469874.753106364,-5387043.917999126,11.013748136205058,5807.2741037412952,-4818.554916140758,-0.0197351879088844
39000,-2526183.3314208514,-6528277.5866377605,4.5786846306086115,7037.5332361945811,-2723.2421694777099,-0.022798722557097448
39300,-320575.6932912129,-6992655.6058455231,-2.4314200073060297,7538.1368841683588,-345.58133937151956,-0.023529668109718148
39600,1918269.4175358142,-6732030.789016149,-9.2939744472275034,7257.1816894827352,2067.9101107556712,-0.02181774621353226
39900,3958227.0741281984,-5773424.7671977393,-15.291272536851936,6223.7970705905063,4266.9995568845643,-0.017806024882296764
40200,5587793.1126055988,-4216226.393548375,-19.785379786275129,4545.125080906827,6023.6837633168607,-0.011879116169280331
40500,6638013.0766656399,-2221887.0009810198,-22.285656788739395,2395.2116752162301,7155.828551374294,-0.00462629353621397
40800,6999999.5219820738,2819.0311716217548,-22.50187930323813,-3.0386702034070368,7546.0525325490244,0.0032168529037455069
41100,6636221.4992078515,2227232.7972348179,-20.377330352449224,-2400.9738723871646,7153.8971311573869,0.010842487422383321
41400,5584395.7627066262,4220725.7089938493,-16.098207895480687,-4549.9745434326614,6020.0212737571092,0.017453046439099059
41700,3953576.2844330855,5776611.1943316674,-10.078024062904408,-6227.230907155521,4261.9859133559976,0.022344048445517004
42000,1912847.490594588,6733574.1052903673,-2.918162293678348,-7258.8438978388276,2062.0653601456761,0.024978865364837923
42300,-326206.53007492051,6992396.0128732743,4.651803797445516,-7537.8552863809591,-351.65101913387116,0.025047655119947092
42600,-2531439.256533633,6526242.2516948832,11.848256206877586,-7035.3372937656077,-2728.9074164559356,0.022503914530436993
42900,-4474210.8984658495,5383444.1056825984,17.914689800787421,-5803.391754377315,-4823.2284955184705,0.017574120006103179
43200,-5953093.9210084267,3682487.6876889067,22.2014570695538,-3969.7478832069792,-6417.4741967125883,0.010738617338653826
43500,-6814757.0950550977,1599729.1361289185,24.235589627475271,-1724.5189499916655,-7346.3527717803154,0.0026850658033549081
43800,-6969862.8385081356,-648890.10212963284,23.773059564110675,699.50883238590473,-7513.557973214618,-0.005761077386678832
44100,-6402329.6881790599,-2830232.1134093716,20.827616310840074,3051.0114740815543,-6901.753854271974,-0.013721814755221155
44400,-5170999.6355004217,-4718134.2513708342,15.672806010553597,5086.1842390410329,-5574.3721653219682,-0.020358519441368239
44700,-3403537.4582171794,-6116857.7167286593,8.8166521974526937,6594.0192030603821,-3669.0360009524188,-0.024960634517269042
45000,-1283194.4994427136,-6881381.8810810149,0.95140899895390962,7418.1827229723158,-1383.2913327464644,-0.027021661504860312
45300,970190.85633772449,-6932440.2134446576,-7.1165389286757375,7473.2244982769053,1045.8744693038839,-0.026294342528337979
45600,3122986.1731319996,-6264738.8010836663,-14.549444938233329,6753.4374331979743,3366.6037129752312,-0.022819179711269764
45900,4951988.2007944575,-4947505.2867621658,-20.565106397478239,5333.4494818926541,5338.2814121913307,-0.016923243703833725
46200,6267564.8092065584,-3117311.2845270652,-24.518920932913915,3360.4860642716667,6756.4826298005964,-0.0091892953364496321
46500,6933316.1941996384,-963912.4883755974,-25.972570765903427,1039.1054302216457,7474.1674202610802,-0.00039826175914519334
46800,6880216.8688505944,1289425.3607257812,-24.742137158715749,-1390.0101873293152,7416.9258918774403,0.0085492279747629036
47100,6113772.2333016442,3409074.8056526659,-20.920485884653168,-3675.008607222429,6590.692934380204,0.016724475532935507
47400,4713447.7655524537,5175269.2905392461,-14.871313492650231,-5578.9797683410288,5081.1328842192506,0.023266427852583739
47700,2824430.0122514889,6404888.6912954319,-7.1950646433715848,-6904.5186789074878,3044.7579103680837,0.027471895424730716
48000,642573.56465447042,6970445.3559704088,1.330226017220939,-7514.192608196282,692.70081929837374,0.028871036076881199
48300,-1605905.3065844509,6813302.1373905018,9.8274970410889644,-7344.7903602251454,-1731.1754109325548,0.027280034515861605
48600,-3687882.9659331208,5949751.9126909915,17.410816086561169,-6413.8760694783741,-3975.5617227151506,0.022824904834386248
48900,-5387498.8590108659,4469328.2446034662,23.277893136649066,-4817.967934438484,-5807.7590385311623,0.015933122006585178
49200,-6528536.0286555989,2525522.3810405643,26.795222637565477,-2722.5308389534116,-7037.8045907469204,0.0072931636507819917
49500,-6992691.2789110774,319869.13859939831,27.566690484638688,-344.8206736446607,-7538.1670754397583,-0.0022143604470075094
49800,-6731840.7944997614,-1918948.2952092357,25.47809526183029,2068.6407674502166,-7256.9688204089225,-0.011607003911257727
50100,-5773029.5957643734,-3958808.2380493367,20.712533152270375,4267.6249563039628,-6223.364343807465,-0.019902690308455321
50400,-4215667.5575651117,-5588216.8974070922,13.73469059782683,6024.1401210027125,-4544.5177678571599,-0.026222920460123197
50700,-2221222.6698127626,-6638236.1305691674,5.245412213355066,7156.0694648520557,-2394.4923515508945,-0.029885948160747439
51000,3519.9410036886111,-6999999.1188554242,-3.8889160096347237,7546.0533483529362,3.7961805712452588,-0.030479999928971879
51300,2227897.5867495197,-6635997.8676157482,-12.724951461142204,7153.6575533426394,2401.691627439724,-0.027908773276987965
51600,4221285.3258799529,-5583972.1525611505,-20.339826598354314,6019.5657651446618,4550.5783494213392,-0.022404388005872685
51900,5777007.3930483395,-3952996.6514864564,-25.927360935764995,4261.3614517680408,6227.65817085051,-0.014506358226572633
52200,6733765.5283263894,-1912171.9627511622,-28.883082396310016,2061.3365413285001,7259.0503697989734,-0.0050086407804797442
52500,6992362.4761331445,326907.90999359894,-28.86919861457304,-352.40890418506365,7537.8196690145824,0.0051199567393882574
52800,6525986.7795848195,2532093.776658331,-25.852659680472414,-2729.6162726374614,7035.0631914801743,0.014834069714253821
53100,5382992.5854189144,4474750.6150106248,-20.11213560063651,-4823.8152597021663,5802.9070530192566,0.023118979352182548
53400,3681886.2675547726,5953462.5743355686,-12.212832417269636,-6417.8779685646723,3969.101969100333,0.029096006125136378
53700,1599039.6323839671,6814915.9122695467,-2.9513048296342044,-7346.5309153260496,1723.7781039234344,0.032115413278386178
54000,-649596.4351081911,6969794.6975791175,6.7244975613409261,-7513.4908506226493,-700.26773994861719,0.031827129070959151
54300,-2830881.9541912624,6402041.1533677084,15.812070561655652,-6901.4475730022987,-3051.7088144050704,0.028221513349431158
54600,-4718660.0098172389,5170520.4836297799,23.358268882463182,-5573.8585577606545,-5086.7463677170535,0.021635191678207343
54900,-6117204.8433349999,3402917.5892733363,28.559500980305742,-3668.3693581124471,-6594.386918123344,0.012720511959739314
55200,-6881514.7323333528,1282498.5354100098,30.847566360955028,-1382.542161793187,-7418.3179859506199,0.0023811191628003185
55500,-6932345.7235877514,-970890.58041600045,29.951832156608798,1046.6276001608974,-7473.1143033779172,-0.0083200047882977888
55800,-6264427.5997660793,-3123617.2983169518,25.930853421490788,3367.2828104818991,-6753.0944884722085,-0.018270483046004083
56100,-4947010.3108241828,-4952485.8054386787,19.169754579931382,5338.8169711007413,-5332.9101218212236,-0.026424813178991112
56400,-3116684.2106185425,-6267877.9217760777,10.343332316160204,6756.8201904185953,-3359.8061373258624,-0.031914569299864345
56700,-963218.42603779491,-6933412.8467730964,0.34849317987606376,7474.2725972825174,-1038.3547537923575,-0.034140805410088591
57000,1290114.4438073083,-6880087.3109421488,-9.7871021414378383,7416.7877640981369,1390.7545148124234,-0.032838860115218999
57300,3409687.3899307121,-6113429.9943767805,-19.010796155039564,6590.3254537201929,3675.6698055171641,-0.028108706427652289
57600,5175741.674269028,-4712928.3630488738,-26.354175229750087,5080.5738136756117,5579.4893439394282,-0.020407606761901346
57900,6405171.633325994,-2823787.3312208867,-31.034486375125418,3044.0650413915514,6904.8237906844033,-0.010505733494511789
58200,6970509.2099270774,-641874.26025447226,-32.537695937794318,691.94580911342314,7514.2617092625369,0.00059080488570635928
58500,6813139.8899691952,1606588.7343338726,-30.674496907827969,-1731.9146653332793,7344.6163244219606,0.011741810930158586
58800,5949379.8544012774,3688479.6287894761,-25.603282471334143,-3976.209068850776,6413.4766301177751,0.021789521147107395
59100,4468784.302612043,5387946.7028393056,-17.817410245783357,-5808.2475650248052,4817.3837586634972,0.029678134542584174
59400,2524862.3352519851,6528788.1778216651,-8.0976677358864109,-7038.0831939863847,2721.8216579558339,0.034564292929530067
59700,319161.04113967507,6992720.9585905699,2.5656132139552739,-7538.2058163930169,344.05969042033757,0.03590716399038648
60000,-1919631.0712785001,6731644.329029303,13.073177995498611,-7256.7626010462827,-2069.3740853278814,0.033528532263964066
60300,-3959394.7097841008,5772627.0428884206,22.330101374473685,-6222.9341622509282,-4268.2533245491795,0.027636047522815108
60600,-5588646.1068993062,4215100.7327619726,29.360031998847223,-4543.9088766311452,-6024.5971839412368,0.018806390166088292
60900,-6638463.7399446396,2220550.6752359169,33.408439464858525,-2393.7692187106586,-7156.3074381856104,0.0079293153546510942
61200,-7000002.0963868061,-4227.1418264654931,34.023816012485149,4.5573705697440801,-7546.0482197862657,-0.0038821324268002739
61500,-6635776.7198081166,-2228566.6883232198,31.107972211883141,2402.411588500408,-7153.4111282360827,-0.015406069996631201
61800,-5583550.5810482567,-4221847.3465015702,24.929775620036562,4551.1830462215348,-6019.1046773886701,-0.025438865306662409
62100,-3952418.8645034842,-5777404.6700150361,16.100547313500506,6228.0860037568218,-4260.7338136637727,-0.032921371272993397
62400,-1911498.0534617216,-6733957.4462841582,5.5134075414200181,7259.2578565996737,-2060.6069469258573,-0.037050880527830586
62700,327608.05476493528,-6992329.5061604623,-5.7473089926628482,7537.7855456868365,353.16560029891798,-0.037366927268402267
63000,2532747.5376575417,-6525732.4943790818,-16.517278282548499,7034.7907189943908,2730.3221916472939,-0.033801863995340936
63300,4475290.0694573121,-5382543.3915425371,-25.672580666944285,5802.4240762519248,4824.3973899918274,-0.026690859090844662
63600,5953831.5496311421,-3681288.7646912374,-32.24681154262062,3968.4583149048021,6418.2759266053581,-0.016740187473398671
63900,6815075.8579022614,-1598355.8015906406,-35.532766865132118,1723.0403667251876,7346.703466680121,-0.0049569762098244444
64200,6969728.6799007095,650295.68330332986,-35.158111448086039,-701.02333678591981,7513.4201923412056,0.0074525183971781376
64500,6401755.5548447398,2831524.1143136406,-31.127057582817489,-3052.4043937530641,6901.1409134022579,0.019205868729465017
64800,5170044.3150401115,4719178.3967791777,-23.823497802261791,-5087.3101969229165,5573.3471373774528,0.029076316844633888
65100,3402299.5717003299,6117545.3848663867,-13.974910839196605,-6594.7604102672503,3667.7053503007264,0.036020220462666105
65400,1281802.2408337083,6881641.5589024555,-2.5803283218594419,-7418.461599107769,1381.7937912471502,0.039287128485271702
65700,-971593.15336387837,6932245.0440648925,9.1906525695958869,-7473.0119951378965,-1047.3825892042223,0.038501003294805436
66000,-3124253.1932509812,6264109.3912051832,20.117745053332204,-6752.7560988600962,-3367.9651320436219,0.033703716222679064
66300,-4952988.8845146783,4946507.4739108449,29.056528122726554,-5332.370925340856,-5339.3545524110668,0.02535555004438448
66600,-6268196.0230349209,3116049.1313371649,35.058533519053867,-3359.1231521742829,-6757.1564684493433,0.014291816197838198
66900,-6933513.3819594076,962517.29965858161,37.472155451601481,-1037.600168399611,-7474.3729143089349,0.0016394193435633787
67200,-6879960.5937746577,-1290808.7821094939,36.013511880114464,1391.5016647411412,-7416.6428143722678,-0.011298303989491295
67500,-6113089.9913179865,-3410303.1850302569,30.799458718224173,3676.3322639506459,-6589.9515378856204,-0.023176505888821024
67800,-4712410.962786275,-5176215.623981772,22.33892941776373,5579.9994027146613,-5080.0103924891664,-0.032749256115958934
68100,-2823146.4910870129,-6405455.2190398201,11.483187692379602,6905.1296272634736,-3043.3703560576569,-0.039000576393369388
68400,-641176.48480781983,-6970573.499858791,-0.66005903306315439,7514.332161000224,-691.19114583397459,-0.041252185855218337
68700,1607271.1019264804,-6812978.4546724623,-12.839910942534534,7344.4439938312444,1732.651794638723,-0.039236565005152227
69000,3689075.7557119075,-5949009.5010546045,-23.791226730754119,6413.0789692855033,3976.8525897142545,-0.033127623583307467
69300,5388394.5762019418,-4468243.4498002231,-32.36594721383657,4816.8016511187234,5808.7307721707111,-0.023525697705167176
69600,6529041.0809719339,-2524207.0894048726,-37.653190502979093,2721.1152928138772,7038.3559511748563,-0.01139832926425789
69900,6992752.3457698775,-318459.36450246675,-39.075643281249128,343.30213302094512,7538.2399112865987,0.0020171944419664078
70200,6731450.5420256853,1920306.4218254928,-36.452167732231224,-2070.1046619700442,7256.5545118099153,0.015339695745664999
70500,5772227.6374365371,3959973.6643244689,-30.019952858098399,-4268.8816350571833,6222.5051259736074,0.027185668305024103
70800,4214536.4804640133,5589068.422902178,-20.413615946380315,-6025.0582321527527,4543.302625974422,0.036312275615135628
71100,2219879.4894293207,6638685.170109529,-8.6030086973217035,-7156.5529106283529,2393.0478189545338,0.041747292139702026
71400,-4936.0141910880338,6999999.0530333621,4.2043040931440192,-7546.0515972840585,-5.319362343232342,0.042892610290333102
71700,-2229239.7599321632,6635548.949321053,16.686238998325685,-7153.171035027678,-2403.1345163566607,0.03959031556636973
72000,-4222414.6323088482,5583121.4334986815,27.542609230978371,-6018.6457314601439,-4551.7906796944717,0.032143850349844509
72300,-5777807.2259040494,3951832.9534444697,35.630712691514063,-4260.1043492311719,-6228.5141993670131,0.021291239265676967
72600,-6734153.7427581325,1910816.4721547039,40.085881936757985,-2059.8735932290756,-7259.4619411502126,0.008132372037130204
72900,-6992299.7974295234,-328314.37189576449,40.414147853345895,353.92566233048547,-7537.7451251687353,-0.0059826186553429625
73200,-6525480.6867794991,-2533405.4209919707,36.546964331528578,2731.0299092165633,-7034.5112874281158,-0.019592446909889014
73500,-5382096.3423175784,-4475831.7399398079,28.851882523116814,4824.9800964656106,-5801.9356316209396,-0.031276643051100547
73800,-3680693.2804532591,-5954201.4682494681,18.097707927942253,6418.6743307586876,-3967.8117024609751,-0.039804323235643806
74100,-1597673.7704469762,-6815236.2298459895,5.3774949478787661,7346.8770912806067,-1722.3020626858529,-0.044263996639514469
74400,650993.55213530408,-6969663.2138046473,-8.00280278282621,7513.3512044714398,701.77760105170182,-0.044160683306042441
74700,2832165.434760158,-6401471.1603985112,-20.658580318763565,6900.8361256066401,3053.0969633296736,-0.039470095268660674
75000,4719696.5200281376,-5169570.5007449407,-31.269864952112865,5572.8377216866656,5087.8693962144171,-0.030644151411120219
75300,6117886.3319861768,-3401685.4833477992,-38.718806558251181,3667.0438803523457,6595.1281961452387,-0.018567161623837376
75600,6881769.6704103285,-1281111.581103693,-42.207114963532348,1381.048719920653,7418.5998438027491,-0.0044670964007064093
75900,6932146.6749183983,972288.75795680238,-41.341214467882168,-1048.1342688300829,7472.9064320357465,0.010209066296070662
76200,6263794.2701763585,3124881.5998060331,-36.176154842424083,-3368.6459279592691,6752.4175282003198,0.023943305235179152
76500,4946007.6748685623,4953484.8114342475,-27.213486977870367,-5339.894217546218,5331.833879220726,0.035302884001010094
76800,3115415.8447213313,6268507.704336728,-15.352964281501601,-6757.4988585657711,3358.4424828308347,0.043089220603547557
77100,961815.71635047114,6933607.9321978297,-1.8026218634906552,-7474.4816727966536,1036.8458995077758,0.046464093191066425
77400,-1291506.0762724881,6879827.58582363,12.043924559133316,-7416.5055360218839,-1392.2510854132433,0.045040015861654591
77700,-3410923.7596652322,6112742.7952811588,24.750637978909509,-6589.5817784406436,-3676.9980719490222,0.038924951943617545
78000,-5176694.9402067326,4711885.531269663,34.988046683573934,-5079.446790509206,-5580.5112621761427,0.028715966828224408
78300,-6405743.6173431026,2822497.5795178209,41.672576165914727,-3042.6725254686376,-6905.4337426159436,0.01544163921377527
78600,-6970641.5168839721,640471.71449559415,44.081514946416632,-690.43278977208024,-7514.3973291578404,0.00045854287123131034
78900,-6812819.8010050002,-1607958.555841177,41.931280991659726,1733.3913506303679,-7344.2646211303927,-0.014687783005845199
79200,-5948641.4453001376,-3689674.8968117372,35.41042022282975,3977.4969929349281,-6412.6749032471607,-0.028422925029577148
79500,-4467704.7518335246,-5388843.8556590155,25.163511269301004,5809.2142499977963,-4816.2153866646404,-0.039307882217431998
79800,-2523553.8703752346,-6529294.5340357963,12.227336551748726,7038.6294201261207,-2720.4073383722334,-0.046190167452926513
80100,-317759.38265109994,-6992784.1365151759,-2.0742703912546112,7538.2754919439367,-342.54509604992268,-0.048325746876924383
80400,1920980.60066321,-6731257.5754786264,-16.266126363736838,7256.3483456888507,2070.8330152917747,-0.045458951055480132
80700,3960552.0442063157,-5771829.9638811089,-28.87395244645743,6222.0781318066847,4269.5060947725688,-0.037851931656123876
81000,5589490.8124480098,-4213975.3393717632,-38.577433482233161,4542.6987251614919,6025.5140240453056,-0.026260513055595958
81300,6638907.47832237,-2219213.0899895672,-44.348224008067092,2392.3294726108152,7156.7927135707123,-0.011858839009875452
81600,6999997.8933629356,5638.547667798819,-45.55856356793732,-6.0778361675115775,7546.0505975048472,0.0038795354900439906
81900,6635324.0283332793,2229905.5700377128,-42.04914891908895,-2403.8548362113288,7152.9293258824591,0.019332038009753499
82200,5582695.5319627533,4222974.619023866,-34.149041612044556,-4552.3985894773568,6018.1880117309456,0.032893724180384082
82500,3951249.6012795381,5778203.0898952745,-22.64524583798234,-6228.9467598888195,4259.4773270877031,0.043143300255316486
82800,1910135.5921403258,6734343.9633717425,-8.704696673183685,-7259.6737378146281,2059.141537581093,0.048991634082192752
83100,-329022.48817911162,6992264.0284262579,6.243732532754807,-7537.7131227170248,-354.68700135524909,0.049797442278669224
83400,-2534067.3333512172,6525222.0996997552,20.655422808996754,-7034.2378413215483,-2731.740864696912,0.045437882372811628
83700,-4476378.6161823571,5381641.5294305217,33.029558542458773,-5801.4489276034583,-4825.5656655476369,0.036326094315191668
84000,-5954576.5084513025,3680089.5545766586,42.065577844014335,-3967.1630462751832,-6419.0727289978222,0.023373037988576758
84300,-6815400.803156632,1596984.0798405909,46.800142464747715,-1721.5600905629483,-7347.0468554696999,0.0078968079016018961
84600,-6969600.9005134357,-651697.45905818581,46.710070716400253,702.53488759958054,-7513.2755975730852,-0.0085116658420219763
84900,-6401189.253840005,-2832810.6835281174,41.770112828811534,3053.7909183005918,-6900.5243082329725,-0.024152732548406761
85200,-5169098.9517582962,-4720216.6788132358,32.459140387374426,5088.4288734389165,-5572.3229820299048,-0.03739476221447223
85500,-3401073.5941970889,-6118228.1017222721,19.713749188180703,6595.4963310678486,-3666.3796838648636,-0.046844860653239832
85800,-1280422.9024589115,-6881898.1549874777,4.8338302492854872,7418.73924288536,-1380.3032856074003,-0.051495517923492079
86100,972982.84404791589,-6932048.8541947277,-10.650263430624936,7472.8027286430524,1048.8844883434554,-0.050831715187748344
86400,3125509.0935421474,-6263480.3767668204,-25.13527764588666,6752.0810742001104,3369.3236623171456,-0.044887205279617724
86700,4953980.4799493905,-4945510.2578865206,-37.111061772980669,5331.2991119105018,5340.4292789538467,-0.034244018238398399
87000,6268819.8786177123,-3114786.4926070208,-45.31782877660131,3357.7646141062264,6757.8356705696451,-0.019975149233638179
87300,6933703.9216925511,-961119.71788991103,-48.878356432182613,1036.0950958818264,7474.5852994744764,-0.0035362436683878482
87600,6879697.0650990717,1292196.5321223624,-47.391364579794107,-1392.9972259663102,7416.365281023127,0.013382698135185273
87900,6112398.8202567101,3411537.0481862305,-40.976250760915647,-3677.6626091725079,6589.212013903868,0.02903053263432058
88200,4711363.1715658754,5177167.3251732476,-30.264303081297765,-5581.0255866886928,5078.8852695295827,0.041775533277318574
88500,2821850.3858493138,6406025.7530104863,-16.336939676381505,-6905.744276983999,3041.9766648057962,0.050274958612391299
88800,639766.35600998206,6970703.5760305841,-0.61692227107643482,-7514.4709864035776,689.67426269526163,0.053616267873446796
89100,-1608649.0646620439,6812654.7460253453,15.276655516066361,-7344.0926667120793,-1734.1335651624609,0.051415251075821539
89400,-3690278.8114513871,5948266.0118220225,29.694964050902176,-6412.2745828909237,-3978.1448298855403,0.043860427611663699
89700,-5389298.3791692462,4467157.8654122334,41.130548864281643,-4815.6286167013004,-5809.699271536525,0.031698343458053488
90000,-6529552.6183711346,2522892.5339853745,48.375172888144903,-2719.6961908655549,-7038.9007196776356,0.016160454169070911
90300,-6992819.5055878563,317052.49343190715,50.64775224027477,-341.78461928565616,-7538.3053863340292,-0.0011614768356865077
90600,-6731067.3464744873,-1921659.6880980213,47.67870321305471,2071.5633832214116,-7256.134956678361,-0.018478851120426541
90900,-5771434.6657658536,-3961133.2449178756,39.741499989485142,4270.1310674822234,-6221.644800600794,-0.033991586684267966
91200,-4213416.5166583322,-5589914.4607589301,27.627767220253187,6025.9698980484336,-4542.0908830929266,-0.046075857109685599
91500,-2218548.9064971209,-6639130.2587680947,12.568183117137499,7157.0332405826412,-2391.6097659807983,-0.053454403055107028
91800,6339.2238208532799,-6999997.1191662205,-3.8928113549279768,7546.0512356172885,6.8356284804024199,-0.055331445493963349
92100,2230570.1036748956,-6635099.9455409581,-20.055631095443211,7152.6897641481692,2404.5728537241034,-0.051477987836926226
92400,4223533.9996572938,-5582271.3925276715,-34.241117270427708,6017.7325949715623,4553.0026443114339,-0.042258520244711585
92700,5778599.0766630489,-3950669.3791551441,-44.964891046125722,4258.8529251994705,6229.3741482775877,-0.028596259662467503
93000,6734535.1865959223,-1909459.4758886651,-51.092419370668644,2058.4127525747008,7259.8800582800586,-0.011880425120015829
93300,6992230.3125393959,329724.3599938713,-51.95868243230754,-355.44475738756796,7537.6770167084569,0.0061750006841931899
93600,6524966.5183272306,2534722.1595762055,-47.439939951258076,-2732.4493700683697,7033.9630201919617,0.023706638441658309
93900,5381190.0409961827,4476918.416317896,-37.969966988463746,-4826.1518535959676,5800.9635019569987,0.038893382604560885
94200,3679488.35496384,5954945.0538064884,-24.498771782463777,-6419.4758549661892,3966.5166029954898,0.050144901256809732
94500,1596294.9726341206,6815559.3920709733,-8.3976604624559794,-7347.2245061424192,1720.8189664846836,0.05626773876493326
94800,-652403.29037440824,6969532.4752437025,8.6799865224405703,-7513.2082778785179,-703.29391350502237,0.056591874908595803
95100,-2833460.007284848,6400900.4063909603,24.968239591444132,-6900.2181050602703,-3054.4883459449316,0.051044331680129819
95400,-4720741.9680140447,5168619.4590086229,38.771176686677492,-5571.8095881156232,-5088.991098623359,0.040161552593291627
95700,-6118574.8260126589,3400453.3632623563,48.639622477264702,-3665.7132591349859,-6595.8640693641355,0.025038435501759375
96000,-6882030.6656424263,1279726.5964539661,53.523576923153009,-1379.5543146710315,-7418.8743318776342,0.0072185332203867775
96300,-6931954.0901109781,-973682.8210817927,52.884168403619583,1049.6373603261566,-7472.6921181054649,-0.011463677922512197
96600,-6263168.9979994586,-3126140.3204333503,46.753073025879971,3370.0023675812295,-6751.7375611499901,-0.029072224937086277
96900,-4945015.2403825894,-4954478.0133548137,35.732801226046838,5340.9643393283568,-5330.7591944090782,-0.04377093931513084
97200,-3114159.5265562977,-6269132.7706963019,20.937464606853403,6758.1727609820955,-3357.0842604720665,-0.054015429434196696
97500,-960425.88088014931,-6933800.2470949143,3.8799111389853014,7474.6901827194306,-1035.3441255984403,-0.058715477422354126
97800,1292885.3361434434,-6879567.1018241597,-13.68322915543853,7416.2270853651589,1393.7417959603235,-0.057350751272589783
98100,3412149.3581162635,-6112056.1028515669,-29.932614269007388,6588.8446113159625,3678.3240534398305,-0.050027653902788155
98400,5177639.4632982165,-4710843.2219043225,-43.174651125663324,5078.326293722158,5581.5353545780736,-0.037471300206636221
98700,6406308.4717270667,-2821207.1261189906,-52.017826024828295,3041.2838512857707,6906.0493802148658,-0.020953359154626604
99000,6970767.2252750108,-639066.52189308614,-55.518608920884283,688.9193425022047,7514.5397593086036,-0.0021631145894466831
99300,6812492.3437161455,1609332.8767763025,-53.28174114830891,-1734.8725557349785,7343.9180092227307,0.016965094172822937
99600,5947893.9144864762,3690875.6496877372,-45.504368265407592,-3978.7916680245471,6411.8744110006055,0.03445047067662331
99900,4466614.0643618312,5389746.191295173,-32.959195880750322,-5810.1871342606555,4815.0438266623078,0.048470195178660316
100200,2522232.8257448566,6529804.5875734668,-16.91805115783831,-7039.1787150140899,2718.9866436608736,0.057548871913217128
100500,316344.88130357093,6992848.930232239,0.97668039846763222,-7538.3437740760073,341.02348429681069,0.060713559076656549
100800,-1922341.920670555,6730870.5963391243,18.879888431885462,-7255.928697996681,-2072.2967698457278,0.057598205667796831
101100,-3961719.1976553611,5771031.8067661133,34.933827913918499,-6221.2147966383454,-4270.7595166570845,0.048486186428456583
101400,-5590343.2175700683,4212849.3615102759,47.460952939803526,-4541.4822336982306,-6026.4270265219502,0.034285754532579898
101700,-6639357.4859589264,2217876.5788117619,55.139449287783549,-2390.886858047199,-7157.2711450424085,0.016440122893237881
102000,-6999999.7829057332,-7046.7038647832815,57.142987459712309,7.596573582726478,-7546.0458093681564,-0.0032191461377832249
102300,-6634878.5717212213,-2231239.3624333274,53.229784840095114,2405.2924618336315,-7152.4428391349711,-0.022660537246007882
102600,-5581849.7217237977,-4224096.0139958896,43.771286659667872,4553.6068549127513,-6017.2709456578705,-0.039863179713272044
102900,-3950091.6482953103,-5778996.189510528,29.717089294427126,6229.8014555858999,-4258.2248162015876,-0.053027532149932721
103200,-1908785.766286196,-6734726.8215187183,12.499438278975672,7260.0871395041095,-2057.6828351096719,-0.060763957109430319
103500,330424.21634480637,-6992196.9786713952,-6.1129994781078718,7537.6427153758659,356.20168492762014,-0.06223931984022827
103800,2535375.6117032701,-6524711.8023672402,-24.197048993267757,7033.690574606132,2733.1555133354173,-0.057266185483402933
104100,4477457.5858929232,-5380740.3483500481,-39.873830983914544,5800.4806354142056,4826.7342028812582,-0.046325222967465732
104400,5955313.7755458755,-3678890.3016678975,-51.503874675114901,3965.8730378962637,6419.8739125538577,-0.030518394007275892
104700,6815719.1075339234,-1595610.598722823,-57.858311663198805,1720.0813094408963,7347.3968887250066,-0.011457675679864559
105000,6969466.2646464407,653102.98234770924,-58.248363851906369,-704.04931791308672,7513.1371312094925,0.0088993087328207553
105300,6400614.7052637506,2834102.4292795192,-52.599600143147057,-3055.1835041703271,6899.9107531862192,0.028449966318869924
105600,5168143.3489581402,4721260.4063568301,-41.463070596164911,-5089.554291186234,5571.2974959111507,0.045163266534589588
105900,3399835.6077627824,6118915.2456346806,-25.961856852566328,-6596.2368787471514,3665.0487888504058,0.057290072170830424
106200,1279030.7469198667,6882157.2700252645,-7.6781644820327823,-7419.0174422501323,1378.8057304425308,0.063545771142334742
106500,-974384.84414845146,6931853.1496992148,11.507812471112828,-7472.589622898583,-1050.3924176368939,0.063246338798092688
106800,-3126775.6549202274,6262850.5127838654,29.610991057347036,-6751.3992701218722,-3370.6847425152173,0.056383426613512311
107100,-4954980.5868137842,4944512.1069567706,44.746741039067217,-5330.2202380348208,-5341.5019941702622,0.043630042204377995
107400,-6269450.4423966538,3113524.1354910843,55.32724861661417,-3356.4015286944559,-6758.5090460762731,0.026275396405198048
107700,-6933900.4269544883,959724.46633343375,60.228366763781111,-1034.5897888427762,-7474.7903189764838,0.0060949089626948748
108000,-6879440.1122345487,-1293579.8739313884,58.909287047344868,1394.4886263912808,-7416.0817304024695,-0.014831623267487153
108300,-6111715.9429669287,-3412765.2079539476,51.472172221402424,3678.9860570365681,-6588.4701604543143,-0.034334950546092348
108600,-4710325.8180073518,-5178113.3079873426,38.655129077581044,5582.044864239263,-5077.7623683658358,-0.050381915244823883
108900,-2820566.443837936,-6406591.8207594128,21.758894887102187,6906.3547176024722,-3040.5888009532664,-0.061287897053248261
109200,-638369.02709070616,-6970831.1898999307,2.5145883652735765,7514.6099100375186,-688.16444213294972,-0.065893787031705439
109500,1610014.9102626117,-6812330.5201804517,-17.093919569884914,7343.7456184419843,1735.6098830306746,-0.063688868733905266
109800,3691471.4509072043,-5947523.1113625923,-35.034686807094943,6411.4768445510354,3979.4354015058716,-0.054866683716983514
110100,5390193.7738075433,-4466072.7020138614,-49.438255885364029,4814.4618388852978,5810.6705069812597,-0.040307973460825076
110400,6530057.2316374248,-2521577.0459771911,-58.79226824057173,2718.2803730925443,7039.4514432383849,-0.021492370868230359
110700,6992880.0912853805,-315642.72409831639,-62.099941077734904,340.26607344273111,7538.3775337596062,-0.00034786940043716151
111000,6730676.6520467401,1923017.6076013236,-58.985908615923165,-2073.0270142823683,7255.7200033417103,0.020946529730496724
111300,5770632.3803874683,3962298.28861382,-49.738309623867202,-4271.3872536218014,6220.7850714741217,0.040184838583728039
111600,4212285.2854338884,5590765.4793353546,-35.282508044072927,-6026.887364366602,4540.8754325020354,0.055361928607462189
111900,2217205.7757967273,6639578.7338177506,-17.08880608637303,-7157.5159901406423,2390.1651600775695,0.064881945695965532
112200,-7755.043601158075,6999996.5012306618,2.9767365640477852,-7546.0488380371244,-8.3586600332082526,0.06772588747389692
112500,-2231911.8468968407,6634650.5478383098,22.843381415297955,-7152.2027248003924,-2406.0154186411273,0.0635608555276162
112800,-4224662.7436293969,5581420.3089825921,40.449257213222047,-6016.8122015720537,-4554.2145436478222,0.052779166249389713
113100,-5779398.2636166513,3949505.4541972438,53.955419799555173,-4257.5956237873315,-6230.2296991222229,0.036462492171697773
113400,-6734922.7172778081,1908103.9034874234,61.938171822418589,-2056.9497474962996,-7260.2911445175496,0.016273921466987501
113700,-6992166.952027143,-331130.75961279194,63.539417186324997,356.96144737358145,-7537.6019994585131,-0.0057115070029687097
114000,-6524459.782446295,-2536033.6027896674,58.559036421649523,2733.8628156317236,-7033.4106662073391,-0.027220507610552627
114300,-5380293.23177604,-4477999.211042203,47.479248755042313,4827.3163662210645,-5799.9916748500018,-0.046017273362460323
114600,-3678294.9201096743,-5955683.5071818838,31.418033876189874,6420.2717522360599,-3965.2260148311916,-0.060136498356006693
114900,-1594928.8220393981,-6815879.1921666088,12.016141085917319,7347.5700918174625,-1719.3427436728525,-0.068089181439954502
115200,653800.50620494911,-6969400.4474680517,-8.730798069076247,7513.0679681713573,704.80376224440306,-0.069019557761019285
115500,2834743.3870045664,-6400329.9063190389,-28.67776403726328,6899.6060063953637,3055.8762595255184,-0.062796660248749553
115800,4721778.1962973857,-5167669.0721756704,-45.752206498876468,5570.7882124576354,5090.1136803218642,-0.050030873235589163
116100,6119255.8988978555,-3399221.0130365808,-58.169288744361964,3664.3874411492257,6596.6047414512595,-0.032013662454064132
116400,6882285.1233408684,-1278339.5936140164,-64.618199602405824,1378.0607884990404,7419.1555055773542,-0.010586625055746474
116700,6931754.5767575763,975080.8418606054,-64.400174132408239,-1051.1438407971054,7472.4835782317441,0.012046725601084959
117000,6262535.2984201796,3127404.2786618858,-57.503808983111284,-3371.3650495996671,6751.0600407664715,0.033547182349859136
117300,4944012.3945162371,4955476.5343674626,-44.609667893922285,-5342.0409677926982,5329.6825780376203,0.051680970253688577
117600,3112891.1518766894,6269761.9905275004,-27.023390788112046,-6758.8507237769782,3355.7204660243542,0.064551164508110145
117900,959023.37379501713,6933994.7640239988,-6.5438255306837299,-7474.8985715669023,1033.8353697378066,0.070795707451912104
118200,-1294276.5745400272,6879306.869105096,14.72061886966647,-7415.9442800418956,-1395.2380684663174,0.069731548894312614
118500,-3413385.1843427075,6111368.5073848879,34.568794193310261,-6588.1005224599194,-3679.6518885589694,0.06142965836807654
118800,-5178592.088251479,4709800.1342552556,50.934620340877103,-5077.1990334062757,-5582.5567781402879,0.046712476660735788
119100,-6406879.768243962,2819917.2695194213,62.102320062893632,-3039.8912583719948,-6906.6588271902583,0.027073236662815282
119400,-6970898.8425715286,637664.02029609121,66.886581570412602,-687.40638213659872,-7514.6748936709446,0.0045247623010075608
119700,-6812171.6011659037,-1610702.5132089797,64.758599023173304,1736.3490606122425,-7343.565853869638,-0.018607041214999908
120000,-5947154.9240666088,-3692070.6036659954,55.904468390927519,3980.0792896661687,-6411.0722795969705,-0.039923692211168274
120300,-4465534.0421974948,-5390642.9191258335,41.209447452587895,5811.1533880913394,-4813.8751258537477,-0.057203501724163025
120600,-2520924.0377027001,-6530310.4370925166,22.169359227713379,7039.7243872785712,-2717.5721169492708,-0.068633612777916547
120900,-314943.08013238222,-6992911.5642260667,0.73807766329982627,7538.412809427673,-339.50885706008444,-0.073000305310833125
121200,1923691.3963299522,-6730483.3202132722,-20.873244361394004,7255.513787947526,2073.7555207332675,-0.069817561981549328
121500,3962876.2914735894,-5770234.2915835921,-40.424472907996538,6220.3581914268179,4272.0118930037124,-0.059380381999131766
121800,5591187.5338870352,-4211723.6779487086,-55.878687043916827,4540.2716801229781,6027.3432968678399,-0.042737198841115147
122100,6639800.7493244288,-2216538.891921239,-65.614204889137696,2389.4469506270034,7157.7557474715213,-0.021584165794557148
122400,6999995.0969154965,8458.0052463840693,-68.594436248219353,-9.1169292418521763,7546.0475018555253,0.001907857795905717
122700,6634425.470098041,2232577.9441126506,-64.47787993777483,-2406.7353393048434,7151.9604334475725,0.025315887148694267
123000,5580994.4066637699,4225222.8285294417,-53.656713092946681,-4554.8218189797872,6016.3538427951771,0.046214187949174569
123300,3948922.3137866575,5779794.0530768149,-37.219719171441461,-6230.6615095944508,4256.9681184747369,0.062424971338823382
123600,1907423.4495780175,6735112.7560750265,-16.843031930835288,-7260.5023016819632,2056.2174618936488,0.072244775792809635
123900,-331838.2998994044,6992130.9638688015,5.3804301662307452,-7537.5696583396984,-357.72282659640064,0.074623256694310122
124200,-2536694.8896548832,6524200.9746492514,27.155621397493224,-7033.1372204723521,-2734.573764356679,0.069275723416170776
124500,-4478545.4998650765,5379838.1947701937,46.222235569028342,-5799.505197928911,-4827.9019690825398,0.056717259220053481
124800,-5956058.042488303,3677690.9574674545,60.589401818573464,-3964.5776603903555,-6420.6701843848768,0.038214111439660227
125100,-6816043.3519636551,1594238.8995353607,68.74380756313856,-1718.6010776412265,-7347.7397688671244,0.015656566745992691
125400,-6969337.8174554193,-654504.58908596076,69.8093789662734,705.56069613547606,-7512.9920710270117,-0.0086341321315519439
125700,-6400047.8058771202,-2835388.6978480555,63.64153538976997,3056.5697390872911,-6899.2937380543681,-0.03214508305704078
126000,-5167197.4917744519,-4722298.2752532242,50.845788983274289,5090.6725603148643,-5570.2730049601714,-0.052432354981628376
126300,-3398609.2761877193,-6119597.4639912108,32.718362096982233,6596.9722763161735,-3663.7228961252031,-0.067375640682107177
126600,-1277651.2262607093,-6882413.3219615323,11.114681044276891,7419.294470595516,-1377.3151548381384,-0.075400171046978243
126900,975774.52536288055,-6931656.4236084307,-11.740814287677818,7472.3797057833654,1051.894188617925,-0.075642566352007293
127200,3128031.3557480178,-6262221.0326396041,-33.483939037881612,6750.7236451735462,3372.0429314959647,-0.0680432011680384
127500,4955971.8220729092,-4943514.5569910537,-51.855397263357119,5329.1479684438955,5342.5761911544214,-0.053355361173459258
127800,6270073.8326214515,-3112261.34249302,-64.935439504325458,3355.0427560172425,6759.1875928418985,-0.033070142564803756
128100,6934090.4701298689,-958326.93514845031,-71.344207316444539,1033.0847468974866,7475.0020093131079,-0.0092647753450030047
128400,6879176.1368506784,1294967.3707722561,-70.38694682464336,-1395.9838887873586,7415.8035568877558,0.015610065145177227
128700,6111024.4508786406,3413998.6453133561,-62.128927525067823,-3680.3158727338682,6587.7301394144051,0.038982161341590681
129000,4709277.8903051447,5179064.4647969231,-47.392099739294977,-5583.0703625579145,5076.6369612043454,0.05842310175702875
129300,2819270.4187555588,6407161.7621196639,-27.673526391801268,-6906.9686269593003,3039.1950750242195,0.07189994550146539
129600,636959.19512101682,6970960.7001524009,-4.9936302747258274,-7514.7480485299811,686.64776656210211,0.077987402430166955
129900,-1611392.3896548629,6812006.3384240065,18.310479532373723,-7343.3937467307505,-1737.091253543221,0.076018574243219714
130200,-3692673.8880191958,5946779.2885791995,39.825604917527407,-6410.6721053168694,-3980.7271247223989,0.066158311362592009
130500,-5391096.8823092813,4464986.9469730714,57.31231635998315,-4813.2886496830988,-5811.6384489139973,0.049390919799591836
130800,-6530568.0551164141,2520262.485684189,68.938217791762028,-2716.8612909571771,-7039.99567145334,0.027422660563381777
131100,-6992946.5652728518,314236.00330742658,73.470242512367705,-338.74872220276939,-7538.4425183550884,0.0025084028755597912
131400,-6730292.8377519846,-1924370.5859767043,70.40566793734358,2074.4854533783255,-7255.3000231419492,-0.022780048202837223
131700,-5769838.8913248964,-3963457.46519191,60.027810021562793,4272.636293084116,-6219.9243999453884,-0.045820017059504364
132000,-4211164.9383969996,-5591611.024060416,43.380187851632371,6027.7985297742707,-4539.6634470770541,-0.064210628172545636
132300,-2215874.9742995161,-6640023.2768400665,22.16148751806195,7157.9957273207983,-2388.727006829763,-0.076023468676960554
132600,9158.2850938329939,-6999994.0182784097,-1.4480277031904691,7546.0478343903815,9.8748427961922971,-0.080004906361237027
132900,2233242.0314561534,-6634201.0508854995,-25.01081171330534,7151.720836632232,2407.4534652284228,-0.075708812324405489
133200,4225781.7816255987,-5580569.8922694931,-46.083859784407537,6015.8985632127424,4555.4260214706874,-0.063545743997767079
133500,5780189.6625121059,-3948341.6737049334,-62.47198944070842,4256.3438969880244,6231.0890159157216,-0.044743372247264379
133800,6735303.6556893494,-1906746.9027041062,-72.456323196865995,2055.4888586984048,7260.7085640817932,-0.021222159553154044
134100,6992096.9880598662,332540.54469905305,-74.974257228022296,-358.48031925727969,7537.5332207419369,0.0046009482076573571
134400,6523945.2400780255,2537349.9528783537,-69.73218119539267,-2735.2818058485527,7032.8618470451929,0.030060667531962671
134700,5379386.727547247,4479085.3610004885,-57.239110743102671,-4828.4874671662274,5799.0191886248831,0.052517935862117067
135000,3677090.0050417804,5956426.4953410365,-38.757490874797618,-6421.0725279403268,3963.9308040455071,0.069632791135410238
135300,1593550.2594086111,6816201.7621783279,-16.175903950279544,-7347.9167751399464,1717.8597911825525,0.079607632545581938
135600,-655209.80530575674,6969269.1941836011,8.1835712506086828,-7512.9244282040554,-706.31971113192094,0.081375823388993671
135900,-2836037.3632464493,6399758.7711487487,31.80383776753645,-6898.9875594484602,-3057.2671288077236,0.074715948031100793
136200,-4722822.9517132426,5166717.815383126,52.232735886339171,-5569.7598637680585,-5091.2348021165481,0.060279372735969096
136500,-6119943.6660789391,3397988.8529876946,67.337692438195162,-3663.0568018630083,-6597.3400380095463,0.03952747691496776
136800,-6882545.4117065286,1276954.735235452,75.528584963251774,-1376.5665284061354,-7419.4294677008475,0.014584243727280042
137100,-6931561.3488659635,-976474.63170473988,75.925417025301897,1052.6466568273877,-7472.2688127685924,-0.011981119638238398
137400,-6261909.4826391274,-3128662.6033380269,68.452989961155396,3372.7211036841868,-6750.3797095304972,-0.037419256352280703
137700,-4943019.547385145,-4956469.2461613258,53.852299743626439,5343.1106032847729,-5328.6076333475303,-0.059085868207491433
138000,-3111634.5807489557,-6270386.5079531958,33.607081219063083,6759.5240511030597,-3354.3621173872675,-0.074717193168688301
138300,-957633.46758249681,-6934186.5168007687,9.7928211018748748,7475.1064494634538,-1032.3336402916971,-0.082666830561635776
138600,1295655.7143018062,-6879045.8657620614,-15.136296948471166,7415.6652016349908,1396.7285353897487,-0.082079042883711664
138900,3414610.4853612371,-6110681.3990673702,-38.600534473981881,6587.3628158812435,3680.9774270484545,-0.072980338149047599
139200,5179536.1762789777,-4708757.5675140396,-58.161635215327514,5076.0781718139706,5583.5802663064196,-0.05627969185962918
139500,6407444.1129110586,-2818626.7555603548,-71.776088260487967,3038.5024595141876,6907.2737709088451,-0.03367728548202642
139800,6971024.044071788,-636258.97759769624,-78.008347288906123,685.89307998526806,7514.8166302292393,-0.0074911185215612575
140100,6811843.7201772211,1612076.4878219999,-76.181848961043087,-1737.8298612744811,7343.2186409878659,0.019580689502070713
140400,5946407.1241211761,3693270.8543124506,-66.452061100570504,-3981.3733499136115,6410.2713612087355,0.044737515105695055
140700,4464443.2916292278,5391544.6588409822,-49.793785115627095,-5812.1255297952348,4812.7033749498241,0.065365325839773919
141000,2519603.1588354353,6530819.8764606882,-27.903716831144493,-7040.2729176059138,2716.1514922353495,0.079307656964128379
141300,313528.96347876592,6992975.8021737337,-3.0279532658372155,-7538.4804135559307,337.98755781669843,0.085090657903921882
141600,-1925052.1524383656,6730095.9083909672,22.2681367427761,-7255.093634795141,-2075.2187798340146,0.082078909268501088
141900,-3964042.7614056417,5769435.8675708547,45.364242093568201,-6219.4945677873247,-4273.2647196161543,0.070545529873886167
142200,-5592039.202010436,4210597.6162975151,63.856506328397032,-4539.0551175113515,-6028.2556862804522,0.051648640906602192
142500,-6640250.0276882937,2215202.4754926562,75.807896470226453,-2388.0044523224165,-7158.2336098165015,0.027315798639342422
142800,-6999996.3152455986,-9865.9073060047813,79.951387138697612,10.635402093055063,-7546.0422242987879,4.7639576209023565e-05
143100,-6633979.4397895532,-2233911.3497902667,75.824515035620394,2408.1725835027937,-7151.4735543284778,-0.027339343884875064
143400,-5580148.1522307098,-4226343.7352065034,63.82089729619414,4556.029604774496,-6015.4364944847994,-0.052004304927814479
143700,-3947764.0735731577,-5780586.5987029402,45.15293941404088,6231.5156411802018,-4255.7154562764817,-0.071377389530213636
144000,-1906073.5155735994,-6735495.0382202966,21.729253321197003,7260.9150795198748,-2054.7587694502718,-0.083427961942398265
144300,333239.94591105659,-6992063.3691080417,-4.0407440433532713,7537.4986167264069,359.23730981183758,-0.086877550241821311
144600,2538002.9031239813,-6523690.2224698234,-29.494936843422888,7032.5893838324291,2735.9880134356363,-0.081335159229237647
144900,4479624.0540792635,-5378936.7058324665,-51.993673333689458,5798.5364854632198,4829.0699335589215,-0.067340737691239771
145200,5956794.7998830611,-3676491.587203681,-69.19348848573901,3963.28745421861,6421.4706835640036,-0.046312176215303938
145500,6816361.1263542445,-1592865.5125763195,-79.291007682306756,1717.1223628162109,7348.0890917358938,-0.02040123503025628
145800,6969202.711912089,655909.81279801053,-81.211712482719435,-707.07479356717477,7512.8529608075642,0.0077267872211404052
146100,6399472.9234173261,2836679.9717459795,-74.723917690056865,-3057.9617616253445,6898.6796915321211,0.035167002720446774
146400,5166241.7501769634,4723341.4152100552,-60.465987616516522,-5091.7972552608726,5569.2472481159875,0.059074398775550999
146700,3397371.3796502505,6120283.977582912,-39.883712897593178,-6597.7120402217188,3662.3919903996693,0.076958138051108516
147000,1276259.3910395156,6882671.8428782653,-15.083973507679417,-7419.5719358785236,1375.8178477532442,0.08694052618350781
147300,-977176.00512082549,6931460.2330869008,11.380588401069659,-7472.166014852437,-1053.4016561945321,0.087953968969758003
147600,-3129297.2521848897,6261590.8436767524,36.774016361598825,-6750.0414693022958,-3373.4034144250127,0.079855354729002445
147900,-4956971.1873825062,4942516.2694751639,58.459754490461435,-5328.0689550513634,-5343.6482619480703,0.063445491862758219
148200,-6270703.6456725299,3110999.039442366,74.174476960743007,-3353.6797432758021,-6759.8603524226937,0.040390810364482346
148500,-6934286.2733445764,956931.91153837461,82.26455610282926,-1031.5796844723516,-7475.2064916820345,0.013054633540164097
148800,-6878918.5759347547,-1296350.3388311113,81.860349565207656,1397.4749131789818,-7415.5195742908754,-0.015745087661824492
149100,-6110341.0942201745,-3415226.319286528,72.969804556467466,3681.6388426147723,-6586.9879730057364,-0.043026709989068282
149400,-4708240.2135460973,-5180009.8875422692,56.481219922772269,5584.0890800041334,-5075.5138809291293,-0.065954252157990029
149700,-2817986.331257171,-6407727.238913835,34.074486940768978,6907.5784477109437,-3037.8071888103191,-0.082132795517507073
150000,-635561.91095490544,-6971087.7432075609,8.0497210820182588,7514.8863324652257,-685.13810654668919,-0.089858942389940341
150300,1612758.0034024259,-6811681.6194096413,-18.909134398067145,7343.0461034386162,1738.5672140000574,-0.08830004750066929
150600,3693866.1338774078,-5946036.0302641243,-44.011327926490381,6409.873897590066,3982.0171571989522,-0.077583411734045704
150900,5391991.771246314,-4463901.6087544756,-64.648269794831052,4812.1216052011423,5812.6090145708758,-0.058786044953677445
151200,6531072.1200259477,-2518947.0336902216,-78.664505965063171,2715.4454612411082,7040.545674026579,-0.033825959261556279
151500,6993006.639598676,-312826.48253187095,-84.582584920541137,337.23043406811576,7538.5139852091179,-0.0052661589895701549
151800,6729901.7472034711,1925728.0700002925,-81.758448943926339,-2075.948580841834,7254.8845180777007,0.023948509662807947
152100,5769036.3908100659,3964621.9367514388,-70.451123539762193,-4273.8917888063334,6219.064322199617,0.050794616126735651
152400,4210033.7163733514,5592461.4030407798,-51.799275061176502,-6028.7152078041545,4538.4479011275871,0.072482408450631974
152700,2214532.0905654002,6640471.1240411606,-27.706753702992849,-7158.4776987471878,2387.2825735568695,0.086745075787153458
153000,-10573.639618605841,6999992.8614593903,-0.6485751947856464,-7546.044776211118,-11.397462267216952,0.09207529322258852
153300,-2234583.139645318,6633751.2657310879,26.583004721898511,-7151.2333365136719,-2408.8954465024763,0.087884546897577936
153600,-4226909.7878334261,5579718.6110078078,51.166412396545411,-6014.9779483546881,-4556.6372549335902,0.074568386325606514
153900,-5780988.0810056096,3947177.7520918706,70.543086676599941,-4255.086608412963,-6231.9439052861599,0.053470171120523463
154200,-6735690.4526763167,1905391.5229024903,82.683942579975721,-2054.0260651503249,-7261.1190587533283,0.02674624635147041
154500,-6992032.9813706409,-333946.58990913047,86.302135919884677,359.99664480538149,-7537.4577208480923,-0.0028542025130408148
154800,-6523437.9851631951,-2538660.9158027191,80.98968731422147,2736.6947739102397,-7032.3091387688846,-0.032272217711481865
155100,-5378489.5557949301,-4480165.5899694841,67.26334475119944,4829.6514180373015,-5798.0471482437169,-0.058455777827186278
155400,-3675896.3857910642,-5957164.3420966482,46.514499651438356,6421.8678038565431,-3962.6401600104737,-0.078677095602681546
155700,-1592184.1157046347,-6816520.9651534241,20.86800743296342,7348.2617141643386,-1716.3836911007766,-0.090817259050415877
156000,656606.82304136117,-6969136.6350334734,-7.0356843398549938,7512.7835015049841,707.82924306967811,-0.093588355345252394
156300,2837320.3733667592,-6399187.8633989673,-34.31265112226982,6898.3749477593346,3058.6545383153007,-0.086669773454130739
156600,4723858.6819750676,-5165767.1955680959,-58.133708361363176,5568.7381571584501,5092.3567329051257,-0.070744370132757584
156900,6120624.1768781496,-3396756.4783861311,-76.017838397212145,3661.7308952898056,6598.0799842776751,-0.047430632621154295
157200,6882799.3209054684,-1275567.9259048093,-86.090401454718275,1375.0731826176041,7419.7099300843465,-0.019117775988335407
157500,6931361.3804622469,977872.25913221284,-87.279324200981279,-1054.1526997691562,7472.0596663058486,0.011279253374444295
157800,6261275.4923105985,3129926.0120072546,-79.428841740290977,-3374.0831385424763,6749.7017660489546,0.040619668011358932
158100,4942016.6269056499,4957467.1258430397,-63.318842275922208,-5344.1864533243252,5327.5308358324091,0.065860827695117613
158400,3110366.3721504072,6271015.0724124294,-40.587550159855304,-6760.201205962826,3352.9984121214311,0.084373098491002441
158700,956231.35954051604,6934380.4447628763,-13.565196739122548,-7475.3141111191553,1030.8252323793786,0.094213274209948294
159000,-1297046.3599882817,6878785.1810213262,14.964521431837564,-7415.3818459379472,-1398.224254973002,0.094328373397160117
159300,-3415845.5883464641,6109993.5378514621,42.050914304253411,-6586.618413382681,-3682.3045888390075,0.084668528117792213
159600,-5180488.0217018034,4707714.4224503804,64.881346623039661,-5074.950848495856,-5584.6009892507936,0.066196743244635065
159900,-6408014.6458044704,2817337.0455929851,81.073385072817089,-3037.1100290837448,-6907.8825694587022,0.040793739360143397
160200,-6971154.974662222,634856.80226303637,88.923660848607113,-684.38046159990085,-7514.9512221985087,0.011066941727309352
160500,-6811522.414365218,-1613445.6550813369,87.587337959222737,1739.305892562488,-7342.8660785917173,-0.019917169374758091
160800,-5945667.7272597086,-3694465.2392573813,77.169146898756594,3982.66040528341,-6409.46897308598,-0.048949835041649875
161100,-4463363.0429252945,-5392440.7646892034,58.71609296829137,5813.0911554580207,-4811.5345801853327,-0.073012982226235271
161400,-2518294.3379958142,-6531325.1021621982,34.112206437808098,7040.8179328308961,-2714.7370500542156,-0.089593551646143688
161700,-312127.32524113287,-6993037.8663616423,5.8859612283855753,7538.5488106770463,-336.47320767606925,-0.096946237007770775
162000,1926401.2846650088,-6729708.174609839,-23.049852924088782,7254.6781720705312,2076.6770625222371,-0.094277078014749924
162300,3965199.3683816744,-5768638.0604328485,-49.698934635170176,6218.6375717125738,4274.5164674750931,-0.081828644675026263
162600,5592882.9470475893,-4209471.8457911126,-71.291808556188116,4537.8444009305185,6029.1712312971094,-0.060857835660184517
162900,6640692.7101534186,-2213864.9232014017,-85.573529719360423,2386.5646469231879,7158.7174758945694,-0.033508492919334207
163200,6999991.1191511359,11276.862997573568,-91.03890511128975,-12.155391001182579,7546.043260685361,-0.0025919361462953816
163500,6633525.9736480368,2235249.4114852105,-87.090786349216941,-2409.6148659993924,7150.9906552708826,0.02870198674915251
163800,5579292.6772576431,4227469.914530782,-74.104902997410377,-4557.2438134069735,6014.5191257661036,0.057133622578726825
164100,3946594.8184491992,5781383.7867306853,-53.394307718458904,-6232.3748725479354,4254.458759461224,0.079748262901612438
164400,1904711.5216329696,6735880.3385554757,-27.076805608765554,-7261.3294602472315,2053.2936680664557,0.094182576608299137
164700,-334653.49176979344,6991996.8380995402,2.1412990145842592,-7537.4249241995203,-360.75794625456206,0.098911217948695077
165000,-2539321.4848732296,6523179.0561360447,31.243173916590887,-7032.0356181738707,-2737.4056005157222,0.093408053792216145
165300,-4480711.1869182875,5378034.4249139447,57.212736579026313,-5797.560895162509,-4830.2369712530781,0.078204951301183365
165600,-5957538.2779217474,3675292.3323924243,77.347218603603125,-3961.9921729757025,-6422.2662527028788,0.054841360993174895
165900,-6816684.6432903986,1591494.1007405885,89.538634620655628,-1715.6424358630993,-7348.4313640800647,0.025709103230594752
166200,-6969073.6534710443,-657310.96969511791,92.494760893924678,708.58571036925696,-7512.7074302123438,-0.0061922654662750348
166500,-6398905.5685442174,-2837965.672855502,85.876327535140192,3059.3474268241471,-6898.06236517668,-0.037564556535468877
166800,-5165295.6196579989,-4724378.6487189634,70.335745433573095,5092.9148857370774,-5568.2226173293384,-0.065152531058954355
167100,-3396144.9722286137,-6120965.5457179733,47.452926112244143,6598.4467661355147,-3661.0661406368499,-0.086082322510494858
167400,-1274879.9956878615,-6882927.2863375759,19.57451169951452,7419.8483033788416,-1374.3275088942344,-0.098161262260935647
167700,978565.37166813121,-6931262.9989637211,-10.427045796889107,7471.9555075265971,1054.9029957399716,-0.10010767309891651
168000,3130552.4808760611,-6260961.0116380211,-39.449712302873614,6749.3653971829617,3374.7610003566951,-0.091686532244921917
168300,4957961.8466563728,-4941518.5678136982,-64.482760467569676,5326.9964504665932,5344.7217390006572,-0.073736755375237537
168600,6271326.4274264639,-3109736.3183617848,-82.919072481271229,3352.3209939701246,6760.5381432768754,-0.048087156308838655
168900,6934475.7556366259,-955534.67300451524,-92.826469719862331,1030.0749350353237,7475.4174815592378,-0.017369700841134539
169200,6878654.1649686256,1297737.3520921976,-93.149898486754438,-1398.9696398991045,7415.2408415723994,0.015250707949031305
169500,6109649.3568631234,3416459.1354817874,-83.823422321653155,-3682.9679371979209,6586.2476039227322,0.046402096223714814
169800,4707192.2745182775,5180960.3567287447,-65.780248700060227,-5585.1137556800804,5074.3883844506126,0.072853445300636463
170100,2816690.5441471892,6408296.5072995126,-40.859490505956686,-6908.1915358837705,3036.4136497729146,0.091849151593803302
170400,634152.54947830387,6971216.6758823209,-11.61896320057874,-7515.0237594012724,683.6218730997482,0.10139557125799496
170700,-1614134.8271640181,6811357.023818206,18.927014831859552,-7342.6937218173625,-1740.0479481108121,0.10047009132215207
171000,-3695067.8001088649,5945292.0027151704,47.618076259057339,-6409.0689053603264,-3983.3081392654258,0.089130886635254272
171300,-5392894.073248988,4462815.8748215316,71.474663860509025,-4810.9484294598869,-5813.5762073339147,0.068515460416033069
171600,-6531582.1777023561,2517632.7098090248,88.007545604151844,-2714.0266296539348,-7041.0892279051541,0.04072734656032679
171900,-6993072.4522452569,311420.18170558661,95.477793327291181,-335.71351937972304,-7538.5784277864586,0.0086219263741984659
172200,-6729517.4234942561,-1927080.4899812283,93.079958092909834,2077.4064524521609,-7254.4641607725534,-0.024487008951498419
172500,-5768242.5760341389,-3965780.4686882878,81.029016859587671,4275.1401784936088,-6218.2034547007588,-0.055169751691715729
172800,-4208913.2456013467,-5593306.2727431515,60.541626122657298,6029.6256833052521,-4537.2359105747819,-0.080236613084348471
173100,-2213201.3729508212,-6640915.0201328518,33.713241849521431,7158.956749723774,-2385.8446137301107,-0.097070090760586189
173400,11976.598611596506,-6999989.8196747294,3.3035654262246545,7546.0431450171191,12.913252117984939,-0.10389846581648951
173700,2235912.8706099447,-6633301.3558644792,-27.547616228258846,7150.7509472391503,2410.3329183769347,-0.099982147029795215
174000,4228028.2497198675,-5578867.975628851,-55.644829752855401,6014.0640051955634,4557.8480228435574,-0.08569321536163485
174300,5781778.8488132395,-3946013.9770902041,-78.067959935824874,4253.83482643362,6232.8024519355113,-0.062479776866315007
174600,6736070.7840043437,-1904034.7564253258,-92.475621664740018,2052.5653919852593,7261.5357384691533,-0.032718720842826246
174900,6991962.5141053516,335355.93452209514,-97.349381212120932,-361.5150459665349,7537.3883214179377,0.00052795354486568496
175200,6522923.1132810907,2539976.6666330285,-92.153443829283589,-2738.1130867300426,7031.7598926045493,0.033828134590101006
175500,5377582.9472096339,4481251.0486682951,-77.393129381941478,-4830.8217097121587,5797.0744827167055,0.063733505320896083
175800,3674691.6171900593,5957906.6262440076,-54.565864315612892,-6422.6677339433063,3961.3450456185483,0.08713599853266156
176100,1590805.9453388497,6816842.9011845496,-26.009456885447062,-7348.6076224182689,1714.9011049010021,0.10159019715530218
176400,-658015.52080328017,6969004.8929796536,5.3370227556619056,-7512.6393579404594,-709.34460094351903,0.10556850716015959
176700,-2838613.6025742954,6398616.4408086687,36.235416671200525,-6897.7561420273933,-3060.0446717387404,0.098622647849774078
177000,-4724902.6238246085,5164815.8816794623,63.482777719032001,-5567.7097249076423,-5093.4770716352878,0.081434365241309689
177300,-6121311.1455013547,3395524.4913577791,84.243376022500129,-3660.4004342572389,-6598.8145439696509,0.055749438962991282
177600,-6883058.8981345203,1274183.4452765232,96.344005832923244,-1373.5793180046494,-7419.9832740993716,0.024201012057777468
177900,-6931167.5854679355,-979265.50969949167,98.50175670981892,1055.6549609246349,-7471.8444477527382,-0.0099601427160918455
178200,-6260649.2926196801,-3131183.6894909479,90.460246260664491,3375.4385351552501,-6749.0211711858665,-0.043200853869886868
178500,-4941023.6021388462,-4958459.1413195478,73.019736481384371,5345.2553790493384,-5326.4558285922039,-0.072071566616495497
178800,-3109109.8382545523,-6271638.9056951851,47.957588717726992,6760.8738187270756,-3351.6402078061924,-0.093564966820685339
179100,-954841.69913796429,-6934571.5878231842,17.846972677442142,7475.5213227744325,-1029.3238539020253,-0.10542967891263674
179400,1298425.0691686403,-6878523.702696885,-14.20759836420293,7415.1022133809583,1399.7141788812219,-0.10640616527911796
179700,3417070.318017981,-6109306.1416657642,-44.890616447913402,6585.8803337104473,3683.6294320220086,-0.096360096684064062
180000,5181431.4611964561,-4706671.7910255995,-71.018660177759841,5073.8298532933522,5585.6236983642502,-0.076299183856233938
180300,6408578.3420569878,-2816046.7022877927,-89.870655969107233,3035.7213667888127,6908.4967388612176,-0.048271609326592371
180600,6971279.6089931997,-633452.15027226578,-99.471065887632449,682.86756055104161,7515.0922806324979,-0.015156496113365919
180900,6811194.121632874,1614819.0601208694,-98.796597922224905,-1740.7860672220477,7342.5183630879392,0.019631985773898623
181200,5944919.7290741205,3695664.8035769835,-87.884916592949821,-3983.9536811626622,6408.6677870271478,0.052496393752011802
181500,4462272.342468081,5393341.7778416574,-67.833919377014993,-5814.0624419136238,4810.3628325073996,0.080027485629027534
181800,2516973.7637749063,6531833.8578546774,-40.691392828697346,-7041.3656392488274,2713.3167063465953,0.099357228481813178
182100,310713.74251901987,6993101.5434318287,-9.2461240222694556,-7538.6157267963636,334.95243796591467,0.10845706181843452
182400,-1927761.3321160595,6729320.390140797,23.258312525719091,-7254.2575540662301,-2078.1396100992401,0.10635063080017902
182700,-3966365.0305781751,5767839.4930865671,53.457852687306676,-6217.7737571535963,-4275.7684935624548,0.093218759124189032
183000,-5593733.7925309064,4208345.8818040183,78.21599402521052,-4536.6279272539077,-6030.0828305285058,0.070385250316613579
183300,-6641141.2308170768,2212528.8289203588,94.949644003150979,-2385.1224847155795,-7159.1946443011766,0.040184219266630627
183600,-6999991.7108851355,-12684.257162427995,101.89887105305502,13.673336163614522,-7546.0374467556012,0.0057219255490194749
183900,-6633079.4960045125,-2236582.1767885312,98.312274014573049,2411.0514530531505,-7150.5034335539185,-0.029442759125822247
184200,-5578446.1846458185,-4228590.109481575,84.528317022258022,4558.4508712588622,-6013.6016461841346,-0.061666332080641713
184500,-3945436.5622975035,-5782175.6138628507,61.943750595240843,6233.228259290835,-4253.2061838738045,-0.087598824509210346
184800,-1903361.7909128356,-6736261.9608377255,32.872013818788808,7261.7415310093575,-2051.8352789323276,-0.10453263144943523
185100,336054.73563502193,-6991928.7055455418,0.30602358061238277,7537.3532748695079,362.2719226588838,-0.11068547690083402
185400,2540628.9372192449,-6522667.9447484752,-32.390226556264174,7031.4873406771812,2738.8191738471232,-0.10538786154086237
185700,4481789.0807097508,-5377132.7973910868,-61.829372900783767,5796.5919704616254,4831.4041532987221,-0.089155333031008019
186000,5958274.3507951442,-3674093.0637827022,-84.951678726614901,3960.7020221922821,6423.0659481837647,-0.063637942175217177
186300,6817001.7909225244,-1590121.0480137237,-99.342930701998228,1714.1640483576962,7348.7799553883578,-0.03145202711097099
186600,6968938.0566646131,658715.66128048161,-103.48624662873277,-710.09923960689457,7512.5677448622018,0.004088335557862123
186900,6398330.3942951532,2839256.2739346842,-96.921621208968517,-3060.7386995090651,6897.4479647963753,0.039312524253705385
187200,5164339.8286943221,4725421.0484537985,-80.296543283164752,-5094.0387291778989,5567.1967700236301,0.070572077528000016
187500,3394907.2852080194,6121651.3339033192,-55.302225787618056,-6599.1856726183951,3659.7354245147376,0.094617972417100404
187800,1273488.6151373237,6883185.1793274442,-24.501746042742841,-7420.1250089585828,1372.8306566055658,0.10893770671784103
188100,-979966.19576241297,6931066.3507677857,8.9324914935675768,-7471.7412506530663,-1056.4097946523982,0.11201747963857628
188400,-3131817.5899809254,6260330.5875448063,41.545194893791844,-6748.682917658356,-3376.1206842186493,0.10350227803986427
188700,-4958960.3767798683,4940520.2920023277,69.955072048143421,-5325.9174223754089,-5345.7929802120261,0.084236911673868778
189000,-6271955.4426581878,3108474.2682919465,91.205396403033419,-3350.9582392144875,-6761.2101385974584,0.056183070388695584
189300,-6934670.8736094395,954140.11202902324,103.07190983092164,-1028.570355381501,-7475.621341060244,0.022220197564973961
189600,-6878396.0895183235,-1299119.6984759951,104.29591428465613,1400.4600200525701,-7414.9564278734097,-0.014149864730408921
189900,-6108965.6949388469,-3417686.0908672661,94.71799592646525,3684.2901668410836,-6585.5052255001392,-0.049164221469757408
190200,-4706154.5212121829,-5181905.0316553153,75.298065947589564,5586.1316985075273,-5073.2653220856082,-0.079188829518038018
190500,-2815406.610247449,-6408861.276201467,48.019222408785303,6908.8006069055764,-3035.0260108723292,-0.1010963029097479
190800,-632755.63240553928,-6971343.1182891689,15.685074632506499,7515.1613805580455,-682.11267738137167,-0.11259209390963683
191100,1615499.8963358342,-6811031.8724244107,-18.368674831466507,7342.3455693497681,1741.5232582196854,-0.11245488413898873
191400,3696259.3798152627,-5944548.5282976627,-50.61861217638473,6408.2704059831467,3984.5973919674352,-0.10066599117520063
191700,5393788.2472745525,-4461730.5638818042,-77.718309902046158,4809.781356884163,5814.5459454218799,-0.078414193010323471
192000,6532085.5610169033,-2516317.5287424428,-96.84554189641392,2712.6110493876131,7041.6384495856601,-0.047975355346271516
192300,6993131.9590726513,-310011.14775726944,-105.99600061566211,334.19573591003473,7538.6492498254847,-0.012479249013008047
192600,6729125.9488620246,1928437.3232830553,-104.19301664929436,-2078.8688725811512,7254.0482177874355,0.024412387902010484
192900,5767439.925031988,3966944.1954265693,-91.591443254160581,-4276.3948379232661,6217.3431935312838,0.058883359286775246
193200,4207782.1323562935,5594155.8933472568,-69.464769343583356,-6030.5414850910929,4536.0204595851883,0.087357236943263944
193500,2211858.8544909186,6641362.1791976718,-40.076535146831901,-7159.4379044663028,2384.4005506543031,0.10686777488369092
193800,-13391.364371062489,6999988.1229856126,-6.4490190210121838,-7546.0394293270065,-14.435262346541776,0.11536741617228558
194100,-2237253.2272843574,6632851.2410391141,27.947254569687413,-7150.2630308040916,-2411.7741218292499,0.11194203470124259
194400,-4229155.422065312,5578016.611624646,59.55142073733353,-6013.1432618583622,-4559.0584049052086,0.096909463305339089
194700,-5782576.4390020687,3944850.2264724597,85.080804149501674,-4252.577700387882,-6233.6565174227253,0.071791060698477113
195000,-6736456.8410861716,1902679.7792980662,101.87198296799252,-2051.103016868813,-7261.9455255350895,0.03915849876479191
195300,-6991897.9241684731,-336761.39072244591,108.1589069799742,363.03075668537895,-7537.3122956351071,0.0023708834331837327
195600,-6522415.4804088986,-2541286.9153510509,103.25891396874641,2739.5253127271008,-7031.2068803227376,-0.0347710810201627
195900,-5376685.6305404669,-4482330.5080945119,87.646924830217969,4831.9848602736483,-5796.1023791108018,-0.068418226162383633
196200,-3673498.0935826702,-5958643.7211413858,62.909682348408069,6423.4622172599056,-3960.0545820505631,-0.095072470624513808
196500,-1589440.1257499496,-6817161.441812153,31.584404603375184,7348.951841948021,-1713.4254180053395,-0.11195104925115608
196800,659412.01795448957,-6968871.8270811308,-3.1016874381973061,7512.4978522971187,710.85351523951567,-0.11727729394968199
197100,2839895.9478352801,-6398045.2361150514,-37.564128120160866,6897.1431577355088,3061.4313110589278,-0.11046750504995013
197400,4725937.6151895877,-5163865.2094455436,-68.231835639658925,5566.687903987875,5094.5981572259252,-0.092194314577937295
197700,6121990.9252085248,-3394292.3174127438,-91.917214787427028,3659.0746949195986,6599.5536645931716,-0.064319829448894444
198000,6883312.1674395762,-1272797.069422733,-106.14735742605436,1372.0864077626979,7420.2630247157058,-0.029705389171863068
198300,6930967.1426621266,980662.51719898742,-109.421969281118,-1057.1603460105639,7471.6347810446432,0.0080824380414839143
198600,6260015.0502176993,3132446.3578755641,-101.37121177407757,-3376.7997585009316,6748.3429524214689,0.045139291229606922
198900,4940020.6858306471,4959456.2388463914,-82.796966192836933,-5346.3303471599565,5325.3790302102698,0.077626027615116833
199200,3107841.8973347861,6272266.7299234001,-55.593029647671507,-6761.5501151292319,3350.2767816543505,0.10216584466264329
199500,953440.10041997465,6934764.8988353014,-22.55220337357407,-7475.7282482077189,1027.8159822550926,0.11619467813904812
199800,-1299815.0145430299,6878262.5938882763,12.920128343863169,-7414.8183340492442,-1401.2091609059225,0.11822877912876603
200100,-3418304.6039269376,6108618.0974404085,47.156670358849098,-6585.1356839642904,-3684.9557404108568,0.10802170653584869
200400,-5182382.4603305459,4705628.7237680806,76.607162955758213,-5072.7025827820944,-5586.6435530707004,0.086594091713564678
200700,-6409148.0877078176,2814757.3204190913,98.206534998200809,-3034.3292710629266,-6909.104752167972,0.056132416685432285
201000,-6971409.8890212886,632050.51589485211,109.6940894704305,-681.35550830651528,-7515.2262500822007,0.019766504051503746
201300,-6810872.3613654142,-1616187.5312538559,109.85039720490568,1742.2613694829624,-7342.1653957652152,-0.018751886853631043
201600,-5944180.1116096498,-3696858.4076340357,98.626946874011693,3985.2399189594335,-6407.865241969168,-0.055436403936458614
201900,-4461192.1225201255,-5394237.0943687381,77.154660585998329,5815.0272347562604,-4809.1941385846903,-0.086479247706168313
202200,-2515665.2149178386,-6532338.3624160951,47.629979649552226,7041.9098775478587,-2711.902615193048,-0.10864704406356358
202500,-309312.5921392336,-6993163.0263751727,13.090011297872554,7538.6834733928772,-333.43866346990853,-0.11961804572156434
202800,1929109.8089097738,-6728932.2758247387,-22.900163136483393,7253.8416355557865,2079.5971404796405,-0.11822535545388346
203100,3967520.8819991359,-5767041.5487257652,-56.61571786999918,6216.9165572647125,4277.0193859156634,-0.1045806849379315
203400,5594576.7630893774,-4207220.2346361615,-84.557724292695028,4535.4172908706059,6030.9975105970407,-0.080065638767012948
203700,6641583.2054729834,-2211191.6484397855,-103.81623046384684,2383.6830398200636,7159.6777346814879,-0.047191313743495902
204000,6999985.952674387,14094.632658780552,-112.37311405030533,-15.192723286792443,7546.0378819219331,-0.0093406784674329515
204300,6632625.6766452165,2237919.5119839599,-109.31325802582131,-2412.4929568917873,7150.0201681836998,0.029579676865743428
204600,5577590.6068280339,4229715.492269638,-94.922057580868355,-4559.6642034305851,6012.6841806619832,0.065542505892440872
204900,3944267.4709841153,5782972.0184808969,-70.658980819943991,-6234.0866048202988,4251.949671446846,0.094816088388804204
205200,1902000.2161085396,6736646.5740569746,-39.009662126368198,-7262.1551114864815,2050.3706307892244,0.11435081757874035
205500,-337467.64694098872,6991861.6589187998,-3.2315021553634651,-7537.2789612106626,-363.79187862930394,0.12209640977620614
205800,-2541946.7348678624,6522156.4922835957,32.981276438882205,-7030.9332095601139,-2740.2359259289537,0.11721696483706409
206100,-4482875.3640566282,5376230.4922303911,65.878808391923769,-5795.6163134450835,-4832.5702971131595,0.10018138593930334
206400,-5959017.0048285797,3672894.0488949837,92.043787025689753,-3959.4069743667624,-6423.8606666965352,0.072719248008237869
206700,-6817324.5947137261,1588750.1131162709,108.74654661487658,-1712.684618340734,-7349.1215119379276,0.037645928867603019
207000,-6968808.4660385139,-660116.15577997291,114.23008466907247,711.60945891409892,-7512.4217032156821,-0.0014256255433393213
207300,-6397762.7371182172,-2840541.1959154941,107.89514879010301,3062.1235428784312,-6896.8303765898499,-0.040457146964082008
207600,-5163393.6511055138,-4726457.4644629564,90.365766087696059,5095.1554931570108,-5566.1721467772604,-0.075402891229721825
207900,-3393681.0875528893,-6122332.1272991551,63.427983078562299,6599.9195656311958,-3658.4098503825562,-0.1026296331164043
208200,-1272109.6648662759,-6883439.9685063791,29.84780019726006,7420.4006530409169,-1371.3408397969124,-0.11929494807733756
208500,981354.92574971856,-6930868.6507313214,-6.913084927183025,7471.5302017620397,1057.9104098952923,-0.12364419850768762
208800,3133072.05495334,-6259700.5288469493,-43.054413473777913,6748.0065483984063,3377.4774131309982,-0.11519512213330915
209100,4959950.2253008084,-4939522.629374465,-74.830432463003362,5324.8449055430183,5346.8655597378347,-0.094790662674072074
209400,6272577.4539801367,-3107211.8487793412,-98.938165476590328,3349.5997687893978,6761.8870936256035,-0.064514424373095652
209700,6934859.7093292745,-952743.40465167817,-112.86062259514956,1027.0661447864793,7475.8316499976572,-0.027477420245573671
210000,6878131.2253516,1300506.0085124492,-115.12932903478728,-1401.9540082347703,7414.6772380493476,0.012501875002419744
210300,6108273.7464543916,3418918.1056809761,-105.47888065212508,-3685.6183996855407,6584.7646637098414,0.051291145977847979
210600,4705106.6375831468,5182854.6836062968,-84.877371712040002,-5587.1554736416001,5072.1399135580614,0.084870956101309056
210900,2814111.1433243174,6409429.7954862099,-55.42932662871182,-6909.4128457673178,3033.6328354174566,0.10975063781316627
211200,631346.82663206942,6971471.4489524793,-20.16088713416066,-7515.2981018682131,680.59705369289736,0.12333056363890138
211500,-1616875.9850036302,6810706.8877132265,17.290872139523071,-7341.9927098863554,-1743.0031950809214,0.12417345875559128
211800,-3697460.2096231477,5943804.3684570389,53.052718300865045,-6407.4652230749489,-3985.8874751704507,0.11215659299133281
212100,-5394689.7019415051,4460644.9699742608,83.415638745176537,-4808.608299190113,-5815.5122388411992,0.088488699460846004
212400,-6532594.8511677999,2515003.6021721289,105.21952289094391,-2711.1926255391918,-7042.1812031849349,0.055589194011091456
212700,-6993197.1637513321,308605.45873305504,116.18224920283605,-332.67946632055055,-7538.7130748359032,0.016841431240265613
213000,-6728741.2372861532,-1929788.9813970895,115.13882090946467,2080.3259353458366,-7253.6274854038129,-0.023755080040877164
213300,-5766645.9792215368,-3968101.8938723179,102.16536516293186,4277.6423384892569,-6216.4822270642471,-0.061997797049389472
213600,-4206661.7986455578,-5594999.9426344242,78.574694221635141,6031.4510765132436,-4534.8086545572323,-0.093916776120165052
213900,-2210528.5279822247,-6641805.3515682146,46.783482251172529,7159.9161594152729,-2382.9630453852974,-0.11618740775797488
214200,14793.716531451326,-6999984.5295652701,10.064515752590097,7546.0371684613037,15.950368234766984,-0.12647710613129057
214500,2238582.1962467898,-6632401.0112757999,-27.790501561962145,7149.7802469270491,2413.2107458494147,-0.1236896644842468
214800,4230273.0452912301,-5577165.9242842542,-62.862742478545243,6012.229208047047,4560.2682511239145,-0.10808167527821971
215100,5783366.3800972607,-3943686.6740549942,-91.51207453618774,4251.3261082754298,6234.5141732337561,-0.081238767489395097
215400,6736836.4454388283,-1901323.4851960626,-110.75483225548629,2049.6428119373509,7262.3614462696087,-0.045914012729835668
215700,6991826.9055371815,338170.06528428127,-118.57435144262965,-364.54846667766378,7537.2423480059024,-0.0057451639147215045
216000,6521900.2887133183,2542601.8697024086,-114.13201481587545,-2740.9427864065701,7030.6573450381065,0.0351200752457844
216300,5375778.965815885,4483415.1253142878,-97.856827879931998,-4833.1542472907604,5795.1297042453834,0.072452087125537162
216600,3672293.5393926781,5959385.2031664671,-71.404067996330269,-6424.2612629059377,3958.7597377334541,0.10237658099692737
216900,1588062.4210219195,6817482.6963849179,-37.487031460643841,-7349.2969746958752,1711.9433608504455,0.12177603503948231
217200,-660820.04470324726,6968739.5958048441,0.40103534175423761,-7512.3531287052601,-712.36813049884336,0.12861400625465005
217500,-2841188.3705545813,6397473.5702890353,38.34641158117801,-6896.5240385587495,-3062.8205615513043,0.12214878871965502
217800,-4726980.7020135326,5162913.9265390346,72.418922488598866,-5565.6594651135129,-5095.7175677443238,0.10301406436063362
218100,-6122677.0834280429,3393060.6337586269,99.078911830681676,-3657.7445347427583,-6600.2873534153205,0.073157645229143586
218400,-6883571.0663992213,1271413.1328098709,115.54506849468065,-1370.5931142395807,-7420.5356496995919,0.035643903000946428
218700,-6930772.873276256,-982055.04047358083,120.08483667050974,1058.6618318657183,-7471.4190701064836,-0.0056603752954593779
219000,-6259388.6290632486,-3133703.200824338,112.19697253664812,3378.1542590044987,-6747.662140877339,-0.046484647033076462
219300,-4939027.715243673,-4960447.3991556996,92.66688948211042,5347.3983466675036,-5324.3041033489872,-0.082596625765496645
219600,-3106585.688615757,-6272889.7762818923,63.48862088691078,6762.2218623205326,-3348.9189486293258,-0.11024167892604009
219900,-952051.00492505846,-6934955.4061771706,27.661130834862558,7475.9347409432867,-1026.3152327035054,-0.12653373579385246
220200,1301192.9748466513,-6878000.6999136098,-11.120164243877657,7414.5382054566126,1402.6982590549101,-0.12975681562630953
220500,3419528.4768902622,-6107930.5522434367,-48.844833508569302,6584.3973889214139,3686.2796482444128,-0.11954560528800728
220800,5183325.0244967677,-4704586.227240406,-81.60235589432331,5071.5816802499075,5587.6653232889676,-0.096926144800655006
221100,6409710.9816624997,-2813467.380550425,-105.98753224358239,3032.9409976203629,6909.71808729451,-0.064212263466910377
221400,6971533.8763668416,-630646.49032656336,-119.45433937573534,679.84324308193823,7515.3666687853802,-0.024768409753266853
221700,6810543.6404175153,1617560.1548461197,-120.58149812602018,-1743.7407349107127,7341.8172933680416,0.017336632680863068
222000,5943431.9436964486,3698057.1160061159,-109.22214508619182,-3986.5322947387558,6407.063948290941,0.057749388560700395
222300,4460101.5255698571,5395137.2617635885,-86.521957345300407,-5815.9976136575679,4808.0225653986727,0.092281417023050774
222600,2514345.0070787128,6532846.3653828027,-54.80363653589815,-7042.4567532190977,2710.4827132624596,0.11734280079166484
222900,307899.60285315942,6993226.1193201765,-17.329417634049317,-7538.7497204880428,331.91856825940522,0.13031477469275751
223200,-1930469.0963706274,6728544.1373558091,22.0341686769167,-7253.4205877823933,-2081.058840586209,0.1298230685802319
223500,-3968685.6984934546,5766242.8972205967,59.214944947907028,-6216.0526076811475,-4278.2704763858655,0.11588358070414548
223800,-5595426.7696294133,4206094.4679242801,90.356174680450337,-4534.2009973860913,-6031.9081864910213,0.08990489782971961
224100,-6642030.9866428319,2209856.0138402451,112.21662923270526,-2382.2413541276765,-7160.1540931737036,0.054546730868750663
224400,-6999985.9859819664,-15501.352424893761,122.50813108009308,16.709949194784258,-7546.0314594335905,0.013448167642544875
224700,-6632178.8831635779,-2239251.4589986494,120.13533459527191,2413.9286605564366,-7149.5326043707782,-0.029146725236574109
225000,-5576744.0764999921,-4230834.8112641517,105.3124918856692,4560.8703066685412,-6011.7666623779842,-0.068827470517075662
225300,-3943109.4619734013,-5783763.0047582034,79.544656238314673,6234.9390633663897,-4250.697367096599,-0.10147444550132724
225600,-1900650.9950935859,-6737027.4807078717,45.4748719079521,7262.5663752296196,-2048.9127986684853,-0.12368718548898944
225900,338868.16801158688,-6991793.0142610352,6.6128877356555975,7537.2067113528292,365.30506678078882,-0.13313896386917501
226200,2543253.323998936,-6521645.1298530111,-33.026677510474052,7030.3846057077799,2741.6485632150243,-0.12882054474982313
226500,4483952.3431656603,-5375328.90356459,-69.3393105462862,5794.6473754366361,4833.7365014889756,-0.1111475722941548
226800,5959752.2064864496,-3671695.1043473408,-98.555737068867884,3958.1171230849577,6424.6594571083078,-0.081920287814599729
227100,6817641.003215963,-1587377.6320951218,-117.63313561968221,1711.206802044381,7349.4693720668147,-0.04413964085589292
227400,6968672.3335528979,661520.09166556702,-124.57184222690042,-713.12221649188609,7512.2815311023442,-0.0016987710980931187
227700,6397187.2782922881,2841830.9366606693,-118.62465177510008,-3063.5139274224261,6896.2157684566255,0.041018268297119104
228000,5162437.8489670092,4727498.9844259275,-100.37691301557562,-5096.2784157177803,5565.1463769145394,0.07958912784977501
228300,3392443.6604006561,6123017.1004094351,-71.688941445795251,-6600.6575994625427,3657.0794849286513,0.11001046353524474
228600,1270718.7886331321,6883697.1894231085,-35.506458463517923,-7420.6766151369129,1369.8445841749237,0.12911283256345549
228900,-982755.05181482655,6930671.5407364648,4.4416448503287995,-7471.3154094757001,-1059.4164135672258,0.13489044404955919
229200,-3134336.3451369433,6259069.9025986996,44.027297913440684,-6747.3238074436422,-3378.8361753210324,0.12671166875630049
229500,-4960947.9044028725,4938524.4353941446,79.149581195215944,-5323.7659283228895,-5347.9358461596476,0.10538826896381102
229800,-6273205.6809173394,3105950.1591040269,106.15947925315976,-3348.2373782314894,-6762.5582037762033,0.073095629081750352
230100,-6935054.191071583,951349.44680190668,122.23910368593442,-1025.5622056075044,-7476.0347916038936,0.033151509113612893
230400,-6877872.7389785647,-1301887.5718117808,125.69592612472532,1403.4435404322739,-7414.3923539098114,-0.010324470166541321
230700,-6107589.947959641,-3420144.1810876373,116.14118514134515,3686.9396646663663,-6584.0221162348944,-0.052835800030687108
231000,-4704069.0419080537,-5183798.476255483,94.533541705905577,5588.1724371978889,-5071.0170058375224,-0.089974608227303271
231300,-2812827.650053395,-6409993.7760263309,63.08303006046026,6910.0210262496512,-3032.2456631623254,-0.11787932284887337
231600,-629950.59192250553,-6971597.2844866943,25.024909202475932,7515.4350168419423,-679.08859084875985,-0.13363670416568202
231900,1618240.1977637799,-6810381.3798610987,-15.713386161364239,7341.6441144973569,1744.4775841323014,-0.13558620287415515
232200,3698650.8463913081,-5943060.8292764407,-54.917811721964391,6406.6665954172649,3987.17572346013,-0.12349478377593349
232500,5395582.9438830148,-4459559.8932704581,-88.523816222758967,4807.4414257380295,5816.4810079787549,-0.098583872701007991
232800,6533097.4079117775,-2513688.9264093866,-113.0377817399123,2709.7775409858177,7042.7296036519911,-0.06340549588311109
233100,6993256.0291505307,-307197.14325808967,-125.90008951226915,331.16240807328495,7538.7833079157253,-0.021580361027380267
233400,6728349.3625907395,1931144.9605826749,-125.75212450283611,-2081.7874863707193,7253.2112315166551,0.022575059876812197
233700,5765843.1995680863,3969264.7166787209,-112.57945630423841,-4278.8960715453622,6215.6219443572982,0.064493928048706586
234000,4205530.8331488883,5595848.6951164091,-87.716216395723805,-6032.3659749206581,4533.5934608813595,0.099830964448868048
234300,2209186.415243214,6642251.7587396055,-53.710002687349331,-7160.396510472734,2381.5194949065367,0.12491227773796071
234600,-16207.859986689175,6999982.2685396466,-14.06100854198521,-7546.0328251566962,-17.471648575160316,0.13711676608321771
234900,-2239921.777770502,6631950.5765952962,27.137965833142001,-7149.2919498622332,-2414.651061165514,0.13514974616604905
235200,-4231399.3722353159,5576314.5205613673,65.623709612694654,-6011.3083833989913,-4561.4776692020678,0.11918038430335888
235500,-5784163.1484202063,3942523.1720204041,97.403579801503838,-4250.0692207342809,-6235.3672979526509,0.0908282942436546
235800,-6737221.7984398585,1899969.0224843856,119.1697279608405,-2048.1809773883942,-7262.7704185763741,0.053000023927160606
236100,-6991761.8126184577,-339574.79335282277,128.64359447673067,366.06338907858071,-7537.165726150226,0.0095916206696634726
236400,-6521392.4163539074,-2543911.2534765848,124.81470568349526,2742.3540599600519,-7030.1040262295164,-0.034912512142480298
236700,-5374881.7073217873,-4484493.6767364508,108.0486236113225,4834.3163839841709,-5794.1576239132237,-0.07590319579762056
237000,-3671100.3735577585,-5960121.4475092916,80.052419638395847,6425.0547811564593,-3957.4696314309117,-0.10912441641736073
237300,-1586697.227984027,-6817800.5399905816,43.700858786257712,7349.640384239834,-1710.4683314874972,-0.13111581742366227
237600,662215.70726785599,-6968606.0668335948,2.7410176908671744,7512.2110595538115,713.87615721364568,-0.13957351216121458
237900,2842469.7577165021,-6396902.1909273751,-38.594230533349283,6895.9108023969511,3064.2061848228004,-0.1335914693959844
238200,4728014.7104236893,-5161963.3886371488,-76.023892034963737,5564.6377312144878,5096.837630400436,-0.11375818457434822
238500,6123355.9554168936,-3391828.8866069335,-105.66234713096591,3656.4192031015373,6601.0255663877651,-0.08209844177640957
238800,6883823.5912810974,-1270027.4258726232,-124.42267842260947,1369.1008720812767,7420.8147074123035,-0.041866096153934995
239100,6930571.9149052985,983451.21145066235,-130.33798254526673,-1060.1663746955576,7471.2089853409534,0.0027907259025855523
239400,6258754.1384238638,3134964.9513643729,-122.76729038993915,-3379.5145571298026,6746.9837984339338,0.047257411352881563
239700,4938024.830219564,4961443.5850350112,-102.46464056462214,-5348.4723894444778,5323.2274670079969,0.086929460349014206
240000,3105318.0472651892,6273516.7775915992,-71.503971567583292,-6762.8973074750556,3347.5559474050692,0.11768875362334373
240300,950649.94106341316,6935148.0572723988,-33.067358188063551,-7476.1409610481323,1024.8080163863342,0.13633042208497806
240600,-1302582.2045730993,6877739.1566480994,8.8818039782874365,-7414.253837585723,-1404.1924029715237,0.14089632667044
240900,-3420761.9409920219,6107242.3440199513,50.007188913933831,-6583.6525286428077,-3687.6050051903389,0.13088065358118439
241200,-5184275.1854479499,4703543.2872947054,86.047551471939542,-5070.4545146670534,-5588.6842038608556,0.10728608612937464
241500,-6410279.9687266741,2812178.4088511243,113.25818147543644,-3031.549324800877,-6910.32520643932,0.072524185912633973
241800,-6971663.568333583,629245.50959336222,128.80010509989569,-678.33189561979293,-7515.4999252327507,0.030169571651655475
242100,-6810221.5372658661,-1618927.7966548174,131.03653148712885,1745.2151219024054,-7341.4638802670515,-0.015407331270516352
242400,-5942692.2774506658,-3699249.804886248,119.70547676502075,3987.8175052015649,-6406.2612837136403,-0.059491369610783502
242700,-4459021.5677073756,-5396031.6795673706,95.950242671673195,5816.9613809557059,-4806.8541011762591,-0.097510941317539471
243000,-2513037.0131284622,-6533350.0907878298,62.204169320794492,7043.0000836996505,-2709.069183028585,-0.12551269538937412
243300,-306499.24874704261,-6993287.0341644427,21.941265645238516,7538.8167815913366,-330.40562677214029,-0.14057311327406213
243600,1931816.61503277,-6728155.7340791021,-20.681668391416906,7253.0042863862891,2082.5153616312632,-0.14110394256353373
243900,3969840.5282795038,-5765444.9780931082,-61.254463385496472,6215.1953708649144,4279.5203051585795,-0.12701951408501619
244200,5596268.7595786266,-4204969.1568284687,-95.570086359493288,4532.990666779714,6032.8218790478759,-0.099748381674771319
244500,6642472.1180447889,-2208519.4395824624,-120.06091173573236,2380.8025073137505,7160.6363865173835,-0.062087943283750613
244800,6999979.5974817937,16910.921351988101,-132.16950348237816,-18.228530420588186,7546.0313650058788,-0.017917025524450389
245100,6631724.6943991361,2240587.8733443641,-130.61541790932799,-2415.3692468850795,7149.0491084892265,0.028203862987110334
245400,5575888.4100219738,4231959.2486569146,-115.53028259629153,-4562.08269829247,6010.8492608745491,0.071503307363060695
245700,3941940.5581126371,5784558.5245477511,-88.447009398493051,-6235.7965202771038,4249.4411897288501,0.10749220458985109
246000,1899289.8580778926,6737411.3464731202,-52.144044264007682,-7262.9791865226543,2047.4487256198286,0.13242858201611846
246300,-340280.43707116041,6991725.4239330459,-10.360494682945191,-7537.1318150386014,-366.82424724227576,0.14370612415124079
246600,-2544570.3407590762,6521133.3896012381,32.588713249046826,-7029.8301429681069,-2743.0643959538593,0.14012630992750216
246900,-4485037.7903527673,5374426.5984204318,72.258151932273805,-5793.6716879337673,-4834.9016608739676,0.12202587850350329
247200,-5960494.0635408703,3670496.3825681331,104.53184893309347,-3956.8223676157249,-6425.453223339051,0.0912460155616448
247500,-6817963.1447004229,1586007.2580690046,126.05036920988715,-1709.7279715711641,-7349.8101131438498,0.050945791305794061
247800,-6968542.3001947561,-662919.81361721759,134.56069951029582,714.63158369542066,-7512.1349087541184,0.0052784427013361848
248100,-6396619.4611590039,-2843114.9570935396,129.15240659553993,3064.8977549070837,-6895.5979113355816,-0.041036543118873323
248400,-5161491.8268412407,-4728534.4709194582,110.35519350165841,5097.3941129133655,-5564.1218400496309,-0.083201479607636269
248700,-3391217.9305043202,-6123697.0442206711,80.087308059004087,6601.3904978098026,-3655.7543537133915,-0.116838038935296
249000,-1269340.5788289539,-6883951.3104108134,41.459767456027556,7420.9514541103872,-1368.3555226607962,-0.13844247206611049
249300,984142.84066891624,-6930473.4356035078,-1.5435931878427098,7471.1038414601717,1060.9160477213532,-0.14575094012991405
249600,3135589.7643178729,-6258439.7523339912,-44.477260287574353,6746.6472661344669,3380.1918170818444,-0.13797674484157027
249900,4961936.7099851472,-4937527.0062703006,-82.893837490594393,5322.6936005884891,5349.0073685482494,-0.11589460536112206
250200,6273826.7561599035,-3104688.2693828424,-112.80485752187688,3346.8794208826262,6763.2342600324428,-0.081763074519905957
250500,6935242.2836778741,-949953.50259049516,-131.09482431485421,1024.0587526287632,7476.2444556136934,-0.039093032139514032
250800,6877607.3832125487,1303272.9698620145,-135.84552112136421,-1404.9366264885959,7414.1128207484462,0.0077138271917819093
251100,6106897.7879418638,3421375.2270029718,-126.53689544563012,-3688.2669473654169,6583.2815160454766,0.053819142721278343
251400,4703021.2288054582,5184747.1907634195,-104.1035850822629,-5589.1952939052608,5069.8918403218122,0.094447766301480163
251700,2811532.5161389615,6410561.4689326612,-70.841050403954654,-6910.6324439464806,3030.8529794519172,0.12538180446561709
252000,628542.34323083446,6971724.9691760279,-30.17078434466011,-7515.5710758788518,677.57367159696469,0.14339790677035782
252300,-1619615.5623544799,6810055.9868723685,13.711404622430596,-7341.2908143683508,-1745.9566498310326,0.14660271638884276
252600,-3699850.8604934113,5942316.5396429263,56.267969945088502,-6405.8612506993932,-3988.4648340357862,0.13463177112488781
252900,-5396483.5812096354,4458474.465917238,93.088592002741422,-4806.2685228559594,-5817.4463145164591,0.10869100099107455
253200,-6533605.9757804023,2512375.4518717322,120.34716729108712,-2708.3595936996662,-7043.2714587088085,0.0714359755353077
253500,-6993320.6989754075,305792.14934041654,135.19950404722047,-329.64690229745884,-7538.8464279355239,0.026700689802869597
253800,-6727964.3796051228,-1932495.7529706715,136.08033418924461,2083.2435719943637,-7252.7900801784026,-0.020896687861299817
254100,-5765049.2945026793,-3970421.4751190925,122.86851344694607,4280.1424880611594,-6214.7609092676958,-0.066430686201787256
254400,-4204410.8658047132,-5596691.8398508513,96.902860243402344,6033.2745013395406,-4532.3819607823216,-0.10517870222375764
254700,-2207856.7555759735,-6642694.1715503419,60.846577851176995,7160.8738479071517,-2380.0826430057296,-0.13311141612831595
255000,17609.30660825083,-6999978.1552313603,18.413979640902106,7546.0299070627352,18.985825961678984,-0.14731228040843924
255300,2241249.6936291661,-6631500.1329413671,-26.012381966743853,7148.8088493088808,2416.0865953552538,-0.14628223694117681
255600,4232515.903315207,-5575463.9532727199,-67.834620192934224,6010.3943871666452,4562.6864030526322,-0.13009777152808252
255900,5784952.0688922992,-3941360.0590035673,-102.71555222324513,4248.8180399208013,6236.2239591958296,-0.10040570905767385
256200,6737600.5503231101,-1898613.4336533782,-127.02852203563,2046.7214671110507,7263.1855769987387,-0.060255157027518116
256500,6991690.1799452864,340982.57787373406,-138.23434459571121,-367.58022221416877,7537.0953157855483,-0.013783932750501701
256800,6520876.887723336,2545225.2264619488,-135.1462384411422,-2743.7705796399759,7029.5543437821534,0.034208106486386038
257100,5373974.9921103846,4485577.3134519216,-118.05519312570537,-4835.4848281839404,5793.1850966021302,0.078754734153084496
257400,3669896.0414048648,5960862.0330725862,-88.702634467612683,-6425.8529627457483,3956.1751935927286,0.11523685390711569
257700,1585319.985557555,6818121.0542621333,-50.10300585844432,-7349.9847885718782,1708.9869028204744,0.13986087555253707
258000,-663623.08066064119,6968473.3122928254,-6.2343556063393777,-7512.0658005217329,-715.38996133674573,0.15005265915035937
258300,-2843761.402765498,6396330.2662709616,38.371367231471694,-6895.2913993142474,-3065.5944939539067,0.14472635491916316
258600,-4729056.978498756,5161012.1398775689,79.096224774147828,-5563.6093089340957,-5097.956043365185,0.12440018737257427
258900,-6124041.3483781023,3390597.5331074465,111.71422021501186,-3655.0893841622624,-6601.7582966079317,0.091146781529502896
259200,-6884081.8749846034,1268644.087826635,132.82985551911293,-1367.6082317676417,-7421.0865196529694,0.048382522542929123
259500,-6930377.2667132774,-984842.92736821366,140.23179402705281,1061.6669500236221,-7470.9927113674548,0.000517052335588776
259800,-6258127.6388778947,-3136220.866336287,133.12470348443819,3380.8679839611814,-6746.3027571032453,-0.047501342905810207
260100,-4937032.1126241451,-4962433.8048172612,112.21485256130008,5349.5392756155625,-5322.1526902114529,-0.090697603645574998
260400,-3104062.4144925233,-6274138.985787238,79.640161080300999,6763.568037612572,-3346.1986419079076,-0.12458591825238824
260700,-949261.69591320213,-6935337.9350405596,38.751579444471176,7476.3466611276144,-1023.308116361563,-0.14563613099928605
261000,1303959.1234227726,-6877476.9238279117,-6.2318176107849617,7413.9732410184906,1405.6804331200096,-0.15164182785361036
261300,3421984.6884084209,-6106554.7962033199,-50.658440026620951,6582.9141457387068,3688.927764257377,-0.14195160627978531
261600,5185216.6553888349,-4702501.126138594,-89.925419001735477,5069.333903807893,5589.7048939896858,-0.11753929856134369
261900,6410841.9063985003,-2810889.101060465,-119.95560279888684,3030.1616656752667,6910.9376627763122,-0.080905701867642621
262200,6971786.8201205814,-627842.33769389382,-137.62084352227399,676.82046908453026,7515.6397557645632,-0.035821899886624667
262500,6809892.3519080281,1620299.4385962393,-141.06764826208689,-1746.6935367112937,7341.1155139240027,0.013059294879118298
262800,5941943.934340938,3700447.4997685142,-129.91136299370481,-3989.108918091033,6405.4600366166405,0.060683602706436919
263100,4457931.076665516,5396930.8893718161,-105.27864588548601,-5817.9308590976398,4805.6828469841776,0.10211762506551328
263400,2511717.1650890345,6533857.2675146908,-69.6936511358129,-7043.5461758925967,2707.6498312601434,0.13305937742344176
263700,305086.83043015632,6993349.4958734205,-26.819464294686487,-7538.8824130726925,328.88627514019504,0.15028437036694325
264000,-1933175.1788145716,6727767.2113181194,18.918746152426046,-7252.582845579278,-2083.9761672025325,0.15198123109855496
264300,-3971004.5434577819,5764646.2261219397,62.790180366096102,-6214.3313050434026,-4280.7704098692357,0.13794212292269042
264600,-5597117.9766861163,4203843.5889438,100.24750197935705,-4531.7745731986952,-6033.7315611787608,0.10958797937659835
264900,-6642919.2187597314,2207184.2904607593,127.39811252435727,-2379.3613464925602,-7161.1118459575537,0.069825392257297475
265200,-6999979.1530542308,-18316.913903355598,141.40879499756971,19.744938846866489,-7546.0242480174729,0.022749271226905572
265500,-6631277.7032794207,-2241918.9281916334,140.8016089398655,2416.8039169854605,-7148.5611541681192,-0.026778574450168933
265800,-5575042.010563992,-4233077.6131539941,125.61002355963166,4563.2876667152022,-6009.9317257133744,-0.073631675314025091
266100,-3940783.0184426727,-5785348.6108628437,97.378683844827037,6236.6478811341985,-4248.1892651219241,-0.11294999921003196
266400,-1897941.4123929618,-6737791.5231621759,59.006428384106698,7263.3895304522057,-2045.9916367896876,-0.1406446727428578
266700,341679.94899165072,-6991656.3164250916,14.448506818729633,7537.0589433309224,368.33641679585162,-0.15382367331806451
267000,2545875.7893793252,-6520621.8950955765,-31.691353132292008,7029.281294004496,2744.4758713483052,-0.15109400598438469
267300,4486113.6155111566,-5373525.2284664894,-74.636860898575691,5792.7029040216721,4836.0667148115663,-0.13270874241429034
267600,5961228.2132218098,-3669297.9812314287,-109.93376897168289,3955.5330307210902,6426.2510234744104,-0.10054347117442536
267900,6818278.6987513378,-1584635.5786178079,-133.91189048378158,1708.2509395020065,7350.1572555087732,-0.057904471883488351
268200,6968405.5744782835,664322.7811989066,-144.06659689033728,-716.1434039993951,7511.994347047159,-0.0091884151227270283
268500,6396043.6989706634,2844403.6623484204,-139.32018720467298,-3066.2871611239952,6894.9832408710809,0.040571219537806694
268800,5160536.0098853372,4729574.9813532904,-120.13594192399664,-5098.5161018937979,5563.0962978163234,0.086224118232557323
269100,3389980.7543731108,6124381.1136489958,-88.472895879733514,-6602.1277010052654,3654.4244587166068,0.12303580352274648
269400,1267950.1817124186,6884207.7999723628,-47.585803491429182,-7421.2267335636916,1366.8599392186586,0.14717805356164801
269700,-985542.31085271051,6930275.8215688504,-1.6907342156999192,-7470.8885619038701,-1062.4212146537238,0.15612650150495458
270000,-3136853.2883928046,6257808.8921518354,44.469401488510073,-6745.9642866074309,-3381.5496246410703,0.14892435063021234
270300,-4962933.5950290663,4936528.8741931561,86.114733262342298,-5321.6146825572378,-5350.0766508969955,0.12628477348900019
270600,-6274454.2553371899,3103426.9388896408,118.92323839897607,-3345.5174150944104,-6763.9044096709804,0.09052097600650455
270900,-6935436.2013646876,948560.17192876106,139.47932284776493,-1022.5555149021941,-7476.4467899478168,0.045310524450261049
271200,-6877348.5844977787,-1304653.7007253077,145.6296039288456,1406.4251950817102,-7413.8273929623592,-0.0046823499395028112
271500,-6106213.993527039,-3422600.3581439969,136.7087464852107,3689.5870864993167,-6582.5387789295137,-0.054287874807513958
271800,-4701983.9827762125,-5185690.0421885001,113.6115504188907,5590.2111038861331,-5068.7691464012651,-0.098365670988534798
272100,-2810249.7041128115,-6411124.632826658,78.703397118780074,6911.2395920649933,-3029.4664176717642,-0.13233798651193329
272400,-627147.06368400762,-6971850.2229822259,35.577971675002573,7515.7072178782673,-676.0661482712494,-0.15266567867334133
272700,1620978.6404368861,-6809730.2139289044,-11.312892236404384,7340.9418082502934,1747.4298912462432,-0.15721724480181917
273000,3701040.3005135376,-5941573.0916888658,-57.11903619567363,6405.0626227222874,3989.7518818858716,-0.14549231452598524
273300,5397375.6866103774,-4457389.8281244952,-97.093877340628239,4805.102042904331,5818.4139918902838,-0.11867618392783752
273600,6534107.5640887059,-2511061.5088109644,-127.08636909067118,2706.9452193151415,7043.8190109515244,-0.079519574960079137
273900,6993378.842168903,-304384.77357736789,-143.9719980943222,328.13075437865814,7538.9161373318157,-0.032055985380079345
274200,6727572.0702455193,1933850.6869792405,-145.97808768942889,-2084.7041357416647,7252.3736450030437,0.018814146932087536
274500,5764246.3749125209,3971583.2462051194,-132.86960922064702,-4281.3952574827035,6213.9007563412779,0.067829459344078219
274800,4203280.0371754467,5597539.6197243761,-105.97612370795072,-6034.1885266355766,4531.1671558405978,0.10991156866295555
275100,2206515.0225184117,6643139.7553897006,-68.056884531187066,-7161.3534595851406,2378.6396919216886,0.14069072056743262
275400,-19022.873420138378,6999975.2775229849,-23.017829390658164,-7546.024997077413,-20.506333759303288,0.15695897118645957
275700,-2242588.5601889566,6631049.3347988371,24.490534373330277,-7148.3202054037647,-2417.5260021312547,0.15700414397414261
276000,-4233641.4507974517,5574612.4727237523,69.553041947950959,-6009.4734878283698,-4563.8948296199378,0.14078997908521956
276300,-5785748.0817279546,3940196.7805185188,107.49817605338473,-4247.5613920952546,-6237.0760883252115,0.10996354819704564
276600,-6737985.2690968057,1897259.4811055183,134.38229583673754,-2045.2602002302649,-7263.5936528507473,0.067688622296583012
276900,-6991624.669180641,-342386.55610510893,147.39962437822336,369.09427880663657,-7537.0180117726641,0.018321560486486012
277200,-6520368.8926717564,-2546533.7015509075,145.17531628920227,2745.1807685767917,-7029.0006640272277,-0.033037334360619119
277500,-5373077.954110045,-4486654.9060387975,127.91088450749596,4836.6457851744808,-5792.2130515067474,-0.081070892752014789
277800,-3668703.4455032535,-5961597.3921289304,97.366496260300067,6426.6453572858882,-3954.8855408843683,-0.12079603485838855
278100,-1583955.6718691022,-6818438.2069902364,56.681576612713187,7350.3272831422273,-1707.5127034944173,-0.14808130572425654
278400,665017.63702468318,-6968339.3856184008,10.052000812489545,7511.9231514780022,716.89688543158854,-0.16007700760937146
278700,2845041.5702706478,-6395758.8424908072,-37.702871356188915,6894.6779940880124,3066.9788922428525,-0.15551298735274249
279000,4730089.7802483505,-5160061.92217106,-81.63854839159174,5562.5878265026322,5099.0749284197955,-0.13483291615481324
279300,6124719.1457164483,-3389366.432457034,-117.19752331308831,3653.7646663066812,6602.4955346246643,-0.10015093800517666
279600,6884333.5503285006,-1267259.2751858444,-140.68205405665049,1366.116855323221,7421.3649131081484,-0.055035055470504544
279900,6930175.7398809595,986238.05748110102,-149.6385565890254,-1063.1705063568033,7470.782315136018,-0.0041396270098577048
280200,6257492.8788392367,3137481.5337233786,-143.11369863158774,-3382.2272916367033,6745.6244371603425,0.047275009368540837
280500,4936029.2453196477,4963428.9578622486,-121.75555145741374,-5350.6124049668106,5321.0763567536596,0.093886116020057087
280800,3102795.0471739667,6274765.0798888477,-87.749170184281326,-6764.2426933276238,3344.8361667127238,0.13085919014283118
281100,947861.12028136523,6935529.8645928157,-44.593066361484432,-7476.5522480423733,1021.8016058076453,0.15434883460919524
281400,-1305347.7029329035,6877214.8935726583,3.260550221430325,-7413.6884337217161,-1407.1737245584809,0.16189820166914737
281700,-3423217.4055652227,6105866.3740374576,50.864824253715277,-6582.1690888334151,-3690.2521614582106,0.15269574025955707
282000,-5186166.0532669611,4701458.2688500434,93.289380295296866,-5068.2068349086821,-5590.7227697599828,0.12766252629644487
282300,-6411410.2078664079,2809600.5091740275,126.13082406076288,-3028.7704155634419,-6911.543823086874,0.08936071518288892
282600,-6971916.0022377679,626442.00354685658,145.96982630752674,-675.30986589979807,-7515.7722124588436,0.041731962059037599
282900,-6809570.0042930767,-1621666.2325842322,150.72732652110622,1748.1669122599287,-7340.761577746146,-0.010307772373767937
283200,-5941204.3544628238,-3701639.2380507914,139.88266096843537,3990.3929560338329,-6404.6572231012642,-0.061375563911821744
283500,-4456851.5631706938,-5397824.3752458915,114.53061498213232,5818.8934387848385,-4804.5146598634437,-0.10617865952445915
283800,-2510409.9537778087,-6534360.2074033823,77.271073176499414,7044.0884655794907,-2706.2369922054845,-0.14006358091775994
284100,-303687.53031889047,-6993409.8853957281,31.942350067231423,7538.9487276964355,-327.3743582756556,-0.15949999709439305
284400,1934521.4774274928,-6727378.6233508801,-16.774413747635187,7252.1661960634628,2085.431468834412,-0.16244885125613781
284700,3972158.1143362401,-5763848.4959688652,-63.838934625285731,6213.4741577588247,4282.0189967920505,-0.14857625361884483
285000,5597958.7968925778,-4202718.8209403623,-104.37347558034347,4530.5647359498107,6034.6441614476735,-0.1192907206774229
285300,6643359.3774018325,-2205848.5469551724,-134.16846958699057,2377.9232991510216,7161.5933315553202,-0.077599741173275408
285600,6999972.0609735129,19725.462169048842,-150.1196314331861,-21.262548359016137,7546.0237009688199,-0.027800441368996905
285900,6630823.1114609595,2243254.2402100554,-150.55119080633608,-2418.2434914745349,7148.0775614804588,0.024963657734299365
286200,5574186.2376575815,4234200.9667552095,-135.39165964399561,-4564.4991055805103,6009.0145339766077,0.075233941352320075
286500,3939614.2775127003,5786143.1475634743,-106.18379553526857,-6237.5045016219174,4246.9335388623085,0.11780114373510915
286800,1896580.6678987157,6738174.5704177562,-65.927551610829795,-7263.8016515942454,2044.5282025786771,0.1482446532301791
287100,-343091.64367903862,6991588.1228352785,-18.772039959758757,-7536.9835302046868,-369.85480594540036,0.16339104048620814
287400,-2547192.1075641983,6520109.8081824705,30.411886862995541,-7028.7265280504889,-2745.8907904261969,0.16164448545927251
287700,-4487198.3116266746,5372622.8637720747,76.534494017786216,-5791.7271785986077,-4837.2308835257063,0.14315487327989648
288000,-5961969.3536787257,3668099.4997503432,114.81366566883706,-3954.238549150482,-6427.0437964770972,0.10980587351915629
288300,-6818600.2554886248,1583265.7305076194,141.27067989606525,-1706.7727139446417,-7350.4971050673375,0.065023696787733315
288600,-6968275.1848032335,-665721.7401463578,153.14388315264327,717.65186228531206,-7511.8470561395916,0.01342566143051805
288900,-6395475.8341786582,-2845686.7673140969,149.17719698978757,3067.6698581567771,-6894.3650530152681,-0.039655630340339629
289200,-5159590.2963321814,-4730609.5145074148,129.75320904509684,5099.6305802415645,-5562.0718482327065,-0.088723567156493127
289500,-3388755.6916204439,-6125060.1964743305,96.856642911535175,6602.8594561172386,-3653.0998534769351,-0.12868717614569752
289800,-1266572.9498774307,-6884461.2780269869,53.871606192383474,7421.5006692207917,-1365.3717907179157,-0.15538989871983055
290100,986928.90381180064,-6930077.3911812808,5.2333292741486588,7470.6764619365986,1063.9196688336501,-0.1660423479647273
290400,3138105.4176002974,-6257178.7900017919,-44.029704002724898,6745.287655847168,3382.9039877162877,-0.15951383795423954
290700,4963921.1505896039,-4935531.8685335703,-88.815873560850278,5320.5427033611104,5351.1469794697514,-0.13645217660190562
291000,6275074.2418320682,-3102165.7974643623,-124.47890202755049,3344.1601660500701,6764.5795168505174,-0.099219104778680303
291300,6935623.4558091871,-947165.21041309251,-147.30989493382609,1021.0530000835633,7476.6558511745598,-0.051647952631877596
291600,6877082.6883473732,1306037.9914503552,-154.92292677881036,-1407.9172570810433,7413.5476300878126,0.0013514427596950027
291900,6105521.5977646122,3423830.2796707749,-146.50413392022449,-3690.9133786720022,6581.7982846096465,0.05429968196662107
292200,4700936.2162401741,5186637.7058265377,-122.89839510043768,-5591.2330774729389,5067.6443529444159,0.10171418232751708
292500,2808954.8610119596,6411691.4179297686,-86.524469108567402,-6911.8502680931915,3028.0743063597929,0.13867647358785828
292800,625739.30476883869,6971977.1958918348,-41.127173606463344,-7515.8426954956612,674.55195804752452,0.16134185584931846
293100,-1622353.3681351182,6809404.3479335867,8.6079953181692801,-7340.588114977787,-1748.9080982486103,0.16733883318048162
293400,-3702239.593581262,5940828.6024742741,57.53820228096491,-6404.2571190382278,-3991.0400350239443,0.15601704086607623
293700,-5398275.5970819732,4456304.4967045644,100.59481883345339,-4803.9292686246881,-5819.378297796864,0.12851784891502852
294000,-6534615.4920438332,2509748.4261088101,133.30834877230927,-2705.5277269731569,-7044.3599115994184,0.087659911989073927
294300,-6993443.0582152363,302980.43643759727,152.27243041902847,-326.61603040681484,-7538.9784664956223,0.037650893885092067
294600,-6727186.910998988,-1935200.6256657736,155.49872647133904,2086.1591671295646,-7251.9519918411597,-0.016345429547221672
294900,-5763452.6372849066,-3972739.0573478984,142.62563921211773,4282.6404601326567,-6213.0396131611442,-0.068742327831320144
295200,-4202160.6060038712,-5598381.8513654629,114.95883026918115,6035.0958374455504,-4529.9559952716036,-0.11410848267723488
295500,-2205186.2420559488,-6643581.4228328038,75.338940709542456,7161.8297544203633,-2377.2036091343466,-0.14773152814889026
295800,20423.174018273596,-6999970.7030974235,27.849877599603005,7546.0213653358696,22.01940688022114,-0.16610806515917295
296100,2243915.1791094858,-6630598.7925776495,-22.60234154742157,7147.8368239242436,2418.9602534675128,-0.16730900223310718
296400,4234756.6702040974,-5573762.1950305244,-70.796673736829575,6008.5596722303126,4565.1022906576673,-0.15118202851318338
296700,5786535.8083801083,-3939034.3143996056,-111.73755938458764,4246.3108013463034,6237.9316676270792,-0.11936998877535017
297000,6738363.0513946768,-1895904.8176486355,-141.17282566391327,2043.8015711308556,7264.0080531127624,-0.07514310051585571
297300,6991552.356233051,343793.24465164868,-156.03526183000778,-370.61008974911829,7536.9472251806892,-0.02306231297939397
297600,6519852.9937600056,2547846.5215661004,-154.76203291852053,-2746.5962640151729,7028.4509696283912,0.03149136595735378
297900,5372171.1636022506,4487737.4327534679,-137.45873800371785,-4837.8132985426582,5791.240809379492,0.082872878707904107
298200,3667499.2970767217,5962336.9880073331,-105.89098690082783,-6427.4427470989631,3953.591608187975,0.12575698064036703
298500,1582578.8277617004,6818757.9086253373,-63.304191799073379,-7350.6710503341073,1706.0319429065532,0.15568965646957633
298800,-666424.44585542427,6968206.0392068746,-14.090004263911467,-7511.7774251205356,-718.40988949135158,0.16955018490845239
299100,-2846332.5400419636,6395186.5831745621,36.666345215999897,-6894.0583278130598,-3068.3662908333058,0.1658761470310009
299400,-4731131.3311636103,5159110.6242388692,83.711235672900585,-5561.5593976756309,-5100.1923572563164,0.14501769701338829
299700,-6125403.8647780577,3388135.3277703058,122.16624688841415,-3652.4351496141135,-6603.2272772638826,0.10910483552934042
300000,-6884591.3008674234,1265876.4698647163,148.03399778233887,-1364.6248517118158,-7421.6358403536251,0.061830539588976878
300300,-6929980.7974405643,-987629.00649664877,158.61380282737352,1064.6701346576865,-7470.565386902942,0.0080715528258930511
300600,-6256866.4057231303,-3138736.5358532052,152.78386761383192,3383.5795471783877,-6744.9430955419593,-0.046614462774074293
300900,-4935036.9218588611,-4964418.2391883209,131.12043054284266,5351.6780387017316,-5320.0017188237098,-0.096563650203197474
301200,-3101540.1744591403,-6275386.4604519242,95.84109787716136,6764.9122669830085,-3343.4794576451313,-0.13659303143193602
301500,-946473.94549235096,-6935719.1555106314,50.577868615774783,7476.757062903318,-1020.3026974699858,-0.16253887431621092
301800,1306723.344225694,-6876952.4143663822,0.0030834230162071208,7413.407358479124,1408.6605045522979,-0.17169021276027965
302100,3424438.801957964,-6105178.9707381176,-50.653118135319041,6581.4306987155242,3691.5735978217276,-0.16307223650869596
302400,5187106.2392950468,-4700416.6351717934,-96.143906211700795,5067.0866682234628,5591.7422607061726,-0.13754989187420127
302700,6411971.0510483505,-2808312.04904339,-131.7493667252169,3027.383553274577,6912.1553661718644,-0.097740759693440551
303000,6972038.4331865516,-625039.89773939596,-153.76623133768146,673.79944012182091,7515.9115085539761,-0.047746123979096916
303300,6809240.3092520023,1623036.7071340345,-159.89291488967629,-1749.6442773943345,7340.4130656678326,0.0072719655752535653
303600,5940455.8082815837,3702835.7736006994,-149.46987500943436,-3991.6833900131851,6403.8561623622318,0.061623870570970116
303900,4455761.1433749292,5398722.5208897498,-123.55027781401949,-5819.8620733348289,4803.3438396961774,0.10968062973730167
304200,2509090.4069663775,6534866.477871865,-84.793498521795456,-7044.633869156205,2704.8182493861095,0.14645652091409778
304500,302275.59602778056,6993471.6441536117,-37.192285384647306,-7539.0138304779557,325.85574860444171,0.16812577316383112
304800,-1935879.4246442695,6726989.6376930038,14.338415643503708,-7251.7444056692702,-2086.8914184946966,0.17242009841000919
305100,-3973321.4401888316,5763049.5525523042,64.468692108743824,-6212.6099655745102,-4283.2681529425236,0.15886594372143573
305400,-5598807.3274824005,4201593.354467338,108.00471113608189,-4529.3487969829857,-6035.5528510720205,0.12883674263304723
305700,-6643805.8862491827,2204513.7930345843,140.42671617517121,-2376.4826198349665,-7162.0678429236841,0.085414335898969601
306000,-6999971.2195890639,-21130.79678551713,158.35830360181907,22.778142530873993,-7546.015802771065,0.03307330077759825
306300,-6630376.0115682101,-2244584.4446484847,159.91823388612988,2419.6770693298026,-7147.5891268294372,-0.022779747521963493
306600,-5573340.0845249426,-4235318.3964393064,144.91803185038367,4565.702823896082,-6008.0969313554851,-0.076364615358904361
306900,-3938457.3620012039,-5786932.3486043876,114.88451169294996,6238.354624701281,-4245.6820149464074,-0.12212605757359585
307200,-1895233.1923270146,-6738554.0502170436,72.904496886442729,7264.2109574403858,-2043.0719575493692,-0.15531023496390262
307500,344489.92505839723,-6991518.6253737016,23.307496176326453,7536.9099834931512,371.36579755581511,-0.17245906227752011
307800,2548496.1913464316,-6519598.3059788132,-28.781007591625396,7028.1774691219543,2747.3009282404614,-0.17177085334111647
308100,4488272.7819623314,-5371721.8858617004,-77.969485083359558,5790.7586666161569,4838.3946441897879,-0.15328956214649325
308400,5962702.2944763135,-3666901.8477473874,-119.15862406517566,3952.9498947527932,6427.8405354696406,-0.11890276709350761
308700,6818914.8502010088,-1581895.0668329045,-148.07005350098987,1705.2966362296324,7350.8435470397462,-0.072148456721412596
309000,6968137.8061555475,667123.54252858565,-161.69067964115291,-719.16262130466316,7511.7061986218023,-0.017850556393158461
309300,6394899.7349453419,2846974.2754952312,-158.58651086034044,-3069.0582397626076,6893.7504543879777,0.038379090275004552
309600,5158634.4322686736,4731648.8942126008,-139.0533541701673,-5100.7516706268871,5561.0466607715189,0.090720751156950552
309900,3387518.7144730715,6125743.2728093518,-105.08864090807046,-6603.5959189439482,3651.7705085022517,0.13374886975048464
310200,1265182.9499596187,6884716.9610225987,-60.187125847716324,-7421.7753669438962,1363.8768941751787,0.16299396924131437
310500,-988327.82625305001,6929879.193806746,-8.9813908210365412,-7470.4607628880231,-1065.4240366099982,0.17540639253932869
310800,-3139368.2957403539,6256547.6017079372,43.235894647742647,-6744.604448619596,-3384.2608953165845,0.16967398611018242
311100,-4964917.3568320461,4934533.6903766384,91.058775308594093,-5319.4638042836032,-5352.2152889736426,0.14636079246046441
311400,-6275701.1124619674,3100904.7159641972,129.52749472235124,-3342.7984849558807,-6765.2486869280519,0.10785209958960759
311700,-6935816.8928873371,945772.41048826533,154.6428444028918,-1019.5504255859521,-7476.8573079063926,0.05811100912936331
312000,-6876823.6569419401,-1307417.9604554358,163.7820544476489,1409.4048452403179,-7413.2615625462358,0.0022710965962139951
312300,-6104837.9019600134,-3425054.5095488038,155.97291682140857,3692.2323104051393,-6581.0552775304623,-0.053893195952246231
312600,-4699899.4465008136,-5187579.6425109673,131.99738649237929,5592.2476067612097,-5066.5218486752783,-0.10456387467868958
312900,-2807672.896841283,-6412253.7959305402,94.313525919596159,6912.4562525020119,-3026.6884091244547,-0.14448253432250871
313200,-624345.18102603685,-6972101.9262675829,46.803517275392764,7515.9779763925508,-673.04550030632549,-0.16949659497296402
313500,1623715.0955877467,-6809078.4129533693,-5.6264194336753022,7340.2386881085231,1750.3800269221447,-0.17699168156900169
313800,3703427.6311020171,-5940085.398275516,-57.55290983238811,6403.4585677508267,3992.3257260179289,-0.16616498642578639
314100,5399166.3941434482,-4455220.4901188016,-103.5966531963395,4802.7633259462455,5820.3447812317208,-0.13811100188870035
314400,6535115.9881458404,-2508435.4267586051,-138.97983476501889,2704.1142309588186,7044.9065956203804,-0.09571054697240651
314700,6993500.4032557104,-301574.20456854184,-160.0219128351838,325.10093533735039,7539.0477154916816,-0.043334477878686196
315000,6726794.1245795283,1936554.3388058706,-164.52233246790661,-2087.6186676216767,7251.53549571864,0.013607275487863835
315300,5762649.5456796326,3973899.640221972,-151.99041843572397,-4283.8922734172156,6212.1797228504829,0.069224672329622289
315600,4201029.8687423319,5599228.5579474643,-123.69851430301802,-6036.0090668357643,4528.741678121095,0.11775669569753755
315900,2203844.8142538806,6644026.1032973053,-82.552712732379007,-7162.3087344581454,2375.7612933016908,0.15416769699654331
316200,-21836.269458644092,6999967.1294938102,-32.79436762610689,-7546.0159789700238,-23.53916993888015,0.17466936582875114
316500,-2245253.4556725905,6630147.537068544,20.436950132602846,-7147.3478701904542,-2420.39881544744,0.1771144364276919
316800,-4235881.5648466069,5572910.524490105,71.634078900554343,-6007.6386734410862,-4566.309783162852,0.16122141413917748
317100,-5787331.1780127222,3937871.1348452317,115.49179502382218,-4245.054328056287,-6238.7828153529754,0.12860688828421535
317400,-6738747.2275673402,1894551.2551205766,147.45644879349703,-2042.3408067945884,-7264.4151883297809,0.082621667347634931
317700,-6991486.5050162533,-345196.57250764384,164.19881651467534,372.12330439755146,-7536.8691497807322,0.028007107669153666
318000,-6519344.9557398008,-2549154.1582530984,163.96104394262937,2748.0053271586144,-7027.8968308966678,-0.029593377066802068
318300,-5371274.4477512361,-4488814.1116373725,146.74143841343485,4838.9729740268785,-5790.2687369316109,-0.08421745332754739
318600,-3666307.4086931311,-5963071.4979370413,114.29757806344388,6428.2338872774562,-3952.3024157192513,-0.1302013806879013
318900,-1581215.5687152136,-6819074.4205008028,69.967030529736988,7351.0125173143178,-1704.5586583996378,-0.16276778477368156
319200,667817.69525984477,-6968071.7998008989,18.323941694162244,7511.6341449617221,719.91556835882579,-0.17852247582742287
319500,2847611.2841753457,-6394615.2463014601,-35.293133797808593,6893.444786510061,3069.7493058000164,-0.17580846793019025
319800,4732162.7446482051,-5158160.9018072858,-85.333341452376516,5560.5382776188089,5101.3099390035259,-0.15488019111954257
320100,6126080.4469543248,-3386905.0765680885,-126.60838839792439,3651.1112013625147,6603.9634848361038,-0.11787960764438485
320400,6884842.0336791519,-1264492.7584705648,-154.83055594645185,1363.1344934721849,7421.9135983380247,-0.068616562283677379
320700,6929778.648374713,989022.90862310131,-167.05804765162929,-1066.1726023051674,7470.3547779499277,-0.012176049965283077
321000,6256231.3416575519,3139995.968532471,-162.00144141055188,-3384.9378415876558,6744.2649287601043,0.045606953357476353
321300,4934034.0321968859,4965412.2458002642,-140.15939035771066,-5352.7503111018468,5318.9258027576643,0.098750744861479639
321600,3100273.0156838829,6276011.5605105273,-103.7693832464052,-6765.5862392051667,3342.1175675640634,0.14174584488895917
321900,945073.75927156047,6935910.2839367623,-56.578492855330545,-7476.9621245038024,1018.7968821926804,0.1701256899722392
322200,-1308111.399175863,6876689.8056943789,-3.4576335364119188,-7413.1221766696317,-1410.1530068650618,0.18093014205950389
322500,-3425670.9076184114,6104490.2210294185,50.10099132521696,-6580.6854442739223,-3692.897112204394,0.1730139314261781
322800,-5188055.0000590533,4699373.7273796955,98.551487603093506,-5065.9596375810452,-5592.7591786396833,0.14716804305606498
323100,-6412538.7708240198,2807023.6980568049,136.86836386472677,-3025.9926444796565,-6912.7605564099858,0.10604118259337292
323400,-6972167.1871357281,623640.083842539,161.06777259336255,-672.28952174402502,-7516.0430952415618,0.053868933578588143
323700,-6808917.7890104018,-1624402.7527878992,168.62185006375154,1751.1166434374823,-7340.0585040118276,-0.0039619618995933581
324000,-5939716.3964067101,-3704026.6305860793,158.72300162167645,3992.96618885716,-6403.0531087904756,-0.061469592752302779
324300,-4454682.1841235962,-5399615.1239195447,132.37039952330704,5820.8233491482779,-4802.1758919234635,-0.11269582054247035
324600,-2507784.1254760968,-6535368.6812449759,92.269339797057725,7045.1749936321658,-2703.406140293283,-0.15232403425465221
324900,-300877.52960847784,-6993531.5801376831,42.553535073770981,7539.0793136727616,-324.34496603742309,-0.17623146871336823
325200,1937224.3085735599,-6726600.976539704,-11.641140899177771,7251.3273972562383,2088.3453527189586,-0.18191850495407269
325500,3974473.5668433439,-5762252.1671854816,-64.707441305456285,6211.7529795916726,4284.515358782457,-0.16877011826384067
325800,5599646.8242580174,-4200469.3201163411,-111.14712381562691,4528.1395865200129,6036.464272886823,-0.1381221028038282
326100,6644244.9625654798,-2203179.0851615118,-146.14076615424531,2375.0455244985778,7162.5485136796378,-0.093125024477538676
326400,6999963.3567587342,22538.12944467715,-166.04791970366918,-24.294658098079935,7546.0148738010757,-0.038419895211690869
326700,6629920.9765298944,2245918.4890012448,-168.78569666923553,-2421.1155789244158,7147.1055573876774,0.020340879917779622
327000,5572484.1684597414,4236440.5386961196,-154.04646838258935,-4566.9133398442636,6007.1800730044697,0.0770776933973287
327300,3937288.7277091304,5787725.8064064272,-123.3320039181429,-6239.2105039408725,4244.4268212160732,0.12591261735249612
327600,1893872.7508303726,6738936.1975224568,-79.800363417555729,-7264.6225064443443,2041.6091744099842,0.16177796133404038
327900,-345901.16741797351,6991449.7403960768,-27.941209860754377,-7536.834144601763,-372.88344897626189,0.18094164523748976
328200,-2549811.9514856567,6519085.7620573165,26.887077255854553,-7027.6224283427809,-2748.7150211488361,0.1813951323306878
328500,-4489356.8654257404,5370819.3256384917,79.01082307046785,-5789.7828624789327,-4839.5578979342927,0.16306379001448706
328800,-5963442.8368714135,3665703.454754354,123.02795713927325,-3951.6556015161827,-6428.6323401659283,0.12781772371215847
329100,-6819235.9137149863,1580525.5952778847,154.36778032498552,-1703.818929011388,-7351.1824637303653,0.079281546016349347
329400,-6968007.1312124804,-668521.86692216143,169.76564377832995,720.67021431965236,-7511.5581458190554,0.022462197610457119
329700,-6394331.8904198539,-2848256.56220573,167.60321744946728,3070.4397815449001,-6893.1318284560975,-0.036767215375953163
330000,-5157689.112838462,-4732682.5427442817,148.07879624246061,5101.8648406200937,-5560.0222231719981,-0.092274501855925159
330300,-3386294.4372666078,-6126421.5502496231,113.18961957602134,6604.3264084242073,-3650.4464211436616,-0.13830361088757809
330600,-1263806.8503042555,-6884969.8609866612,66.527662069844155,7422.0482911052659,-1362.3897274763335,-0.17007203985472269
330900,989713.04440054006,-6929680.5330226496,12.909751770174594,7470.2480803409735,1066.9211850230288,-0.18426821189886686
331200,3140618.9526572912,-6255917.6837779041,-42.119857380201374,6743.9277577443654,3385.6138384782862,-0.17939692483232481
331500,4965903.5003573541,-4933537.2829798423,-92.863012655429912,5318.3922760431706,5353.2843144314693,-0.15593675920419436
331800,6276319.8859626586,-3099644.5208834088,-134.05787508344531,3341.4420863335317,6765.9228035878641,-0.11629290510199189
332100,6936003.2275786307,-944378.63013121346,-161.42461929042747,1018.0489828448804,7477.0658046247336,-0.06455015672668396
332400,6876557.1719028484,1308800.9670926174,-172.1100040949122,-1410.8958029657192,7412.9816713434147,-0.0060515972267785878
332700,6104145.2343194606,3426283.1650370331,-164.98465983221692,-3693.5576118723025,6580.3150138945657,0.053153414485022574
333000,4698851.6785027273,5188526.1485112989,-140.76218491331653,-5593.2687734063556,5065.3975272593943,0.10693481727203333
333300,2806378.2660964606,6412819.5877545429,-101.92758248181602,-6913.0663060216903,3025.2969077812895,0.14971627374340857
333600,622937.79743620288,6972228.1020739051,-52.482280750415732,-7516.1129847425673,671.53200346528047,0.17705288312538739
333900,-1625089.3275241787,6808751.9692049176,2.4680708335791692,-7339.88466134395,-1751.8574632556038,0.18609251437911495
334200,-3704626.3511934672,5939340.5757170916,57.240597697960212,-6402.6528907133343,-3993.6130190359818,0.1758730880939598
334500,-5400065.7113808086,4454135.0961777056,106.16267799998283,-4801.5906028603094,-5821.3081469895496,0.14742496105237382
334800,-6535623.3816406084,2507122.5688042669,144.15927564023974,-2702.6970909430847,-7045.4465362796,0.10366751385072985
335100,-6993564.2424307121,300170.36913010105,167.27939349080458,-323.58691320785215,-7539.1091818459845,0.049110138678292579
335400,-6726408.850376063,-1937903.5505844301,173.10704608140514,2089.0726643444123,-7251.1132307723456,-0.010612002031031353
335700,-5761856.0418761764,-3975054.5977581511,161.01394292924169,4285.1362093409743,-6211.3183688727922,-0.069319857985235933
336000,-4199911.0648726169,-5600069.9460915532,132.22735519571575,6036.9150553889904,-4527.5308052726741,-0.12092998897149246
336300,-2202517.0391380843,-6644467.0904294215,89.705752165080483,7162.7838679892602,-2374.3260028849536,-0.16008539354837631
336600,23235.266520990059,-6999962.1769825779,37.834754998707609,7546.0115505402737,25.051045578292815,-0.18271205908465343
336900,2246578.6051802519,-6629697.0140095176,-18.025334412808814,7146.8641948593995,2421.8316528694031,-0.18644321588823193
337200,4236995.3081061533,-5572060.6933709932,-72.093686010450426,6006.7251035193003,4567.5158487629906,-0.17086699099834216
337500,5788117.575232151,-3936709.5025837505,-118.76740244603108,4243.8044490325447,6239.6372414360976,-0.13757152757683486
337800,6739123.9445001874,-1893197.7143507425,-153.20225615025322,2040.8831946583819,7264.828834525124,-0.089982715145440068
338100,6991413.4527533026,346601.98022146616,-171.81546587877776,-373.6379916205849,7536.7980628973392,-0.033011246302596178
338400,6518828.6479683919,2550465.670474967,-172.65833283751687,-2749.4197677280054,7027.3472419694735,0.027454479029802178
338700,5370367.5402183905,4489895.4092270359,-155.62002820190534,-4840.1396072782882,5789.2968923272201,0.08515710263545527
339000,3665103.3771287873,5963810.0121628176,-122.44130157208808,-6429.030596191471,3951.0090506045253,0.13411771401234288
339300,1579839.0192788942,6819393.2253750376,-76.536542521587023,-7351.3557729875583,1703.0785541820992,0.16925497073215379
339600,-669224.07657587773,6967937.7632622793,-22.64243559582372,-7511.4880405178501,-721.4278509458286,0.18691196712352429
339900,-2848901.7323016664,6394042.5246927524,33.670638281889268,-6892.8248748323367,-3071.1359034193119,0.18523642732303974
340200,-4733203.7256942242,5157209.3956569759,86.574114801688282,-5559.5097843122412,-5102.4264754793376,0.1643748782836349
340500,-6126764.6137865828,3385674.0421169205,130.58431307467518,-3649.7818807930526,-6604.694273289967,0.12646051653513646
340800,-6885099.339428355,1263110.3083626472,161.1307530538499,-1361.6430191370146,-7422.1836001030188,0.07539561228527264
341100,-6929583.4736069851,-990413.24659261724,175.03086853717963,1067.671345905515,-7470.1370965545366,0.016450417550768245
341400,-6255604.948683599,-3141250.1800211943,170.82178166352898,3386.2889161095486,-6743.5831692745114,-0.044280436603053225
341700,-4933042.1702982122,-4966400.6788213216,148.9144670467881,5353.814613876053,-5317.851215187532,-0.10050811804954934
342000,-3099019.0006148322,-6276632.1862267572,111.55396107092811,6766.2545409830955,-3340.761431865777,-0.14640115969024803
342300,-943687.78671179176,-6936099.0653687986,62.589376889914618,7477.1659491631171,-1017.2990182925951,-0.17719074877554097
342600,1309485.6067168759,-6876427.1825656081,7.0772656677396881,7412.840571407567,1411.6384275719797,-0.18966670870567817
342900,3426890.7925394173,-6103803.1009416021,-49.240764366281624,6579.9470712221946,3694.2171012770305,-0.18251242594354619
343200,5188993.7597981226,-4698332.7937141294,-100.53212902586307,5064.8400075979407,5593.7773765708225,-0.1564437078802817
343500,6413098.4111890718,-2805736.2771190796,-141.47749763778137,3024.6067062777111,6913.3711573450209,-0.1141369608460954
343800,6972288.7264348455,-622239.23301540036,-167.8225145173225,670.78021143764408,7516.1819026527119,-0.05995399746087194
344100,6808587.5403546467,1625771.8939778674,-176.81976773153627,-1752.592900465921,7339.709947938497,0.0005080786929483605
344400,5938967.609018256,3705221.8748138938,-167.51511783309769,-3994.25566524036,6402.252351206449,0.060995311015191331
344700,4453591.7795770783,5400512.1046434287,-140.84861294433176,-5821.7912339703898,4801.0055896281592,0.11524377020404117
345000,2506464.7891491093,6535873.9601658816,-99.559404931686828,-7045.7198383919877,2701.9880218024814,0.15762795497496987
345300,299465.95073887799,6993592.5436689071,-47.904349665898323,-7539.1440015339404,322.82703794303302,0.18374369025408355
345600,-1938581.7936086496,6726211.4089886583,8.7807732795341451,-7250.9053094413102,-2089.8045577527191,0.19086530608157598
345900,-3975636.3612622702,5761452.8780048303,64.632226003557932,-6210.8886317556471,-4285.7636819898507,0.17822984162638558
346200,-5600494.8065520432,4199343.7715868019,113.86465462424133,-4526.9237053046218,-6037.3720416799015,0.14711877124373215
346500,-6644690.9834803743,2201844.532138668,151.3702108659827,-2373.6052032421917,-7163.0220749145046,0.1007284897702064
346800,-6999962.187704022,-23942.988407838857,173.24848068299309,25.809537445808246,-7546.0061190695096,0.043842467643226343
347100,-6629473.8161505489,-2247247.9951796364,177.21224785202898,2422.5481004015819,-7146.6165237853302,-0.017661544890008492
347400,-5571638.310719369,-4237557.1494452935,162.82681969108685,4568.1157675167669,-6006.2622880320459,-0.077418690550591779
347700,-3936132.5070772683,-5788514.2099560397,131.55777583985707,6240.0592908887775,-4243.1756318850412,-0.12923588427091307
348000,-1892526.3491965418,-6739315.0591832176,86.621821411423255,7265.0306599640362,-2040.1537808917735,-0.167734090558606
348300,347298.08383174404,-6991379.9449189287,32.655873149029055,7536.7598404969003,374.39318572968955,-0.18890719881553758
348600,2551114.5206312463,-6518574.3738501687,-24.761566421558541,7027.0731430519882,2750.1237068488372,-0.19053924207828737
348900,4490429.8374198284,-5369918.8958341433,-79.687281841831009,5788.8146793888018,4840.720258512195,-0.17243639130646335
349200,5964174.4509710139,-3664506.7336742184,-126.42872824272398,3950.3677383003806,6429.4279603217001,-0.13644942185244335
349500,6819549.4665106982,-1579156.1358264931,-160.13413319236577,1702.3439238954909,7351.5282187688199,-0.086284151553773031
349800,6967869.047997429,669922.33002428932,-177.29610492865413,-722.17983131913968,7511.4170714770598,-0.027119399492540226
350100,6393755.4165343083,2849542.7290257066,-176.11647748743528,-3071.8271295189111,6892.5174142430651,0.034927994081010855
350400,5156733.1547105182,4733720.6804294903,-156.6944896719275,-5102.9851022627463,5558.9974897249776,0.093435693966191502
350700,3385057.5820697211,6127103.5443373863,-121.01868395775367,-6605.0622550413773,3649.1176686430349,0.14234047705598851
351000,1262417.1309918915,6885224.6494336547,-72.763218508707979,-7422.322537652939,1360.8954822359851,0.17656618742071037
351300,-991111.56919365947,6929481.6429263698,-16.909504791854843,-7470.0320468098516,-1068.424856123966,0.19255014664914383
351600,-3141881.3490106799,6255286.0219251942,40.767868875067762,-6743.2443282759587,-3386.9699758356937,0.18861362878962876
351900,-4966899.1809906345,4932538.8767524268,94.297936462782616,-5317.3133200530419,-5354.3517565936181,0.16513804850200794
352200,-6276946.2497861553,3098383.4838562761,138.13129413496893,-3340.0806033969429,-6766.5910336908892,0.12452843145026113
352500,-6936196.2663721396,942986.15673690103,167.71531994201862,-1016.5469441891828,-7477.266342249608,0.070967541213301205
352800,-6876297.9580380013,-1310180.3555644578,179.96708925080571,1412.38249037377,-7412.6948582705718,0.0099855754116638315
353100,-6103461.6744868774,-3427506.6386014307,173.59483065211742,3694.8753400810365,-6579.5716083002235,-0.052110531427198917
353400,-4697815.4326535985,-5189467.2796497587,149.23432036627736,5594.2819530540573,-5064.2751106313153,-0.10888942811588653
353700,-2805097.2252550987,-6413381.2673993455,109.38571987810035,6913.6710170315255,-3023.9116370507127,-0.15446178843713038
354000,-621544.93810149981,-6972352.3964970838,58.157051498776795,7516.2473015119103,-670.02664819221332,-0.184091658517989
354300,1626449.5714222877,-6808425.9799282933,0.84061604025128389,7339.5347604039516,1753.327986341473,-0.19468905197891462
354600,3705812.8478004672,-5938597.7543838955,-56.633931453220441,6401.85443404741,3994.8972445390364,-0.18513240286523763
354900,5400955.0771483388,-4453051.8891675109,-108.31325254402969,4800.425278879402,5822.2733569869579,-0.1563871631052422
355200,6536122.6925877165,-2505810.6966947559,-148.83715340176815,2701.2845847728145,7045.9923340895575,-0.11140804080334224
355500,6993620.7285543289,-298765.45953942928,-173.99460252850923,322.0729661800035,7539.1780216200787,-0.05483488264497513
355800,6726015.546830113,1939255.8879640996,-181.16124433336071,-2090.5310644239225,7250.6967735905237,0.0074863495971872959
356100,5761052.7377013518,3976213.8697354267,-169.57298021786244,-4286.3871078663178,6210.4588479899858,0.069107908830255374
356400,4198780.355149556,5600915.4837754834,-140.40716305779569,-6037.8275982124833,4526.3170423250103,0.12364733098467712
356700,2201175.8144352986,6644910.7813134035,-96.662863473728692,-7163.2623541937628,2372.8843151802585,0.16544822164561707
357000,-24648.031682116911,6999957.8072236106,-42.852447700794443,-7546.0058006400077,-26.570148242760069,0.19016644495991805
357300,-2247916.4570214283,6629245.1672351575,15.463791504098438,-7146.3749739693121,-2423.2695028866865,0.19522114394629769
357600,-4238119.7147974884,5571208.6579196267,72.251990021610624,-6005.8039599600761,-4568.7225388513116,0.1800639600836613
357900,-5788912.4414560404,3935546.214142411,121.62880746667069,-4242.5480338105717,-6240.4874882464255,0.14623849007733333
358200,-6739507.6775478208,1891844.3216657718,158.47080824114417,-2039.4227892900749,-7265.2350284802769,0.097223521653218223
358500,-6991347.3201109422,-348004.86530012591,178.94607756567939,375.15048196308226,-7536.7191358835098,0.038075792618905244
358800,-6518320.6000312846,-2551772.644009301,180.91291481319425,2750.8277557378833,-7026.7925160642844,-0.02509127940388876
359100,-5369471.176501519,-4490971.3100261139,164.14406084557518,4841.2979715500524,-5788.3246650598703,-0.085739344433843179
359400,-3663912.2452441538,-5964543.7764286995,130.35288973333758,6429.8203905805767,-3949.7202379382393,-0.13758210342644497
359700,-1578476.8954415012,-6819709.1863620533,83.018490818282814,7351.696101341744,-1701.6061768422758,-0.17523732846909718
360000,670615.90825530991,-6967803.3095694864,27.027453772069506,7511.3440462863437,722.93222360944867,-0.19478610652522738
360300,2850178.9261442004,-6393471.3981306413,-31.830746023142147,6892.2111763495732,3072.5174364418735,-0.19418101843062013
360600,4734233.6281861188,-5156260.3216283061,-87.462592397930948,5558.4890743175429,5103.5426619293921,-0.1734606300654441
360900,6127439.8802879397,-3384444.8149288846,-134.10158167138462,3648.4587968725955,6605.4294048511983,-0.13474781442672681
361200,6885349.059604587,-1261727.8766489353,-166.9060617066946,1360.1537792999593,7422.4607435420394,-0.082031912988091704
361500,6929380.657302158,991805.75796251581,-182.46183843541888,-1069.1726646945874,7469.9263547670007,-0.020757220918496105
361800,6254969.5433810418,3142508.2441323828,-179.1373809756067,-3387.6462087225918,6742.9052613260919,0.042739604941457787
362100,4932039.2059846669,4967393.4348819489,-157.25471925477837,-5354.8861163585771,5316.7758011121914,0.10188495732242106
362400,3097751.9637524034,6277256.20490353,-119.05821038745846,-6766.9279646328823,3339.4001487004271,0.15054866695543379
362700,942287.86172122275,6936289.2997900909,-68.484265417381934,-7477.3706183041159,1015.7938392204269,0.18367899207410807
363000,-1310873.2981471587,6876163.8742128648,-10.75570806962893,-7412.5550936205364,-1413.1302657008487,0.19782657566384432
363300,-3428122.4587027347,6103113.8602176625,48.157439170357208,-6579.2016109170372,-3695.539880559314,0.1915032195765253
363600,-5189942.0395855326,4697289.6309685009,102.15513282470721,-5063.7129209342729,-5594.7934534847791,0.16533832274413174
363900,-6413665.6681276588,2804447.9377669985,145.63874040961966,-3023.2159923020017,-6913.9754210330584,0.12201659135577633
364200,-6972417.1257793196,620839.71027371031,174.09145087649753,-669.27083166100442,-7516.3125750468635,0.066003068475042032
364500,-6808264.8837236762,-1627137.3958506752,184.54752805266202,1754.0643525351538,-7339.3546470270103,0.003083428095373611
364800,-5938228.384322226,-3706412.0157127874,175.90162446700043,3995.5372408938688,-6401.4489175208837,-0.060233355760567889
365100,-4452513.4009646466,-5401403.9504907615,149.025813211795,5822.751145078746,-4799.8377655991444,-0.11738840774208165
365400,-2505159.4898759415,-6536375.5267536351,106.68185760296437,7046.2596923686142,-2700.5765898370955,-0.16245271198641831
365700,-298069.20276316861,-6993652.12123146,53.237472038408484,7539.2085510232846,-321.31741105934293,-0.19074263069405298
366000,1939925.15343003,-6725822.7853312949,-5.784287798433148,7250.4878856497162,2091.2570474374402,-0.19930709160242982
366300,3976786.927188721,-5760655.9748299234,-64.275976261941608,6210.0318174959102,4287.0094131865426,-0.1872356218031466
366600,5601332.8759086942,-4198220.6332935467,-116.17795540845913,4525.7151909299882,6038.2822185830373,-0.15575501753707494
366900,6645128.8991891276,-2200511.0340835201,-156.10632226741347,2372.1691549594834,7163.5019220136792,-0.10810442640979392
367200,6999953.5025899932,25348.938348446507,-179.91144275562496,-27.324883415957402,7546.0048627270817,-0.049201665553018886
367500,6629018.3009883091,2248580.6281884802,-185.10913387666213,-2423.9855284074347,7146.1330735321808,0.014864705979858527
367800,5570782.2081946032,4238677.9665303696,-171.13971949126042,-4569.3254203147317,6005.3458581579489,0.077464961782137742
368100,3934963.9080452058,5789306.4975419277,-139.42800950424345,-6240.9145513433514,4241.9210186791106,0.13211424142955974
368400,1891166.098172168,6739696.2184076682,-93.23785969003788,-7265.4417800082356,2038.6916192409572,0.17314405048989467
368700,-348709.02562833903,6991310.2594748717,-37.336218641140199,-7536.6836853267514,-375.91020662061192,0.19628979109767103
369000,-2552429.8964374289,6518061.223752385,22.498737465752932,-7026.5178588623421,-2751.5371260165784,0.19913359977892003
369300,-4491513.477270782,5369015.9448594265,80.074665049359254,-5787.8387343667382,-4841.8827425608251,0.18135669355518419
369600,-5964914.533728648,3663308.1980286003,129.42569457406927,-3949.0734974874495,-6430.2188836266496,0.14477499939619184
369900,-6819870.12905188,1577786.796466544,165.43046779369803,-1700.8665722765388,-7351.8662014142792,0.093154075978373996
370200,-6967738.1341597578,-671320.25058299094,184.3436072780332,723.68669344556406,-7511.2681702852178,0.031822017269229425
370500,-6393187.6081710365,-2850824.3933246932,184.1854654569411,3073.2075798713267,-6891.8982117472424,-0.032880097752700205
370800,-5155788.2388676824,-4734753.5970595423,164.94953437464218,5104.0969434660528,-5557.9729238796826,-0.094253698470332506
371100,-3383834.1166541236,-6127781.1328986753,128.60569493816348,6605.7913930039886,-3647.7940045605101,-0.14593643296958345
371400,-1261042.2202206326,-6885477.0699308356,78.898620506680118,7422.5943412568222,-1359.4092747008617,-0.18256214918111288
371700,992495.32567143906,-6929282.8542827656,20.961925957613538,7469.8186969981352,1069.9206531763189,-0.20031850577622973
372000,3143130.4295030069,-6254656.4111148091,-39.212163208496811,6742.5675503524617,3388.3214155739156,-0.197344098863733
372300,4967883.8101239093,-4931543.2158889035,-95.392776204760082,5316.2422801547582,5355.4194006147372,-0.17392363526805521
372600,6277563.7263896689,-3097124.4011487751,-141.75577752706488,3338.7251352180247,6767.2641248185228,-0.13246068157045435
372900,6936381.622837713,-941593.72497456754,-173.48764924921201,1015.0466554530626,7477.4743009182594,-0.077230654449325475
373200,6876030.8449325543,1311561.9270299375,-187.28522611227248,-1413.8723036877711,7412.4149174502973,-0.013939565153161131
373500,6102768.6976382118,3428733.9043922066,-181.6994091218788,-3696.1996814233671,6578.8316722485533,0.050865796882093674
373800,4696767.6055773795,5190412.5303631406,-157.28714062612721,-5595.3024148384266,5063.151329956615,0.1104751580269249
374100,2803802.7113699978,6413945.979474443,-116.55577761304886,-6914.2805911532305,3022.5207465107542,0.15870941701172492
374400,620137.79157964094,6972477.6765446449,-63.705484230206899,-7516.3819732061183,668.51376294189686,0.19056080112373486
374700,-1627823.4773742354,6808098.8247746443,-4.1961523679468016,-7339.1804701756837,-1754.8047977054653,0.20271234138482419
375000,-3707011.1720715156,5937852.4170907587,55.816502370592517,-6401.0485603776788,-3996.1838408458998,0.19388296567175439
375300,-5401853.9573405329,4451966.206630433,110.11748888366246,-4799.2524941353222,-5823.2359082647654,0.16496246104609191
375600,-6536629.6647894615,2504497.8110183617,153.07599973868651,-2699.867631363461,-7046.5313600348709,0.11892213162033644
375900,-6993684.2531825891,297361.87393359141,180.22924248237712,-320.55948223434825,-7539.23857648585,0.060510007763080041
376200,-6725630.1778963655,-1940604.598119203,188.74613997155024,2091.9841362080319,-7250.2737741473611,-0.0042383398328144362
376500,-5760259.4671964943,-3977368.1564540705,177.72268638627102,4287.6298033531984,-6209.5971313240752,-0.068623188599360396
376800,-4197662.1827295553,-5601756.1678408375,148.27806517833221,6038.7322103116148,-4525.1063281064935,-0.12597397047823675
377100,-2199849.0733568957,-6645351.1974226329,103.44122526066086,7163.7362242445124,-2371.4497498785031,-0.17034070843792778
377400,26045.664572153939,-6999952.5768866083,47.839344708543351,7546.0004728351005,28.080819961411862,-0.19711176118929868
377700,2249240.0511179743,-6628794.7746599261,-12.779785275141844,7145.8909440489751,2424.7008642252063,-0.2034935587120163
378000,4239231.8869232349,-5570359.4070404414,-72.142115947244861,6004.8906376089135,4569.9271294830951,-0.18880228591757231
378300,5789697.4235496763,-3934385.5705141593,-124.09690577588378,4241.2989228818733,6241.3407062698607,-0.15453700746075599
378600,6739883.2646435909,-1890492.0672426415,-163.2541706377111,2037.9662723538158,7265.6479191702274,-0.10422645808023615
378900,6991273.4853487788,349408.83694411977,-185.54390452506723,-376.66398908160454,7536.6478046080365,-0.043065260031417717
379200,6517803.8489811029,2553082.7159723244,-188.63903771584529,-2752.2411441205431,7026.2431226630724,0.022622790182071237
379500,5368564.1056672977,4492051.2729966072,-172.19820767160482,-4842.4638009585506,5787.3532998691317,0.086038780045315233
379800,3662708.2520437445,5965281.1211214,-137.90307905058566,-6430.6165517379068,3948.4274693313446,0.14061235430763477
380100,1577100.5189775196,6820027.003525327,-89.28621880704037,-7352.0389914541047,1700.1266773403443,0.18068217647289236
380400,-672022.02255995071,6967668.4643852087,-31.367201293794515,-7511.1976676322956,-724.44391337337413,0.2020828035110171
380700,-2851469.0322721289,6392898.0497141015,29.865553618394657,-6891.5910379343832,-3073.9034029591485,0.20257730474992772
381000,-4735274.2097472567,5155308.3923623934,88.073755974291601,-5557.4604370016514,-5104.6584624686029,0.18209087017551034
381300,-6128123.6291353218,3383213.5976121137,137.22513489170493,-3647.1295175353125,-6606.1593301180483,0.14272111410104382
381600,-6885606.003037692,1260345.5152093233,172.21845883895128,-1358.6626535496775,-7422.7298162485349,0.088523706622490525
381900,-6929185.2818109766,-993195.73627137311,189.41298453680949,1070.6706730907595,-7469.7078262723835,0.025095070159609691
382200,-6254343.2276827116,-3143761.8787129186,187.00738138368774,3388.9961774836506,-6742.2229346846379,-0.041005140171257809
382500,-4931047.7934865346,-4968381.1866464075,165.22863272218058,5355.9490754188373,-5315.7011109216191,-0.10293233469413547
382800,-3096498.8091762648,-6277876.202605715,126.31101716242037,6767.5949128178017,-3338.0444779471009,-0.15426595273096214
383100,-940903.12395345862,-6936477.6764400098,74.267011686370523,7477.5733444857942,-1014.296982684469,-0.18967555167388364
383400,1312246.0089259259,-6875901.2114020251,14.473571720296889,7412.2728708461955,1414.6142961854653,-0.20547474571531879
383700,3429340.7504306762,-6102427.1435984494,-46.883535734951032,6578.4632211668886,3696.8583529807829,-0.20000526665893451
384000,5190879.2903970536,-4696249.5389265995,-103.44986368945803,5062.5938538929831,5595.8102924544255,-0.17381104057785612
384300,6414224.0375210792,-2803161.7121548522,-149.36056401311788,3021.8310429917619,6914.5850537015958,-0.12958400454746832
384600,6972537.725651064,-619440.27004918782,-179.84855738658916,667.76270053589315,7516.4509238328719,-0.071887127120014341
384900,6807934.0472925147,1628505.0645063743,-191.73949694518333,-1755.5394805507358,7339.0061225246536,-0.0066832564568875472
385200,5937479.3178289142,3707605.8548316737,-183.78214303378201,-3996.825807763089,6400.648549570431,0.059281416619232988
385500,4451422.9488691473,5402299.6743860822,-156.77981277239121,-5823.7183950358749,4798.6680330246681,0.11917542433155126
385800,2503840.2605475462,6536879.7276535621,-113.50916803863146,-7046.8041270397489,2699.1590755645366,0.16678934330271872
386100,296657.83261693036,6993712.1843961412,-58.434616149441396,-7539.2729539237125,319.80006109771307,0.19717918768450857
386400,-1941282.3525225916,6725432.4895974016,2.7522621363663262,-7250.0655601475319,-2092.7156723652038,0.207179345714504
386700,-3977949.369808916,5759856.1409918638,63.720751813378982,-6209.1672749179352,-4288.2570801242882,0.19573202147673513
387000,-5602180.4633639446,4197094.7561674817,118.15581500109337,-4524.4992361861932,-6039.1891986108712,0.16399904164111573
387300,-6645574.5370457126,2199176.4081311701,160.41203207877331,-2370.7290078221504,-7163.9745780710655,0.11524424688946039
387600,-6999952.0547374068,-26753.593924217392,186.09903085337146,28.839227497173169,-7545.995196959293,0.05449825924946812
387900,-6628571.0826303335,-2249909.679423226,192.53772228215308,2425.417115666889,-7145.6433086034504,-0.011960146947746005
388200,-5569936.6244348893,-4239793.9558889437,179.03989748179634,4570.5265923242187,-6004.4277269855202,-0.077252798914535015
388500,-3933808.363484771,-5790094.2539817002,146.98192835806788,6241.7619531226737,-4240.6700216493991,-0.13461406377041057
388800,-1889820.7751600898,-6740074.5781114157,99.66460122620397,7265.848680889806,-2037.2369960998446,-0.17809223431842303
389100,350104.54050798295,-6991240.2689096527,41.973297772048994,7536.6085196419681,377.41869631214763,-0.203167502507623
389400,2553730.8880160423,-6517550.0592685016,-20.126498735053097,7025.9682812268493,2752.944311489855,-0.20722218245414903
389700,4492584.8768164627,-5368116.191163796,-80.206234026427893,5786.8708726751711,4843.0436363677309,-0.18981413432642141
390000,5965644.7528709909,-3662112.553499741,-132.03996030446601,3947.7864682909521,6431.0133401979656,-0.15272478370918169
390300,6820182.5882922141,-1576418.6933595689,-170.24966006443171,1699.3927010545942,7352.211273630126,-0.099776570639069709
390600,6967599.3106253231,672719.23148282862,-190.86328048665933,-725.19513076180476,7511.1269344183529,-0.036438636721943141
390900,6392610.7270611282,2852109.0974044767,-191.72756499118478,-3074.5939149429009,6891.2840643495138,0.030738439016485049
391200,5154832.1372959986,4735790.3949825019,-172.7328045867483,-5105.2164671012797,5556.9487119302967,0.094800307184423532
391500,3382597.2983510192,6128461.9594781529,-135.82611194941597,-6606.5267647445016,3646.4658540651458,0.14910873685862319
391800,1259652.6519638672,6885730.8692987673,-84.811716960318307,-7422.8682828653882,1357.9156077471923,0.18802921200196859
392100,-993893.62004366959,6929083.1431065882,-24.958820173338573,-7469.6024252111929,-1071.4237760374999,0.20751511053576482
392400,-3144392.5271423161,6254024.0960464571,37.542557867805542,-6741.8839033563718,-3389.6769676907402,0.20552806242778462
392700,-4968879.1341579016,4930544.3479584362,96.221573223802295,-5315.1631701661445,-5356.4861405042911,0.18225098789571442
393000,-6278189.7108381493,3095863.1351972977,144.99630732015896,-3337.3636773080525,-6767.9315077704041,0.14007164306946226
393300,-6936574.3337423997,940201.29164288403,178.80403183998683,-1013.5449554174982,-7477.6739117720244,0.083338078543264416
393600,-6875771.4636272388,-1312941.0043587708,194.12672865127468,1415.3582531978491,-7412.1272564938699,0.017910888697017513
393900,-6102085.2508701012,-3429956.8504153015,189.35730969114627,3697.5162910302893,-6578.0877077465848,-0.049441849112935123
394200,-4695731.8490595818,-5191353.0344715361,164.9683538742911,5596.3142381884309,-5062.0288354408303,-0.11174462498946502
394500,-2802522.5729741184,-6414507.0951748285,123.46556106246027,6914.883949885525,-3021.135980558538,-0.16253714596998667
394800,-618746.20510743419,-6972601.6432363158,69.130422808676968,7516.5152172331982,-667.00945933421667,-0.19654461414921334
395100,1629182.1982063181,-6807772.8848189199,7.5785052916784892,7338.8300038770503,1756.2738980541039,-0.21022592251140301
395400,3708196.0678287088,-5937110.0942049408,-54.821064566253426,6400.2501568714379,3997.466544547407,-0.20214264253735331
395700,5402741.8280342352,-4450883.9324885141,-111.60484160362836,4798.0878032860683,5824.1997898516884,-0.17311026877693225
396000,6537127.737170374,-2503187.2111953781,-156.88472737588106,2698.4561643507359,7047.0762527030647,-0.12611581972385633
396300,6993739.8423030907,-295958.42978515639,-185.95861565884411,319.04672905693633,7539.3070387986018,-0.066010189891484258
396600,6725236.3272806359,1941955.4325510033,-195.79866062034583,-2093.4414331415683,7249.8574264983881,0.00099293950803965025
396900,5759455.911618229,3978526.0132023338,-185.36647638993415,-4288.8798509024136,6208.7380545163842,0.067959737501378292
397200,4196531.432826072,5602600.4497257061,-155.72250298394781,-6039.6441918624514,4523.8931537160988,0.12795384275023
397500,2198507.9412821252,6645793.811468699,-109.91809079758916,-7164.2143684351995,2370.0086495959986,0.17475466026271155
397800,-27458.252862855326,6999947.2988256169,-52.681347448517535,-7545.9944844730071,-29.599385975878249,0.20350200536244617
398100,-2250577.6586359283,6628342.177700677,10.07087394242469,-7145.4015039212045,-2426.1381834959229,0.21120042438567085
398400,-4240355.9851609711,5569506.790994308,71.844486360164126,-6003.9692938273984,-4571.1332045994041,0.19703103186770091
398700,-5790491.9344591741,3933221.907637761,126.24003898506538,-4240.0424164596134,-6242.1901882271914,0.16243853528049618
399000,-6740266.6487746891,1889138.5513298418,167.61551870416662,-2036.5060250271006,-7266.0532145759644,0.11098422988866585
399300,-6991207.1047784835,-350811.5693182589,191.67150650551966,378.17594886983079,-7536.5679644218608,0.047979808790096647
399600,-6517295.7745322566,-2554389.2848512032,195.89802323347482,2753.6481897594276,-7025.6876670301972,-0.020060555312014443
399900,-5367668.0509370752,-4493126.6050971337,179.83658778321288,4843.6208959912401,-5786.3807420473058,-0.086093521377428261
400200,-3661517.8345158296,-5966014.2982403869,145.13005142300324,6431.4049550210775,-3947.1388814573361,-0.1432757721962703
400500,-1575739.5110409833,-6820342.5340486085,95.354721535068819,7352.3780815480304,-1698.6551128517008,-0.18567354458529459
400800,673412.42367223685,-6967533.8995837104,35.651874889331047,7511.0528526375219,725.94700100701539,-0.20887878804717944
401100,2852744.6353390561,-6392327.2394608296,-27.80337640742648,6890.9771101754095,3075.2834189404421,-0.2104678055873207
401400,4736302.5471600899,-5154360.0872915126,-88.440955196546341,5556.4401194915181,5105.7731984834872,-0.19025453698293476
401700,6128797.528110465,-3381985.5295688258,-139.97626305304325,3645.8073268667868,6606.8933494195944,-0.15031197592084514
402000,6885854.6707029389,-1258964.5029238712,-177.06165994627014,1357.174576590387,7423.0063529812278,-0.094759320244350381
402300,6928981.7690121187,994586.72655486292,-195.84140138316872,-1072.1708232780024,7469.4970045011924,-0.029336809820618683
402600,6253707.4498353722,3145018.4637208236,-194.35243751744471,-3390.3525055336149,6741.5453587573666,0.039187735826909466
402900,4930044.7020187732,4969372.601542254,-172.72944194850467,-5357.0199110110734,5314.6262509932112,0.10371920564466641
403200,3095231.8032995816,6278499.056492595,-133.19271642368,-6768.2679349301661,3336.6837918318806,0.15756978084230933
403500,939503.32422057376,6936666.9181313533,-79.820100387231392,-7477.7777653134372,1012.7923464536777,0.19515177009721582
403800,-1313633.5087236818,6875637.0649980325,-18.126367370685671,-7411.9871838603576,-1416.1056364641181,0.21255701747422737
404100,-3430572.1611209726,6101737.2175443331,45.506497172633374,-6577.7175448582793,-3698.1805948832907,0.20796295969223774
404400,-5191827.2542500943,4695205.8700901149,104.48931628322615,-5061.4665966741622,-5596.8256995746651,0.18182330126308072
404700,-6414790.949819115,2801873.092676966,152.70785547382087,-3020.4403334620101,-6915.1884833519198,0.13682344273103014
405000,-6972665.8266851828,618040.73455478624,185.15653350696149,-666.25364720756306,-7516.5806686872038,0.07760498253154885
405300,-6807611.2512085456,-1629870.3071719569,198.45807697511788,1757.0101930064116,-7338.6499708312704,0.010287393485565691
405600,-5936740.2364185872,-3708795.5205096705,191.21516295186771,3998.1062530172981,-6399.8445641765857,-0.05816403265100227
405900,-4450345.0935004056,-5403190.9501357609,164.15737743080348,5824.6769393210907,-4797.5001550436591,-0.12065882566793246
406200,-2502535.8988620704,-6537380.7967098402,120.06795446124281,7047.3426332005256,-2697.7481863701851,-0.17071601529109376
406500,-295262.38776230859,-6993771.5127684511,63.497577299210391,7539.3364597094678,-318.29152621044227,-0.20313661921964904
406800,1942624.1716043996,-6725044.004199421,0.29464353416629052,7249.6476250136775,2094.1667131436757,-0.21454400077659552
407100,3979098.3359961817,-5759059.8290158799,-62.999497722829659,6208.310582502063,4289.5012921999823,-0.20373578966175643
407400,5603017.0593386609,-4195972.6374115162,-119.82774451190012,4523.291420063043,6040.0980851170352,-0.17181060940090398
407700,6646011.2523568273,-2197844.2528427374,-164.29670152275574,2369.2940403760431,7164.4535880363055,-0.12205626073279531
408000,6999942.5178980986,28158.030911132926,-191.78793792370305,-30.353375393120359,7545.9936448750514,-0.059610811642987024
408300,6628115.060848563,2251240.7858260591,-199.43761848291663,-2426.8534762393228,7145.1600414960612,0.009068353551234809
408600,5569080.2954001641,4240913.3524325322,-186.43470945256678,-4571.735459500409,6003.5117872530072,0.07687253362500332
408900,3932639.7274532942,5790885.2887370884,-154.10675411567064,-6242.6167281245071,4239.4160054972144,0.13677756073083885
409200,1888460.5982672004,6740454.6605403237,-105.78421523226297,-7266.2595244473996,2035.7753952971732,0.1825713012449354
409500,-351515.34006435098,6991169.6635163762,-46.457305653430602,-7536.5321663513878,-378.93522911439391,0.20949751416820919
409800,-2555046.061753924,6517036.1317059789,17.739300977940374,-7025.4127884970731,-2754.3572525573272,0.21474946511425927
410100,-4493668.2498983322,5367212.6179536674,80.160683870214342,-5785.8947147123044,-4844.205546423229,0.19776223026808509
410400,-5966384.5162806837,3660913.5923692193,134.33930465852984,-3946.4921133601702,-6431.8035198645412,0.16027337298354399
410700,-6820502.9312920161,1575049.1762189912,174.6549756190397,-1697.9154885609337,-7352.5483609501325,0.10614550175870838
411000,-6967468.1744021866,-674117.05333031423,196.91783082573849,726.7014681252183,-7510.9771152033154,0.040968717648102858
411300,-6392042.9181092214,-2853390.4100176925,198.80384939914475,3075.9734153636559,-6890.6641322515634,-0.02851632032732402
411600,-5153887.5596393347,-4736822.7979847807,180.0976233341128,5106.3270268072756,-5555.923830476564,-0.095115340619375863
411900,-3381374.5791913662,-6129139.0229955707,142.71693729848189,6607.2545082114948,-3645.1424461450665,-0.15192542737389775
412200,-1258278.8870899256,-6885982.932400695,90.516302141956999,7423.1388658454853,-1356.4302527091779,-0.19305081674617533
412500,995275.92512163578,-6928884.3277075924,28.889519617119035,7469.3882980334483,1072.9182553034252,-0.2142151575059123
412800,3145640.0123093016,-6253394.8926184643,-35.787744079144524,6741.2069594329714,3391.0268807696666,-0.2132064981092871
413100,4969862.2137792762,-4929549.5451092506,-96.817727823547102,5314.0925904234537,5357.5523581085672,-0.19010858468196842
413400,6278805.8539385851,-3094605.288324317,-147.87435021631114,3336.0091544066445,6768.6035439802808,-0.14729424953685044
413700,6936758.6827320466,-938810.33519584755,-183.65906361841292,1012.0458487051999,7477.8813421703653,-0.089181402418734582
414000,6875503.6987668332,1314321.0230362541,-200.45075141290189,-1416.846919242405,7411.8473147407276,-0.02177681423777654
414300,6101391.9342544656,3431182.6264721416,-196.49259240498841,-3698.8397242628425,6577.3481619186468,0.047945071852175766
414600,4694683.9073658762,5192296.9457665151,-172.17570253487415,-5597.3341081819726,5060.9056317094028,0.11276395028220254
414900,2801228.0799519001,6415070.6452479521,-130.00041614400297,-6915.4931949032743,3019.7456718696199,0.16596131852487503
415200,617339.15476653352,6972725.9241485968,-74.319096227347245,-7516.64969212898,665.49707324799215,0.20201659077592105
415500,-1630555.9526439263,6807444.8699310068,-10.886975519752248,-7338.475525981612,-1757.7502666120211,0.21717963022378647
415800,-3709394.1788540138,5936364.0339501007,53.732609628293218,-6399.4440609817293,-3998.7526521083246,0.20986047472423361
416100,-5403640.4298269534,4449797.6942055877,112.8471643922546,-4796.914825299853,-5825.1617016063738,0.18079590250348149
416400,-6537634.3948617224,2501873.9898349857,160.32799756348962,-2697.0391911570268,-7047.6144541567601,0.1329754627649366
416700,-6993803.0928518204,294554.77531909896,191.24552443074904,-317.53355795033804,-7539.3666620597614,0.071334340727930601
417000,-6724850.8412993969,-1943303.9379116604,202.38109803783132,2094.893763951628,-7249.4335713166574,0.0022444530527011911
417300,-5758662.808920485,-3979679.8790715281,192.56221604842682,4290.1214048314059,-6207.8757924635729,-0.067143936897290146
417600,-4195413.8115059156,-5603440.6224766942,162.78613504036903,6040.5474284275151,-4522.6824088090225,-0.1296421795094253
417900,-2197182.1661517415,-6646233.7979682591,116.11878502431961,7164.6868980538129,-2368.5746632286309,-0.17876820369096708
418200,28854.560073853005,-6999941.8984878501,57.379162629270347,7545.988144959616,31.108929383051873,-0.20941918136000268
418500,2251899.7027066774,-6627892.0114122313,-7.3583325217993405,7144.9170180066312,2427.568076057506,-0.21840193414759243
418800,4241466.5670021437,-5568658.2210418219,-71.392202298405806,6003.0561601802747,4572.3362863103112,-0.2047658147838983
419100,5791275.4720863774,-3932062.3649908444,-128.08775288493069,4238.7940632450845,6243.0421606528371,-0.16990328990705031
419400,6740641.078652597,-1887787.7032791513,-171.56468199419459,2035.0506217296456,7266.4653400136558,-0.11740759223444408
419700,6991132.4656532751,352213.98788737948,-197.30704035033773,-379.68826393774134,7536.496418519233,-0.052702064053818394
420000,6516778.5564305959,2555697.8130311831,-202.63227326844427,-2755.0605555197062,7025.1385250065032,0.017520460370622014
420300,5366760.7753465241,4494205.1464927746,-186.97063910368749,-4844.7860107622491,5785.4099040692472,0.085990162573922252
420600,3660313.8033687589,5966750.3943823874,-151.92594553624087,-6432.200707402746,3945.8467080369819,0.14561289613249739
420900,1574363.186544037,6820659.272777142,-101.11119638528746,-7352.7207569185593,1697.176138436939,0.19020504336108784
421200,-674818.43237207143,6967398.1188024553,-39.776046891566551,-7510.9063092260312,-727.45825727110559,0.21513450773204476
421500,-2854034.5813537035,6391753.0810840586,25.735490107296499,-6890.3567659077144,-3076.6689620521684,0.21780152394067995
421800,-4737342.9010472838,5153407.4888704708,88.641082439107208,-5555.4112495639129,-5106.8884645606222,0.19790953198420466
422100,-6129480.9892374864,3380753.8312229579,142.42207639049877,-3644.4779059111288,-6607.6225487696083,0.1574980066190014
422400,-6886111.3186475094,1257581.9057891988,181.49887050810963,-1355.6835690072744,-7423.2745298063892,0.10073363353842342
422700,-6928786.1910250653,-995976.66250735405,201.8097532646097,1073.6683130742426,-7469.2775503987386,0.033481102605398889
423000,-6253081.1537837358,-3146271.8013456482,201.23317089978346,3391.7015169025103,-6740.8623013385604,-0.037302449953473704
423300,-4929053.6510709077,-4970359.8962643938,179.80948847011251,5358.0815773469549,-5313.5512596218123,-0.10428698363623831
423600,-3093979.4205326047,-6279118.5925699361,139.73899390714172,6768.9334875787254,-3335.3284075662255,-0.16052872394267553
423900,-938119.75516999536,-6936855.0112116989,85.156052821739024,7477.9792915009994,-1011.2963792088221,-0.20019027834463254
424200,1315004.7552603809,-6875374.4593328191,21.702550993198024,7411.7042292615288,1417.5883216218813,-0.2191468825968044
424500,3431788.8612658931,-6101050.9970660377,-44.055365308750368,6576.9790519956032,3699.4975380358992,-0.21541566810622773
424800,5192762.9787606886,-4694166.7206274085,-105.30691370774363,5060.3480534258069,5597.8411433083184,-0.18936317349076245
425100,6415348.0256091366,-2800588.1731971931,-155.70226011356874,3019.056373829324,6915.7971235833265,-0.14366935500668448
425400,6972785.4673238313,-616642.81815128378,-190.01090712521849,664.74670741500631,7516.7185688451455,-0.083051660885758244
425700,6807279.807972162,1631236.398365865,-204.66458342522208,-1758.4842047964817,7338.3015208565012,-0.013777673118288855
426000,5935990.8605709514,3709987.8645506799,-198.12828168092315,-3999.3939753072295,6399.044636856368,0.056983216670359597
426300,4449254.535469614,5404085.338901151,-171.06089385198158,-5825.643675240316,4796.3310121034401,0.12190192946879155
426600,2501216.6763617881,6537883.8378768768,-126.24869024078663,-7047.8868089809148,2696.3312288806355,0.174248743943304
426900,293851.08209742815,6993830.5672469744,-68.318414691053079,-7539.4007112219742,316.77462441421972,0.20859066986771124
427200,-1943981.2597524503,6724652.8222705033,-3.2595818660403992,-7249.2251253845752,-2095.6249537557865,0.22135497823408834
427500,-3980260.6056531919,5758259.2293710206,62.194694786769318,-6207.4458038542016,-4290.7485185936412,0.2112005812912173
427800,-5603864.4019736107,4194846.1502476837,121.26437395535689,-4522.0752438230475,-6041.0044527460104,0.17915879625145809
428100,-6646456.6006129123,2196509.2321431157,167.82464076999329,-2367.8538463670748,-7164.9254250544573,0.1285287834602202
428400,-6999940.8144742763,-29562.813799774041,197.04089851552996,31.867420904954088,-7545.9830400185974,0.064538202687359825
428700,-6627667.742099409,-2252569.6882166993,205.87080359501121,2428.2843209310904,-7144.6694139575839,-0.0061961610039417137
429000,-5568234.8982427437,-4242028.9764841245,193.38119916035851,4572.9354790777061,-6002.5931163579617,-0.07635232712708595
429300,-3931484.7558466271,-5791672.5936742313,160.84687462193807,6243.4627472702341,-4238.1650005151396,-0.13866102472728167
429600,-1887116.2628925906,-6740832.6592673454,111.62062900546604,7266.6650949986324,-2034.3213854470278,-0.18665912002590077
429900,352909.51421740814,-6991099.5819870345,50.787820567744795,7536.456023568644,380.44255821814454,-0.21536037581447173
430200,2556345.5020878678,-6516525.279830181,-15.359024929135096,7024.8628110266118,2755.7629555885069,-0.22177378420725716
430500,4494738.0764644295,-5366313.6311600953,-79.971244317723091,5784.9271061488498,4845.3649486565209,-0.2052154647907353
430800,5967113.3264283426,-3659719.1244773809,-136.35329726851842,3945.2058951753725,6432.5967816911798,-0.16738153978042081
431100,6820814.2807304729,-1573682.5359199294,-178.65674361348027,1696.4427547297983,7352.8927426402097,-0.11217423488944166
431400,6967328.5951970983,675514.4483909948,-202.48696030928414,-728.20872933188002,7510.8357440973168,-0.045299104820536139
431700,6391465.6080593131,2854673.5592702297,-205.35963685550232,-3077.3587808632519,6890.0502981539539,0.026324935372154547
432000,5152931.2716716919,4737858.1770156249,-186.95964423376273,-5107.445911175846,5554.9001733495979,0.09528165639038387
432300,3380137.7180096754,6129818.6060028011,-149.17534724576592,-6607.9895473603847,3643.8148787522746,0.15442545290463849
432600,1256889.3454922119,6886235.6495358944,-95.904692187329033,-7423.4126495369655,1354.9370666312991,0.19762163584548562
432900,-996674.15172941366,6928683.6610961994,-32.65303433104711,-7469.171887204162,-1074.4210041449937,0.22038244099768667
433200,-3146901.9905755864,6252761.7300538663,34.035775225469223,-6740.5231011719889,-3392.3820649782333,0.22033293895341688
433500,-4970857.3457846511,4928549.9563529994,97.256269003379558,-5313.0132216296806,-5358.6186005549334,0.19745862209872353
433800,-6279431.5772785749,3093343.4820988439,150.45624900467971,-3334.6475235487414,-6769.2702145597095,0.15410896178719877
434100,-6936951.1164450692,937417.60582651128,188.11574251453942,-1010.5442446625395,-7478.0800525542809,0.094756358494886089
434400,-6875244.1289993487,-1315700.1157701346,206.31972851094906,1418.3323560031072,-7411.5587179418344,0.025535106423991885
434700,-6100708.5216474589,-3432405.3311281987,203.16522376364497,3700.155368674184,-6576.603464401137,-0.046392273067030892
435000,-4693648.5299935983,-5193237.0501020253,178.96036269061904,5598.3446283737021,-5059.7828501327112,-0.11357601986796842
435300,-2799948.7326958668,-6415631.3632733934,136.19457752647901,6916.095159239022,-3018.3612217721238,-0.16905084095377459
435600,-615948.75283826189,-6972849.681077837,79.282682474900469,7516.7817595304523,-663.99369286426645,-0.20705833702630033
435900,1631913.2040968705,-6807119.0697927177,14.109130213399411,7338.1243751146194,1759.2179992796109,-0.22364509224622089
436200,3710577.49462457,-5935622.2929085093,-52.580509931369136,6398.6456162893073,4000.033830697228,-0.21707416904272184
436500,5404526.8044619495,-4448716.4420972737,-113.87788465886477,4795.7507172898195,5826.1242257218537,-0.18800708295034721
436800,6538131.2186659938,-2500564.7596574062,-163.42764779596314,2695.6287502799496,7048.158421093035,-0.13943716874449502
437100,6993857.7734081177,-293152.89603061811,-196.08648993909776,316.02199570509515,7539.4347554940196,-0.076381086996687567
437400,6724456.4283753801,1944653.1769958483,-208.45703318733487,-2096.3499847533785,7249.0173690447182,-0.0053603557732190069
437700,5757858.9716428332,3980836.2401868361,-199.2411682035777,-4291.3706772920705,6207.0171982410939,0.066273397411434135
438000,4194282.9604778672,5604283.5754499892,-169.37611569794956,-6041.4589750083651,4521.4698265542092,0.13109955323067979
438300,2195841.0233370187,6646675.253488007,-121.93900546271107,-7165.1648501022419,2367.1340853258544,0.18239713873624108
438600,-30267.117505439324,6999935.5987390056,-61.829742438087997,-7545.9820436572199,-32.62710453164118,0.21484138945151682
438900,-2253237.2394253947,6627438.4970614798,4.7351164743909919,-7144.4274090016233,-2429.0050717049635,0.225056135971336
439200,-4242590.5297352066,5567804.7915407615,70.865191886293189,-6002.1345591103836,-4573.5419674886243,0.21196484857966327
439500,-5792069.7670662124,3930898.0338633936,129.70938213672434,-4237.5373021817031,-6243.8910533508206,0.17690396733174835
439800,-6741024.1923744697,1886433.7309530964,175.16549943131929,-2033.5902984304507,-7266.8698173372131,0.1234866443567931
440100,-6991065.8420462376,-353616.90741119743,202.51300345574214,381.19993931779823,-7536.4156283329239,0.057230731864394868
440400,-6516270.3924452979,-2557004.2896302836,208.90325884495192,2756.4668562216552,-7024.5821982031412,-0.015010828308658963
440700,-5365864.9203601368,-4495280.1691538664,193.65638623098812,4845.9419424731923,-5784.4368117940849,-0.08575857721691818
441000,-3659123.9747843575,-5967483.1800583005,158.33371785186327,6432.9877224024531,-3944.5581345779196,-0.14768091025268007
441300,-1573003.1814495367,-6820974.5109143546,106.57807174679019,7353.0585293175318,-1695.7052198189006,-0.19435406814589323
441600,676207.48495888046,-6967263.5411678432,43.738128536872466,7510.7605540246432,728.96015608064715,-0.22092886813655083
441900,2855308.6396354274,-6391182.667317085,-23.684374694213069,6889.7424947779527,3078.0474879952944,-0.224634836940341
442200,4738369.6900813859,-5152460.0322694061,-88.707476036799434,5554.3912466011207,5108.0017330675728,-0.20506921794447061
442500,6130153.520536609,-3379527.009210024,-144.59216794331846,3643.1565729622735,6608.3554294565101,-0.16424064704753571
442800,6886358.9273765692,-1256202.405378808,-185.5409611030949,1354.1966440838828,7423.5504525497363,-0.10636278124583683
443100,6928581.9718493121,997366.04142012447,-207.2993753960925,-1075.1673125563284,7469.0666699820258,-0.037419151240777555
443400,6252444.9831363177,3147526.8262015772,-207.59793530561623,-3393.0569357150907,6740.1850935127186,0.03545572066598357
443700,4928050.3880006615,4971349.8980806833,-186.38876585428437,-5359.1518521513317,5312.4769723561139,0.10471482030910431
444000,3092712.3630831027,6279740.207975056,-145.85216670413868,-6769.6062514830501,3333.9682825632663,0.16318024230623124
444300,936719.95422373596,6937043.1643069778,-90.172372102624024,-7478.1836052936187,1009.7921720565644,0.20478693115855068
444600,-1316392.2255260532,6875109.3333745711,-25.105607715947421,-7411.4184207906583,-1419.0793510555118,0.22521155756843902
444900,-3433020.1912308233,6100360.1812202865,42.614943689010936,-6576.2331509838787,-3700.8194671021211,0.22232144061306938
445200,-5193710.7820022516,4693122.2751616966,105.97577484510262,-5059.2205052458103,-5598.8560865129521,0.19639703726688637
445500,-6415914.6978305755,2799298.9513512794,158.409262430664,-3017.6654570176224,-6916.399849667273,0.15010488254336513
445800,-6972913.3033975763,615242.9248019224,194.47432410795975,-663.2377275218646,-7516.8474044799386,0.08822357508506562
446100,-6806956.8315192368,-1632601.7146630792,210.42103288601942,1759.9544093971981,-7337.9444206155213,0.017150858707656209
446400,-5935251.8221845478,-3711177.3444432542,204.58060871820913,4000.6734468370796,-6398.239915437357,-0.055757516648162565
446700,-4448177.0712241661,-5404976.2720470913,177.54019154584324,5826.6009065419239,-4795.1628611020788,-0.1229489684131756
447000,-2499913.1191197666,-6538384.5730024818,132.08402837103949,7048.4239239280087,-2694.920684037967,-0.17745656795832956
447300,-292456.83086987236,-6993889.7589192251,72.906895678710143,7539.4630662456402,-315.2670438214825,-0.21362171237624875
447600,1945321.6116740964,-6724264.5574105699,6.1292184888679486,7248.8065542306831,2097.0746096263074,-0.2276818964537374
447900,3981408.010806934,-5757463.5812140098,-61.336030528950687,6206.5891306723552,4291.9912161878619,-0.21816240274448312
448200,5604699.5385044804,-4193725.1273325924,-122.49912535167408,4520.8680645004315,6041.9120255012058,-0.18603104745129934
448500,6646892.1167305782,-2195178.5029288079,-171.01790359515849,2366.4199333571914,7165.4035792814948,-0.13459972545370694
448800,6999930.4213965843,30965.652347347932,-201.85549687128332,-33.380387730235043,7545.9811978437483,-0.069182809619707991
449100,6627211.2014374221,2253899.1878597941,-211.80323196965125,-2429.7196537473128,7144.1863575368516,0.0034522738381516024
449400,5567378.3120860783,4243146.8810919411,-199.81441719792315,-4574.1436454417644,6001.677692201275,0.075785386346701941
449700,3930316.0196924503,5792462.3070620503,-167.11432110689336,-6244.3171663616185,4236.9115688884567,0.14032236781836682
450000,1885756.0546003939,6741211.5828249995,-117.07484016495953,-7267.0758085442531,2032.8602639612068,0.19037140178913967
450300,-354320.31773238024,6991027.938237587,-54.866727087581715,-7536.3795881110054,-381.95876264942945,0.22073664909202348
450600,-2557660.6438921271,6516010.3990896037,13.074715897489156,-7024.307146245892,-2757.1756346747925,0.22825734208318468
450900,-4495821.3478655349,5365409.1925490014,79.715265593880531,-5783.9506627202618,-4846.5265086863365,0.2121365358685415
451200,-5967852.8974825516,3658519.433743313,138.14991605530381,-3943.9112483358899,-6433.386390530216,0.17402544106013967
451500,-6821134.366418073,1572312.4990286771,182.31821633257204,-1694.9654360192187,-7353.2290080678049,0.1178544638651441
451800,-6967197.2223684369,-676912.5176558597,207.63276149489147,729.71479560067826,-7510.6849606448632,0.04942818247875759
452100,-6390897.7146791723,-2855954.8358932314,211.45569007709619,3078.7375327207246,-6889.4294849293419,-0.024174143212921394
452400,-5151986.901407579,-4738890.3259742558,193.3736782847634,5108.5552964185681,-5553.874762606154,-0.095330766926957217
452700,-3378915.5981291397,-6130495.3376566712,155.24271045822113,6608.7158982252849,-3642.4915074049477,-0.1566667166766805
453000,-1255516.5924287452,-6886487.4880988272,100.99771969389974,7423.6819298252412,-1353.4523882950139,-0.20181837891001247
453300,998055.107410372,-6928484.9093905687,36.246572076482366,7468.9568586632931,1075.91427037619,-0.22609404353468204
453600,3148147.9446492158,-6252133.0038723107,-32.309726017539035,6739.8458701558102,3393.7304863176541,-0.22696171594130088
453900,4971838.9083212353,-4927556.078554051,-97.570630220104761,5311.9430143253157,5359.683380958305,-0.20431336916118367
454200,6280046.3991303882,-3092086.9440016919,-152.77162944078088,3333.2938981446978,6769.9411727511197,-0.16047800673780188
454500,6937134.4600283587,-936028.20284824539,-192.18553193090105,1009.0462955792116,7478.2869462828903,-0.099982002322642649
454800,6874975.7069637179,1317078.5045719957,-211.71672182647978,-1419.8199056441754,7411.2787903417075,-0.029081444212315795
455100,6100014.8459497551,3433629.546961491,-209.32671048238521,-3701.4779592556729,6575.8643336662462,0.044885099929787536
455400,4692600.4278290514,5194179.5566635057,-185.24678135423855,-5599.3640178747519,5058.6602269835848,0.11425633871692614
455700,2798654.175937756,6416193.6795179946,-141.95558797880813,-6916.7042173880873,3016.971442761253,0.17184180895582335
456000,614541.67146784742,6972972.8641360253,-83.923917070508125,-7516.9161714368911,662.48167744579109,0.2116670180222785
456300,-1633286.9668169781,6806790.0469596293,-17.152944082026458,-7337.769784786874,-1760.6941226280967,0.22959301588425063
456600,-3711775.5606538067,5934875.296186829,51.446310761817969,-6397.8392744631983,-4001.3196788815649,0.2237462579277642
456900,-5405425.2721471032,4447629.3679433921,114.76817747016443,-4794.5774108974101,-5827.0857027196216,0.19471424081699229
457200,-6538637.6512865536,2499250.8718781434,166.24822042258469,-2694.2115333405964,-7048.6959226165436,0.14548656757700243
457500,-6993920.7649761494,291748.82137328479,200.54366428938013,-314.50887591300148,-7539.4934566176171,0.081147340417697056
457800,-6724070.7642062055,-1946001.813767836,214.08787920494476,2097.8018110576036,-7248.5925504053594,0.0083504273004317425
458100,-5757065.9153434411,-3981989.9750279784,205.46138573993724,4292.6112479274716,-6206.1541967152662,-0.065368391405748794
458400,-4193165.7368678181,-5605123.4619371854,175.54075101641689,6042.3608892425891,-4520.2588228234608,-0.13237141177646763
458700,-2194516.0601847228,-6647114.9689141074,127.4096980814379,7165.6359936242898,-2365.7004710199635,-0.18571043504198068
459000,31662.228442987893,-6999930.1333471471,66.04138040434087,7545.9745815053111,34.135665431927237,-0.21984756870603689
459300,2254557.8255064893,-6626988.6294179186,-2.2154737498780364,7143.9423364934273,2430.4335671724702,-0.23123050800757083
459600,4243699.5763053251,-5566956.9630507054,-70.293446470527357,6001.22150309685,4574.7435514881581,-0.21866241736788389
459900,5792851.8875429509,-3929739.6547650602,-131.13834187944948,4236.2896342174236,6244.7417610324474,-0.18342782025143814
460200,6741397.4760180004,-1885084.3581142735,-178.44027490422587,2032.1359695979995,7267.2811593722708,-0.12916124151647651
460500,6990990.3999193972,355017.70132553414,-207.28812041285389,-382.71109227555917,7536.3438691398705,-0.061472075448485063
460800,6515752.697261733,2558311.2057314143,-214.67941671519424,-2757.8782500216826,7024.0333258097135,0.012635517853925658
461100,5364957.4089036658,4496357.2259982461,-199.83278278115915,-4847.1064342801674,5783.4665130520425,0.085487596391344289
461400,3657919.8408470042,5968217.9631164353,-164.27037021185419,-6433.7831966360018,3943.2665281973532,0.14953517605019806
461700,1571626.8022999302,6821290.0884482665,-111.66169988372425,-7353.4011311412487,1694.2266738020298,0.19813638191189989
462000,-677613.5328880155,6967126.701571296,-47.444952859323379,-7510.6139509877758,-730.47115049371428,0.2262449970505668
462300,-2856598.5904807057,6390607.5156307966,21.735168092362358,-6889.1219668929398,-3079.4328304781275,0.23093411548212658
462600,-4739409.9717453439,5151506.5127933333,88.71489879995832,-5553.3620566143918,-5109.1166893218015,0.21170068138644155
462900,-6130836.8070483645,3378294.5176040223,146.55310694952726,-3641.8268195507853,-6609.0840711041128,0.17051933560010832
463200,-6886615.3247590382,1254819.2244299501,189.25048636474756,-1352.7054997751627,-7423.8177987621157,0.11163984964360739
463500,-6928386.157572628,-998756.28455660993,212.37178970549522,1076.6645430271956,-7468.846234282827,0.041148866805797407
463800,-6251818.6021734336,-3148780.183007827,213.50658904460587,3394.4051932229258,-6739.5011439682448,-0.033658987208426611
464100,-4927059.5468421103,-4972336.9929430634,192.52068101439841,5360.2123324565127,-5311.4014570599938,-0.10503578649389886
464400,-3091460.5845511411,-6280359.4706186317,151.57186492946127,6770.2704084633206,-3332.6129569736804,-0.16558278214315725
464700,-935337.40002111718,-6937231.0993070873,94.888203762054474,7478.3838460094648,-1008.2969106221301,-0.20901754427780667
465000,1317762.1283464115,-6874846.8656842886,28.33150849848937,7411.1346053010702,1420.5608029620541,-0.23082613520427883
465300,3434235.3807098139,-6099674.5150226345,-41.208898586058538,6575.4944266479051,3702.1349224952874,-0.22873249162629353
465600,5194645.026771633,-4692084.1218429366,-106.52942087194619,5058.102388326347,5599.8701290714853,-0.20293610872955412
465900,6416470.5031503206,-2798015.3964512115,-160.85853924348658,3016.2824274776231,6917.0074761059896,-0.15609316090572442
466200,6973031.9940493312,-613846.5959754989,-198.55890063534218,661.73194206603398,7516.9848450643212,-0.093042844755085952
466500,6806624.7795682065,1633966.1642187561,-215.71231145162636,-1761.4273473114549,7337.5960528761752,-0.020307202778514104
466800,5934502.1181711368,3712368.1329299468,-210.5269175763157,-4001.9603982182007,6397.4404418359281,0.054583781755940891
467100,4447086.3601771649,5405869.2663605073,-183.52427237514618,-5827.5672427942527,4793.9942967492352,0.12387188774240268
467400,2498593.8176119337,6538886.3840521267,-137.48680288967182,-7048.9679799716796,2693.5042159541335,0.18037436096639636
467700,291045.46306938026,6993947.703142046,-77.171010657395527,-7539.52729122442,313.75044873253228,0.21822835556925349
468000,-1946678.7447053909,6723872.3349796068,-8.8160098131402833,-7248.3839425355754,-2098.5326718756055,0.23349901342458856
468300,-3982570.2675148691,5756661.9945172314,60.501801686549157,-6205.7240774393431,-4293.2382339243413,0.22458821977216317
468600,-5605546.7680371618,4192597.7423761361,123.60120828287803,-4519.6515178926438,-6042.8179823986093,0.19240169061897697
468900,-6647337.2485690219,2193842.7507210402,173.94001264006354,-2364.9794579169607,-7165.8747145366387,0.14025699753896026
469200,-6999928.4586541224,-32370.917338909116,206.29325237384938,34.894402817549917,-7545.9696538723429,0.073541854167169296
469500,-6626763.7009032434,-2255228.278123741,217.29552937170402,2431.149995211154,-7143.6947497674073,-0.00084223956125126925
469800,-5566532.9594613863,-4244262.4272885555,205.79116373083465,4575.3426708700899,-6000.7582783114058,-0.075193685381846675
470100,-3929161.4472848326,-5793249.3805784741,172.95570492251505,6245.1618542282522,-4235.6603196706483,-0.14180811549570871
470400,-1884412.5332828243,-6741589.3718265947,122.17596887369119,7267.4799999660427,-2031.4066531698845,-0.19377684602747797
470700,355713.29904457089,-6990957.8612706149,58.700786895660123,7536.3023528450894,383.46508388229904,-0.22570364796810438
471000,2558958.641904918,-6515499.9207528913,-10.90154606383512,7023.7566320821206,2758.5799333511522,-0.2342653612752234
471300,4496889.6711423034,-5364511.0200023083,-79.423035066707541,5782.9831876900544,4847.6844357378868,-0.21855799969923362
471600,5968580.3377308324,-3657326.1906433143,-139.76257537971503,3942.6257579850899,6434.1784412014458,-0.18019222967021742
471900,6821444.6253765319,-1570947.3756749784,-185.66199046069701,1693.4937883987277,7353.5726800863422,-0.12312812922300394
472200,6967056.8935959972,678308.26902938937,-212.3551827477545,-731.2209222854317,7510.5434500906531,-0.053266219768667598
472500,6390319.9672170337,2857236.3734003995,-217.06303708572361,-3080.1219885338724,6888.8159723262252,0.022162914184684794
472800,5151030.3953427551,4739924.2309411671,-199.28268889595361,-5109.6736380070579,5552.8516588290022,0.095347183993471668
473100,3377678.6280330801,6131173.6160441805,-160.84107662980486,-6609.4507344553658,3641.1644800778604,0.15870216272965726
473400,1254126.9708753505,6886739.0393779837,-105.70712432724955,-7423.9556898436231,1351.9595727564538,0.20565701274828646
473700,-999453.4082245694,6928283.1596812224,-39.581907421411316,-7468.7404021212933,-1077.416826696815,0.23133576065294031
474000,-3149409.9616320664,6251498.8038600301,30.690849908842214,-6739.161808507909,-3395.085529753811,0.23306336759860163
474300,-4972833.9925500667,4926555.5100433361,97.832991948531131,-5310.8632851253406,-5360.7493491569494,0.21064418475072996
474600,-6280671.959357989,3090824.2794281114,154.88560864490228,-3331.9318919041079,-6770.6072929784232,0.16638390598378663
474900,-6937326.6434509475,934634.82581852796,195.93018180501684,-1007.5445249089596,-7478.4848124074979,0.10485259959284829
475200,-6874715.895206037,-1318457.9628589,216.70251904056553,1421.3050926634114,-7410.9891917615396,0.032413113017062171
475500,-6099331.3426033128,-3434852.3240660056,215.03581338754449,3702.7928424958418,-6575.1187323804688,-0.043436609870192287
475800,-4691565.257701518,-5195119.5134352697,191.0867761108218,5600.373339931396,-5057.536927362773,-0.11483944794404691
476100,-2797375.4328220431,-6416754.1807829114,147.32119531183938,6917.3047841995613,-3015.5870735326121,-0.17439303245163629
476400,-613152.28184683574,-6973096.5274706846,88.260173963101408,7517.04697266526,-660.97903027980487,-0.21591735266260956
476700,1634642.8863657662,-6806464.4562540054,20.013121886058507,7337.4178148124065,1762.1606057742058,-0.23509635084384878
477000,3712957.3923825868,-5934134.1821959559,-50.354267534327079,6397.0406528075964,4002.5993791225383,-0.22992678574266187
477300,5406310.2097597793,-4446549.1771683134,-115.55164985103589,4793.413778689137,5828.0468668425965,-0.20092759393227791
477600,6539133.25898307,-2497943.0549393352,-168.81946997031508,2692.8020478066901,7049.2389427637781,-0.15108782990189054
477900,6993974.5521012647,-290348.55636114581,-204.62988387466746,312.99845610052307,7539.5611663774316,-0.085558418447291729
478200,6723675.7896899963,1947349.4058393757,-219.26044666204876,-2099.2570079731577,7248.1764929048422,-0.011119569429241832
478500,5756261.7777081924,3983144.7894516173,-211.18101790362471,-4293.8598252366082,6205.2960860523708,0.064520991031905298
478800,4192034.7366627222,5605965.0320868995,-181.21368583874505,-6043.2721162512271,4519.0468074058372,0.13352625383024133
479100,2193174.8204005458,6647555.1966334246,-132.44903389961084,-7166.1138877947706,2364.2603341475774,0.18874190339299235
479400,-33074.879732074915,6999922.7076320173,-69.927321408412695,-7545.9684819296135,-35.65360224894971,0.22443790778681832
479700,-2255895.4417266054,6626534.0380415795,-0.11750426932140101,-7143.4526070832753,-2431.8704512707964,0.23690290815780862
480000,-4244823.5537632462,5566102.4925531056,69.752040933105675,-6000.2995918939087,-4575.9490709379379,0.22482985069143696
480300,-5793646.0844480796,3928574.3620510986,132.44186543765281,-4235.0324571608508,-6245.5902612499476,0.1894528992519311
480600,-6741780.3754164726,1883729.5890806841,181.45143936628992,-2030.6753268811301,-7267.6849274649812,0.13442135328563487
480900,-6990923.5103875799,-356421.16352260136,211.69314159565712,384.22275613953525,-7536.2621190194795,0.065423432971412954
481200,-6515244.3423476508,-2559617.9245304498,220.02040400139038,2759.2840462490039,-7023.4760005444241,-0.010401380051751022
481500,-5364061.5916676912,-4497432.2216985561,205.55518473819853,4848.2613595267167,-5782.4926745696903,-0.085200865015876578
481800,-3656730.4082023287,-5968950.5701165572,169.78065496246239,6434.5688717774055,-3941.9777257078654,-0.15122315295559957
482100,-1570267.6082450869,-6821605.1761393687,116.38926417411574,7353.7375331649009,-1692.7561805900584,-0.20162021405036901
482400,679001.40174518165,-6966992.1955339322,50.901697778311053,7510.4671352673959,731.97201890242798,-0.23115840198427826
482700,2857871.2281136578,-6390037.5465515032,-19.903975326679895,6888.5072090515387,3080.8099495882043,-0.23676222732270791
483000,4740435.2950676,-5150559.937913252,-88.693929329621767,5552.3422401443177,5110.2285105175124,-0.21783476118166137
483300,6131508.0199197605,-3377068.9748838004,-148.33832007255597,3640.5062508741066,6609.8157980743408,-0.17632122706488329
483600,6886861.900787686,-1253441.2752706443,-192.650386390167,1351.2196646141654,7424.0930860265125,-0.1165090016941141
483900,6928181.2417892842,1000144.0076740974,-217.02825669171588,-1078.1624436321463,7468.6352843995555,-0.044584627799345876
484200,6251182.031222919,3150033.6016145796,-218.93285871193521,-3395.75977009294,6738.824301828603,0.032006314749988732
484500,4926056.0798679041,4973325.5336928591,-198.1523041222957,-5361.2821457625241,5310.3277276448343,0.10533015882881053
484800,3090193.4088868732,6280979.7895256858,-156.82524603850746,-6770.9430409805682,3331.2533361021642,0.16778702440340146
485100,933937.49234692263,6937418.0792596908,-99.220685686441769,-7478.5881786172986,1006.7930102218629,0.21289844910878519
485400,-1319149.7067644247,6874580.6285795178,-31.296940090602476,-7410.84875616522,-1422.0517107777973,0.235979175014769
485700,-3435466.7796786595,6098982.6140079955,39.914640937184721,-6574.7482946159525,-3703.4567679974666,0.23462351009687193
486000,-5195592.8011233984,4691038.6356006218,107.03746833981008,-5056.9744344047613,-5600.8848281691917,0.20895588244801777
486300,-6417037.0172380749,2796725.2506326609,163.11371963143355,-3014.8910909135875,-6917.6096530800178,0.16161957947926975
486600,-6973159.5736122346,612445.99226301932,202.32547846796567,-660.22276709503672,-7517.1128179730458,0.09750469340549936
486900,-6806301.5496101072,-1635331.9021922909,220.59831142701623,1762.897308995502,-7337.2379282232196,0.023243213771396383
487200,-5933762.9781986205,-3713557.7359124688,216.02468247424775,4003.2390989913665,-6396.6348047958063,-0.053476717888023328
487500,-4446009.0960603477,-5406760.1017447934,189.06318586672671,5828.5232632699672,-4792.8256344112242,-0.12470660248973311
487800,-2497290.8597389818,-6539386.9567934675,142.4927438386203,7049.5036967391834,-2692.0937743897011,-0.18306111460479724
488100,-289652.21642196435,-6994006.8632097794,81.126285275103172,7539.5884013229133,-312.24362707756723,-0.22248402473318951
488400,1948017.7822084948,-6723484.3476708215,11.313369660024584,7247.9645950557524,2099.9810658368497,-0.23887699657837588
488700,3983716.2208753936,-5755867.0414500553,-59.716850634669306,6204.867280268596,4294.4794677291493,-0.2305258705168976
489000,5606380.5149443168,-4191477.8397435835,-124.60431875713437,4518.4448590677366,6043.7242409055916,-0.19828001309766957
489300,6647771.6057600295,-2192513.4761451241,-176.62083432799045,2363.546518083097,7166.3519908993485,-0.14546593465586333
489600,6999917.2291143015,33772.122160551837,-210.36779544941899,-36.406247351253569,7545.9675017962027,-0.077543974755735851
489900,6626306.6438948242,2256556.1313526686,-222.3365324753284,-2432.5843607486886,7143.2118943773612,-0.0015435464381480524
490200,5565676.097416033,4245378.7976887859,-211.27306639382817,-4576.5502206868714,5999.8433584907161,0.074664567844850691
490500,3927992.562311748,5794037.7235486209,-178.30938772264861,-6246.0160318941889,4234.40743368123,0.14318345761670884
490800,1883052.2078364792,6741967.0681137089,-126.84754856867301,-7267.890711265446,2029.9459170847983,0.19690837420561269
491100,-357124.22807225119,6990885.0724540791,-62.208476458269608,-7536.2259387287895,-384.98112158942718,0.23026327744752387
491400,-2560273.8951170607,6514983.9227830982,8.9182047186198687,-7023.2008299908375,-2759.992566453278,0.23977933649123115
491700,-4497972.9799610274,5363605.4837091351,79.166448124905941,-5782.0063923203279,-4848.8458762215541,0.22445546058525592
492000,-5969319.8193916157,3656125.473497659,141.25653121626252,-3941.3306467767216,-6434.9676695282033,0.18586348606976721
492300,-6821764.4921883512,1569576.4776877291,188.74933812767983,-1692.0161128976515,-7353.9082231463199,0.12798702488545702
492600,-6966925.2421257589,-679706.93932257802,216.71407179333093,732.72699327271823,-7510.3916823605432,0.056810475421079018
492900,-6389751.8685354702,-2858517.9436624749,222.24018839744693,3081.5002317731978,-6888.1941414078428,-0.020299494156335737
493200,-5150086.0515158707,-4740956.4009335069,204.74040218598668,5110.7820029095892,-5551.8254993652245,-0.095356183096990371
493500,-3376456.8964784844,-6131850.2191391168,166.01318304547556,6610.1757372681459,-3639.8408957306337,-0.16058003466258147
493800,-1252755.0211320391,-6886990.7842112416,110.0580506356001,7424.22361025194,-1350.4753455682478,-0.2092050987052817
494100,1000833.1945330634,-6928084.5435368465,42.662589536811311,7468.5243466145366,1078.9090428147433,-0.23618112319232001
494400,3150654.522208361,-6250870.5893032094,-29.196190791105582,6738.4841404626004,3396.4325463964315,-0.23869832465593571
494700,4973814.131901375,-4925562.5757542374,-98.074221784121207,5309.7933139332599,5361.8127150077398,-0.21648021712644519
495000,6281285.5177313648,-3089569.0681891385,-156.83164502619485,3330.5790608600437,6771.2771579926712,-0.17181392626506678
495300,6937509.0133888787,-933247.00103033311,-199.37303326559714,1006.0476611310776,7478.6911444007428,-0.10931466842702771
495600,6874446.8284248766,1319834.6903532967,-221.27978483041545,-1422.7915864688498,7410.7092599911193,-0.03544868679965138
495900,6098637.3007893376,3436074.9437805689,-220.26906201498591,-3704.1146632929535,6574.3800033828056,0.042135971845654221
496200,4690516.9622376375,5196060.5738479001,-196.43160989507584,-5601.3923490928391,5056.4148570304387,0.11540149967528568
496500,2796080.7457118072,6417315.2078304105,-152.22370668137202,-6917.9137777194237,3014.1977544144124,0.17675310270445441
496800,611745.06611135905,6973218.5272628618,-92.21397823761211,-7517.1814378377239,659.46725298166507,0.21982620392016192
497100,-1636016.7894377585,6806134.2906043241,-22.611211597114881,-7337.0631799270632,-1763.6366787448173,0.24014650935063886
497400,-3714155.5534525067,5933386.0494999513,49.378008371174907,-6396.2340449422236,-4003.8851972249722,0.23559455739364055
497700,-5407208.6614351077,4445460.9996602824,116.29538480445599,-4792.2400170807887,-5829.0081237569138,0.20662661587867664
498000,-6539639.5317549296,2496628.1779256519,171.20350804078731,-2691.3843662550271,-7049.7758901157495,0.15622898205966645
498300,-6994037.274544796,288943.7106733527,208.40498198277237,-311.48511503241025,-7539.6189817090099,0.089610274684659569
498600,-6723289.8549813842,-1948698.5173793235,224.03357419898302,2100.7085949319826,-7247.750625225096,0.01366336582702106
498900,-5755468.6043522693,-3984298.6947532035,216.45606807528716,4295.0996130737049,-6204.4321572956887,-0.0637475716875327
499200,-4190917.7019096999,-5606804.8675903324,186.44303064571062,6044.172806392944,-4517.8353001694331,-0.13460126333446526
499500,-2191850.4475765182,-6647994.8012833642,137.09059920313604,7166.5836337015635,-2362.8268458489201,-0.19155053302087169
499800,34468.998583044391,-6999917.2696712418,73.501174806321146,7545.9597979263881,37.161380175041813,-0.22868434886040115
500100,2257214.7360628331,-6626084.5122770322,2.255920998224596,7142.9668017205613,2433.2976762463545,-0.24214159754704118
500400,4245931.1858174447,-5565255.4220652841,-69.266402226685827,5999.3864629287182,4577.149210538686,-0.23051276183601924
500700,5794426.8666729676,-3927417.1556892218,-133.65374544739484,4233.785349312745,6246.4397043684876,-0.19498764167717306
501000,6742152.5593787488,-1882381.7049895981,-184.22901210100179,2029.2219816538523,7268.0954616301296,-0.13923360980934851
501300,6990847.2884969758,357820.31127677276,-215.74257056049242,-385.73281471764426,7536.1901206989041,-0.069016875301043362
501600,6514726.1737113614,2560923.2003231384,-224.91718513720187,-2760.6945350870092,7022.9273785407668,0.0083940764173130594
501900,5363153.8252957091,4498507.7598561114,-210.78879323263112,-4849.4253150614277,5781.5228917351296,0.084981073351545727
502200,3655526.1225243118,5969683.9954005694,-174.80770924301865,-6435.3641796294833,3940.686634756581,0.15280688239277118
502500,1568891.0900395694,6821919.5248177461,-120.68966545888688,-7354.0801813172047,1691.2779580338649,0.20483778199427255
502800,-680407.60609786236,6966854.1883818787,-54.032026527981536,-7510.3205642468502,-733.4829202202236,0.2356728387354835
503100,-2859161.3188843001,6389461.2341192523,18.265153135041331,-6887.8865186731628,-3082.195309236411,0.24210432701673398
503400,-4741475.6313435286,5149605.2620032877,88.71334010064605,-5551.3126508929863,-5111.3433838153996,0.2234512277255622
503700,-6132191.2191176359,3375835.3918691669,150.0110932557601,-3639.1759829215666,-6610.5440645231838,0.18163122083479841
504000,-6887118.0681227101,1252057.1705470246,195.80071147814374,-1349.7281276448391,-7424.3596911586756,0.1209636113080656
504300,-6927985.1303010164,-1001534.9071598272,221.32759045256265,1079.6596917609897,-7468.4138369598877,0.04772341781940373
504600,-6250555.4257504158,-3151287.2999332119,223.93393425260317,3397.107511656156,-6738.1393148515599,-0.030507427249291563
504900,-4925065.2497395976,-4974312.694141075,203.33555264300554,5362.3415902627275,-5309.2514621989858,-0.10562479298966998
505200,-3088942.0071405405,-6281598.9706421215,161.65288564971794,6771.6058421578473,-3329.8978145510282,-0.16984184123493762
505500,-932555.729463364,-6937605.974255125,103.19283150028943,7478.7870716566049,-1005.2982250974253,-0.2164963439636152
505800,1320518.459357989,-6874318.3569170851,34.00378556197338,7410.5639486332266,1423.5320956573687,-0.2407420731418019
506100,3436680.6077428861,-6098297.5217615897,-38.750156482099413,6574.0091822672857,3704.7708252523507,-0.24005242492604367
506400,5196525.6695216848,-4690001.4815960377,-107.53107373987447,5055.8565995210192,5601.8974933395712,-0.21448385862954472
506700,6417591.6167666037,-2795443.0631099255,-165.20831894902358,3013.5088793415989,6918.2162492232064,-0.16667163421510917
507000,6973277.350228237,-611051.26133878203,-205.79786344414617,658.71805475530937,7517.2497692403158,-0.10155812146806276
507300,6805968.9031096464,1636694.6911352943,-225.08319615825761,-1764.3692407752844,7336.8896161863386,-0.025881729198126771
507600,5933012.9390436485,3714746.9424887253,-221.05333601305028,-4004.5253560732863,6395.8357605017391,0.052520632157318156
507900,4444918.1987886913,5407651.6661704183,-194.1124617144541,-5829.4892990328181,4791.6576085252091,0.12552527580642969
508200,2495971.4132949244,6539887.4847000437,-147.03933160374379,-7050.0477491634892,2690.6777144240459,0.18556352051184466
508500,288240.68637144123,6994063.6110726623,-84.700599277606699,-7539.6527054763874,310.72719777098337,0.22640628499551083
508800,-1949375.0853635175,6723090.9473585971,-13.547635686685297,-7247.5419260505259,-2101.4391480709482,0.24381019012648769
509100,-3984878.5938350596,5755064.2654533731,59.051098677834901,-6204.0019191943438,-4295.7265041513874,0.23595822337192582
509400,-5607227.7349993652,4190349.288098624,125.57304711852015,-4517.2278045451785,-6044.6299950737375,0.20364929155446918
509700,-6648216.5692865625,2191176.6706936769,179.12093880415711,-2362.1055336296376,-7166.8225605566813,0.15021695580249128
510000,-6999914.9784445446,-35178.215968799312,214.13785346434219,37.920506918717138,-7545.9550446937355,0.081185623717170793
510300,-6625858.850645666,-2257885.7457292532,226.98387120263141,2434.0144627761256,-7142.719211445793,0.0036996010086020673
510600,-5564830.6080924962,-4246494.5578797646,216.31447933491296,4577.7484487198526,-5998.9230064642925,-0.074216089093855103
510900,-3926838.1637864071,-5794824.7893816903,183.22137887095602,6246.8594818911151,-4233.1556901863969,-0.14448673318437794
511200,-1881709.2639687122,-6742344.7947769081,131.12090635464443,7268.2935068972674,-2028.4924554257043,-0.19982478762663239
511500,358516.2341161794,-6990815.0786036747,65.401430369850999,7536.1475063901235,386.48663750092578,-0.23448581542470495
511800,2561570.6287400471,-6514473.8464754447,-7.1339125510126138,7022.6496268300998,2761.3955897675223,-0.24486501445291295
512100,4499039.9304155121,-5362708.1266259067,-78.971513355718741,5781.0388930661038,4850.002382752702,-0.22987230591480756
512400,5970045.9760235017,-3654933.4489166932,-142.66568451832239,3940.0457508443169,6435.7585086210684,-0.19104689001282424
512700,6822073.7120404039,-1568212.8699509297,-191.61047845142215,1690.5454520077408,7354.2511575221215,-0.13239920761007085
513000,6966784.1893790448,681101.03881353082,-220.72488858585376,-734.23206070899323,7510.2499996447868,-0.059996551574069752
513300,6389173.6877540769,2859797.8519663056,-226.98033660535739,-3082.8838496896983,6887.5809211427386,0.018664802348901388
513600,5149129.3079307238,4741988.8051824085,-209.71567918145524,-5111.8998890035855,5550.8029138591519,0.095435902013312451
513900,3375219.7687025582,6132527.1521304715,-170.70698516743482,-6610.9104779804384,3638.5143451846261,0.16235940642131524
514200,1251365.2374387609,6887241.1026752684,-113.98475144356132,-7424.497457420046,1348.9827862619434,0.21249434461561484
514500,-1002231.6812748546,6927881.6004796866,-45.417402496699374,-7468.3079236870044,-1080.4115804737903,0.24063586780366178
514800,-3151916.7036285056,6250235.1821538452,27.89586044114203,-6737.7998832900457,-3397.7876666324464,0.24385540939246525
515100,-4974809.2820167011,4924560.7907090923,98.360038533546032,-5308.7131334636542,-5362.8786305212943,0.22180527462315877
515400,-6281910.9859798932,3088305.2479002196,158.67106893632823,-3329.2164890845306,-6771.9429014469433,0.17675605865937538
515700,-6937700.949109314,931852.64011895354,202.57285521675908,-1004.5454642797874,-7478.8882453699262,0.11336291078839228
516000,-6874186.6953794435,-1321214.8565236616,225.5061714117181,1424.2768002507992,-7410.4186195689654,0.038184680957443297
516300,-6097953.5493460614,-3437298.1061077099,225.08215648656181,3705.429019881818,-6573.6333449359299,-0.040994461378230776
516600,-4689481.7841156898,-5197000.6368542342,201.33122071055146,5602.4006183306537,-5055.2908072823948,-0.11597086848376489
516900,-2794802.364366225,-6417875.6711317291,156.7014000012075,6918.5129815126538,-3012.8132074215832,-0.17897135935002262
517200,-610356.45196467545,-6973342.2009632252,95.806131338203642,7517.3109052750988,-657.96510671129977,-0.22345921607452762
517500,1637371.5822193755,-6805808.9525316563,24.947401028811633,7336.7102539846574,1765.1020807273853,-0.24481260800330593
517800,3715336.0602167649,-5932645.5668440694,-48.53646045372831,6395.4350832720374,4005.1635100923795,-0.24080495299142435
518100,5408092.2731102873,-4444381.8577946946,-117.03082940617909,4791.0767088248867,5829.9679515537355,-0.21183721677792647
518400,6540133.993357366,-2495321.7618057206,-173.4339372997527,2689.9757157634494,7050.3179444307962,-0.16089787264375166
518700,6994090.2071140148,-287545.05626225728,-211.89329795699174,309.97574877683587,7539.6862724116818,-0.093254512285559796
519000,6722894.3339379355,1950044.4552979579,-228.41301955262679,-2102.1628412704922,7247.3346772320383,-0.015908967063995763
519300,5754664.1591215935,3985451.9449772001,-221.26896657649593,-4296.3475737922699,6203.574494818462,0.06312763788871123
519600,4189786.5191516359,5607645.0249012178,-191.18864299722145,-6045.0838103188971,4516.6237999034238,0.13566477321523437
519900,2190509.0462587141,6648433.7502973452,-141.27705249003546,-7167.0615786540748,2361.3870586516259,0.19418132015330458
520200,-35881.839635283686,6999908.631475063,-76.696121495441886,-7545.9537945382281,-38.679226081890647,0.23260533084722068
520500,-2258552.5491129393,6625628.7048633154,-4.1308128877084656,-7142.4769936179537,-2434.7346486415586,0.24694392035457921
520800,-4247055.2954205396,5564399.7070400752,68.902835556558358,-5998.4641960126964,-4578.3547918431686,0.23569801173958957
521100,-5795221.0540509867,3926250.6330111511,134.83612950665272,-4232.5276093788707,-6247.2880121260696,0.20001893310614927
521400,-6742535.2753100898,1881025.8208212692,186.83200227134085,-2027.7607869099857,-7268.4986464043577,0.14359056711939328
521700,-6990780.0863461336,-359224.65640843241,219.49393386699086,387.24474260144893,-7536.1074262554712,0.072249121055024845
522000,-6514217.4992143027,-2562230.488196264,229.42602994335417,2762.1000878073346,-7022.3689510445956,-0.0066202910801976267
522300,-5362257.8480429016,-4499583.0087667629,215.58614155875151,4850.5794257410935,-5780.548105370448,-0.084847955451468587
522600,-3654336.845561068,-5970416.6341651669,179.39528925012056,6436.148602727817,-3939.397348859593,-0.15432573574490324
522900,-1567532.4571653195,-6822234.5951040871,124.59186776085977,7354.4151906948709,-1689.8076375213461,-0.20784751305067095
523200,681794.52037486271,-6966719.8174628848,56.845550645603552,7510.1725778145101,734.98296266494765,-0.23985674922632813
523500,2860432.7236438105,-6388891.7227170095,-16.829253870367694,6887.2711157792273,3083.5711517192217,-0.24702355541761917
523800,4742499.6273325002,-5148659.5543419486,-88.799717556243777,5550.2928562745701,5112.4538124862065,-0.22859125896146287
524100,6132861.2055674102,-3374611.1066795411,-151.60545107512445,3637.856037472699,6611.2746355447534,-0.18645634252745624
524400,6887363.6662419746,-1250680.7567589066,-198.73193280704524,1348.2432752182676,7424.6343104271164,-0.12497329254701516
524700,6927779.5448378278,1002920.9790199229,-225.28629368627881,-1081.156574841028,7468.2027773382833,-0.050504455566685737
525000,6249918.4585152445,3152539.1049014358,-228.50533433016395,-3398.4613214462743,6737.4627991928955,0.029238515808041318
525300,4924061.5590517577,4975299.7540075202,-208.0430241526488,-5363.4110282116144,5308.1782443407537,0.10599339956257911
525600,3087674.6651563989,6282217.9558065385,-166.00758404562325,-6772.2784448541342,3328.5386240533526,0.17180353836340392
525900,931155.63593692123,6937791.7148696706,-106.74421043933606,-7478.9915239241936,1003.7945094940903,0.21984262800225213
526200,-1321906.2511643493,6874050.8975301264,-36.385863795455073,-7410.2781256490443,-1425.0230588467718,0.24512267053071507
526500,-3437912.1911077695,6097604.3648464028,37.781416162922042,-6573.2628143871343,-3706.0928026570518,0.24501171775295971
526800,-5197473.5147924237,4688954.7181184357,108.07298250301345,-5054.7281385478591,-5602.912163106841,0.21950773632241538
527100,-6418158.0274325684,2794151.6988121751,167.20173223159438,-3012.1169264042269,-6918.8180408657445,0.17124016606566533
527400,-6973404.6581891216,609649.61702420563,209.03348632180263,-657.20842322337558,-7517.3769478791883,0.10519890192622688
527700,-6805645.3227077331,-1638061.1840608926,229.22333056817675,1765.8392340404278,-7336.5304174931634,0.02821860820942293
528000,-5932273.5235166876,-3715936.9697279818,225.66692468299493,4005.8035159987858,-6395.029047109756,-0.051728413738056971
528300,-4443840.9045403991,-5408542.6441549864,198.71989667230503,5830.4442482289451,-4790.488197877552,-0.12635772859449673
528600,-2494668.7991684424,-6540388.0592617076,151.16242193371542,7050.5820963534579,-2689.2671145688323,-0.18793121988691303
528900,-286848.1959595324,-6994122.8282219395,87.912472253635229,7539.7124973279351,-309.22090100509968,-0.23005954067979015
529200,1950713.0233864142,-6722703.2651234027,15.517279918674959,7247.1216596072827,2102.8864494819932,-0.24836530039406884
529500,3986023.2624753369,-5754269.9958958849,-58.524410406738625,6203.1448286539571,4296.9663653132639,-0.24093808078470658
529800,5608060.209353528,-4189230.4776109159,-126.5391342104507,4516.0215073208565,6045.5349616840685,-0.20853391879642127
530100,6648649.841381303,-2189848.8233457394,-181.47405100704404,2360.6734394006435,7167.2989363780725,-0.15449839065049137
530400,6999902.9530576374,36577.804222289938,-217.62837224781416,-39.431324381074774,7545.9525408818627,-0.084421119482133392
530700,6625401.2925145375,2259211.9565432868,-231.24499345696452,-2435.447938291989,7142.2365127565436,-0.0055574182945149486
531000,5563973.4624259267,4247609.3847087063,-220.90091864792063,-4578.9554607736363,5998.0085449339649,0.073923034434593304
531300,3925669.0967195071,5795611.7368237497,-187.65591127856385,-6247.7135103686614,4231.9032875433859,0.14578262496202876
531600,1880348.7588461735,6742721.2148720277,-134.94386503438915,-7268.7043160341937,2027.0320048539277,0.20256960288200013
531900,-359927.37943596905,6990741.058177595,-68.21805694324037,-7536.0711963759777,-388.00266051697622,0.23839074479130221
532200,-2562886.1018371214,6513956.5915936874,5.6130431807912942,-7022.0937164048182,-2762.8083763126028,0.24952279437533725
532500,-4500123.3815514715,5361801.289336687,78.901023638302718,-5780.0616888488448,-4851.1639218911569,0.23479929954097123
532800,-5970785.4413988013,3653731.4394103321,144.04979756804215,-3938.7500205210736,-6436.5475473941842,0.19573272482489137
533100,-6822393.3736990793,1566840.7978864869,194.30284357886367,-1689.0671837444647,-7354.5860934421335,0.13635910578419705
533400,-6966652.1950961174,-682500.64177009149,224.4438663362528,735.73841100098389,-7510.0972530477957,0.062821202120213637
533700,-6388605.2384380866,-2861080.031327147,231.33824419009412,3084.2618411463914,-6886.9579605521067,-0.017266848158666831
534000,-5148184.7776242178,-4743021.2628859431,214.25906839266935,5113.0074196484029,-5549.7757983678966,-0.095607739581670376
534300,-3373998.1718967166,-6133203.8222860061,174.96384501575417,6611.634214335736,-3637.190290148576,-0.16408055047041592
534600,-1249993.8296729815,-6887492.8712653257,117.51373614371738,7424.763989712178,-1347.498755800279,-0.21558261814760379
534900,1003610.5370963414,-6927683.1674987804,47.853897162497994,7468.0907252847501,1081.9029517101862,-0.24476643927199793
535200,3153160.0664789611,-6249607.4761585649,-26.80174405538212,6737.1216139306534,3399.1334088616304,-0.24859508253373808
535500,4975788.1426940337,-4923568.7695033345,-98.717601689307571,5307.6432272394359,5363.9406355630181,-0.22665835941642806
535800,6282523.3769926438,-3087051.3264086219,-160.43804710306921,3327.8643044742303,6772.6116681242547,-0.18121678813837711
536100,6937882.4022836434,-930466.36353946268,-205.56042762944458,1003.049572382248,7479.0939776525684,-0.11696862677417563
536400,6873917.0111887697,1322589.9393134748,-229.39931258248205,-1425.7623241520032,7410.1386352871959,-0.040564001715503173
536700,6097259.1449163528,3438519.1316435691,-229.47303579385019,-3706.7501471451001,6572.8949684824065,0.04008357799433309
537000,4688433.27521584,5197940.2375151031,-205.76200867702167,-5603.4193305275767,5054.1692329747129,0.11661698604312851
537300,2793507.4999605203,6418435.374955697,-160.71193020742876,-6919.1220048571113,3011.4242652941557,0.18110155506559436
537600,608949.02660094877,6973462.952213604,-98.98146363859027,-7517.4455138923913,656.45343969222449,0.22684768437468536
537900,-1638745.7234945302,6805477.5327583598,-26.960438920359969,-7336.3556288915315,-1766.5782815356833,0.24910470678418484
538200,-3716534.4206148302,5931896.1276675221,47.891572919156168,-6394.6281926135325,-4006.4495097469953,0.24555408809369919
538500,-5408990.7942726873,4443292.3425172735,117.81784539459726,-4789.9023815643905,-5830.9291951104169,0.21655082076708607
538800,-6540640.1445600791,2494005.6059222287,175.56824232467773,-2688.557368118315,-7050.8544909449629,0.16508793804078292
539100,-6994152.628141134,286139.1173953875,215.15086990462106,-308.46192463124225,-7539.7432597425286,0.096487715645415806
539400,-6722508.0150436377,-1951394.3637939468,232.45373796191203,2103.6144599835975,-7246.907701806872,0.017851395305981468
539700,-5753870.6794321667,-3986606.3084669281,225.6719486402389,4297.5868030716956,-6202.7094715824342,-0.062675741780603769
540000,-4188669.4295416865,-5608485.0347886588,195.49602660943785,6045.9834094312391,-4515.4115482806392,-0.13674796662039412
540300,-2189184.9966237536,-6648873.3925301945,145.04171535200314,7167.5299492209942,-2359.9534328921336,-0.1966840375068441
540600,37275.224428991554,-6999903.293418237,79.528341708911057,7545.9438094648922,40.186455751803805,-0.23626383839855264
540900,2259870.7745902957,-6625179.5322049893,5.7389245465407939,7141.9903070034852,2436.1607723952729,-0.25137405686736225
541200,4248161.6862150561,-5563553.3668259187,-68.682135132572299,5997.5508186546977,4579.5535772334051,-0.24043581449104579
541500,5796000.6193963159,-3925094.5555899725,-136.02105666840725,4231.2808963009229,6248.1362105975086,-0.20456973585168592
541800,6742906.4357912494,-1879679.383452469,-189.29429609710286,2026.3082914351085,7268.9083454064712,-0.1474811681646008
542100,6990703.1259539118,360622.18801615899,-222.97286008198441,-388.75380700242476,7536.0351398626408,-0.07507730754592809
542400,6513698.8718657112,2563534.1380673628,-233.55617118882935,-2763.5097512759976,7021.8205258845273,0.0051441750593946151
542700,5361349.8183807163,4500657.0263133179,-219.9359119979944,-4851.7429223688487,5779.5787822024786,0.084871683997741809
543000,3653132.3752843244,5971148.681003849,-183.51203653446689,-6436.9438307832206,3938.1067015487224,0.15584094493003131
543300,1566155.7400900163,6822547.6679354412,-128.04882583814239,-7354.7579757872099,1688.3296316138046,0.21069166886978324
543600,-683200.96596906288,6966580.5566589059,-59.285812823283237,-7510.0261096598724,-736.49392567436541,0.24373082662337517
543900,-2861723.053177115,6388314.1102143759,15.656186542779011,-6886.6502796665682,-3084.9567257495328,0.25152340751910662
544200,-4743540.1100640949,5147703.5204193229,89.012457350202766,-5549.2628006630075,-5113.5688142236258,0.23324941339068228
544500,-6133544.3749898449,3373376.1705978969,153.17883395345297,-3636.5250938903337,-6612.0027078426556,0.19079004652755568
544800,-6887619.6004658453,1249295.4227468935,201.49989206871115,-1346.7511078688408,-7424.9002788059906,0.12853407479212622
545100,-6927583.055303744,-1004312.8558635288,228.95921590654339,1082.6541128040149,-7467.9803137049703,0.052924303105179954
545400,-6249291.467729493,-3153793.4469410945,232.70017149877094,3399.8087986149267,-6736.7766553182173,-0.028209027702993439
545700,-4923070.5133888759,-4976287.2316410532,212.32312702503904,5364.4696163701165,-5307.1010167373606,-0.10645901493526147
546000,-3086423.3749943962,-6282837.234903615,169.9281800219191,6772.9399651083559,-3327.1826465481167,-0.17371314983197547
546300,-929774.39335121261,-6937979.670806828,109.89879875382974,7479.1890348343904,-1002.2999455699339,-0.22299442510269973
546600,1323274.1003031696,-6873788.8529042704,38.44863838398949,7409.9922043608703,1426.502581678636,-0.24918526525038254
546900,3439124.8596932665,-6096919.8270807201,-37.021632705685306,6572.5231439707804,3707.4055910485458,-0.24955911256132129
547200,5198405.1557257604,-4687918.5170522714,-108.69092122448363,5053.610408516699,5603.9235024865175,-0.22406439240236312
547500,6418711.5198541908,-2792870.8265047194,-169.12828975642327,3010.7353788216342,6919.4235976025138,-0.17533124176149822
547800,6973521.5785035882,-608256.44049144094,-212.06349637397074,655.70466538978917,7517.5133656196558,-0.1084001464322899
548100,6805312.1085761273,1639422.3403151766,-233.03756888371774,-1767.3102486830599,7336.182104409394,-0.030200500498843791
548400,5931523.1518537272,3717124.6049026041,-229.86589732076465,-4007.0891547920569,6394.2303731875572,0.051166929086694575
548700,4442749.8007053137,5409432.7707120785,-202.86574795951154,-5831.4100626256286,4789.3206440453714,0.12726928324903308
549000,2493349.1625217991,6540887.2729747426,-154.82451743860372,-7051.1262314250689,2687.8513721031541,0.19021564096414387
549300,285436.43300516275,6994178.3156127762,-90.711921376742183,-7539.7769597177612,307.70450552339616,0.23347518912000725
549600,-1952070.5863553199,6722308.5762415379,-17.165858409587436,-7246.6989754424985,-2104.3447293242461,0.25255471053947337
549900,-3987185.8442761879,5753465.8616208481,58.194845371304474,-6202.2791319893222,-4298.2136266724447,0.24546514913257148
550200,-5608907.4908781284,4188100.5286012981,127.55965549059411,-4514.8038267187749,-6046.4407107573797,0.21292886094471927
550500,-6649094.6586605143,2188510.6818019282,183.73577329942881,-2359.2317411817121,-7167.7690829073181,0.1583060060301954
550800,-6999900.3656563489,-37985.038954576012,220.89394451203339,40.9460890372834,-7545.9392179413508,0.087247598196805887
551100,-6624953.0773016103,-2260542.4043028015,235.17332565430542,2436.8780673406227,-7141.7426874901448,0.0071110121911965238
551400,-5563127.6332450006,-4248725.6315788133,225.0826576036128,4580.1531090848275,-5997.0870818745407,-0.073801654375150322
551700,-3924514.6165548721,-5796399.004023415,191.65605474363022,6248.5558485048241,-4230.6508059608059,-0.14710358275690416
552000,-1879006.1155488372,-6743099.0106847398,138.34711328029738,7269.1057315158296,-2025.578427961316,-0.20519255092517152
552300,361318.6760882216,-6990671.2029792489,70.672152168166917,7535.9914817450344,389.50760548402718,-0.24203945816953631
552600,2564181.8000646564,-6513446.911829914,-4.3605820045679096,7021.5416701855975,2764.2102924057822,-0.25381423046098861
552900,4501189.1368484432,-5360904.7037401227,-78.976691224677921,5779.0939842166363,4852.3190960606644,-0.23928407460377463
553200,5971510.4384655533,-3652540.5741138328,-145.44121314810937,3937.4655478910031,6437.3371913509227,-0.1999426222947964
553500,6822701.6316520311,-1565478.6496348807,-196.86052354127384,1687.5973705070239,7354.928257402943,-0.13985641029620105
553800,6966510.4592915298,683893.13152995764,-227.8973949800172,-737.24252298074668,7509.9553416141525,-0.065244476895796474
554100,6388026.6380527457,2862358.3344095754,-235.32502133526876,-3085.6447015135527,6886.3449698912873,0.016165435865285488
554400,5147227.7874340378,4744052.1712401379,-218.36249014413275,-5114.1249246593425,5548.7536653428433,0.095937384525588032
554700,3372760.854351813,6133879.3932409706,-178.75683145521037,-6612.3689392419119,3635.8641363259512,0.16580146426871223
555000,1248603.8273749815,6887741.9118816955,-120.60304088551391,-7425.0380044980302,1346.0063406381178,0.21851115697666135
555300,-1005009.2878816252,6927478.9459974132,-49.920639358073643,-7467.8743949283389,-1083.4056264472993,0.24859490118270788
555600,-3154422.5009039836,6248970.7239843672,25.969426186007826,-6736.4371664815599,-3400.4887992603772,0.25292396009233886
555900,-4976783.4371518837,4922565.5695927218,99.203034351231537,-5306.5625194614486,-5365.0067017691736,0.23103769806018978
556200,-6283148.7953231186,3085786.0948266974,162.18776612118927,-3326.5010012645971,-6773.2772053208273,0.18519249960101986
556500,-6938074.0710113905,929070.72258452652,208.38999007791813,-1001.5467114226594,-7479.2904068767202,0.12012917114483046
556800,-6873656.4603519617,-1323971.1219386072,233.01258592824479,1427.2478331370226,-7409.8469391837971,0.042582798492618215
557100,-6096574.9704453237,-3439742.9665355408,233.49302516588193,3708.0642223521354,-6572.1471267176048,-0.039414306193227749
557400,-4687397.8504766161,-5198880.6419263482,209.77009610179027,5604.4267191363469,-5053.044217333384,-0.11736448528111421
557700,-2792229.2053014999,-6418995.9626284316,164.29149659676054,6919.7199134266793,-3010.0392792206808,-0.18318533837237774
558000,-607560.90904810443,-6973586.7199191283,101.76135330383562,7517.5736067146754,-654.95153950037752,-0.23004780739093719
558300,1640099.6423296703,-6805152.4612630382,28.653686224695193,7336.0016195142007,1768.0428060843274,-0.25308482005057481
558600,3717713.8087176518,-5931156.2403021455,-47.457874224709499,6393.828715352578,4007.7265624762149,-0.24989691127017019
558900,5409873.2316304101,-4442214.1873807199,-118.68471934474783,4788.7392145807808,5831.8877350009579,-0.22080224608587101
559200,6541133.5598536609,-2492700.5238489127,-177.64094088753276,2687.1493935389444,7051.395565445745,-0.16880495683628949
559500,6994204.7636005571,-284742.01722428785,-218.20927997901893,306.95348939491669,7539.810080309122,-0.099284929035738045
559800,6722111.9732514294,1952738.6860010952,-236.17589338897096,-2105.0678463023773,7246.4917979950233,-0.019441084073407854
560100,5753065.9281149404,3987758.0128009785,-229.66805672385541,-4298.8342214210561,6201.8521890319244,0.062454196631845607
560400,4187538.0438709995,5609323.7763511147,-199.34933827733232,-6046.8942638132867,4514.2004881502817,0.13791224587724199
560700,2187843.3906995659,6649311.0345953507,-148.35191430339884,-7168.0080221694789,2358.5138985344911,0.19910802837278621
561000,-38688.320606069406,6999893.3801176203,-81.95294682109899,-7545.9379699868796,-41.704345073857439,0.23969157563229565
561300,-2261208.8653547852,6624722.3995341035,-7.0284806688248764,-7141.500450631791,-2437.5980084189737,0.25544680525110586
561600,-4249286.0084454482,5562696.2411378436,68.658614552930942,-5996.6281583497539,-4580.7594199007008,0.24472940620931491
561900,-5796794.8536188835,3923926.5776561559,137.26291960785696,-4230.0224690405275,-6248.9845136216973,0.20863835858098578
562200,-6743288.9745342461,1878322.1098861492,191.66964422960802,-2024.8463381837494,-7269.3110782610593,0.15090323687465429
562500,-6990635.5467423685,-362027.71637146361,226.23244513687541,390.26625692801531,-7535.9515382207892,0.077498865443248854
562800,-6513189.734184227,-2564842.2897497499,237.35939086538025,2764.9153212148744,-7021.2609212212683,-0.003972882590535208
563100,-5360453.4655955993,-4501732.7847034167,223.88627280191875,4852.8964288451079,-5778.6028703099309,-0.085070228412797627
563400,-3651942.9883733392,-5971881.5431734314,187.19845782903013,6437.7271203556866,-3936.8166864621085,-0.15738611956123011
563700,-1564797.3835714881,-6822862.8346301271,131.08851053384791,7355.0916013177757,-1686.8592194946059,-0.21341976314659986
564000,684587.19756146381,-6966446.3589396151,61.364192811509007,7509.8768612724034,737.99337523183169,-0.24735470767445286
564300,2862993.4583582729,-6387745.0340662133,-14.752660105550603,6886.0340721615785,3086.3314576304592,-0.25566272775112203
564600,4744562.959071612,-5146758.6198263774,-89.374174480229954,5548.2428414499382,5114.6779354912169,-0.23747076848339133
564900,6134213.2602007976,-3372153.0686367117,-154.76389487084248,3635.205595533891,6612.7321349347521,-0.19465274618697231
565200,6887864.2976223119,-1247920.4747208373,-204.1389286550563,1345.2670949842757,7425.1741910889432,-0.13163653265839861
565500,6927376.8398440303,1005697.3299600185,-232.37358856484394,-1084.1500843346876,7467.7690798341364,-0.054946005525551532
565800,6248654.1164582968,3155043.6710282806,-236.53152274678035,-3401.161920897287,6736.1003944203094,0.027474447880177069
566100,4922066.5891986173,4977272.8215256147,-216.17108211576416,-5365.5387490096819,5306.0282358961331,0.10708299332563664
566400,3085155.8357484979,6283454.8733690567,-173.39217355901548,-6773.6126097905244,3325.8237994241981,0.17562566980922317
566700,928374.06146089686,6938164.1291168788,-112.61964570321911,-7479.3936766387924,1000.7962990601861,0.22599218358058967
567000,-1324662.1762747283,6873520.0877602212,-40.145570054513882,-7409.7064548257576,-1427.9937552162526,0.25295344316295337
567300,-3440356.7052835482,6096225.2789217094,36.522219486166748,-6571.7765348493313,-3708.7278883874469,0.25370435518809653
567600,-5199353.1368504604,4686870.2827398041,109.43787293296904,-5052.4813568352729,-5604.9383372851444,0.22815557711032733
567900,-6419277.8539819289,2791577.9959255434,171.04099550721639,-3009.3426403182975,-6920.0251634946781,0.17894392414366847
568200,-6973648.5800951598,606853.47049223143,214.94052044478161,-654.19434060567619,-7517.6398326494145,0.11116025771269951
568500,-6804988.066704412,-1640789.882718103,236.57773064872393,1768.7805370541944,-7335.821809047392,0.031822930563445782
568800,-5930783.2731640236,-3718315.327486326,233.69966017544783,4008.3670120232655,-6393.4224514394155,-0.050848784625971075
569100,-4441672.2272950364,-5410324.1089202035,206.59371610143552,5832.3641049480884,-4788.1502664992304,-0.12828611426196895
569400,-2492046.6089394055,-6541387.993683408,158.05907510837554,7051.6592694902147,-2686.4403522556067,-0.19245889282844938
569700,-284044.41390009038,-6994237.6556200814,93.11767573233027,7539.835386057799,-306.19848004921573,-0.23670832589415652
570000,1953407.6819607629,-6721921.1956834868,18.494625365990281,7246.2776569171974,2105.7911397235061,-0.25643802772355179
570300,3988329.4371207361,-5752672.2229651213,-58.078229602434092,6201.4215672984956,4299.4522394167798,-0.24959158098652279
570600,5609738.8454046492,-4186982.732574488,-128.66344924617655,4513.5977035282303,6047.3444297602318,-0.21686695971406045
570900,6649526.9451714102,-2187184.180869271,-185.94083715089891,2357.8003292355515,7168.244538523596,-0.16164542886357705
571200,6999887.6005451642,39383.079081699252,-223.96665125172325,-42.456004609154434,7545.9363039548489,-0.089642152146010318
571500,6624495.0420702137,2261867.0208136705,-238.7904298260782,-2438.3107434741651,7141.2600715957651,-0.0083146243780000198
571800,5562270.2041707635,4249838.9401852619,-228.86540940645978,-4581.3596543568656,5996.1730016305683,0.073909809501535834
572100,3923345.3472419665,5797184.5575963752,-195.2098955329264,-6249.4097945817311,4229.3988041803477,0.14850729570551335
572400,1877645.3903771676,6743474.1290554907,-141.30276113883838,-7269.5167059978157,2024.1181613917338,0.20774113793777688
572700,-362730.09716308,6990595.8902061842,-72.723811715876721,-7535.9153322140901,-391.0237488039229,0.24546416744502139
573000,-2565497.564618208,6512928.2931784671,3.4237889351305171,-7020.985670777327,-2765.623403872687,0.25775661392308613
573300,-4502272.7984491512,5359996.4034699462,79.249237017857922,-5778.1163247269042,-4853.4809254595257,0.24333331784366705
573600,-5972249.9295267342,3651337.0539123593,146.89174913946195,-3936.1690691798549,-6438.1262177939425,0.20367801921751957
573900,-6823021.0792721799,1564105.1394774793,199.33544900709634,-1686.118302744698,-7355.2627065022507,0.14289072275418502
574200,-6966378.0431527682,-685293.95403190656,231.13702333078484,738.74940675191203,-7509.8016435782456,0.067263848713343954
574500,-6387457.6815144653,-2863641.4016723949,238.9906938795493,3087.0226952503208,-6885.7207977049475,-0.015369034497861735
574800,-5146282.8443690501,-4745085.155367868,222.07187296508573,5115.2318235092989,-5547.725412337345,-0.096444530231921594
575100,-3371539.1182849081,-6134556.3038245309,182.12377147038399,6613.0915198529838,-3634.5393637722909,-0.1675567995677483
575400,-1247232.6706051414,-6887993.7997775311,123.27784810359606,7425.3031505210038,-1344.5222435600058,-0.22132908095810847
575700,1006387.4893329473,-6927280.7164876703,51.626573612753639,7467.655956413364,1084.8963836776402,-0.25217898020566126
576000,3155664.9018676053,-6248343.4871441871,-25.407323993975531,6735.758130984168,3401.8334300589913,-0.25689810990913847
576300,4977761.2005426912,-4921574.3853815412,-99.83983540288844,5305.4924869511833,5366.0674271498328,-0.23498585510432549
576600,6283760.1438311003,-3084533.3742196597,-163.95319649715867,3325.1492827438606,6773.9448804040812,-0.18870251101212254
576900,6938254.6829442661,-927685.91185797262,-211.09617940234489,1000.0516452475881,7479.4954936330751,-0.12283613779299996
577200,6873386.1964239404,1325344.6240056884,-236.37414524929241,-1428.732493895058,7409.566829738581,-0.044207182594358664
577500,6095880.2138378182,3440962.4385958007,-237.15725368826546,-3709.384733421211,6571.4090224635265,0.039037858094828792
577800,4686349.1177191827,5199818.7991802199,-213.35405680232969,-5605.4451987848097,5051.9230566921406,0.11827055471073389
578100,2790934.1341979629,6419554.3336748481,-167.42201908685496,-6920.3290296619962,3008.650621537312,0.18527494374694384
578400,606153.22605288168,6973706.1819081847,-104.11377735577358,-7517.708417832996,653.43986508537409,0.23309947977983461
578700,-1641474.0847210898,6804819.7061888715,-29.985354708691027,-7335.6470402820169,-1769.519287330143,0.25677819757042314
579000,-3718912.4352295655,5930405.3629646758,47.28277122937024,-6393.0215268721613,-4009.0129250869936,0.25384628987254643
579300,-5410771.8737515761,4441123.1468994068,119.68143277464445,-4787.5642317673337,-5832.8491497649939,0.22459660531873943
579600,-6541639.601685158,2491382.8506485182,179.70292745646964,-2685.7302087890289,-7051.9318595759987,0.17205040717656206
579900,-6994266.8338849228,283334.71273126383,221.1195321046246,-305.43894804598244,-7539.866311879814,0.10164532637304273
580200,-6721725.1458966676,-1954089.6705341313,239.62966341136982,2106.5197543529139,-7246.0636840987327,0.020672731296688639
580500,-5752271.9433354149,-3988913.0881528696,233.30465275022618,4300.0731225017507,-6200.9859343372973,-0.062477299726235912
580800,-4186420.641651222,-5610164.1598099563,202.78973196813038,6047.7929281431825,-4512.9872716422515,-0.13918525814738986
581100,-2186519.3746949425,-6649750.8401114522,151.23827524992257,7168.4750703542331,-2357.079874115997,-0.20149570261694882
581400,40081.260536000831,-6999888.1895230897,83.985980011258675,7545.9266301460866,43.211277996709896,-0.24294236251243556
581700,2262526.2815198344,-6624273.5591514166,7.9986357679157365,7141.0127441599343,2439.0232294155512,-0.25921925633146831
582000,4250391.3678473737,-5561850.5622014096,-68.849373140948856,5995.7143469910989,4581.9569713901546,-0.24862814095513863
582300,5797573.3543918002,-3922771.536432453,-138.59109900574524,4228.7759589492844,6249.8315067351996,-0.21225576314316782
582600,6743659.2095016278,-1876977.0250697243,-193.99302003422162,2023.3945259531131,7269.7199160584105,-0.15386238999810728
582900,6990557.9017234007,363423.71151128015,-229.30533654804537,-391.77445368101439,7535.8788976109709,-0.079493043593700477
583200,6512670.6698789829,2566144.3706059642,-240.85873553516385,-2766.3242486047184,7020.7126105755615,0.0031483558412256987
583500,5359545.1714719562,4502805.3132831845,-227.44567758528618,-4854.0595329715361,5777.6339217815303,0.085497116818980048
583800,3650738.3138184841,5972612.2173463348,-190.44658582158817,-6438.5223276608822,3935.5263940684181,0.15901545811333251
584100,1563420.4304375714,6823174.6087686531,-133.68775878884375,-7355.4345807083664,1685.3813256054334,0.21607771856604507
584400,-685993.93744033854,6966305.7860917198,-63.045644452518204,-7509.7305412264914,-739.5045339745169,0.2507613070215694
584700,-2864284.0885470696,6387166.017918014,14.161585270724288,-6885.4130994070574,-3087.7174122640718,0.2594613633704258
585000,-4745603.6440221388,5145801.0713353744,89.932158238485343,-5547.2122655616558,-5115.7932484181074,0.24126536462330525
585300,-6134896.427782069,3370916.5695911245,156.40998786457351,-3633.8738436742542,-6613.4601794211703,0.19804877855887332
585600,-6888119.9754791167,1246533.6591616713,206.69918527313618,-1343.7740916418829,-7425.4396321258055,0.13428176225124763
585900,-6927179.8797914237,-1007090.4562455913,235.57936384963034,1085.6481613408314,-7467.5456183289825,0.056566832550569761
586200,-6248026.5722411117,-3156298.9184863796,240.04755027638063,3402.5093802989554,-6735.4130055631085,-0.027044692079791932
586500,-4921075.0925963633,-4978260.8365896251,219.63045255186501,5366.5966749421395,-5304.9498617066511,-0.10788674123188002
586800,-3083904.3765124055,-6284074.4048976526,176.43460829685287,6774.2729518322385,-3324.4671189697901,-0.17757666436134475
587100,-926993.04379928485,-6938352.2228955766,114.92908939114601,7479.5898002870699,-999.30169480166933,-0.22888445299993906
587400,1326029.400545096,-6873258.2725719735,41.483162110916822,7409.4193167035428,1429.4726438330615,-0.25648287738249975
587700,3441568.4510802734,-6095541.2393697081,-36.293277889330909,6571.0361365656663,3710.0395669902096,-0.25750068731217196
588000,5200283.7311717765,-4685834.9429686684,-110.33819821153864,5051.3635361381548,5605.9484271857636,-0.23182140173305127
588300,6419830.3624651153,-2790298.3360396591,-172.97314565858636,3007.9615730336159,6920.629681538504,-0.18209656853899026
588600,6973764.717152047,-605461.754067356,-217.69954298786396,652.6913893285132,7517.7756637440116,-0.11347198288537974
588900,6804654.3199351374,1642149.4798545223,-239.87297273367557,-1770.2507407325375,7335.4734140901519,-0.033055134352104429
589200,5930032.5773700364,3719501.4390795287,-237.18547475916313,-4009.6521062668126,6392.6240594319215,0.050820984900078608
589500,4440580.9059704021,5411212.8188037183,-209.90576967890055,-5833.3297556485404,4786.9830955888847,0.12946143101814009
589800,2490726.7546231123,6541885.8868356235,-160.85240867734208,-7052.2035408979445,2685.0248306367425,0.19471070389897599
590100,282632.37504347344,6994291.8443135731,-95.10253847941209,-7539.9000548983049,304.68200034666393,0.23979852631200743
590400,-1954765.5593858447,6721525.1400691057,-19.466385536838672,-7245.85498304051,-2107.2497659174078,0.26004229527895362
590700,-3989492.2833606284,5751866.6035047052,58.218137705294602,-6200.5555114932486,-4300.6998993828201,0.25333333935924679
591000,-5610586.226645777,4185851.206294816,129.89763843806315,-4512.3793020958583,-6048.2503479395091,0.2203565127175845
591300,-6649971.6143811336,2185844.4755891059,188.1381012787636,-2356.3577458303944,-7168.7143992524307,0.16452028196225815
591600,-6999884.6135885678,-40791.713176114485,226.89586318310995,43.971504713382501,-7545.9221774670204,0.091604452680747989
591900,-6624046.2687438549,-2263198.5644093179,242.14475998728628,2439.7411503154881,-7140.7650659363317,0.0091619371092761387
592200,-5561423.8268100731,-4250955.9090620736,232.29437317924067,4582.5569449836585,-5995.2502864651842,-0.07426354026638117
592500,-3922190.5206597489,-5797972.2062471751,198.35592786638841,6250.251168694328,-4228.145362978099,-0.15002280111016558
592800,-1876302.7534770495,-6743852.1006811094,143.83852911314798,7269.9167867306478,-2022.6642094022327,-0.21025790999950705
593100,364120.97614271846,-6990526.2028342998,74.386370263953538,7535.8342752355456,392.52837144007458,-0.24871725064585157
593400,2566792.4877847116,-6512418.9717716966,-2.8055911856592388,7020.432637627845,2767.0244073138829,-0.26140442518683166
593700,4503337.5677982848,-5359100.504303731,-79.737003562092937,5777.1482247144122,4854.6348828233031,-0.24699360019657959
594000,5972973.9174888832,-3650147.2406712295,-148.43131839148435,3934.8848245741756,6438.9147001223591,-0.20696810774987373
594300,6823328.4705845751,-1562744.3439656084,-201.76286519118054,1684.6491685055762,7355.604067049886,-0.14546779480857217
594600,6966235.6751060616,686684.92407308542,-234.19603418791189,-740.25268986317553,7509.6594293741837,-0.068860823571679691
594900,6386878.6806066148,2864918.1643457161,-242.35987666136486,-3088.4048846434916,6885.1079462030648,0.014915778585080294
595200,5145325.6050024377,4746114.6050517187,-225.39847236932769,-5116.3490080614329,5546.7036395920395,0.097178511231617318
595500,3370301.5920564933,6135230.5222538253,-185.06064794590822,-6613.8262794507709,3633.2135130086308,0.16939750026420752
595800,1245842.4161494311,6888241.5424302658,-125.51964921477634,-7425.5773798967657,1343.0298663377391,0.22408098615728317
596100,-1007786.5503569507,6927075.1610062998,-52.941370791923823,-7467.4397531255636,-1086.3993270566289,0.25555248061728908
596400,-3156927.6412880728,6247705.2905833824,25.154176445602697,-6735.0734930399321,-3403.1892503488434,0.26053998222946889
596700,-4978756.6828429708,4920569.6207105601,100.67202966686641,-5304.4111917656737,-5367.1338171973239,0.23851611016936894
597000,-6284385.526676449,3083266.5312556149,165.78134089521089,-3323.7851134905654,-6774.6103666204745,0.19175382005069747
597300,-6938446.047996453,926288.75170193962,213.72738184281124,-998.5479169617779,-7479.6913499478997,0.12509183271300689
597600,-6873125.1231755065,-1326727.0791849797,239.53229730633109,1430.2185413590621,-7409.2740878558516,0.045433984736447296
597900,-6095195.4382099509,-3442187.1896929448,240.51191709980642,3710.698765822825,-6570.6599039886823,-0.038965712008950708
598200,-4685313.2034884905,-5200759.7460846156,216.55497247940139,5606.4518922216248,-5050.7968886624421,-0.11935828703404106
598500,-2789655.6406338923,-6420115.1808202164,170.13566798282051,6920.9257376193918,-3007.2649500483039,-0.18740671443128484
598800,-604765.30704982672,-6973830.1016769037,106.05818848527265,7517.8351239725043,-651.93795202786509,-0.23605050577076755
599100,1642827.4089753577,-6804494.8858057791,30.959513246414822,7335.2918387007003,1770.9831584553513,-0.26023832717235712
599400,3720090.9405965032,-5929665.9980397923,-47.378017298779703,6392.2213595862877,4010.2888720431265,-0.25745260731922287
599700,5411653.31563308,-4440045.8718113359,-120.83318275514284,4786.401006866201,5833.8064724402448,-0.22797163234497847
600000,6542132.0908974074,-2490078.9866334768,-181.78783280943918,2684.3227239843291,7052.471948297718,-0.17484182285555347
600300,6994318.2418613704,-281939.06147847581,-223.91701015124929,303.93129527025917,7539.9326015428996,-0.10356293900368954
600600,6721328.615113318,1955432.4592621573,-242.84528782655093,-2107.9723849050279,7245.6477355809511,-0.021518742822809356
600900,5751466.8920856947,3990063.3007205478,-236.60120524562865,-4301.3200673572564,6200.1289357911728,0.062787931508309552
601200,4185289.0418132865,5611001.5111254696,-205.82260175673866,-6048.7036829541485,4511.77655687692,0.14061643635033647
601500,2185177.5390210501,6650187.171897999,-153.69146486902781,-7168.953315171384,2355.6404932967207,0.20389454386694178
601800,-41494.64940252644,6999876.9656933239,-85.60495359677104,-7545.9209921260908,-44.729327616841374,0.24605568557191485
602100,-2263864.6960842437,6623815.0268182941,-8.61661684410182,-7140.5228551079799,-2440.4608726186316,0.26272036317919106
602400,-4251515.9471279224,5560991.9048018232,69.294335332704179,-5994.7912624207056,-4583.1632404459215,0.25215103383650328
602700,-5798367.6608880097,3921601.9321436589,140.05000499339633,-4227.5167461491519,-6250.6799685022379,0.21543324010852419
603000,-6744041.5560334418,1875618.1465669468,196.3113198126197,-2021.9316436872812,-7270.1223233731789,0.15636411851356236
603300,-6990489.8703108784,-364830.66633627866,232.23926102652891,393.28765117873604,-7535.7944417006147,0.081059742359824896
603600,-6512160.9224365214,-2567453.6309552779,244.10085659297079,2767.7300790088866,-7020.1517841693912,-0.0026781031000130129
603900,-5358648.2268772572,-4503881.7974227089,230.65705163473461,4855.2126485770459,-5776.6567400667282,-0.086170167900524633
604200,-3649548.5468426254,-5973345.4634482097,193.29215395959534,6439.3046229974125,-3934.2354280571199,-0.16075929236850015
604500,-1562062.0531895244,-6823489.9592831461,135.87132615119242,7355.7668602561716,-1683.9105641197998,-0.21870804927101595
604800,687379.7789134183,-6966171.7723732945,64.340785482509574,7509.5799646035321,741.00363561883387,-0.25400140196088339
