0,7000,0,0,0,7.5460532872678359,0
300.00000034924597,6637.1177334727799,2224.5601375495808,1.5026136742381996e-05,-2.3980929768075039,7.1548636418114615,1.1775681072397117e-07
600.00000069849193,5586.094802078359,4218.4765259275291,7.969779612968314e-05,-4.5475501177133637,6.0218532605855293,3.2523919768438183e-07
900.00000041909516,3955.9019567052769,5775.018663230212,0.00021480003655157225,-6.2255142535922445,4.2644933942166388,5.7854502827353819e-07
1200.0000001396984,1915.5586720994077,6732.8033217997481,0.00042562656005607055,-7.2580129288669752,2.0649883795227186,8.1971828765564979e-07
1500.0000004889444,-323.3909199058985,6992.5268878784736,0.00069916586036547815,-7.5379961318052047,-0.34861545185754889,9.8646584154295052e-07
1800.0000005238689,-2528.811123002296,6527.2612330440825,0.0010044458808492326,-7.0364353940365429,-2.7260739612986122,1.023191949337346e-06
2099.9999999301508,-4472.0427286626791,5385.2455767947858,0.0012961448543353112,-5.8053333410207379,-4.8208909157767179,8.9140607279182319e-07
2399.9999999650754,-5951.6105411315848,3684.8848908857362,0.0015209924745222146,-3.9723317042406965,-6.4158749133508683,5.7763719551677313e-07
2700.0000003143214,-6814.1123350152729,1602.4735277227956,0.0016259923362764168,-1.7274771020059549,-7.3456576711013533,9.7493269791472822e-08
3000.0000006635673,-6970.1235669954795,-646.0830783279855,0.0015671979876026539,0.6964831122976084,-7.5138391541689877,-5.0474182466873146e-07
3300.0000010128133,-6403.4688734467636,-2827.6535068612825,0.0013177103941662848,3.048231949521413,-6.9029821352634446,-1.1608110035517585e-06
3600.0000013620593,-5172.8991572478199,-4716.0514150887384,0.00087371087377015127,5.0839390990122162,-5.576420142069864,-1.7867089943567715e-06
3900.0000007683411,-3406.0003750844448,-6115.4865853592419,0.00025764108743085316,6.5925411808757035,-3.6716913134923712,-2.2932614399287137e-06
4200.0000008032657,-1285.9654647605898,-6880.8646047890998,-0.0004819761086299354,7.4176250194337108,-1.3862786969096366,-2.5977096898469296e-06
4500.0000005238689,967.39911635130102,-6932.830424349042,-0.0012741707098789772,7.4736449333374626,1.0428647315323105,-2.6349368750154732e-06
4800.0000008731149,3120.4630982905742,-6265.9960551638305,-0.0020323138833860301,6.7547924587302637,3.3638836255236031,-2.3670732579774388e-06
5100.0000005937181,4949.9953845925738,-4949.4992476772159,-0.0026634074148255485,5.3355986614174116,5.336133013786716,-1.7904046628336886e-06
5400.0000006286427,6266.3088816212467,-3119.8352193665992,-0.0030789336819869316,3.3632065814721659,6.7551287284920303,-9.3875117593496041e-07
5700.000000349246,6932.927378347641,-966.70469974182799,-0.003206117149603793,1.0421151772856858,7.4737484371523566,1.1723467641970789e-07
6000.0000006984919,6880.7354674503686,1286.6543955859338,-0.0029983293605257188,-1.3870233316757399,7.4174852593472789,1.275087753517783e-06
6300.0000010477379,6115.1444508701634,3406.6123920413688,-0.0024433501468618113,-3.6723543521521531,6.5921725947676961,2.4097497288066125e-06
6600.0000004540198,4715.5313072369663,5173.3707193866876,-0.0015682950290317182,-5.576933269879051,5.0833793647608791,3.38644434004041e-06
6900.0000004889444,2827.008845896662,6403.7507887073198,-0.0004402566949077844,-6.9032920471238945,3.047538281906403,4.0761521786404899e-06
7200.0000005238689,645.38032834621117,6970.18608555224,0.00083789044747813776,-7.51391296586121,0.69572686586135701,4.3720671598687407e-06
7500.0000002444722,-1603.1615959072067,6813.9483877332905,0.0021365117707646364,-7.345486712909949,-1.7282173491767823,4.2049349858529329e-06
7799.999999650754,-3685.4867694970599,5951.2367089032441,0.0033123789045071735,-6.4154762926285072,-3.9729782978504842,3.5549684438933435e-06
8099.9999993713573,-5385.6986353011716,4471.4976703767707,0.0042246322276353922,-4.8203061912623051,-5.8058181337232515,2.4582742690225247e-06
8399.9999994062819,-6527.5184591768157,2528.1515197724084,0.0047516670649548334,-2.7253647193324202,-7.036707513584795,1.0064388027821582e-06
8699.9999994412065,-6992.5618944813541,322.68539071484554,0.0048068153358811119,-0.34785631832321035,-7.5380276280386225,-6.6104813008384207e-07
8999.9999991618097,-6732.6130218186381,-1916.2369363705614,0.0043507637994336535,2.0657181583950939,-7.2578014614147932,-2.3707605845435609e-06
9299.9999988824129,-5774.623366212385,-3956.4828989663351,0.0033990240899248723,4.2651184353678149,-6.2250826978438933,-3.9340183146993249e-06
9599.9999986030161,-4217.917623338948,-5586.518664895656,0.0020233688449496157,6.0223095448200059,-4.5469436297757788,-5.1680254128433574e-06
9899.9999983236194,-2223.895749301289,-6637.3410658636922,0.00034686801255278895,7.1551045813435907,-2.397374205327552,-5.916981728412799e-06
10199.999998044223,0.70097575349512908,-7000.0000174899933,-0.0014671013136391868,7.5460541725149621,0.00075708369904457264,-6.0707696817129205e-06
10499.999997764826,2225.2249905266135,-6636.8946457354141,-0.003230823620517625,7.1546240247129083,2.3988103373723852,-5.5791517859108711e-06
10799.99999779975,4219.036190840161,-5585.6718482619663,-0.0047515976979604002,6.0213977336149878,4.5481535970897662,-4.4599229537777973e-06
11099.999997834675,5775.4149209949464,-3955.3230476080835,-0.0058525027729064722,4.2638690112693487,6.2259414040016496,-2.8000792944993307e-06
11399.999997555278,6732.994837400709,-1914.8838530027392,-0.006392424967015308,2.0642596906556898,7.2582196417812312,-7.4972753623927562e-07
11699.999997590203,6992.4934719234489,324.09171955585134,-0.006283206864227146,-0.34937330443536163,7.5379611320855266,1.49088880895725e-06
11999.99999825377,6527.0058581119656,2529.4652917034291,-0.0055019881132024051,-2.7267830127431787,7.0361621357857143,3.6902638983252265e-06
12299.999997974373,5384.794061103109,4472.5823516206256,-0.0040971840513865472,-4.821478082702761,5.8048494705090015,5.6088687392427605e-06
12599.999998323619,3684.2833412150517,5951.9793244823786,-0.0021870875471882044,-6.4162791349517541,3.9716864246545116,7.0247089580261127e-06
12899.999998672865,1601.7837764984702,6814.2714379012832,4.9236180931626832e-05,-7.3458361185186059,1.7267366647627689,7.7586965726618417e-06
13199.999999022111,-646.78971544154422,6970.0558116399425,0.0023882861437469773,-7.51377210259332,-0.69724174304292119,7.6969984303148267e-06
13499.999998742715,-2828.3036399390717,6403.1808023701833,0.0045843487940613768,-6.9026757619792996,-3.0489290465411858,6.8074659948061438e-06
13799.99999909196,-4716.5774315623748,5172.420536407586,0.0063954395250520836,-5.5759064246446046,-5.0845010372603952,5.1476346399325126e-06
14099.999999126885,-6115.8339496620529,3405.3810681646332,0.0076101622177302576,-3.6710246313692161,-6.5929088791331933,2.8626743276552307e-06
14399.99999916181,-6880.9976906267757,1285.2700262876667,0.0080723883315892558,-1.3855295287538549,-7.4177605531226511,1.7296828687572346e-07
14699.999999196734,-6932.7361618840723,-968.09844443251245,0.007700775196518567,1.0436179332946307,-7.4735353007614709,-2.6475710617506523e-06
14999.999999231659,-6265.6850384647514,-3121.0940241647672,0.0065006737122407371,3.3645629427238926,-6.7544502363442831,-5.3000716329930901e-06
15299.999999266583,-4949.0043698044456,-4950.4930091378583,0.0045668324039810949,5.3366689040592714,-5.3350600003602366,-7.4928984021311264e-06
15599.999999615829,-3119.2081421740168,-6266.6222059554721,0.0020763544854977586,6.7554665957598017,-3.3625272174060661,-8.9738191621456103e-06
15899.999999650754,-966.01056221848387,-6933.0243913299755,-0.00072753721043396973,7.4738537723246887,-1.0413649383854322,-9.5585493431709829e-06
16199.999999685679,1287.3435746442508,-6880.6063917521142,-0.0035593564916388347,7.4173471321576994,1.3877672740836922,-9.1525501223963042e-06
16500.000000034925,3407.225062654566,-6114.8028044922794,-0.0061204309796595345,6.5918050613376034,3.6730152022700344,-7.7637188658581283e-06
16800.000000384171,5173.8431846716931,-4715.012582121768,-0.0081302324500571749,5.0828203026905534,5.5774426315929322,-5.5045732494634054e-06
17100.000000104774,6404.0338271193423,-2826.3668696470345,-0.0093567300008525964,3.0468455044027389,6.9035972308852553,-2.5835835982224856e-06
17399.999999825377,6970.2500621575982,-644.68165394904872,-0.0096425897387981477,0.69497191859716756,7.5139825173688317,7.1365055446302403e-07
17699.99999954598,6813.7862576038733,1603.844578634589,-0.0089243983747053172,-1.7289567230748946,7.3453134345361244,4.0517397848647571e-06
17999.999999895226,5950.8646925710036,3686.0832400846466,-0.0072427031407131777,-3.9736260058848427,6.4150776997249785,7.0789274368055098e-06
18300.000000244472,4470.9536338763673,5386.1465285401409,-0.0047414880228238586,-5.8063071549161283,4.8197227226997725,9.463539108044748e-06
18599.999999965075,2527.4912382540397,6527.7708341225134,-0.00165669544588467,-7.0369865377025134,2.7246560086787071,1.0929950941457277e-05
18900,321.97696173847561,6992.5919104726709,0.001705502079179413,-7.5380665638334454,0.34709561793028704,1.1290322401879772e-05
19199.999999720603,-1916.9200657365293,6732.4169643155838,0.0049988487346586874,-7.2575952063428968,-2.066451264477831,1.0468396894771191e-05
19499.999999755528,-3957.0696951647606,5774.2212806750367,0.0078726929923943461,-6.2246523737709456,-4.2657466161597544,8.5121775120110607e-06
19799.999999790452,-5586.9481593683749,4217.3513091419518,0.010009523329763858,-4.546334623337974,-6.0227665168677218,5.5933296416770111e-06
20099.999999825377,-6637.5689369084876,2223.2242584541355,0.011160234341162926,-2.3966510157637417,-7.1553426906269433,1.9926885687738646e-06
20400.000000174623,-7000.0032396382621,-1.4077638028609156,0.01117308200369861,0.0015183568774878742,-7.5460494711238137,-1.9269816857066795e-06
20700.000000209548,-6636.6737002483442,-2225.89384607688,0.010012888241347811,2.3995305067446502,-7.154378243690986,-5.7581604824129156e-06
21000.000000244472,-5585.2503942942722,-4219.5981711144323,0.007768103883364557,4.548758639117036,-6.0209373363118601,-9.0915838546155333e-06
21300.000000593718,-3954.7452659632431,-5775.8123518469247,0.0046446859078763669,6.226369612898015,-4.2632419579205205,-1.156031333447588e-05
21600.000000314321,-1914.2098487388032,-6733.1870626620157,0.00094720751366025239,7.2584273885919712,-2.063530532662285,-1.287999513118683e-05
21900.000000349246,324.79200890677879,-6992.4609251839192,-0.0029509800804217931,7.5379270809069707,0.350129649913061,-1.2880923997506119e-05
22200.000000698492,2530.1191963719539,-6526.7520971187532,-0.0066455293603477532,7.0358896070349042,2.7274886058787406,-1.1528457317249737e-05
22500.000000419095,4473.1219298023861,-5384.3454822866997,-0.0097429622405479192,5.8043664384256939,4.8220599500446149,-8.9295763859651324e-06
22800.00000045402,5952.3484167678698,-3683.6865082253848,-0.011902310944899033,3.9710427948765199,6.4166770310685513,-5.3248190471597923e-06
23099.999999860302,6814.4315127668424,-1601.1005919545005,-0.0128722116345349,1.7259989823005917,7.3460089465727929,-1.0662633764081365e-06
23399.999999895226,6969.9899254278116,647.48845152185561,-0.012519538757586487,-0.69799740387222264,7.5137020719018661,3.4164120821038424e-06
23699.999999615829,6402.8952823606642,2828.9455109971386,-0.010846451394038401,-3.0496249222634031,6.9023699216750947,7.6586356561656064e-06
23999.999999965075,5171.944324565412,4717.095774549105,-0.0079938050108122778,-5.0850653586213648,5.575395775753007,1.1208408937074362e-05
24299.999999685679,3404.7628530549687,6116.1746477051001,-0.0042301754166694187,-6.5932828803220893,3.6703611794189448,1.3673968451006915e-05
24600.000000349246,1284.5733998263886,6881.1248053100626,7.2844748145565636e-05,-7.4179044969553933,1.384781480066354,1.476683670750603e-05
24900.000000069849,-968.80140670722983,6932.6358456637981,0.0044769827519211521,-7.4734330605847203,-1.0443727213428196,1.4335579383707538e-05
25200.000000104774,-3121.7302962670269,6265.3672488211396,0.0085218327126294138,-6.7541117277152738,-3.3652450881664007,1.2386178900065404e-05
25500.00000045402,-4950.9964209064074,4948.5020000579652,0.011773121775315608,-5.3345206458188263,-5.3372063496939512,9.0860966154059247e-06
25800.000000488944,-6266.9405992810252,3118.5735518512815,0.013869572052629332,-3.3618441292399366,-6.7558028931361589,4.750813603399873e-06
26100.000000523869,-6933.1251933695412,965.30988074595177,0.014563177802008571,-1.0406102736472054,-7.4739543754091313,-1.8628479177315819e-07
26400.000000873115,-6880.4799075297351,-1288.0375982903527,0.01374829452224984,1.3885145878540102,-7.4172027311200708,-5.2177286019331964e-06
26700.000001222361,-6114.4629639239392,-3407.8407311876676,0.011476094521342262,3.6736779686452157,-6.5914318228101862,-9.8148068101286681e-06
27000.000000942964,-4714.4952390106491,-5174.3172050725761,0.0079525305015782852,5.5779530841507405,-5.0822575172030247,-1.3483653927456268e-05
27300.00000129221,-2825.7259673168778,-6404.3176562650533,0.0035197555345188496,6.9039034108771373,-3.0461513079795832,-1.5818440177585662e-05
27600.000001327135,-643.98373541268325,-6970.3147227848694,-0.0013772480126338857,7.514053138631736,-0.69421762275887222,-1.6545892226896228e-05
27900.000001362059,1604.5271161574376,-6813.625294252357,-0.0062354809112316577,7.3451410964454551,1.7296935318588307,-1.5556359663410706e-05
28200.000001082662,3686.6795184046632,-5950.4949062061669,-0.010545604575515979,6.4146799660259362,3.9742692290099173,-1.2918102547308128e-05
28500.000000488944,5386.5945325036273,-4470.4134275989982,-0.013845168974415034,4.8191405978599597,5.806790185263238,-8.873233416957437e-06
28800.000000523869,6528.0238736422589,-2526.8366521916628,-0.015767885606874213,2.7239496856918723,7.0372594016862431,-3.8156133233657443e-06
29100.000000873115,6992.6234422282796,-321.27585795887421,-0.016083802552015376,0.346338046591257,7.5381011289872051,1.7472107465022329e-06
29400.00000090804,6732.2232898314815,1917.5950336172104,-0.014726104478947739,-2.0671820566779355,7.2573878642010561,7.2443935689197855e-06
29700.000000942964,5773.8218864283062,3957.6485065935044,-0.011801538783248565,-4.266375376567642,6.2242241415329129,1.2099681599206853e-05
30000.000000663567,4216.7869125801117,5587.3705531330597,-0.007583042788418785,-6.0232281228832925,4.5457290164150193,1.579120809839684e-05
30300.000001012813,2222.5527697579037,6637.7906013543488,-0.0024848879281918037,-7.1555886190676947,2.3959300107902526,1.7907257094070211e-05
30600.000001047738,-2.1170355583948908,7000.0005188776986,0.0029775678399274934,-7.5460530499170231,-0.0022801302480836561,1.8192177892795537e-05
30900.000001082662,-2226.5673387527672,6636.4463061147353,0.0082397646252192602,-7.1541381014421024,-2.4002532761682627,1.6577270845760849e-05
31200.000000803266,-4220.1658388660171,5584.8216712036037,0.012746323821074507,-6.0204782232392198,-4.5493661226343569,1.3192707656331584e-05
31500.000001152512,-5776.2152398985036,3954.1598138672589,0.01600987592904456,-4.2626123414564585,-6.2267977456843502,8.3584132290309192e-06
31800.000001501758,-6733.3836544542246,1913.5287124380882,0.017663998863037798,-2.0627970693649735,-7.2586316263933242,2.5541741596772672e-06
32100.000001222361,-6992.4314767031346,-325.49796614178945,0.017504386776519314,0.35088985278675572,-7.5378870868708736,-3.6282759001380459e-06
32400.000001571607,-6526.500490602728,-2530.77687928459,0.015513538746055459,2.7281965895587663,-7.0356107991677197,-9.546224394323506e-06
32700.000001920853,-5383.8985296540641,-4473.663600469873,0.011866005929040876,4.8226430552884443,-5.8038786421097566,-1.4573437455957252e-05
33000.000002270099,-3683.0909928232722,-5952.7185168333572,0.0069133411362827628,6.4170758467387721,-3.9703967134745968,-1.8166782313048433e-05
33300.000002305023,-1600.4184194531358,-6814.5922042092698,0.0011500959777431265,7.3461828461877614,-1.725261061935351,-1.9924807263433134e-05
33600.000002025627,648.18651152451844,-6969.9248807364029,-0.0048357465841322904,7.5136331565412346,0.69875135699455404,-1.963199124777362e-05
33900.000002374873,2829.5870253629946,-6402.6113979869069,-0.010422851295007921,6.9020650689685077,3.0503172008708059,-1.7283942531138461e-05
34200.000002724119,4717.6140683559697,-5171.4711012358121,-0.015020946282941795,5.5748862880747359,5.0856243262224528,-1.3090844940898738e-05
34500.000003073364,6116.5157542676525,-3404.1493968788841,-0.018132924399693669,3.6696996981481456,6.5936506370561663,-7.4586966877738948e-06
34800.00000342261,6881.2530757131417,-1283.8833356835905,-0.019408181659962033,1.3840364015151791,7.4180430433804672,-9.5012826382987042e-07
35100.000003771856,6932.5376150628326,969.49656145471374,-0.018681591048386945,-1.0451245542588365,7.4733281266080942,5.7713964183962249e-06
35400.000003806781,6265.0521853882365,3122.3584713939572,-0.015993905573014364,-3.3659262747242384,6.7537739439249904,1.2008573692331846e-05
35700.000003841706,4948.0021120314614,4951.4923450077358,-0.011591190646993562,-5.3377465846303611,5.3339843090732435,1.7101919656399497e-05
36000.000004190952,3117.9400003773153,6267.2524578568782,-0.005902941118965362,-6.7561458425383689,3.3611639337754675,2.0499017634910145e-05
36300.000004225876,964.60789140646102,6933.2200267543076,0.00049932741908052553,-7.4740634811471782,1.0398562476872888,2.1814299591107935e-05
36600.000003946479,-1288.7353535123641,6880.3472365224925,0.0069591852867078221,-7.4170655123918028,-1.3892638713322731,2.0872931614835825e-05
36900.000003352761,-3408.4617445465224,6114.1161462289883,0.012802511292600122,-6.591061921890021,-3.6743436451646958,1.7733652525543938e-05
37200.000004016329,-5174.7969111998236,4713.9702175341918,0.01740798160123987,-5.0816937166973997,-5.5784648468810447,1.2687376430894923e-05
37500.00000342261,-6404.6063869784293,2825.0774830218515,0.020273388409202963,-3.0454533233061438,-6.9042075699098877,6.2309161421190583e-06
37800.000003771856,-6970.3830295389243,643.27933980171588,0.021070583375428029,-0.69345911649867809,-7.514118601339753,-9.8197253550065903e-07
38100.000003806781,-6813.4668741705991,-1605.2143209685123,0.01968291625527014,1.7304333279561881,-7.344962256523945,-8.2073113696493391e-06
38400.000003213063,-5950.1269921000548,-3687.2785879670928,0.016220855074235829,3.974914010015266,-6.4142765364439631,-1.4688323317738953e-05
38700.000003247987,-4469.8747413266474,-5387.043927742332,0.011013807632682525,5.8072741142984547,-4.8185549035647863,-1.9735223631391003e-05
39000.000002968591,-2526.1833193047091,-6528.2775913264823,0.0045787304198928137,7.0375332412857343,-2.7232421565148024,-2.2798777511589933e-05
39300.000002689194,-320.57568222946776,-6992.6556063813678,-0.0024313929247958927,7.5381368847521486,-0.34558132753444948,-2.3529736852673426e-05
39600.000002409797,1918.2694270454374,-6732.0307863669796,-0.0092939691943556991,7.2571816865993117,2.0679101209132877,-2.1817821771231393e-05
39900.000002444722,3958.2270821681982,-5773.4247617889332,-0.01529129000233476,6.2237970647099523,4.2669995654297317,-1.7806099456658318e-05
40200.000002479646,5587.7931182001666,-4216.2263863131702,-0.019785418492548175,4.5451250730562567,6.0236837691864134,-1.1879181946841549e-05
40500.000002514571,6638.0130798187338,-2221.8869919539407,-0.022285713016083064,2.3952116654536701,7.1558285545766322,-4.6263435015210314e-06
40800.000002235174,6999.9995221120971,2.8190390857484893,-0.022501947441759595,-0.0030386787347472435,7.5460525324737562,3.2168242073774418e-06
41100.000002270099,6636.2214969616598,2227.2328043398907,-0.020377403464030733,-2.4009738800167604,7.1538971285233055,1.0842483318300997e-05
41400.000001676381,5584.3957611453397,4220.7257112551015,-0.016098278427514021,-4.5499745458176966,6.0200212718861721,1.7453067711323572e-05
41700.000002339948,3953.5762785918837,5776.6111984460458,-0.010078084590149042,-6.2272309115331606,4.2619859069073192,2.2344093266907735e-05
42000.000002060551,1912.847484928433,6733.5741069723545,-0.0029182063621350351,-7.2588438996090936,2.0620653539172498,2.4978929381724774e-05
42300.000001781154,-326.206533722995,6992.3960127443179,0.0046517810257726503,-7.5378552862257804,-0.35165102317284447,2.5047731921888321e-05
42600.000001501758,-2531.4392582585619,6526.2422510401811,0.011848257419603925,-7.0353372930693343,-2.7289074184286211,2.2503996277402117e-05
42900.000001536682,-4474.2108997159985,5383.4441046290713,0.017914715220314032,-5.8033917532677561,-4.823228496995668,1.7574198223068224e-05
43200.000001257285,-5953.0939211111727,3682.4876874681881,0.022201504384247971,-3.9697478829966251,-6.4174741969711002,1.0738683804165561e-05
43500.000000977889,-6814.7570945164662,1599.7291382607611,0.024235654208257032,-1.7245189523032158,-7.3463527713583145,2.6851134099726833e-06
43800.000001327135,-6969.8628384807944,-648.89010203026362,0.023773134911783015,0.69950883228904126,-7.5135579733402542,-5.7610538945542463e-06
44100.000001047738,-6402.3296889564508,-2830.2321115818604,0.02082769471104147,3.0510114721420587,-6.9017538552464881,-1.3721818153877969e-05
44400.000001396984,-5170.9996347968008,-4718.1342521231591,0.015672879310728645,5.0861842398854034,-5.574372164675788,-2.0358549761722952e-05
44700.000001117587,-3403.5374588158306,-6116.8577164059134,0.0088167126865461871,6.5940192027300126,-3.6690360016900758,-2.4960688947852376e-05
45000.000001152512,-1283.1945002390207,-6881.3818809692411,0.00095145018356764292,7.4181827228398749,-1.3832913336894328,-2.7021734691535857e-05
45300.000001187436,970.19085538174932,-6932.4402136447889,-0.0071165216088327999,7.4732244984466645,1.045874468179657,-2.6294427079192428e-05
45600.000001222361,3122.9861728703963,-6264.738801319404,-0.014549453614547989,6.7534374333800473,3.3666037125703836,-2.2819266945011068e-05
45900.000000628643,4951.9881980715681,-4947.5052896560037,-0.020565140501320717,5.3334494849354206,5.3382814090883706,-1.6923324555573942e-05
46200.000000349246,6267.5648063998051,-3117.3112904813756,-0.024518977250277359,3.3604860706334811,6.7564826265623763,-9.1893612779325457e-06
46500.000000069849,6933.3161930867409,-963.91249747481163,-0.025972643717793654,1.039105440011435,7.4741674188190972,-3.983057082157634e-07
46800.000000104774,6880.2168707413157,1289.4253514683792,-0.024742219353027863,-1.3900101773266531,7.4169258936674716,8.5492109053318399e-06
47099.999999511056,6113.7722397623302,3409.0747943627048,-0.020920568871774268,-3.6750085949916191,6.5906929411162816,1.6724487465408521e-05
47399.999999231659,4713.4477760764657,5175.2692811246316,-0.014871388621912271,-5.5789797581104112,5.0811328953749131,2.3266467927367051e-05
47699.999998637941,2824.4300290238084,6404.888684009441,-0.0071951239864747191,-6.9045186709727924,3.0447579283033934,2.7471959817129318e-05
47999.999998987187,642.57358109191705,6970.4453545282131,0.0013301888741499499,-7.5141926065819487,0.69270083690504425,2.8871118383349583e-05
48299.999999022111,-1605.9052902639457,6813.3021412827557,0.0098274862479137935,-7.3447903643899348,-1.7311753934408123,2.7280126367100848e-05
48599.999999057036,-3687.8829517442982,5949.7519215066286,0.017410833103058149,-6.4138760789760356,-3.9755617075251934,2.282499675949373e-05
48899.999998463318,-5387.4988462075871,4469.3282600319244,0.023277936528570239,-4.8179679510797175,-5.8077590248459412,1.5933204420026829e-05
49199.999998183921,-6528.5360208994916,2525.5224010464922,0.026795288215124582,-2.7225308605298837,-7.0378045825127602,7.2932278265430521e-06
49499.999998847488,-6992.6912781260389,319.86915534699591,0.027566771682531181,-0.34482069169756741,-7.5381670747216916,-2.2143214595638552e-06
49799.999998882413,-6731.840798907162,-1918.948279698109,0.025478183795849624,2.0686407507451228,-7.2569688252766333,-1.1606994475069573e-05
50099.999999231659,-5773.0296033613058,-3958.8082269683887,0.020712619869524149,4.2676249443766379,-6.2233643520948885,-1.9902711775595332e-05
50399.999999266583,-4215.6675689149115,-5588.2168888668502,0.013734766437371215,6.0241401117992082,-4.5445177801740639,-2.6222970952244693e-05
50699.999999301508,-2221.2226821741392,-6638.23612647767,0.0052454691264010901,7.1560694604153134,-2.3944923649530891,-2.9886022761445863e-05
50999.999999336433,3.5199293173203916,-6999.9991189326738,-0.0038888841877593753,7.5460533483751595,0.0037961678854989012,-3.0480091137801854e-05
51299.999999685679,2227.8975786621991,-6635.9978704372534,-0.01272494835502312,7.153657556293064,2.4016916186054376,-2.7908871765671327e-05
51599.99999909196,4221.2853156666088,-5583.9721604414863,-0.020339852846913448,6.0195657735384343,4.5505783382469449,-2.2404483596594801e-05
51899.999999755528,5777.0073882629322,-3952.996658743803,-0.025927414171913906,4.2613614595068414,6.2276581654740877,-1.4506440884989744e-05
52199.999999476131,6733.7655251919768,-1912.1719743912734,-0.02888315736957163,2.0613365538320516,7.2590503661605599,-5.008701756723378e-06
52499.999998882413,6992.3624770289634,326.9078945032702,-0.028869287768461815,-0.35240888747921567,7.5378196697029791,5.119924058989734e-06
52799.999998603016,6525.9867857792915,2532.0937611569129,-0.025852753886629429,-2.7296162558708112,7.0350631978908407,1.4834069078678881e-05
53099.999998637941,5382.9925957256637,4474.7506028513972,-0.020112225090210569,-4.8238152465005308,5.8029070639001779,2.3119011205016783e-05
53399.999998358544,3681.8862835032828,5953.4625646258592,-0.012212907816404221,-6.4178779579884502,3.969101986114369,2.9096067506697932e-05
53699.999998393469,1599.039649291291,6814.9159084089388,-0.0029513581013735028,-7.3465309110646784,1.7237781220190054,3.2115498130563694e-05
53999.999998742715,-649.59642072814177,6969.7946989950178,0.0067244722295183232,-7.513490852075333,-0.70026772454684383,3.1827228801557797e-05
54299.999998148996,-2830.8819376380102,6402.0411607397391,0.015812076099732213,-6.9014475809054421,-3.0517087966497631,2.8221617727615604e-05
54599.999998183921,-4718.6599958585775,5170.5204964016202,0.023358305072242277,-5.5738585715102786,-5.0867463527590324,2.1635289865913233e-05
54899.999998533167,-6117.2048352171651,3402.9176038831633,0.028559564396806056,-3.6683693738581096,-6.5943869094669445,1.2720593633330196e-05
55199.999999196734,-6881.5147300331928,1282.4985477586811,0.030847650689054065,-1.3825421751041045,-7.4183179835679827,2.3811756073890701e-06
55499.999998917338,-6932.345725760224,-970.89056492718737,0.02995192883144002,1.0466275834690362,-7.4731143058104559,-8.3199797060666944e-06
55799.999999266583,-6264.4276051932629,-3123.6172874610984,0.025930952492409641,3.367282798783334,-6.753094494399333,-1.8270492314810209e-05
56099.999998987187,-4947.0103208532628,-4952.4857954612953,0.019169845756152069,5.3388169603330038,-5.3329101326968624,-2.6424856183404383e-05
56399.999999336433,-3116.6842209972197,-6267.8779166724762,0.010343405991787947,6.7568201848751013,-3.3598061485760176,-3.1914641932549495e-05
56699.999999685679,-963.2184337968049,-6933.4128457745255,0.00034854147854713699,7.47427259612782,-1.0383547622320926,-3.4140900407697785e-05
57000.000000034925,1290.1144376581049,-6880.087312205118,-0.009787084516998272,7.4167877653483449,1.3907545080765917,-3.283896780121671e-05
57300.000000384171,3409.6873864527583,-6113.4299964721577,-0.019010811370199564,6.5903254558511408,3.6756698016102454,-2.8108815700504442e-05
57600.000000104774,5175.7416703975123,-4712.9283675379611,-0.026354222032190771,5.0805738183982143,5.5794893395471075,-2.040770625343936e-05
57900.000000139698,6405.1716315823614,-2823.7873356177611,-0.031034560228761682,3.0440650460543042,6.9048237885318819,-1.0505812715545324e-05
58200.000000174623,6970.5092097987335,-641.87426370932462,-0.032537789425807505,0.69194581281896506,7.5142617088198298,5.9075441064308089e-07
58499.999999895226,6813.139891206245,1606.5887299150197,-0.030674600491624834,-1.7319146605273141,7.3446163254502546,1.1741794753307739e-05
58799.999999930151,5949.3798564761009,3688.4796257835706,-0.025603385457408624,-3.9762090655143738,6.4134766320797967,2.178954132138405e-05
59099.999999965075,4468.7843061005997,5387.9467001536696,-0.017817501899291412,-5.8082475620004654,4.8173837622033133,2.967818933387496e-05
59400,2524.862339828358,6528.788176196007,-0.0080977383883366824,-7.0380831920991502,2.7218216627283205,3.4564376983604709e-05
59699.999999720603,319.16104831826073,6992.7209583693802,0.0025655711312142101,-7.5382058160382144,0.34405969804691355,3.5907268844827362e-05
60000.000000069849,-1919.6310668220585,6731.6443303814394,0.013073169180854253,-7.2567626024180694,-2.0693740806083354,3.3528647196780524e-05
60300.000000104774,-3959.3947057038445,5772.6270457505107,0.022330127070193471,-6.2229341652830996,-4.268253320222466,2.7636160654963932e-05
60599.999999825377,-5588.6461026939378,4215.1007383917931,0.029360089871531315,-4.5439088826735121,-6.0245971794767277,1.8806489693085827e-05
60900.000000174623,-6638.4637382755463,2220.5506802934897,0.033408523816062186,-2.393769224152368,-7.1563074364551831,7.9293907485526837e-06
61200.000000209548,-7000.0020964101432,-4.2271358952988738,0.03402391831308714,0.0045573641788285487,-7.5460482198764867,-3.8820892556507248e-06
61499.999999930151,-6635.7767223434757,-2228.5666808562637,0.031108081985359883,2.402411580448871,-7.1534111310239101,-1.5406063861988243e-05
61800.000000279397,-5583.5505840760034,-4221.8473425621905,0.024929881491691286,4.5511830419548165,-6.0191046806979136,-2.5438897235397225e-05
62099.999999685679,-3952.4188715790979,-5777.4046652457346,0.016100638235740001,6.2280859985644863,-4.2607338213361272,-3.2921438287227507e-05
62400.000000034925,-1911.4980589271734,-6733.9574448203648,0.0055134738688086132,7.2592578549320566,-2.0606069528773614,-3.7050976002447481e-05
62699.999999755528,327.60804696120368,-6992.3295066395676,-0.0057472743864765419,7.5377855460766447,0.35316559179335144,-3.7367041522846952e-05
62999.999999476131,2532.7475276966798,-6525.7324983978897,-0.016517279307811838,7.0347907231760898,2.7303221807651838,-3.380198531229164e-05
63299.999999825377,4475.2900633641475,-5382.5433968275966,-0.025672617584429142,5.8024240818020756,4.8243973832121201,-2.6690974881839982e-05
63599.99999954598,5953.831544723962,-3681.288772988064,-0.032246880835150767,3.9684583237368884,6.4182759210384139,-1.6740285631788318e-05
63899.999999895226,6815.0758566716759,-1598.3558077312819,-0.035532861631153309,1.7230403732937298,7.3467034650299619,-4.9570463128343889e-06
64200.000000244472,6969.7286804148962,650.29568004958912,-0.035158222047125431,-0.70102333325759725,7.5134201925565884,7.4524839217086564e-06
64500.000000279397,6401.7555561524896,2831.5241118625831,-0.031127172640100776,-3.052404391022475,6.9011409144924425,1.9205873797850119e-05
64800.000000628643,5170.044315896369,4719.1783961211568,-0.023823605368209894,-5.0873101960732523,5.5733471380317834,2.9076361304998321e-05
65100.000000663567,3402.2995722702135,6117.5453847389717,-0.013974999640631966,-6.594760409965521,3.6677053507137662,3.6020300044089377e-05
65400.000000384171,1281.8022437077789,6881.6415585079412,-0.002580388947725248,-7.4184615985237521,1.3817937942090743,3.9287235219391685e-05
65700.000000733417,-971.59315199535683,6932.2450443678727,0.0091906267149512357,-7.4730119953325618,-1.0473825878177485,3.8501126315159954e-05
66000.000001082662,-3124.2531934557373,6264.1093911958314,0.020117756983663092,-6.7527560987536708,-3.3679651323249939,3.3703842855069171e-05
66300.000000803266,-4952.9888835361699,4946.5074749759133,0.029056576929471657,-5.3323709264286334,-5.339354551402109,2.5355667135795602e-05
66600.00000083819,-6268.1960229385486,3116.0491316325329,0.035058614465985134,-3.3591231524615486,-6.7571564683850092,1.4291911449178798e-05
66900.000000873115,-6933.513382140618,962.51729863925232,0.037472260397270279,-1.0376001672901138,-7.4743729145394369,1.6394826282347717e-06
67200.00000090804,-6879.9605936512444,-1290.8087829962992,0.036013630109737897,1.3915016656924331,-7.4166428142673437,-1.1298279547303123e-05
67500.000001257285,-6113.0899901791372,-3410.3031871791954,0.0307995780336386,3.6763322662409208,-6.5899515366787229,-2.3176523194621805e-05
67800.00000129221,-4712.4109608482231,-5176.2156258397117,0.022339037403689463,5.5799994046576176,-5.0800103904217213,-3.2749313734217026e-05
68100.000001641456,-2823.1464857187884,-6405.4552215066551,0.011483272985420153,6.9051296298210874,-3.0433703503086531,-3.9000668686794161e-05
68400.000001676381,-641.17647871205463,-6970.5735005400602,-0.00066000550485047769,7.5143321615915664,-0.6911911393357979,-4.1252303506015714e-05
68700.000001396984,1607.2711048449623,-6812.9784541374775,-0.012839895017787446,7.3444439930812351,1.732651797658415,-3.9236695987070495e-05
69000.000001431908,3689.0757579808264,-5949.009499855616,-0.023791250415780358,6.413078967814168,3.9768525919625284,-3.3127754370773012e-05
69300.000001781154,5388.3945798284376,-4468.2434457403679,-0.032366008401723795,4.8168016465916237,5.8087307758064863,-2.3525814657309743e-05
69600.0000021304,6529.0410841684679,-2524.2070817404092,-0.03765328314207466,2.7211152844608022,7.0383559542854552,-1.1398420070904415e-05
69900.000002165325,6992.7523464316773,-318.45935496784159,-0.039075757989839498,0.3433021227307404,7.5382399116331147,2.0171394614991896e-06
70200.00000220025,6731.4505394500729,1920.3064316810339,-0.036452292754130415,-2.0701046725264312,7.2565545086720471,1.5339682626101698e-05
70500.000002549496,5772.2276305599189,3959.9736747284801,-0.030020075256020063,-4.2688816461353856,6.2225051182422328,2.7185698782160196e-05
70800.00000258442,4214.5364711501234,5589.0684301692991,-0.02041372296057865,-6.0250582398055101,4.5433026156850307,3.6312346874943646e-05
71100.000002619345,2219.8794773002173,6638.6851743432735,-0.0086030890448149308,-7.1565529150000806,2.3930478057071785,4.1747397114293975e-05
71400.000002654269,-4.9360278078709641,6999.9990531643898,0.0042042590055552881,-7.5460515972506998,-0.0053193771284620554,4.289273832977977e-05
71700.000002374873,-2229.2397712260195,6635.548945645759,0.016686234151652084,-7.1531710309253143,-2.4031345285939638,3.9590453533509595e-05
72000.000001781154,-4222.4146386319171,5583.1214288262136,0.027542645463446626,-6.0186457263244932,-4.5517906865447157,3.2143983974190681e-05
72300.000001501758,-5777.8072293237301,3951.8329485661366,0.035630786592871826,-4.2601043439133282,-6.2285142030717333,2.1291354593672696e-05
72600.000001851004,-6734.1537450158066,1910.8164644130015,0.040085986139399843,-2.0598735848572511,-7.2594619435938164,8.1324568827547544e-06
72900.000001885928,-6992.299797128504,-328.31437954405362,0.040414271755983285,0.35392567057528695,-7.5377451248472545,-5.9825733693977247e-06
73200.000002235174,-6525.4806832604299,-2533.4054302370864,0.036547095193082878,2.7310299191567844,-7.0345112836309145,-1.9592446244373821e-05
73500.000002270099,-5382.0963357991259,-4475.8317479023262,0.028852006777481679,4.8249801049862233,-5.801935624591712,-3.1276687432669867e-05
73800.000002305023,-3680.6932716319757,-5954.2014738201597,0.018097812585080565,6.41867433665535,-3.9678116929654892,-3.980440841207027e-05
74100.000002654269,-1597.6737582713806,-6815.2362328300733,0.0053775689395829896,7.346877094342168,-1.7223020496101138,-4.4264114077252265e-05
74400.000002689194,650.99356440305041,-6969.663212815256,-0.0080027673979133612,7.5133512032121832,0.70177761417098683,-4.4160821033770448e-05
74700.000002095476,2832.1654419736565,-6401.4711574091116,-0.020658587516921748,6.9008361221754884,3.0530969709268585,-3.9470239123590327e-05
75000.000001501758,4719.6965227510264,-5169.5704985436842,-0.031269914338910389,5.5728377191238048,5.0878693988859132,-3.0644286478694493e-05
75300.000001536682,6117.8863342840341,-3401.6854796899192,-0.038718893358641315,3.6670438762743438,6.5951281982819863,-1.8567273750568868e-05
75600.000001571607,6881.7696712700526,-1281.1115778199592,-0.042207230439424717,1.3810487163282614,7.4185998443396262,-4.4671737361403887e-06
75900.000001606531,6932.1466746536371,972.28876163289124,-0.041341346830797182,-1.0481342727533862,7.4729064313495659,1.0209032091244386e-05
76200.000001955777,6263.7942680349179,3124.8816046396473,-0.036176290443871897,-3.3686459330448648,6.7524175255214534,2.3943318074674812e-05
76500.000002305023,4946.0076697079112,4953.4848169043207,-0.027213611720205703,-5.3398942232532196,5.331833873353224,3.5302942922118364e-05
76800.000002025627,3115.4158396170783,6268.5077070972766,-0.015353065110911007,-6.757498861320717,3.3584424771086803,4.3089319820040168e-05
77100.000002060551,961.81570979133505,6933.6079332820236,-0.0018026880823777257,-7.474481673748179,1.0368458922995367,4.6464222698844765e-05
77400.000002409797,-1291.5060854789815,6879.8275842420089,0.012043900127008412,-7.4165055341290751,-1.3922510954111877,4.5040162408301342e-05
77700.000002444722,-3410.9237675481618,6112.7427910166725,0.02475065818554106,-6.5895817736988862,-3.6769980804755669,3.892510040474696e-05
78000.000002793968,-5176.694948231243,4711.8855225949465,0.034988109787477129,-5.0794467810609243,-5.5805112708268476,2.8716101745905674e-05
78300.000002828892,-6405.7436219570955,2822.4975692476341,0.041672675916712955,-3.0426725143449298,-6.9054337475738725,1.5441746449874679e-05
78600.000002235174,-6970.6415176604041,640.47170688220524,0.044081641247754287,-0.69043278155082177,-7.5143973299694533,4.5861106821119296e-07
78900.000001955777,-6812.8197995548953,-1607.9585623360083,0.041931420912420858,1.7333913576112219,-7.3442646195356449,-1.4687761265681354e-05
79200.000001990702,-5948.6414422698044,-3689.6749018712458,0.035410559307978748,3.9774969983270987,-6.4126748999498266,-2.8422952369058639e-05
79500.000002339948,-4467.7047460226249,-5388.8438606188056,0.025163635026465368,5.8092142552325559,-4.8162153803854419,-3.9307956177798087e-05
79800.000003003515,-2523.553859448466,-6529.2945384020686,0.012227431965422411,7.0386294246687493,-2.720407326613687,-4.6190280688853247e-05
80100.00000303844,-317.75937160443044,-6992.7841371792165,-0.0020742134402721374,7.5382754924507749,-0.34254508421920632,-4.8325887882238159e-05
80400.000003073364,1920.9806104422487,-6731.2575728869197,-0.016266114092193185,7.2563483426603188,2.0708330256808356,-4.54591053656606e-05
80700.000003108289,3960.5520524514804,-5771.8299584882552,-0.028873986473276748,6.2220781257658313,4.2695061034171697,-3.7852083309406461e-05
81000.000002828892,5589.4908168033726,-4213.975333995264,-0.038577510605633837,4.5426987191850747,6.0255140284071498,-2.6260646262252229e-05
81300.000002549496,6638.9074803095846,-2219.2130848579518,-0.044348336537349826,2.3923294669793997,7.1567927153121396,-1.185893976286272e-05
81600.000002270099,6999.9978936261768,5.6385514496986762,-0.045558700062652599,-0.0060778402440723172,7.5460505973580281,3.8794779167666332e-06
81900.000001990702,6635.3240277577816,2229.9055725797307,-0.042049295358867401,-2.4038548388533316,7.1529293248454771,1.9332029934074178e-05
82200.000001711305,5582.6955316561325,4222.9746198451885,-0.034149182838543804,-4.5523985901803075,6.0181880110410004,3.2893766808628406e-05
82500.000001431908,3951.2496034035444,5778.2030887205819,-0.022645367130504558,-6.2289467583871794,4.2594773291041959,4.3143389524550754e-05
82800.000001781154,1910.1355927497939,6734.3439634095384,-0.0087047852371213343,-7.259673737605441,2.0591415380591922,4.8991761064117691e-05
83100.000001816079,-329.02248754304685,6992.2640286306478,0.0062436861420356749,-7.5377131227062533,-0.35468700076570986,4.979759402604985e-05
83400.000002165325,-2534.0673351767246,6525.2220991479844,0.020655423742472034,-7.0342378405356349,-2.7317408667000249,4.5438043264325473e-05
83700.00000220025,-4476.3786172312366,5381.6415287167283,0.03302960702718212,-5.8014489266946683,-4.8255656666701121,3.6326247676262635e-05
84000.000002235174,-5954.5765087604786,3680.089554275055,0.042065669180714062,-3.9671630458644729,-6.4190727292956149,2.3373167805869279e-05
84300.000002270099,-6815.4008033713944,1596.9840793449725,0.046800267463091801,-1.7215600899929735,-7.347046855650083,7.8969004887477774e-06
84600.000001676381,-6969.6009008861729,-651.69745611170458,0.046710216615793228,0.7025348844134417,-7.5132755979154364,-8.5116203631280233e-06
84900.000001396984,-6401.189255599711,-2832.8106798121494,0.041770264605497882,3.0537909142381352,-6.9005243100693274,-2.4152739266315039e-05
85200.000001117587,-5169.0989566675626,-4720.2166736158879,0.032459282304891444,5.0884288677242289,-5.5723229872752631,-3.7394820795294533e-05
85500.000001152512,-3401.0736002737849,-6118.2280985070711,0.019713866398754738,6.595496327431122,-3.666379690403117,-4.6844965389741184e-05
85800.000001187436,-1280.4229081978899,-6881.8981540919076,0.0048339103765739615,7.4187392416962465,-1.3803032918390969,-5.1495658242378492e-05
86100.000000593718,972.98283417383084,-6932.0488557814742,-0.010650228950502799,7.4728027300943642,1.048884477575607,-5.0831876740272824e-05
86400.000000942964,3125.5090859711377,-6263.4803807989283,-0.025135292758994548,6.7520810782820888,3.3693236539366449,-4.4887371401538497e-05
86700.000000663567,4953.9804722224362,-4945.5102659836502,-0.037111125233345234,5.3312991204104225,5.34042927030419,-3.424417169118844e-05
87000.000001012813,6268.8198745743612,-3114.7865013551454,-0.045317934339589819,3.3577646233840834,6.7578356658056746,-1.9975273939415512e-05
87300.000001047738,6933.7039206588461,-961.1197274138583,-0.048878493401356443,1.0360951060999914,7.4745852979047536,-3.5363264580240773e-06
87600.000001396984,6879.6970668288341,1292.1965244632813,-0.047391518919950366,-1.3929972176468812,7.4163652824282247,1.3382666180292577e-05
87900.000001117587,6112.3988249771865,3411.5370402979006,-0.040976406539439895,-3.6776626005037829,6.5892120185761831,2.9030555169780273e-05
88200.000001152512,4711.3631781007307,5177.1673195764406,-0.030264444095797233,-5.5810255804145443,5.0788852762401779,4.1775608346923366e-05
88500.000000873115,2821.8503956257609,6406.0257489595997,-0.016337051170317151,-6.9057442723398639,3.0419766751128532,5.0275078756864165e-05
88800.000000593718,639.76636850024818,6970.7035750909454,-0.00061699244576640449,-7.514470985116751,0.68967427602726683,5.36164209089906e-05
89100.000000628643,-1608.649052937325,6812.6547489760887,0.015276634259253852,-7.3440926696525128,-1.7341335525754695,5.1415421306995504e-05
89400.000000349246,-3690.2788000805708,5948.2660190539409,0.029694994245083654,-6.4122745904984679,-3.9781448176198548,4.3860597448060266e-05
89700.000000069849,-5389.2983693387641,4467.1578774755162,0.041130627718004305,-4.8156286295775059,-5.8096992608901665,3.169849523463531e-05
90000.000000733417,-6529.5526143458837,2522.8925447288943,0.048375292548146945,-2.7196962023795082,-7.0389007152644201,1.6160571931559232e-05
90300.000000768341,-6992.8195051995872,317.05250451854579,0.050647900516091214,-0.34178463122627417,-7.5383053858284486,-1.1614055470351823e-06
90600.000000803266,-6731.0673496540685,-1921.6596773965869,0.047678864871509387,2.0715633716420632,-7.2561349600152587,-1.8478834031675366e-05
90900.000000523869,-5771.4346735576655,-3961.1332337979793,0.039741658314419413,4.2701310553910279,-6.2216448089206065,-3.3991625921350937e-05
91200.000000244472,-4213.4165284737855,-5589.914452041683,0.027627905720687941,6.0259698884821322,-4.54209089578206,-4.6075948978486459e-05
91499.999999965075,-2218.5489222118304,-6639.1302537019956,0.012568287262137165,7.1570332348910339,-2.3916097829295579,-5.3454538349744558e-05
91800,6.3392064650407551,-6999.9971193864649,-0.0038927526311982956,7.5460512355783713,0.0068356096828618984,-5.5331610433969719e-05
92099.999999406282,2230.5700838777643,-6635.0999524431118,-0.020055624182656374,7.1526897712935531,2.4045728321980326,-5.1478165469759271e-05
92399.999999755528,4223.5339854510612,-5582.2714036024099,-0.034241163271689891,6.0177326066373489,4.5530026287028722,-4.2258692156366091e-05
92699.99999916181,5778.5990646971804,-3950.6693971572226,-0.044964985489576156,4.258852944399794,6.2293741349829883,-2.8596407963600492e-05
92999.999999196734,6734.5351810565935,-1909.4594965162566,-0.051092552769999217,2.0584127747081999,7.2598800518421855,-1.1880534206908369e-05
93299.999998917338,6992.2303139796122,329.72433591558962,-0.051958841166992509,-0.35544473141364807,7.5376770177688863,6.174942392159517e-06
93599.999999580905,6524.9665256971866,2534.7221414347032,-0.047440107665187067,-2.7324493503777383,7.033963027669369,2.3706637394073495e-05
93899.999999930151,5381.1900520558056,4476.9184034717191,-0.037970126285339238,-4.8261518395161866,5.8009635134842572,3.8893439260349098e-05
94199.999999650754,3679.4883712586166,5954.9450440480041,-0.024498906060868499,-6.4194758441543911,3.9665166202698301,5.014501006721002e-05
94500,1596.2949891337619,6815.5593884496257,-0.0083977555685424889,-7.3472245019295528,1.72081898409181,5.6267888761282487e-05
94800.000000034925,-652.40327262782466,6969.5324771141823,0.0086799407108438427,-7.5132082796070918,-0.70329389445396551,5.6592050743688124e-05
95099.999999755528,-2833.459988600322,6400.9004148599161,0.024968248143499142,-6.9002181139492178,-3.0544883258049143,5.1044515238237839e-05
95399.999999476131,-4720.741952115055,5168.6194737432079,0.038771239073362135,-5.5718096038222686,-5.0889910814284312,4.0161724831788866e-05
95699.999999511056,-6118.5748159254354,3400.4533817036736,0.04863973256200279,-3.6657132789065203,-6.5958640583964989,2.5038578421706457e-05
95999.999998917338,-6882.0306612046825,1279.7266210540063,0.053523723551145749,-1.3795543411497107,-7.4188743269789281,7.2186318049973334e-06
96299.999999580905,-6931.9540931387855,-973.68280050636474,0.052884336562337299,1.0496373381208992,-7.4726921212467472,-1.1463634272283399e-05
96599.999999301508,-6263.1690082051082,-3126.1403003131304,0.04675324536432364,3.3700023457994086,-6.7517375720355748,-2.9072241059923141e-05
96899.999999336433,-4945.0152555086788,-4954.4779984864044,0.035732959836173701,5.3409643231356139,-5.3307592106271224,-4.3771013930582387e-05
97199.999999057036,-3114.1595471277778,-6269.132760683402,0.020937592924255111,6.7581727499534736,-3.3570842826142702,-5.4015555130647258e-05
97499.99999909196,-960.4259033161411,-6933.8002442010074,0.0038799956180112288,7.4746901793082658,-1.0353441498304745,-5.8715641452659357e-05
97799.999998812564,1292.8853107970856,-6879.5671068329266,-0.013683197546699383,7.4162270904417982,1.3937417684900824,-5.7350936818121238e-05
98099.999998533167,3412.1493340249158,-6112.0561166090301,-0.029932639157836914,6.5888446258308129,3.6783240272065907,-5.002784180777474e-05
98399.999998568092,5177.6394448826359,-4710.8432425799838,-0.04317473028740243,5.0783263157492318,5.5815353343479233,-3.7471470936658703e-05
98699.999998603016,6406.308460589471,-2821.2071521823527,-0.052017951558860284,3.0412838792185211,6.9060493677386008,-2.0953494851161954e-05
98999.999998323619,6970.7672228565798,-639.06655180077712,-0.055518768059617106,0.68891937470457343,7.51453975618284,-2.1632009330929379e-06
99299.999998044223,6812.4923516240897,1609.3328447057556,-0.053281917559185356,-1.7348725210706879,7.3439180172328573,1.6965066453347668e-05
99599.999997764826,5947.8939332110849,3690.8756201057095,-0.04550454371799352,-3.9787916359253064,6.4118744307283819,3.4450504834218398e-05
99899.99999779975,4466.6140916034728,5389.7461690999335,-0.03295935211964935,-5.8101871100390285,4.8150438556708561,4.8470288052961754e-05
100199.99999752035,2522.2328614384646,6529.8045740730868,-0.016918171841305268,-7.0391787001250172,2.7189866819004807,5.7549014193281323e-05
100499.99999724096,316.34492235943026,6992.8489286146096,0.00097660803149543637,-7.5383437720008333,0.34102352843365635,6.0713736278790269e-05
100799.99999727588,-1922.3418822508056,6730.8706075315604,0.018879872228833118,-7.2559287097694547,-2.0722967284543419,5.7598399577187757e-05
101099.99999762513,-3961.7191663370786,5771.0318284905361,0.034933869900891777,-6.2212148198268338,-4.2707594828457252,4.8486376967406119e-05
101399.99999734573,-5590.3431938273143,4212.8493932915917,0.047461049077715728,-4.5414822678025883,-6.026427000824043,3.4285921879894431e-05
101699.99999738066,-6639.357473945448,2217.8766152629437,0.055139589915917109,-2.3908868972632651,-7.1572711319564064,1.6440249486087549e-05
101999.99999741558,-6999.999783096494,-7.0466662938374238,0.057143158213416645,0.0075965330836598958,-7.5460458094234761,-3.2190737062509703e-06
102299.9999974505,-6634.8785838358945,-2231.2393269089057,0.053229968140469194,2.4052924234672783,-7.1524428520451888,-2.2660526824004773e-05
102599.99999717111,-5581.8497464601387,-4224.0959815941824,0.043771463537658449,4.5536068198334485,-6.0172709721973554,-3.9863232729245822e-05
102899.99999752035,-3950.0916793085689,-5778.996168544757,0.029717241286552135,6.2298014327558331,-4.2582248495573349,-5.3027643506814742e-05
103199.99999724096,-1908.7858036917851,-6734.7268111431295,0.01249954946306721,7.2600871280223069,-2.0576828754341414,-6.076411554348767e-05
103499.99999727588,330.42417859528013,-6992.1969807021142,-0.006112940920760191,7.5376427172232292,0.35620164413008598,-6.2239509156458611e-05
103799.99999699648,2535.375574364446,-6524.7118171721086,-0.024197049433295616,7.0336905902146087,2.7331554728616241,-5.7266386180498621e-05
104099.99999703141,4477.4575550323161,-5380.7403744222165,-0.039873890737951556,5.8004806632075869,4.8267341692642853,-4.6325414239810213e-05
104399.99999706633,5955.3137551193722,-3678.8903353478418,-0.051503987880934021,3.9658730739784902,6.4198738900737355,-3.0518555900074536e-05
104699.99999678694,6815.7190982785187,-1595.6106397370402,-0.057858466849679123,1.7200813535544577,7.3473968782143526,-1.1457791216591908e-05
104999.99999682186,6969.4662687973168,653.10294172708041,-0.058248545135379942,-0.70404927408277074,7.5131371351308625,8.8992518671220317e-06
105299.99999717111,6400.6147210533936,2834.1023944537792,-0.052599788813262736,-3.0551834664523203,6.8999107696911288,2.8449974386666321e-05
105599.99999752035,5168.1433729758955,4721.2603805430181,-0.041463247063512509,-5.08955426307317,5.5712975213748246,4.5163339066492285e-05
105899.9999978696,3399.8356362854947,6118.915230128453,-0.02596200268901953,-6.5962368616787446,3.6650488192922848,5.7290201981408441e-05
106199.99999727588,1279.0307828892562,6882.157263616642,-0.0076782644002236205,-7.4190174349712255,1.3788057690421545,6.3545945036753865e-05
106499.99999699648,-974.38480601525214,6931.8531553050407,0.011507769136217851,-7.4725896285966193,-1.0503923765878473,6.3246538964896242e-05
106799.99999640277,-3126.7756169463714,6262.8505319841342,0.029611009120291444,-6.7513992905310296,-3.3706847015436185,5.6383632407422638e-05
107099.99999675201,-4954.9805593247193,4944.5121347777604,0.044746819023742716,-5.3302202678136803,-5.3415019644303721,4.363023222731904e-05
107399.99999647262,-6269.4504246656952,3113.5241715953152,0.055327378724082887,-3.3564015674882355,-6.7585090268089294,2.6275550832598479e-05
107699.99999682186,-6933.9004218682612,959.72450433866436,0.06022853576874776,-1.0345898297725502,-7.4747903133154043,6.0950115104548327e-06
107999.99999717111,-6879.4401188718894,-1293.5798395821012,0.058909477584097696,1.394488589318011,-7.4160817373740917,-1.4831583569165387e-05
108299.99999720603,-6111.7159601023013,-3412.7651776477974,0.051472364597428766,3.6789860242350394,-6.5884701787591728,-3.4334978147623554e-05
108599.99999724096,-4710.3258430518717,-5178.1132854788493,0.038655303295070685,5.5820448397557527,-5.077762395240927,-5.0382007657559536e-05
108899.99999727588,-2820.5664750046649,-6406.5918072842651,0.021759032739564508,6.9063547027774606,-3.0405888345024827,-6.1288045018910203e-05
109199.99999731081,-638.36906012614668,-6970.8311871289097,0.00251467530969198,7.5146099066928818,-0.6881644777989222,-6.5893975475581645e-05
109499.99999703141,1610.0148762582994,-6812.3305285073402,-0.017093892832706181,7.3437456270356645,1.7356098461977261,-6.368907828786124e-05
109799.99999675201,3691.4714203567191,-5947.523130689251,-0.035034723397783671,6.4114768650236673,3.979435368260948,-5.4866892715661078e-05
110099.99999710126,5390.1937523971592,-4466.0727283768028,-0.049438352370451542,4.8144618670169725,5.8106704834611991,-4.0308160150992505e-05
110399.99999682186,6530.0572189171307,-2521.5770798925078,-0.058792414896216658,2.7182804094853896,7.0394514289895662,-2.149251574782469e-05
110699.99999685679,6992.8800900045881,-315.64276046901972,-0.06210012294469678,0.34026611262928652,7.5383775317968116,-3.4795716085864627e-07
110999.99999689171,6730.6766626371073,1923.0175718450605,-0.058986106982735508,-2.0730269756095541,7.2557200141897633,2.0946508520010754e-05
111299.99999661231,5770.6324029405123,3962.2982563833439,-0.049738503969208391,-4.2713872186176669,6.2207850952905961,4.0184886484538296e-05
111599.99999633292,4212.2853184203777,5590.7654548926175,-0.035282678148901722,-6.0268873376638163,4.5408754676831942,5.5362041024626651e-05
111899.99999605352,2217.2058162244662,6639.5787206357081,-0.017088934138661551,-7.1575159755337374,2.3901652034186869,6.4882111300891484e-05
112199.99999640277,-7.7550037984917619,6999.9965015485141,0.0029766641392152734,-7.5460488379898578,-0.0083586172316425875,6.7726089343726233e-05
112499.99999675201,-2231.9118119531804,6634.6505598528156,0.022843372447838951,-7.1522027374077224,-2.4060153809654126,6.356107285212453e-05
112799.99999615829,-4224.6627114199791,5581.4203336389191,0.040449312926002394,-6.016812227881438,-4.5542145088298582,5.2779376539082077e-05
113099.99999619322,-5779.3982414093325,3949.5054870511281,0.053955534783183608,-4.2575956590236679,-6.2302296750231303,3.6462673505144231e-05
113399.99999654246,-6734.922707271804,1908.1039395085609,0.06193833443968555,-2.0569497862424813,-7.2602911335337037,1.6274054819830421e-05
113699.99999689171,-6992.166953837037,-331.13072543633115,0.063539610773460681,0.35696141052078778,-7.5376020011975724,-5.7114357636874489e-06
113999.99999692664,-6524.4597950669722,-2536.0335708685579,0.058559241013083158,2.7338627811164056,-7.0334106796082434,-2.722050619110958e-05
114299.99999696156,-5380.2932533504436,-4477.9991854529953,0.047479443136131678,4.8273163384348861,-5.7999916979396078,-4.6017342288370929e-05
114599.99999731081,-3678.2949459354018,-5955.6834915058034,0.031418197763728867,6.4202717350453131,-3.9652260425723331,-6.0136630842059243e-05
114899.99999703141,-1594.9288533713006,-6815.8791851014585,0.012016257319741186,7.3475700838361906,-1.7193427774495211,-6.8089364019774737e-05
115199.99999706633,653.80047398288559,-6969.4004507810478,-0.008730741835375172,7.5130679713357367,0.70480372738314601,-6.9019771726622464e-05
115499.99999678694,2834.7433565379547,-6400.3299201605932,-0.028677773958033611,6.899606020911297,3.0558762264159585,-6.2796883525721863e-05
115799.99999619322,4721.7781681823262,-5167.6690983300177,-0.045752281866745709,5.5707882403034867,5.0901136496044446,-5.0031082693433883e-05
116099.99999654246,6119.2558820474951,-3399.2210441199113,-0.058169422121329063,3.6643874744181035,6.5966047227577214,-3.2013836197209159e-05
116399.99999657739,6882.2851171723469,-1278.3396288907156,-0.064618377405864541,1.3780608264359453,7.4191554983259049,-1.0586744861409214e-05
116699.99999692664,6931.7545818668468,975.08080827898539,-0.06440037811033561,-1.0511438045261297,7.472483583125479,1.2046672490681739e-05
116999.99999633292,6262.5353159438573,3127.4042444101069,-0.05750401808601141,-3.3713650124545089,6.7510600590940388,3.3547201743616261e-05
117299.99999605352,4944.0124239132738,4955.4765055437065,-0.044609860424249824,-5.3420409363780603,5.3296826092714538,5.168106053704806e-05
117599.9999954598,3112.8911932640672,6269.7619703514183,-0.027023546677434299,-6.7588507016130395,3.3557205103247711,6.4551316664812101e-05
117899.99999518041,959.02342157574867,6933.9947577243383,-0.0065439283731967479,-7.4748985643451809,1.0338354210788703,7.0795906014760424e-05
118199.99999490101,-1294.276525977544,6879.3068785238484,0.014720580042941474,-7.4159442897958971,-1.3952380161490454,6.9731773471787555e-05
118499.99999462161,-3413.385139573259,6111.3685326767445,0.034568823742175542,-6.5881005493921094,-3.6796518402208536,6.1429885758814749e-05
118799.99999402789,-5178.5920511546183,4709.8001753839162,0.050934715536933912,-5.0771990775015254,-5.5825567379905205,4.6712683267146796e-05
119099.99999437714,-6406.8797471510179,2819.9173179749373,0.062102471387521202,-3.0398913104682861,-6.9066588042388339,2.7073400856435315e-05
119399.99999409774,-6970.8988377139804,637.66407570102672,0.066886773562740504,-0.6874064418299406,-7.514674888194639,4.5248668456595994e-06
119699.99999381835,-6812.1716144471475,-1610.7024579674246,0.064758811946705117,1.7363490009912645,-7.3435658679458218,-1.8607007503905392e-05
119999.99999322463,-5947.1549565064179,-3692.0705518385307,0.055904680244051853,3.9800792336201734,-6.4110723143537571,-3.9923733170831979e-05
120299.99999325955,-4465.5340893180737,-5390.6428804068864,0.041209636198339075,5.8111533460742431,-4.8138751764977261,-5.7203613517638861e-05
120599.99999329448,-2520.9240944799067,-6530.3104154604307,0.022169505130782249,7.0397243635938773,-2.7175721780986155,-6.8633784139816899e-05
120899.99999364372,-314.94313831196695,-6992.9115619012,0.00073816532119554525,7.538412806497349,-0.33950891984619003,-7.3000518726143988e-05
121199.99999399297,1923.6913420853473,-6730.4833360549446,-0.020873224343812134,7.2555138045833312,2.0737554620450682,-6.9817795462214882e-05
121499.99999402789,3962.8762442648649,-5770.2343244320691,-0.040424522924464447,6.2203582264330199,4.2720118417465596,-5.9380611381288875e-05
121799.99999406282,5591.1874994264545,-4211.7237243182753,-0.055878802252660779,4.540271729799807,6.0273432592136569,-4.2737400260182164e-05
122099.99999378342,6639.8007309182549,-2216.5389482932028,-0.065614373637631354,2.3894470112289232,7.1577557270243144,-2.1584318188825039e-05
122399.9999931897,6999.9950973917184,8.4579417730528004,-0.068594641272925694,-0.0091168608162821713,7.5460475017228283,1.9077704790591207e-06
122699.99999291031,6634.4254911927283,2232.5778826731166,-0.064478100126160384,-2.4067352729053195,7.1519604555670204,2.5315874334511629e-05
122999.99999294523,5580.9944465233375,4225.2227765164243,-0.053656925638156314,-4.5548217625966796,6.0163538852329372,4.6214251348191787e-05
123299.99999266583,3948.922369203126,5779.794015653737,-0.037219901954786437,-6.2306614688387327,4.2569681778194104,6.2425104734295956e-05
123599.99999301508,1907.42351222654,6735.1127386817207,-0.016843165783327032,-7.260502282474528,2.056217529191652,7.2244965679481985e-05
123899.99999273568,-331.83823287640638,6992.1309673574688,0.0053803593595188031,-7.537569661654163,-0.35772275443100338,7.4623483602267369e-05
124199.99999245629,-2536.6948250273495,6524.2010000773898,0.027155621302263136,-7.0331372474921867,-2.734573694644828,6.9275963956209915e-05
124499.99999249121,-4478.5454472099409,5379.8382389359413,0.046222306568492459,-5.7995052452350553,-4.8279019121738544,5.6717488449808316e-05
124799.99999252614,-5956.0580066854909,3677.6910159027962,0.060589536873819946,-3.9645777231853443,-6.4206701455703801,3.8214305478795753e-05
125099.99999287538,-6816.0433373289497,1594.238963111469,0.068743992954203761,-1.7186011460919928,-7.3477397528299013,1.5656705221931972e-05
125399.99999291031,-6969.3378237737388,-654.50452426702657,0.069809595652601003,0.70556062623023252,-7.5129920775642498,-8.6340638515883308e-06
125699.99999263091,-6400.0478332246412,-2835.3886367081996,0.063641761010515302,3.0565696730341982,-6.8992937672776025,-3.2145092389312758e-05
125999.99999266583,-5167.1975365793069,-4722.2982266033805,0.050846000125558399,5.0906725076127417,-5.5702730530542599,-5.2432441356213684e-05
126299.99999270076,-3398.6093337580269,-6119.5974323338169,0.032718536747847103,6.5969722418302528,-3.6637229580693962,-6.7375795485183229e-05
126599.99999273568,-1277.6512908228499,-6882.413310283885,0.011114800880433082,7.4192944575715201,-1.3773152244423741,-7.5400378513211229e-05
126899.99999277061,975.77446065942468,-6931.6564330521123,-0.011740761983548301,7.4723797154913365,1.0518941187135258,-7.5642805168998903e-05
127199.99999217689,3128.0312939365658,-6262.2210639179793,-0.033483959986190331,6.7507236784346896,3.3720428645475629,-6.8043446682928668e-05
127499.99999189749,4955.9717716321165,-4943.5146081045896,-0.051855489656738127,5.3291480231639392,5.3425761363064002,-5.3355587914384656e-05
127799.9999916181,6270.0737997643346,-3112.2614095986319,-0.064935594090298199,3.3550428281093883,6.7591875568235356,-3.3070326893012964e-05
128099.9999913387,6934.090460089612,-958.32701084136147,-0.07134440834318502,1.0330848284170566,7.4750019978209092,-9.2648978971500878e-06
128399.9999910593,6879.1761518337407,1294.9672934455896,-0.070387173632685873,-1.3959838053256592,7.4158035723683637,1.5610017388105669e-05
128699.99999109423,6111.0244900094403,3413.9985761116181,-0.062129156672543692,-3.6803157978635488,6.5877301809933169,3.898219371497188e-05
128999.99999081483,4709.2779508364356,5179.0644102863771,-0.047392307437761551,-5.5830703033948295,5.0766370259786715,5.8423211266655848e-05
129299.99999084976,2819.2704938283623,6407.161729487374,-0.027673690950336914,-6.9069685913068959,3.0391951556345709,7.1900121145300347e-05
129599.99999057036,636.9592780780506,6970.9606929128295,-0.0049937344021426357,-7.5147480402371727,0.68664785583828936,7.7987626265132158e-05
129899.9999909196,-1611.3923102061804,6812.0063575368704,0.018310446968258114,-7.3433937668843976,-1.7370911678996435,7.601882323340735e-05
130199.99999095453,-3692.6738183019042,5946.7793322047573,0.039825647613334993,-6.4106721519740226,-3.9807270494450937,6.615855974965777e-05
130499.99999098945,-5391.0968294215409,4464.9870112430317,0.057312430227545182,-4.8132887187011049,-5.8116383916856602,4.9391141773340194e-05
130799.99999102438,-6530.5680255861071,2520.2625628998826,0.068938391339178451,-2.7168613740510827,-7.0399956393444931,2.742283292000848e-05
131099.99999074498,-6992.9465617512506,314.23608718988135,0.073470457977235823,-0.33874881260815615,-7.5384425142565243,2.508507492210117e-06
131399.99999109423,-6730.2928606711148,-1924.3705067391384,0.07040590312320813,2.0744853678572999,-7.2553000475510778,-2.2780022540934406e-05
131699.99999144347,-5769.8389372754436,-3963.4573987670274,0.060028040568920568,4.2726362212517754,-6.2199244492230257,-4.582007338201101e-05
131999.99999179272,-4211.1650020139496,-5591.6109765044685,0.043380389775695569,6.0277984781675382,-4.539663515479007,-6.421076099288829e-05
132299.99999182764,-2215.8750496795392,-6640.0232520101581,0.022161639712440232,7.157995700119435,-2.3887270880300093,-7.602366452980949e-05
132599.99999186257,9.1582051299193754,-6999.9940187206976,-0.0014479412740684876,7.5460478343756048,0.0098747565063458127,-8.0005145180587798e-05
132899.99999221181,2233.2419582359985,-6634.2010759205696,-0.025010800362618844,7.1517208631211373,2.4074533860432119,-7.5709069479906952e-05
133199.99999256106,4225.7817212284499,-5580.5699384974878,-0.046083925017024477,6.0158986126025784,4.5554259559379773,-6.3545992839694575e-05
133499.99999259599,5780.1896194046312,-3948.3417375482804,-0.062472124806861519,4.256343965484402,6.2310889688724655,-4.4743586892169291e-05
133799.99999200227,6735.3036341194957,-1906.7469804773825,-0.072456514946176692,2.0554889423770151,7.260708540155786,-2.12223175741076e-05
134099.99999203719,6992.0969923139965,332.54046446126802,-0.074974485712225342,-0.35848023273249724,7.5375332246208036,4.6008635273825402e-06
134399.9999917578,6523.945270094684,2537.349876897521,-0.06973242284265084,-2.7352817237283817,7.0328618787353454,3.0060665304729331e-05
134699.9999914784,5379.3867820196974,4479.0852962342406,-0.057239340522711887,-4.8284873969782049,5.7990192467861359,5.2518016680093356e-05
134999.99999182764,3677.0900750017981,5956.4264526188144,-0.038757684820992448,-6.4210724814099516,3.9639308790583967,6.9632947021263397e-05
135299.99999186257,1593.5503388557033,6816.2017439843594,-0.016176041763384306,-7.3479167550078541,1.7178598765986113,7.9607847614088399e-05
135599.99999158317,-655.20972178800264,6969.2692023785021,0.0081835041111171791,-7.5129244365359158,-0.7063196211587679,8.1376075555244693e-05
135899.9999916181,-2836.0372860673619,6399.7588056941468,0.031803848612594145,-6.8989875962510823,-3.0572670455227606,7.4716211265738757e-05
136199.9999913387,-4722.8228870168841,5166.7178749149789,0.052232823916373017,-5.5697599276075254,-5.0912347321722775,6.0279619759390031e-05
136499.9999910593,-6119.9436220048119,3397.9889329329417,0.067337848864998578,-3.6630568878317002,-6.5973399902153753,3.9527682003793076e-05
136799.99999140855,-6882.5453958014832,1276.9548224276143,0.075528793868519309,-1.3765666223203088,-7.4194294502284306,1.4584385325797616e-05
137099.9999917578,-6931.5613610411683,-976.47454721115321,0.075925656915552031,1.0526465656878203,-7.472268825557463,-1.1981056535964989e-05
137399.99999210704,-6261.9095198581754,-3128.6625294698383,0.068453236027809547,3.3727210238653687,-6.7503797493439865,-3.7419278639969546e-05
137699.99999182764,-4943.0196072826211,-4956.4691868432255,0.053852526463030015,5.3431105390224243,-5.328607697677338,-5.9085973900508681e-05
137999.99999186257,-3111.634656491352,-6270.3864707210896,0.033607264942218412,6.7595240105390504,-3.3543621989083938,-7.4717371666522086e-05
138299.99999158317,-957.63355394494545,-6934.1865052220237,0.0097929425800093693,7.4751064364767403,-1.0323337334074805,-8.2667063631075452e-05
138599.99999193242,1295.6556307213054,-6879.0458818851639,-0.015136250658676362,7.4156652184815179,1.3967284451027981,-8.2079306554811536e-05
138899.99999165302,3414.6104093040435,-6110.6814420282681,-0.038600568466568938,6.5873628616898854,3.6809773446906191,-7.2980605166296384e-05
139199.99999200227,5179.5361200600528,-4708.7576299869916,-0.058161746356995225,5.0760782387542802,5.5835802051647123,-5.6279934457683624e-05
139499.99999140855,6407.4440779683573,-2818.6268360975037,-0.071776265289793612,3.0385025460836843,6.9072737325735023,-3.3677478406802471e-05
139799.99999144347,6971.0240365695445,-636.25906480200058,-0.078008572126268841,0.68589317393451688,7.5148166214087997,-7.4912414746845659e-06
140099.9999914784,6811.8437407463871,1612.076402887031,-0.076182098450985142,-1.7378297695721248,7.3432186624375158,1.9580649597927263e-05
140399.99999182764,5946.4071690934779,3693.2707827489389,-0.066452309410310939,-3.9813732724442064,6.4102714090489918,4.4737562783377276e-05
140699.99999123393,4464.4433601172295,5391.544602683116,-0.049794006483315029,-5.8121254687956396,4.812703448285113,6.5365456457412892e-05
140999.99999158317,2519.6032383659776,6530.8198462071296,-0.027903888080431313,-7.0402728844557796,2.716151577654184,7.9307857363577775e-05
141299.9999916181,313.52904782699449,6992.9757987649691,-0.0030280564118149726,-7.5384804093347109,0.33798764861357822,8.5090907535149122e-05
141599.9999913387,-1925.0520683591208,6730.0959327989749,0.02226811266718054,-7.2550936606073204,-2.0752186891619675,8.2079182411146339e-05
141899.9999910593,-3964.0426879216266,5769.4359184465966,0.04536429994597254,-6.219494622223646,-4.2732646402277066,7.0545798261415217e-05
142199.99999046559,-5592.0391460974251,4210.5976910517684,0.063856640440159457,-4.5390551978113303,-6.0282556257305639,5.164887666403463e-05
142499.99999018619,-6640.2499974387811,2215.2025670777266,0.075808093258124973,-2.3880045509051078,-7.1582335768674623,2.7315977139720583e-05
142799.99998959247,-6999.9963156733384,-9.8658068828446801,0.079951626444590487,0.01063529383846705,-7.5460422243940322,4.7742047703498877e-08
143099.99998994172,-6633.9794710304704,-2233.9112579321909,0.075824772178875885,2.4081724843395098,-7.1514735876526609,-2.7339328497708775e-05
143399.99998997664,-5580.1482105710938,-4226.3436586844555,0.063821145630676646,4.5560295220029872,-6.0154365570778827,-5.2004378557656751e-05
143699.99999001157,-3947.7641539451183,-5780.5865442080194,0.04515315311314938,6.2315155820274999,-4.2557155427197424,-7.137754488616061e-05
143999.99999004649,-1906.0736094594895,-6735.4950120160966,0.021729410035007592,7.2609150507674221,-2.0547588706022633,-8.3428183233659922e-05
144299.99999071006,333.23985274030213,-6992.0633739287068,-0.0040406608874028463,7.5374986213662654,0.35923720925954428,-8.687781475298123e-05
144599.99999074498,2538.0028160654861,-6523.6902567780653,-0.029494936143591475,7.0325894202651105,2.7359879192855723,-8.1335439644789466e-05
144899.99999109423,4479.6239845441369,-5378.9367643075138,-0.051993755535036323,5.79853654802187,4.8290698581127307,-6.7341004920606882e-05
145199.99999112915,5956.794752027733,-3676.4916656084897,-0.069193645358511663,3.9632875384017208,6.4214706313322321,-4.6312402460856775e-05
145499.9999914784,6816.3611063135859,-1592.86560040322,-0.079291223253381934,1.7171224573454467,7.348089069389105,-2.0401396585147002e-05
145799.99999182764,6969.202720604535,655.90972551794709,-0.081211964586634489,-0.70707469941723677,7.5128529694105772,7.7267074220462523e-06
146099.99999154825,6399.4729605781149,2836.6798890739537,-0.074724180294116996,-3.0579616722412322,6.8986797308786372,3.516701324459025e-05
146399.99999095453,5166.2418141599246,4723.3413459018839,-0.060466233507877262,-5.0917971801151216,5.5692473165037528,5.9074498905542913e-05
146699.99999130378,3397.3714602543491,6120.2839333335041,-0.039883916420034603,-6.5977119919795966,3.6623920768813716,7.695831781160569e-05
146999.99999165302,1276.2594793026797,6882.6718269231342,-0.015084113335316169,-7.4195719180966586,1.3758179426868826,8.6940767209480778e-05
147299.99999137362,-977.17591438453803,6931.4602462586836,0.011380527010533914,-7.4721660284934295,-1.053401558408734,8.7954246460396435e-05
147599.99999140855,-3129.2971714549194,6261.5908844128717,0.036774040144457634,-6.7500415127346889,-3.3734033272655739,7.9855640001612606e-05
147899.9999917578,-4956.9711261158054,4942.516331383511,0.058459861338196493,-5.3280690214246764,-5.3436481956429924,6.3445755282652582e-05
148199.99999210704,-6270.703607906903,3110.9991162657675,0.07417465608556302,-3.3536798258695284,-6.7598603113647773,4.0391024475156358e-05
148499.99999182764,-6934.2862617636811,956.93199769395846,0.082264789176007866,-1.0315797772792279,-7.4752064788061778,1.3054775924888911e-05
148799.99999123393,-6878.918593090315,-1296.3502494638453,0.081860612608797456,1.397474816755921,-7.4155195923894395,-1.5745032052283116e-05
149099.99999095453,-6110.3411397477257,-3415.2262384844857,0.072970070382552085,3.6816387552730832,-6.5869880217294643,-4.3026747316711048e-05
149399.99999130378,-4708.2402810658987,-5180.0098266253399,0.056481460907463192,5.5840890139565369,-5.0755139534479641,-6.5954378959412569e-05
149699.99999102438,-2817.9864163260204,-6407.7272018941403,0.034074677978900292,6.9075784073074979,-3.0378072803797074,-8.2132998950351142e-05
149999.99999137362,-635.56200186678973,-6971.0877353070482,0.0080498420914785034,7.5148863233764684,-0.68513820458436681,-8.9859201646470498e-05
150299.99999109423,1612.7579128545426,-6811.6816412753215,-0.018909096231902206,7.3430461264177271,1.738567116163072,-8.830033586782611e-05
150599.9999917578,3693.866058980444,-5946.0360773140892,-0.0440113769727851,6.4098739477658668,3.9820170760345452,-7.7583699341103479e-05
150899.99999116408,5391.9917125680595,-4463.9016803638151,-0.064648401221160029,4.8121216819716812,5.812608950709949,-5.8786301971398972e-05
151199.99999088468,6531.0720863743527,-2518.9471222861162,-0.078664706481211599,2.7154455565027908,7.0405456370128734,-3.382615886448252e-05
151499.99999123393,6993.0066359572911,-312.82657497755196,-0.084582833991143302,0.33723053369452105,7.5385139804866537,-5.266280160483992e-06
151799.99999126885,6729.9017728349327,1925.7279822177297,-0.08175872087496891,-2.0759484860248754,7.2548845449333799,2.3948479811590963e-05
152099.99999130378,5769.0364425545495,3964.6218623065506,-0.070451390167321409,-4.2738917081726928,6.2190643773074941,5.0794681054868624e-05
152399.99999071006,4210.0337929186744,5592.4613459939774,-0.051799508714965498,-6.0287151457818853,4.5384479831362574,7.2482561740982629e-05
152699.9999910593,2214.5321795841473,6640.4710948128186,-0.027706929927046157,-7.1584776666380376,2.3872826692115745,8.6745301925807256e-05
152999.99999077991,-10.573544402880701,6999.9928620100554,-0.00064867549098742523,-7.5460447761996043,-0.011397359729442764,9.2075568990201406e-05
153299.99999050051,-2234.5830467016804,6633.7512974390647,0.026582991055265088,-7.1512333701467856,-2.4088953462334719,8.7884843859691326e-05
153599.99999053543,-4226.9097108012202,5579.7186698070736,0.051166487170269941,-6.0149780112989264,-4.5566371716661918,7.4568673705772926e-05
153899.99998994172,-5780.9880246513212,3947.1778352214005,0.070543242431319014,-4.2550866977255417,-6.2319438441984696,5.3470419068571634e-05
154199.99999029096,-6735.6904266553665,1905.3916160820788,0.0826841635022149,-2.0540261654552578,-7.261119030297972,2.6746428879483618e-05
154499.99999001157,-6992.0329864092018,-333.94649121296266,0.086302399290584794,0.35999653838947865,-7.5374577258525051,-2.8541045567603678e-06
154799.99998941785,-6523.4380227078254,-2538.6608202415064,0.080989965964742061,2.7366946707122124,-7.0323091788372398,-3.2272214812694466e-05
155099.99998913845,-5378.4896228916405,-4480.1655099594318,0.067263609807496905,4.8296513314471161,-5.7980472202412052,-5.8455870691171135e-05
155399.9999894877,-3675.8964721290204,-5957.1642892520222,0.046514723486155603,6.4218677464144873,-3.9626402528711693,-7.8677275000341976e-05
155699.9999892083,-1592.1842157585268,-6816.5209421864183,0.020868166676302573,7.3482616888310437,-1.7163837989113102,-9.0817506643187833e-05
155999.99998955755,656.60672417549358,-6969.1366447722285,-0.0070356065365535262,7.5127835113820804,0.70782913634568256,-9.358864568405028e-05
156299.99998927815,2837.3202814840256,-6399.1879046319846,-0.034312663100917545,6.8983749916068096,3.0586544389114265,-8.6670076538624012e-05
156599.99998899875,4723.8586057758503,-5165.7672658944457,-0.058133809213945016,5.5687382324634065,5.0923566502074049,-7.0744654551783785e-05
156899.99998903368,6120.6241265651688,-3396.7565700692803,-0.076018018019365974,3.661730993781541,6.5980799293230987,-4.7430868751468853e-05
157199.99998938292,6882.7993026784679,-1275.5680270564364,-0.086090641504395368,1.3750732915291872,7.4197099096223385,-1.9117939082671949e-05
157499.99998941785,6931.3613953294462,977.87215743418187,-0.087279599963876686,-1.0541525900379294,7.4720596815058533,1.1279180518461952e-05
157799.99998976709,6261.2755380087237,3129.9259217258077,-0.079429124699993955,-3.37408304090056,6.7497018145565866,4.0619693327925032e-05
158099.9999894877,4942.0167000098345,4957.467053659524,-0.063319103083572165,-5.3441863750150898,5.3275309140312421,6.5860948893802586e-05
158399.99998983694,3110.3664631383672,6271.0150278040419,-0.040587761615578193,-6.7602011572679261,3.3529985097963175,8.4373303376490677e-05
158699.99999018619,956.23145692729406,6934.3804317765307,-0.013565336663638537,-7.4753140964760485,1.0308253371669793,9.4213541811373505e-05
158999.99999022111,-1297.0462625681239,6878.7851998081842,0.014964467798727867,-7.4153818655795023,-1.3982241499467269,9.4328676137349839e-05
159299.99999025604,-3415.8455012804061,6109.9935869657465,0.042050952865409684,-6.5866184658079456,-3.6823044947996544,8.4668834688571824e-05
159599.99999029096,-5180.4879543186726,4707.7144971378393,0.064881473726838765,-5.0749509286231724,-5.5846009162927963,6.6197021818563168e-05
159899.99999064021,-6408.0146068931354,2817.3371349599047,0.081073587876149836,-3.0371101251963877,-6.9078825271017692,4.0793960850154115e-05
160199.99999067513,-6971.1549662143652,634.85689880698351,0.088923918545555258,-0.68438056562205241,-7.5149512126373503,1.1067082932364443e-05
160499.99999039574,-6811.5224372940402,-1613.4455597874182,0.087587623989502678,1.739305789714974,-7.3428661028584941,-1.9917123404245792e-05
160799.99999043066,-5945.6677791777147,-3694.4651563817911,0.077169431658999005,3.9826603156535101,-6.409469028657492,-4.894988945735664e-05
161099.99999077991,-4463.3631162076972,-5392.4407045206881,0.058716346847195323,5.8130910901521391,-4.8115346588946641,-7.3013131777046889e-05
161399.99999112915,-2518.2944253286623,-6531.325068917663,0.034112402952023044,7.040817896426935,-2.7147371440653396,-8.9593781125450571e-05
161699.99999116408,-312.1274183845166,-6993.0378626329293,0.0058860797614494892,7.5385488060183068,-0.33647330814384407,-9.6946522864764306e-05
161999.99999151332,1926.4011968919842,-6729.7082002112284,-0.023049824995349109,7.2546781990205291,2.0766769676308923,-9.4277390758846361e-05
162299.99999123393,3965.1992921429996,-5768.6381134252269,-0.049699000511378301,6.2186376282568574,4.2745163848015419,-8.1828951928686054e-05
162599.99999064021,5592.8828889280703,-4209.471923854785,-0.071291961725849243,4.537844484644654,6.0291711679665605,-6.0858105530745986e-05
162899.99999036081,6640.6926789054078,-2213.8650185895635,-0.085573754632559562,2.3865647495170572,7.1587174413997943,-3.350869724140632e-05
163199.99999008141,6999.9911198492855,11.276760154702634,-0.09103917869666657,-0.012155280134386902,7.5460432605769752,-2.5920534542448104e-06
163499.9999894877,6633.5260082860277,2235.2493103515985,-0.087091080396648979,-2.4096147567404897,7.150990691786502,2.8701968940785783e-05
163799.99998952262,5579.2927425658791,4227.4698291951727,-0.074105187046144272,-4.5572437209718455,6.0145191954665362,5.7133706538046463e-05
164099.99998924322,3946.5949089258461,5781.3837255677572,-0.053394552244682758,-6.2323748060227846,4.2544588564800252,7.974844027611191e-05
164399.99998927815,1904.7116260906,6735.8803095051444,-0.02707698504566872,-7.2613294282664818,2.0532937803767206,9.4182829341481165e-05
164699.99998931307,-334.65338271557471,6991.9968437600974,0.0021412035251391522,-7.5374249296405349,-0.36075782876867962,9.8911520059251159e-05
164999.99998903368,-2539.3213818058057,6523.1790967006564,0.031243172591200834,-7.0320356613106121,-2.7374054892871378,9.3408374091076419e-05
165299.99998875428,-4480.7111005269235,5378.0344973962028,0.057212829900051144,-5.7975609728289434,-4.8302368778385887,7.8205256601892716e-05
165599.99998910353,-5957.5382200223594,3675.2924269516297,0.077347397263070244,-3.9619922745996963,-6.4222661898848301,5.4841619496814367e-05
165899.99998882413,-6816.6846178733513,1591.4942112005258,0.089538880345585298,-1.7156425548062297,-7.3484313362097238,2.570928796522978e-05
166199.99998854473,-6969.073664693904,-657.31085457323343,0.092495048426518151,0.70858558621669188,-7.5127074418223518,-6.1921739545253713e-06
166499.99998826534,-6398.9056162194383,-2837.9655662766736,0.085876627176443385,3.05934731170009,-6.8980624161165114,-3.7564568108634017e-05
166799.99998767162,-5165.2957011449589,-4724.3785602002881,0.0703360261354158,5.0929147899106626,-5.5682227048081572,-6.5152644865674751e-05
167099.9999870779,-3396.1450807237752,-6120.9654859880366,0.047453158673796403,6.5984467011988963,-3.6610662573740083,-8.6082527120877783e-05
167399.9999867985,-1274.880120747285,-6882.9272636166434,0.019574671803742699,7.419848278238466,-1.3743276436758465,-9.8161536778692429e-05
167699.99998651911,978.56524319477205,-6931.2630175714939,-0.010426975041843053,7.47195552690052,1.0549028570610075,-0.00010010798929026911
167999.99998686835,3130.552366371433,-6260.9610694434841,-0.039449738621893576,6.7493654588482217,3.3747608765083981,-9.1686857416960297e-05
168299.9999872176,4957.9617586632685,-4941.5186568338313,-0.064482881485910151,5.3269965458985995,5.3447216435185956,-7.3737055756987585e-05
168599.99998725252,6271.3263718338567,-3109.7364316844782,-0.082919275925125796,3.352321115789342,6.7605380825568382,-4.808740064321766e-05
168899.99998760177,6934.475739346155,-955.53479525541763,-0.092826734771515096,1.0300750667156717,7.4754174631163162,-1.7369863497584297e-05
169199.99998763669,6878.6541883864302,1297.7372309453733,-0.093150197819519345,-1.3989695091588248,7.4152408659345621,1.5250644119613835e-05
169499.99998767162,6109.6494176859796,3416.4590278261621,-0.083823724970630661,-3.682967820768841,6.5862476686983609,4.6402138201393716e-05
169799.99998739222,4707.192368497771,5180.9602720526,-0.065780523270761601,-5.5851136638389116,5.0743884851379804,7.2853589077197668e-05
170099.99998774147,2816.6906585492457,6408.2964575617807,-0.040859708342627622,-6.9081914815945771,3.0364137726942255,9.184938264644889e-05
170399.99998746207,634.15267694235285,6971.2166647612858,-0.011619101537297278,-7.515023746709983,0.68362201033561587,0.00010139586587434166
170699.99998718267,-1614.134699775163,6811.3570544623062,0.018926970642693164,-7.342693754192493,-1.7400478107375201,0.00010047041915639868
170999.99998690328,-3695.0676871945179,5945.2920733838346,0.047618131155807944,-6.409068980987521,-3.9833080173075914,8.9131213776095483e-05
171299.9999869382,-5392.8939885073578,4462.8159778452246,0.071474812519240857,-4.8109485401176659,-5.8135761156008936,6.8515752878470115e-05
171599.99998634448,-6531.582128756706,2517.632837857263,0.088007772898594669,-2.7140267674684724,-7.04108917466547,4.0727573893486564e-05
171899.99998669373,-6993.0724465848407,311.4203173686526,0.095478075963110934,-0.33571366559559451,-7.5385784211670979,8.6220646773213208e-06
172199.99998672865,-6729.5174613014669,-1927.0803593576977,0.093080266904325415,2.077406311477243,-7.2544642010241276,-2.4486974335761069e-05
172499.9999870779,-5768.2426524135399,-3965.7803582970237,0.081029319853489545,4.2751400591430277,-6.2182035366035056,-5.5169824747318813e-05
172799.9999867985,-4208.9133542592808,-5593.3061915009866,0.060541891831432201,6.0296255952123357,-4.5372360274018293,-8.0236786561740472e-05
173099.99998683343,-2213.2015019998698,-6640.9149775908736,0.03371344253921138,7.1589567032243124,-2.3858447527179782,-9.7070347009600244e-05
173399.99998655403,11.976459962203961,-6999.9898203827797,0.0033036800627764765,7.546043145073531,0.012913102564280163,-0.0001038987785112812
173699.99998690328,2235.9127419366573,-6633.3013997647167,-0.027547599921919085,7.1507509938609344,2.4103327793439582,-9.9982483893209362e-05
173999.9999869382,4228.0281423281031,-5578.8680576778297,-0.055644913784123902,6.0140640930293099,4.5578479065202009,-8.5693541481822252e-05
174299.99998697313,5781.7787727491714,-3946.0140895132795,-0.078068135910227071,4.2538349471782251,6.2328023691869943,-6.2480058345188433e-05
174599.99998637941,6736.070746508145,-1904.0348911512724,-0.092475871613833915,2.052565537001013,7.2615356971673499,-3.2718928344389467e-05
174899.99998672865,6991.9625212225446,335.35579804375448,-0.097349679467141556,-0.36151489880342258,7.5373883281683387,5.2784192427560958e-07
175199.9999870779,6522.9231621174695,2539.976542778531,-0.092153759552090139,-2.738112952923355,7.0317599443821202,3.3828130779354131e-05
175499.99998711282,5377.5830335660348,4481.2509459017992,-0.077393429853012355,-4.830821598421605,5.7970745750839763,6.3733610021318203e-05
175799.99998683343,3674.6917340025484,5957.9065548194458,-0.054566118303409232,-6.4226676562882741,3.9613451710260112,8.7136201236576814e-05
176099.99998749699,1590.8060751255177,6816.8428714134789,-0.026009637779342419,-7.3486075895963303,1.7149012445348288,0.00010159047719492012
176399.99998784624,-658.01539029350192,6969.0049057791666,0.0053369339774912523,-7.5126393710218586,-0.7093444602921668,0.00010556883568287379
176699.99998850981,-2838.6134867392134,6398.6164926858501,0.036235429571860066,-6.8977561973171184,-3.0600445466948485,9.8622990870469055e-05
176999.99998885905,-4724.9025318407139,5164.8159664030218,0.063482891267379604,-5.5677098157452427,-5.0934769721294035,8.1434687168727824e-05
177299.9999892083,-6121.3110862303893,3395.5245990494855,0.084243578761171847,-3.6604005500325405,-6.5988144796048074,5.5749706272812123e-05
177599.99998955755,-6883.0588764705235,1274.183564505694,0.096344276993596129,-1.3735794464159234,-7.4199832502069984,2.4201196796128128e-05
177899.99998959247,-6931.1676028606489,-979.26538947431209,0.098502068352232505,1.0556548312358767,-7.4718444659529029,-9.9600599899011128e-06
178199.99998962739,-6260.6493475725592,-3131.1835805369874,0.090460566161831263,3.3754384174172567,-6.7490212299239944,-4.3200882090798753e-05
178499.99998966232,-4941.0236883742291,-4958.4590559920625,0.073020031439542318,5.3452552865960481,-5.3264559211625508,-7.2071703246009218e-05
178799.99998938292,-3109.1099494486784,-6271.6388510747465,0.047957828052612443,6.7608737592253432,-3.3516403274490121,-9.3565198006276078e-05
179099.99998973217,-954.84181889365357,-6934.5715718162328,0.017847131278464733,7.4755213048008047,-1.0293239829867227,-0.00010542998100137006
179399.99998945277,1298.4249474793373,-6878.5237261839347,-0.01420753715819623,7.4151022379544278,1.3997140474726573,-0.00010640650711939789
179699.99998917338,3417.0702086244323,-6109.3062034651957,-0.044890659343005068,6.5858803996394943,3.6836293136221623,-9.6360442928128181e-05
179999.99998889398,5181.4313750417487,-4706.6718867021336,-0.071018803061930688,5.0738299558829185,5.585623604792195,-7.6299498589675076e-05
180299.99998924322,6408.5782914744868,-2816.0468188355198,-0.089870884390002778,3.0357214920917039,6.9084966834690666,-4.827185971281671e-05
180599.99998959247,6971.279598346453,-633.45227394178971,-0.099471356398962513,0.68286769379090029,7.5150922682080639,-1.5156655907086977e-05
180899.99998994172,6811.1941502976888,1614.8189417680994,-0.098796920537314384,-1.7407859394451519,7.3425183930555553,1.9631933466264052e-05
181199.99998997664,5944.9197938294319,3695.6647005065183,-0.087885237910632213,-3.9839535696147204,6.4086678560111201,5.2496454686293811e-05
181499.99999001157,4462.2724361965384,5393.3417010195844,-0.067834206019071253,-5.81406235847194,4.8103629329151838,8.0027653859346425e-05
181799.99998973217,2516.973878606615,6531.8338141774384,-0.040691614938280128,-7.0413655914270432,2.7133168297432304,9.9357486876262686e-05
182099.99999008141,310.71386400772127,6993.1015385400187,-0.0092462582834350309,-7.5386157207614914,0.33495256879117191,0.00010845738386148746
182399.99999043066,-1927.7612166714366,6729.3204237091259,0.023258280349401628,-7.2542575895465653,-2.0781394855556599,0.00010635098324519926
182699.99999046559,-3966.3649323962381,5767.839561151397,0.053457926265076318,-6.2177738299427556,-4.2757683874274299,9.3219105461357708e-05
182999.99999018619,-5593.7337198274126,4208.3459791599498,0.07821616603622579,-4.5366280317894914,-6.0300827517063569,7.0385554584569292e-05
183299.99999053543,-6641.1411934987327,2212.5289422670148,0.094949896946537535,-2.3851226066896043,-7.1591946035277321,4.0184449679165439e-05
183599.99999025604,-6999.9917115254129,-12.68413517920038,0.10189917890601345,0.013673204666547182,-7.5460374468648297,5.7220580012021303e-06
183899.99999060528,-6633.079534671805,-2236.582063444584,0.098312604993961106,2.4110513306590242,-7.1505034746799687,-2.9442738784289123e-05
184199.99999095453,-5578.4462563768038,-4228.5900155787658,0.084528636818465092,4.5584507696206433,-6.0136017230410204,-6.1666426316280579e-05
184499.99999098945,-3945.4366608359587,-5782.1755471805391,0.061944025977803421,6.2332281868222044,-4.2532062897795599,-8.7599023879020464e-05
184799.9999913387,-1903.3619025872945,-6736.2619297863348,0.03287221599581721,7.2617414968245031,-2.0518353992022091,-0.00010453291561926768
185099.9999910593,336.05461743470659,-6991.9287117400254,0.00030613138935942243,7.5373532807754779,0.36227179511401275,-0.00011068581660619022
185399.99999140855,2540.6288302832277,-6522.6679869823784,-0.032390224700551633,7.0314873854534223,2.7388190581906504,-0.00010538822168072179
185699.9999917578,4481.7889945136958,-5377.1328699736696,-0.061829477513178827,5.7965920480632436,4.8314040597539964,-8.9155676249529637e-05
185999.99999210704,5958.2742930907825,-3674.0931584836235,-0.084951879272986378,3.9607021238300746,6.4230658851513986,-6.3638232762356592e-05
186299.99999214197,6817.0017663641202,-1590.1211559539961,-0.099343206647864002,1.7141641645207351,7.3487799279618278,-3.1452234732671082e-05
186599.99999186257,6968.938067948965,658.71554836824339,-0.10348656956300176,-0.71009911780471491,7.5125677560451418,4.0882326849105262e-06
186899.99999189749,6398.3304405825975,2839.256171113524,-0.09692195775688929,-3.0607385883164717,6.8974480137849401,3.9312537204711215e-05
187199.99999193242,5164.3399046739878,4725.4209662879648,-0.080296858532928117,-5.0940386400260103,5.5671968511853693,7.0572205331448379e-05
187499.9999913387,3394.9073864947568,6121.6512783783382,-0.055302486983629828,-6.5991856120327999,3.6597355331883477,9.4618202127841341e-05
187799.99999168795,1273.4887254165092,6883.1851594710661,-0.024501925804092176,-7.4201249867595029,1.3728307752337323,0.00010893801486792019
188099.99999203719,-979.966087278543,6931.0663666205173,0.008932412087944366,-7.4717412669710965,-1.0564096777042296,0.00011201783444712963
188399.9999917578,-3131.8174910009625,6260.3306376002311,0.041545224359186568,-6.7486829709446674,-3.3761205772891127,0.00010350264280947507
188699.9999914784,-4958.9602964507003,4940.5203732825157,0.069955207655457569,-5.3259175094799716,-5.3457928932048624,8.4237248590462085e-05
188999.99999088468,-6271.9553907533254,3108.474374021333,0.091205624430584067,-3.3509583528736941,-6.7612100821044141,5.6183344403078214e-05
189299.99999060528,-6934.6708577317058,954.14023064726996,0.10307220692921312,-1.0285704831542335,-7.4756213233390891,2.2220380012971571e-05
189599.99999095453,-6878.3961116407618,-1299.119583725578,0.1042962498320549,1.4004598962261319,-7.4149564511147865,-1.4149793159347574e-05
189899.99999130378,-6108.9657513415232,-3417.6859909755972,0.094718335179685531,3.6842900588153409,-6.5855052857595195,-4.9164268548051173e-05
190199.9999913387,-4706.1546067549989,-5181.9049545994021,0.075298373698573659,5.5861316149024587,-5.0732654138887563,-7.9188990694578743e-05
190499.9999910593,-2815.4067177089678,-6408.8612295309285,0.048019466624929952,6.9088005559012506,-3.0350261264947456,-0.00010109656180009293
190799.99999172287,-632.75574506200235,-6971.34310858558,0.015685229670594849,7.515161369311147,-0.68211279884058895,-0.00011259242397293953
191099.9999917578,1615.4997872900178,-6811.0318988529498,-0.018368625310998053,7.3423455970382916,1.7415231403919278,-0.00011245525129188822
191399.9999914784,3696.2592819072447,-5944.5485898543229,-0.050618673590190601,6.4082704716146548,3.9845972858831176,-0.00010066635743217551
191699.99999182764,5393.7881747906613,-4461.7306524480546,-0.077718476287025426,4.8097814517974422,5.8145458665123995,-7.84145203114584e-05
191999.99999154825,6532.0855195065778,-2516.3176382150773,-0.096845796273042781,2.7126111670775139,7.0416384038992925,-4.7975609629161795e-05
192299.99999189749,6993.1319546291879,-310.0112621415787,-0.10599631687817139,0.33419585917722727,7.5386492440234054,-1.2479403568946867e-05
192599.99999224674,6729.1259804155106,1928.4372154527246,-0.10419336212820002,-2.0788687560929677,7.2540482508203272,2.4412349430815151e-05
192899.99999196734,5767.4399908216956,3966.9441008609092,-0.091591782185784898,-4.2763947354770719,6.2173432636028698,5.888344118426734e-05
193199.99999168795,4207.7822264879051,5594.1558232871021,-0.069465066529059663,-6.030541408868169,4.5360205604228634,8.7357431104609297e-05
193499.99999172287,2211.8589661519322,6641.3621426084965,-0.040076759582247545,-7.1594378642178507,2.3844006706497773,0.00010686806152725964
193799.99999144347,-13.391244356788174,6999.9881237551144,-0.0064491472112284814,-7.5460394293362096,-0.014435133075111727,0.00011536776582023818
194099.99999116408,-2237.2531111864964,6632.8512807391335,0.02794723623131486,-7.1502630728488654,-2.41177399653083,0.00011194241126896751
194399.999991199,-4229.1553243357484,5578.016686332242,0.05955151453381214,-6.0131433417805704,-4.5590582991957014,9.6909827779254515e-05
194699.9999909196,-5782.5763683284331,3944.8503308999921,0.085081000665095663,-4.2525778125387852,-6.2336564407207353,7.1791375232029914e-05
194999.99999095453,-6736.456807094909,1902.6799013297066,0.10187226215261927,-2.0511031482182052,-7.2619454882804364,3.9158730522550817e-05
195299.99999130378,-6991.8979306534484,-336.76126559057724,0.10815924010631973,0.36303062176097128,-7.5373123019836878,2.3710080621080586e-06
195599.9999913387,-6522.4155260242915,-2541.2867995563438,0.10325926660214567,2.7395251876387654,-7.0312069288908248,-3.477107678492399e-05
195899.99999168795,-5376.6857093444851,-4482.3304143149107,0.087647260396922846,4.8319847587016218,-5.7961024635635345,-6.8418343144726387e-05
196199.99999140855,-3673.4982002981287,-5958.6436559384583,0.062909965993445449,6.4234621463119499,-3.9600546967654799,-9.5072696993954726e-05
196499.99999081483,-1589.4402515627939,-6817.1614130186435,0.031584606750674364,7.3489518101237907,-1.7134255535355141,-0.00011195136185270646
196799.99999116408,659.41189156841847,-6968.8718395979349,-0.0031015881117769212,7.5124978649544696,0.71085337882800981,-0.0001172776606263203
197099.999991199,2839.8958321714222,-6398.0452880939101,-0.037564142215887705,6.897143212970251,3.0614311859312027,-0.0001104678878804735
197399.99999154825,4725.9375244333451,-5163.8652933315661,-0.068231962077610481,5.5666879937515166,5.0945980586900044,-9.2194673825747849e-05
197699.99999158317,6121.9908662393918,-3394.2924250697524,-0.09191744074239129,3.6590748105270694,6.599553600118707,-6.4320127744640652e-05
197999.99999130378,6883.3121455239925,-1272.7971914822422,-0.10614765972479288,1.3720865391742445,7.4202630000655674,-2.970559538434584e-05
198299.9999913387,6930.967160674998,980.66239451424974,-0.10942231677824998,-1.0571602136250795,7.4716347994225432,8.0823456235108173e-06
198599.9999910593,6260.0151071300652,3132.4462455716171,-0.10137156853658984,-3.3767996370220135,6.7483430128257238,4.5139322519017274e-05
198899.99999109423,4940.0207760404219,4959.4561498705707,-0.082797295211300678,-5.3463302505957921,5.3253791266973209,7.7626179760681077e-05
199199.99999050051,3107.8420146201529,6272.266672478986,-0.055593296722840135,-6.7615500524040311,3.3502769075826877,0.00010216610221190356
199499.99999022111,953.44023244336768,6934.7648812611224,-0.022552380586456967,-7.475728228405659,1.0278161243521293,0.00011619501470921724
199799.99999025604,-1299.8148826751785,6878.2626193609312,0.012920059683183473,-7.4148183606867377,-1.4012090187046069,0.00011822916003540556
200099.99999060528,-3418.3044887807096,6108.6181624665942,0.047156717754328267,-6.5851357533550434,-3.6849556159955879,0.00010802209235030072
200399.99999032589,-5182.3823698530377,4705.6288241479497,0.076607321770632564,-5.0727026904615471,-5.5866434550573052,8.659444242664372e-05
200699.99998973217,-6409.1480321287754,2814.7574481666552,0.098206789088770008,-3.0343294084638837,-6.909104691645962,5.6132695816548758e-05
200999.99998976709,-6971.4098769158973,632.05065468739542,0.10969441278887898,-0.6813556578538047,-7.5152262363637581,1.9766682352457002e-05
201299.9999894877,-6810.8723942821516,-1616.1873946169646,0.10985075639179116,1.7422612220174338,-7.3421654305895663,-1.8751828179322434e-05
201599.99998983694,-5944.1801845988857,-3696.8582912047764,0.09862730472241979,3.9852397930444337,-6.4078653200728475,-5.5436471408391932e-05
201899.99998987187,-4461.1922295986133,-5394.2370064722945,0.077154979956802275,5.8150271393932673,-4.8091942535893377,-8.6479434629528775e-05
202199.99998959247,-2515.6653469841872,-6532.3383121273619,0.047630227299020014,7.0419098225689529,-2.7119027573500065,-0.00010864733138229954
202499.99998899875,-309.31273707707714,-6993.1630205264983,0.013090161325527054,7.5386834662335183,-0.33343881976321293,-0.00011961840392682912
202799.99998903368,1929.109669640631,-6728.932316366383,-0.022900126653210045,7.2538416784044459,2.0795969900154954,-0.00011822574759052806
203099.99998843996,3967.5207597406406,-5767.0416335852215,-0.056615799004743353,6.2169166479846112,4.2770192535101081,-0.00010458107042189464
203399.9999887892,5594.5766756639405,-4207.22035195634,-0.084557915056624092,4.5354174167743109,6.0309974155022168,-8.0065977507045278e-05
203699.99998850981,6641.5831592153891,-2211.1917894605144,-0.10381651132715414,2.3836831915384189,7.1596776838018936,-4.7191570483545064e-05
203999.99998791609,6999.9859536481654,14.094479607993895,-0.11237345613456756,-0.01519255829477948,7.546037881895395,-9.3408263595131224e-06
204299.99998826534,6632.6257252346686,2237.9193700527385,-0.10931362601092511,-2.4124928035836586,7.1500202195352189,2.9579653624598499e-05
204599.99998830026,5577.5906973285628,4229.7153740056183,-0.094922413322482441,-4.5596640753680866,6.0126842773485585,6.5542610047023589e-05
204899.99998802086,3944.2675963392262,5782.9719337434681,-0.0706592873802451,-6.2340865127036933,4.2519498059438456,9.4816309455468962e-05
205199.99998774147,1902.0003648218647,6736.6465326952757,-0.039009887556422103,-7.2621550660268035,2.050370790749219,0.0001143511329646618
205499.99998746207,-337.46749077951256,6991.8616670302445,-0.0032316228049467642,-7.5372789690788284,-0.36379171035085356,0.00012209678704411817
205799.99998749699,-2541.9465887325659,6522.1565498241389,0.032981273424096361,-7.0309332707966465,-2.7402357681945499,0.00011721736501213475
206099.99998753192,-4482.8752436849882,5376.2305932788413,0.065878923679507526,-5.7956164217410011,-4.8325701669297345,0.00010018176753939406
206399.99998756684,-5959.0169225671789,3672.8941833185454,0.092044008989579887,-3.9594071188521633,-6.4238605774327615,7.2719571362379223e-05
206699.99998728745,-6817.3245587857946,1588.7502694658838,0.10874685251291709,-1.7126847867047239,-7.349121472527111,3.7646160273714078e-05
206999.99998795101,-6968.8084813008691,-660.11599991906223,0.11423044301262482,0.71160929082394198,-7.5124217189659914,-1.4255104880570573e-06
207299.99998798594,-6397.7628013672602,-2840.5410524514427,0.10789552251056048,3.0621233879041152,-6.8968304451996651,-4.0457160471730822e-05
207599.99998802086,-5163.3937568683259,-4726.457349693319,0.090366116416392653,5.0951553688861191,-5.5661722602669128,-7.5403032297981234e-05
207899.99998774147,-3393.6812261273658,-6122.3320511052843,0.063428273608314739,6.5999194827576542,-3.6584099994412203,-0.00010262988742949511
208199.99998809071,-1272.1098173062787,-6883.4399409129019,0.029848000518118988,7.4204006224358601,-1.3713410040560996,-0.00011929528960255589
208499.99998812564,981.35477149409462,-6930.8686731770595,-0.0069129958155429178,7.4715302250599009,1.0579102433923622,-0.0001236445920058499
208799.99998816056,3133.0719157642598,-6259.7005992141394,-0.043054445159316022,6.7480066234126515,3.3774772625759506,-0.00011519552690289548
209099.99998819549,4959.9501158653266,-4939.5227401859192,-0.074830582009222643,5.3248450243143308,5.3468654409878269,-9.4791036717961754e-05
209399.99998760177,6272.5773838228633,-3107.2119919186002,-0.098938417662027142,3.3495999226556874,6.7618870170115377,-6.4514728823011951e-05
209699.99998763669,6934.8596883462287,-952.74356240253906,-0.11286095157937388,1.0270663147069889,7.4758316262826465,-2.7477623244000965e-05
209999.99998704297,6878.1312562913508,1300.5058485676655,-0.11512970088580346,-1.4019538356297381,7.4146772703086388,1.2501794753401078e-05
210299.99998676358,6108.2738282866021,3418.917960864349,-0.10547925692274661,-3.6856182430912376,6.5847647509459302,5.1291197172421491e-05
210599.99998616986,4705.1067647415884,5182.854569058165,-0.084877713397261134,-5.5871553494386417,5.0721400498680591,8.4871133798713287e-05
210899.99998620478,2814.1112999585393,6409.4297274063183,-0.055429598116519749,-6.9094127715079603,3.0336330037790362,0.00010975092400739039
211199.99998623971,631.34699617631031,6971.4714342059442,-0.020161060031162956,-7.5152980850542574,0.68059723627234281,0.00012333092892296717
211499.99998690328,-1616.8758230315573,6810.7069267584347,0.017290816115506251,-7.3419927511086343,-1.7430030203767302,0.00012417386541489791
211799.99998725252,-3697.4600707427749,5943.8044554982434,0.053052785281412024,-6.4074653161692998,-3.9858873251071656,0.00011215699888828235
212099.99998760177,-5394.689598999139,4460.6450953029907,0.083415822101929576,-4.8086084337559827,-5.8155121273216093,8.8489062435148793e-05
212399.99998732237,-6532.5947924306683,2515.0037561773543,0.10521980387337736,-2.7111927912585085,-7.0421811391889673,5.5589476310285185e-05
212699.99998672865,-6993.1971568206673,308.60562744105766,0.11618259893809578,-0.33267964814994189,-7.538713066632071,1.684160336280229e-05
212999.9999870779,-6728.7412834873303,-1929.7888221874216,0.11513920330231386,2.0803257634951544,-7.2536275344971601,-2.3755036398105682e-05
213299.99998742715,-5766.6460726788227,-3968.1017589929793,0.10216574058424124,4.2776421926179404,-6.2164823271997376,-6.1997886753177583e-05
213599.99998714775,-4206.661932140164,-5594.9998429536017,0.078575023711152922,6.031450968370863,-4.5348087980291085,-9.3916990173368225e-05
213899.99998718267,-2210.5286870262016,-6641.8052992414296,0.046783731462846319,7.1599161021630993,-2.3829632166401109,-0.00011618772432094178
214199.9999872176,14.793548795283469,-6999.9845305238878,0.010064658581123201,7.5460371685722798,0.015950187324587757,-0.00012647749263499614
214499.99998725252,2238.5820364519968,-6632.4010658786519,-0.02779048023124395,7.1497803048822117,2.4132105731980489,-0.0001236900810032756
214799.99998760177,4230.2729124657553,-5577.1660258601933,-0.062862845244539931,6.0122293167594858,4.5602681072523872,-0.00010808207863775175
215099.99998763669,5783.3662859922833,-3943.6868132683007,-0.091512291041965732,4.2513262577789623,6.234514070858836,-8.1239115792055482e-05
215399.99998704297,6736.8363993788153,-1901.323650963267,-0.11075514032939159,2.049642990357587,7.2623613955285622,-4.5914269719236157e-05
215699.99998676358,6991.8269146821049,338.16989077709604,-0.11857471939763266,-0.36454827850847077,7.5372423567271083,-5.7453026465839686e-06
215999.9999867985,6521.9003530627188,2542.601706570385,-0.11413240463726773,-2.7409426101799177,7.030657413338302,3.5120069540662036e-05
216299.99998714775,5375.7790766625458,4483.4149934753113,-0.097857199127821828,-4.8331541045217152,5.7951298228481702,7.2452215469049521e-05
216599.99998686835,3672.2936875999658,5959.3851126169047,-0.071404382110046391,-6.4242611644505674,3.9587598968720372,0.00010237683036684859
216899.9999872176,1588.0625871338752,6817.4826583439653,-0.037487255603507554,-7.349296932749211,1.7119435395946276,0.00012177637992362059
217199.9999869382,-660.81987355908586,6968.7396126442964,0.00040092461913238423,-7.5123531459274737,-0.712367946022743,0.0001286144110753331
217499.99998728745,-2841.1882161313415,6397.4736395051805,0.038346426158376086,-6.8965241123434096,-3.0628203948214772,0.0001221492116071318
217799.99998732237,-4726.9805776212297,5162.9140411833087,0.072419061153533582,-5.5656595880473088,-5.0957174331563566,0.00010301446145877107
218099.9999873573,-6122.6770023861454,3393.0607811120803,0.099079160539655875,-3.6577446931696467,-6.6002872653927867,7.3157975223955116e-05
218399.99998802086,-6883.5710371743862,1271.4132939760536,0.11554540173853936,-1.3705932878204825,-7.4205356174447372,3.5644131379157776e-05
218699.99998774147,-6930.772896988,-982.05487695048032,0.12008522004449466,1.0586616554709203,-7.4714190949053423,-5.6602724326292334e-06
218999.99998746207,-6259.3887043185787,-3133.7030517248263,0.11219736639557808,3.3781540978925211,-6.7476622213090849,-4.6484680706157136e-05
219299.99998749699,-4939.0278337630816,-4960.4472819406055,0.092667252960202132,5.3473982196861369,-5.3243042305698589,-8.2596792892035726e-05
219599.99998784624,-3106.5858367353253,-6272.8897035789123,0.063488916142203311,6.7622217831323335,-3.348919107982617,-0.00011024196253253945
219899.99998756684,-952.05117120151067,-6934.9553839673681,0.0276613270917727,7.4759347160692853,-1.0263154119088762,-0.0001265341067190915
220199.99998791609,1301.1928133205988,-6878.0007311234858,-0.011120087727992575,7.4145382381435656,1.402698084661707,-0.0001297572356215238
220499.99998763669,3419.5283325869018,-6107.930633797846,-0.048844884931289995,6.5843974759585331,3.686279492106022,-0.00011954603087784348
220799.99998767162,5183.3249137355297,-4704.5863503027904,-0.081602530290759839,5.0715818122170173,5.5876652030311611,-9.6926531810879188e-05
221099.99998802086,6409.7109166487116,-2813.4675304345351,-0.10598781185977471,3.0329411587738178,6.9097180161479663,-6.4212571578516574e-05
221399.99998805579,6971.5338624479255,-630.64665220143922,-0.11945469544432645,0.67984341748835397,7.5153666526190124,-2.4768606773664466e-05
221699.99998871936,6810.5436778402482,1617.5600004075898,-0.1205818938732315,-1.7437405681830251,7.3418173325673246,1.7336567560109727e-05
221999.99998843996,5943.4320294494573,3698.0569795334131,-0.10922253954032839,-3.9865321470689161,6.4070640397279481,5.7749462355219512e-05
222299.99998816056,4460.1016514218618,5395.1371586213681,-0.086522309565650588,-5.8159975016764056,4.8080227002989391,9.228162247037511e-05
222599.99998850981,2514.3451578629206,6532.8463080639076,-0.054803909808183893,-7.0424566904904413,2.7104828753391184,0.00011734311695762251
222899.99998854473,307.89976426650543,6993.2261128528116,-0.017329583395821229,-7.5387497125395839,0.33191874211457151,0.00013031516903388716
223199.99998889398,-1930.4689440156417,6728.5441817028577,0.02203412797792232,-7.2534206346753765,-2.0810586761932979,0.00012982350036075545
223499.9999889289,-3968.685568997932,5766.2429870574115,0.059215033841536174,-6.2160527037634514,-4.278270336372203,0.00011588400518060247
223799.99998896383,-5595.4266750925299,4206.0945946285319,0.090356384263666184,-4.5342011334302228,-6.0319080839599426,8.9905270923736218e-05
224099.99998837011,-6642.0309361232867,2209.8561674390894,0.11221693805425928,-2.3822415194261573,-7.1601540379647357,5.4547013765272882e-05
224399.99998871936,-6999.9859868898366,-15.501191952400614,0.1225085073921712,0.016709776205200068,-7.5460314596157714,1.3448330655797058e-05
224699.99998812564,-6632.1789362521376,-2239.2513035093816,0.12013573951855039,2.4139284926600793,-7.1495326608389096,-2.9146699261042263e-05
224999.99998847488,-5576.7441749465816,-4230.8346824462742,0.10531288344699577,4.5608701672610525,-6.0117667678628752,-6.8827584751305167e-05
225299.99998850981,-3943.1095953751546,-5783.7629145269957,0.079544993746015966,6.2349389653335363,-4.2506975104639961,-0.0001014746884343618
225599.99998854473,-1900.6511513039793,-6737.02743727901,0.045475120206696786,7.262566327494155,-2.0489129668901178,-0.00012368753221897802
225899.99998889398,338.86800765139844,-6991.7930226800272,0.0066130207678950798,7.5372067194415022,0.36530489377659209,-0.00013313937869165312
226199.99998830026,2543.2531710696421,-6521.6451902156896,-0.033026673772218573,7.0303846698262671,2.741648397898929,-0.00012882098478822637
226499.99998833518,4483.9522170874998,-5375.3290096483133,-0.069339436897226298,5.7946474889874482,4.8337363648128422,-0.00011114799194026938
226799.99998805579,5959.7521188014216,-3671.6952480507434,-0.098555980705648624,3.958117277435067,6.4246593615730498,-8.1920643499772282e-05
227099.99998840503,6817.6409660170175,-1587.3777951090583,-0.11763347162054409,1.7112069775287211,7.3494693308039185,-4.4139895425903142e-05
227399.99998875428,6968.6723498038509,661.51992832565259,-0.12457223594378296,-0.7131220403076266,7.5122815474250393,-1.698897814831549e-06
227699.99998910353,6397.1873448436891,2841.8307886634343,-0.11862506245975799,-3.0635137674419712,6.8962158390933155,4.1018282906600767e-05
227999.99998945277,5162.4379577579612,4727.4988666939107,-0.10037729805729069,-5.0962782880796285,5.5651464932885872,7.9589282637409028e-05
228299.9999894877,3392.4438005384277,6123.0170235644619,-0.07168926080843456,-6.600657515705354,3.6570796353799611,0.0001100107427714794
228599.99998983694,1270.7189432821688,6883.6971615573666,-0.035506678779124633,-7.4206765840918978,1.3698447505953839,0.00012911320759566482
228899.99998924322,-982.75489234713621,6930.6715639976301,0.0044415466032219249,-7.4713154335669447,-1.059416241627553,0.00013489087616870031
229199.99998896383,-3134.336199709212,6259.0699761124779,0.044027332294155438,-6.7473238858258364,-3.378836018223728,0.00012671211328675036
229499.99998931307,-4960.9477920170029,4938.5245491305423,0.079149745058356105,-5.3237660502637842,-5.3479357244422365,0.00010538867975143269
229799.999989348,-6273.2056106197788,3105.9503023888951,0.10615975587946218,-3.3482375322805082,-6.7625581272624675,7.3095963407376273e-05
230099.99999001157,-6935.0541704691859,951.34960119634604,0.12223946466715985,-1.0255623719182769,-7.4760347685759649,3.3151731999951547e-05
230399.99999036081,-6877.8727680316852,-1301.8874214160353,0.12569633416731535,1.4034433781395139,-7.4143923844107711,-1.0324382138240247e-05
230699.99999071006,-6107.5900222126083,-3420.1440496867694,0.11614159798201365,3.6869395225678785,-6.5840221955490454,-5.2835856343710188e-05
230999.9999910593,-4704.0691525097,-5183.7983767023616,0.09453391647752192,5.5881723291808143,-5.071017124509579,-8.9974803400257687e-05
231299.99999140855,-2812.8277849613919,-6409.9937175088116,0.063083327745648066,6.9100209622766657,-3.0322458082858397,-0.00011787963696142615
231599.99999081483,-629.95074219301637,-6971.5972715638372,0.025025098784991963,7.5154350019099496,-0.67908875283702086,-0.00013363710487741584
231899.99999116408,1618.2400541348479,-6810.3814146904297,-0.015713324757368884,7.3416441510324102,1.7444774289736718,-0.00013558664884096366
232199.99999088468,3698.650718475174,-5943.0609097202969,-0.054917885096061082,6.4066666812265698,3.9871755849128476,-0.00012349522883327359
232499.9999909196,5395.5828481802564,-4459.560010210319,-0.088524017167630503,4.8074415511013147,5.8164809038730585,-9.8584270635961846e-05
232799.99999095453,6533.0973540667401,-2513.6890684419445,-0.1130380897195236,2.7097776936985518,7.042729544467754,-6.3405805276332955e-05
233099.99999067513,6993.256023186641,-307.19729633694925,-0.12590047283887298,0.33116257304439112,7.5387833002596416,-2.1580549545146158e-05
233399.99999039574,6728.3494061781867,1931.1448114707805,-0.12575254359544488,-2.0817873253209855,7.2532112773155513,2.2575012098278461e-05
233699.99998980202,5765.843290601385,3969.2645857600805,-0.11257986779054621,-4.2788959297880451,6.2156220414646794,6.4494026303173543e-05
233999.99998983694,4205.5309602648431,5595.848600492588,-0.087716577514600852,-6.0323658720456352,4.5335935971474628,9.983119900588336e-05
234299.99999018619,2209.1865646375186,6642.2517097905902,-0.053710275809417188,-7.1603964566959029,2.3815196555112568,0.00012491262459227902
234599.99998990679,-16.20770146328487,6999.9822695797393,-0.014061165129204576,-7.5460328252422908,-0.017471477789680695,0.00013711718949614693
234899.99998994172,-2239.9216284292152,6631.950627715848,0.027137942369140328,-7.1492920040145114,-2.4146508999611278,0.00013515020238756301
235199.99999029096,-4231.3992480364932,5576.3146155836121,0.065623822060036419,-6.0113084850491676,-4.5614775348279606,0.00011918082604048911
235499.99999032589,-5784.1630611775608,3942.523301083339,0.097403816816379968,-4.250069359321281,-6.2353672032108642,9.0828675598838841e-05
235799.99999036081,-6737.2217567179787,1899.9691726073088,0.11917006524851377,-2.0481811389622386,-7.2627703727804898,5.3000305163039309e-05
236099.99999008141,-6991.7618208839322,-339.57463534810336,0.12864399727783482,0.36606321870621517,-7.5371657342028495,9.591772381681127e-06
236399.99999011634,-6521.392474347309,-2543.9111064551275,0.12481513236762462,2.7423539011304117,-7.0301040879403898,-3.4912506082114184e-05
236699.99998983694,-5374.8818100666804,-4484.4935545475992,0.1080490299621326,4.8343162516484197,-5.7941577340089658,-7.5903336359294009e-05
236999.99999050051,-3671.1005067231476,-5960.1213662303544,0.080052763361748269,6.4250546926947569,-3.9574697745461469,-0.0001091246894584183
237299.99999053543,-1586.697380485718,-6817.8005051759656,0.043701104085522677,7.3496403457148469,-1.7104684957397565,-0.00013111619487256299
237599.99999057036,662.21555083730436,-6968.6060823906328,0.0027411388603400702,7.5122110752741218,0.71387598839342981,-0.00013957395510448534
237899.99999060528,2842.4696149263732,-6396.9022551613707,-0.038594246411666693,6.8959108706461532,3.0642060303651601,-0.00013359193201901285
238199.99999064021,4728.0145956226615,-5161.9634947945315,-0.076024043651575585,5.5646378448283009,5.0968375057985487,-0.00011375861889905793
238499.99999067513,6123.3558808171474,-3391.8290228588426,-0.10566261909778799,3.6564193494305539,6.6010254848750849,-8.2098802628782907e-05
238799.99999039574,6883.8235635965093,-1270.0275802096537,-0.12442304278804699,1.369101038249565,7.4208146763315987,-4.1866345928229057e-05
239099.99999011634,6930.5719382217376,983.45105269260728,-0.13033840173609076,-1.0601662033921539,7.4712090092232977,2.7906133658182932e-06
239399.99999015126,6258.7542106601159,3134.9648088774215,-0.12276772104538912,-3.3795144030166688,6.7469838751653635,4.7257448165090357e-05
239699.99998987187,4938.0249458209264,4961.4434710470932,-0.10246503803896954,-5.3484722657642889,5.3232275907159554,8.6929643009212858e-05
239999.99998927815,3105.3181967379123,6273.5167044219343,-0.07150429456450845,-6.7628972276048565,3.3475561079365854,0.00011768906354047943
240299.99998931307,950.65010589493465,6935.1480353894194,-0.033067572942216017,-7.4761409363878313,1.0248081938220077,0.00013633082747203191
240599.999989348,-1302.5820416155325,6877.7391881993744,0.0088817200340449362,-7.414253870564532,-1.4041922272147596,0.00014089678568248188
240899.99998938292,-3420.7617972352068,6107.2424252849996,0.050007244830304394,-6.5836526153514585,-3.6876048498270158,0.00013088111869541912
241199.99998973217,-5184.275076467733,4703.5434083475548,0.08604774181051375,-5.0704546444876666,-5.5886840857415434,0.00010728650904987928
241499.99998976709,-6410.2799036687911,2812.178558676675,0.11325848677043358,-3.0315494859158427,-6.9103251355015001,7.2524522656333942e-05
241799.9999894877,-6971.6635540918405,629.24567416190439,0.12880049394640986,-0.67833207293478492,-7.5154999089965271,3.0169787076895062e-05
242099.99998983694,-6810.2215755332008,-1618.9276383310005,0.13103696374247906,1.7452149510080079,-7.3414639206496348,-1.540725990763422e-05
242399.99998955755,-5942.6923651728221,-3699.2496651461306,0.11970590767461987,3.9878173540430404,-6.4062613775165502,-5.9491449992467642e-05
242699.99998927815,-4459.0216964488254,-5396.0315740150027,0.095950627516694198,5.8169612663930463,-4.8068542393965439,-9.7511165497268296e-05
242999.99998962739,-2513.0371662942857,-6533.3500325870209,0.0622044679826542,7.0430000199901004,-2.7090693478537387,-0.00012551304050541459
243299.99998966232,-306.49941297466222,-6993.2870276621998,0.021941446951134161,7.5388167735120373,-0.3304058038507473,-0.00014057354375964919
243599.99999001157,1931.8164586868838,-6728.155779723269,-0.02068162358881584,7.253004334528435,2.0825151926985797,-0.0001411044139426354
243899.99999004649,3969.8403949980734,-5765.4450707769374,-0.061254560055887468,6.2151954698422838,4.2795201607478486,-0.00012701997751588995
244199.99998945277,5596.2686604445089,-4204.9692900510936,-0.095570314758444547,4.53299080969727,6.0328217711586909,-9.9748789086446745e-05
244499.99998917338,6642.4720659031254,-2208.5195989117601,-0.12006124852920184,2.3808026787012864,7.1606363290903552,-6.2088252240576278e-05
244799.99998952262,6999.9795986795043,16.910756206788406,-0.13216991400382208,-0.018228352389813532,7.5460313650055237,-1.7917203638550519e-05
245099.99998924322,6631.7247491518074,2240.5877137756138,-0.13061585971917397,-2.4153690744942713,7.1490491662809932,2.820383440952628e-05
245399.99998896383,5575.8885139591202,4231.9591130085655,-0.11553070993923645,-4.5620825513590395,6.010849371874726,7.150343168901385e-05
245699.99998931307,3941.9406973584105,5784.5584305791972,-0.088447377830023072,-6.2357964180310939,4.2494413390792403,0.00010749246937275925
245999.99998966232,1899.2900185560343,6737.4113019977858,-0.052144315397601337,-7.262979137499042,2.0474488982044137,0.000132428960074608
246299.99999001157,-340.28027224089448,6991.7254326627508,-0.010360640129111157,-7.5371318233580951,-0.36682406960786179,0.00014370657650095682
246599.99998973217,-2544.5701840572933,6521.1334514757255,0.03258870880602717,-7.0298302086760547,-2.7430642267499281,0.00014012678979869077
246899.99998945277,-4485.0376598478588,5374.4267081812095,0.072258289329980643,-5.7936718054563814,-4.8349015196283203,0.000122026336178942
247199.99998980202,-5960.4939753862182,3670.496526936915,0.10453211431021643,-3.9568225227093969,-6.4254531275384448,9.1246403446177576e-05
247499.99998983694,-6817.96310698876,1586.0074229600953,0.12605073530965405,-1.7097281490944078,-7.3498100715999408,5.0946068979793269e-05
247799.99999018619,-6968.5423165612201,-662.91964822396085,0.1345611285782318,0.71463140530856362,-7.5121349254798799,5.2785810115234448e-06
248099.99999022111,-6396.6195290792766,-2843.1148058538897,0.12915285422470679,3.0648975914627066,-6.8955979837059314,-4.1036558819882761e-05
248399.99998994172,-5161.4919413913403,-4728.5343468483779,0.11035561330614241,5.0973939784695181,-5.5641219628531067,-8.3201648003116381e-05
248699.99998966232,-3391.2180800702527,-6123.6969621650715,0.080087656404983013,6.6013904084284691,-3.6557545145166004,-0.00011683834295502322
248999.99998969724,-1269.3407474158112,-6883.9512800389566,0.041460008005253714,7.4209514202981293,-1.368355704287501,-0.00013844288050484372
249299.99999004649,984.14267420850774,-6930.4734599803151,-0.0015434857357998714,7.4711038666263843,1.0609158680310906,-0.00014575141085074921
249599.99999008141,3135.5896145783818,-6258.4398282063166,-0.044477297358539829,6.7466473468908079,3.3801916550566991,-0.00013797722910956466
249899.99999011634,4961.9365927676536,-4937.5271251798631,-0.08289401559192229,5.3226937279379642,5.3490072412563787,-0.00011589505292871438
250199.99999015126,6273.8266828734459,-3104.6884192901794,-0.11280515849116504,3.3468795819497981,6.7632341798520708,-8.1763438843723645e-05
250499.99998987187,6935.2422613574718,-949.95367155745862,-0.13109521718672798,1.0240589346114946,7.4762444302437805,-3.9093275274520904e-05
250799.99998959247,6877.6074161752749,1303.2728003084649,-0.13584596537741733,-1.4049364434847607,7.4141128549772164,7.7137307888783764e-06
251099.99998962739,6106.897873056032,3421.3750767375227,-0.12653734510682799,-3.688266784791653,6.583281606632049,5.3819203456331814e-05
251399.999989348,4703.0213595465875,5184.7470732381535,-0.10410399352550226,-5.5891951663331785,5.069891980349742,9.4447978196134268e-05
251699.9999890686,2811.5326805641093,6410.5613976562518,-0.070841375168721021,-6.9106323660438775,3.03085315612616,0.00012538214590992702
251999.99998973217,628.54251796563358,6971.7249541639885,-0.030170991404915738,-7.5155710585641282,0.67757385975301698,0.00014339834270501572
252299.99998976709,-1619.6153925862066,6810.0560279775436,0.013711336990395681,-7.3412908576017939,-1.7459564666721814,0.00014660320174526446
252599.99998980202,-3699.8507129869031,5942.316632289635,0.056268049089315923,-6.4058613496537991,-3.9884646745591774,0.00013463225563265045
252899.99999015126,-5396.4834718525108,4458.4745993220058,0.093088810072914294,-4.8062686659908724,-5.8174461959152532,0.00010869143433231776
253199.99998987187,-6533.6059134003553,2512.3756159067816,0.12034750192409131,-2.7083597701541779,-7.0432713905843469,7.1436312676044465e-05
253499.99999053543,-6993.3206921143792,305.79232106293409,0.13519992084208488,-0.32964708736744791,-7.5388464195912785,2.6700895400080709e-05
253799.99999057036,-6727.9644276603121,-1932.4955880308523,0.13608079004384138,2.0832433939066983,-7.2527901310631666,-2.0896635395947159e-05
254099.99999029096,-5765.0493932238696,-3970.4213329480403,0.12286896114800913,4.2801423342067642,-6.2147610149002368,-6.6430792652103093e-05
254399.99999032589,-4204.4110048559551,-5596.6917362462882,0.096903253301694511,6.0332743887947871,-4.5323821101149662,-0.00010517895693882052
254699.99999036081,-2207.8569203668972,-6642.6941175248649,0.060846875335798328,7.1608737886191367,-2.3800828203880098,-0.00013311179302516094
254999.99999071006,17.609135360447318,-6999.9781563995421,0.018414150404629941,7.5460299071841384,0.018985641265179411,-0.0001473127406600654
255299.99999074498,2241.2495311477601,-6631.5001886645232,-0.026012355899981333,7.148808908267771,2.4160864197385257,-0.00014628273295086547
255599.99999077991,4232.5157664173557,-5575.4640581917529,-0.067834741868211743,6.0103944993116603,4.5626862546606866,-0.00013009825190256249
255899.99999081483,5784.9519726625076,-3941.3602016920386,-0.10271580937770301,4.2488181930496864,6.2362238543523443,-0.0001004061238882252
256199.99999053543,6737.6005040250175,-1898.6136010112691,-0.12702888827709147,2.0467216471880718,7.2631855257938849,-6.0255463134198037e-05
256499.99999057036,6991.6901892791293,340.98240366755806,-0.13823478218434138,-0.36758003435856318,7.5370953244955858,-1.3784098097032637e-05
256799.99998997664,6520.8769536208592,2545.225059923584,-0.13514670215111238,-2.7437703996625991,7.0295544135510228,3.4208099312444311e-05
257099.99999001157,5373.9751069104705,4485.577177192321,-0.11805563488504263,-4.8354846805111631,5.7931852193018836,7.8754886382699903e-05
257399.99999036081,3669.8961922746889,5960.8619411221462,-0.088703008353025942,-6.425852862596666,3.9561753554891523,0.00011523715011321103
257699.99999071006,1585.3201552420442,6818.1210155975823,-0.050103272869702835,-7.3499847457431233,1.7089870853676172,0.00013986128531943235
257999.9999910593,-663.62291044389974,6968.4733292472292,-0.00623448776044411,-7.5120658176534754,-0.71538977783950031,0.0001500531401770254
258299.99999109423,-2843.7612468558686,6396.330336368228,0.038371383913169931,-6.8952914738520565,-3.0655943255337785,0.00014472685741772522
258599.99999081483,-4729.0568515676077,5161.0122571212205,0.079096388874161982,-5.5636094345114255,-5.0979559058943895,0.00012440065925647782
258899.99999053543,-6124.041264551086,3390.5976859061479,0.11171451506124219,-3.6550895483550865,-6.6017582053942183,9.1147173761033543e-05
259199.99999088468,-6884.0818444287743,1268.6442573142735,0.13283025084969644,-1.3676084142804008,-7.4210864857511876,4.8382794163445094e-05
259499.99999060528,-6930.377291969352,-984.84275439750979,0.14023224901667705,1.0616667634135992,-7.4709927376176832,5.1717496171302303e-07
259799.99999095453,-6258.1277169301111,-3136.2207121032347,0.13312517104988519,3.3808678172183644,-6.7463028403574263,-4.7501382441122368e-05
260099.99999130378,-4937.0322337022626,-4962.4336853391442,0.11221528416707492,5.3495391460416517,-5.3221528200387747,-9.0697801620143653e-05
260399.99999102438,-3104.0625685030386,-6274.1389103924885,0.079640511884218862,6.7635679553293775,-3.3461988075163291,-0.00012458625440985493
260699.99999074498,-949.26186795442368,-6935.3379122442684,0.038751812870971861,7.4763466354079355,-1.0233083017523974,-0.0001456365707775411
260999.99999077991,1303.9589521856271,-6877.476957081878,-0.006231726078018503,7.4139732756975043,1.4056802482178528,-0.00015164232586984159
261299.99999081483,3421.9845373453049,-6106.5548817747595,-0.050658500248446481,6.5829142369186284,3.6889276007264886,-0.00014195211097400883
261599.99999084976,5185.2165390043201,-4702.5012556987003,-0.089925625052129671,5.0693340426353277,5.5897047675103959,-0.00011753975757066524
261899.99999025604,6410.8418357080745,-2810.8892643863319,-0.11995593359568646,3.0301618412330282,6.9109375853132109,-8.0906067508630794e-05
262199.99999029096,6971.7868049526141,-627.84251565044065,-0.13762126507337197,0.67682066080825609,7.515639738037506,-3.5822133953153349e-05
262499.99999001157,6809.8923944286098,1620.2992635829751,-0.14106811703011143,-1.7466933477536459,7.3411155584097196,1.3059216963505223e-05
262799.99999004649,5941.9440298497911,3700.4473480047905,-0.12991183043183815,-3.9891087538232211,6.4054601383882277,6.0683689434521749e-05
263099.99998976709,4457.931216698692,5396.930774773241,-0.10527906349652444,-5.8179307346002291,4.8056829970352615,0.00010211786776842996
263399.99998980202,2511.7173340231038,6533.8572034308063,-0.069693975442332939,-7.0435461056701483,2.707650012825769,0.00013305975130187638
263699.9999892083,305.08701508627763,6993.3494885903801,-0.026819661508227909,-7.5388824040297999,0.32888647404238114,0.00015028483689160675
263999.99998955755,-1933.1750039570545,6727.7672623360686,0.018918696917491429,-7.252582899456665,-2.0839759784917722,0.00015198174209484335
264299.99998959247,-3971.0043938153112,5764.646330075796,0.062790284503270441,-6.2143314161668144,-4.2807702480144147,0.00013794262544179607
264599.99998994172,-5597.1178690308243,4203.8437334420087,0.10024774905952379,-4.5317747282957663,-6.0337314443333634,0.00010958842120859657
264899.99998997664,-6642.9191623390643,2207.1844624490104,0.12739847718303063,-2.3793615315473682,-7.161111784182439,6.9825727438662085e-05
265199.99999001157,-6999.9791542120265,-18.316733525197961,0.14140923966662888,0.019744744397904267,-7.5460242482534774,2.2749464698419259e-05
265499.99998941785,-6631.2777632484112,-2241.91875297358,0.14080208765862948,2.4168037277519567,-7.1485612178492568,-2.6778542975567767e-05
265799.99998882413,-5575.0421257545895,-4233.0774626122193,0.12561048677460532,4.5632875037585645,-6.0099318490768949,-7.3631809490881688e-05
266099.99998854473,-3940.7831777697879,-5785.348503211816,0.097379083467598368,6.2366477641443208,-4.2481894363159087,-0.00011295028553996986
266399.99998857966,-1897.9415981609202,-6737.7914716135647,0.05900672277521022,7.2633894737560771,-2.0459918368164036,-0.00014064508189841083
266699.99998830026,341.67975404360016,-6991.6563267324282,0.014448665226502079,7.5370589532400887,0.36833620649492671,-0.000153824163109642
266999.99998833518,2545.8756072630986,-6520.621967067792,-0.031691347489924103,7.0292813704376789,2.744475674489915,-0.00015109452578068706
267299.99998868443,4486.1134671520676,-5373.5253534112999,-0.074637008996649601,5.7927030377398756,4.8360665539782479,-0.00013270923831054844
267599.99998903368,5961.2281128781915,-3669.2981458833378,-0.1099340557626821,3.9555332075413845,6.4262509141096826,-0.00010054389163472495
267899.99998875428,6818.2786554963068,-1584.635768574369,-0.13391228647709622,1.7082511439824184,7.3501572075077544,-5.7904773150727827e-05
268199.9999887892,6968.4055939274767,664.32258640866564,-0.14406706125541219,-0.71614319389056802,7.5119943666035045,-9.1885656464815337e-06
268499.99998913845,6396.0437780969387,2844.4034865628473,-0.13932067188827083,-3.0662869710996286,6.8949833248672352,4.0571235802404826e-05
268799.99998917338,5160.5361408352974,4729.5748397354864,-0.12013639666273869,-5.0985159483608253,5.5630964379196888,8.6224299902574718e-05
269099.99998952262,3389.9809207768772,6124.3810224908057,-0.088473273356539608,-6.6021276016297517,3.6544246373790941,0.00012303613215745735
269399.99998955755,1267.9503683444452,6884.2077664155395,-0.047586064388594536,-7.4212266961718196,1.366860140078531,0.00014717849532176465
269699.99998927815,-985.54212096522213,6930.2758493559159,-0.0016908512432924176,-7.4708885906609286,-1.0624210098904867,0.00015612701078892254
269999.99998899875,-3136.8531150959229,6257.8089798578631,0.044469440796617521,-6.7459643800966189,-3.3815494374036836,0.00014892487476086968
270299.99998871936,-4962.9334565567833,4936.5290144355604,0.08611492517479509,-5.3216148329201713,-5.3500765009051934,0.0001262852581364445
270599.99998843996,-6274.4541679123276,3103.4271172474719,0.11892356337463987,-3.345517606857169,-6.7639043145005635,9.0521370788470995e-05
270899.99998847488,-6935.4361753001031,948.56036770582068,0.13947974748580674,-1.0225557257949058,-7.4764467608180381,4.5310788146432522e-05
271199.99998850981,-6877.3486220430887,-1304.653506609415,0.14563008436377375,1.4064249856177953,-7.413827432406273,-4.6822449653174173e-06
271499.99998885905,-6106.2140893540427,-3422.6001886499112,0.13670923295576839,3.6895869032303814,-6.5825388813127796,-5.4287939871051677e-05
271799.9999892083,-4701.9841265770847,-5185.6899127935649,0.11361199243268487,5.5902109635394783,-5.0687693007177961,-9.8365899668180026e-05
272099.99998955755,-2810.2498802759665,-6411.1245564354467,0.078703748684261152,6.9112395086265375,-3.0294666071824068,-0.00013233835542528709
272399.99998927815,-627.14725748756689,-6971.8502063380611,0.035578196172107966,7.5157071987200705,-0.67606635716945074,-0.000152666149800321
272699.99998962739,1620.9784532279386,-6809.7302593299801,-0.011312818472474492,7.3409418559723179,1.7474296890578631,-0.00015721776949574536
272999.99998966232,3701.0401369744341,-5941.5731945509451,-0.05711912110463125,6.4050627325160479,3.9897517048226514,-0.00014549283843956942
273299.99998938292,5397.3755622764384,-4457.3899800378376,-0.097094112422311918,4.805102205832549,5.818413856753784,-0.00011867665272602399
273599.9999887892,6534.1074930421546,-2511.0616961453838,-0.12708673029376266,2.706945420786842,7.0438189330229344,-7.9519939915586411e-05
273899.99998850981,6993.3788341999161,-304.38497720132762,-0.14397244825579,0.32813097382887663,7.5389161272992666,-3.2056208400728653e-05
274199.99998885905,6727.572126788511,1933.8504935048084,-0.14597858031275152,-2.0847039268088694,7.2523737045614745,1.8814089422117521e-05
274499.99998857966,5764.246491505528,3971.5830785374023,-0.13287009328388705,-4.2813950759870858,6.2139008808253218,6.7829573573280089e-05
274799.99998830026,4203.2802025060273,5597.5394966507356,-0.10597654897243365,-6.0341883929190052,4.5311673331735385,0.00010991184318013377
275099.99998770654,2206.5152226509199,6643.1396897949089,-0.068057206797255992,-7.1613533876595623,2.3786399071551991,0.00014069112722199241
275399.99998805579,-19.022664228764043,6999.9752788976684,-0.023018014890622378,-7.5460249973083577,-0.020506108352308716,0.00015695946813914998
275699.99998777639,-2242.588359308696,6631.0494035571992,0.024490505099324551,-7.1483202783658566,-2.4175257852980367,0.00015700467983929277
275999.99998781132,-4233.6412821298609,5574.6126017640299,0.069553172343110051,-6.009473625978945,-4.5638946471775341,0.00014079049834173063
276299.99998753192,-5785.7479618722682,3940.1969578181029,0.10749845290903565,-4.2475615825607855,-6.2370759582480018,0.00010996399694128027
276599.99998788116,-6737.9852125682537,1897.2596845360745,0.13438269079375501,-2.0452604192121058,-7.2635935908856277,6.7688953722738526e-05
276899.99998823041,-6991.6246801755542,-342.38634638982995,0.14740009666235002,0.3690940526789922,-7.5370180225523891,1.8321739961721558e-05
277199.99998795101,-6520.3689707832909,-2546.5335035582798,0.14517581705308003,2.7451805547211019,-7.0290007472249396,-3.303732570767138e-05
277499.99998861458,-5373.078088338927,-4486.654746453818,0.12791136179998339,4.8366456123869987,-5.7922131953772142,-8.1071056339665081e-05
277799.99998864951,-3668.7036229384989,-5961.5972838369598,0.09736690050139632,6.4266452395201963,-3.954885731610136,-0.00012079635399433222
278099.99998805579,-1583.9558792118585,-6818.4381596371759,0.056681865790038241,7.3503272308907173,-1.7075129268172831,-0.00014808174756627559
278399.99998809071,665.01742500655917,-6968.3394066777391,0.010052144594634273,7.5119231729153944,0.71689665666678026,-0.00016007752663537366
278699.99998812564,2845.0413765651374,-6395.7589295883126,-0.037702888227812613,6.8946780867876161,3.0669786828102108,-0.00015551352985868671
278999.99998753192,4730.0896212626039,-5160.0620690973119,-0.081638724425139281,5.5625879839071555,5.0990747560407073,-0.0001348334259340594
279299.99998788116,6124.7190428899685,-3389.3666201197011,-0.11719784069901322,3.6537648679530497,6.6024954224948562,-0.00010015136200899678
279599.99998791609,6884.3335126352049,-1267.2594849782415,-0.14068248011970255,1.3661170812343113,7.4213648710262881,-5.5035349519979173e-05
279899.99998763669,6930.175771159159,986.23784417927163,-0.14963904733005234,-1.0631702762239972,7.4707823473882584,-4.1397603772641535e-06
280199.99998704297,6257.4929780751472,3137.481337827704,-0.14311420329932639,-3.3822270798516421,6.7456245428054951,4.727505083437133e-05
280499.99998676358,4936.0294033663959,4963.4288019430469,-0.12175601773570498,-5.3506122359313837,5.3210765260666779,9.388632843728971e-05
280799.99998711282,3102.795244485766,6274.7649832865127,-0.0877495495417666,-6.7642425880035955,3.3448363787201787,0.00013085955191600041
281099.99998714775,947.86133903099824,6935.5298355428604,-0.044593319288892146,-7.476552215442573,1.0218018413387906,0.00015434930845951885
281399.99998686835,-1305.3474846292745,6877.2149358325305,0.0032604502255856923,-7.4136884780329213,-1.4071734890976115,0.00016189873866995168
281699.9999872176,-3423.2172137333105,6105.8664824843527,0.050864887969010272,-6.5821692046565898,-3.6902519541638257,0.00015269628480759566
281999.99998662388,-5186.1659029202683,4701.4584358300026,0.093289601342119569,-5.068207014094642,-5.5907226068873888,0.00012766302195228632
282299.9999866588,-6411.4101187370097,2809.6007144255209,0.12613117993157202,-3.028770636341847,-6.9115437260022574,8.9361110347557278e-05
282599.99998669373,-6971.9159829669288,626.44222631736147,0.14597028034031576,-0.67531010593801843,-7.5157721905865404,4.1732215514156732e-05
282899.99998672865,-6809.5700570097379,-1621.6660144438986,0.15072783180163196,1.748166676832611,-7.3407616334956378,-1.030768721360359e-05
283199.99998676358,-5941.2044742587386,-3701.6390472091216,0.139883165176409,3.9903927496732008,-6.4046573512971765,-6.1375656241882058e-05
283499.99998711282,-4456.8517349784906,-5397.8242343943202,0.11453106573970163,5.818893286002992,-4.8045148443726085,-0.00010617892021568567
283799.99998683343,-2510.4101644172633,-6534.3601273353252,0.077271423672565426,7.0440883780956343,-2.7062372189106503,-0.00014006398316398255
284099.99998718267,-303.68775298404125,-6993.4098765553272,0.031942563614795173,7.5389487168813742,-0.32737459834131427,-0.00015950049951574395
284399.9999872176,1934.521262259623,-6727.3786861165645,-0.016774359527438099,7.2521662624558942,2.0854312364313912,-0.00016244940189185611
284699.99998725252,3972.1579311049613,-5763.8486233165813,-0.063839045743733724,6.2134742939271064,4.2820187984126088,-0.00014857679541794032
284999.99998760177,5597.9586652732723,-4202.7189977656062,-0.10437374087530027,4.5305649257424685,6.0346440183669561,-0.00011929119734810674
285299.99998732237,6643.3593083397109,-2205.8487578799045,-0.13416886178073817,2.3779235260914686,7.1615932556836785,-7.7600103162930688e-05
285599.9999873573,6999.972062532127,19.725239713598125,-0.15012011011076029,-0.021262308546267733,7.5460237011425075,-2.7800650853898349e-05
285899.9999870779,6630.8231841003599,2243.2540283967032,-0.15055170647983074,-2.4182432626942409,7.1480776383507409,2.4963622793627286e-05
286199.99998711282,5574.186373727407,4234.200789138732,-0.13539215887526723,-4.5644989132745799,6.0090146794451371,7.5234084986261455e-05
286499.99998714775,3939.6144634646053,5786.1430220367456,-0.10618422648705997,-6.2375043651778146,4.2469337384416503,0.00011780145139707341
286799.99998718267,1896.580884533887,6738.1745103437988,-0.065927869416645191,-7.2638015855479043,2.0445284356431821,0.0001482450933410178
287099.99998753192,-343.09142134946489,6991.5881345862808,-0.01877221134526702,-7.5369835415661912,-0.36985456631524916,0.00016339156765988831
287399.99998725252,-2547.191899131114,6520.1098904822948,0.030411879917347239,-7.0287266155767405,-2.7458905653767607,0.00016164504514894033
287699.99998760177,-4487.1981410339895,5372.6230072768149,0.076534652630205327,-5.7917273323324823,-4.8372306989267742,0.00014315540745616907
287999.99998795101,-5961.9692389121992,3668.0996877567491,0.11481397373725481,-3.954238751173345,-6.427043671805083,0.00010980632664714634
288299.99998798594,-6818.6002061765475,1583.2659462471331,0.14127110570042528,-1.7067729462345176,-7.3504970508082677,6.5024021723028222e-05
288599.99998770654,-6968.2752068112522,-665.72151780411002,0.1531443827581587,0.71765162248620218,-7.511847078732675,1.342582421349466e-05
288899.99998805579,-6395.4759247834954,-2845.6865655839956,0.14917771870551727,3.0676696401954824,-6.8943651496431606,-3.9655647040895824e-05
289199.99998777639,-5159.5904474598456,-4730.6093508393087,0.12975369878634929,5.0996304029660839,-5.5620720103086008,-8.8723761894292892e-05
289499.99998781132,-3388.7558872908976,-6125.0600891414324,0.096857049782783533,6.6028593392982629,-3.6531000638772366,-0.00012868752911102208
289799.99998753192,-1266.5731713362914,-6884.46123813333,0.053871887827939613,7.4215006249322402,-1.3653720293024156,-0.00015539037360066756
290099.99998725252,986.92867824163454,-6930.0774241787813,0.0052334562180580057,7.4706764961830316,1.0639194253919559,-0.00016604289575257824
290399.99998728745,3138.1052136658477,-6257.1788932783356,-0.044029745293524644,6.7452877659533836,3.3829037671718178,-0.00015951440197603853
290699.99998732237,4963.920990122785,-4935.5320312250578,-0.0888160791644763,5.3205428777565329,5.3511468054020259,-0.00013645269835299632
290999.99998767162,6275.0741421783532,-3102.1660011589033,-0.12447925096653469,3.3441603850054067,6.7645794080531587,-9.9219529988511899e-05
291299.99998770654,6935.6234260156616,-947.16543559096522,-0.14731035125554506,1.0210532426335031,7.4766558175355593,-5.1648237002798284e-05
291599.99998742715,6877.0827320491098,1306.0377664341217,-0.15492344335114347,-1.4079170142473825,7.4135476756822669,1.3513289891981057e-06
291899.99998746207,6105.5217102370452,3423.8300810326405,-0.14650465726288653,-3.6909131638464747,6.5817984045014288,5.4299751023996468e-05
292199.99998781132,4700.9363835216782,5186.6375554575507,-0.12289887086827864,-5.5912329143353654,5.0676445322191848,0.00010171442746232621
292499.99998753192,2808.9550706137406,6411.6913270853838,-0.086524847915891268,-6.9118501688989218,3.0280745316489988,0.00013867686959817934
292799.9999869382,625.73953653658975,6971.9771759654013,-0.041127415982682783,-7.5158426726688479,0.674552207666823,0.00016134236198523359
293099.99998760177,-1622.3531460111526,6809.4044017215583,0.008607914974564616,-7.3405881716741579,-1.7489078585995885,0.00016733939719026263
293399.99998732237,-3702.2393972299205,5940.828725799679,0.057538292483984531,-6.404257250882079,-3.9910398227780353,0.00015601760433573312
293699.99998798594,-5398.2754526190711,4456.3046729537082,0.10059507071237933,-4.8039294578094598,-5.8193781411851182,0.00012851835329899609
293999.99998802086,-6534.615410807859,2509.7486398068841,0.13330873642646507,-2.70552795688798,-7.0443598229470501,8.7660304869005662e-05
294299.99998805579,-6993.4430490462237,302.98066610460813,0.15227291390078818,-0.3266162779324584,-7.5389784554482935,3.7651134275693438e-05
294599.99998809071,-6727.1869753170031,-1935.2004049240538,0.15549925581427315,2.0861589288271838,-7.2519520600506118,-1.6345366929847706e-05
294899.99998875428,-5763.4527659399646,-3972.7388721074235,0.14262615953395946,4.2826402597266497,-6.2130397508855921,-6.8742449946558324e-05
295199.99998847488,-4202.1607887156333,-5598.3817152427937,0.1149592875959303,6.0350956896736827,-4.5299561915416886,-0.00011410877708179876
295499.99998819549,-2205.1864603315403,-6643.5813512679888,0.075339287465979649,7.1618296760204654,-2.3772038441060315,-0.00014773196466790148
295799.99998823041,20.422945202525604,-6999.9707046354715,0.02785007752583827,7.5460213656408559,0.02201916012405894,-0.00016610859881479242
296099.99998795101,2243.9149611602456,-6630.5988672854655,-0.022602309446253979,7.1478369031451425,2.418960017986723,-0.00016730957783227531
296399.99998798594,4234.7564872817866,-5573.7623351714956,-0.070796813166977363,6.0085598221738978,4.5651020925205819,-0.00015118258641018729
296699.99998802086,5786.5356790094293,-3939.0345061320677,-0.11173785621059842,4.2463110072244081,6.2379315268794997,-0.00011937047104814765
296999.99998774147,6738.3629891378314,-1895.9050424751856,-0.14117324939670128,2.0438018131017968,7.2640079844972192,-7.5143456993164145e-05
297299.99998809071,6991.5523685377275,343.79301416375796,-0.15603576878944944,-0.37060984121031476,7.5369472368786736,-2.3062506317224252e-05
297599.99998781132,6519.8530796083915,2547.8463045372068,-0.15476257064561955,-2.7465960295298628,7.0284510607044446,3.1491356038699364e-05
297899.9999872176,5372.1713169101477,4487.7372507161044,-0.13745925081283647,-4.8378131013828378,5.7912409734263379,8.287305357193445e-05
298199.9999869382,3667.4995015492873,5962.3368633247455,-0.10589142152756104,-6.4274426114809229,3.9535918277563731,0.00012575732259690464
298499.9999866588,1582.5790632391402,6818.7578548991005,-0.063304503005894824,-7.3506709910591184,1.7060321963308751,0.00015569013037755117
298799.99998637941,-666.42420285693663,6968.206063324641,-0.014090159531369098,-7.5117774497603556,-0.71840962751388415,0.0001695507418774562
299099.99998610001,-2846.332314746292,6395.1866843745547,0.036666362308503044,-6.8940584356834895,-3.0683660475266299,0.00016587672946619404
299399.99998613494,-4731.1311500055799,5159.1107914856602,0.08371142376828053,-5.5615595769984472,-5.1001921611828456,0.0001450182445204813
299699.99998648418,-6125.4037474127153,3388.135541622426,0.12216658683747061,-3.652435379519205,-6.6032271497071875,0.00010910529117029365
299999.99998651911,-6884.5912575934753,1265.8767096394311,0.14803445456156711,-1.3646251099560396,-7.4216357925299938,6.1830855918890609e-05
300299.99998655403,-6929.980832690343,-987.62876484319236,0.15861432926139893,1.0646698739764135,-7.4705654237135484,8.0716967553905469e-06
300599.99998596031,-6256.8665176658114,-3138.7363145134073,0.15278440923698144,3.3835793079971794,-6.7449432151382025,-4.6614506450109028e-05
300899.99998568092,-4935.0371002670317,-4964.4180630034953,0.13112093121449253,5.3516778478446829,-5.3200019103018574,-9.6563877365633938e-05
301199.99998634448,-3101.5403958998877,-6275.386351955859,0.095841505463942114,6.7649121488232655,-3.3434796958488771,-0.00013659341899674508
301499.99998575076,-946.47419420866447,-6935.7191224556864,0.050578140778591088,7.4767570259114837,-1.0203029654884614,-0.00016253938226265454
301799.99998547137,1306.7230948258416,-6876.9524626792336,3.1916398985271956e-06,7.4134074091804507,1.4086602353495854,-0.00017169078867587876
302099.99998519197,3424.4385779129061,-6105.1790974781925,-0.050653185416259787,6.581430834088164,3.6915733555101551,-0.00016307282080936766
302399.99998459825,5187.106064607804,-4700.4168293737021,-0.096144142364544105,5.0670868765912109,5.5917420712164425,-0.00013755042399288717
302699.99998463318,6411.9709474760648,-2808.3122879552443,-0.13174974767005854,3.027383810228816,6.9121552530647348,-9.7741184256700621e-05
302999.99998498242,6972.0384111171434,-625.0401549713481,-0.15376671782631213,0.67379971728637111,7.5159114831729594,-4.7746396671461371e-05
303299.99998501735,6809.2403700771865,1623.0364562117998,-0.15989345661453508,-1.7496440065558614,7.3404131296770663,7.2718733097069848e-06
303599.99998505227,5940.4559455703384,3702.8355551971167,-0.14947041585797433,-3.9916831537928852,6.4038563089907186,6.1623968669768912e-05
303899.99998540152,4455.7613410108479,5398.7223590162594,-0.12355076161940394,-5.8198618977084875,4.8033440517070138,0.00010968090843804195
304199.99998512212,2509.0906477946032,6534.8663864041482,-0.084793875024801527,-7.0446337692127932,2.7048185083775858,0.0001464569515635882
304499.99998547137,302.27585065806443,6993.471634053577,-0.037192515207539183,-7.5390138181833946,0.32585602293050686,0.00016812631142626026
304799.99998550629,-1935.8791791262449,6726.9897092600768,0.014338356565455903,-7.2517444814921568,-2.086891153551452,0.0001724206886017444
305099.99998585554,-3973.3212320631628,5763.0496970777795,0.064468810312275082,-6.2126101202575637,-4.2832679279199217,0.00015886652467683929
305399.99998589046,-5598.8071757496755,4201.5935580429268,0.10800499464025823,-4.5293490156371163,-6.0355526865385221,0.00012883725405571654
305699.99998592539,-6643.8058072198937,2204.5140338124606,0.14042713589977715,-2.3764828789781238,-7.1620677565720259,8.5414724561089505e-05
305999.99998596031,-6999.9712211701535,-21.130544267740248,0.15835881625187231,0.022777870313836147,-7.5460158032482836,3.3073526088746507e-05
306299.99998536659,-6630.3760947857263,-2244.5842014026202,0.1599187864458653,2.419676806692463,-7.1475892153690337,-2.277970913389087e-05
306599.99998540152,-5573.3402403464142,-4235.3181927763653,0.14491856706789463,4.5657026035439454,-6.008097098348359,-7.6364768370015484e-05
306899.99998575076,-3938.4575731982677,-5786.9322059062606,0.11488497396726369,6.2383544697522746,-4.2456822419358922,-0.00012212638649057754
307199.99998547137,-1895.233441396505,-6738.5539810834507,0.072904838190549132,7.2642108815802908,-2.0430722257577631,-0.0001553107059203219
307499.99998550629,344.4896670679509,-6991.5186389990613,0.02330768079217177,7.5369099967643329,0.3713655192837037,-0.00017245962673942262
307799.99998554122,2548.4959511827033,-6519.5984008689848,-0.028780999129207927,7.0281775700607136,2.7473006687277102,-0.00017177145290874925
308099.99998526182,4488.2725827392151,-5371.7220535801807,-0.077969653949003973,5.7907588462799922,4.8383944283864322,-0.00015329013469054682
308399.99998529674,5962.7021586912679,-3666.9020704319159,-0.11915895312353596,3.9529501340205067,6.4278403877153929,-0.0001189032531404931
308699.99998501735,6818.9147914268842,-1581.8953246208514,-0.14807050888847256,1.7052969137847378,7.3508434820995099,-7.2148805737970093e-05
308999.99998505227,6968.1378322842038,667.12328019152983,-0.16169121440238643,-0.71916233835880727,7.5117062251647368,-1.7850731807646823e-05
309299.9999850872,6394.899843103537,2846.974035015272,-0.15858706964579808,-3.0690579799092279,6.8937505694846042,3.8379106985208635e-05
309599.99998449348,5158.6346142086968,4731.6486973147621,-0.13905387908999883,-5.1007514573558401,5.5610468556844923,9.0720958536801878e-05
309899.99998421408,3387.5189511298895,6125.7431430405122,-0.10508907743162553,-6.6035957777573921,3.6517707627944636,0.00013374924672586658
310199.99998456333,1265.1832142591877,6884.7169134057522,-0.060187428452042419,-7.4217753141835727,1.3638771787228634,0.00016299447706999475
310499.99998396961,-988.32755603923351,6929.879233262056,-0.0089815279731665625,-7.4704608040106626,-1.0654237452235689,0.00017540697874418801
310799.99998369021,-3139.368049318718,6256.5477263421189,0.043235937529334044,-6.744604581725576,-3.3842606291533497,0.00016967459006970556
311099.99998341082,-4964.9171602920578,4934.5338893452727,0.091058994124197948,-5.3194640178025487,-5.3522150762316327,0.00014636135158465629
311399.99998376006,-6275.700990652379,3100.9049643911835,0.12952786722542625,-3.3427987521588247,-6.765248554497715,0.00010785255568471734
311699.99998348067,-6935.8168560588047,945.77268677431346,0.15464333215878101,-1.0195507232393048,-7.4768572669599154,5.8111314754061661e-05
311999.99998382991,-6876.8237094325304,-1307.417688867034,0.1637826070907705,1.4094045522198904,-7.4132616178901189,2.2712196494525697e-06
312299.99998386484,-6104.8380378280381,-3425.0542691171227,0.1559734771058372,3.6922320505593409,-6.5810554228909162,-5.389326855248508e-05
312599.99998389976,-4699.8996524524518,-5187.5794570924318,0.13199789630163328,5.5922474058609843,-5.0665220698467257,-0.00010456413574325282
312899.99998393469,-2807.6731502258199,-6412.2536859566262,0.094313932226469319,6.9124561326638965,-3.0266886817944809,-0.0001444829571563847
313199.99998396961,-624.34545683610975,-6972.1019024919024,0.046803777742383028,7.5159779493321812,-0.67304579758946959,-0.00016949713598246339
313499.99998400453,1623.7148271366855,-6809.0784779440901,-0.0056263321430063424,7.3402387567391587,1.7503797371037624,-0.00017699228484373484
313799.99998435378,3703.4273981756473,-5940.0855446463311,-0.057553005118685434,6.4034587242650396,3.9923254740404466,-0.00016616558946360138
314099.99998470303,5399.1662205339362,-4455.2207020809137,-0.10359692151461711,4.8027635534709869,5.8203445928095139,-0.00013811154209004029
314399.99998536659,6535.1158922567101,-2508.4356794102023,-0.13898024862364311,2.7041145027663633,7.0449064907102894,-9.5710968086163035e-05
314699.99998477288,6993.5003924703515,-301.5744784924035,-0.1600224294718553,0.32510123056268209,7.5390477022081566,-4.3334736130745142e-05
314999.99998449348,6726.7942021412546,1936.554073094549,-0.16452289851812399,-2.0876183807569295,7.2515355777288981,1.3607207224361489e-05
315299.99998484273,5762.6497026260768,3973.8994144155886,-0.15199097524974245,-4.283892029125119,6.2121798906590868,6.9224801608146709e-05
315599.99998487765,4201.0300902000981,5599.2283930321282,-0.12369900410031033,-6.0360088878411737,4.5287419158309037,0.00011775700941014603
315899.99998491257,2203.8450761184313,6644.0260174550849,-0.082553084535427868,-7.1623086405013865,2.3757615750155594,0.00015416816297071374
316199.9999849475,-21.835993674310181,6999.9671312932851,-0.032794582640680449,-7.5460159794438244,-0.023538872743047241,0.00017466993598494143
316499.99998498242,-2245.2531935923375,6630.1476267823382,0.020436914492488713,-7.1473479655391028,-2.4203985325707822,0.00017711505180106719
316799.99998501735,-4235.8813446706608,5572.9106929552818,0.071634226696621423,-6.0076388539210619,-4.5663095450636071,0.00016122201096286474
317099.99998536659,-5787.3310239132988,3937.871362860687,0.11549211130552337,-4.2450545730732969,-6.2387826481827853,0.00012860740455032633
317399.99998571584,-6738.7471543568608,1894.5515186920156,0.14745690103225259,-2.042341090550972,-7.2644151081743464,8.2622049312157381e-05
317699.99998575076,-6991.4865193726191,-345.19629911860739,0.16419935800762658,0.37212300961807998,-7.5368691639694232,2.8007315473838287e-05
317999.99998547137,-6519.3450572519432,-2549.1539010145716,0.16396161867848608,2.7480050493566592,-7.0278969391203319,-2.9593365251131189e-05
318299.99998582061,-5371.2746245825192,-4488.8139014128737,0.14674198680179013,4.8389727465113097,-5.790268926563086,-8.4217639208574834e-05
318599.99998585554,-3666.3076426513958,-5963.071355146978,0.11429804314238574,6.4282337321390211,-3.9523026672650325,-0.00013020174531260358
318899.99998557614,-1581.2158387193263,-6819.0743588420946,0.069967363947510727,7.3510124494314626,-1.7045589492238347,-0.0001627682905940082
319199.99998529674,667.81741784796714,-6968.071827347263,0.018324108596077648,7.5116341731779874,0.71991526907799697,-0.00017852307066188372
319499.99998533167,2847.6110288174623,-6394.6153610927367,-0.035293151056615131,6.8934449088673677,3.0697490298176091,-0.00017580909024217592
319799.99998505227,4732.1625378513136,-5158.1610928947366,-0.085333541422419515,5.560538482471225,5.1013097149377771,-0.00015488077640328669
320099.99998477288,6126.080310456452,-3386.9053255867643,-0.12660875066959323,3.6511114690474979,6.6039633362196959,-0.00011788009513005843
320399.99998449348,6884.8419828921242,-1264.4930407656368,-0.15483104325269953,1.3631347975033896,7.4219135419293076,-6.861690123509352e-05
320699.9999845284,6929.7786898321565,989.02262555306879,-0.16705860970210126,-1.0661722969307739,7.4703548209625747,-1.2176204855240125e-05
320999.99998487765,6256.2314704202172,3139.9957142999515,-0.16200202000492531,-3.3849375668180581,6.7442650660433046,4.5606998956725903e-05
321299.9999852269,4934.0342339328818,4965.4120467811572,-0.1401599254609511,-5.3527500954514498,5.3189260190167857,9.8750986597933641e-05
321599.99998557614,3100.273267923425,6276.0114370213405,-0.10376981920973032,-6.7655861047038686,3.3421178386892194,0.00014174625804291483
321899.99998592539,945.07403540956818,6935.910247290858,-0.056578784234395677,-7.476962083502384,1.0187971795603352,0.00017012623195331359
322199.99998627463,-1308.1111277197542,6876.6898582914046,-0.0034577498186431016,-7.4131222319132366,-1.4101527140648469,0.00018093075682819448
322499.99998662388,-3425.670668247406,6104.4903564078877,0.05010106252037605,-6.5806855889422877,-3.6928968535569844,0.0001730145552909934
322799.99998697313,-5188.0548169482372,4699.3739308633185,0.098551739224295956,-5.0659598559742598,-5.5927589802875959,0.00014716861127258874
323099.99998700805,-6412.538661750993,2807.0239494243719,0.13686877010291723,-3.0259929148857512,-6.9127604376290064,0.0001060416361069081
323399.9999873573,-6972.1671637550835,623.64035505986419,0.16106829159711977,-0.67228981398956289,-7.5160430687248425,5.3869225064580818e-05
323699.99998770654,-6808.917852367691,-1624.4024910071566,0.16862242815711337,1.7511163609151843,-7.3400585710231114,-3.9618630279968197e-06
323999.99998742715,-5939.7165404710913,-3704.0264012502057,0.15872357891531208,3.9929659408853624,-6.4030532629659023,-6.1469697004544471e-05
324299.99998714775,-4454.6823950516009,-5399.6149510818905,0.13237091613535776,5.8208231617190576,-4.8021761184681298,-0.00011269611747655486
324599.99998749699,-2507.7843781911852,-6535.3685852708668,0.092269741941739508,7.0451748888005419,-2.7034064122797927,-0.00015232449349208491
324899.99998784624,-300.87779715640136,-6993.5315695890749,0.042553780783051748,7.5390793008013617,-0.32434525447837581,-0.0001762320428653631
325199.99998819549,1937.2240546915937,-6726.6010506869843,-0.011641077439175366,7.251327475711582,2.0883450785217734,-0.00018191913460775398
325499.99998854473,3974.4733511754443,-5762.2523171766488,-0.0647075669801013,6.2117531399930259,4.284515125313475,-0.00016877073813983571
325799.99998889398,5599.6466686742433,-4200.4695292579117,-0.11114742592582739,4.5281398110213145,6.0364641037997755,-0.00013812264852510131
326099.99998924322,6644.2448823449658,-2203.1793304431922,-0.14614121366041496,2.37504578840894,7.1625484255747844,-9.3125439237424603e-05
326399.99998927815,6999.9633586578602,22.537870309189241,-0.16604846638090887,-0.024294378742682643,7.5460148741267137,-3.8420135799739077e-05
326699.99998962739,6629.9210598588534,2245.9182463274774,-0.16878628597572953,-2.4211153168067701,7.1471056455778195,2.0340838878837372e-05
326999.99998997664,5572.4843227656911,4236.4403374607446,-0.15404703919891694,-4.5669131219463237,6.0071802379607639,7.7077856537781478e-05
327299.99999001157,3937.2889372632467,5787.7256650934378,-0.12333249696961762,-6.2392103503008771,4.2444270461182159,0.00012591296805481559
327599.99999036081,1893.8729924485956,6738.9361306594028,-0.079800727361567042,-7.2646224328720646,2.0416094343486817,0.00016177846355359106
327899.99999039574,-345.90091765854839,6991.4497537269062,-0.027941406714453242,-7.5368341574515147,-0.37288317976543151,0.0001809422470981779
328199.99999043066,-2549.8117184631587,6519.0858542142978,0.026887068201700084,-7.0276225262949881,-2.7487147695130663,0.00018139577155248804
328499.99998983694,-4489.3566705265875,5370.8194897505764,0.079011003018629442,-5.7897830382629767,-4.8395576869945565,0.00016306440038440029
328799.99999018619,-5963.4427053950567,3665.7036703676204,0.12302830790064627,-3.9516558331872389,-6.4286321972971754,0.00012781824177824776
329099.99999053543,-6819.2358578988296,1580.5258400623641,0.15436826577885385,-1.703819192563871,-7.3511824022502665,7.9281917841310037e-05
329399.99999025604,-6968.0071562522871,-668.52161531239062,0.16976621376388112,0.7206699429488892,-7.5115581714664117,2.2462384416417707e-05
329699.99998997664,-6394.3319954844337,-2848.2563285588872,0.16760381300762633,3.0704395290890947,-6.893131940475433,-3.6767233267980692e-05
329999.99999001157,-5157.6892874012838,-4732.6823538657154,0.14807935564020977,5.101864636021646,-5.560022410353012,-9.2274723025609074e-05
330299.99999036081,-3386.2946616044842,-6126.4214273257585,0.1131900846678624,6.6043262746093934,-3.6504466623440406,-0.00013830401280313923
330599.99999008141,-1263.8071049015327,-6884.9698152373967,0.066527984502712911,7.4220482402924546,-1.3623900017459811,-0.00017007258107495715
330899.9999894877,989.71278406725185,-6929.6805712121304,0.012909897881599739,7.4702481199713038,1.0669209040754351,-0.00018426883655318311
331199.99998952262,3140.6187171478282,-6255.917803157613,-0.042119903150712804,6.7439278850177127,3.3856135837986119,-0.00017939756830114012
331499.99998987187,4965.9033165156789,-4933.537469518702,-0.092863245972284875,5.3183924759948846,5.3532841150123378,-0.00015593735471837095
331799.99998959247,6276.3197702573025,-3099.6447575865141,-0.13405827199935516,3.3414423407775291,6.7659226772934433,-0.00011629339082228475
332099.99998962739,6936.0031932145494,-944.37889054061498,-0.16142513895162558,1.0180492633461919,7.4770657658452828,-6.4550482008149049e-05
332399.999989348,6876.557222573736,1308.8007066641858,-0.17211059278237609,-1.4108955219166499,7.4129817242393461,-6.0517281111204591e-06
332699.9999890686,6104.1453659724566,3426.2829326867113,-0.16498525661643629,-3.6935573605989722,6.5803151542757545,5.3153491951594917e-05
332999.99998910353,4698.8518769584698,5188.5259702116091,-0.14076272787757155,-5.5932685799994264,5.0653977399961896,0.00010693509547773792
333299.99998913845,2806.3785108220491,6412.8194817846697,-0.10192801518546232,-6.9130661903247326,3.0252971708484409,0.0001497167241742009
333599.99998885905,622.93806633214126,6972.2280790576115,-0.052482558170082211,-7.5161129583705506,0.67153229309038065,0.00017705345932058427
333899.99998857966,-1625.0890634919419,6808.7520332265522,0.0024679777834302591,-7.3398847288631766,-1.7518571783787706,0.00018609315682291156
334199.99998861458,-3704.6261207039947,5939.3407206024749,0.057240699033067673,-6.4026530456167734,-3.993612769874713,0.00017587373025760303
334499.99998864951,-5400.0655392944209,4454.1353062696589,0.1061629635801761,-4.8015908283914177,-5.8213079604333196,0.00014742553628610465
334799.99998837011,-6535.6232841081483,2507.1228256121349,0.14415971610234704,-2.7026973672540144,-7.0454464298585977,0.00010366796241679438
335099.99998840503,-6993.564231553275,300.17064385608603,0.1672799434653186,-0.32358720929867568,-7.5391091687421277,4.911041375656484e-05
335399.99998843996,-6726.408927110122,-1937.9032875610983,0.17310764869554937,2.0890723804021092,-7.2511133121598927,-1.0611929327035731e-05
335699.9999887892,-5761.856196675104,-3975.0543750158799,0.16101453571267679,4.28513596838516,-6.2113185346038016,-6.9319995605232037e-05
335999.99998819549,-4199.9112865082589,-5600.0697810577121,0.13222787670313768,6.0369148762781988,-4.527531043374367,-0.00012093032283340887
336299.99998823041,-2202.5173025199952,-6644.4670041501568,0.089706148123183158,7.1627837735225981,-2.374326286414433,-0.00016008588947158167
336599.99998826534,23.234989823642707,-6999.9621789046205,0.037834984070854394,7.5460115510439367,0.025050747204106313,-0.00018271266591474489
336899.99998861458,2246.5783459639824,-6629.6971029396327,-0.018025296350988058,7.1468642892083132,2.4218313728327869,-0.00018644387083746345
337199.99998833518,4236.9950884169284,-5572.0608617530843,-0.072093843121966025,6.0067252837359915,4.5675156108600987,-0.00017086762620140323
337499.99998868443,5788.1174210738036,-3936.7097311633042,-0.11876773886232454,4.2438046945114989,6.2396370737888667,-0.00013757207705553492
337799.99998871936,6739.1238708320625,-1893.1979806361794,-0.15320273724809716,2.0408834812646641,7.2648287534007183,-8.9983121753123041e-05
338099.99998875428,6991.4134675214145,346.60170460376963,-0.1718160420030703,-0.37363769442026235,7.5367980770359564,-3.3011467573921218e-05
338399.99998910353,6518.8287483774639,2550.465416852488,-0.17265894435715509,-2.7494194937155672,7.0273473485418299,2.7454466464167509e-05
338699.99998913845,5370.3677162559825,4489.8952003592121,-0.15562061171244845,-4.8401393810565443,5.7892970807120978,8.5157300353888257e-05
338999.99998980202,3665.1036075746997,5963.8098717872363,-0.12244179641311538,-6.4290304434726293,3.9510092980601814,0.00013411810194215556
339299.99998952262,1579.8392838771019,6819.3931651386256,-0.076536897259404546,-7.3513557064847896,1.7030788389507718,0.0001692555088559315
339599.99999018619,-669.22381006715523,6967.9377898702669,-0.02264261305779397,-7.5114880676280071,-0.72142756360308857,0.00018691259990701007
339899.99999022111,-2848.9014878649618,6394.042634675413,0.033670656738695043,-6.8928249919742299,-3.0711356393904556,0.00018523708922833863
340199.99999057036,-4733.2035297869015,5157.2095767554429,0.086574327639518181,-5.559509978409114,-5.1024262633601971,0.00016437550066054403
340499.99999060528,-6126.7644853540178,3385.6742764741289,0.13058469851161403,-3.6497821326991695,-6.6046941336142089,0.00012646103474542441
340799.99999064021,-6885.099292156423,1263.1105712097635,0.16113127140926159,-1.361643302215136,-7.4221835477578653,7.5395972360519568e-05
341099.99999036081,-6929.5835127048031,-990.41297964955265,0.17503146624718569,1.0676710579309108,-7.4701371373004744,1.6450581924594541e-05
341399.99999008141,-6255.6050720591384,-3141.2499364321711,0.17082239689076908,3.3862886528464706,-6.7435833010034285,-4.4280485313549557e-05
341699.99999074498,-4933.0423619631119,-4966.400489798385,0.14891503593669986,5.3538144090263344,-5.3178514208052876,-0.00010050837534017606
341999.99999109423,-3099.019239470299,-6276.6320693913149,0.11155442446818579,6.7662544136401594,-3.3407616887479521,-0.00014640159918300068
342299.99999144347,-943.68804777031198,-6936.0990308707369,0.062589686507037848,7.4771659104021673,-1.0172992995876216,-0.00017719132513277508
342599.99999210704,1309.4853524127245,-6876.4272320518285,0.0070773890497565434,7.4128406231623627,1.4116381530415354,-0.00018966736231897595
342899.99999182764,3426.8905640568437,-6103.8032304443595,-0.049240840162519332,6.5799472093855291,3.6942168540758367,-0.00018251308910753505
343199.99999217689,5188.9935855229814,-4698.3329878156355,-0.10053239660968635,5.0648402157133416,5.5937771873653119,-0.0001564443117720502
343499.99999221181,6413.098307711185,-2805.7365164083299,-0.14147792953672106,3.0246069635530142,6.9133710441421563,-0.00011413744270633721
343799.99999193242,6972.2887042062839,-622.239494695041,-0.16782306618205015,0.67078049337827761,7.5161818768856508,-5.9954307126048073e-05
344099.99999165302,6808.587603099988,1625.7716360338504,-0.17682038215453227,-1.7525926220073582,7.3397100138084559,5.0797362096704382e-07
344399.99999168795,5938.9677510748297,3705.2216492153548,-0.16751573139771339,-3.9942554211494326,6.4022525027923951,6.0995421839708646e-05
344699.99999172287,4453.5919865807673,5400.5119353502068,-0.14084916199310626,-5.8217910501791321,4.8010058116010494,0.00011524408581328954
344999.9999917578,2506.4650385637083,6535.8738656586938,-0.099559832357990471,-7.045719734970886,2.7019882899735972,0.00015762844300608287
345299.99999210704,299.46621627203001,6993.5925333376508,-0.047904610892560484,-7.5391439887751197,0.322827324013786,0.00018374430035627938
345599.99999182764,-1938.5815353829714,6726.2114844636098,0.0087807055432741251,-7.2509053892703275,-2.0898042790504787,0.00019086597514605532
345899.99999217689,-3975.6361418205647,5761.4530306241149,0.064632359242856083,-6.2108887949871212,-4.2857634446459159,0.00017823050033519356
346199.99999252614,-5600.494648095103,4199.34398452194,0.11386497535371326,-4.5269239339197922,-6.0373718697252929,0.00014711935119543997
346499.99999224674,-6644.6909003454803,2201.844786052869,0.15137068606129073,-2.3736054764792405,-7.1630219839326861,0.00010072893070693086
346799.99999259599,-6999.9621895602368,-23.942724002082514,0.17324906135215068,0.025809252412176239,-7.546006119628264,4.3842723464944105e-05
347099.99999200227,-6629.4739033463129,-2247.247740933868,0.17721287389647941,2.4225478258366744,-7.1466166164099869,-1.7661500866207239e-05
347399.99999235151,-5571.6384727267587,-4237.5569380389315,0.16282742622698751,4.5681155386864569,-6.0062624615225113,-7.7418863436271899e-05
347699.99999238644,-3936.1327271948603,-5788.5140614768006,0.13155829988672596,6.2400591295293966,-4.2431758683704217,-0.00012923625645039604
347999.99999210704,-1892.52660678692,-6739.3149879029124,0.08662220849580908,7.2650305815823595,-2.0401540582281479,-0.00016773462371038824
348299.99999182764,347.29781549497898,-6991.3799592954474,0.032656082874473615,7.536759854362824,0.37439289629288008,-0.00018890783792056739
348599.99999186257,2551.1142709196879,-6518.5744727313559,-0.024761556159000372,7.0270732480927824,2.7501234369644134,-0.00019053992101861238
348899.99999221181,4490.429633705503,-5369.9190676181861,-0.079687472494466546,5.7888148632705354,4.8407200377286861,-0.00017243703967144587
349199.99999224674,5964.1743121841973,-3664.5069616987321,-0.12642910031064669,3.9503679832124297,6.4294278091477555,-0.00013644997232656062
349499.99999291031,6819.5494081950555,-1579.1563926953806,-0.16013464842942449,1.7023442004118585,7.3515281541129633,-8.6284546754803287e-05
349799.99999263091,6967.8690745630647,669.92206563958769,-0.17729671004318828,-0.72217954614471525,7.5114170982768558,-2.711959827668039e-05
350099.99999235151,6393.7555271028705,2849.5424837245323,-0.17611710988433149,-3.0718268643800646,6.8925175317417589,3.4928012643328287e-05
350399.99999207212,5156.7333396569047,4733.7204806126647,-0.1566950838277732,-5.1029848856990299,5.5589976877207166,9.3435928334415554e-05
350699.99999179272,3385.0578224528413,6127.1034127857565,-0.12101917817206737,-6.6050621117443029,3.6491179268487031,0.00014234090333312011
350999.99999214197,1262.4173994722473,6885.2246012952155,-0.07276356127705072,-7.4223224841185544,1.3608957712523622,0.00017656676175729769
351299.99999217689,-991.11129895300803,6929.4816826307533,-0.016909660322099698,-7.4700320879880318,-1.0684245646775743,0.00019255080967576642
351599.99999221181,-3141.8811061785891,6255.2861450294859,0.040767917071521366,-6.7432444595406311,-3.3869697134449215,0.00018861431185597421
351899.99999224674,-4966.8989894652086,4932.5390710198562,0.094298183696769608,-5.3173135283527788,-5.3543515491042601,0.00016513868076806803
352199.99999228166,-6276.9461299553968,3098.3837288261511,0.13813171510609976,-3.3400808667782971,-6.7665909032005498,0.00012452894721586341
352499.99999200227,-6936.1962303067785,942.98642922837564,0.16771587124113219,-1.0165472377234681,-7.4772663019125529,7.0967886817782606e-05
352799.99999203719,-6876.2980105018132,-1310.180085421239,0.17996771392896424,1.4123821988704848,-7.4126949133743194,9.9857146664468832e-06
353099.99999238644,-6103.4618089378682,-3427.5064011914478,0.1735954640007806,3.6948750833868216,-6.5795717519457568,-5.2110613393779171e-05
353399.99999210704,-4697.8156382128936,-5189.46709491606,0.14923489672832591,5.5942817527321917,-5.0642753312358089,-0.00010888972302722846
353699.99999151332,-2805.09748264678,-6413.3811559391461,0.10938617941017714,6.9136708953937811,-3.0239119139547439,-0.00015446226607702279
353999.99999154825,-621.54521723784796,-6972.3523726701396,0.058157346251469171,7.5162472741818611,-0.67002694904256554,-0.00018409226973046969
354299.99999126885,1626.4492974246584,-6808.4260464949211,0.00084071520303052611,7.339534830524225,1.753327690493284,-0.00019468973355981443
354599.99999130378,3705.8126093844489,-5938.5979044674841,-0.056634038551337973,6.4018545943817466,3.9948969865292363,-0.00018513308422192157
354899.9999913387,5400.9548986023383,-4453.052107499102,-0.1083135551254512,4.8004255131340541,5.8222731630767584,-0.00015638777354010498
355199.99999168795,6536.1225930587152,-2505.8109595154597,-0.14883762042146884,2.7012848674662759,7.0459922250545279,-0.00011140851682794054
355499.99999140855,6993.6207176301969,-298.76574240889391,-0.1739951857672043,0.32207327104021022,7.5391780079719721,-5.4835174708562138e-05
355799.99999112915,6726.0156269578347,1939.2556142345577,-0.1811618834988446,-2.0905307688552663,7.2506968581603983,7.4862720980355966e-06
356099.9999914784,5761.0528990121293,3976.2136380343004,-0.16957360906982563,-4.2863868570969217,6.2104590203266836,6.9108054430713046e-05
356399.99999182764,4198.7805797850751,5600.9153167827881,-0.14040771628920837,-6.0378274168059649,4.5263172833319283,0.00012364768492265069
356699.99999186257,2201.1760807747155,6644.9106942455992,-0.096663283580553441,-7.1632622587113906,2.372884601651005,0.00016544874747639109
356999.99999189749,-24.647750434086269,6999.9578092861357,-0.042852690889068949,-7.5460058011822326,-0.026569845155666537,0.00019016708840826127
357299.99999130378,-2247.9161865150813,6629.2452600641363,0.015463750665431078,-7.1463750724725728,-2.4232692108569935,0.00019522183846794677
357599.99999102438,-4238.11948655181,5571.2088328306791,0.072252156190945549,-6.0058041472178481,-4.5687222919221133,0.00018006463374566943
357899.99999137362,-5788.9122818907754,3935.5464506310209,0.12162916383255984,-4.2425482878411849,-6.2404873150057547,0.00014623907289600151
358199.99999203719,-6739.5076023305946,1891.8445932849738,0.15847131813375082,-2.0394230816643772,-7.2652349459542283,9.7223952941305903e-05
358499.9999917578,-6991.347335274867,-348.00458057612138,0.17894668824972693,0.37515017495318786,-7.5367191507278521,3.8076027524642836e-05
358799.99999210704,-6518.3207044873407,-2551.7723799205664,0.18091356312868204,2.7508274704723754,-7.026792627261301,-2.5091265695312971e-05
359099.99999214197,-5369.4713599499228,-4490.9710922695403,0.16414467958606019,4.841297735776326,-5.7883248616599063,-8.5739553664370753e-05
359399.99999217689,-3663.9124881537796,-5964.5436284254038,0.13035341463874214,6.4298202296385156,-3.9497204990214629,-0.00013758251428302215
359699.99999189749,-1578.4771760071199,-6819.709122509621,0.083018867345372768,7.3516960308841792,-1.7016064790038585,-0.0001752378986052621
359999.9999916181,670.61561847068901,-6967.8033385528879,0.027027642633440766,7.5113440758375107,0.72293191096952658,-0.00019478677709692022
360299.99999102438,2850.1786567105082,-6393.4715194656947,-0.031830764708462744,6.8922113055647447,3.0725171451974709,-0.00019418172008744245
360599.9999910593,4734.2334109504191,-5156.2605226343767,-0.08746281713555451,5.5584892897041582,5.1035424264645428,-0.00017346129007544402
360899.99999140855,6127.4397387476884,-3384.4450735877517,-0.134101989515619,3.6484590748462495,6.605429250610432,-0.00013474836420917144
361199.99999144347,6885.3490073931735,-1261.7281680942283,-0.16690661060243436,1.3601540931569891,7.4224606853861115,-8.2032295358103524e-05
361499.9999914784,6929.380700480041,991.80546462224322,-0.18246247168127816,-1.0691723482176949,7.4699263994214613,-2.0757395908238445e-05
361799.99999088468,6254.9696794293131,3142.5079759495588,-0.17913803303113873,-3.3876459188173182,6.7429054062713449,4.2739655727340521e-05
362099.99999123393,4932.0394185033101,4967.3932255047675,-0.15725532247047366,-5.3548858893889921,5.3167760288440267,0.0001018852291633862
362399.99999126885,3097.7522329894946,6277.2560733003811,-0.11905870213110928,-6.7669278211914623,3.3394004380544833,0.00015054913191842796
362699.99999098945,942.2881607949638,6936.2892602755674,-0.068484594510446986,-7.4773705739970104,1.0157941612846693,0.00018367960224255459
362999.9999913387,-1310.8730036162453,6876.1639314573849,-0.010755840013804368,-7.4125551536629066,-1.4131299479848953,0.0001978272680029729
363299.9999910593,-3428.1221962985314,6103.1140088132024,0.048157518312396549,-6.5792017696461604,-3.6955395969760065,0.00019150392237532319
363599.99999109423,-5189.9418379390172,4697.289855294016,0.10215541522636833,-5.0637131616512088,-5.594793234991088,0.00016533896309821729
363899.99999081483,-6413.665547409355,2804.4482163737848,0.14563919707204317,-3.0232162919864605,-6.9139752895009332,0.00012201710276060846
364199.99999053543,-6972.4170996158391,620.84001547767673,0.1740920347220776,-0.66927116052586333,-7.516312545315758,6.600339769344065e-05
364499.99999088468,-6808.2649556692704,-1627.1370991729013,0.18454817875293175,1.7540640323430021,-7.339354723087288,3.0835405768398323e-06
364799.99999060528,-5938.2285479009679,-3706.4117555688808,0.17590227462021277,3.9955369595962882,-6.4014490925505863,-6.0233471960745263e-05
365099.99999095453,-4452.5136374579024,-5401.4037568935364,0.14902639533006526,5.8227509351040201,-4.7998380195668107,-0.00011738874103747275
365399.99999130378,-2505.1597744129926,-6536.3754188421926,0.10668231115732156,7.0462595744671521,-2.700576896051373,-0.00016245322812507307
365699.9999913387,-298.06950820985747,-6993.6521093085357,0.053237749810891091,7.5392085364551669,-0.32131774034682953,-0.00019074327637685405
365999.99999137362,1939.9248609101985,-6725.8228708720044,-0.0057842149718378847,7.2504879761805112,2.0912567315281376,-0.00019930780006413009
366299.99999203719,3976.7866798289533,-5760.6561469890776,-0.064276116334628694,6.2100320016176784,4.2870091454307211,-0.00018723631959210432
366599.99999144347,5601.3326937782685,-4198.2208782505422,-0.11617829402414111,4.5257154539119702,6.0382820207059424,-0.00015575563230154165
366899.9999914784,6645.1288042904534,-2200.5113244434283,-0.15610682470727819,2.3721694673974567,7.1635018178812233,-0.00010810489419108597
367199.99999151332,6999.9535048928064,25.348633212890736,-0.17991205715877875,-0.027324554470721067,7.5460048632727892,-4.9201937559312771e-05
367499.99999123393,6629.0184008025017,2248.5803376496337,-0.18510979667225147,-2.4239852146211462,7.1461331792900564,1.4864658225288962e-05
367799.99999158317,5570.7823938023457,4238.6777245437315,-0.17114036197478305,-4.569325158355821,6.0053460566870633,7.7465143715046216e-05
368099.99999130378,3934.9641628161412,5789.3063257788672,-0.13942856502136419,-6.2409143646996252,4.2419212922049825,0.00013211463443221387
368399.99999165302,1891.1663926587898,6739.6961369524488,-0.093238270394819425,-7.2654416904981156,2.0386919361147267,0.00017314461421091815
368699.99999137362,-348.70871844345737,6991.3102759037502,-0.037336441767428959,-7.536683701301282,-0.37590987549332516,0.00019629046727151839
368999.99999109423,-2552.4296085767446,6518.0613376346455,0.022498725370348742,-7.0265179800343383,-2.7515368151857507,0.00019913431846250418
369299.99999050051,-4491.5132375446792,5369.016146778963,0.080074865539368503,-5.7878389507427412,-4.841882483158706,0.00018135738030314284
369599.99999022111,-5964.914368808415,3663.3084685462104,0.12942608722739637,-3.9490737882335947,-6.4302187045214021,0.00014477558295206849
369899.99999057036,-6819.8700590958306,1577.7871034075963,0.16543101228543253,-1.7008669027862569,-7.3518661244814023,9.3154495530936728e-05
370199.9999909196,-6967.7381651377164,-671.3199397871515,0.18434424732818025,0.72368635825062411,-7.5112682021197026,3.1822228988880756e-05
370499.99999064021,-6393.1877376493421,-2850.8241055077388,0.18418613479093912,3.0732072689315961,-6.8918983498883462,-3.2880116015218594e-05
370799.99999098945,-5155.7884514787493,-4734.7533670988432,0.16495016357218115,5.1040966944347606,-5.5579731519187821,-9.4253945345310029e-05
371099.99999039574,-3383.834394941663,-6127.7809804525996,0.12860621873800279,6.605791227175291,-3.6477943038154281,-0.00014593688305906979
371399.99999043066,-1261.0425327123132,-6885.4770138194344,0.078898984341104886,7.4225942790617045,-1.3594096113428575,-0.00018256275621261238
371699.99999046559,992.49501145056854,-6929.2829004318783,0.02096209181566111,7.4698187449960187,1.0699203141064544,-0.00020031920701802533
371999.99999018619,3143.1301442553827,-6254.6565557568583,-0.039212212799616772,6.7425677046667793,3.3883211071789985,-0.00019734482171854877
372299.99998990679,4967.8835844153127,-4931.5434449413442,-0.095393036465056105,5.316242525785281,5.3554191559096544,-0.00017392430479757045
372599.99998931307,6277.56358345636,-3097.1246935800173,-0.14175622176689232,3.3387254496427685,6.7672639689790035,-0.00013246122829119601
372899.999989348,6936.3815801326691,-941.59404860170343,-0.17348823174941275,1.0150470040752997,7.4774742529340195,-7.7231021402427363e-05
373199.99998938292,6876.0309074748329,1311.5616056426325,-0.18728588666765153,-1.4138719568835949,7.4124149829325949,-1.3939713982133564e-05
373499.99998973217,6102.7688577149966,3428.7336219411495,-0.18170007930828957,-3.6961993760350742,6.5788318430836865,5.0865882072675509e-05
373799.99998945277,4696.7678487201456,5190.4123119503683,-0.15728775094602826,-5.5953021780292742,5.0631515907226019,0.00011047546863934549
374099.99998917338,2803.8030130277061,6413.9458488792652,-0.11655626466790264,-6.9142804487125353,3.0225210708656709,0.00015870992120355529
374399.99998857966,620.1381233209238,6972.4776481812542,-0.063705797365471953,-7.5163819408554167,0.66851412029641188,0.00019056144689182691
374699.9999889289,-1627.8231560725969,6808.0989027384985,-0.0041962586633599655,-7.339180552515467,-1.7548044510410497,0.00020271306202697487
374999.99998864951,-3707.0108895506264,5937.8525947452845,0.055816614135138658,-6.4010487504241533,-3.9961835354797732,0.00019388368653544335
375299.99998837011,-5401.8537441872822,4451.966466932271,0.11011780748325639,-4.7992527736565354,-5.8232356772715521,0.00016496310738144714
375599.99998903368,-6536.6295468014723,2504.4981218948219,0.15307649257602046,-2.6998679658842053,-7.0465312313612998,0.00011892263612850799
375899.99998938292,-6993.6842402340772,297.36220310392002,0.18022985863657948,-0.32055983700798751,-7.5392385609341126,6.051031785022976e-05
376199.99998910353,-6725.630271263487,-1940.604278327402,0.18874681565971937,2.0919837910086461,-7.2502738732586325,-4.2382564708627594e-06
376499.99998913845,-5760.259657113208,-3977.3678832783239,0.17772335161917499,4.2876295079068454,-6.2095973347353395,-6.862334108780848e-05
376799.99998980202,-4197.6624468593282,-5601.7559712692719,0.14827865085689293,6.0387319970301592,-4.5251066118884156,-0.00012597434343554524
377099.99998983694,-2199.8493869722661,-6645.3510947718642,0.10344167053621835,7.1637361119245258,-2.3714500874928324,-0.00017034126340863476
377399.99999018619,26.045335874671053,-6999.9525792464574,0.0478396031102074,7.5460004735952859,0.028080465529356943,-0.00019711244090346537
377699.99998990679,2249.2397375662486,-6628.7948822836424,-0.012779740751236879,7.1458910583459421,2.4247005255448419,-0.00020349429282319663
377999.99999025604,4239.2316247014587,-5570.3596080982243,-0.072142290360077549,6.0048908528792522,4.5699268455989559,-0.00018880299834780648
378299.99998966232,5789.6972358622925,-3934.3858488675969,-0.12409728123726452,4.2412992218969601,6.2413405022997264,-0.00015453762435488583
378599.99998938292,6739.8831745246052,-1890.4923930813295,-0.16325470860713437,2.0379666231014406,7.265647820104336,-0.00010422691527768043
378899.9999887892,6991.2735036844024,349.40849483005758,-0.18554454946112006,-0.37666362018629912,7.5366478223776676,-4.3065509924812779e-05
379199.99998850981,6517.8039756993276,2553.0823958498163,-0.18863972293567702,-2.7522407983414636,7.0262432573968994,2.2622773913823493e-05
379499.99998791609,5368.5643302986682,4492.0510064313448,-0.17219886219831448,-4.8424635123999211,5.7873535404739833,8.6038999392076194e-05
379799.99998763669,3662.7085517158948,5965.2809385238816,-0.13790363495233995,-6.4306163533197536,3.9484277913014734,0.00014061278695571866
380099.99998798594,1577.1008595865669,6820.0269259601819,-0.089286618183727212,-7.3520389060609785,1.7001270440015046,0.0001806827779495087
380399.99998833518,-672.02167693351407,6967.6684988657598,-0.031367402436885544,-7.5111977030149157,-0.7244435407197668,0.00020208351164751286
380699.99998868443,-2851.4687174758565,6392.8981913433618,0.029865571900570431,-6.8915911889951582,-3.0739030629938089,0.00020257804619969237
380999.99998840503,-4735.2739537943144,5155.3086289404728,0.088073991990183592,-5.5574606907477699,-5.1046581854736601,0.00018209156809187723
381299.99998843996,-6128.1234613810921,3383.2139036915191,0.1372255645744665,-3.64712984665492,-6.6061591478643553,0.00014272169599470884
381599.99998816056,-6885.6059409859163,1260.3458601381758,0.17221903790359006,-1.3586630250743168,-7.4227297477585577,8.8524111964977662e-05
381899.99998882413,-6929.1853320575119,-993.19539325014478,0.18941365317358824,1.0706703030721783,-7.4697078788234919,2.5095256475323082e-05
382199.99998885905,-6254.3433846944217,-3143.7615687474154,0.18700807031526098,3.3889958425689208,-6.7422231024812946,-4.1005192434784956e-05
382499.99998889398,-4931.0480413814357,-4968.3809421560636,0.16522927050942196,5.3559488106214523,-5.3157013770042969,-0.00010293262049176892
382799.9999889289,-3096.4991225808158,-6277.8760492673591,0.12631153755978183,6.7675947459308805,-3.3380448150988937,-0.00015426644277935701
383099.99998833518,-940.9034743327569,-6936.4776300671774,0.074267360617981754,7.4775732927100744,-1.014297360239532,-0.00018967619541043683
383399.99998868443,1312.2456637839118,-6875.9012784659599,0.014473712570493444,7.412272941338296,1.4146139236901909,-0.00020547547667762952
383699.99998903368,3429.340445362026,-6102.4273164135484,-0.046883617885189202,6.5784634058337064,3.6968580231132022,-0.00020000600910917709
383999.9999890686,5190.8790560143771,-4696.2497998210338,-0.10345016063476233,5.0625941338676128,5.5958100382924734,-0.00017381171749560227
384299.99998847488,6414.2238963141635,-2803.1620383698601,-0.14936104519783966,3.0218313938880432,6.9145848996290891,-0.00012958454570107165
384599.99998819549,6972.5376951512681,-619.4406275267803,-0.17984917324744112,0.6677630857290423,7.5164508889349815,-7.1887476163944657e-05
384899.99998791609,6807.9341323444942,1628.5047143399211,-0.19174018384507582,-1.755539102624982,7.3390062122322783,-6.6833768460482651e-06
385199.99998826534,5937.479508224751,3707.6055522743459,-0.18378282980265084,-3.9968254805954575,6.400648753084397,5.9281537855667377e-05
385499.99998798594,4451.4232278841218,5402.2994460680338,-0.15678042819671006,-5.823718147448905,4.7986683324900383,0.0001191757748300607
385799.99998833518,2503.8405961611888,6536.8796003864691,-0.11350964809287557,-7.0468039881020088,2.6991594365826024,0.00016678988716464007
386099.99998837011,296.65819138721912,6993.7121703499715,-0.058434910842490979,-7.5392729369451006,0.31980044767041593,0.0001971798687383768
386399.99998809071,-1941.2820056961816,6725.432590897758,0.0027521836078892399,-7.2500656676098503,-2.0927152980903299,0.00020718009350904798
386699.99998781132,-3977.9490704662217,5759.8563490856905,0.063720897906365537,-6.2091674977745539,-4.2882567565235483,0.0001957327585763586
386999.99998753192,-5602.1802438210661,4197.0950510385037,0.11815617092665871,-4.5244995530002114,-6.0391889606323961,0.00016399969160234425
387299.99998725252,-6645.5744217487536,2199.1767599996547,0.16041256126929668,-2.3707293865875396,-7.1639744522135818,0.0001152447421736306
387599.99998728745,-6999.9520572404954,-26.753222904568297,0.18609967872042965,0.028838827531550312,-7.5459951979999111,5.4498548200798848e-05
387899.99998700805,-6628.5712039908294,-2249.9093252734224,0.19253842180384056,2.4254167333348509,-7.1456434378540523,-1.1960094548614986e-05
388199.9999873573,-5569.93685071243,-4239.79366044571,0.17904057615773283,4.5705262727704801,-6.0044279695885265,-7.7252989025782616e-05
388499.99998739222,-3933.8086722369417,-5790.0940455739101,0.14698251574779653,6.2417617269811752,-4.2406703535628463,-0.00013461447696496117
388799.99998711282,-1889.8211375807641,-6740.0744776881147,0.099665036322924422,7.2658485708839669,-2.0372373863864204,-0.00017809282802140595
389099.99998714775,350.10416477397922,-6991.240288905884,0.041973535137708462,7.5366085393506514,0.37741829108894148,-0.00020316821547356178
389399.99998686835,2553.7305350630754,-6517.5501988611022,-0.020126483947294781,7.0259684299543359,2.7529439302312246,-0.00020722294090128488
389699.9999872176,4492.5845872772807,-5368.1164350880663,-0.08020644380551728,5.7868711341597212,4.8430433229256149,-0.00018981485963760164
389999.99998756684,5965.644556500888,-3662.112875787891,-0.13204037322590728,3.9477868147077255,6.4310131267649036,-0.00015272540055396086
390299.99998791609,6820.1825048578885,-1576.4190599622043,-0.170250233583772,1.6993930958168941,7.3522111816862061,-9.9777014824933805e-05
390599.99998826534,6967.5993478673254,672.71885901421263,-0.19086395532085587,-0.7251947290507621,7.5111269725131642,-3.6438861876471233e-05
390899.99998861458,6392.6108795782075,2852.1087586732428,-0.19172827124147232,-3.0745935489974143,6.8912842268727701,3.0738456630551333e-05
391199.99998864951,5154.8323899916031,4735.7901217800272,-0.1727334690160203,-5.1052161712811444,5.5569489828022123,9.4800566008682415e-05
391499.99998868443,3382.5976260082698,6128.4617800333544,-0.13582666557929779,-6.6065265696294384,3.6464662062496118,0.00014910921039524064
391799.99998840503,1259.653022050639,6885.7308028194384,-0.0848121022211554,-7.4228682093474889,1.3579160062580129,0.00018802985145055135
392099.99998812564,-993.89324607934827,6929.0831979341629,-0.024958996840638317,-7.469602482479246,-1.0714233727449645,0.00020751584984392055
392399.99998847488,-3144.3921922169689,6254.0242657246808,0.03754260855881715,-6.7418840846359922,-3.3896766059254264,0.00020552882504921736
392699.99998882413,-4968.8788726706853,4930.5446130761575,0.096221846364365274,-5.3151634546917901,-5.3564858574422596,0.00018225169468202832
392999.99998917338,-6278.1895477003736,3095.8634685394309,0.14499677484718052,-3.3373640358606678,-6.7679313304012938,0.00014007222059028555
393299.9999892083,-6936.5742849519875,940.20165983015488,0.17880464550593986,-1.0135453520842517,-7.4776738575036799,8.3338466705683154e-05
393599.99998861458,-6875.771535179374,-1312.9406355510005,0.19412742500090285,1.4153578552924095,-7.4121273319634078,1.7911047059509808e-05
393899.99998864951,-6102.0854364394654,-3429.9565225584474,0.18935801665271157,3.6975159367274983,-6.5780879063105075,-4.9441937417724672e-05
394199.99998868443,-4695.7321295946185,-5191.3527822494598,0.16496899812148627,5.5963139649532447,-5.0620291367255685,-0.00011174495119126375
394499.99998903368,-2802.5229173894486,-6414.5069459620718,0.12346607561034462,6.9148837873523501,-3.0211363511889484,-0.00016253767663429843
394799.99998875428,-618.74658172009822,-6972.6016110061537,0.069130754169332537,7.516515180629507,-0.66700986524630845,-0.00019654529444769323
395099.99998847488,1629.1818283972236,-6807.7729745678917,0.0075786188206315389,7.3388300987784421,1.7562734988696702,-0.00021022668213044749
395399.99998850981,3708.1957447223704,-5937.1102974748683,-0.054821181013025501,6.4002503743584906,3.9974661951260924,-0.00020214340281669987
395699.99998885905,5402.7415876617042,-4450.8842262563876,-0.11160517637376208,4.7980881187250413,5.8241995291253037,-0.00017311095079624862
395999.99998826534,6537.1276006852768,-2503.1875712157184,-0.15688524591508066,2.6984565517496963,7.0470761036277008,-0.00012611635274848879
396299.99998830026,6993.7398272506043,-295.95881604824228,-0.18595926455323461,0.31904714536780043,7.5393070204849479,-6.6010518341350338e-05
396599.99998833518,6725.2364358513041,1941.9550612125354,-0.19579937276387979,-2.0934410322893586,7.2498575415233626,9.9285004767759418e-07
396899.99998774147,5759.4561349893647,3978.525692094036,-0.18536717802856315,-4.2888795036284604,6.2087382935779436,6.7959896559559982e-05
397199.99998746207,4196.5317488422897,5602.6002145925822,-0.15572312134737806,-6.0396439368272787,4.5238934931036638,0.0001279542342598713
397499.99998781132,2198.5083139769972,6645.7936894759559,-0.10991856153609972,-7.1642142350988198,2.3700090506518157,0.00017475524405826211
397799.99998784624,-27.457861016161623,6999.9473015680505,-0.052681621519997918,-7.5459944855328098,-0.029598963661025157,0.00020350272111955878
398099.99998819549,-2250.577290146115,6628.3423040607086,0.010070825326949815,-7.1454016383674448,-2.4261377857694058,0.0002112011980283946
398399.99998823041,-4240.3556755834443,5569.5070281400267,0.071844668509325096,-6.0039695480035915,-4.5711328698628488,0.00019703178319694189
398699.99998857966,-5790.4917175505916,3933.2222289881229,0.12624043340549271,-4.2400427618512859,-6.2421899529914402,0.00016243918626238275
398999.9999889289,-6740.2665460738663,1889.1389219207608,0.16761608477693865,-2.036506424036078,-7.2660531022147854,0.00011098471277255481
399299.99998896383,-6991.2071251526877,-350.81118570267029,0.19167218568852887,0.37817553524268926,-7.5365679846677773,4.7980073270588949e-05
399599.99998931307,-6517.2959153755082,-2554.3889286013796,0.19589874521753969,2.7536478050643871,-7.025687817252491,-2.0060537025524122e-05
399899.99998966232,-5367.6682967008037,-4493.126313281904,0.17983727769713348,4.8436205802429129,-5.7863810056588632,-8.6093751561653844e-05
400199.99999001157,-3661.5181581322322,-5966.0141009953595,0.14513063759194417,6.4314047408119999,-3.947139229430856,-0.00014327622734821915
400499.99998973217,-1575.7398839896264,-6820.3424491078176,0.095355143100415485,7.3523779881468458,-1.6986555145549567,-0.00018567417769323113
400799.99998945277,673.41203933894644,-6967.5339379566212,0.035652087902073214,7.5110528920961155,0.7259465864215654,-0.0002088795337441344
401099.99998917338,2852.7442796770333,-6392.3273995533937,-0.027803394346458545,6.8909772809748731,3.0752830346528377,-0.00021046858674004238
401399.9999892083,4736.3022605711576,-5154.360352368044,-0.088441202666228194,5.5564404037883257,5.1057728881090538,-0.00019025527261902286
401699.99998924322,6128.7973407070995,-3381.9858718610099,-0.13997671473086165,3.6458076948942852,6.6068931455491171,-0.00015031258963976141
401999.99998959247,6885.8546022219271,-1258.9648847563058,-0.17706226929620852,1.3571749878473784,7.4230062770745873,-9.4759748125892743e-05
402299.99998962739,6928.9818254848888,994.58634236787623,-0.19584210536726634,-1.0721704088363802,7.469497063274626,-2.9337007254269875e-05
402599.99998997664,6253.7076241069872,3145.0181200978195,-0.19435316322190904,-3.3903521342058704,6.7415455447156827,3.9187789769193765e-05
402899.99999001157,4930.0449765341309,4969.3723310152118,-0.1727301140986969,-5.3570196179681107,5.3146265454069006,0.00010371950564359893
403199.99998973217,3095.2321528155485,6278.498885595377,-0.13319326527597358,-6.7682677489359993,3.3366841676326531,0.00015757029606379566
403499.99999039574,939.50370666578726,6936.6668675815472,-0.079820468677430992,-7.477777708896717,1.0127927583648251,0.00019515244753948036
403799.99998980202,-1313.6331261722623,6875.6371393176123,-0.018126516799446268,-7.4119872620983465,-1.4161052238202958,0.00021255778700876238
404099.99998983694,-3430.5718219660234,6101.7374095830037,0.045506582532897355,-6.5777177502319812,-3.6981802284559584,0.00020796374165958301
404399.99999018619,-5191.8269947622257,4695.2061587540738,0.10448962796202385,-5.0614669066044051,-5.596825418567362,0.00018182401452193156
404699.99998990679,-6414.7907940729747,2801.8734521160663,0.1527083613574404,-3.020440720198653,-6.9151883138618633,0.00013682401326958711
404999.99998994172,-6972.6657933053175,618.04112407482387,0.1851571814880146,-0.66625406694736911,-7.5165806309621255,7.7605350862567447e-05
405299.99998997664,-6807.6113434740037,-1629.8699267211111,0.19845880001655433,1.7570097824554978,-7.338650068587115,1.0287521128745835e-05
405599.99998969724,-5936.7404456138083,-3708.7951878309395,0.19121588616185428,3.9981058934119216,-6.3998447881987559,-5.8164159264716393e-05
405899.99998973217,-4450.3453986834093,-5403.1907002937614,0.16415802579734617,5.8246766685472924,-4.7975004829228434,-0.00012065919378570101
406199.99999008141,-2502.5362659225616,-6537.3806574816244,0.12006846055012069,7.0473424813377816,-2.6977485814688698,-0.00017071658714922991
406499.9999894877,-295.26278423054993,-6993.7714972590165,0.063497888533637581,7.5393364410596373,-0.3182919536113783,-0.00020313733569565301
406799.99998952262,1942.6237915587742,-6725.0441152892599,0.00029472721690623142,7.2496477428796986,2.0941663028204998,-0.00021454478782126002
407099.99998955755,3979.0980106006873,-5759.0600554011335,-0.062999650574187549,6.2083108249030206,4.2895009401980504,-0.00020373656571312461
407399.99998990679,5603.0168238245924,-4195.9729540800154,-0.11982811843779063,4.5232917602219507,6.0400978295191576,-0.00017181129388988336
407699.99998962739,6646.0111287070004,-2197.8446309571846,-0.16429725795127409,2.3692944473470869,7.1644534527052475,-0.00012205678260157722
407999.99998966232,6999.9425208286693,28.157633255503256,-0.19178861946257553,-0.030352946708999969,7.5459936458822519,-5.9611116443269336e-05
408299.99998938292,6628.1151907111134,2251.2404076158878,-0.19943835460137263,-2.4268530678727873,7.1451601794427733,9.0682976900493523e-06
408599.99998941785,5569.0805389523357,4240.9130347761538,-0.18643542387515194,-4.571735115837968,6.0035120480759367,7.6872732916342381e-05
408899.99998913845,3932.640060716004,5790.8850639795373,-0.15410737271553621,-6.2426164841738512,4.2394163635175683,0.00013677799484101673
409199.99998854473,1888.4609901507151,6740.4545520631809,-0.10578467378204169,-7.266259405599973,2.0357758171082101,0.00018257192544726203
409499.99998857966,-351.51493436504529,6991.1696851554671,-0.046457556249357615,-7.5365321877275804,-0.37893479177625844,0.00020949826408797349
409799.99998924322,-2555.045687295486,6517.0362798159167,0.017739284732664052,-7.0254129463665382,-2.7543568482942025,0.00021475026311070154
410099.99998896383,-4493.6679393524928,5367.2128795043764,0.080160903814680579,-5.7858949952064558,-4.8442052105381181,0.00019776299362914785
410399.99998868443,-5966.3843040990669,3660.9139404090265,0.13433973837647378,-3.9464924875637259,-6.4318032896272319,0.00016027402248010685
410699.99998903368,-6820.5028412435013,1575.0495713208961,0.17465557849648394,-1.6979159140608509,-7.3525482621473905,0.00010614596975269685
410999.99998969724,-6967.4682142096181,-674.11665396090837,0.19691854052752697,0.72670103742594572,-7.5109771563416601,4.0968955250331484e-05
411299.99998973217,-6392.0430832755701,-2853.3900428915549,0.19880459239551881,3.0759730188396213,-6.8906643086681472,-2.8516337962326984e-05
411599.99999008141,-5153.8878321706716,-4736.8225032107039,0.18009832257669028,5.1063267077603625,-5.5559241229519207,-9.5115612099985931e-05
411899.99999011634,-3381.3749309234236,-6129.138830328694,0.14271752017005698,6.6072542988354215,-3.6451428244701654,-0.00015192592487529505
412199.99998983694,-1258.2792847677658,-6885.9828609882325,0.090516708079851627,7.4231387869435297,-1.3564306811443814,-0.00019305148892383061
412499.99998987187,995.27552616866672,-6928.8843862911917,0.028889706163517895,7.4693883592225161,1.0729178248604376,-0.00021421593493983648
412799.99998990679,3145.6396513148047,-6253.3950756562572,-0.035787796533565917,6.7412071549459354,3.3910264906216194,-0.00021320730028489193
413099.99999025604,4969.8619308499101,-4929.5498322228377,-0.096818014266834021,5.314092898493068,5.3575520515656256,-0.00019010932838664472
413399.99999029096,6278.8056769302793,-3094.6056504888261,-0.14787484121945849,3.3360095439097717,6.7686033512141695,-0.0001472948575315582
413699.99999064021,6936.7586301524707,-938.81073375422841,-0.18365970854579666,1.0120462780756982,7.4778812833278563,-8.9181811393357029e-05
413999.99999067513,6875.5037756720358,1314.3206279220315,-0.20045148354890543,-1.4168464929189455,7.4118473954950979,-2.1776981512646684e-05
414299.99999102438,6101.3921317728764,3431.1822779789854,-0.19649333590600321,-3.6988393475745447,6.577348372928947,4.7945164054450393e-05
414599.9999910593,4694.6842054730569,5192.2966780131674,-0.17217638027157314,-5.5973338180231922,5.0609059515837025,0.00011276429270473422
414899.99999077991,2801.2284496618181,6415.0704852260078,-0.13000095775027792,-6.9154930205427858,3.019746069499925,0.0001659618759596393
415199.99999081483,617.33955731688593,6972.7258897837919,-0.074319445312638927,-7.5166496530942526,0.6654975069169865,0.00020201730573896081
415499.99999116408,-1630.5555610676693,6807.4449650007291,-0.010887095532873675,-7.33847562655248,-1.7577498441402011,0.00021718042878535006
415799.999991199,-3709.3938379667657,5936.3642483903122,0.053732731445224662,-6.3994442905012514,-3.9987522837081646,0.00020986127413546134
416099.99999123393,-5403.6401743390516,4449.7980063386276,0.11284751572496834,-4.7969151605591511,-5.8251614248094556,0.00018079661983346398
416399.99999158317,-6537.6342523223875,2501.8743656123779,0.16032854233209271,-2.6970395955651227,-7.0476142988153194,0.00013297602342860775
416699.9999916181,-6993.8030771470594,294.55517623969109,0.19124620636195544,-0.31753399006289224,-7.5393666433215847,7.1334686334770502e-05
416999.99999165302,-6724.8509538544195,-1943.3035526810731,0.20238184656328559,2.0948933481483132,-7.2494336909059092,2.2445474564016398e-06
417299.99999137362,-5758.663039133171,-3979.6795480560399,0.19256295361879275,4.2901210469103548,-6.2078760391373695,-6.7144103798874491e-05
417599.99999172287,-4195.4141333131902,-5603.4403830523006,0.16278678507886427,6.0405471687775023,-4.5226827546391428,-0.00012964259088357592
417899.9999917578,-2197.1825466917821,-6646.2336734726678,0.11611927996350858,7.1646867619801089,-2.3685750729212787,-0.00017876881715546381
418199.99999116408,28.854154505938602,-6999.9419014297682,0.057379451051989112,7.5459881461317329,0.031108492082510611,-0.00020941993348917669
418499.99999151332,2251.8993213036588,-6627.8921423704369,-0.007358281025823827,7.1449171572544916,2.4275676641629325,-0.00021840274719272856
418799.99999186257,4241.4662491870631,-5568.6584647774143,-0.071392393420143654,6.0030564212865896,4.5723359423650214,-0.00020476660442340173
419099.99999221181,5791.2752491299643,-3932.0626957667127,-0.12808816709733681,4.2387944186515085,6.2430419184837573,-0.00016990397414950499
419399.99999224674,6740.6409725687636,-1887.7880871197458,-0.17156527660511414,2.0350510349463624,7.2664652235299174,-0.0001174080999361129
419699.99999165302,6991.1324872963405,352.21358550244963,-0.19730775387464516,-0.37968783005842199,7.536496439639266,-5.2702342443845874e-05
419999.99999200227,6516.7787040039075,2555.697440473341,-0.20263303191239654,-2.7550601531356333,7.0251386820220976,1.7520440697257612e-05
420299.99999235151,5366.7610323317922,4494.2048417172964,-0.1869713641796614,-4.8447856808739207,5.7854101793872861,8.5990404016543116e-05
420599.99999238644,3660.3141438111456,5966.7501870956721,-0.15192656177061589,-6.4322004821855581,3.9458470738458242,0.00014561337394789533
420899.99999305001,1574.3635716252795,6820.6591852272959,-0.10111163959576799,-7.3527206605519222,1.6971765529917737,0.00019020570836399193
421199.99999308493,-674.81803827913461,6967.3981582509605,-0.039776270952831656,-7.51090634974992,-0.72745783234878303,0.00021513529109738137
421499.99999343418,-2854.0342215593651,6391.7532431032832,0.025735508823632632,-6.8903569387527135,-3.0766685734901724,0.00021780234457092129
421799.9999934691,-4737.3426114446538,5153.4077567523245,0.088641342294556669,-5.5554115368976831,-5.1068881511448865,0.00019791030477816422
422099.99999350403,-6129.4808001713,3380.7541765077081,0.14242255077986357,-3.6444782771909896,-6.6076223433526593,0.00015749865131074907
422399.99999385327,-6886.1112496744872,1257.5822901404852,0.1814995105354304,-1.3556839829915577,-7.4232744536433861,0.0001007340829808719
422699.99999420252,-6928.786247566024,-995.97627761081799,0.2018104926995469,1.073667897882489,-7.4692776095223099,3.3481309915314976e-05
422999.99999392312,-6253.0813309399555,-3146.2714519502792,0.20123393315817731,3.3917011393847107,-6.7408624906591568,-3.7302506502096629e-05
423299.99999395804,-4929.0539307090239,-4970.3596206789844,0.1798101945218761,5.3580812788754466,-5.3135515597728062,-0.00010428729860843771
423599.99999399297,-3093.9797738518027,-6279.1184198685924,0.13973957042776639,6.7689332996248082,-3.3353287876517723,-0.00016052926503598751
423899.99999371357,-938.12014674440672,-6936.8549595453333,0.085156439848908971,7.4779792338051925,-1.0112968011444019,-0.00020019098973267813
424199.99999343418,1315.0043660197712,-6875.3745351104944,0.021702708114338828,7.4117043089355867,1.4175879015467632,-0.00021914769074102232
424499.99999315478,3431.7885144399479,-6101.0511936835701,-0.044055454700200801,6.576979262134147,3.6994971630473095,-0.00021541648932939638
424799.99999287538,5192.7627098108715,-4694.167020169125,-0.10530724064833591,5.0603483749185409,5.5978408517223306,-0.00018936392267568402
425099.99999322463,6415.3478661713243,-2800.5885418635021,-0.15570279114394392,3.0190567704029072,6.9157969496599643,-0.00014366995427351077
425399.99999325955,6972.7854332935613,-616.64321869667378,-0.19001158740929974,0.66474713901733939,7.5167185299266901,-8.3052047871631711e-05
425699.9999936088,6807.2799026661469,1631.2360091545938,-0.20466534259909752,-1.7584837847291841,7.3383016207489726,-1.3777807321801909e-05
425999.99999395804,5935.9910729069034,3709.9875274110263,-0.19812904105641427,-3.9993936107447929,6.3990448638397188,5.6983349550521808e-05
426299.99999430729,4449.2548428830378,5404.0850875621591,-0.17106157461610785,-5.8256434026698649,4.7963313420462672,0.00012190231598772633
426599.99999465654,2501.2170462843605,6537.8836977808924,-0.12624922162774424,-7.047886656012162,2.6963316268077455,0.00017424934434115354
426899.99999437714,293.85148011137903,6993.8305518294173,-0.068318741460325197,-7.5394006925498438,0.31677505328356159,0.00020859142208068209
427199.99999378342,-1943.9808727073546,6724.6529354869008,-0.0032596699109676158,-7.2492252454858352,-2.0956245360644203,0.00022135580448031812
427499.99999381835,-3980.2602738318978,5758.2594602545869,0.06219485504331522,-6.207446051101611,-4.290748159857789,0.00021120139601018878
427799.99999353895,-5603.8641588576538,4194.8464770781111,0.12126476618760872,-4.5220755949610751,-6.0410041891828827,0.00017915951495570576
428099.99999357387,-6646.4564738367062,2196.5096196445775,0.16782522468649422,-2.3678542634781645,-7.1649252866177155,0.00012852933142853796
428399.99999392312,-6999.9408174037899,-29.562408583258328,0.19704161383096883,0.031866984073284518,-7.5459830413037112,6.4538522746389088e-05
428699.99999364372,-6627.6678741598325,-2252.5693034653559,0.2058715762359038,2.4282839055404417,-7.1446695545392478,-6.1961022651825338e-06
428999.99999336433,-5568.2351480502039,-4242.0286506208422,0.19338194909542247,4.5729351265998872,-6.0025933841556078,-7.6352536099937572e-05
429299.99999308493,-3931.4850980370561,-5791.6723629096277,0.16084752404838124,6.2434624968493244,-4.23816536835497,-0.00013866148017035475
429599.99999280553,-1887.1166633245166,-6740.8325484977286,0.11162111045033186,7.2666649736317392,-2.0343218166526862,-0.00018665977504420309
429899.99999315478,352.90910063845627,-6991.099604178251,0.050788083759174402,7.5364560454283707,0.38044211218617413,-0.00021536116280306
430199.9999931897,2556.3451176821159,-6516.5254320680033,-0.015359007590018393,7.0248629731853995,2.7557625403441275,-0.00022177462167229044
430499.99999259599,4494.7377571076522,-5366.313900431036,-0.079971474834204567,5.7849273947925823,4.8453646029318591,-0.00020521626595877278
430799.99999263091,5967.1131093861222,-3659.7194810154883,-0.13635375220027557,3.9452062784018458,6.4325965457893615,-0.00016738222146067157
431099.99999235151,6820.8141875135871,-1573.6829461865127,-0.17865737601268561,1.6964431965144471,7.352892639940559,-0.00011217472628488846
431399.99999238644,6967.3286371621134,675.51403014470884,-0.20248770488415255,-0.72820827825066248,7.5108357870693121,-4.5299354602893592e-05
431699.99999242136,6391.4657808179554,2854.6731759110598,-0.20536041650421405,-3.0773583667200617,6.8900504823015254,2.6324953437483187e-05
431999.99999277061,5152.9315560733285,4737.8578697466501,-0.18696037809233668,-5.1074455784855664,5.5549004782429501,9.5281940854749075e-05
432299.99999249121,3380.1380873808148,6129.8184038790223,-0.14917595916652443,-6.6079893276084389,3.6438152758013866,0.00015442597450974417
432599.99999252614,1256.8897598184346,6886.2355752704962,-0.095905118481208113,-7.4234125674138616,1.3549375127946737,0.00019762234087035541
432899.99999287538,-996.67373653722632,6928.6837221419255,-0.032653230479526604,-7.4691719509625987,-1.074420556377172,0.00022038325655028855
433199.99999291031,-3146.901615199743,6252.7619204076791,0.034035829820180455,-6.7405233045482138,-3.3923816595096561,0.00022033378055773237
433499.99999263091,-4970.8570488634405,4928.5502576100407,0.097256569002221488,-5.3130135449628186,-5.3586182791415711,0.00019745940250977324
433799.99999266583,-6279.4313917735835,3093.3438614840352,0.15045676369485023,-3.3346479316416668,-6.7692700128853387,0.0001541095999251257
434099.99999270076,-6936.9510610845464,937.41802473928806,0.18811641877036914,-1.0105446959836417,-7.4780799909900768,9.4756787973247129e-05
434399.99999210704,-6875.244210385079,-1315.6996970863938,0.2063204963836133,1.4183319042898799,-7.4115588038009337,2.5535282517053526e-05
434699.99999182764,-6100.7087330657496,-3432.4049579075108,0.20316600377598271,3.7001549653627004,-6.5766036906432568,-4.6392369015964886e-05
434999.99999186257,-4693.6488492781182,-5193.2367632416244,0.17896107394447608,5.5983443176379515,-5.0597831930459529,-0.00011357637834618884
435299.99999126885,-2799.9491308239881,-6415.6311909285878,0.13619514623554385,6.9160949715716704,-3.0183616502199362,-0.0001690514250399926
435599.9999916181,-615.94918330763085,-6972.8496443761896,0.079283049320538132,7.5167817178918401,-0.66399415681614604,-0.00020705908657841934
435899.99999165302,1631.9127839323505,-6807.119171907706,0.014109256909371525,7.3381244831373351,1.7592175457606458,-0.00022364592968399647
436199.99999137362,3710.5771265692269,-5935.6225246154399,-0.052580636796192938,6.3986458642493593,4.0000334327056661,-0.00021707500762446858
436499.99999109423,5404.5265281152633,-4448.716780017583,-0.11387825230343543,4.7957510801890981,5.8261239260482283,-0.00018800783570628113
436799.99999081483,6538.1310634138017,-2500.5651695525476,-0.16342821841883523,2.6956291913680679,7.0481582515851455,-0.00013943775748875975
437099.99999116408,6993.8577565626501,-293.15333195146184,-0.1960872046793527,0.31602246553910485,7.5394347350323558,-7.6381450328327294e-05
437399.99999057036,6724.4565521714021,1944.6527540470813,-0.20845781804430746,-2.0963495282043971,7.249017500276179,-5.3604558828756123e-06
437699.99999060528,5757.8592241551451,3980.8358774388093,-0.19924194189874281,-4.2913702850072255,6.2070174685405082,6.6273571363288151e-05
437999.99999032589,4194.2833170972372,5604.2833102927289,-0.16937679798684727,-6.0414586874343161,4.5214702095839918,0.00013109998354726279
438299.99998973217,2195.8414501776783,6646.6751139130529,-0.12193952552497857,-7.1651646976076924,2.3671345446844847,0.00018239778110553298
438599.99999008141,-30.26667086362988,6999.9356020085697,-0.061830045945980794,-7.5459820450702617,-0.032626623145588847,0.00021484217766025814
438899.99999011634,-2253.2368162563025,6627.4386423172418,0.0047350612224738896,-7.1444275636142631,-2.4290046149638806,0.00022505698839422812
439199.99999046559,-4242.5901769655738,5567.8050619621663,0.07086539106238389,-6.0021348489874278,-4.5735415860597657,0.00021196567683924757
439499.99999018619,-5792.0695172031801,3930.8984042850525,0.12970981527945408,-4.2375377003524441,-6.2438907824116106,0.00017690468551022088
439799.99999022111,-6741.0240733217242,1886.434161042391,0.17516612199320999,-2.0335907615218614,-7.2668696871412779,0.00012348717775294429
440099.99998962739,-6991.0658660548497,-353.61645762707178,0.20251375105777572,0.38119945434889818,-7.5364156522820158,5.7231025027810304e-05
440399.99998903368,-6516.2705599569545,-2557.0038662036809,0.20890405417041655,2.7564663990302773,-7.0245823769742142,-1.5010806072924758e-05
440699.99998938292,-5365.8652130395067,-4495.2798217826194,0.1936571468537393,4.8459415666962808,-5.7844371258166172,-8.5758828769498302e-05
440999.99998941785,-3659.1243623055598,-5967.4829439628502,0.15833436480321131,6.4329874661283926,-3.9445585513294423,-0.00014768140983968534
441299.99998913845,-1573.0036265896199,-6820.9744096194618,0.10657853782717698,7.3530584180764711,-1.6957056992974593,-0.0001943547642106878
441599.99998885905,676.20702727873993,-6967.2635869489523,0.043738365192661784,7.5107606012549741,0.72895966240513921,-0.0002209296887700886
441899.99998857966,2855.3082176064436,-6391.1828573768744,-0.023684392329105384,6.8897426976858993,3.0780470320749886,-0.00022463569723535522
442199.99998861458,4738.3693505007986,-5152.460346472526,-0.088707746566192056,5.5543915836986919,5.1080013654213028,-0.00020507002871393326
442499.99998833518,6130.1532971840334,-3379.5274173109187,-0.14459266357800621,3.6431570118287269,6.6083551866434744,-0.00016424132416364699
442799.99998868443,6886.3588454899018,-1256.2028623086533,-0.1855416308079551,1.3541971362585454,7.4235503619796974,-0.00010636325421254642
443099.99998871936,6928.5820394534758,997.36558193219844,-0.20730014989927661,-1.075166816908304,7.4690667405422264,-3.7419370741944511e-05
443399.99998843996,6252.445194098319,3147.5264103341569,-0.20759873440425913,-3.3930564864098733,6.7401853188316938,3.5455777690820438e-05
443699.99998847488,4928.0507197641518,4971.3495712091735,-0.1863895066753932,-5.3591514982152662,5.3124773283328208,0.00010471514839120323
443999.99998850981,3092.7127817209948,6279.7400033582262,-0.14585277231656774,-6.769606028945554,3.33396873278366,0.00016318080774638228
444299.99998885905,936.72041359513821,6937.0431036601094,-0.090172779418773108,-7.4781835377789143,1.0097926668666979,0.00020478767565278353
444599.99998952262,-1316.3917747114399,6875.1094210592801,-0.025105774145711916,-7.4114185132252217,-1.4190788647822745,0.0002252124040718725
444899.99998924322,-3433.0197895451988,6100.3604087805888,0.042615035552748558,-6.5762333944630651,-3.7008190331601321,0.00022232230139507787
445199.99998927815,-5193.7104727582255,4693.122619319679,0.10597611586199071,-5.0592208748553382,-5.5988557517080855,0.00019639782306579809
445499.99998868443,-6415.9145120236371,2799.299380414498,0.1584098174861352,-3.0176659187241954,-6.9163996475740497,0.00015010551184388435
445799.99998871936,-6972.9132636249451,615.24339007295521,0.19447503603544389,-0.66323822890357853,-7.5168473596491125,8.8223982290360433e-05
446099.99998875428,-6806.9569418503979,-1632.6012601330442,0.21042182801915438,1.7599539189375286,-7.3379445376373429,1.7151001312354595e-05
446399.99998847488,-5935.2520730453507,-3711.1769456774973,0.20458140470714753,4.0006730158747317,-6.398240184193325,-5.5757653708884253e-05
446699.99998819549,-4448.1774379840226,-5404.9759719059793,0.17754090586142687,5.8266005813786768,-4.7951632552254271,-0.00012294937132500985
446999.99998791609,-2499.9135638882649,-6538.3844043742038,0.13208458681433946,7.0484237401704384,-2.6949211628303305,-0.00017745719532623024
447299.99998826534,-292.45730500503561,-6993.8897404546506,0.072907240041720209,7.5394630441949788,-0.31526755493974401,-0.00021362249947025894
447599.99998830026,1945.3211563536411,-6724.2646905813126,0.0061293127829225389,7.2488066956934123,2.0970741180956836,-0.00022768276180089742
447899.99998770654,3981.4076178802411,-5757.4638546537553,-0.06133619629257258,6.206589423621713,4.2919907912636317,-0.0002181632567072742
448199.99998774147,5604.6992525775222,-4193.7255118618423,-0.12249953443950393,4.520868477685358,6.0419117153849395,-0.00018603180142807722
448499.99998746207,6646.8919668577391,-2195.1789613786364,-0.17101851384529196,2.366420426863622,7.1654034154771269,-0.00013460030116360232
448799.99998781132,6999.9304249880488,30.965171442404589,-0.20185624532744781,-0.033379869300964968,7.5459811993481454,-6.9183146992619565e-05
449099.99998784624,6627.2113574561245,2253.8987336533651,-0.21180404113691984,-2.429719163386145,7.1441865234766064,3.4522101058280974e-06
449399.99998788116,5567.3786042186312,4243.1465001782999,-0.19981520319696086,-4.5741432334564029,6.0016780052235772,7.5785603215760566e-05
449699.99998760177,3930.316419331135,5792.4620376225848,-0.16711500239579349,-6.2443168740649675,4.2369119983424914,0.00014032284310261129
449999.99998763669,1885.7565201329908,6741.2114540531657,-0.11707534592811861,-7.2670756676115094,2.0328607651093384,0.00019037208656068347
450299.99998798594,-354.31983729296928,6991.027963961119,-0.054867004546108121,-7.5363796136753329,-0.38195824472920425,0.00022073747262510779
450599.99998739222,-2557.6601928000478,6516.0105775962602,0.013074695662357361,-7.0243073366831537,-2.7571751477206696,0.00022825821909281649
450899.99998711282,-4495.8209742669724,5365.409507319443,0.079715505042412857,-5.7839510004211592,-4.8465261046911179,0.000212137375510924
451199.99998651911,-5967.8526409176575,3658.5198547495906,0.13815039068645371,-3.9439117010859444,-6.4333861122635403,0.00017402615626180856
451499.99998623971,-6821.1342561581178,1572.312983129834,0.18231887728619081,-1.6949659574133176,-7.3532288872671074,0.0001178549803022527
451799.99998627463,-6967.1972717189683,-676.91202310457436,0.20763354052019753,0.72971426227313219,-7.5106850118565962,4.9428446251301972e-05
452099.99998630956,-6390.8979191917006,-2855.9543814425415,0.21145650651875489,3.0787370419717002,-6.8894297035651793,-2.4174159774939179e-05
452399.99998603016,-5151.9872408605279,-4738.8899588794957,0.19337444751640429,5.1085548992631233,-5.5538751270655595,-9.5331062468250325e-05
452699.99998575076,-3378.9160399506445,-6130.4950956714201,0.15524335268329797,6.6087156354946446,-3.6424919827438695,-0.00015666726086523003
452999.99998547137,-1255.5170918036927,-6886.4873984455417,0.10099816816368486,7.4236818310474453,-1.3534529263225896,-0.00020181911566896806
453299.99998550629,998.05460563678446,-6928.4849830836256,0.036246779926334044,7.46895693592728,1.0759137290603087,-0.00022609489676577685
453599.99998554122,3148.1474919477323,-6252.1332334184517,-0.032309780650437499,6.7398461156129859,3.3937299972111701,-0.00022696259727299984
453899.99998526182,4971.8385504389771,-4927.5564417130654,-0.097570941962785568,5.3119434042213403,5.3596829934619912,-0.00020431418722818663
454199.99998529674,6280.0461747276922,-3092.0874030920395,-0.15277216633234647,3.3332943920401501,6.7699409286998993,-0.00016047867659736671
454499.99998470303,6937.134392555462,-936.02871398627985,-0.19218623853408326,1.0090468462834083,7.4782868711717736,-9.9982454400284956e-05
454799.99998505227,6874.9758052492916,1317.0779994205641,-0.21171752515437847,-1.4198193606584921,7.411278893933031,-2.9081631181259316e-05
455099.99998477288,6100.0151009409055,3433.6290969639786,-0.20932752731911067,-3.7014774730386413,6.5758646064454842,4.4885197702610754e-05
455399.9999848078,4692.600812897831,5194.1792107419769,-0.18524752698701397,-5.5993636432898661,5.0586606404595402,0.00011425671153253736
455699.99998421408,2798.6546556435978,6416.1934718388184,-0.14195618506951893,-6.9167039914551953,3.0169719588827508,0.00017184241839513048
455999.99998456333,614.54219030271167,6972.9728198191042,-0.083924303344188753,-7.5169161214592988,0.66248223645229942,0.00021166780133644701
456299.99998459825,-1633.2864600626781,6806.7901699693557,-0.017153079257102459,-7.3377699152682032,-1.7606935759425042,0.00022959389198532379
456599.99998463318,-3711.7751186875262,5934.8755741911446,0.051446441037791842,-6.3978395723232317,-4.0013192014027039,0.0002237471360561859
456899.99998498242,-5405.4249425990811,4447.6297705494762,0.1147685600944172,-4.794577843551143,-5.827085345918718,0.00019471502983930917
457199.99998501735,-6538.6374666848114,2499.2513585251031,0.16624881596794996,-2.6942120571907244,-7.0486957217302804,0.00014548718553625655
457499.99998473795,-6993.9207445055063,291.74934359826153,0.20054441122808822,-0.31450943878429816,-7.5394934325267666,8.114772304084737e-05
457799.99998477288,-6724.0709110100488,-1946.0013112542938,0.21408870028052362,2.0978012687619105,-7.248592706708572,8.3505345590067598e-06
458099.99998449348,-5757.0662158006753,-3981.9895429729468,0.20546219589670769,4.2926107809620095,-6.2061545189366081,-6.536857093847071e-05
458399.99998389976,-4193.1661631716761,-5605.1231447066411,0.17554146628052675,6.0423605455441169,-4.5202592811733098,-0.00013237185979812535
458699.99998362036,-2194.5165674176915,-6647.1148029007963,0.12741024413451268,7.1656358125894233,-2.365701017221741,-0.00018571110553577201
458999.99998365529,31.66169531228843,-6999.9301371619604,0.066041700316883029,7.5459745834030105,0.03413509061600109,-0.00021984839246576361
459299.99998337589,2254.5573196876453,-6626.9888030150096,-0.0022154133980617097,7.1439425215026251,2.4304330210865777,-0.00023123139975622013
459599.99998372514,4243.6991526784968,-5566.9572878162271,-0.070293652353896272,6.0012218513832032,4.5747430933457913,-0.00021866328468069982
459899.99998344574,5792.8515879600418,-3929.7400990186788,-0.13113879290287866,4.2362901118334744,6.2447414360807709,-0.00018342857315414816
460199.99998379499,6741.3973334548882,-1885.0848734986873,-0.178440924669346,2.0321365245627594,7.2672810033560564,-0.00012916180169557357
460499.99998382991,6990.99042856712,355.01716681595201,-0.20728890173297568,-0.38271051595311656,7.5363438975960975,-6.1472384575250291e-05
460799.99998355052,6515.7528954172576,2558.3107051497432,-0.21468024871311908,-2.7578777095475093,7.0240335371533718,1.2635492088115024e-05
461099.9999829568,5364.9577593308886,4496.35681018587,-0.1998335792895935,-4.8471059845543412,5.7834668889369123,8.5487856957626107e-05
461399.9999826774,3657.9203082908257,5968.217678334122,-0.16427104860997713,-6.4337828876940426,3.9432670308030375,0.00014953569637211062
461699.99998271232,1571.6273368589211,6821.2899667578131,-0.11166218961894045,-7.3534009977608576,1.6942272494475461,0.00019813710843609884
461999.99998243293,-677.61298358348813,6967.1267564088002,-0.047445202976347807,-7.5106140078869519,-0.73047055823046303,0.00022624585466031504
462299.99998278217,-2856.5980879527542,6390.6077417710376,0.02173518398017462,-6.8891222086646504,-3.0794322879596612,0.00023093501543208146
462599.9999828171,-4739.4095673675829,5151.506886664728,0.088715179366301911,-5.5533624580477357,-5.1091162520313196,0.0002117015303503739
462899.99998285202,-6130.8365424370168,3378.2950005890566,0.14655362341584463,-3.6418273391692737,-6.6090837840600498,0.00017052004543437644
463199.99998257263,-6886.6152269503664,1254.8197686514109,0.18925118541857766,-1.3527060860627287,-7.4238176913021983,0.00011164034658964638
463499.99998197891,-6928.3862383797923,-998.75573335167508,0.21237259908342881,1.0766639485224088,-7.4688463193526173,4.1149099118390269e-05
463799.99998169951,-6251.8188554316375,-3148.7796831592937,0.2135074249929719,3.3944046534180825,-6.7395014151354093,-3.3659043985191721e-05
464099.99998110579,-4927.0599486507836,-4972.3365967087275,0.19252145691224826,5.3602119037711518,-5.3114018887607273,-0.00010503612682868403
464399.9999808264,-3091.4610947663723,-6280.3592210106381,0.15157250026490687,6.7702701374099448,-3.3326135060998801,-0.00016558337113437458
464699.99998086132,-935.33796410851278,-6937.231024675295,0.094888632416318536,7.4783837633432082,-1.0082975184999581,-0.00020901832123136743
464999.99998121057,1317.7615711470412,-6874.8469739536713,0.028331685670120781,7.4111347197900139,1.4205602017848447,-0.00023082701978194842
465299.99998124549,3434.234886786352,-6099.6747947952763,-0.041208991561066707,6.5754947262409766,3.7021343888281391,-0.00022873339217125164
465599.99998190906,5194.6446497723846,-4692.084541446583,-0.10652977479024331,5.0581028391029959,5.5998697208470878,-0.00020293693177301657
465899.99998194398,6416.4702790089714,-2798.0159142330958,-0.16085911760915728,3.0162829847136332,6.9170072322341056,-0.00015609382098371146
466199.99998166459,6973.0319457562973,-613.84716189552864,-0.1985596436871814,0.66173255192545477,7.5169847905560907,-9.3043273289550939e-05
466499.99998138519,6806.6249141701646,1633.965610020635,-0.21571314238051306,-1.7614267493360236,7.3375961955807965,-2.0307354998192738e-05
466799.99998110579,5934.5024237941261,3712.3676472159777,-0.21052775034081708,-4.0019598733766957,6.3974407692015607,5.4583921951706577e-05
467099.9999808264,4447.0868058273545,5405.8689016808057,-0.18352502062145715,-5.8275668478749667,4.7939947755764276,0.00012387230624284935
467399.999980547,2498.5943579779737,6538.8861791397057,-0.13748738891626033,-7.0489677569290299,2.6935047975446622,0.00018037501472670909
467699.9999802676,291.04604281624398,6993.9476804549231,-0.077171373490970877,-7.5395272645006095,0.31375107350325471,0.00021822917709300016
467999.99997998821,-1946.6781843610283,6723.8724986760863,-0.0088161115834722477,-7.2483841168482348,-2.0985320673056891,0.0002334999177360218
468299.99998033745,-3982.569790516689,5756.6623261959439,0.060501972055310098,-6.2057244331681032,-4.2932377185636303,0.00022458911317229215
468599.99998005806,-5605.5464189592967,4192.5982113737009,0.12360163328049498,-4.5196520221595557,-6.0428176044349646,0.0001924024804707035
468899.99997977866,-6647.3370660234632,2193.8433081499029,0.17394064857066535,-2.3649800581442322,-7.165874515775525,0.00014025760178227112
469199.99997981358,-6999.9284627148418,-32.370331435418045,0.20629403358357445,0.034893771202341106,-7.5459696561616969,7.3542209821033996e-05
469499.99997984851,-6626.7638908377694,-2255.2277242346868,0.21729637498419585,2.4311493974188383,-7.1436949525342515,-8.4216970554603054e-07
469799.99997956911,-5566.5333174550633,-4244.261960025573,0.20579198612469154,4.5753421658312963,-6.0007586625638476,-7.5193908823878441e-05
470099.99997960404,-3929.1619364246708,-5793.2490505091328,0.17295641877388229,6.2451614965775297,-4.2356608458027907,-0.00014180860948961912
470399.99997932464,-1884.4131051729503,-6741.5892134422002,0.12217650005574333,7.2674798270624805,-2.0314072691515079,-0.00019377755964753677
470699.99997904524,355.71270377406756,-6990.9578930063371,0.058701080086297604,7.5363023847788151,0.3834644419737735,-0.00022570450751911923
470999.99997908017,2558.9580868564763,-6515.5001403317738,-0.010901521628522816,7.0237568666348942,2.7585793340732048,-0.00023426627781637449
471299.99997942941,4496.8892170134359,-5364.5114026405481,-0.079423282373823192,5.782983598380075,4.8476839445889306,-0.00021855887818224753
471599.99997946434,5968.5800284139204,-3657.3266983444964,-0.13976306900351548,3.9426263040547282,6.4341781056427951,-0.00018019297892459603
471899.99997981358,6821.4444939259993,-1570.9479533065032,-0.18566267955292259,1.6934944105566003,7.3535725359605832,-0.00012312867128320645
472199.99998016283,6967.0569523727618,678.30768121871404,-0.21235599602383334,-0.73122028839075826,7.510543510971762,-5.3266498126539645e-05
472499.99998051208,6390.3202093806212,2857.2358355534811,-0.21706389029620549,-3.0801214077630235,6.8888162310968228,2.216292872282772e-05
472799.999980547,5151.0307954426407,4739.9237983835974,-0.19928349355782213,-5.1096731701083113,5.5528520882882564,9.5347490277470945e-05
473099.9999802676,3377.6791472245377,6131.1733317287426,-0.16084174925913475,-6.609450425911219,3.6411650385313967,0.00015870272926125743
473399.99998061685,1254.1275514437909,6886.7389351455085,-0.10570759488342023,-7.4239555752038155,1.3519601980925213,0.00020565778119507565
473699.99998065177,-999.45282492100534,6928.2832452827424,-0.039582126867074463,-7.468740492138048,-1.0774161976720809,0.00023133665149334927
473999.9999806867,-3149.4094360489639,6251.4990702240557,0.03069090465689581,-6.739162093631732,-3.3950849622630903,0.00023306428855663646
474299.99998103594,-4972.833579904167,4926.5559285423524,0.097833315585573954,-5.3108637346951504,-5.3607489028380275,0.0002106450402922303
474599.99998107087,-6280.6717014221176,3090.8248066806786,0.15488616790141435,-3.3319324593046917,-6.7706070130295561,0.00016638460725531041
474899.99998079147,-6937.3265661916303,934.6354095413119,0.19593091890792769,-1.0075451538683542,-7.4784847270228259,0.0001048530737130834
475199.99998051208,-6874.7160079589621,-1318.4573822349632,0.21670335776984628,1.4213044663363095,-7.4109893112234637,3.2413310557326528e-05
475499.99997991836,-6099.3316365012433,-3434.851805006545,0.21503666692071097,3.7027922818629184,-6.5751190473490713,-4.3436709664156943e-05
475799.9999802676,-4691.5656995073596,-5195.1191163406529,0.1910875558991906,5.600372910202168,-5.0575374022111905,-0.00011483983533015398
476099.99998061685,-2797.375976997409,-6416.7539451040484,0.14732182035318575,6.9173045280600363,-3.0155876593350976,-0.00017439366754045096
476399.99998096609,-613.1528716790142,-6973.0964770636865,0.088260579203527839,7.5170469160376623,-0.66097966600787583,-0.00021591816985860502
476699.99998100102,1634.6423109596101,-6806.464595967157,0.020013265036741803,7.33741796315707,1.7621599848525595,-0.00023509726556783677
476999.99998072162,3712.9568896101628,-5934.1344985574715,-0.050354401598435572,6.39704099184386,4.002598835790069,-0.00022992770323187597
477299.99998044223,5406.3098310997439,-4446.5496399708318,-0.11555204752112595,4.793414276076315,5.8280464567076233,-0.00020092841907816503
477599.99998047715,6539.133046520963,-2497.9436154645032,-0.1688200904086064,2.6928026511991545,7.049238711381812,-0.00015108847698969179
477899.99998051208,6993.9745287726246,-290.34915587547044,-0.20463066302263583,0.31299910228154992,7.5395611387118429,-8.5558820111584922e-05
478199.99998086132,6723.6759573610107,1947.3488325155211,-0.21926130389668214,-2.0992563892579237,7.2481766712274958,-1.1119683590345042e-05
478499.99998089625,5756.2621192915158,3983.1442985274716,-0.2111818643622477,-4.2938592946536982,6.2052964521946521,6.4521176468554993e-05
478799.99998124549,4192.0352155140754,5605.9646759155539,-0.18121443366856563,-6.0432717303903711,4.5190473220745497,0.0001335267200581187
479099.99998096609,2193.1753903837025,6647.5550101624003,-0.13244960547727547,-7.1661136845411839,2.3642609477483778,0.0001887426022889206
479399.99998100102,-33.074279447470545,6999.9227119397947,-0.06992765718210335,-7.5459684842465498,-0.03565295523288093,0.00022443876720578803
479699.99998103594,-2255.894873343515,6626.5342330632511,-0.00011756911627967191,-7.1434528151403569,-2.4318698379177377,0.00023690383914805668
479999.99998107087,-4244.8230765896833,5566.1028582391082,0.069752254085579626,-6.0002999842961389,-4.5759485552695125,0.00022483075676346895
480299.99998142011,-5793.6457486703503,3928.5748597315605,0.13244233484868312,-4.2350329923972785,-6.2455898975154245,0.00018945368635573141
480599.99998114072,-6741.7802147382727,1883.7301693053516,0.1814521165982009,-2.0306759517623076,-7.2676847521889494,0.00013442193967060572
480899.99998117564,-6990.9235424389735,-356.4205621481525,0.21169395668644722,0.38422210774350918,-7.5362621514237809,6.542375752445694e-05
481199.99998152489,-6515.2445633357765,-2559.6173658485632,0.22002127255987702,2.7592834431720639,-7.0234762367634067,-1.0401351378628587e-05
481499.99998124549,-5364.0619802113933,-4497.4317604812713,0.20555601673393159,4.848260860884066,-5.78249309177016,-8.5201135444512295e-05
481799.99998096609,-3656.7309255007945,-5968.9502548858754,0.1697813640850161,6.4345685300109841,-3.941978282248392,-0.00015122369480470804
482099.99998131534,-1570.2681972506023,-6821.6050420525962,0.11638977662657679,7.3537373863639006,-1.6927568151090584,-0.00020162097155608511
482399.99998166459,679.00080289573816,-6966.9922553925244,0.050901960118172274,7.5104671974590769,0.73197137302368431,-0.00023115929679640379
482699.99998169951,2857.8706786223647,-6390.037793966575,-0.019903990540216427,6.8885074735926368,3.0808093561739129,-0.0002367631667380151
482999.99998204876,4740.434853644334,-5150.5603462827012,-0.088694220921444925,5.5523426785960188,5.1102280329376528,-0.00021783564778191916
483299.99998145504,6131.5077290844374,-3377.0695061709876,-0.14833885799003055,3.6405068224332058,6.6098154823254465,-0.00017632196890491068
483599.99998086132,6886.8617929100064,-1253.441876787216,-0.19265111517043321,1.351220312616751,7.4240929672261071,-0.0001165095217334737
483899.99998121057,6928.1813304367015,1000.1434046502502,-0.21702910109704079,-1.0781617932196697,7.4686353774317542,-4.4584871634968614e-05
484199.99998155981,6251.1823064139971,3150.0330589969058,-0.21893373125014728,-3.395759184052344,6.7388245961953466,3.2006372743745108e-05
484499.99998128042,4926.0565144894745,4973.3251053909798,-0.19815311432317692,-5.3612816823302429,5.3103281943526603,0.00010533051291435748
484799.99998131534,3090.193958050048,6280.9795210479297,-0.15682590978657973,-6.7709427494070527,3.331253926935708,0.00016778763824225464
485099.99998135027,933.93809825660526,6937.4179992071076,-0.099221133923024632,-7.4785880899697066,1.0067936629735983,0.0002128992593698134
485399.99998107087,-1319.1491046597446,6874.580745618011,-0.031297126120458027,-7.4108488800321819,-1.4220510613712987,0.0002359800978630639
485699.99998110579,-3435.4662456993833,6098.98291645259,0.039914736786792096,-6.5747486186338291,-3.7034561913355666,0.00023462444996306381
485999.99998114072,-5195.5923911287427,4691.0390918211478,0.10703783648722213,-5.0569749246748694,-5.6008843845941119,0.0002089567418415395
486299.99998086132,-6417.0367724583557,2796.725815810335,0.16311432215178634,-3.0148916992672312,-6.9176093872160953,0.00016162026920793816
486599.99998058192,-6973.159520856022,612.44660902349256,0.20232625316862377,-0.6602234317653578,-7.5171127589313809,9.7505141760104912e-05
486899.99998061685,-6806.3016956384454,-1635.3313004621205,0.22059917821239627,1.7628966598020546,-7.3372380835177875,2.3243373870325582e-05
487199.99998065177,-5933.7633079820771,-3713.5572116460194,0.2160255515350703,4.0032385326235769,-6.3966351584489436,-5.3476863006214073e-05
487499.9999806867,-4446.0095750661194,-5406.759709721654,0.18906396703845987,5.8285228388905024,-4.7928261494003799,-0.00012470703815880063
487799.9999804073,-2497.291440183124,-6539.3867366994646,0.14249335601705151,7.0495034572998136,-2.6920943993653403,-0.00018306179592731032
488099.99998044223,-289.6528370208357,-6994.0068390032166,0.08112666472209637,7.5395883728672057,-0.31224429607667459,-0.00022248488137213479
488399.99998047715,1948.0171863124501,-6723.4845219076888,0.011313476711251436,7.247964780581496,2.0999804227040006,-0.00023887793988065019
488699.99998019775,3983.7157087203282,-5755.8673978047873,-0.059717027316422783,6.2048676624243768,4.2944789141526378,-0.00023052680274845489
488999.99998023268,5606.3801421418239,-4191.4783410178143,-0.12460476126463726,4.5184453979764321,6.043723836963955,-0.00019828083754914002
489299.9999802676,6647.7714116254028,-2192.5140698404111,-0.17662149710105032,2.3635471573186067,7.1663517791758187,-0.00014546656565258236
489599.99998030253,6999.9172337245582,33.771497632481029,-0.21036860999404666,-0.036405574093192561,7.5459675041837713,-7.7544346597278833e-05
489899.99998065177,6626.306845995703,2256.5555428372941,-0.22233741446829836,-2.4325837255312099,7.143212109790789,-1.543620156233232e-06
490199.99998100102,5565.6764748735213,4245.3783054511296,-0.2112739243703213,-4.5765496885621424,5.9998437633235699,7.4664800248657964e-05
490499.99998135027,3927.9930759638619,5794.037377209419,-0.17831013262635395,-6.2460156565204308,4.2344079859227532,0.0001431839723570039
490799.99998107087,1883.0528075840941,6741.966902194431,-0.12684810306221286,-7.2678905300799821,2.0299465628608151,0.00019690911814165257
491099.99998142011,-357.12360869524008,6990.8851056015601,-0.062208782671289362,-7.5362259720812936,-0.38498045388149671,0.00023026417377142137
491399.9999808264,-2560.2733141820372,6514.9841526677601,0.0089181786584872098,-7.023201075613942,-2.7599919394479291,0.00023978029236332478
491699.99998086132,-4497.9725016955899,5363.6058866836365,0.079166705378040769,-5.7820068249414254,-4.8488453592557068,0.0002244563769606172
491999.99998058192,-5969.3194919317157,3656.1260108868655,0.14125704535989222,-3.941331224876631,-6.4349673146522264,0.00018586426791403644
492299.99998093117,-6821.7643529341385,1569.5770892865287,0.18875005628263625,-1.6920167716875583,-7.3539080708797044,0.00012798759081646152
492599.99998128042,-6966.9253042833971,-679.70631692275219,0.21671491966344106,0.73272632210195832,-7.5103917471643511,5.6810766451169201e-05
492899.99998100102,-6389.7521268758846,-2858.517369703517,0.22224107815756028,3.081499612104929,-6.8881944178744519,-2.029950836668825e-05
493199.99998072162,-5150.0864813192575,-4740.9559361838428,0.20474124165346599,5.1107815003352481,-5.5518259610652922,-9.535650145842013e-05
493499.99998044223,-3376.4574535845445,-6131.8499140557951,0.16601388510482154,6.6101754063285627,-3.6398414952440534,-0.00016058062458144623
493799.99998079147,-1252.7556443275607,-6886.9906723768108,0.11005854220258063,7.4242234873509547,-1.3504760170375871,-0.00020920589940877325
494099.9999808264,1000.8325681549915,-6928.0846355702106,0.042662819401462833,7.4685244434367419,1.0789083671427377,-0.00023618205181275112
494399.999980547,3150.6539543611998,-6250.8708772636483,-0.029196246676738556,6.7384844486991282,3.3964319330644628,-0.00023869928502121961
494699.99998089625,4973.8136865921906,-4925.5630276762131,-0.098074558142374396,5.3097937993657096,5.3618122331110802,-0.00021648110963036631
494999.99998124549,6281.285239752583,-3089.5696369685488,-0.15683222725921245,3.3305796729070556,6.7712768559926255,-0.00017181465820852374
495299.99998128042,6937.5089305989832,-933.2476285789254,-0.19937380122590467,1.0060483372990401,7.4786910525645212,-0.00010931516369871133
495599.99998131534,6874.446949260403,1319.8340695486058,-0.22128065906848701,-1.4227909167665376,7.4107093876804706,-3.5448893716880195e-05
495899.99998135027,6098.6376128298871,3436.0743932203559,-0.22026995195393226,-3.7041140685620983,6.5743803374748842,4.2136075066057087e-05
496199.99998138519,4690.5174328573266,5196.0601511578088,-0.19643242322402596,-5.6013918915904997,5.0564153625875932,0.00011540190271695674
496499.99998142011,2796.0813269015425,6417.3149563075585,-0.15222435894757086,-6.9179135043250657,3.0141983798513419,0.00017675376408654681
496799.99998145504,611.74569675438738,6973.2184734804459,-0.09221440155817566,-7.5171813774417693,0.65946793250040658,0.00021982705536226766
497099.99998117564,-1636.0161724283294,6806.1344404684569,-0.02261136185376526,-7.33706333914854,-1.7636360131521367,0.00024014746273093526
497399.99998152489,-3714.1550173443798,5933.3863868388398,0.049378147199320037,-6.3962344065833223,-4.0038846181455021,0.00023559551394206074
497699.99998187413,-5407.2082614632318,4445.4614884641369,0.11629579866026266,-4.792240542520231,-5.8290076908717241,0.00020662747632346469
497999.99998159474,-6539.6393065731272,2496.6287718260346,0.17120415418613949,-2.6913850056490336,-7.0497756452824625,0.00015622965712646462
498299.99998194398,-6994.0372498399529,288.94434369160109,0.20840579377801341,-0.31148579733147891,-7.5396189528385609,8.9610694000542571e-05
498599.99998197891,-6723.2900329340891,-1948.697908629975,0.22403446758662085,2.1007079380527345,-7.2477508149005008,1.3663485653659418e-05
498899.99998169951,-5755.4689675883455,-3984.2981726163889,0.2164569504925361,4.2950990488763567,-6.2044325470165713,-6.3747764100550422e-05
499199.99998142011,-4190.9182150730267,-5606.8044858671592,0.186443810599416,6.0441723929981537,-4.5178358520262076,-0.0001346017483591807
499499.99998176936,-2191.8510542684648,-6647.9946028438299,0.13709119559367461,7.1665834175063861,-2.3628274992015776,-0.00019155126083004583
499799.99998148996,34.468357286113907,-6999.9172743655763,0.073501525655571276,7.5459598005570276,0.037160688753239718,-0.00022868524416596304
500099.99998152489,2257.2141296426416,-6626.0847205117043,0.0022559895344637887,7.1429670238658884,2.4332970216412519,-0.00024214256772739289
500399.99998124549,4245.9306745072363,-5565.2558141641757,-0.069266623348684983,5.9993868836303879,4.5771486577417271,-0.00023051370635997228
500699.99998065177,5794.4265037232235,-3927.4176940529942,-0.13365423360573273,4.2337859282602821,6.2464393109282286,-0.00019498846262632421
500999.99998037238,6742.1523852926539,-1882.3823345723767,-0.18422971704716465,2.0292226596683638,7.2680952714243965,-0.00013923422192550907
501299.99998009298,6990.8473236541349,357.8196563912623,-0.2157434194941745,-0.38573210861706969,7.5361901559575442,-6.9017214838199958e-05
501599.99998075655,6514.7264138050778,2560.9225940086217,-0.22491809020018902,-2.7606938805523944,7.0229276348942848,8.3940452104507561e-06
501899.99998016283,5363.1542486865255,4498.507257602264,-0.21078966061509502,-4.8494247720120178,5.7815233461111566,8.4981353799140204e-05
502199.99998051208,3655.5266821960054,5969.6836545560127,-0.17480844887578009,-6.4353638100679982,3.940687236673134,0.00015280744597706539
502499.99998086132,1568.8917262026268,6821.9193801226893,-0.12069020039793227,-7.3540800229277545,1.6912786431620701,0.0002048385705820004
502799.99998058192,-680.40695446933876,6966.8542535688102,-0.054032301170312567,-7.5103206320886899,-0.73348221762908716,0.00023567377068169261
503099.99998061685,-2859.1607218440236,6389.4615029398155,0.0182651676596551,-6.8878868062584857,-3.0821946647442386,0.00024210530585133542
503399.99998065177,-4741.4751502450881,5149.6057069959734,0.088713642605584508,-5.5513131288378306,-5.1113428636730784,0.00022345215196151852
503699.99998100102,-6132.1909053259842,3375.8359649238469,0.15001165276379785,-3.6391765995326875,-6.6105437242735121,0.00018163199447527169
503999.99998103594,-6887.1179527287368,1252.0578134824157,0.19580147018930535,-1.3497288203089848,-7.424359564529869,0.00012096415393747579
504299.99998075655,-6927.9852255667047,-1001.5342584311568,0.22132846987088148,1.0796589920934194,-7.4684139374032927,4.7723672957929396e-05
504599.99998110579,-6250.5557213989805,-3151.2867167983277,0.22393484331794955,3.3971068819705428,-6.73813963152414,-3.0507486549115448e-05
504899.99998145504,-4925.0657141965503,-4974.3122363843349,0.20333639704464851,5.362341095102404,-5.3092519612842679,-0.0001056251609340812
505199.99998117564,-3088.9425957638141,-6281.5986828794539,0.16165357778578407,6.771605529780115,-3.3298984481074929,-0.00016984247988002546
505499.99998152489,-932.55637758534749,-6937.6058886918145,0.10319329930148763,7.4787869769928097,-1.0052989235373357,-0.00021649718749119348
505799.99998187413,1320.5178187908305,-6874.3184815681807,0.034003980228091875,7.4105640805707029,1.4235314045676384,-0.0002407430342507353
506099.99998190906,3436.6800392963064,-6098.2978439455055,-0.038750255408479858,6.574009527393069,3.7047702111423306,-0.00024005340403025603
506399.99998162966,5196.5252307987403,-4690.001970125687,-0.10753145627565897,5.0558571244569865,5.6018970184162473,-0.00021448475422980914
506699.99998135027,6417.5913544366422,-2795.443669462175,-0.16520894575378056,3.0135095319721179,6.9182159639861309,-0.00016667235338297903
506999.99998169951,6973.2772944183807,-611.0519171723671,-0.20579866992507814,0.65871876152443287,7.5172497064145709,-0.0001015585892412744
507299.99998173444,6805.9690588866861,1636.6940504301676,-0.22508409879908145,-1.7643685494933796,7.3368897815090213,-2.5881896855637267e-05
507599.99998145504,5933.0132916728835,3714.7463823828102,-0.22105424131497364,-4.0045247509217026,6.395836138358761,5.2520782312495856e-05
507899.99998180429,4444.9187100338195,5407.6512480447809,-0.1941132757453789,-5.8294888463315928,4.7916581579284996,0.00012552572869671471
508199.99998183921,2495.9720314965207,6539.8872504718029,-0.14703996983128004,-7.0500474943168179,2.6906783798461689,0.00018556422944353583
508499.99998218846,288.2413460238086,6994.0635854584534,-0.084700995245590133,-7.53965267538213,0.31072790867258876,0.00022640717675085213
508799.9999825377,-1949.374453463822,6723.0911321849771,-0.01354774799915413,-7.2475421229349317,-2.1014384663029992,0.00024381117238645461
509099.99998288695,-3984.8780546052421,5755.0646406672904,0.059051281995066124,-6.2040023216779137,-4.2957259215812345,0.0002359591943015616
509399.99998260755,-5607.2273409664713,4190.3498178657883,0.12557350725560887,-4.5172283741939765,-6.0446295684753091,0.00020365015047264058
509699.9999829568,-6648.2163644859675,2191.1772968227961,0.1791216284800706,-2.3621062078496706,-7.1668223375998084,0.00015021761340052936
509999.99998299172,-6999.9149832463418,-35.177555836324181,0.21413870134257951,0.037919795282270123,-7.5459550475667916,8.1186011612115788e-05
510299.99998271232,-6625.8590661834696,-2257.8851178468335,0.22698478953118958,2.4340137851482844,-7.1427194416097519,3.6996787356323181e-06
510599.99998243293,-5564.8310138601983,-4246.4940286196415,0.21631537299499834,4.5777478767165309,-5.9989234420469257,-7.4216329979282555e-05
510899.99998215353,-3926.8387196139884,-5794.8244145682975,0.18322215519057497,6.2468590758273672,-4.2331562880883942,-0.00014448726807067167
511199.99998250278,-1881.7099093714937,-6742.3446162612317,0.13112148460442788,7.2682933120845066,-2.0284931505974857,-0.00019982556149587434
511499.99998285202,358.51556819491873,-6990.8151143352716,0.065401750258277255,7.5361475424165034,0.38648591941845789,-0.00023448674827644195
511799.99998320127,2561.5700102154724,-6514.4740914141166,-0.0071338844905266272,7.0226498885209008,2.7613949219822111,-0.00024486600963577904
512099.99998323619,4499.0394215652732,-5362.7085556571219,-0.078971780313213502,5.7810393536037639,4.8500018324746303,-0.00022987326024356602
512399.99998358544,5970.0456303575793,-3654.9340167025034,-0.14266621917306627,3.9400463615740384,6.435758133693839,-0.0001910477044144524
512699.99998362036,6822.0735646369094,-1568.2135186354469,-0.19161122561201485,1.6905461507139798,7.3542509959889975,-0.00013239979745697202
512999.99998334097,6966.7842560474828,681.10037408262963,-0.22072577097465276,-0.73423134387184952,7.5102500688191283,-5.999685549812352e-05
513299.99998369021,6389.1739615160332,2859.7972444288007,-0.22698126288172035,-3.0828831937030925,6.8875812137806811,1.8664816352514796e-05
513599.99998403946,5149.1297594509797,4741.9883173346552,-0.20971655326598559,-5.1118993613551567,5.5508033985924268,9.5436232854666063e-05
513899.99998438871,3375.2203506594028,6132.5268336929548,-0.17070771629384518,-6.6109101324635118,3.6385149711969085,0.00016236002012175681
514199.99998473795,1251.3658883791049,6887.2409860322641,-0.11398526355574598,-7.4244973291897738,1.3489834874219906,0.00021249517782677248
514499.99998445855,-1002.2310247177886,6927.881697051791,-0.045417642332253767,-7.4683080253173504,-1.0804108724494732,0.0002406368342671405
514799.9999848078,-3151.9161145148446,6250.2354809691569,0.027895918241245089,-6.7378002032048974,-3.3977870305576068,0.00024385640902477144
515099.9999845284,-4974.8088167165197,4924.561262923763,0.098360388148255914,-5.3087136407885867,-5.3628781272871295,0.00022180620377099927
515399.99998424901,-6281.9106934380416,3088.3058463797324,0.15867167443322999,-3.3292171331741054,-6.7719425839991247,0.00017675682091634597
515699.99998459825,-6937.7008620811139,931.8532993447493,0.20257365418701961,-1.0045461746041344,-7.4788881492409978,0.00011336342679676482
515999.99998431886,-6874.1868228710046,-1321.2142011771346,0.22550708114864562,1.4242760933308138,-7.4104187547081493,3.8184897023627184e-05
516299.99998435378,-6097.9538783076869,-3437.2975256014056,0.22508308277703915,3.7054283929024083,-6.5736336975164633,-4.0994568112415707e-05
516599.99998438871,-4689.4822806886759,-5197.0001908408858,0.20133206747892229,5.602400135706386,-5.0552913410267042,-0.00011597128729553398
516899.99998379499,-2794.8029807568382,-6417.8754044096895,0.15670207940680944,6.9185126917107258,-3.0128138709875363,-0.00017897204705657116
517199.99998351559,-610.35712304040771,-6973.3421438170963,0.095806572696420816,7.5173108411681842,-0.65796583000265529,-0.00022346010174071913
517499.99998386484,1637.3709289019123,-6805.8091113701548,0.024947558195639534,7.3367104227374931,1.7651013757655272,-0.00024481360002395102
517799.99998421408,3715.3354922221588,-5932.6459244892349,-0.048536604112030181,6.395435466630417,4.0051628963348449,-0.0002408059485466385
518099.99998393469,5408.0918469312264,-4444.3823790074057,-0.11703125923691936,4.7910772690427228,5.829967490025961,-0.00021183811262101486
518399.99998396961,6540.1337546218056,-2495.3223922400193,-0.17343460908648914,2.6899763944426378,7.0503176845243836,-0.00016089857572924334
518699.99998400453,6994.0901811311642,-287.54572943098503,-0.21189414231292028,0.30997647434998982,7.539686241669755,-9.3254949421159108e-05
518999.99998435378,6722.8945227218464,1950.0438105233468,-0.22841394907272475,-2.1021621454699084,7.2473348781081768,-1.590909254253837e-05
519299.99998470303,5754.6645419294155,3985.4513951830518,-0.22126988488761706,-4.2963469796237401,6.2035749052247811,6.312783744676396e-05
519599.99998442363,4189.7870584937264,5607.6446239985762,-0.19118945485108232,-6.0450833760644231,4.5166243796536705,0.00013566527734993112
519899.99998414423,2190.5096867607376,6648.4335409851774,-0.14127767356990512,-7.167061350572915,2.3613877482059489,0.00019418207694320546
520199.99998417916,-35.881164817728781,6999.9086365386484,-0.076696487149200993,-7.5459537974547706,-0.038678498716626993,0.00023260626211022082
520499.99998421408,-2258.5519096689482,6625.6289245034623,-0.004130884906333592,-7.1424772280105477,-2.4347339586139505,0.00024694492969794821
520799.99998487765,-4247.0547615491387,5564.400116471651,0.068903065121998772,-5.9984646354024393,-4.5783542149227143,0.00023569899451967202
521099.9999852269,-5795.2206787856076,3926.2511896426231,0.13483663711431254,-4.232528208044906,-6.2472876056448792,0.00020001978730274151
521399.9999849475,-6742.5350954584046,1881.0264711669604,0.18683273546547532,-2.027761487325094,-7.2684984502516263,0.00014359120408327547
521699.9999846681,-6990.7801225910962,-359.22398072312745,0.21949481691417921,0.38724401408593578,-7.5361074629655818,7.2249474450899052e-05
521999.99998501735,-6514.2177477783271,-2562.2298604271459,0.22942697143954227,2.7620994101743381,-7.0223692167906382,-6.6202583440653787e-06
522299.99998536659,-5362.2582822694703,-4499.5824936913978,0.21558704386626515,4.8505788689000706,-5.7805485716530756,-8.4848247135967152e-05
522599.99998571584,-3654.3374187022896,-5970.4162851954352,0.17939605866339717,6.4361482244064421,-3.9393979654874074,-0.00015432632197920723
522899.99998575076,-1567.5331128262801,-6822.2344460871245,0.12459242437510133,7.3544150275890363,-1.6898083438480729,-0.00020784833323695431
523199.99998578569,681.79385015675678,-6966.7198846821639,0.056845836484204916,7.5101726477268755,0.73498223982839073,-0.00023985771856857997
523499.99998550629,2860.4321059120639,-6388.8920010952661,-0.016829268671912478,6.8872714135027193,3.0835704846523853,-0.00024702457355535218
523799.9999852269,4742.4991280667155,-5148.6600164996944,-0.088800031846539798,5.5502933525527194,5.1124532724051077,-0.00022859222039734185
524099.9999849475,6132.8608772585894,-3374.6117068491112,-0.15160603258665825,3.6378566831845531,6.6112742792100674,-0.00018645714753478995
524399.99998435378,6887.3635448517971,-1250.681434803359,-0.19873272155073152,1.3482440056809648,7.4246341768482012,-0.00012497385752695785
524699.99998438871,6927.7796451817367,1002.9202978353587,-0.22528720818874101,-1.0811558401389227,7.4682028827665912,-5.0504721513775419e-05
524999.99998379499,6249.9187722871684,3152.5384866340428,-0.22850627987384084,-3.3984606537569362,6.7374631349584977,2.9238576645142698e-05
525299.99998414423,4924.0620513868698,4975.2992691177806,-0.20804390267846848,-5.3634105036235962,5.3081787731136671,0.00010599378148224605
525599.99998417916,3087.6752862247936,6282.2176524090528,-0.16600830435024613,-6.7722781154434042,3.3285392923073398,0.00017180420202050792
525899.99998358544,931.15632585913363,6937.7916239227998,-0.10674469775143403,-7.4789914233191492,1.0037952527843867,0.0002198435047939703
526199.99998362036,-1321.9055668362757,6874.0510307664126,-0.036386067232590871,-7.4102782667662579,-1.4250223207612109,0.00024512366984873375
526499.99998334097,-3437.9115824104579,6097.6047098532799,0.037781517982060232,-6.5732631841004894,-3.7060921453420108,0.00024501273609857897
526799.99998306157,-5197.4730461031559,4688.9552399648765,0.10807337938940069,-5.0547286994197025,-5.6029116560980956,0.00021950866811392368
527099.99998341082,-6418.1577495958827,2794.1523408737703,0.1672023834418005,-3.012117617554193,-6.9188177391684471,0.00017124091448173439
527399.99998313142,-6973.4045986013707,609.65031630486908,0.20903432450012377,-0.65720917683316904,-7.5173768812585475,0.00010519938921907333
527699.99998316634,-6805.6454887854679,-1638.0605006615099,0.2292242690155292,1.7658384967557836,-7.3365305941920296,2.8218783526859709e-05
527999.99998288695,-5932.2739002221833,-3715.9363712719241,0.22566786620266521,4.0058028695390515,-6.3950294511632082,-5.1728568848280787e-05
528299.99998260755,-4443.8414533422974,-5408.5421952785673,0.19872074363773748,5.8304437623943102,-4.7904887879714355,-0.00012635819849192241
528599.9999829568,-2494.6694599469492,-6540.3878089351065,0.15116308630012792,7.0505818241215668,-2.689267826069599,-0.00018793195629673276
528899.9999826774,-286.8489045892361,-6994.1228007875516,0.087912885010509936,7.5397124651773071,-0.30922166489419278,-0.00023006046739611164
529199.999982398,1950.712340395113,-6722.7034650304358,0.015517397980644143,7.2471218725989583,2.102885712398868,-0.00024836632154369892
529499.99998274725,3986.0226806753258,-5754.2704009605259,-0.058524599781855327,6.2031452631427708,4.2969657365354941,-0.00024093909054552029
529799.9999830965,5608.0597881653421,-4189.2310442994121,-0.12653961171057862,4.5160221166184265,6.0455345054090941,-0.00020853481233755041
530099.99998313142,6648.6496221812758,-2189.8494943688179,-0.18147476733019902,2.360674161929603,7.1672986974289428,-0.00015449907516384973
530399.99998348067,6999.9029584704513,36.577099503734942,-0.21762925335714359,-0.039430564674975847,7.5459525439192463,-8.4421523683102223e-05
530699.99998382991,6625.4015211605538,2259.2112913665865,-0.23124594810485197,-2.4354472203625988,7.142236756582383,-5.5574999203021717e-06
530999.99998355052,5563.9738921519374,4247.6088246332974,-0.2209018478884453,-4.5789548553878801,5.9980090059422198,7.3923284080130069e-05
531299.99998327112,3925.6696848857941,5795.6113404729513,-0.18765671874721349,-6.2477130809032566,4.2319039199919235,0.00014578318034570367
531599.99998330604,1880.3494425573911,6742.7210259349222,-0.13494446679634142,-7.2687041098277509,2.0270327410865381,0.00020257040683903943
531899.99998302665,-359.92666915534727,6990.7410963876646,-0.068218390401549769,-7.5360712349710832,-0.38800189480216957,0.00023839171417611873
532199.99998274725,-2562.8854384404558,6513.9568543347532,0.0056130128981576686,-7.0220939972473992,-2.7628076603332188,0.00024952382884861645
532499.99998246785,-4500.122834231237,5361.8017507696177,0.078901300007961361,-5.7800621843242492,-4.8511633303445354,0.00023480029190811979
532799.99998218846,-5970.7850671540318,3653.7320539921079,0.14405035224235996,-3.9387506817235205,-6.4365471418995668,0.00019573357216781822
533099.99998285202,-6822.3932149090806,1566.841496267406,0.1943036195002471,-1.689067936038793,-7.3545859199056514,0.00013635971989098858
533399.99998257263,-6966.6522668583948,-682.49992526921494,0.22444478313614455,0.73573763836673423,-7.5100973279911614,6.282151923051816e-05
533699.99998229323,-6388.6055352571166,-2861.0793723913962,0.2313392069910726,3.0842611297836573,-6.8869582783026821,-1.7266861296066657e-05
533999.99998201383,-5148.1852703341547,-4743.0207304273326,0.21425997741979966,5.1130068439366569,-5.549776327723821,-9.5608081970851639e-05
534299.99998173444,-3373.9988110959907,-6133.2034724843661,0.17496460596838648,6.6116338350001786,-3.6371909780559961,-0.00016408118696857341
534599.99998208368,-1249.9945450653477,-6887.4927430918251,0.11751426982019586,7.4247638489852434,-1.3474995266209109,-0.00021558348318948998
534899.99998243293,1003.6098207625155,-6927.6832729552025,0.047854147897398586,7.4680908363638139,1.0819021790333754,-0.00024476744333946519
535199.99998246785,3153.1594209375339,-6249.6078037539019,-0.026801802515304257,6.7371219647017648,3.3991327116766752,-0.00024859612156619175
535499.9999828171,4975.7876356703773,-4923.5692843454863,-0.098717963657687757,5.3076437803492871,5.3639400869837308,-0.00022665932563936306
535799.99998316634,6282.5230604168682,-3087.05197461531,-0.16043867535089937,3.3278650020501956,6.7726113243224253,-0.00018121758120780404
536099.99998288695,6937.8823076020235,-930.46708266835913,-0.2055612571784568,1.0030503472467658,7.4790938727832321,-0.00011696916436584107
536399.99998260755,6873.9171506879129,1322.589223555017,-0.22940025767022471,-1.4257615520471438,7.4101387828846867,-4.0564227814623096e-05
536699.99998232815,6097.2595063419858,3438.5184943001946,-0.22947399858106882,-3.7067494587546599,6.5728953556248877,4.0083687189496925e-05
536999.9999826774,4688.433819854904,5197.9397485819209,-0.20576288930786299,-5.6034188014540849,5.0541698181818715,0.00011661741972243336
537299.99998271232,2793.5081717982384,6418.4350844020701,-0.16071263723837301,-6.9191216891894278,3.0114249883653366,0.00018110226856708615
537599.99998337589,608.94975285711178,6973.4628904702786,-0.098981923435099775,-7.5174454446999031,0.65645422226496741,0.00022684860403659337
537899.99998372514,-1638.7450159657369,6805.4777048182095,-0.026960603560233158,-7.3363558118310088,-1.7665775183110364,0.00024910573735234846
538199.99998344574,-3716.5338020682698,5931.8965171137515,0.04789172072858805,-6.3946286102447099,-4.0064488416830848,0.00024555512278613407
538499.99998316634,-5408.9903291280707,4443.2929112672136,0.11781829064657563,-4.7899029930502754,-5.8309286918014758,0.00021655175232735647
538799.99998288695,-6540.639883492714,2494.0062950227434,0.17556893923218347,-2.6885581100628464,-7.0508542072251741,0.00016508866974374574
539099.99998292187,-6994.1525995348811,286.13985524925539,0.21515174648941487,-0.30846271993592861,-7.5397432264510575,9.6488171373398072e-05
539399.99998232815,-6722.5082237988936,-1951.3936503206178,0.23245470350510769,2.1036136901502713,-7.2469079244810208,1.7851527614105616e-05
539699.9999826774,-5753.8711035046381,-3986.6056992066565,0.22567290312778543,4.2975861448312314,-6.2027099267088133,-6.2675947176076739e-05
539999.99998302665,-4188.6700229539547,-5608.4845936183365,0.19549687095451429,6.0459829317788261,-4.5154121865181542,-0.0001367484888311105
540299.99998306157,-2189.1857000714708,-6648.8731626429571,0.14504236187978239,7.1675296989199655,-2.3599541904817118,-0.00019668482259194376
540599.9999830965,37.274483447873358,-6999.9032990338319,0.07952872314807298,7.5459438128730909,0.04018565686760972,-0.00023626480520760903
540899.99998344574,2259.8700745818633,-6625.1797727753856,0.005739000982620741,7.141990563803196,2.4361600168308173,-0.00025137510532285414
541199.99998348067,4248.1610994127113,-5563.5538170610898,-0.068682371957251173,5.9975513018569009,4.5795529429237041,-0.00024043683589738737
541499.99998351559,5796.000205593753,-3925.0951697476426,-0.13602158248533033,4.2312815568347411,6.2481357621584177,-0.00020457062423473167
541799.99998355052,6742.9062387655867,-1879.6800967970762,-0.18929505671352811,2.0263090596885673,7.2689081302637524,-0.00014748183119087221
542099.99998421408,6990.7031656917061,360.62145202439996,-0.22297377686350614,-0.38875301345658048,7.536035179844025,-7.5077676092069319e-05
542399.99998362036,6513.6991451237636,2563.5334485630324,-0.23355714914222153,-2.7635090069822423,7.0218208177893082,5.1441392970424636e-06
542699.99998396961,5361.3502953130983,4500.6564608955478,-0.21993684975896707,-4.8517423110889002,5.7795792941323976,8.4871985318719689e-05
542999.99998369021,3653.1330093545344,5971.1482951066146,-0.18351283682829719,-6.4369434124702751,3.938107383555943,0.00015584155229974369
543299.99998372514,1566.1564637765982,6822.5475035538957,-0.12804940545794188,-7.354757795965341,1.6883304110458894,0.00021069251970274249
543599.99998344574,-683.20022441241872,6966.5806310626422,-0.059286111502782284,-7.5100261872231293,-0.73649312611795192,0.00024373183288519545
543899.99998316634,-2861.7223715353862,6388.3144173668707,0.015656200104616613,-6.8866506083777104,-3.0849559899673178,0.00025152446505588241
544199.99998320127,-4743.539561728081,5147.7040279090743,0.089012782178990432,-5.5492633458222871,-5.1135682214519109,0.00023325041256221237
544499.99998323619,-6133.544016056986,3373.37682654944,0.15317943665827261,-3.6365257997618006,-6.6120023187411023,0.00019079088362966139
544799.99998358544,-6887.619468881413,1249.2961571579101,0.20150071047323004,-1.3467518991067673,-7.424900134511498,0.00012853466274721637
545099.99998362036,-6927.5831638621967,-1004.3121182049867,0.22896016530607369,1.0826533172376283,-7.4679804282648856,5.2924580666985927e-05
545399.99998396961,-6249.2918041293979,-3153.7927839344661,0.23270115352787613,3.3998080827291166,-6.7367770157290217,-2.8209089728161079e-05
545699.99998431886,-4923.0710420018586,-4976.2867109696836,0.2123240398065907,5.3644690532335204,-5.3071015848323588,-0.00010645941045562296
545999.99998498242,-3086.4240383559727,-6282.836910867225,0.16992892870791665,6.7729396134333939,-3.3271833605788044,-0.0001737138382219915
546299.99998501735,-929.77512599761769,-6937.9795743151954,0.10989930556900319,7.4791889281759421,-1.0023007351001021,-0.00022299533513321385
546599.99998442363,1323.2733703836732,-6873.788995158854,0.038448850625724479,7.4099923550634141,1.4265017942246929,-0.00024918630274454925
546899.9999850872,3439.1242163862294,-6096.920191945489,-0.037021737649524759,6.5725235349194273,3.7074048961315422,-0.00024956017008247839
547199.9999848078,5198.4046596107637,-4687.9190698158291,-0.10869133258271037,5.0536110025535645,5.6039229655332479,-0.00022406536029151525
547499.9999845284,6418.7112237483952,-2792.8715114802858,-0.1691289652111217,3.0107361161235424,6.9194232757566159,-0.0001753320195832126
547799.99998424901,6973.5215151537059,-608.25718734068391,-0.21206436619533467,0.65570547025676917,7.5175132944507483,-0.00010840065333657292
548099.99998396961,6805.3122866532394,1639.4216087393113,-0.23303854310867253,-1.7673094593902923,7.33618229356233,-3.0200683640886633e-05
548399.99998369021,5931.5235542837145,3717.1239660788478,-0.22986687505763639,-4.0070884646666505,6.3942308045480658,5.1167089094912945e-05
548699.99998341082,4442.7503877703275,5409.4322908308932,-0.20286662784289244,-5.8314095431841881,4.7893212750471061,0.0001272697701529804
548999.99998344574,2493.3498723655589,6540.8870042392891,-0.15482520807988093,-7.0511259391775578,2.6878521362404624,0.00019021640470124145
549299.99998379499,285.43718923092865,6994.1782864556344,-0.09071235084192189,-7.5397769255887486,0.30770532052412947,0.00023347615081328429
549599.99998351559,-1952.069856931344,6722.3087898013646,-0.017165982028813323,-7.246699203094999,-2.1043439423632906,0.0002525557705734306
549899.99998386484,-3987.1852226299611,5753.4662944324682,0.058195040936631068,-6.202279596386961,-4.29821295513318,0.00024546619766653051
550199.99998358544,-5608.9070366621409,4188.1011396338372,0.12756015010077634,-4.5148044838439709,-6.046440219107831,0.00021292978925908075
550499.99998362036,-6649.0944221371601,2188.5114055817703,0.18373651609049216,-2.359232520603352,-7.1677688255480394,0.00015830671765852545
550799.99998302665,-6999.9003714328464,-37.984272544702819,0.22089485863872263,0.040945262831028548,-7.5459392216496051,8.7248019247979908e-05
551099.99998337589,-6624.9533257776311,-2260.5416811255709,0.23517431657565332,2.4368772869138922,-7.1417429529580536,7.1110984669959444e-06
551399.9999830965,-5563.1281007814832,-4248.725022101029,0.22508362261725431,4.580152450474781,-5.9970875838736477,-7.3801912005231664e-05
551699.99998344574,-3924.5152523439806,-5796.3985755567928,0.19165689368529382,6.2485553844235211,-4.2306514899418444,-0.00014710415810526624
551999.99998348067,-1879.0068554697502,-6743.0988062481219,0.13834773902198122,7.2691055085521707,-2.0255792249673985,-0.00020519338457528836
552299.99998351559,361.31790845166063,-6990.6712443693477,0.070672499582062551,7.535991523655988,0.38950677773959502,-0.0002420404639314808
552599.99998386484,2564.1810872881733,-6513.4471943031913,-0.0043605493581843372,7.0215419721386114,2.764209522936238,-0.00025381530420299407
552899.99998421408,4501.1885523889605,-5360.905196777896,-0.078976977071267107,5.7790945135892509,4.8523184641357116,-0.00023928510495991272
553199.99998424901,5971.510040654226,-3652.5412279180919,-0.14544178808869893,3.9374662512375456,6.4373367600259277,-0.00019994350234392167
553499.99998428393,6822.7014619410484,-1565.4793973290919,-0.19686132823707153,1.6875981758992242,7.3549280716116563,-0.00013985704861305001
553799.99998400453,6966.5105362582008,683.89236600148513,-0.22789834621123556,-0.73724169746093882,7.5099554216755076,-6.5244807063329863e-05
554099.99998372514,6388.0269551073934,2862.3576312335149,-0.23532602063081021,-3.0856439423387032,6.8863453090027349,1.6165448439781442e-05
554399.99998376006,5147.2283118096666,4744.0516049352264,-0.21836343390992499,-5.1141243122865871,5.5487542284569811,9.5937738958622957e-05
554699.99998379499,3372.7615324059357,6133.8790224192235,-0.1787576217462977,-6.612368537064965,3.6358648658289265,0.00016580212414464004
554999.99998382991,1248.604589302216,6887.7417755239858,-0.12060359557408654,-7.4250378548028513,1.3460071614054878,0.00021851205417829453
555299.99998386484,-1005.0085210242872,6927.4790589749455,-0.049920900658634713,-7.4678745140306573,-1.0834047994864608,0.00024859594291165468
555599.99998421408,-3154.421811413531,6248.9710739149441,0.025969485790617329,-6.7364375413070254,-3.4004880548805372,0.00025292503844584127
555899.99998393469,-4976.7828917460592,4922.5661233628707,0.099203408832378617,-5.3065631145528389,-5.3650061120265518,0.00023103870125460875
556199.99998365529,-6283.1484525303104,3085.7867965334117,0.1621884170110286,-3.326501756539622,-6.773276833508163,0.00018519332356005543
556499.99998337589,-6938.0739686919487,929.07149901472837,0.20839085022662371,-1.0015475480664666,-7.479290294049914,0.00012012973021246501
556799.9999830965,-6873.6566106023429,-1323.9703505553098,0.23301356636523338,1.4272470010869378,-7.409847098645626,4.2583034431756419e-05
557099.99998313142,-6096.575358318596,-3439.7422824304026,0.23349402435509561,3.7080634835857427,-6.5721475426179978,-3.9414418272179952e-05
557399.99998316634,-4687.3984357913723,-5198.8801164417891,0.20977101041286139,5.6044261506808173,-5.0530448465982731,-0.00011736493413504526
557699.99998288695,-2792.229930714348,-6418.9956489213691,0.16429223117825043,6.9197195727764544,-3.010040060228246,-0.00018318607770705976
557999.99998260755,-607.56169967977905,-6973.5866527618273,0.10176183179563585,7.5175735316006991,-0.65495239165615171,-0.00023004876088831547
558299.99998264248,1640.098869865081,-6805.1526492314724,0.028653858689658251,7.3360018194598346,1.7680419726294967,-0.00025308588909454512
558599.99998299172,3717.7131375747331,-5931.1566630767929,-0.047458026110570782,6.3938291687387432,4.0077258374086124,-0.00024989798509053135
558899.999982398,5409.8727260382557,-4442.2148059407345,-0.1186851799427933,4.7887398796036109,5.831887187697907,-0.00022080321338397289
559199.99998243293,6541.133276950467,-2492.7012713174463,-0.1776416629250295,2.6871501983060679,7.051395257724387,-0.00016880571711724634
559499.99998215353,6994.2047328139242,-284.74281830506413,-0.21821018880575066,0.30695435285049216,7.5398100441732181,-9.9285403283709116e-05
559799.99998250278,6722.1121979335376,1952.737919093498,-0.23617689498208527,-2.1050670187803711,7.2464920373630237,-1.94412226262522e-05
560099.99998222338,5753.0663864363687,3987.7573547699781,-0.22966904726500123,-4.2988335104487332,6.2018526806660415,6.2454408320870017e-05
560399.9999822583,4187.5386888821904,5609.3232970655517,-0.19935021503297168,-6.0468937448881173,4.514201181684661,0.00013791278626774131
560699.99998166459,2187.8441590855391,6649.3107836297404,-0.14835258630920847,-7.1680077489805933,2.3585147258824284,0.00019910884170307066
560999.99998138519,-38.687509532412456,6999.8933863380616,-0.081953344147493404,-7.5459379739350583,-0.041703470821181823,0.00023969257792634874
561299.99998173444,-2261.208100403453,6624.7226624407404,-0.0070285616584129266,-7.1415007314623651,-2.4375971830228695,0.00025544789279578067
561599.99998145504,-4249.2853636828931,5562.6967357851545,0.06865885844272053,-5.9966286894320113,-4.5807587233070901,0.0002447304662834491
561899.99998148996,-5796.7943993595454,3923.927251702863,0.13726346354176475,-4.2300231941610091,-6.2489840218053621,0.00020863928119066184
562199.99998215353,-6743.2887590113742,1878.3228897984791,0.19167043217626503,-2.0248471782156789,-7.2693108434466005,0.00015090392605205926
562499.99998187413,-6990.6355904043503,-362.0269052889011,0.22623339547839591,0.39026538244125175,-7.535951582711264,7.7499249632415472e-05
562799.99998159474,-6513.1900343077868,-2564.8415321523717,0.23736040524853397,2.7649145035462772,-7.0212612423486194,-3.9728435635266114e-06
563099.99998162966,-5360.453990572244,-4501.7321621943756,0.22388724608286253,4.85289575605049,-5.7786034342573034,-8.5070539071152053e-05
563399.99998197891,-3651.9436827875206,-5971.8811205141255,0.18719928896745508,6.4377266624120031,-3.9368174337113708,-0.00015738674806533505
563699.99998232815,-1564.7981735261701,-6822.8626552268006,0.13108911309225768,7.3550914052448118,-1.6868600705436623,-0.0002134206446398359
563999.9999826774,684.58639220088571,-6966.4464398445898,0.061364504077332356,7.5098769457234811,0.7379925066886508,-0.00024735575090029766
564299.999982398,2862.9927172896028,-6387.7453681680036,-0.01475267259370009,6.8860344297589977,3.0863306575163998,-0.00025566382464937965
564599.99998274725,4744.5623640904787,-5146.7591707720476,-0.089374509945726849,5.5482434332841981,5.1146772920813373,-0.00023747180532285918
564899.9999830965,6134.2128721702284,-3372.1537782908435,-0.15476451883794273,3.6352063591679173,6.6127317140301081,-0.00019465361529672477
565199.99998344574,6887.8641553927955,-1247.9212700838395,-0.20413977664563024,1.345267951879825,7.4251740348327537,-0.00013163714370205618
565499.99998316634,6927.3769583550829,1005.6965264860975,-0.23237457279128995,-1.08414921777174,7.467769204633651,-5.4946295010984458e-05
565799.99998320127,6248.6544849011316,3155.0429453957036,-0.23653254132691687,-3.4011611373694088,6.7361007889297611,2.7474510393881003e-05
566099.99998386484,4922.0671665712089,4977.2722531184627,-0.21617202937843069,-5.3655381342353472,5.3060288561894522,0.00010708340190142134
566399.99998358544,3085.1565665421517,6283.454516553862,-0.17339295124393816,-6.7736122226012947,3.3258245858689524,0.00017562638221165462
566699.99998362036,928.37486947000707,6938.164022784993,-0.1126201729642681,-7.4793935592349614,1.0007971696216089,0.00022599312629425223
566999.99998302665,-1324.6613713539323,6873.520244657373,-0.040145792062299679,-7.4097066212382519,-1.4279928870889809,0.00025295451864586129
567299.99998243293,-3440.3559872309293,6096.2256861174374,0.036522326052771704,-6.571776971415618,-3.7087271130797492,0.00025370545212675906
567599.99998278217,-5199.352586463332,4686.8708958362777,0.10943829759102015,-5.0524820159318011,-5.6049377420447639,0.00022815658173767119
567899.9999828171,-6419.2775265973796,2791.5787529606473,0.17104169446112688,-3.0093434553254896,-6.9200248081864206,0.00017894473217504883
568199.99998285202,-6973.6485102182087,606.85429279361745,0.2149414214920132,-0.65419522681493847,-7.5176397547221949,0.0001111607851178664
568499.99998288695,-6804.9882619887312,-1640.7890799591512,0.23657874053361422,1.7687796710476893,-7.3358220170219113,3.1823122356571649e-05
568799.99998260755,-5930.7837147680839,-3718.3146263004196,0.23370067427679941,4.0083662547047858,-6.3934229252719215,-5.0848948632276659e-05
569099.99998232815,-4441.6728707622142,-5410.3235828673578,0.20659462927372224,5.8323635357495593,-4.7881509585069635,-0.00012828661743687311
569399.99998204876,-2492.0473887886915,-6541.3876984406761,0.15805979256697877,7.0516589486366481,-2.6864411920397129,-0.00019245968334877296
569699.99998208368,-284.04524696015892,-6994.2376235503871,0.0931181227913285,7.5398353486948233,-0.30619937806739245,-0.00023670932214068607
569999.99998180429,1953.4068783300788,-6721.9214310845637,0.018494755496419241,7.246277907964922,2.1057902725291076,-0.00025643912654434137
570299.99998183921,3988.3287501992736,-5752.6727014185171,-0.058078430356968969,6.2014220807242761,4.2994514971936129,-0.0002495926685473107
570599.99998187413,5609.7383463464412,-4186.9834042896282,-0.12866396040403982,4.5135984259171291,6.0473438893673928,-0.00021686792317196287
570899.99998159474,6649.5266847284811,-2187.1849786120179,-0.18594160594693507,2.3578011883028691,7.168244254909232,-0.000161646168209942
571199.99998194398,6999.8876071252935,39.382240770318418,-0.22396759827698201,-0.04245510088675148,7.545936308035162,-8.9642590371343493e-05
571499.99998197891,6624.4953146233647,2261.8662283275189,-0.23879145700334015,-2.4383098882336345,7.1412603625503834,-8.3147157205699283e-06
571799.99998201383,5562.2707147267265,4249.8382750034007,-0.22886641026053334,-4.5813589355339897,5.9961735496037436,7.39100748508174e-05
572099.99998236308,3923.3460419765183,5797.1840896276508,-0.19521076619086436,-6.2494092877327896,4.2293995513905962,0.00014850789063408694
572399.99998208368,1877.6462014218434,6743.4739050971193,-0.14130341125566323,-7.2695164618305483,2.0241190348341487,0.00020774200095657127
572699.99998180429,-362.72925389031508,6990.5959357358106,-0.072724173647228621,-7.535915378484825,-0.39102283971029972,0.00024546520938043242
572999.99998215353,-2565.4967818916662,6512.9286033751068,0.0034237532067329201,-7.0209860025774571,-2.7656225591748651,0.00025775772693633779
573299.99998250278,-4502.2721562384559,5359.9969451573643,0.07924953151127144,-5.7781169065530289,-4.8534802314809591,0.00024333438649370536
573599.9999825377,-5972.249492158403,3651.3377725495066,0.14689234355422584,-3.9361698424432849,-6.438125744067368,0.00020367893262264572
573899.99998257263,-6823.0208929098353,1564.1059600170129,0.19933628202201076,-1.6861191866797232,-7.355262503032411,0.00014289138598886565
574199.99998260755,-6966.3781273585782,-685.29311534524538,0.2311380087678862,0.738748502378483,-7.5098017317215593,6.7264192763186366e-05
574499.99998232815,-6387.4580288158459,-2863.640631167741,0.23899172970041757,3.0870218635265485,-6.8857211696796927,-1.5369045616509069e-05
574799.9999826774,-5146.2834170878314,-4745.0845367612128,0.22207285175929928,5.1152311547826441,-5.5477260277856493,-9.6444895886043438e-05
575099.999982398,-3371.5398608643513,-6134.555897690715,0.18212459171867865,6.6130910796016966,-3.6345401630213399,-0.00016755748201723617
575399.99998243293,-1247.2335039581069,-6887.9936506759977,0.12327842451275818,7.4253029870213281,-1.3445231415055485,-0.00022133000984436775
575699.99998183921,1006.386646921294,-6927.2808406884742,0.051626846294608057,7.4676560874859064,1.0848954750561064,-0.00025218005938669946
575999.99998155981,3155.6641406517197,-6248.3438736341168,-0.025407383711394151,6.735758545052188,3.4018326080781383,-0.00025689922768807358
576299.99998159474,4977.7606007400782,-4921.5749946632423,-0.099840221701783777,5.3054931417168039,5.3660667784002847,-0.00023498689559927968
576599.9999822583,6283.7597701023542,-3084.5341398157507,-0.16395386975892659,3.3251501067724827,6.7739444747971973,-0.00018870336612078945
576899.99998197891,6938.2545713545323,-927.68676064220449,-0.21109706991671329,1.000052559854016,7.4794953703232103,-0.00012283671879610752
577199.99998169951,6873.3863607616659,1325.3437816778742,-0.23637516094929972,-1.4287315853057034,7.4095670039012331,-4.4207428908578574e-05
577499.99998142011,6095.8806386268143,3440.9616898682357,-0.23715828938207814,-3.7093839248510831,6.5714094777254886,3.9037972339687843e-05
577799.99998114072,4686.349761300412,5199.8182216491168,-0.21335500514395545,-5.6054445740415826,5.051923748416649,0.00011827101800166962
578099.99998086132,2790.9349297461695,6419.5539898023908,-0.16742278163410229,-6.9203286563185369,3.0086514778847353,0.00018527570847197465
578399.99998089625,606.15409068283691,6973.7061085642281,-0.1041142748133129,-7.5177083359205561,0.65344079680871137,0.00023310046696384598
578699.99998061685,-1641.4732384191173,6804.8199121610405,-0.029985535284433925,-7.335647259570333,-1.7695183744553395,0.00025677930504314905
578999.99998096609,-3718.9116994379438,5930.4058264373698,0.047282926741411317,-6.3930220241226641,-4.0090121305166804,0.00025384740291076277
579299.9999806867,-5410.7713214867117,4441.1238224650297,0.11968190844927346,-4.7875649582655395,-5.8328485523726243,0.0002245976085099556
579599.99998072162,-6541.6392928232208,2491.3836664477594,0.17970367438184848,-2.6857310872400109,-7.0519315241316383,0.00017205119630862151
579899.99998044223,-6994.2668001598477,283.33558755042009,0.22112047302285218,-0.30543989099249413,-7.5398662728549137,0.00010164581947477444
580199.99998047715,-6721.725391835228,-1954.0888307015898,0.23963070098433953,2.1065188482424162,-7.2460639466501213,2.0672876809823658e-05
580499.99998019775,-5752.2724445280501,-3988.9123684363431,0.23330567945116742,4.3000723450651392,-6.2009864724232475,-6.2477517170830431e-05
580799.99997991836,-4186.4213481059933,-5610.163634821095,0.20279064134003866,6.0477923599605781,-4.5129880316122737,-0.0001391858163366053
581099.99997995328,-2186.5202129250242,-6649.7505663586853,0.15123897285289822,7.1684747725609066,-2.3570807769355011,-0.00020149654406738252
581399.99998030253,40.080379985894382,-6999.8881963681461,0.083986393190179864,7.5459266346642169,0.04321032865398472,-0.0002429434002888858
581699.99998033745,2262.5254481589609,-6624.2738457227661,0.0079987214248188401,7.1410130503454434,2.4390223300256673,-0.00025922038294636223
581999.9999806867,4250.3906696278755,-5561.8510981228219,-0.068849624284366293,5.9957149223931516,4.5819562168403918,-0.00024862923962183582
582299.99998103594,5797.5728635568994,-3922.7722652056004,-0.13859166124635533,4.2287767429196013,6.2498309750758043,-0.00021225671982352898
582599.99998138519,6743.658976368095,-1876.9778697462511,-0.19399383536137418,2.0233954357266426,7.26971966178355,-0.00015386310524591492
582899.99998110579,6990.5579492199249,363.42283453028313,-0.22930632054962347,-0.39177350813548467,7.5358789457415876,-7.9493443084622208e-05
583199.99998114072,6512.6709940606579,2566.1435530351318,-0.24085978634448885,-2.7663233661744373,7.020712957176789,3.1483138866840538e-06
583499.99998117564,5359.5457390095253,4502.8046406885469,-0.22744668627896195,-4.854058806014927,5.7776345312207233,8.5497437141502627e-05
583799.99998121057,3650.7390655263453,5972.6117600480293,-0.19044744771166058,-6.4385218321929782,3.9355272027788755,0.00015901610787677847
584099.99998124549,1563.4212885786028,6823.174414020652,-0.13368838431860397,-7.3554343679413625,1.6853822499336419,0.00021607863069171381
584399.99998096609,-685.99305966177133,6966.3058743435149,-0.063045968562903898,-7.5097306335041161,-0.7395035875475261,0.00025076238713322177
584699.99998131534,-2864.2832861284905,6387.1663797064166,0.014161596641275153,-6.8854134868202514,-3.087716546194347,0.00025946249963042765
584999.99998166459,-4745.6029996630814,5145.8016679688089,0.089932504249634296,-5.5472129066609996,-5.1157925519860399,0.00024126643916595793
585299.99998169951,-6134.8960060587451,3370.917340717072,0.15641063287086465,-3.6338746736018086,-6.6134597224417755,0.00019804967987164946
585599.99998173444,-6888.119820639351,1246.534524504933,0.20670006268657559,-1.3437750239883457,-7.4254394625497735,0.00013428239665211599
585899.999982398,-6927.1800074165722,-1007.0895904418263,0.23558038291835637,1.085647227601056,-7.4675457532299276,5.6567133809939992e-05
586199.99998211861,-6248.0269695090719,-3156.2981359452501,0.24004860536613234,3.4025085354561777,-6.735413431398297,-2.7044755336471969e-05
586499.99998246785,-4921.0757159923314,-4978.2602228295736,0.21963143422426945,5.3665960113014828,-5.3049505318276395,-0.00010788716299433808
586799.99998218846,-3083.9051642674026,-6284.0740202933321,0.17643541469246213,6.7742725346708852,-3.3244679670034238,-0.00017757740108752989
587099.99998222338,-926.99391369087391,-6938.3521085006496,0.11492963667482908,7.4795896741151608,-0.99930263225553095,-0.00022888542862902926
587399.99998257263,1326.0285413637673,-6873.2584402037301,0.041483393159756528,7.4094194945516021,1.4294717169922122,-0.00025648399097851762
587699.99998197891,3441.5676857552467,-6095.5416736196958,-0.036293387148238571,6.5710366021250577,3.7100387404302175,-0.00025750182348073069
587999.99998232815,5200.2831442469042,-4685.8355971555256,-0.1103386369758438,5.0513642393667171,5.6059477921782008,-0.0002318224426428945
588299.99998236308,6419.8300140239035,-2790.2991425110281,-0.17297386871728976,3.0079624412240604,6.9206293030769004,-0.00018209740610656595
588599.99998271232,6973.7646431572275,-605.46262853678468,-0.21770047562166728,0.65269233175344887,7.5177755808854334,-0.0001134725299912084
588899.99998274725,6804.6545276778479,1642.1486272049574,-0.2398740183809428,-1.7702498208699122,7.3354736350141296,-3.3055333970915384e-05
589199.99998215353,5930.0330481125875,3719.500692164112,-0.23718652509479293,-4.0096512995026101,6.3926245642524755,5.0821153633984346e-05
589499.99998218846,4440.5815893167801,5411.2122604766337,-0.20990671576220832,-5.8333291514749552,4.7869838302473173,0.00012946195118176309
589799.9999825377,2490.7275787340313,6541.8855750623989,-0.1608531522266545,-7.0522032020541179,2.6850257178796455,0.00019471152190140388
590099.99998288695,282.63325335019016,6994.2918106599282,-0.095103002110160401,-7.5399000157071923,0.30468294694417813,0.00023979955758330682
590399.99998292187,-1954.7647150141509,6721.525387514027,-0.019466520959265349,-7.2458552470152453,-2.1072488549806918,0.00026004343299408471
590699.99998264248,-3989.4915588066438,5751.8671082245482,0.058218344793714467,-6.2005560532323836,-4.30069911678462,0.00025333446564141624
590999.9999826774,-5610.5856995589547,4185.8519157341461,0.12989816698324863,-4.5123800651765045,-6.0482497775614634,0.00022035751074141654
591299.99998271232,-6649.9713399617012,2185.8453160636291,0.18813889679277179,-2.3563586509835335,-7.1687141008360351,0.00016452104806742137
591599.99998306157,-6999.8846204834745,-40.790830418949987,0.2268968434349351,0.043970553081657336,-7.5459221821656177,9.1604907105525784e-05
591899.9999830965,-6624.0465558311171,-2263.1977295826841,0.24214582344332269,2.4397402494593763,-7.1407653728239868,9.1620324394414119e-06
592199.99998313142,-5561.4243646683517,-4250.9552083103144,0.23229540960787096,4.5825561878481222,-5.9952508641011892,-7.4263814261262586e-05
592499.99998316634,-3922.1912543742401,-5797.9717120681817,0.19835682974868968,6.2502506335957735,-4.2281461524035304,-0.00015002341635933771
592799.99998320127,-1876.3036073026617,-6743.8518650110709,0.14383920277361392,7.2699165298894783,-2.0226651291415783,-0.00021025880303944392
593099.99998323619,364.12009122206456,-6990.5262507753559,0.074386745581730987,7.5358343239935497,0.3925274172504164,-0.00024871832914152619
593399.9999829568,2566.7916613105153,-6512.4192995309795,-0.0028055533583541637,7.0204329881996062,2.7670235151975762,-0.00026140557745354167
593699.99998236308,4503.3368851069081,-5359.1010804614598,-0.079737307444332009,5.7771488435268301,4.854634144864483,-0.00024699470685789297
593999.99998271232,5972.9734540179488,-3650.1480027619032,-0.14843193298551968,3.9348856445429647,6.4389141978317852,-0.00020696905392328152
594299.99998274725,6823.3282729999491,-1562.7452153349964,-0.20176372697660733,1.6846501071735529,7.3556038510008328,-0.00014546848224246151
594599.99998246785,6966.2357650618387,686.68403127160047,-0.23419705401846086,-0.74025172711994791,7.509659523224185,-6.886118079635299e-05
594899.99998218846,6386.8790512331298,2864.9173428196518,-0.24236094898054408,-3.0884039977974926,6.8851083428699109,1.4915788930131796e-05
595199.99998190906,5145.3262190157675,4746.1139422215228,-0.22539948605345708,-5.1163482914872125,5.5467042991793019,9.717888850374124e-05
595499.9999822583,3370.3023843876317,6135.2300891605919,-0.18506149776133504,-6.6138258099558902,3.6332143656008347,0.00016939820579224226
595799.99998197891,1245.8433084181947,6888.2413829486204,-0.12552024694882599,-7.4255772050622326,1.3430308275773191,0.00022408194699222888
596099.99998169951,-1007.7856505298387,6927.075293777234,-0.052941654215462777,-7.4674398933528723,-1.086398356721167,0.00025555359741005686
596399.99998142011,-3156.9268274259261,6247.7057038544463,0.02515423703033115,-6.7350739359556053,-3.4031883717973108,0.00026054113935419093
596699.99998145504,-4978.756041844591,4920.5702718361363,0.10067242839682262,-5.3044118916565939,-5.3671331242513816,0.00023851718766812352
596999.99998180429,-6284.3851267287728,3083.2673504695508,0.16578203682755682,-3.3237859953454683,-6.7746099330007592,0.000191754706009678
597299.99998215353,-6938.4459294054341,926.2896533940858,0.21372830304918128,-0.99854888861143598,-7.4796912193667273,0.00012509243499405574
597599.99998218846,-6873.1252973698383,-1326.7261861243239,0.23953334838891463,1.4302175780981234,-7.4092742729182612,4.5434240649029416e-05
597899.99998190906,-6095.1958884131363,-3442.1863961299978,0.24051298917066974,3.71069790895341,-6.5706603868942048,-3.8965829279351451e-05
598199.99998194398,-4685.3138831080551,-5200.759136245415,0.2165559543717247,5.606451232670584,-5.0507976194452189,-0.00011935876575938404
598499.99998166459,-2789.6564816996693,-6420.1148173505062,0.170136457821086,6.9209253431268127,-3.0072658556456409,-0.00018740750525397679
598799.99998138519,-604.7662228263265,-6973.830024120075,0.1060587041806403,7.5178350374331497,-0.65193893907302936,-0.00023605152702014761
599099.99998142011,1642.8265161226623,-6804.49510330465,0.030959700955903169,7.3352920702712749,1.7709821951697891,-0.00026023947320848157
599399.99998114072,3720.0901604302976,-5929.6664897448027,-0.047378177260807751,6.3922218870980343,4.0102880293323695,-0.00025745375939936266
599699.99998148996,5411.6527327888707,-4440.0465852429743,-0.12083367427966546,4.7864017740255997,5.833805841691885,-0.0002279726709576881
599999.99998121057,6542.1317637794609,-2490.0798515409429,-0.18178860512308409,2.6843236552759207,7.0524715927111021,-0.0001748426402472378
600299.99998187413,6994.3182066902955,-281.93998260683242,-0.22391798355790549,0.30393228813041662,7.5399325604656484,-0.00010356344999547587
600599.99998159474,6721.328875672385,1955.4315706585087,-0.24284636146613081,-2.1079714261326763,7.2456480134185419,-2.151889434019501e-05
600899.99998131534,5751.467423236646,3990.0625385065664,-0.23660226792231315,-4.3013192439515038,6.2001295057602341,6.2788155575074209e-05
601199.99998135027,4185.2897889140295,5611.0009562580663,-0.2058235432572916,-6.0487030823783323,4.5117773603371845,0.00014061701319066053
601499.99998169951,2185.1784210833521,6650.1868840604911,-0.15369218731602025,-7.1689530020299062,2.3556414431227521,0.00020389541411234028
601799.99998142011,-41.49371756622898,6999.876973087632,-0.085605382011852679,-7.5459209971249237,-0.044728323178594077,0.00024605675909302539
602099.99998145504,-2263.8638142830841,6623.8153301445664,-0.0086167064081052094,-7.1405231793082971,-2.4404599211868607,0.0002627215289057806
602399.99998117564,-4251.5152045689993,5560.9924747942869,0.06929459414608613,-5.9947918745555517,-4.5831624382955694,0.00025215217097562781
602699.99998121057,-5798.3671375807508,3921.6027091016358,0.14005058578496113,-4.2275175820892059,-6.2506794020729588,0.00021543423068595265
602999.99998124549,-6744.0413063686028,1875.6190509483938,0.19631216264144294,-2.0219326178412267,-7.2701220515459077,0.0001563648596609514
603299.99998128042,-6990.4899210329104,-364.82972877704469,0.23224027875149339,0.39328664033696259,-7.5357944935870895,8.1060156940388758e-05
603599.99998162966,-6512.1612674917142,-2567.4527606455013,0.24410194382395003,2.7677291397556596,-7.0201521535335836,-2.6780585395696693e-06
603899.99998135027,-5358.6488323144968,-4503.8810798971235,0.23065809565400741,4.8552118732147038,-5.7766573905871281,-8.6170498157016258e-05
604199.99998138519,-3649.5493487723352,-5973.3449756377731,0.19329304641553166,6.4393040946361806,-3.934236291097545,-0.00016075996365415168
604499.99998173444,-1562.0629672702173,-6823.4897519340675,0.13587197427635689,7.3557666338474537,-1.6839115489305416,-0.00021870899230475008
604799.99998145504,687.37884341973938,-6966.1718665788276,0.064341121928015374,7.5095800631785821,0.74100262676907647,-0.00025400251911223407
