0,7000000,0,0,0,7546.0532872678359,0
300,6637117.7341636056,2224560.1354943682,0.015026134769913369,-2398.0929745540516,7154.8636425639406,0.00011775679659453784
600,5586094.805377542,4218476.5215830887,0.079697787060844627,-4547.5501129552085,6021.8532641574548,0.00032523916465704332
900,3955901.9591378383,5775018.6616070159,0.21480001486645411,-6225.5142517268005,4264.4933968690457,0.00057854497649774969
1200,1915558.6734022798,6732803.3214931171,0.42562652060072181,-7258.0129283783726,2064.9883809893863,0.00081971822102265947
1500,-323390.91664217249,6992526.8881197348,0.69916579941949641,-7537.9961318733067,-348.61544822081987,0.00098646576815233813
1800,-2528811.1201482518,6527261.2342778295,1.0044457983625088,-7036.43539516275,-2726.0739580263366,0.0010231918810202532
2100,-4472042.7291830527,5385245.576553111,1.2961447542020541,-5805.3333405737958,-4820.8909160617441,0.00089140602237666212
2400,-5951610.54109345,3684884.891265491,1.5209923634961882,-3972.3317045139984,-6415.8749129642874,0.00057763717581015819
2700,-6814112.3345852001,1602473.5303352051,1.6259922251998602,-1727.4771047654608,-7345.6576702488592,9.7493291206713891e-05
3000,-6970123.5676718131,-646083.07299578236,1.5671978899683949,696.4831065104147,-7513.8391545037966,-0.00050474175645817546
3300,-6403468.8768167933,-2827653.4996600961,1.3177103242981683,3048.2319416285891,-6902.9821385373289,-0.0011608108890895389
3600,-5172899.1642097058,-4716051.4076872058,0.87371084476300243,5083.939090840393,-5576.4201492805041,-0.0017867088408856375
3900,-3406000.3806582005,-6115486.5824087318,0.25764110742830604,6592.5411774752602,-3671.6913192859192,-0.0022932612620676267
4200,-1285965.4702407899,-6880864.6038710754,-0.48197603394334931,7417.6250182331232,-1386.2787026806291,-0.002597709504584125
4500,967399.1131943271,-6932830.4248620225,-1.2741705819465641,7473.644933716063,1042.864728201303,-0.0026349367032129033
4800,3120463.0937311752,-6265996.0574800279,-2.0323137080474609,6754.7924611031585,3363.8836206407823,-0.0023670731216287365
5100,4949995.3816626966,-4949499.2506280756,-2.6634072066638739,5335.5986645222547,5336.1330106470959,-0.0017904045815425053
5400,6266308.8798388382,-3119835.2229346023,-3.0789334597645333,3363.2065852798487,6755.128726592121,-0.00093875116539483036
5700,6932927.3779134313,-966704.70272916416,-3.2061169360484691,1042.1151804959334,7473.7484367136549,0.00011723460763543776
6000,6880735.468359516,1286654.3906155201,-2.9983291800971155,-1387.0233263014281,7417.4852603633099,0.0012750876033551051
6300,6115144.4540971154,3406612.3862249451,-2.4433500230607832,-3672.354345838944,6592.1725982860935,0.002409749506357061
6600,4715531.3096053153,5173370.7172363782,-1.5682949789837128,-5576.9332674869001,5083.3793673578866,0.0033864440654938592
6900,2827008.8488596231,6403750.7874326315,-0.44025673213926719,-6903.2920456385546,3047.5382851593281,0.0040761518762575995
7200,645380.3320703283,6970186.0852660751,0.8378903189694431,-7513.9129654047192,695.72686997061578,0.0043720668611204206
7500,-1603161.594995131,6813948.3880380299,2.1365115589980799,-7345.4867130668017,-1728.2173480390179,0.0042049347241761743
7800,-3685486.7724579028,5951236.7072065277,3.3123786259467067,-6415.4762906279357,-3972.9783008164395,0.0035549682496856935
8100,-5385698.6386076091,4471497.6666142559,4.2246319050778682,-4820.3061870644415,-5805.8181369931262,0.0024582741691799486
8400,-6527518.4611005262,2528151.5152390222,4.7516667290959358,-2725.3647143629955,-7036.7075153126625,0.0010064388160614375
8700,-6992561.8948760238,322685.38569394452,4.8068150219297854,-347.85631290937954,-7538.0276280974613,-0.00066104799732964997
9000,-6732613.019977631,-1916236.9434209028,4.3507635418472921,2065.7181659095095,-7257.8014590809034,-0.0023707603405297229
9300,-5774623.3614740381,-3956482.906142835,3.3990239194759444,4265.1184429505547,-6225.0826924360263,-0.0039340179780496662
9600,-4217917.6146165244,-5586518.6716403496,2.0233687840716739,6022.3095519014032,-4546.9436201412809,-0.0051680250146343169
9900,-2223895.7361724102,-6637341.0703674266,0.34686807345323367,7155.1045860078011,-2397.3741910147864,-0.0059169813071647294
10200,700.99280389142223,-7000000.0175556578,-1.467101130800482,7546.0541724224859,0.7571021771523192,-0.0060707692800137077
10500,2225225.0086579523,-6636894.6396934772,-3.2308233271372462,7154.6240180818049,2398.8103569721575,-0.0055791514467123373
10800,4219036.2066760026,-5585671.8363095252,-4.7515973177298552,6021.3977206579075,4548.1536141995584,-0.0044599227166087739
11100,5775414.9315931117,-3955323.032105458,-5.8525023404990897,4263.8689945203732,6225.9414154689239,-0.0028000791915116095
11400,6732994.8433938231,-1914883.8318158942,-6.3924245265080089,2064.2596678022228,7258.2196482950094,-0.0007497275817972928
11700,6992493.4708606536,324091.74166274909,-6.2832064606408569,-349.37332826386682,7537.9611310016371,0.0014908886091551763
12000,6527005.8514894545,2529465.3086963277,-5.5019877931627139,-2726.7830310407594,7036.1621287119342,0.0036902635538296849
12300,5384794.0475214589,4472582.3679401577,-4.0971838500738818,-4821.4781002541877,5804.8494559313822,0.0056088682858110714
12600,3684283.3251036564,5951979.3344567008,-2.1870874955594033,-6416.2791456346649,3971.6864073515444,0.0070247084346784609
12900,1601783.7611477755,6814271.4415379716,0.049236068577199754,-7345.8361223352222,1726.7366482969005,0.0077586960332701694
13200,-646789.72825532884,6970055.8105073562,2.3882858715984598,-7513.7721012385609,-697.24175673397849,0.0076969979341494771
13500,-2828303.6545257499,6403180.7960202638,4.5843483893858155,-6902.6757549873819,-3048.929062084429,0.0068074655958152127
13800,-4716577.4421734819,5172420.526882384,6.3954390203515921,-5575.9064142410198,-5084.5010484550648,0.005147634387557944
14100,-6115833.9563630484,3405381.0563994311,7.6101616633342832,-3671.0246185902461,-6592.9088860586144,0.0028626742552641388
14400,-6880997.6933312416,1285270.0125788364,8.0723877845727916,-1385.5295139434945,-7417.7605557081606,0.00017296840865265025
14700,-6932736.160160711,-968098.45779992046,7.7007747150210166,1043.6179476604048,-7473.5352985747804,-0.0026475707497318032
15000,-6265685.0332259992,-3121094.0349808256,6.5006733507907857,3364.5629542707848,-6754.450230402238,-0.0053000711555199849
15300,-4949004.3623659974,-4950493.0167387901,4.5668322062508233,5336.6689120983065,-5335.0599921028961,-0.0074928978043783045
15600,-3119208.1346127382,-6266622.209821634,2.0763544801195568,6755.4665997627562,-3362.5272090800613,-0.0089738185037188892
15900,-966010.55317805521,-6933024.392651624,-0.72753701874175669,7473.8537736037415,-1041.3649285227561,-0.0095585486935288837
16200,1287343.5830867384,-6880606.3902020939,-3.5593561143792791,7417.3471303799042,1387.7672832598721,-0.009152549550512994
16500,3407225.0672840094,-6114802.8019115068,-6.1204304471636233,6591.8050584924858,3673.0152073184913,-0.0077637184375883165
16800,5173843.1871971563,-4715012.5793115851,-8.1302318157988829,5082.820299632288,5577.4426343781724,-0.0055045730154788756
17100,6404033.8297318984,-2826366.8636159017,-9.3567293304974886,3046.8454978917152,6903.5972337790263,-0.0025835835848232614
17400,6970250.0629610335,-644681.6446565534,-9.6425890991899141,694.97190857910709,7513.9825183250714,0.00071365033885812225
17700,6813786.2547103176,1603844.5906801648,-8.9243978315491539,-1728.9567360536203,7345.3134315118787,0.0040517393553549629
18000,5950864.6870020516,3686083.2489863886,-7.2427027565308828,-3973.626015465441,6415.0776938124964,0.0070789268242182901
18300,4470953.6285834983,5386146.5328973671,-4.7414878469806458,-5806.3071595805222,4819.722717077153,0.0094635383702807059
18600,2527491.230543206,6527770.8371047229,-1.6566954983512341,-7036.9865408570076,2724.6560004500952,0.010929950157289359
18900,321976.95453086263,6992591.9108294826,1.7055017929121778,-7538.066564126214,347.09561026424831,0.011290321651532865
19200,-1916920.0751056396,6732416.9617041349,4.9988482421086928,-7257.5952034132379,-2066.4512744305093,0.010468396257708722
19500,-3957069.7027383968,5774221.2755844481,7.8726923342031503,-6224.6523681645585,-4265.7466241231223,0.0085121770601660329
19800,-5586948.1650851723,4217351.3017432094,10.009522570960725,-4546.334615263866,-6022.7665227767557,0.0055933294280442504
20100,-6637568.9397840286,2223224.2502462263,11.160233557987066,-2396.6510068630778,-7155.3426934347126,0.001992688624660927
20400,-7000003.2397616813,-1407.7691122107208,11.173081279055591,1.518362590039942,-7546.0494709525792,-0.0019269813532718741
20700,-6636673.6988650514,-2225893.8505776143,10.012887654405629,2399.5305115186484,-7154.3782419152185,-0.005758159905468809
21000,-5585250.391737855,-4219598.1746751424,7.7681034998738312,4548.7586428316135,-6020.9373333149661,-0.0090915830878030915
21300,-3954745.2636927222,-5775812.3535049614,4.6446857758959439,6226.3696145441972,-4263.2419552870069,-0.01156031245259816
21600,-1914209.8447925521,-6733187.0638432149,0.9472076497558457,7258.4273897355806,-2063.5305282755826,-0.012879994226412528
21900,324792.0134288827,-6992460.9249988254,-2.9509796818827465,7537.9270806106979,350.12965488037344,-0.012880923163134481
22200,2530119.1973249717,-6526752.0967420284,-6.6455287280293751,7035.8896065743766,2727.4886069785671,-0.011528456645659532
22500,4473121.9329149555,-5384345.4796562521,-9.742961444196327,5804.3664355702995,4822.0599534775038,-0.008929575946493155
22800,5952348.4190372191,-3683686.5044515887,-11.902310058989537,3971.042790807162,6416.6770336109885,-0.005324818894060326
23100,6814431.5145312911,-1601100.584135012,-12.87221074955778,1725.9989738734762,7346.0089485895469,-0.0010662635266484896
23400,6969989.9245493393,647488.46015159762,-12.519537963293773,-697.9974131759966,7513.7020710789884,0.0034164116310520594
23700,6402895.2776796892,2828945.5214148196,-10.846450773071673,-3049.6249334961512,6902.369916750803,0.0076586349471660601
24000,5171944.3184366859,4717095.7811850701,-7.9938046375136391,-5085.0653657730008,5575.3957692553267,0.011208408028931655
24300,3404762.8442691383,6116174.6525570741,-4.2301753322158966,-6593.2828855336038,3670.3611700445281,0.013673967438823948
24600,1284573.3939849918,6881124.8063931847,0.072844517983526202,-7417.9044980764911,1384.7814738672864,0.014766835692884672
24900,-968801.41447532852,6932635.8446000703,4.4769822345317207,-7473.4330593636168,-1044.3727295955309,0.014335578475581551
25200,-3121730.3030966418,6265367.2454746151,8.5218319508749829,-6754.1117240174999,-3365.2450953663752,0.012386178196596844
25500,-4950996.4248226695,4948501.9962473307,11.773120840891862,-5334.5206416242045,-5337.206353707018,0.0090860961991851633
25800,-6266940.6013355264,3118573.5479351031,13.869571042191609,-3361.8441249584939,-6755.8028951020497,0.0047508135247342088
26100,-6933125.1941777198,965309.87569425697,14.563176820805323,-1040.6102681891562,-7473.9543760097331,-0.0001862845201163572
26400,-6880479.9073654572,-1288037.5997287403,13.748293675709155,1388.51458935968,-7417.2027306777318,-0.005217727991043428
26700,-6114462.9648122145,-3407840.7297864268,11.476093904979397,3673.6779670428759,-6591.4318235336677,-0.0098148059192332063
27000,-4714495.238178716,-5174317.2059332412,7.9525301776377804,5577.9530849645253,-5082.2575161177265,-0.013483652854681939
27300,-2825725.9690402895,-6404317.655559713,3.519755553418813,6903.9034100078316,-3046.1513096961389,-0.015818439023902349
27600,-643983.73681598878,-6970314.7226748588,-1.3772476520535726,7514.0531384316209,-694.21762416749198,-0.016545891115615531
27900,1604527.1136629123,-6813625.2948267413,-6.2354802360201083,7345.1410970223742,1729.6935292541575,-0.015556358712342433
28200,3686679.5173429651,-5950494.9068143424,-10.545603654402184,6414.6799666749048,3974.2692279544021,-0.012918101857146402
28500,5386594.5338117694,-4470413.4259184552,-13.8451678995305,4819.14059606105,5806.7901867843011,-0.0088732330594472383
28800,6528023.8745121649,-2526836.6497101374,-15.76788448161709,2723.9496830302323,7037.2594027599062,-0.003815613346670002
29100,6992623.4421871928,-321275.85680114827,-16.083801492555807,346.33804534541878,7538.1011290948582,0.0017472103321329599
29400,6732223.2896194439,1917595.034019249,-14.726103598730608,-2067.1820571209068,7257.3878641261572,0.0072443928004914462
29700,5773821.8868173864,3957648.5058798492,-11.801538179779191,-4266.3753758160565,6224.2241420925102,0.012099680548934217
30000,4216786.9123623837,5587370.5532187019,-7.5830425270823483,-6023.2281229890295,4545.7290162995432,0.015791206874445733
30300,2222552.7714904957,6637790.6007346716,-2.4848880499483581,-7155.5886183936746,2395.9300127625538,0.017907255817618702
30600,-2117.0345535844099,7000000.5188687239,2.9775673463711492,-7546.0530498735125,-2.280129056528267,0.018192176698949004
30900,-2226567.3364187325,6636446.3069187468,8.2397637986789078,-7154.1381022516534,-2400.2532735168647,0.016577269862412918
31200,-4220165.8391384687,5584821.6710574441,12.746322749714041,-6020.4782230140709,-4549.3661227559369,0.013192706985224314
31500,-5776215.2388667651,3954159.8154980186,16.00987471127641,-4262.612343156592,-6226.7977443621212,0.0083584129551258074
31800,-6733383.6533875503,1913528.7164960639,17.663997626421981,-2062.7970737126097,-7258.6316250063728,0.0025541743213138854
32100,-6992431.476874372,-325497.96432746411,17.504385651225959,350.88985081247301,-7537.8870868127015,-0.0036282753236191903
32400,-6526500.4920453494,-2530776.8757874863,15.513537853275913,2728.1965857250543,-7035.6108004997805,-0.0095462234442706753
32700,-5383898.5341383405,-4473663.5951770488,11.866005371320387,4822.643049493664,-5803.8786467568698,-0.014573436224367298
33000,-3683091.0011543455,-5952718.511730223,6.9133409805997399,6417.0758411485203,-3970.3967223094987,-0.018166780928217774
33300,-1600418.4297915718,-6814592.201796283,1.150096244150955,7346.1828435203206,-1725.2610729679909,-0.019924805872726957
33600,648186.5037465624,-6969924.881441799,-4.8357459253427741,7513.6331572721183,698.7513487042213,-0.019631989995576953
33900,2829587.0163920205,-6402611.4018976279,-10.422850293546423,6902.0650731920687,3050.3171912977577,-0.017283941552435081
34200,4717614.0591115709,-5171471.1095655132,-15.020945037830174,5574.8862970839809,5085.6243163792815,-0.013090844347132823
34500,6116515.7474191971,-3404149.4089835533,-18.1329230411948,3669.6997112274084,6593.6506298277372,-0.0074586965474347693
34800,6881253.0727501474,-1283883.350958765,-19.408180330058254,1384.0364179953933,7418.043040365209,-0.00095012860103582068
35100,6932537.6173463902,969496.54429358616,-18.681589889198776,-1045.1245357688726,7473.3281292569491,0.0057713956299125435
35400,6265052.1932050325,3122358.4554657536,-15.993904709268911,-3365.926257583902,6753.7739525285779,0.012008572531051288
35700,4948002.1247847844,4951492.3321329476,-11.59119017440846,-5337.7465707918718,5333.9843229732332,0.017101918237403462
36000,3117940.0183739509,6267252.4488266269,-5.9029410984495119,-6756.145832837019,3361.1639533002517,0.020499016100536276
36300,964607.91186405905,6933220.0238661841,0.4993269807213494,-7474.0634780443643,1039.8562698499584,0.021814298103427051
36600,-1288735.335268389,6880347.2399272257,6.9591844346280833,-7417.0655160452143,-1389.2638515490223,0.020872930328665877
36900,-3408461.7316700602,6114116.1534262998,12.802510111443622,-6591.0619296113737,-3674.3436311438254,0.017733651571561388
37200,-5174796.8983759657,4713970.2316735554,17.407980190710834,-5081.6937318966484,-5578.4648328859821,0.012687375929220389
37500,-6404606.3809069684,2825077.4969328362,20.273386926211472,-3045.4533382729242,-6904.2075631662246,0.0062309161325582842
37800,-6970383.0279385997,643279.35787192429,21.070581967113409,-693.45913597987396,-7514.1185994025609,-0.00098197202409203762
38100,-6813466.8785361042,-1605214.3027227512,19.682915072764068,1730.4333082478029,-7344.9622610260958,-0.0082073103898117877
38400,-5950127.0001294799,-3687278.5751135238,16.220854237187332,3974.9139960939219,-6414.2765449223052,-0.014688321976004341
38700,-4469874.753308231,-5387043.9178466741,11.013807238598432,5807.2741035622412,-4818.5549163374562,-0.019735222050332863
39000,-2526183.3316657934,-6528277.586552673,4.5787305088858909,7037.5332360896818,-2723.2421697261807,-0.022798775855593097
39300,-320575.69355454855,-6992655.6058394434,-2.4313923545832434,7538.136884152219,-345.58133964480567,-0.023529735288575264
39600,1918269.4172815504,-6732030.7890919233,-9.2939681926753188,7257.18168955899,2067.9101104884894,-0.021817820460159426
39900,3958227.073909834,-5773424.7673489396,-15.291288663641856,6223.7970707513914,4266.9995566536554,-0.01780609853871469
40200,5587793.1124461116,-4216226.3937601428,-19.785416951494966,4545.1250811348837,6023.6837631476483,-0.011879181521966303
40500,6638013.0765816607,-2221887.0012319274,-22.285711428503443,2395.2116754870613,7155.8285512849279,-0.0046263436238105898
40800,6999999.5219822302,2819.0309071934316,-22.501945972184323,-3.0386699182797656,7546.0525325490989,0.0032168235494435572
41100,6636221.4992919518,2227232.7969839936,-20.377402265534261,-2400.9738721176213,7153.8971312473113,0.01084248218096027
41400,5584395.7628656533,4220725.7087824717,-16.098277618263342,-4549.9745432071613,6020.0212739278959,0.017453066216275778
41700,3953576.284650086,5776611.194181527,-10.078084280114718,-6227.2309069979774,4261.985913589876,0.022344091541684589
42000,1912847.490846494,6733574.1052168421,-2.9182065766211691,-7258.8438977656269,2062.0653604180634,0.024978927614888326
42300,-326206.52981470292,6992396.0128837321,4.6517803051439532,-7537.8552863990953,-351.65101885116997,0.025047730293674485
42600,-2531439.2562923478,6526242.2517881449,11.848256258273356,-7035.3372938725597,-2728.9074161911403,0.022503994955281725
42900,-4474210.8982687257,5383444.1058493843,17.914713727277743,-5803.3917545624217,-4823.2284952970112,0.017574197350049326
43200,-5953093.9208765067,3682487.6879129289,22.201502711606619,-3969.7478834532858,-6417.474196555625,0.010738683473425693
43500,-6814757.0950035639,1599729.1363882648,24.235652525231902,-1724.518950277251,-7346.3527717040597,0.0026851136584831511
43800,-6969862.8385449406,-648890.10186090088,23.773133391550136,699.50883208727078,-7513.5579732294718,-0.0057610530686515501
44100,-6402329.6883037351,-2830232.1131592281,20.827693511417085,3051.0114737995291,-6901.7538543807759,-0.013721816842983903
44400,-5170999.6357033458,-4718134.2511667004,15.672878570508345,5086.1842388064642,-5574.3721655178451,-0.020358548081392758
44700,-3403537.4584797686,-6116857.7165942565,8.8167124776706256,6594.0192029013779,-3669.0360012175634,-0.024960687080988957
45000,-1283194.4997389619,-6881381.8810331877,0.95145053902638388,7418.1827229095079,-1383.2913330532051,-0.027021732825853489
45300,970190.85603838647,-6932440.2134908857,-7.1165207188035575,7473.2244983196051,1045.8744689895334,-0.026294425408594863
45600,3122986.172861008,-6264738.8012209088,-14.549452273002245,6753.4374333425967,3366.6037126885494,-0.022819265647103973
45900,4951988.2005803306,-4947505.2869772278,-20.565138852273186,5333.449482123674,5338.2814119639806,-0.016923323758283072
46200,6267564.8090716852,-3117311.2847982594,-24.518975453265735,3360.4860645642807,6756.48262965706,-0.0091893610686838573
46500,6933316.1941579767,-963912.48867525021,-25.972641951989232,1039.105430544965,7474.1674202166132,-0.00039830611420434755
46800,6880216.8689063163,1289425.3604284036,-24.742217798995785,-1390.0101870091214,7416.9258919370113,0.0085492099096486883
47100,6113772.2334487243,3409074.8053881805,-20.920567686034644,-3675.0086069389763,6590.6929345380358,0.016724485986435944
47400,4713447.765775241,5175269.2903349409,-14.871387933293185,-5578.9797681242726,5081.1328844591026,0.023266466101321114
47700,2824430.0125263371,6404888.6911723325,-7.1951238604473726,-6904.5186787801977,3044.7579106648182,0.027471957830905541
48000,642573.564952343,6970445.3559410311,1.3301883972977988,-7514.19260817131,692.70081962100448,0.028871116431444684
48300,-1605905.3062947998,6813302.1374576828,9.8274852175907093,-7344.7903603043305,-1731.1754106168705,0.027280124655182966
48600,-3687882.9656819166,5949751.912847911,17.410831618082817,-6413.8760696533391,-3975.5617224374328,0.0228249954692922
48900,-5387498.8588245176,4469328.2448346028,23.277934745016939,-4817.9679346925259,-5807.7590383181159,0.015933203679609896
49200,-6528536.0285544991,2525522.3813231997,26.79528630592349,-2722.5308392633624,-7037.804590619653,0.0072932277229782938
49500,-6992691.278907855,319869.13890543417,27.566769843113192,-344.82067398210188,-7538.1670754128563,-0.0022143208826462309
49800,-6731840.7945978614,-1918948.2949111159,25.478182223978841,2068.6407671178849,-7256.9688204889253,-0.01160699328631856
50100,-5773029.5959570585,-3958808.2377909436,20.7126187388148,4267.6249560115511,-6223.3643439907401,-0.019902710085475197
50400,-4215667.5578353051,-5588216.8972173864,13.73476586378921,6024.1401207835825,-4544.5177681282084,-0.026222968943520632
50700,-2221222.6701342119,-6638236.1304706791,5.2454691828709112,7156.069464733172,-2394.4923518825813,-0.029886020635817103
51000,3519.9406637612265,-6999999.118861123,-3.8888834985147982,7546.0533483501495,3.7961802148033712,-0.030480089118345054
51300,2227897.5864265957,-6635997.86772714,-12.72494709110288,7153.6575534579015,2401.6916270981637,-0.027908870070583503
51600,4221285.325607975,-5583972.1527679972,-20.339851158649928,6019.5657653659509,4550.57834913242,-0.022404482391226922
51900,5777007.3928558007,-3952996.6517680679,-25.927412205533589,4261.3614520715819,6227.6581706455117,-0.014506440324540428
52200,6733765.5282333037,-1912171.9630788292,-28.883155341078737,2061.3365416821052,7259.0503696996748,-0.0050087018791796145
52500,6992362.4761490515,326907.90965347155,-28.869285879079236,-352.40890381842701,7537.8196690315954,0.0051199232605990078
52800,6525986.7797078658,2532093.7763407365,-25.852752329725444,-2729.616272296149,7035.0631916121411,0.014834067668710852
53100,5382992.5856360048,4474750.6147483326,-20.112224034620333,-4823.8152594220865,5802.9070532527721,0.023119009315066621
53400,3681886.2678429019,5953462.5741556389,-12.21290736566146,-6417.877968375341,3969.1019694110591,0.029096065336187135
53700,1599039.6327126925,6814915.9121904206,-2.9513583234720562,-7346.5309152470363,1723.7781042788251,0.032115495892175328
54000,-649596.43477340543,6969794.697608741,6.7244713428756153,-7513.4908506614793,-700.26773958522926,0.031827226732508068
54300,-2830881.9538853681,6402041.1535029616,15.812074659267481,-6901.4475731543871,-3051.7088140700907,0.028221616038634378
54600,-4718660.0095721874,5170520.4838571157,23.35830320805983,-5573.8585580108993,-5086.7463674431292,0.021635288737794342
54900,-6117204.8431769023,3402917.5895702587,28.559562291219404,-3668.3693584373909,-6594.3869179372305,0.012720593201301911
55200,-6881514.7322802655,1282498.5357470457,30.847648563359044,-1382.5421621628482,-7418.3179858718959,0.0023811759361106136
55500,-6932345.7236479288,-970890.58007295628,29.951926910067979,1046.6275997816604,-7473.1143034175857,-0.0083199786748972479
55800,-6264427.5999366809,-3123617.2980037685,25.930950984791675,3367.2828101314963,-6753.0944886306734,-0.018270490651992773
56100,-4947010.3110907497,-4952485.8051894987,19.169844812459605,5338.8169708175101,-5332.9101220862885,-0.026424854077956507
56400,-3116684.2109557297,-6267877.9216193939,10.343405731894286,6756.8201902358742,-3359.8061376721766,-0.03191463958616212
56700,-963218.42641168204,-6933412.8467280446,0.34854194445078068,7474.272597223292,-1038.3547541834623,-0.034140898069049991
57000,1290114.4434354554,-6880087.3110158164,-9.7870833753797122,7416.7877641710638,1390.7545144194528,-0.032838965722168934
57300,3409687.3895998774,-6113429.9945631558,-19.010809663211596,6590.3254539182853,3675.6698051657077,-0.028108814106161457
57600,5175741.6740139034,-4712928.3633295801,-26.354219946053409,5080.5738139776795,5579.4893436677139,-0.020407705303906416
57900,6405171.6331731742,-2823787.3315673871,-31.034557967507457,3044.0650417654315,6904.82379052139,-0.010505812526933087
58200,6970509.2098923419,-641874.26063125837,-32.537787225862928,691.94580951984858,7514.261709225455,0.00059075380929220038
58500,6813139.8900559712,1606588.7339655436,-30.674598582190288,-1731.9146649367513,7344.6163245150174,0.011741793427631726
58800,5949379.8546002861,3688479.6284675915,-25.603384042684429,-3976.2090685057024,6413.4766303316901,0.021789539391933913
59100,4468784.3029022133,5387946.7025971059,-17.817501127008935,-5808.2475647675128,4817.383758976147,0.029678187001269663
59400,2524862.3356026704,6528788.1776840845,-8.0977383455631244,-7038.0831938437514,2721.8216583345015,0.034564374483475213
59700,319161.04151398991,6992720.9585716138,2.5655704416914027,-7538.2058163793827,344.0596908256241,0.035907266433370943
60000,-1919631.0709196962,6731644.3291307548,13.073167801116245,-7256.7626011623179,-2069.3740849372261,0.033528645127119013
60300,-3959394.7094781976,5772627.0430999827,22.33012514984495,-6222.9341624846165,-4268.2533242118061,0.027636159144231658
60600,-5588646.1066784561,4215100.7330625439,29.360087608216013,-4543.9088769599693,-6024.5971836900944,0.018806488895816573
60900,-6638463.7398329517,2220550.6755956216,33.408521432138969,-2393.7692191038795,-7156.3074380460439,0.0079293907705431863
61200,-7000002.0963981692,-4227.1414437848143,34.02391605900776,4.5573701492451164,-7546.0482197745132,-0.0038820884192567167
61500,-6635776.7199445581,-2228566.6879569949,31.108080091946231,2402.4115880941836,-7153.4111283573629,-0.01540606229653433
61800,-5583550.5812990423,-4221847.3461908698,24.929880169995563,4551.1830458724999,-6019.104677635024,-0.02543889507488176
62100,-3952418.864845376,-5777404.6697943872,16.100637606995999,6228.0860035044971,-4260.733814012845,-0.032921435774217189
62400,-1911498.0538608462,-6733957.4461793266,5.5134740312018513,7259.2578564744708,-2060.6069473420139,-0.03705097337775469
62700,327608.05434955913,-6992329.506184998,-5.7472734656295676,7537.78554570503,353.16559986059201,-0.037367039064212661
63000,2532747.5372692831,-6525732.4945324091,-16.517277719316095,7034.7907191554641,2730.3221912349572,-0.033801983267376337
63300,4475290.0691368729,-5382543.3918099618,-25.672615462818506,5802.4240765389159,4824.397389650454,-0.026690973479198368
63600,5953831.5494120009,-3681288.7650457206,-32.246878411242228,3968.4583152870837,6418.2759263715152,-0.016740285008760729
63900,6815075.857807151,-1598355.8019958932,-35.532859145896438,1723.0403671624638,7346.7034665784931,-0.0049570465658165513
64200,6969728.6799393538,650295.6828889607,-35.158219768478119,-701.02333633932381,7513.420192382644,0.0074524828111912564
64500,6401755.555012905,2831524.1139328647,-31.127170809918283,-3052.4043933437915,6901.140913582869,0.019205871950680145
64800,5170044.3153200047,4719178.3964713253,-23.823604186871922,-5087.3101965939404,5573.3471376787438,0.029076358902191856
65100,3402299.5720624165,6117545.3846632345,-13.974999235007449,-6594.7604100530953,3667.7053506912916,0.036020297336977224
65400,1281802.24123988,6881641.5588248437,-2.5803893531644277,-7418.4615990304828,1381.7937916861972,0.039287232489415388
65700,-971593.15295615443,6932245.0441206312,9.1906255139701258,-7473.0119952047853,-1047.3825887618946,0.038501123842120719
66000,-3124253.1928842012,6264109.3913885122,20.117755105191144,-6752.7560990637812,-3367.9651316424474,0.033703840904021183
66300,-4952988.8842271408,4946507.4742033295,29.056574575934345,-5332.3709256611492,-5339.3545520905227,0.025355665905464453
66600,-6268196.0228572637,3116049.1317096348,35.058611867907693,-3359.1231525807202,-6757.1564682412209,0.014291911085154005
66900,-6933513.3819118869,962517.3000737112,37.472257825784709,-1037.6001688537997,-7474.3729142354714,0.0016394831790914177
67200,-6879960.5938650891,-1290808.7816940332,36.013627834470213,1391.5016642833386,-7416.6428144442589,-0.011298278138525504
67500,-6113089.9915404301,-3410303.1846580403,30.799576298183162,3676.3322635362156,-6589.9515381002166,-0.023176521058570307
67800,-4712410.9631208088,-5176215.6236932445,22.339036391781409,5579.9994023889594,-5080.0103928281451,-0.032749311094269574
68100,-2823146.4915010706,-6405455.21886764,11.483272824335581,6905.129627064377,-3043.3703564876182,-0.039000665808043941
68400,-641176.48525934364,-6970573.4998236727,-0.66000480386382776,7514.3321609522782,-691.19114630943977,-0.041252300696993954
68700,1607271.1014843793,-6812978.4547803588,-12.839893537660783,7344.4439939416552,1732.6517941695502,-0.039236693534684765
69000,3689075.7553255139,-5949009.5012958497,-23.791248287685562,6413.0789695431649,3976.8525893025844,-0.033127752530946394
69300,5388394.5759116802,-4468243.450150677,-32.366005829827088,4816.8016514961846,5808.7307718608545,-0.023525813640931204
69600,6529041.0808080081,-2524207.089828738,-37.653280397882156,2721.1152932711921,7038.3559509996285,-0.011398419996547712
69900,6992752.345749204,-318459.36495620385,-39.07575536599353,343.30213351025986,7538.2399112644771,0.0020171385845718301
70200,6731450.5421502274,1920306.4213886238,-36.452290527200567,-2070.1046614997749,7256.5545119435792,0.015339680884281753
70500,5772227.6376930876,3959973.6639495739,-30.020073668680851,-4268.8816346551803,6222.5051262495517,0.027185696341634959
70800,4214536.4808255211,5589068.4226280022,-20.413722175329962,-6025.0582318612333,4543.3026263640413,0.036312343997944044
71100,2219879.489857737,6638685.1699643163,-8.6030891582624385,-7156.5529104776706,2393.0478194171028,0.041747394090887124
71400,-4936.0137406855356,6999999.0530319083,4.2042579980251471,-7546.051597289309,-5.3193618557156697,0.042892735476411967
71700,-2229239.7595067685,6635548.9494633703,16.686232360353888,-7153.1710351876209,-2403.1345158937993,0.039590451145013986
72000,-4222414.6319527645,5583121.4337703241,27.542643074756231,-6018.6457317584118,-4551.790679302313,0.032143982287184042
72300,-5777807.2256547157,3951832.9538182006,35.630783833817773,-4260.1043496388256,-6228.514199084284,0.021291353788956885
72600,-6734153.7426427612,1910816.4725930851,40.085983282809053,-2059.8735937073488,-7259.4619410058449,0.0081324570723627556
72900,-6992299.7974625425,-328314.3714371284,40.414269103237629,353.92566182763608,-7537.7451251798402,-0.0059825722108054957
73200,-6525480.6869607773,-2533405.4205605672,36.547093026587639,2731.0299087395988,-7034.5112875977611,-0.019592444213928924
73500,-5382096.3426316921,-4475831.7395816585,28.852005325947079,4824.9800960651937,-5801.9356319360722,-0.031276684746557155
73800,-3680693.2808702588,-5954201.4680041559,18.097812004649054,6418.6743304799147,-3967.8117028917832,-0.039804405345987712
74100,-1597673.770925021,-6815236.2297418602,5.377569309230239,7346.8770911566071,-1722.3020631878537,-0.044264110945193058
74400,650993.55164550617,-6969663.2138551092,-8.0027661214450365,7513.3512045181269,701.77760053254565,-0.044160818166229535
74700,2832165.434309748,-6401471.1606001994,-20.658585481005719,6900.8361258202794,3053.0969628498974,-0.039470236806358756
75000,4719696.5196642559,-5169570.5010780683,-31.269911739676839,5572.837722044711,5087.8693958258427,-0.030644284941020006
75300,6117886.3317467812,-3401685.4837784837,-38.718890436507266,3667.0438808168205,6595.128195889195,-0.018567273176008568
75600,6881769.6703202408,-1281111.5815877409,-42.207227498878211,1381.0487204428098,7418.5998437061926,-0.0044671741820143732
75900,6932146.6749868346,972288.75746922614,-41.341344174880518,-1048.1342683046819,7472.9064321090409,0.01020903065567744
76200,6263794.2703960054,3124881.5993652474,-36.176288355717361,-3368.6459274854906,6752.4175284362891,0.023943315783173668
76500,4946007.6752162771,4953484.8110858183,-27.213610429326412,-5339.894217173749,5331.8338795950976,0.035302940006124113
76800,3115415.8451605435,6268507.7041166481,-15.353064740699166,-6757.4988583336071,3358.4424833045759,0.04308931659401577
77100,961815.71683509345,6933607.9321286902,-1.8026886919239438,-7474.481672728627,1036.8459000315067,0.046464219487214423
77400,-1291506.0757930935,6879827.5859123832,12.043898581944593,-7416.505536124323,-1392.251084893378,0.045040159551222404
77700,-3410923.7592409737,6112742.7955186889,24.750655876557069,-6589.5817787026135,-3676.9980714853587,0.038925098201625895
78000,-5176694.9398819124,4711885.5316320071,34.988106935033763,-5079.4467909047262,-5580.5112618146504,0.028716100446485572
78300,-6405743.6171523407,2822497.5799686145,41.672672828558795,-3042.6725259596551,-6905.433742392881,0.015441746182266729
78600,-6970641.5168490363,640471.71498935181,44.081638240603461,-690.43279031143607,-7514.3973290973609,0.00045861184686213363
78900,-6812819.8011325151,-1607958.5553550781,41.931418289559616,1733.3913500959188,-7344.2646212422387,-0.014687759497005806
79200,-5948641.4455803176,-3689674.8963843961,35.410557341570154,3977.496992460734,-6412.6749035243902,-0.028422949783971384
79500,-4467704.752240343,-5388843.8553367537,25.163633936031324,5809.214249635751,-4816.2153870822867,-0.03930795302684751
79800,-2523553.8708684454,-6529294.5338548347,12.227431889291505,7038.6294199179465,-2720.4073388883508,-0.046190277296279239
80100,-317759.38318027742,-6992784.1364970887,-2.0742125128013011,7538.2754919149393,-342.54509660978965,-0.048325884614963482
80400,1920980.600153096,-6731257.5756274937,-16.266112251291968,7256.3483458439841,2070.8330147487904,-0.045459102559850077
80700,3960552.0437686169,-5771829.9641829142,-28.873983898315124,6222.0781321299955,4269.5060943052213,-0.037852081258404481
81000,5589490.8121284395,-4213975.3397960318,-38.577507566867602,4542.6987256186758,6025.5140237035203,-0.026260645167716926
81300,6638907.4781541498,-2219213.0904928297,-44.348333333919356,2392.3294731537276,7156.7927133905214,-0.011858939748300754
81600,6999997.8933634274,5638.5471373230685,-45.558697019752586,-6.0778355955408188,7546.0505975052602,0.0038794768455659937
81900,6635324.0285022594,2229905.5695347348,-42.049292787572078,-2403.8548356699148,7152.9293260638506,0.019332027876135929
82200,5582695.5322824111,4222974.6186003694,-34.149181002069902,-4552.3985890231379,6018.1880120748538,0.032893763971001744
82500,3951249.6017162707,5778203.0895950552,-22.645366210722663,-6228.9467595694205,4259.4773275584266,0.043143386195855428
82800,1910135.5926482931,6734343.9632257475,-8.7047853624997309,-7259.6737376632209,2059.1415381295019,0.048991757565555953
83100,-329022.48765304824,6992264.0284493808,6.2436849878156542,-7537.7131227487243,-354.68700078595884,0.049797590725914255
83400,-2534067.3328618677,6525222.0998895215,20.655421655746807,-7034.2378415324447,-2731.7408641646707,0.045438040514134387
83700,-4476378.6157806767,5381641.5297676586,33.029604237574603,-5801.4489279721302,-4825.5656651056161,0.036326245760539583
84000,-5954576.5081795473,3680089.5550272274,42.065665971241529,-3967.1630467656578,-6419.0727286900565,0.023373166926352412
84300,-6815400.8030444998,1596984.0803591935,46.800264159457519,-1721.5600911279882,-7347.0468553280589,0.00789690074937845
84600,-6969600.9005751684,-651697.45852436393,46.710213556432301,702.53488701518836,-7513.2755976147619,-0.0085116190070834621
84900,-6401189.2540725591,-2832810.6830345378,41.770262102166313,3053.7909177561405,-6900.5243084580352,-0.024152736930045215
85200,-5169098.9521408686,-4720216.6784125613,32.459280607422258,5088.4288729924738,-5572.3229824194277,-0.037394817721731005
85500,-3401073.5946924752,-6118228.1014586091,19.713865700343241,6595.4963307694979,-3666.379684380965,-0.046844961872223666
85800,-1280422.9030169691,-6881898.1548910746,4.83391076250685,7418.7392427701843,-1380.3032861963884,-0.051495654643289181
86100,972982.84348490485,-6932048.8542781062,-10.650227547652005,7472.8027287257892,1048.8844877448303,-0.050831873429693274
86400,3125509.0930329575,-6263480.3770230934,-25.135290440405853,6752.0810744730297,3369.3236617736202,-0.044887368726233265
86700,4953980.479547237,-4945510.258290166,-37.111122254656024,5331.29911234479,5340.4292785237176,-0.034244169915970082
87000,6268819.8783644913,-3114786.49311681,-45.317930985336304,3357.7646146560255,6757.8356702984183,-0.019975273274919061
87300,6933703.9216145054,-961119.71845343569,-48.878490023855299,1036.095096489599,7474.5852993906574,-0.0035363269723637722
87600,6879697.0652041631,1292196.5315631917,-47.391515872516457,-1392.9972253638741,7416.365281135787,0.013382664520056899
87900,6112398.8205338158,3411537.0476891748,-40.976404136058015,-3677.6626086382844,6589.2120142017502,0.029030552549408173
88200,4711363.1719858833,5177167.3247897252,-30.264442595836407,-5581.0255862786535,5078.885269981949,0.041775605018618031
88500,2821850.3863681452,6406025.752780118,-16.3370507201275,-6905.7442767409721,3041.976665365486,0.050275075069786637
88800,639766.35657331208,6970703.5759770293,-0.61699309652672873,-7514.4709863524349,689.67426330404123,0.053616417233863504
89100,-1608649.0641129795,6812654.7461539702,15.276632551436171,-7344.0926668573948,-1734.1335645671131,0.051415418020929922
89400,-3690278.8109737146,5948266.0121196564,29.694991661226126,-6412.2745832174842,-3978.1448293636458,0.043860594888731758
89700,-5389298.3788128654,4467157.8658487815,41.130624519362215,-4815.6286171766969,-5809.699271140119,0.031698493662900076
90000,-6529552.6181740789,2522892.5345168319,48.375289041321579,-2719.6961914436806,-7038.9007194468586,0.016160571556847615
90300,-6992819.5055727186,317052.49400437973,50.647897080045119,-341.78461991028871,-7538.3053862942179,-0.0011614047002912499
90600,-6731067.3466459587,-1921659.6875434786,47.678861863711646,2071.5633826126577,-7256.1349568374098,-0.018478832046485934
90900,-5771434.6661095964,-3961133.244439655,39.741656038775417,4270.1310669528348,-6221.6448009468813,-0.033991623010758823
91200,-4213416.5171416141,-5589914.4604087938,27.627904417193989,6025.9698976563541,-4542.0908835936734,-0.046075945425501752
91500,-2218548.9070715965,-6639130.25858521,12.568287064359225,7157.0332403727662,-2391.6097665852549,-0.053454534515880767
91800,6339.2232141913846,-6999997.1191723105,-3.8927516905452046,7546.0512356149138,6.835627836412641,-0.055331606706660444
92100,2230570.1030991883,-6635099.9457374932,-20.055622212319513,7152.6897643552065,2404.5728531100062,-0.05147816222387154
92400,4223533.9991726913,-5582271.3928955905,-34.241160426128808,6017.7325953664804,4553.0026437932574,-0.042258689748182504
92700,5778599.0763200969,-3950669.3796570627,-44.964982092079964,4258.8529257404989,6229.3741479103755,-0.028596406614576526
93000,6734535.1864302363,-1909459.4764730397,-51.092549148510706,2058.4127532050456,7259.8800581024088,-0.011880534084246072
93300,6992230.3125680573,329724.35938724317,-51.95883769425447,-355.44475673361853,7537.6770167391196,0.0061749412917447965
93600,6524966.5185470777,2534722.1590099502,-47.440104712115485,-2732.4493694589564,7033.9630204281802,0.023706635121565595
93900,5381190.0413840981,4476918.4158505714,-37.970124171316783,-4826.1518530948069,5800.9635023745805,0.038893436064554088
94200,3679488.3554791203,5954945.0534864236,-24.498904988639005,-6419.4758546257217,3966.5166035510292,0.050145006300706556
94500,1596294.9732227798,6815559.3919311529,-8.3977556823039112,-7347.2245059979068,1720.8189671202522,0.056267884795445318
94800,-652403.28977385559,6969532.4752983823,8.6799394364098603,-7513.2082779442899,-703.2939128551352,0.056592046995597368
95100,-2833460.0067349114,6400900.4066344379,24.968245843947045,-6900.2181053289596,-3054.4883453468492,0.051044512086815638
95400,-4720741.9675719775,5168619.4594161455,38.771235966562379,-5571.8095885600469,-5088.9910981370094,0.040161722604233986
95700,-6118574.8257250069,3400453.363792758,48.639728954825593,-3665.7132597115792,-6595.864069038309,0.025038577364452738
96000,-6882030.6655406943,1279726.5970535686,53.523719821750149,-1379.5543153237277,-7418.8743317464132,0.0072186319988641924
96300,-6931954.0902084792,-973682.82047431497,52.884333089738924,1049.6373596618532,-7472.6921181853149,-0.011463632775538808
96600,-6263168.9982894901,-3126140.3198812911,46.753242507438628,3370.0023669732973,-6751.7375614371631,-0.029072238454978493
96900,-4945015.2408383153,-4954478.0129170846,35.732957905563602,5340.9643388418472,-5330.7591948780391,-0.043771010458912268
97200,-3114159.5271327654,-6269132.7704209564,20.937592108608605,6758.1727606714267,-3357.0842610763275,-0.05401555116266811
97500,-960425.88151863008,-6933800.2470133957,3.8799960204565593,7474.6901826208577,-1035.3441262748038,-0.058715637387383342
97800,1292885.3355091168,-6879567.1019473486,-13.683195986714217,7416.2270854914259,1393.7417952843521,-0.057350933071066278
98100,3412149.3575522872,-6112056.1031683311,-29.932636582449547,6588.8446116545656,3678.3240528369679,-0.050027838758433696
98400,5177639.4628634602,-4710843.2223827802,-43.17472694256368,5078.3262942373567,5581.5353541126078,-0.037471468909206163
98700,6406308.4714667629,-2821207.1267101136,-52.017947788795041,3041.2838519233283,6906.0493799358546,-0.020953494056256381
99000,6970767.2252161084,-639066.52253601421,-55.518764249738915,688.91934319553434,7514.5397592453246,-0.0021632014506264945
99300,6812492.3438645964,1609332.8761479068,-53.281914092746703,-1734.8725550580662,7343.9180093821296,0.016965064680673304
99600,5947893.9148266315,3690875.6491388297,-45.50454094652877,-3978.7916674346834,6411.8744113665525,0.03445050197050608
99900,4466614.0648580082,5389746.190882545,-32.959350338350745,-5810.1871338195542,4815.0438271969397,0.048470284372480563
100200,2522232.8263450619,6529804.587339743,-16.918171218391539,-7039.1787147677187,2718.9866443084575,0.057549010079837315
100500,316344.88194505312,6992848.9302014085,0.97660742841752146,-7538.3437740494801,341.02348499007212,0.060713732140231416
100800,-1922341.9200546336,6730870.5965142222,18.879870424203979,-7255.9286981920295,-2072.2967691778886,0.057598395837311259
101100,-3961719.1971290549,5771031.8071292238,34.933867070966585,-6221.2147970353426,-4270.7595160820783,0.04848637402652501
101400,-5590343.2171883881,4212849.3620246062,47.461045531334094,-4541.4822342574453,-6026.4270260973717,0.034285920031522157
101700,-6639357.4857626744,2217876.5794252763,55.139586003530823,-2390.8868587140114,-7157.2711448116006,0.016440248947748145
102000,-6999999.7829175815,-7046.7032145489939,57.143154344655088,7.5965728737862719,-7546.0458093568359,-0.0032190728729692471
102300,-6634878.5719431695,-2231239.3618135462,53.229964718535904,2405.2924611540238,-7152.4428393483349,-0.022660524703886742
102600,-5581849.7221362619,-4224096.0134719284,43.771460902840623,4553.6068543337278,-6017.2709460784417,-0.039863229557162802
102900,-3950091.6488583069,-5778996.1891390383,29.717239749740152,6229.8014551708466,-4258.2248167889702,-0.053027639563376888
103200,-1908785.7669429395,-6734726.8213411281,12.499549161096677,7260.087139300329,-2057.6828358035459,-0.0607641112591151
103500,330424.21566199837,-6992196.9787088269,-6.1129399313272295,7537.6427154078037,356.20168420095752,-0.062239504967719697
103800,2535375.6110654962,-6524711.8026178097,-24.19704727371721,7033.6905748718755,2733.1555126540111,-0.057266382515769987
104100,4477457.5853667688,-5380740.3487890065,-39.873887607159787,5800.4806358859687,4826.7342023179999,-0.046325411482211115
104400,5955313.7751861652,-3678890.3022504458,-51.503984091970246,3965.8730385242948,6419.8739121683284,-0.030518554349157019
104700,6815719.1073779883,-1595610.5993890429,-57.858462801731982,1720.081310159432,7347.396888557646,-0.01145779101016017
105000,6969466.2647103434,653102.98166652035,-58.248541237134006,-704.04931717887712,7513.137131278002,0.0088992506682302082
105300,6400614.7055406664,2834102.4286537394,-52.599785481255807,-3055.1835034969345,6899.9107534839286,0.028449971888253052
105600,5168143.3494190183,4721260.4058511984,-41.463244661101825,-5089.5542906440241,5571.2974964074529,0.045163335524013679
105900,3399835.6083593378,6118915.2453015,-25.962001480448883,-6596.2368783927777,3665.0487894936819,0.057290197768641235
106200,1279030.747589696,6882157.2698988747,-7.67826446649212,-7419.0174421202018,1378.8057311657876,0.063545940610013882
106500,-974384.8434752177,6931853.1497924943,11.507767780422425,-7472.5896230058806,-1050.3924169083293,0.063246534761589077
106800,-3126775.6543136137,6262850.5130871776,29.611006621079859,-6751.3992704548455,-3370.6847418554507,0.056383628844239086
107100,-4954980.5863369647,4944512.1074392619,44.746815579952283,-5330.2202385598903,-5341.5019936455874,0.0436302297072972
107400,-6269450.4420999037,3113524.1361038955,55.327374717012795,-3356.4015293599514,-6758.5090457396545,0.026275549598476597
107700,-6933900.4268704243,959724.46701433044,60.228531602533508,-1034.5897895834585,-7474.7903188635046,0.0060950117226083612
108000,-6879440.112374804,-1293579.8732522896,58.909473702843741,1394.4886256492496,-7416.0817305280489,-0.014831581909918297
108300,-6111715.9433204168,-3412765.207347563,51.472361408510373,3678.9860563696452,-6588.470160810075,-0.034334975235210737
108600,-4710325.8185405787,-5178113.3075184086,38.655301140127364,5582.0448637190002,-5077.7623689189359,-0.05038200378185935
108900,-2820566.4444977464,-6406591.820479312,21.759031840106282,6906.3547172869339,-3040.5888016481163,-0.061288040586838517
109200,-638369.02780957287,-6970831.1898405869,2.5146757747181887,7514.6099099633429,-688.16444289662149,-0.065893970941561519
109500,1610014.9095592913,-6812330.5203503529,-17.093891066190757,7343.7456186191212,1735.6098822798526,-0.063689074119537448
109800,3691471.4502928071,-5947523.1117456686,-35.034720497774558,6411.476844961483,3979.4354008483165,-0.054866889339964878
110100,5390193.7733461447,-4466072.7025712915,-49.438348609939652,4814.461839485788,5810.6705064867929,-0.040308157941001316
110400,6530057.2313769953,-2521577.0466517368,-58.792410682660382,2718.2803738200423,7039.4514429589681,-0.021492514906776124
110700,6992880.0912528699,-315642.72482045554,-62.100118700148236,340.26607422137636,7538.3775337245588,-0.00034795779857859678
111000,6730676.6522453679,1923017.6069061605,-58.986103143910505,-2073.0270135336041,7255.7200035550823,0.020946506468222791
111300,5770632.3807963785,3962298.2880175286,-49.738500925204619,-4271.3872529810333,6220.7850719141752,0.040184883230738169
111600,4212285.2860102532,5590765.4788996484,-35.282676212590246,-6026.8873639008234,4540.8754331231703,0.055362036890091081
111900,2217205.7764802407,6639578.7335876441,-17.088933513292218,-7157.5159898982956,2390.1651608150878,0.064882106699708703
112200,-7755.042881855974,6999996.5012297863,2.9766633464911383,-7546.0488380428387,-8.358659255807197,0.067726084742647949
112500,-2231911.8462166255,6634650.5480666514,22.843370310959735,-7152.20272505291,-2406.0154179034971,0.063561068745287622
112800,-4224662.7430590019,5581420.3094168166,40.449309710162105,-6016.8122020454448,-4554.2145430245137,0.052779373332120044
113100,-5779398.2632157505,3949505.4547932828,53.955530780845578,-4257.5956244345334,-6230.2296986759411,0.036462671555183651
113400,-6734922.7170893569,1908103.9041848104,61.938330062877313,-2056.9497482537299,-7260.2911442942204,0.016274054351998551
113700,-6992166.9520731829,-331130.75888529909,63.539606487174844,356.96144658090248,-7537.6019994834733,-0.0057114346806752953
114000,-6524459.7827253761,-2536033.6021074308,58.559237268480878,2733.8628148843059,-7033.4106664822557,-0.027220503692356693
114300,-5380293.2322626244,-4477999.2104772655,47.479440329414814,4827.3163655976487,-5799.9916753509297,-0.046017338618326645
114600,-3678294.9207559498,-5955683.5067952853,31.418196213525366,6420.2717518048885,-3965.2260155090717,-0.060136626366929402
114900,-1594928.8227797667,-6815879.1920013651,12.016257156015778,7347.5700916274882,-1719.3427444575871,-0.068089359227511775
115200,653800.50544697791,-6969400.4475439228,-8.730740575701148,7513.0679682453556,704.80376143617991,-0.069019767102493884
115500,2834743.386307938,-6400329.9066300401,-28.677771404579957,6899.606006726779,3055.8762587803276,-0.06279687954465682
115800,4721778.1957347738,-5167669.0726906918,-45.752278300311438,5570.788213011725,5090.1136797190475,-0.050031079738228804
116100,6119255.8985278262,-3399221.0137028922,-58.169417852054828,3664.3874418676869,6596.6047410543742,-0.032013834627170112
116400,6882285.1232017959,-1278339.5943629972,-64.618372893410125,1378.06078930679,7419.1555054279725,-0.010586744820447472
116700,6931754.576863762,975080.84110625437,-64.400373822017599,-1051.1438399841131,7472.4835783457129,0.012046670968221068
117000,6262535.2987604076,3127404.2779801451,-57.504014449895223,-3371.365048866106,6751.0600411324094,0.033547198865914972
117300,4944012.3950548684,4955476.5338288918,-44.609857809210396,-5342.0409672151891,5329.6825786177997,0.051681056568980879
117600,3112891.152557373,6269761.9901878098,-27.023545330028348,-6758.8507234157805,3355.7204667584201,0.064551312008517339
117900,959023.3745466352,6933994.7639181996,-6.5439284529070552,-7474.8985714592345,1033.8353705494098,0.070795901117233745
118200,-1294276.5737957894,6879306.8692439646,14.720578530319694,-7415.9442801982195,-1395.2380676608568,0.069731768827296647
118500,-3413385.1836832212,6111368.5077541424,34.568820949927058,-6588.100522863745,-3679.6518878415927,0.061429881838505063
118800,-5178592.0877454504,4709800.1348173032,50.934711754247168,-5077.1990340169486,-5582.5567775832678,0.046712680454599399
119100,-6406879.7679448249,2819917.2702172175,62.102466959689714,-3039.8912591291873,-6906.6588268501609,0.027073399493770137
119400,-6970898.8425123207,637664.02105855546,66.886768962724801,-687.40638296557495,-7514.6748935840878,0.0045248670336060434
119700,-6812171.6013557985,-1610702.5124603291,64.758807637328715,1736.349059794765,-7343.5658540485456,-0.01860700576248242
120000,-5947154.9244893845,-3692070.6030094894,55.904676649690366,3980.0792889449172,-6411.0722800277717,-0.039923730073936625
120300,-4465534.042812353,-5390642.9186315676,41.209633706899034,5811.1533875438481,-4813.8751264955617,-0.057203609335259323
120600,-2520924.038447842,-6530310.4368145578,22.169504007147538,7039.7243869658205,-2717.5721177368987,-0.068633779300832323
120900,-314943.08093125746,-6992911.5641960548,0.73816571130708475,7538.4128093858253,-339.50885791064366,-0.073000513729771954
121200,1923691.3955603354,-6730483.320436528,-20.873222480193526,7255.5137881828687,2073.7555199105759,-0.069817790839761792
121500,3962876.2908134833,-5770234.2920383839,-40.424519797758606,6220.3581919150756,4272.0118922966521,-0.05938060760779254
121800,5591187.5334052127,-4211723.6785886986,-55.878798172782751,4540.2716808127425,6027.3432963511877,-0.042737397731325649
122100,6639800.7490709312,-2216538.8926805919,-65.614369024915391,2389.4469514460147,7157.755747199436,-0.021584317158684054
122400,6999995.0969165228,8458.0044460068457,-68.594636592907676,-9.1169283789020028,7546.0475018565421,0.0019077699275388445
122700,6634425.4703533063,2232577.9433539407,-64.478095846412174,-2406.7353384877201,7151.9604337220026,0.025315872223439097
123000,5580994.4071465144,4225222.8278909009,-53.656922200932321,-4554.8218182937044,6016.353843314916,0.04621424787761419
123300,3948922.3144463762,5779794.0526245357,-37.219899711135653,-6230.6615091110634,4256.9681191858654,0.062425100259020205
123600,1907423.4503457567,6735112.7558557298,-16.8431649974797,-7260.5023014514427,2056.217462722133,0.072244960641632341
123900,-331838.29910371196,6992130.9639049983,5.3803586351421746,-7537.5696583853723,-357.72282573637403,0.074623478530365439
124200,-2536694.8889140072,6524200.9749371316,27.155619136617691,-7033.1372207888844,-2734.5737635531736,0.069275959360448516
124500,-4478545.4992560558,5379838.1952803377,46.222303150244258,-5799.5051984839538,-4827.9019684168507,0.056717484815497508
124800,-5956058.0420749104,3677690.9581480063,60.589532556705016,-3964.5776611286437,-6420.6701839242369,0.038214303186302631
125100,-6816043.3517902987,1594238.9003171008,68.743988175733747,-1718.6010784898529,-7347.7397686592822,0.015656704548851211
125400,-6969337.8175427187,-654504.5882831245,69.809590922480865,705.56069526112833,-7512.9920710960614,-0.0086340628567845284
125700,-6400047.8062194055,-2835388.6971074762,63.641756811389243,3056.5697382765989,-6899.2937383975714,-0.032145089841140784
126000,-5167197.4923395608,-4722298.2746531861,50.845996902977987,5090.6725596535362,-5570.2730055463626,-0.052432437484933023
126300,-3398609.2769195279,-6119597.4635964986,32.71853484063233,6596.9722758766029,-3663.7228968960972,-0.067375790692008761
126600,-1277651.2270845638,-6882413.3218159843,11.114800490230555,7419.294470427445,-1377.3151557135898,-0.075400373293993461
126900,975774.52453225665,-6931656.4237296507,-11.740760807772471,7472.3797059070112,1051.8941877309007,-0.075642800063488128
127200,3128031.3549971422,-6262221.0330167636,-33.483957396154373,6750.7236455769098,3372.0429306920355,-0.068043442201531842
127500,4955971.8214800432,-4943514.5575860739,-51.855485892947257,5329.1479690846045,5342.5761905188747,-0.05335558451060702
127800,6270073.8322482454,-3112261.3432448083,-64.935589526939737,3355.0427568280011,6759.1875924415299,-0.033070324908164285
128100,6934090.4700149707,-958326.93597949413,-71.344403430632866,1033.0847477936877,7475.0020091897777,-0.0092648975482478371
128400,6879176.1370058414,1294967.3699477855,-70.38716886603423,-1395.9838878989272,7415.803557054599,0.01561001606719583
128700,6111024.4512875192,3413998.6445807219,-62.129152539512425,-3680.3158719457215,6587.7301398545205,0.038982190833881193
129000,4709277.8909249362,5179064.464231954,-47.392304355791147,-5583.0703619523247,5076.6369618722238,0.05842320712295225
129300,2819270.4195214589,6407161.7617807807,-27.67368924989842,-6906.9686265993387,3039.1950758503613,0.071900116144872794
129600,636959.19595307834,6970960.7000745004,-4.9937342542930914,-7514.7480484526159,686.6477674606549,0.077987620919974215
129900,-1611392.3888432693,6812006.3386149686,18.310445511766133,-7343.3937469432667,-1737.0912526647899,0.076018818093573734
130200,-3692673.8873124174,5946779.2890193947,39.825644716704176,-6410.672105797089,-3980.7271239534375,0.066158555346887957
130500,-5391096.8817809736,4464986.9476176277,57.312426185293823,-4813.2886503827012,-5811.6384483321444,0.049391138560189715
130800,-6530568.0548224458,2520262.4864675431,68.938386553916885,-2716.8612918068247,-7039.9956711179693,0.027422831247054958
131100,-6992946.565245877,314236.00414957246,73.470452945346636,-338.74872311810668,-7538.4425183023941,0.0025085075207435421
131400,-6730292.8379979366,-1924370.5851626706,70.405898364560542,2074.4854524898337,-7255.3000233811827,-0.022780020776330318
131700,-5769838.8918217327,-3963457.4644912938,60.02803658865674,4272.6362923149782,-6219.9244004564252,-0.045820070057065634
132000,-4211164.9390961211,-5591611.0235480415,43.380386995910698,6027.7985292073054,-4539.6634478104133,-0.064210756454916848
132300,-2215874.9751302004,-6640023.2765719276,22.161638418963232,7157.9957270190498,-2388.7270077103603,-0.076023659256184067
132600,9158.2842171608936,-6999994.0182850724,-1.4479409474512686,7546.0478343886716,9.8748418611810393,-0.080005139714838927
132900,2233242.0306246253,-6634201.0511683635,-25.010798410448359,7151.7208369323926,2407.4534643386169,-0.075709064394918535
133200,4225781.7809258858,-5580569.8928005397,-46.083921650612737,6015.898563783574,4555.4260207207135,-0.063545988672854187
133500,5780189.6620170455,-3948341.6744298465,-62.47212038774223,4256.3438977694905,6231.0890153846631,-0.044743584064747405
133800,6735303.6554503106,-1906746.9035482139,-72.456509929503,2055.4888596087671,7260.7085638252156,-0.021222316350720232
134100,6992096.9881015141,332540.54382289411,-74.974480593324174,-358.48031831278126,7537.5332207867541,0.0046008629738158099
134400,6523945.2403958263,2537349.9520607125,-69.73241814697127,-2735.2818049681719,7032.8618473871575,0.030060663042139821
134700,5379386.7281079078,4479085.3603259772,-57.239336718939434,-4828.4874664417612,5799.019189228814,0.05251801294570764
135000,3677090.0057866741,5956426.4948794572,-38.757682343298299,-6421.0725274473543,3963.9308048486691,0.069632942147174789
135300,1593550.260259938,6816201.7619773252,-16.176040860646275,-7347.9167749295057,1717.8597921013607,0.079607842122351752
135600,-655209.80443671613,6969269.1942637637,8.1835033688424641,-7512.924428297305,-706.31971019253365,0.081376070012052756
135900,-2836037.3624500441,6399758.7715017321,31.803846275632655,-6898.9875598351837,-3057.2671279438691,0.07471620623546528
136200,-4722822.9510722803,5166717.8159728246,52.232820239625823,-5569.7598644088494,-5091.2348014156942,0.060279615739738925
136500,-6119943.6656605983,3397988.853754065,67.337844207558234,-3663.0568026939582,-6597.34003754272,0.039527679397245608
136800,-6882545.4115558732,1276954.7361003587,75.528788676244474,-1376.5665293448187,-7419.4294675167621,0.014584384466528485
137100,-6931561.3490013937,-976474.63083012577,75.92565174306219,1052.6466558751099,-7472.2688128892114,-0.011981055540317493
137400,-6261909.4830500241,-3128662.6025446998,68.453231430461457,3372.7211028161637,-6750.3797099478579,-0.037419275894337661
137700,-4943019.5480321506,-4956469.2455332205,53.852522902926722,5343.1106025930403,-5328.60763402261,-0.059085969726318611
138000,-3111634.5815672865,-6270386.5075581064,33.607262799546533,6759.5240506633345,-3354.3621182521929,-0.074717366474018707
138300,-957633.46848835098,-6934186.5166825596,9.792942053631279,7475.1064493253843,-1032.3336412562148,-0.082667057957882095
138600,1295655.7134023227,-6879045.865935402,-15.136249458161018,7415.6652018154055,1396.728534428024,-0.082079300976349703
138900,3414610.4845618093,-6110681.3995159157,-38.600565699817508,6587.3628163620024,3680.9774261918892,-0.072980600251298919
139200,5179536.175662877,-4708757.5681922268,-58.161742254864244,5076.0781725445595,5583.5802656456171,-0.056279930751866575
139500,6407444.1125422949,-2818626.756398431,-71.776260320321398,3038.5024604180098,6907.2737705130958,-0.033677476238584518
139800,6971024.0439885259,-636258.9785091849,-78.008566772168379,685.89308096810396,7514.8166301399015,-0.007491241111341581
140100,6811843.7203879068,1612076.4869312868,-76.182093266725659,-1737.829860314831,7343.2186412145538,0.019580648112504598
140400,5946407.1246036757,3693270.8535346552,-66.45230495072181,-3981.3733490770851,6410.2713617283098,0.044737559567300265
140700,4464443.2923330702,5391544.6582566127,-49.794003170809503,-5812.1255291691032,4812.7033757084646,0.065365451901525609
141000,2519603.1596870776,6530819.8761301497,-27.903886323538263,-7040.2729172552899,2716.1514931540951,0.079307851876567512
141300,313528.96438938263,6992975.8021310335,-3.0280563763819721,-7538.4804135167078,337.98755880016574,0.085090901707753672
141600,-1925052.1515635168,6730095.9086403567,22.26811101138534,-7255.0936350706424,-2075.2187788869996,0.082079176838148957
141900,-3964042.7606574567,5769435.8680867031,45.364296744872803,-6219.4945683490087,-4273.2647188019173,0.070545793506758797
142200,-5592039.2014669273,4210597.617027184,63.856636025966836,-4539.0551183027183,-6028.2556856813699,0.051648873191267278
142500,-6640250.0274070399,2215202.4763617916,75.808088056753817,-2388.0044532647853,-7158.2336094940101,0.02731597530562839
142800,-6999996.3152580848,-9865.9063863782212,79.951620970112643,10.635401093725022,-7546.0422242881132,4.7742030894974002e-05
143100,-6633979.4400977101,-2233911.3489152519,75.824766995015977,2408.1725825480817,-7151.4735546347501,-0.027339326601676237
143400,-5580148.1528060101,-4226343.7344679264,63.821141281118187,4556.0296039641953,-6015.436495080894,-0.052004374971375868
143700,-3947764.0743587241,-5780586.5981797017,45.153150040641847,6231.5156406016813,-4255.7154571037827,-0.071377539990049949
144000,-1906073.5164895584,-6735495.0379695445,21.729408565089269,7260.9150792373839,-2054.7587704235457,-0.083428177522260796
144300,333239.94495926797,-6992063.369158457,-4.0406605442476291,7537.4986167725328,359.23730879528671,-0.086877808814126337
144600,2538002.9022353515,-6523690.2228181427,-29.494934064822949,7032.5893842037458,2735.9880124839419,-0.081335434106041674
144900,4479624.0533463694,-5378936.7064437699,-51.993751901315889,5798.5364861209509,4829.0699327729835,-0.067341000378731114
145200,5956794.7993821325,-3676491.5880152676,-69.193640575427352,3963.2874550936731,6421.4706830264768,-0.046312399367502699
145500,6816361.1261372166,-1592865.5135045047,-79.291217797860554,1717.1223638172028,7348.0890915029395,-0.020401395295720243
145800,6969202.7120013088,655909.81184910005,-81.211959034308848,-707.07479254438067,7512.8529609036395,0.0077267067559462117
146100,6399472.9238032969,2836679.9708744725,-74.724175212438894,-3057.9617606871525,6898.6796919476483,0.035167010746756294
146400,5166241.7508192826,4723341.4145061579,-60.466229399186332,-5091.7972545050834,5569.2472488080984,0.059074494825052434
146700,3397371.3804817889,6120283.9771194505,-39.883913755221492,-6597.7120397270965,3662.3919912964034,0.076958312506772153
147000,1276259.3919734824,6882671.8427030481,-15.084112403487833,-7419.5719356961627,1375.8178487613334,0.086940761241265208
147300,-977176.00418169016,6931460.2332178345,11.380526152248445,-7472.1660150005118,-1053.4016551792852,0.087954240455037316
147600,-3129297.2513381746,6261590.8441002658,36.774037541271568,-6750.0414697649949,-3373.4034135064167,0.079855634582814694
147900,-4956971.186716265,4942516.2701479178,58.459857239411917,-5328.0689557816386,-5343.6482612192303,0.063445751041680168
148200,-6270703.6452566599,3110999.0402957546,74.174650936894949,-3353.6797442007028,-6759.8603519577164,0.040391021854807883
148500,-6934286.2732240371,956931.91248521185,82.264783521283221,-1031.5796854997502,-7475.2064915297879,0.013054775173402942
148800,-6878918.5761249382,-1296350.3378882811,81.860607015955068,1397.4749121526565,-7415.519574470336,-0.015745030885544131
149100,-6110341.0947048012,-3415226.318445967,72.97006541403934,3681.6388416954514,-6586.9879735029199,-0.043026744313138389
149400,-4708240.2142780619,-5180009.8868929828,56.48145709980799,5584.0890792895352,-5075.5138816965109,-0.065954374385016223
149700,-2817986.3321627001,-6407727.2385258917,34.074675700743654,6907.5784472792802,-3037.8071897700611,-0.082132993303334526
150000,-635561.91194098303,-6971087.7431240417,8.0498416190647397,7514.8863323651503,-685.13810759837384,-0.089859195489413873
150300,1612758.002438114,-6811681.6196415108,-18.909094881286478,7343.0461036827292,1738.567212967982,-0.088300329839540115
150600,3693866.1330352887,-5946036.0307888519,-44.011373860833388,6409.8738981533761,3982.0171562960718,-0.077583694095030034
150900,5391991.7706140475,-4463901.6095185187,-64.648396750671623,4812.1216060244878,5812.6090138924319,-0.058786297999959512
151200,6531072.1196691832,-2518947.0346148931,-78.664701077043105,2715.4454622382964,7040.5456736435872,-0.033826156584836148
151500,6993006.6395543041,-312826.48352169944,-84.582828190615544,337.23043513529728,7538.5139851615913,-0.005266279865965659
151800,6729901.7474758839,1925728.0690476326,-81.758715290794029,-2075.9485798156288,7254.8845183709254,0.023948478096607145
152100,5769036.3913706932,3964621.9359345268,-70.451385384679156,-4273.8917879279688,6219.0643228035105,0.05079467750550605
152400,4210033.717163587,5592461.402444168,-51.799505183572705,-6028.7152071652235,4538.4479019795035,0.072482556766230763
152700,2214532.0915027261,6640471.1237264974,-27.706928070212875,-7158.4776984140335,2387.2825745681412,0.086745295974567649
153000,-10573.638631885406,6999992.8614590112,-0.64867547178981511,-7546.0447762177146,-11.397461201488113,0.092075562689475601
153300,-2234583.1387118045,6633751.26604487,26.582989244947605,-7151.2333368586033,-2408.895445491833,0.087884837842111665
153600,-4226909.7870500954,5579718.6116035013,51.166483661425204,-6014.9779490023911,-4556.6372540808452,0.074568668604826402
153900,-5780988.0804541809,3947177.7529086266,70.543237620757338,-4255.086609298276,-6231.9439046777661,0.053470415373273322
154200,-6735690.4524153182,1905391.5238569318,82.684157834962548,-2054.0260661849652,-7261.1190584519691,0.02674642705235649
154500,-6992032.9814295918,-333946.58891490893,86.302393375584032,359.99664372514735,-7537.4577208871515,-0.0028541043863331041
154800,-6523437.9855392696,-2538660.9148717336,80.989960389705601,2736.6947728947252,-7032.309139148525,-0.032272212676204254
155100,-5378489.5564524988,-4480165.5891995598,67.263605139010608,4829.6514171930139,-5798.0471489291049,-0.058455866769496538
155400,-3675896.3866645591,-5957164.341570056,46.514720251975639,6421.8678032746056,-3962.6401609333907,-0.078677269648011874
155700,-1592184.1167048819,-6816520.9649276631,20.868165174802588,7348.2617139093063,-1716.383692165688,-0.090817500447578428
156000,656606.82201780297,-6969136.6351345414,-7.0356060872191239,7512.7835016063364,707.82924197520629,-0.093588639276386026
156300,2837320.372426373,-6399187.8638182264,-34.312660795561584,6898.3749482076364,3058.6545373074632,-0.086670070586017653
156600,4723858.6812157808,-5165767.196263168,-58.13380529525547,5568.7381579067787,5092.3567320905058,-0.070744649647241795
156900,6120624.1763788844,-3396756.4792855848,-76.01801285829859,3661.7308962596744,6598.0799837417535,-0.047430865411582548
157200,6882799.3207179504,-1275567.9269158249,-86.090635617838998,1375.0731837078258,7419.7099298830672,-0.019117937690487918
157500,6931361.3806057423,977872.25811411487,-87.279593970073222,-1054.1526986719466,7472.0596664603863,0.01127917983260026
157800,6261275.4927699519,3129926.0110873971,-79.429119227799319,-3374.0831375524217,6749.7017665436542,0.04061969060784195
158100,4942016.6276328182,4957467.1251166342,-63.319098685665637,-5344.1864525446235,5327.5308366161134,0.065860944450157222
158400,3110366.3730694326,6271015.0719546136,-40.587758775333199,-6760.2012054746438,3352.9984131126303,0.084373297634663807
158700,956231.36055554333,6934380.4446208486,-13.565335707159392,-7475.3141109728058,1030.8252334750359,0.094213535367661694
159000,-1297046.3589828864,6878785.181209553,14.964466812137328,-7415.3818461478277,-1398.2242538860119,0.094328669673892168
159300,-3415845.5874551409,6109993.5383504834,42.050950026970852,-6586.6184139266888,-3682.3045878717821,0.084668828867679347
159600,-5180488.0210172702,4707714.423209101,64.881469319650577,-5074.950849318765,-5584.6009885014619,0.066197017240896355
159900,-6408014.6453986373,2817337.0465339394,81.073582326695373,-3037.1100301032211,-6907.8825690037092,0.040793958037338721
160200,-6971154.9745791508,634856.80328992032,88.923912450811827,-684.38046271400435,-7514.9512220860479,0.011067082159328584
160500,-6811522.4146165289,-1613445.6540744291,87.587617978636615,1739.3058914665746,-7342.8660788369325,-0.019917122071447801
160800,-5945667.7278227899,-3694465.2383755539,77.169426354546275,3982.6604043192615,-6409.4689736681075,-0.048949886131363411
161100,-4463363.0437447857,-5392440.7640259005,58.71634282928045,5813.0911547283422,-4811.534581047782,-0.073013126770946818
161400,-2518294.3389886823,-6531325.1017889986,34.112400638352355,7040.8179324155426,-2714.7370511089002,-0.089593774980220517
161700,-312127.32630513678,-6993037.8663200457,5.8860793874557871,7538.5488106227995,-336.4732088123983,-0.096946516225212609
162000,1926401.2836403472,-6729708.1749063442,-23.049823364251701,7254.6781723849381,2076.6770614246961,-0.09427738431821267
162300,3965199.367503047,-5768638.0610381039,-49.698997075220412,6218.6375723631272,4274.5164665326129,-0.081828946345794212
162600,5592882.9464064054,-4209471.8466431536,-71.291956852261663,4537.8444018489436,6029.1712306088702,-0.060858101342757903
162900,6640692.70981621,-2213864.924212384,-85.573748785862961,2386.5646480134678,7158.7174755325041,-0.033508694880506923
163200,6999991.1191527359,11276.861932088854,-91.039172454932753,-12.155389852512826,7546.0432606872955,-0.0025920531699486077
163500,6633525.9739880478,2235249.4104754054,-87.091074378361981,-2409.6148649117545,7150.9906556369724,0.028701967133677692
163800,5579292.6779004624,4227469.9136811709,-74.105181869645833,-4557.2438124936261,6014.5191264586738,0.057133702768676901
164100,3946594.8193276688,5781383.7861292046,-53.3945484325358,-6232.3748719040486,4254.4587604083772,0.079748434934584528
164400,1904711.5226554209,6735880.3382642604,-27.076983020544475,-7261.3294599395686,2053.2936691696423,0.094182822951306616
164700,-334653.49070986034,6991996.8381484943,2.1412035658105566,-7537.4249242593351,-360.75794510965488,0.098911513284527103
165000,-2539321.4838859756,6523179.056519975,31.2431706457077,-7032.0356185942928,-2737.4055994466698,0.093408367621141034
165300,-4480711.186106273,5378034.425593419,57.212826162971766,-5797.5608959003757,-4830.2369703686563,0.078205251090668185
165600,-5957538.277369759,3675292.333297994,77.347392076166742,-3961.9921739567644,-6422.2662520929589,0.054841615550326267
165900,-6816684.6430571815,1591494.1017796781,89.538874268735057,-1715.6424369892727,-7348.4313638078229,0.025709285947715502
166200,-6969073.6535833906,-657310.96862928872,92.495042065769454,708.58570921134651,-7512.7074303085128,-0.0061921738307129104
166500,-6398905.5689938338,-2837965.6718735574,85.876621176027498,3059.3474257532553,-6898.0623656356811,-0.037564565831058286
166800,-5165295.6204015752,-4724378.6479242044,70.33602108811499,5092.9148848658697,-5568.2226181079832,-0.065152640685996535
167100,-3396144.9731915044,-6120965.5451953644,47.453155083100455,6598.4467655581293,-3661.0661416568864,-0.086082521444413446
167400,-1274879.9967714392,-6882927.2861441988,19.574670034910525,7419.8483031592905,-1374.3275100496742,-0.098161530159854155
167700,978565.370576074,-6931262.9991221232,-10.426974797845492,7471.9555076904144,1054.9029945711566,-0.10010798238326699
168000,3130552.4798891451,-6260961.0121334959,-39.449736329113939,6749.3653977139566,3374.7609992983853,-0.091686850936554501
168300,4957961.8458773252,-4941518.5685958797,-64.482877364883748,5326.9964513091309,5344.7217381645132,-0.073737050403759496
168600,6271326.4269362111,-3109736.3193501616,-82.919270440727914,3352.3209950359569,6760.5381427504781,-0.048087396943325658
168900,6934475.7554859295,-955534.67409702926,-92.826728469918109,1030.0749362133695,7475.417481397496,-0.017369861891087857
169200,6878654.165172915,1297737.3510084888,-93.150191368788541,-1398.9696387313013,7415.2408417923962,0.015250643496902243
169500,6109649.3574009212,3416459.1345190182,-83.823719036453809,-3682.9679361618446,6586.2476045020121,0.04640213540883719
169800,4707192.2753333785,5180960.3559865877,-65.780518442316918,-5585.1137548836887,5074.3883853291973,0.072853584421721837
170100,2816690.5451545091,6408296.506854726,-40.859705162495473,-6908.1915354098846,3036.4136508594211,0.091849376555119933
170400,634152.55057284446,6971216.6757807378,-11.619100280302263,-7515.0237592986332,683.62187428131324,0.10139585899675373
170700,-1614134.8260961003,6811357.0240701269,18.926969841675685,-7342.6937220958225,-1740.0479469560646,0.1004704121725699
171000,-3695067.7991784816,5945292.003294602,47.618128356950621,-6409.0689059908345,-3983.3081382554738,0.089131207387010705
171300,-5392894.0725529622,4462815.8756691348,71.474807977963508,-4810.9484303785175,-5813.5762065713461,0.068515747751782402
171600,-6531582.1773139201,2517632.7108381661,88.007767096587642,-2714.026630768637,-7041.0892274680446,0.040727570516460317
171900,-6993072.4522068352,311420.18281076779,95.478069461575828,-335.7135205786567,-7538.5784277215243,0.0086220634653417817
172200,-6729517.4238129482,-1927080.4889141868,93.080260380358709,2077.4064512909208,-7254.4641610902918,-0.024486973270005544
172500,-5768242.5766803417,-3965780.4677709215,81.029313995051865,4275.1401774908336,-6218.2034553728881,-0.055169821481538539
172800,-4208913.2465109555,-5593306.2720727492,60.541887226494239,6029.6256825679811,-4537.235911535101,-0.080236781465484033
173100,-2213201.3740312811,-6640915.0197817814,33.713439676720554,7158.9567493326931,-2385.8446148799935,-0.097070340587760942
173400,11976.597471764311,-6999989.8196821371,3.3036792091900544,7546.0431450162887,12.913250899288187,-0.10389877142434414
173700,2235912.8695291607,-6633301.3562316727,-27.547598599878626,7150.7509476302912,2410.3329172184704,-0.099982476869309195
174000,4228028.2488106387,-5578867.9763190467,-55.644910444065282,6014.0640059380194,4557.8480218677869,-0.085693535256993345
174300,5781778.8481701128,-3946013.9780325769,-78.068130906836032,4253.8348274495429,6232.8024512449201,-0.062480053556010759
174600,6736070.7836940251,-1904034.7575226435,-92.475865470706495,2052.5653931685802,7261.5357381358444,-0.032718925438057121
174900,6991962.5141598703,335355.93338323152,-97.349672782645214,-361.51504473888622,7537.3883214767566,0.0005278425441004285
175200,6522923.1136945542,2539976.6655704249,-92.153753046212245,-2738.1130855856873,7031.7598930497707,0.033828129036079818
175500,5377582.9479388054,4481251.047791956,-77.393424190411608,-4830.8217087702633,5797.0744835024116,0.063733606153707184
175800,3674691.6181588098,5957906.6256446382,-54.566114047002699,-6422.6677333019807,3961.3450466631225,0.087136195644965414
176100,1590805.9464461496,6816842.9009240475,-26.009635447761674,-7348.6076221439062,1714.9011060958012,0.10159047040427426
176400,-658015.51967269345,6969004.8930847449,5.3369341518515796,-7512.6393580608001,-709.34459972218428,0.10556882842542281
176700,-2838613.6015378833,6398616.44126839,36.235427536044185,-6897.7561425293734,-3060.0446706162024,0.098622983927154434
177000,-4724902.6229900513,5164815.8824466132,63.48288726382907,-5567.7097257398782,-5093.4770707258203,0.081434681274614285
177300,-6121311.1449558819,3395524.4923538929,84.243573206461832,-3660.4004353359624,-6598.8145433658756,0.055749702059126716
177600,-6883058.8979363544,1274183.4463996321,96.344270475045136,-1373.5793192217386,-7419.9832738641717,0.024201194710242496
177900,-6931167.5856403792,-979265.50856499851,98.502061553981065,1055.6549596921855,-7471.8444479133532,-0.0099600597516547231
178200,-6260649.2931482559,-3131183.6884630006,90.460559782673116,3375.4385340343174,-6749.0211717301727,-0.043200879548643698
178500,-4941023.6029719785,-4958459.1405064035,73.02002614888076,5345.2553781581728,-5326.4558294679973,-0.07207169863931831
178800,-3109109.8393081482,-6271638.9051838126,47.957824365868916,6760.8738181620538,-3351.640208924779,-0.093565191834839107
179100,-954841.70030381903,-6934571.5876694908,17.847129650091869,7475.5213225981825,-1029.3238551468385,-0.10542997386138152
179400,1298425.0680113784,-6878523.7029192057,-14.20753663488202,7415.1022136142437,1399.714177641632,-0.10640649976392673
179700,3417070.3169897227,-6109306.1422426561,-44.890656693319293,6585.8803343296258,3683.6294309188161,-0.096360436097490856
180000,5181431.4604041893,-4706671.7918981761,-71.018798560578745,5073.8298542335433,5585.6236975136189,-0.076299492962579332
180300,6408578.3415829744,-2816046.7033661371,-89.870878446394869,3035.7213679516663,6908.4967383521162,-0.048271855919862799
180600,6971279.6088864915,-633452.15144497738,-99.471349635209208,682.86756181547207,7515.0922805180135,-0.01515665437277329
180900,6811194.1219043294,1614819.0589750577,-98.796913675970615,-1740.7860659874523,7342.5183633802726,0.019631932580517659
181200,5944919.7296952792,3695664.802576662,-87.8852316668534,-3983.9536800863493,6408.6677876963222,0.05249645149983978
181500,4462272.3433740735,5393341.7770903921,-67.834201046732204,-5814.062441107706,4810.3628334840632,0.080027648689803693
181800,2516973.7648712113,6531833.8574301582,-40.691611730365182,-7041.3656387970441,2713.3167075291531,0.09935748027013791
182100,310713.74369143299,6993101.5433777804,-9.246257213575916,-7538.6157267450617,334.95243923163071,0.10845737647806733
182400,-1927761.3309894269,6729320.3904626174,23.25827916130886,-7254.2575544199517,-2078.139608880806,0.10635097585899221
182700,-3966365.0296143168,5767839.4937510937,53.457922945092619,-6217.7737578756714,-4275.7684925157455,0.093219098845147688
183000,-5593733.7918301811,4208345.8827431826,78.216160950923296,-4536.6279282711894,-6030.0828297599919,0.070385549399004835
183300,-6641141.230453345,2212528.8300380721,94.949890579761359,-2385.1224859259701,-7159.194643889834,0.040184446514181564
183600,-6999991.7108984226,-12684.255980917718,101.8991719350585,13.673334881948449,-7546.037446745855,0.005722057123730348
183900,-6633079.4963966524,-2236582.1756654801,98.312598133046762,2411.0514518310533,-7150.5034339507883,-0.029442737203468263
184200,-5578446.1853795648,-4228590.1085345298,84.528630792958566,4558.4508702238472,-6013.6016469510932,-0.061666422447281405
184500,-3945436.5632995432,-5782175.6131923227,61.944021398494868,6233.2282585535631,-4253.2061849345091,-0.087599018147509783
184800,-1903361.7920808429,-6736261.9605161231,32.872213390611307,7261.7415306505227,-2051.8352801773417,-0.1045329085864939
185100,336054.73442175006,-6991928.7056088839,0.30613096252056593,7537.353274929601,362.27192136043845,-0.11068580902673153
185400,2540628.9360868018,-6522667.9451921508,-32.390222816591312,7031.4873411513154,2738.8191726325899,-0.10538821434136082
185700,4481789.0797759909,-5377132.7981702844,-61.829473529043327,5796.5919713003605,4831.4041522962543,-0.089155669932761569
186000,5958274.3501571193,-3674093.0648173136,-84.951873611591054,3960.7020233077628,6423.0659474984659,-0.063638228137209693
186300,6817001.790646377,-1590121.0491969313,-99.343199910515636,1714.164049633586,7348.7799550917071,-0.031452232269096991
186600,6968938.0567788118,658715.66007099673,-103.486562444079,-710.09923830323601,7512.5677449852546,0.0040882327721286568
186900,6398330.3947875993,2839256.2728240653,-96.921950984363363,-3060.7386983131687,6897.4479653267399,0.039312534846240837
187200,5164339.829513561,4725421.0475570355,-80.296852816522161,-5094.0387282142856,5567.1967709065138,0.070572200764758869
187500,3394907.2862685625,6121651.333313223,-55.302482868750261,-6599.1856719873667,3659.735425658384,0.09461819586246209
187800,1273488.6163286308,6883185.1791049391,-24.501923805120601,-7420.1250087253611,1372.8306578910995,0.10893800748850507
188100,-979966.19456428406,6931066.350935664,8.9324117652758197,-7471.7412508410771,-1056.4097933579496,0.11201782674670528
188400,-3131817.5889004152,6260330.5880856495,41.545221793772271,-6748.6829182476304,-3376.1206830480296,0.10350263558558025
188700,-4958960.3759292653,4940520.2928606188,69.955203124393776,-5325.9174233057647,-5345.7929792844598,0.084237242558221473
189000,-6271955.4421264939,3108474.2693798337,91.205618376657966,-3350.9582403922241,-6761.2101380076401,0.056183340163061882
189300,-6934670.8734536115,954140.11323500099,103.07219994064381,-1028.5703566882833,-7475.6213408699768,0.022220378017454315
189600,-6878396.0897574071,-1299119.6972762565,104.29624262048601,1400.4600187492763,-7414.9564281056009,-0.014149792624949736
189900,-6108965.6955514858,-3417686.0897986614,94.718328513282003,3684.2901656759304,-6585.5052261353303,-0.049164265544454147
190200,-4706154.5221379921,-5181905.0308304923,75.298368260748532,5586.1316976037197,-5073.2653230619626,-0.079188985564861258
190500,-2815406.6113925478,-6408861.2757086903,48.019462957981773,6908.8006063609337,-3035.0260120903363,-0.10109655507826212
190800,-632755.63365206472,-6971343.1181823825,15.685228241878008,7515.1613804329309,-682.11267871382529,-0.11259241631627952
191100,1615499.8951171958,-6811031.8727169838,-18.368624388655931,7342.3455696593637,1741.5232569134566,-0.11245524352355911
191400,3696259.378751304,-5944548.5289607579,-50.618670464182202,6408.2704066956612,3984.5973908254391,-0.10066635033196686
191700,5393788.2464759294,-4461730.5648475289,-77.718471210273762,4809.7813579249569,5814.5459445641445,-0.078414514639814484
192000,6532085.5605665054,-2516317.5299111898,-96.845789798161135,2712.6110506479399,7041.6384491017834,-0.047975605928949415
192300,6993131.9590170644,-310011.14900825592,-105.99630963958235,334.1957372587467,7538.6492497659274,-0.012479402302519548
192600,6729125.9492067909,1928437.3220792306,-104.19335489651574,-2078.8688712842013,7254.0482181587186,0.024412348130045662
192900,5767439.925741029,3966944.1943945233,-91.591775690967708,-4276.3948368130168,6217.3431942952211,0.058883437518293433
193200,4207782.1333556054,5594155.8925938401,-69.465061430000048,-6030.5414842831688,4536.0204606625375,0.087357425423080171
193500,2211858.855676299,6641362.1788007859,-40.076756425282426,-7159.4379040445574,2384.400551933014,0.10686805438265568
193800,-13391.363123030635,6999988.1229861099,-6.4491462922087308,-7546.0394293345898,-14.435260999093998,0.11536775794855254
194100,-2237253.2261033701,6632851.2414367739,27.947234814781478,-7150.2630312394786,-2411.7741205517978,0.11194240345569809
194400,-4229155.421074003,5578016.6123785237,59.551510884379006,-6013.1432626766118,-4559.0584038282204,0.096909820827305648
194700,-5782576.438303723,3944850.2275053104,85.080995178457343,-4252.577701506154,-6233.6565166558976,0.071791369825154661
195000,-6736456.8407545509,1902679.7805041084,101.87225535448367,-2051.1030181746873,-7261.9455251575337,0.039158727244146332
195300,-6991897.924240429,-336761.38946720725,108.15923269040138,363.03075532373759,-7537.3122956881134,0.0023710072887249828
195600,-6522415.4808802679,-2541286.914176695,103.25925934529975,2739.5253114491888,-7031.206880805039,-0.034771074973700813
195900,-5376685.6313657472,-4482330.5071241017,87.647254068910826,4831.9848592131893,-5796.1023799769309,-0.068418338916354515
196200,-3673498.0946789104,-5958643.7204779852,62.909961210739169,6423.4622165304527,-3960.0545832135558,-0.095072690835777129
196500,-1589440.1270048835,-6817161.4415274523,31.584603976853497,7348.9518416294241,-1713.4254193447789,-0.11195135438210148
196800,659412.01667071134,-6968871.8272072477,-3.1015885009216078,7512.4978524254548,710.85351386452544,-0.11727765257441559
197100,2839895.9466561181,-6398045.2366407588,-37.564140200811053,6897.143158298546,3061.4313097936838,-0.11046788009073377
197400,4725937.6142377267,-5163865.2103174357,-68.231957823621286,5566.6879049268018,5094.5981562036923,-0.092194667138601291
197700,6121990.9245828567,-3394292.3185410551,-91.917434723535877,3659.0746961361701,6599.5536639209677,-0.064320122848851247
198000,6883312.1672049351,-1272797.0706909173,-106.14765257430848,1372.0864091301451,7420.2630244636084,-0.029705592762352896
198300,6930967.1428426681,980662.51592207199,-109.42230922236591,-1057.1603446343561,7471.6347812390995,0.0080823456759817787
198600,6260015.0507944282,3132446.3567220718,-101.37156134502438,-3376.7997572590275,6748.342953042692,0.045139320019176685
198900,4940020.6867433507,4959456.2379357647,-82.797289123287356,-5346.3303461816649,5325.3790311939856,0.077626174938200024
199200,3107841.8984882748,6272266.7293498786,-55.593292323784709,-6761.5501145163153,3350.2767828983106,0.10216609558016489
199500,953440.10169408261,6934764.89865808,-22.552378336672184,-7475.7282480234198,1027.8159836300617,0.11619500690851625
199800,-1299815.0132807964,6878262.5941254776,12.920059527110187,-7414.818334311899,-1401.2091595420234,0.1182291518449762
200100,-3418304.6028076494,6108618.0980675016,47.156715154861352,-6585.135684646335,-3684.9557391978187,0.10802208462736301
200400,-5182382.4594705598,4705628.7247207053,76.607317055563328,-5072.7025838140053,-5586.6435521321409,0.086594435934375283
200700,-6409148.0871972451,2814757.3215996847,98.206782729417085,-3034.3292723407199,-6909.1047515999617,0.056132691188716499
201000,-6971409.8889150703,632050.51718227146,109.69440539060078,-681.35550970148711,-7515.2262499446661,0.019766680122590363
201300,-6810872.3616775852,-1616187.5299925285,109.85074871425172,1742.2613681127589,-7342.165396075924,-0.018751827793805152
201600,-5944180.112311299,-3696858.4065302843,98.627297579318025,3985.2399177560196,-6407.8652427005818,-0.055436468371521622
201900,-4461192.1235415377,-5394237.0935390322,77.154974068530407,5815.0272338471696,-4809.1941396647526,-0.086479429314728018
202200,-2515665.2161550559,-6532338.361949279,47.630223246913701,7041.9098770315541,-2711.9026165111072,-0.1086473243373382
202500,-309312.59346468071,-6993163.0263224607,13.090159507087844,7538.6834733266187,-333.43866488806293,-0.11961839585100374
202800,1929109.8076336836,-6728932.2761937901,-22.900125989218147,7253.8416359483745,2079.5971391110579,-0.11822573928927546
203100,3967520.8809051593,-5767041.5494797109,-56.615795972359976,6216.9165580755316,4277.0193847410355,-0.10458106272167778
203400,5594576.7622912526,-4207220.2356976215,-84.55790987717846,4535.4172920147648,6030.9975097396218,-0.080065971251743168
203700,6641583.2050535157,-2211191.649699206,-103.81650457887166,2383.683041178142,7159.677734230756,-0.047191566269421656
204000,6999985.9526769388,14094.631331595592,-112.37344849506709,-15.192721856028584,7546.0378819249072,-0.0093408245753558543
204300,6632625.6770692915,2237919.5107263289,-109.31361825140247,-2412.4929555370022,7150.0201686404316,0.029579652662405809
204600,5577590.6076293122,4229715.491211771,-94.922406259170899,-4559.6642022927372,6012.684181525402,0.065542606466962861
204900,3944267.4720790107,5782972.017732325,-70.659281711778036,-6234.0866040178462,4251.9496726273346,0.09481630366553391
205200,1902000.2173829423,6736646.5736950813,-39.009883847873873,-7262.1551111026147,2050.3706321640484,0.11435112554123733
205500,-337467.6456197002,6991861.6589808213,-3.2316214513183752,-7537.2789612845336,-363.79187720260893,0.12209677871843867
205800,-2541946.7336369455,6522156.4927629894,32.981272256263637,-7030.9332100834008,-2740.2359245971693,0.11721735662751738
206100,-4482875.3630439108,5376230.4930778369,65.878920094430754,-5795.6163143639715,-4832.5702960123026,0.10018175996199041
206400,-5959017.0041396702,3672894.0500236275,92.044003354047462,-3959.4069755882656,-6423.8606659389079,0.072719565373283154
206700,-6817324.5944215786,1588750.1144104172,108.74684541273166,-1712.6846197418561,-7349.1215116020339,0.037646156454876442
207000,-6968808.4661760498,-660116.15445354546,114.23043515191128,711.60945747523533,-7512.4217033388759,-0.0014255116279979878
207300,-6397762.7376745502,-2840541.1946944334,107.89551471678455,3062.1235415497063,-6896.8303771637766,-0.040457158880665783
207600,-5163393.6520262882,-4726457.4634753633,90.366109507871826,5095.1554920778435,-5566.1721477468309,-0.075403028107115244
207900,-3393681.0887451051,-6122332.1266499991,63.428268268502769,6599.9195649173016,-3658.4098516497379,-0.1026298811049086
208200,-1272109.6662075375,-6883439.9682658827,29.847997375913415,7420.4006527704832,-1371.3408412300921,-0.11929528174912618
208500,981354.92439833737,-6930868.6509269327,-6.9129964884443993,7471.5302019658893,1057.9104084469368,-0.12364458346372409
208800,3133072.0537323467,-6259700.5294601209,-43.054443272431641,6748.006549056211,3377.4774118203468,-0.11519551854949255
209100,4959950.2243372034,-4939522.6303426353,-74.830577746640003,5324.8449065860041,5346.8655587027233,-0.094791029421085818
209400,6272577.4533739919,-3107211.8500027223,-98.938411493324281,3349.5997701085407,6761.8870929742488,-0.06451472328372676
209700,6934859.7091433723,-952743.40600385098,-112.86094409083887,1027.0661462444309,7475.8316497979386,-0.027477620086716972
210000,6878131.2256050222,1300506.0071713482,-115.12969284516875,-1401.9540067894959,7414.6772383222942,0.012501795266417429
210300,6108273.7471205741,3418918.1044897661,-105.47924912382426,-3685.6183984031968,6584.7646644275146,0.051291194971455442
210600,4705106.6385925766,5182854.6826883378,-84.877706599574978,-5587.1554726556824,5072.1399146461372,0.084871129106575377
210900,2814111.1445717658,6409429.7949364958,-55.429593064168117,-6909.4128451803026,3033.6328367628348,0.10975091722137564
211200,631346.82798764342,6971471.4488277286,-20.161057257512336,-7515.2981017405655,680.59705515588598,0.12333092074216546
211500,-1616875.9836808355,6810706.8880261499,17.290816267416488,-7341.992710230531,-1743.0031936513647,0.12417385669621071
211800,-3697460.2084704731,5943804.3691753289,53.052782807147395,-6407.465223855098,-3985.8874739207895,0.11215699056592224
212100,-5394689.7010788303,4460644.9710241966,83.415817275076336,-4808.608300326815,-5815.5122378988744,0.088489055386614723
212400,-6532594.8506856486,2515003.6034461102,105.219797232099,-2711.192626917802,-7042.181202646676,0.055589471212507194
212700,-6993197.1637018612,308605.46010020631,116.18259114270641,-332.67946780187799,-7538.7130747589317,0.016841600710983166
213000,-6728741.2376776291,-1929788.9800781126,115.13919513644444,2080.3259339129927,-7253.6274857998987,-0.023755036203095464
213300,-5766645.9800168239,-3968101.8927391768,102.16573291285715,4277.6423372538502,-6216.4822278970023,-0.061997883752225647
213600,-4206661.79976511,-5594999.9418067904,78.57501729313708,6031.4510756064456,-4534.8086557438119,-0.093916984730328029
213900,-2210528.5293117203,-6641805.3511347678,46.783726973960277,7159.9161589353644,-2382.9630468036044,-0.11618771695934638
214200,14793.715129307471,-6999984.529573705,10.064656496455228,7546.0371684615666,15.950366733319242,-0.12647748410252466
214500,2238582.1949176113,-6632401.0117273238,-27.790479703108119,7149.780247409094,2413.2107444231965,-0.123690072173448
214800,4230273.0441732798,-5577165.9251333438,-62.862842108658299,6012.2292089607881,4560.2682499231596,-0.10808207043772843
215100,5783366.3793067271,-3943686.6752143484,-91.512285652096395,4251.3261095252601,6234.5141723842808,-0.08123910905382703
215400,6736836.4450576976,-1901323.486545953,-110.75513325016871,2049.6428133929467,7262.3614458599859,-0.045914265083640257
215700,6991826.9056048254,338170.06388344057,-118.57471131624968,-364.54846516760358,7537.2423480788921,-0.0057453006057698666
216000,6521900.2892224807,2542601.8683955879,-114.13239636835624,-2740.9427849989488,7030.6573455865146,0.035120068733784655
216300,5375778.9667134034,4483415.1242368091,-97.857191556284249,-4833.1542461320341,5795.1297052125947,0.072452211832332358
216600,3672293.5405849707,5959385.2024298925,-71.404375987253417,-6424.2612621166872,3958.7597390190376,0.10237682434012034
216900,1588062.422384785,6817482.6960653765,-37.487251633304048,-7349.296974357836,1711.9433623207749,0.12177637208305499
217200,-660820.04331156798,6968739.5959351864,0.40092609141956714,-7512.3531288527747,-712.36812899600591,0.12861440226385934
217500,-2841188.3692786223,6397473.5708556902,38.346424904357285,-6896.5240391759471,-3062.8205601704717,0.12214920274058162
217800,-4726980.7009858154,5162913.92748373,72.41905734201066,-5565.6594661370864,-5095.7175666265348,0.10301445345548013
218100,-6122677.0827558339,3393060.6349844979,99.079154549701968,-3657.7445360691218,-6600.2873526748117,0.073157968929306538
218400,-6883571.0661539026,1271413.1341911387,115.54539417724064,-1370.5931157349507,-7420.5356494134421,0.035644127515987528
218700,-6930772.8734860364,-982055.03907928779,120.0852117316775,1058.6618303531936,-7471.41907030724,-0.0056602735506913783
219000,-6259388.6297097998,-3133703.1995618981,112.19735817185617,3378.154257630752,-6747.6621415487334,-0.046484678961303857
219300,-4939027.7162632002,-4960447.3981576897,92.667245681920818,5347.3983455770067,-5324.3041044256524,-0.082596788419950634
219600,-3106585.6899048518,-6272889.775654465,63.488910587956539,6762.2218616303508,-3348.9189500017446,-0.11024195577826644
219900,-952051.00635110494,-6934955.4059882751,27.661323776320319,7475.934740729027,-1026.3152342288113,-0.12653409841254215
220200,1301192.9734314815,-6878000.7001852496,-11.120088359545601,7414.5382057430024,1402.6982575372681,-0.12975722659674441
220500,3419528.4756331216,-6107930.5529490681,-48.844882880732158,6584.3973896793159,3686.2796468944343,-0.11954602207238404
220800,5183325.0235283803,-4704586.2283078069,-81.602525739665666,5071.5816814000682,5587.665322248411,-0.096926524140995451
221100,6409710.9810834015,-2813467.3818694856,-105.98780525723768,3032.9409990426775,6909.7180866720437,-0.064212565874839922
221400,6971533.8762369948,-630646.49176093494,-119.4546874938661,679.84324462842301,7515.3666686458619,-0.024768603620602379
221700,6810543.6407501884,1617560.1534448331,-120.58188541036738,-1743.7407334007012,7341.8172937262816,0.01733656777859368
222000,5943431.9444568511,3698057.1147829951,-109.22253143412101,-3986.5322934222222,6407.0639491101529,0.057749459713043773
222300,4460101.5266786991,5395137.2608453082,-86.52230264234889,-5815.9976126715474,4808.0225665939543,0.092281617212219044
222600,2514345.0084204525,6532846.3648643829,-54.803904820840685,-7042.4567526660121,2710.4827147095748,0.11734310958288369
222900,307899.60428815219,6993226.1192550929,-17.329580844030911,-7538.7497204247557,331.91856980818943,0.13031516031966031
223200,-1930469.0949914916,6728544.1377506237,22.034127771205959,-7253.4205882147162,-2081.0588390955327,0.12982349121256534
223500,-3968685.6973133553,5766242.8980346005,59.215030923995698,-6216.0526085642741,-4278.2704751059846,0.11588399656168022
223800,-5595426.768771138,4206094.4690739205,90.356378954615352,-4534.200998630201,-6031.9081855525837,0.08990526371743926
224100,-6642030.9861965962,2209856.0152076213,112.21693091570299,-2382.241355607166,-7160.1540926733187,0.054547008663498389
224400,-6999985.9859963665,-15501.350980410585,122.50849911291017,16.709947629645058,-7546.0314594249421,0.013448328265093207
224700,-6632178.883640348,-2239251.4576265858,120.13573094656861,2413.9286590658935,-7149.5326048587958,-0.029146698777867679
225000,-5576744.0773931267,-4230834.8101078756,105.31287548176223,4560.8703054079588,-6011.7666633166973,-0.068827581329526169
225300,-3943109.4631930632,-5783763.0039399229,79.544987219606028,6234.9390624698317,-4250.6973683918623,-0.10147468244800741
225600,-1900650.9965148906,-6737027.4803153276,45.475115770723534,7262.5663747943081,-2048.9128001865301,-0.12368752430686061
225900,338868.16653560172,-6991793.0143376058,6.6130189288682786,7537.2067114271877,365.30506519914775,-0.13313936965314863
226200,2543253.3226216035,-6521645.1303927181,-33.02667290831161,7030.3846062854427,2741.6485617365097,-0.12882097554852373
226500,4483952.3420302272,-5375328.9045126606,-69.339433350606129,5794.6473764574248,4833.7365002691167,-0.11114798344697527
226800,5959752.2057108795,-3671695.1056061573,-98.555974869415508,3958.1171244421485,6424.6594562747323,-0.081920636581675976
227100,6817641.0028806571,-1587377.633534624,-117.63346403381516,1711.2068035965713,7349.4693717063828,-0.044139890860958195
227400,6968672.3336924603,661520.09019426873,-124.57222739933007,-713.1222149059704,7512.2815312527218,-0.0016988961223822034
227700,6397187.2788919955,2841830.9353098674,-118.62505386782465,-3063.513925967567,6896.2157691026023,0.041018281565603242
228000,5162437.8499642946,4727498.9833355173,-100.37729032825672,-5096.2784145453488,5565.1463779893456,0.079589278399858743
228300,3392443.6616915832,6123017.0996923149,-71.689254740421461,-6600.6575986944899,3657.0794863206529,0.11001073609962442
228600,1270718.7900832798,6883697.1891533853,-35.506675044856458,-7420.676614852674,1369.8445857395043,0.12911319916617209
228900,-982755.05035623733,6930671.5409418475,4.4415477228219267,-7471.3154097040097,-1059.4164119919405,0.13489086687713631
229200,-3134336.343821357,6259069.9032579055,44.027330638291055,-6747.3238081603777,-3378.8361738969015,0.12671210405795191
229500,-4960947.9033669578,4938524.436439408,79.149740716774446,-5323.7659294546875,-5347.9358450321797,0.10538867157842056
229800,-6273205.6802693335,3105950.1604281319,106.15974934345627,-3348.2373796637876,-6762.5582030608457,0.073095957123204214
230100,-6935054.1908805277,951349.44826887385,122.23945659493931,-1025.562207195575,-7476.0347913754949,0.033151728328374722
230400,-6877872.7392671807,-1301887.570353338,125.69632543125532,1403.4435388501252,-7414.3923541952672,-0.010324382822948487
230700,-6107589.9487014581,-3420144.1797894454,116.14158951174302,3686.9396632537264,-6584.0221170092445,-0.052835853971682979
231000,-4704069.0430293055,-5183798.475254003,94.533909172609299,5588.1724361036549,-5071.0170070245031,-0.089974798222197339
231300,-2812827.6514399443,-6409993.775428148,63.083322377586128,6910.021025591408,-3032.2456646405749,-0.11787962952763667
231600,-629950.59343145927,-6971597.2843566844,25.025095826385936,7515.4350166918393,-679.08859246407178,-0.1336370959930992
231900,1618240.1962889472,-6810381.3802150358,-15.713324880795664,7341.644114873161,1744.4775825499466,-0.13558663939228052
232200,3698650.8451039521,-5943060.8300791169,-54.917882472801658,6406.6665962803081,3987.1757220773789,-0.12349521978147578
232500,5395582.9429169474,-4459559.8944394961,-88.524012002890743,4807.4414269980525,5816.4810069405958,-0.098584262926347324
232800,6533097.407367235,-2513688.9278240916,-113.03808254846533,2709.7775425113282,7042.7296030667176,-0.063405799696168733
233100,6993256.0290838489,-307197.14477217523,-125.90046439244504,331.16240970565127,7538.7833078442991,-0.021580546662354587
233400,6728349.3630086025,1931144.9591258895,-125.75253472756252,-2081.7874848010542,7253.211231966814,0.022575011998346821
233700,5765843.2004268244,3969264.7154300781,-112.57985937682317,-4278.8960702016038,6215.6219452826745,0.064494023253528349
234000,4205530.8343589725,5595848.6942052189,-87.716570452235459,-6032.3659739426212,4533.593462185976,0.099831193222226611
234300,2209186.4166785898,6642251.7582601253,-53.710270844670646,-7160.3965099618945,2381.5194964547982,0.12491261667313885
234600,-16207.858475354966,6999982.2685413007,-14.061162739949587,-7546.032825165441,-17.471646943802398,0.13711718027592373
234900,-2239921.7763402038,6631950.5770777613,27.137941895761472,-7149.2919503889352,-2414.6510596192034,0.13515019280877252
235200,-4231399.3710345402,5576314.5214749239,65.623818755522791,-6011.3083843892673,-4561.4776678991439,0.11918081710957952
235500,-5784163.1475739768,3942523.1732712686,97.403811035211319,-4250.0692220874826,-6235.3672970262442,0.090828668244628097
235800,-6737221.7980372915,1899969.0239441881,119.17005759267009,-2048.1809789677673,-7262.7704181221643,0.053000300144176463
236100,-6991761.8127037864,-339574.79183437815,128.64398853778169,366.06338743322976,-7537.1657262174831,0.0095917701763041027
236400,-6521392.4169216044,-2543911.2520568706,124.81512342912283,2742.3540584176544,-7030.104026815522,-0.034912505191412216
236700,-5374881.7083163802,-4484493.6755639762,108.04902173395814,4834.3163827058925,-5794.1576249617683,-0.075903332487597008
237000,-3671100.374878753,-5960121.4467080869,80.052756757214397,6425.0547802784595,-3957.469632836126,-0.10912468292375771
237300,-1586697.229495852,-6817800.5396466292,43.701099748261946,7349.640383857386,-1710.4683331038266,-0.13111618640903189
237600,662215.70572168264,-6968606.0669851573,2.7411372363482371,7512.2110597096153,713.87615555582624,-0.13957394557910749
237900,2842469.7562966421,-6396902.1915605851,-38.594245123171014,6895.9108030759207,3064.2061832981167,-0.13359192241381884
238200,4728014.7092777798,-5161963.3896874469,-76.024039585612428,5564.63773234578,5096.8376291690647,-0.11375861021086456
238500,6123355.9546639416,-3391828.8879660526,-105.66261266140518,3656.4192045669538,6601.0255655784003,-0.082098795774010427
238800,6883823.5909991264,-1270027.4274000833,-124.42303466560836,1369.1008737282548,7420.8147071092326,-0.041866341580568747
239100,6930571.9151233658,983451.20991288323,-130.33839274720643,-1060.1663730381024,7471.2089855759032,0.0027906148005057627
239400,6258754.139119084,3134964.9499754757,-122.76771210259574,-3379.5145556341013,6746.9837991829136,0.047257446448455434
239700,4938024.8313194374,4961443.5839388408,-102.46503003774257,-5348.4723882661419,5323.2274681934987,0.086929638367162276
240000,3105318.0486551179,6273516.7769016381,-71.504288287713976,-6762.8973067365741,3347.5559489039397,0.11768905644266023
240300,950649.94259871845,6935148.057059926,-33.067569092758475,-7476.1409608257736,1024.8080180429088,0.13633081858176316
240600,-1302582.2030519913,6877739.1569348965,8.8817210492331355,-7414.2538379017733,-1404.1924013285059,0.14089677591732355
240900,-3420761.9396430226,6107242.3447763603,50.00724289047271,-6583.6525294641797,-3687.6050037296018,0.13088110907169098
241200,-5184275.1844112426,4703543.2884429684,86.047737093512964,-5070.4545159097961,-5588.6842027316998,0.10728650059232404
241500,-6410279.9681107011,2812178.4102734071,113.25847980159328,-3031.5493263391604,-6910.3252057575828,0.072524516217998936
241800,-6971663.5682042269,629245.51114347042,128.8004854424525,-678.33189729791138,-7515.4999250701767,0.030169783298709372
242100,-6810221.5376395797,-1618927.7951370389,131.03695456680677,1745.2151202557552,-7341.4638806440216,-0.015407260549813617
242400,-5942692.2782921707,-3699249.8035588786,119.70589876787953,3987.8175037570827,-6406.2612845957592,-0.059491447509429467
242700,-4459021.5689324643,-5396031.6785700703,95.950619786440868,5816.9613798659302,-4806.854102475847,-0.097511160118491008
243000,-2513037.0146120628,-6533350.0902268253,62.204462287222384,7043.0000830818008,-2709.0691846122281,-0.12551303272835113
243300,-306499.25033603748,-6993287.0341007207,21.941443841296067,7538.8167815132074,-330.40562847438969,-0.14057353442493772
243600,1931816.6135032969,-6728155.7345214644,-20.681623748997154,7253.0042868579076,2082.515359989537,-0.14110440401286781
243900,3969840.5269685797,-5765444.978997088,-61.254557261825539,6215.1953718374762,4279.520303750076,-0.12701996802782423
244200,5596268.7586224861,-4204969.158101134,-95.570309351830801,4532.9906681515549,6032.8218780201014,-0.09974878096703213
244500,6642472.117542617,-2208519.4410923589,-120.0612410141064,2380.8025089418466,7160.6363859774801,-0.062088246338544595
244800,6999979.5974855283,16910.919761025347,-132.16990512654664,-18.228528705470353,7546.0313650101134,-0.017917200643232302
245100,6631724.6949081607,2240587.8718370032,-130.61585040289216,-2415.369245261074,7149.0491090375253,0.028203834299213172
245400,5575888.4109831639,4231959.2473892588,-115.53070111804337,-4562.0826969284481,6010.8492619103472,0.071503428444623401
245700,3941940.5594258336,5784558.5236510811,-88.447370467426865,-6235.7965193149712,4249.4411911446687,0.10749246323924938
246000,1899289.8596063526,6737411.3460401846,-52.144310256618859,-7262.9791860621608,2047.4487272685444,0.13242895172007241
246300,-340280.43548639142,6991725.4240084551,-10.360637753514283,-7537.1318151268533,-366.82424553151941,0.1437065668022342
246600,-2544570.3392825779,6521133.3901770739,32.588708253664464,-7029.8301435952999,-2743.0643943572763,0.14012677975161569
246900,-4485037.7891378319,5374426.5994373914,72.258285868437696,-5793.6716890353318,-4834.9016595550311,0.12202632679381395
247200,-5960494.0627140813,3670496.3839217992,104.5321082365117,-3956.8223690797477,-6425.4532224326867,0.091246395727728344
247500,-6817963.1443490433,1586007.2596203606,126.05072726857146,-1709.7279732495258,-7349.8101127439986,0.050946063715803555
247800,-6968542.3003578689,-662919.8120280588,134.56111939544061,714.63158197334201,-7512.1349089047908,0.0052785788134137937
248100,-6396619.4618230872,-2843114.9556314703,129.15284487011044,3064.8977533185507,-6895.597912025587,-0.041036557766485786
248400,-5161491.8279407751,-4728534.4697375717,110.3556047139063,5097.3941116247479,-5564.1218412118533,-0.083201643860978225
248700,-3391217.9319277713,-6123697.0434440942,80.087649456074473,6601.390496958551,-3655.7543552298166,-0.11683833610650071
249000,-1269340.5804299559,-6883951.3101229826,41.460003428841858,7420.951453788929,-1368.3555243739681,-0.13844287162810304
249300,984142.8390562163,-6930473.4358367799,-1.543487390540438,7471.1038417046266,1060.9160459913032,-0.14575140085200444
249600,3135589.7628610772,-6258439.7530659121,-44.47729596337647,6746.6472669202922,3380.1918155170088,-0.13797721904391916
249900,4961936.7088357043,-4937527.0074259974,-82.894011278013352,5322.6936018336346,5349.0073673128163,-0.11589504384910349
250200,6273826.7554371487,-3104688.2708430798,-112.80515171387488,3346.8794224570956,6763.234259255405,-0.081763431687689639
250500,6935242.2834566776,-949953.50420429767,-131.09520866244128,1024.0587543687427,7476.2444553759524,-0.039093270713371958
250800,6877607.3835156476,1303272.968261638,-135.84595594360391,-1404.9366247638304,7414.1128210749739,0.0077137322637925373
251100,6106897.7887375373,3421375.2255817279,-126.53733572631869,-3688.2669458351056,6583.2815169027726,0.053819201639118699
251400,4703021.2300107647,5184747.189668512,-104.10398513034427,-5589.1952927286047,5069.8918416210736,0.094447973318516898
251700,2811532.517628361,6410561.4682774255,-70.841368595196386,-6910.6324432457204,3030.8529810581467,0.12538213844689272
252000,628542.34484934853,6971724.9690281255,-30.170987452517128,-7515.5710757262414,677.57367334343576,0.14339833334979391
252300,-1619615.5607750206,6810055.987246912,13.711337957369636,-7341.2908147789385,-1745.9566481247382,0.14660319150522652
252600,-3699850.8591169571,5942316.5405012276,56.268046969329546,-6405.8612516304493,-3988.4648325448161,0.1346322455728908
252900,-5396483.5801792685,4458474.4671710711,93.088805063876208,-4806.268524212438,-5817.4463133932695,0.10869142551721521
253200,-6533605.9752040487,2512375.4533923627,120.34749459663655,-2708.3595953441531,-7043.2714580688889,0.071436305951070866
253500,-6993320.6989150094,305792.15097139636,135.19991189322758,-329.64690406321301,-7538.8464278466536,0.026700891584153001
253800,-6727964.380070094,-1932495.7513980311,136.08078043074559,2083.2435702880389,-7252.7900806536018,-0.020896635967134577
254100,-5765049.2954482809,-3970421.4737687656,122.86895185298235,4280.1424865915815,-6214.7609102623919,-0.066430789938056928
254400,-4204410.8671358256,-5596691.8388650371,96.903245286562623,6033.2745002621778,-4532.3819621968851,-0.10517895119137571
254700,-2207856.7571563497,-6642694.1710341303,60.846869435484429,7160.8738473379872,-2380.0826446944279,-0.13311178482698507
255000,17609.304941918934,-6999978.1552410377,18.414147277082435,7546.0299070643123,18.98582417548073,-0.14731273084804669
255300,2241249.6920498828,-6631500.1334780157,-26.012355973387166,7148.8088498826783,2416.0865936594564,-0.14628272255605437
255600,4232515.9019871671,-5575463.9542819913,-67.834738875337734,6010.3943882530621,4562.6864016254385,-0.13009824199084358
255900,5784952.0679534702,-3941360.0603815536,-102.71580360307709,4248.8180414063172,6236.2239581865388,-0.10040611549500358
256200,6737600.5498708449,-1898613.4352576754,-127.02888033133284,2046.721468840901,7263.1855765124938,-0.060255457097319796
256500,6991690.1800263282,340982.57620909181,-138.23477286635153,-367.58022041972595,7537.0953158730463,-0.013784095052949752
256800,6520876.8883290309,2545225.22490928,-135.14669239497107,-2743.7705779673415,7029.5543444346868,0.034208099123407734
257100,5373974.9931775564,4485577.3121720366,-118.0556257007799,-4835.4848268070382,5793.1850977522827,0.078754882857863862
257400,3669896.0428223312,5960862.032198024,-88.703000710758872,-6425.8529618077691,3956.1751951210963,0.11523714360930867
257700,1585319.9871777645,6818121.0538833281,-50.103267596757412,-7349.9847881699607,1708.9869045682749,0.13986127650963648
258000,-663623.07900612988,6968473.3124487763,-6.2344854257705116,-7512.0658006968415,-715.3899595505145,0.15005313000091519
258300,-2843761.4012484681,6396330.2669454431,38.37138311510418,-6895.2914000476549,-3065.5944923131228,0.14472684694939553
258600,-4729056.9772767257,5161012.141001137,79.096385052373392,-5563.6093101504621,-5097.956042037833,0.12440064955626055
258900,-6124041.3475784929,3390597.5345647023,111.71450858730353,-3655.0893857380224,-6601.7582957299728,0.091147165819703113
259200,-6884081.8746920181,1268644.0894678158,132.83024235006309,-1367.6082335431825,-7421.086519315746,0.048382788866729677
259500,-6930377.2669608444,-984842.92571242852,140.23223939171078,1061.6669482292023,-7470.9927116088302,0.00051717277264118344
259800,-6258127.6396433823,-3136220.8648378886,133.12516128888802,3380.8679823330467,-6746.3027579027594,-0.047501381196633934
260100,-4937032.1138314418,-4962433.8036333006,112.21527531321306,5349.5392743245866,-5322.1526914904589,-0.09069779705811222
260400,-3104062.4160187533,-6274138.9850431504,79.640504815739916,6763.5680367966215,-3346.1986435359058,-0.12458624706933102
260700,-949261.69760116562,-6935337.9348163968,38.751808299859135,7476.3466608753488,-1023.3081181691684,-0.145636561401606
261000,1303959.1217480591,-6877476.9241493335,-6.2317276569799205,7413.9732413585725,1405.6804313226255,-0.1516423153986021
261300,3421984.6869210191,-6106554.7970386175,-50.658498632850012,6582.9141466364272,3688.9277626592248,-0.14195210049005522
261600,5185216.654243337,-4702501.1274020988,-89.925620427534867,5069.3339051694911,5589.7048927582609,-0.11753974815094799
261900,6410841.9057137985,-2810889.1026217295,-119.95592646522095,3030.1616673587005,6910.9376620400735,-0.080906060064243682
262200,6971786.8199675754,-627842.33939145575,-137.62125611357135,676.82047091473464,7515.6397556001539,-0.035822129297350999
262500,6809892.3523023743,1620299.4369380726,-141.06810715529755,-1746.69353492439,7341.1155143488077,0.013059218364341235
262800,5941943.9352414375,3700447.4983214522,-129.91182066144847,-3989.1089165331387,6405.4600375869541,0.060683687381507284
263100,4457931.0779783353,5396930.8882857431,-105.27905481843273,-5817.9308579308035,4805.6828483994213,0.10211786251083751
263400,2511717.1666774778,6533857.2669020155,-69.693968774492646,-7043.5461752379688,2707.649832973264,0.13305974334160087
263700,305086.83212899463,6993349.4957973836,-26.819657458775968,-7538.882412997651,328.8862769734626,0.1502848270685597
264000,-1933175.1771818018,6727767.2117864108,18.918697798300744,-7252.5828460908397,-2083.9761654383788,0.15198173138410498
264300,-3971004.5420605568,5764646.227086232,62.790282172042893,-6214.3313060885575,-4280.7704083552126,0.13794261496048088
264600,-5597117.9756697398,4203843.5903049633,100.24774372061347,-4531.7745746708333,-6033.7315600697884,0.10958841207278068
264900,-6642919.2182308203,2207184.2920789672,127.3984694271461,-2379.3613482424562,-7161.1118453679237,0.069825720561512886
265200,-6999979.1530699674,-18316.912194731878,141.40923027759544,19.744936996961769,-7546.0242480101324,0.022749460822621595
265500,-6631277.703841418,-2241918.9265695065,140.8020775933665,2416.8039152253004,-7148.5611547478829,-0.026778543558955342
265800,-5575042.011617424,-4233077.6117876694,125.61047701628739,4563.2876652281275,-6009.9317268247842,-0.073631806694520713
266100,-3940783.0198810995,-5785348.6098963246,97.379075001470852,6236.6478800777695,-4248.1892666529338,-0.11295027959301811
266400,-1897941.4140688262,-6737791.5226985803,59.006716497575901,7263.3895299402411,-2045.9916385820941,-0.14064507336186932
266700,341679.94725170173,-6991656.3165151775,14.448661749618239,7537.0589434198073,368.33641492970423,-0.15382415286035858
267000,2545875.7877559988,-6520621.8957319725,-31.69134776699407,7029.281294686366,2744.475869604642,-0.15109451485104791
267300,4486113.6141732018,-5373525.2295844052,-74.637005993715462,5792.7029052255448,4836.0667133734169,-0.13270922785022102
267600,5961228.2123081833,-3669297.9827156374,-109.93404980604829,3955.5330323212447,6426.2510224920525,-0.10054388273758555
267900,6818278.6983567532,-1584635.5803148791,-133.91227821298398,1708.2509413318539,7350.1572550844903,-0.057904766686389914
268200,6968405.574643488,664322.77946456976,-144.06705150914797,-716.14340212994148,7511.9943472252389,-0.0091885623014743567
268500,6396043.6996782664,2844403.6607563775,-139.32066167459908,-3066.287159409113,6894.983241633432,0.040571235592597385
268800,5160536.0110615743,4729574.9800684489,-120.13638704023587,-5098.5161005118161,5563.0962990841017,0.086224296221112925
269100,3389980.7558954828,6124381.1128044082,-88.473265373941061,-6602.1277000998562,3654.4244603581615,0.12303612533308561
269400,1267950.1834225038,6884207.7996553406,-47.586058841120852,-7421.2267332285164,1366.8599410634961,0.14717848611196924
269700,-985542.30913263944,6930275.821812002,-1.6908486603813557,-7470.888562172936,-1062.4212127965243,0.15612700014414957
270000,-3136853.2868413068,6257808.8929299591,44.469440143179419,-6745.9642874523861,-3381.5496229625896,0.14892486374701827
270300,-4962933.5938072708,4936528.8754261564,86.114921346164522,-5321.614683891431,-5350.0766495690978,0.12628524785399164
270600,-6274454.2545726085,3103426.9404508411,118.92355672276048,-3345.5174167823106,-6763.9044088298851,0.090521362293999444
270900,-6935436.2011384573,948560.17365760147,139.47973866060039,-1022.5555167725956,-7476.4467896814167,0.045310782367280589
271200,-6877348.5848362818,-1304653.6990073659,145.63007428750299,1406.4251932197751,-7413.8273933015043,-0.0046822474505400433
271500,-6106213.9943986451,-3422600.356615589,136.7092226890471,3689.5870848384457,-6582.5387798436941,-0.054287938730669699
271800,-4701983.9840937089,-5185690.0410099681,113.61198305225724,5590.2111026009561,-5068.7691477997369,-0.098365895058424024
272100,-2810249.7057417296,-6411124.6321229581,78.703741178861861,6911.2395912929078,-3029.4664194112552,-0.13233834782574422
272400,-627147.06545632519,-6971850.222829191,35.578191252989093,7515.7072177032442,-676.06615017046238,-0.15266614003125514
272700,1620978.6387050007,-6809730.2143447129,-11.312820207741645,7340.9418086926999,1747.4298893867538,-0.15721775853675668
273000,3701040.2990020886,-5941573.0926319147,-57.119119519100494,6405.0626237365659,3989.7518802614914,-0.1454928274284614
273300,5397375.6854764242,-4457389.8294978682,-97.094107710721715,4805.1020443845555,5818.413990671067,-0.11867664275709162
273600,6534107.563449908,-2511061.5104727931,-127.08672292033586,2706.9452211070061,7043.8190102645494,-0.079519931970659527
273900,6993378.8420913815,-304384.7753557472,-143.9724389294401,328.1307562959098,7538.9161372486078,-0.03205620329015528
274200,6727572.0707370946,1933850.6852683914,-145.97856996448346,-2084.7041338981248,7252.3736455325843,0.018814091047672534
274500,5764246.3759218976,3971583.2447389886,-132.87008296841285,-4281.3952559044701,6213.9007574289844,0.067829571642502168
274800,4203280.0385974888,5597539.6186548313,-105.97653973645524,-6034.1885254867948,4531.1671573736685,0.10991183785740799
275100,2206515.0242050942,6643139.7548274286,-68.05719953158092,-7161.3534589850051,2378.6396937408422,0.14069111906038301
275400,-19022.871644201223,6999975.2775260033,-23.01801044561995,-7546.0249970875793,-20.506331842694635,0.15695945789854829
275700,-2242588.5585081908,6631049.3353666896,24.490506349967347,-7148.3202060224658,-2417.5260003149169,0.1570046685787794
276000,-4233641.4493863164,5574612.4737978783,69.553170199751833,-6009.4734889916981,-4563.8948280901986,0.1407904872123974
276300,-5785748.080733289,3940196.7819884997,107.49844760997573,-4247.561393684633,-6237.0760872387218,0.10996398706826988
276600,-6737985.2686231257,1897259.4828202745,134.38268282471219,-2045.2602020844658,-7263.593652319797,0.067688946206900427
276900,-6991624.6692795642,-342386.55432230374,147.40008688187606,369.09427687630523,-7537.0180118545022,0.01832173556416062
277200,-6520368.8933363631,-2546533.6998848347,145.17580646750608,2745.1807667688026,-7029.0006647176369,-0.033037326612395619
277500,-5373077.9552748222,-4486654.9046635181,127.91135154270199,4836.6457836775535,-5792.2130527387044,-0.081071053501667545
277800,-3668703.4470500676,-5961597.3911895044,97.366891626295228,6426.6453562588686,-3954.8855425329816,-0.12079634778695983
278100,-1583955.6736389715,-6818438.2065869849,56.681859116970315,7350.3272826958464,-1707.5127053888896,-0.14808173868126967
278400,665017.63521499571,-6968339.3857957376,10.052140887754248,7511.923151661591,716.89688348972481,-0.16007751591565533
278700,2845041.5686091296,-6395758.8432321902,-37.702888557602712,6894.6779948836011,3066.9788904576794,-0.15551351841099001
279000,4730089.7789076874,-5160061.9234007131,-81.638721424707683,5562.5878278272767,5099.0749269785019,-0.13483341489211062
279300,6124719.1448358353,-3389366.4340480934,-117.197834554976,3653.7646680221342,6602.4955336777111,-0.10015135258433039
279600,6884333.5499991952,-1267259.2769737821,-140.68247150068856,1366.1168572509835,7421.3649127540912,-0.055035342677846988
279900,6930175.740136914,986238.05568131863,-149.63903713609221,-1063.17050441694,7470.7823154118614,-0.0041397567594978618
280200,6257492.8796536261,3137481.532098114,-143.11419253976621,-3382.2272898862502,6745.6244380378448,0.047275050883469671
280500,4936029.2466076072,4963428.9565798519,-121.75600749081096,-5350.6124035877829,5321.0763581419751,0.093886324859177556
280800,3102795.0488013886,6274765.0790821016,-87.749540928009353,-6764.2426924633155,3344.8361684676574,0.13085954498933128
281100,947861.12207894586,6935529.8643450942,-44.593313151456606,-7476.5522477820823,1021.8016077469895,0.15434929894514662
281400,-1305347.7011519331,6877214.8939093929,3.2604532664395549,-7413.6884340916486,-1407.1737226352959,0.16189872753340684
281700,-3423217.4039857145,6105866.3749238038,50.864887518218225,-6582.1690897948947,-3690.2521597489508,0.15269627320160906
282000,-5186166.0520529915,4701458.2701947736,93.289597555989019,-5068.2068363632325,-5590.7227684397058,0.12766301101449035
282300,-6411410.2071448015,2809600.5108389333,126.13117309693854,-3028.7704173632892,-6911.5438222912308,0.089361101262362547
282600,-6971916.0020853663,626442.0053605875,145.97027117332834,-675.30986786212338,-7515.7722122713858,0.041732209216061154
282900,-6809570.0047287233,-1621666.2308091605,150.72782124728545,1748.1669103358947,-7340.761578189843,-0.01030769008934361
283200,-5941204.3554448271,-3701639.2364991386,139.88315431242512,3990.3929543475533,-6404.6572241348076,-0.061375655392267525
283500,-4456851.5646002833,-5397824.374080576,114.5310557356066,5818.8934375139324,-4804.5146613834568,-0.10617891564480468
283800,-2510409.9555087034,-6534360.2067480562,77.271415480694372,7044.0884648599549,-2706.2369940556896,-0.14006397544453777
284100,-303687.53217233438,-6993409.8853211561,31.942558184320596,7538.9487276066102,-327.37436026296814,-0.15950048937217137
284400,1934521.4756438336,-6727378.6238669911,-16.77436170354196,7252.1661966145884,2085.431466918677,-0.16244939039680514
284700,3972158.112807747,-5763848.4970235461,-63.839044387022618,6213.4741588938477,4282.0189951490102,-0.14857678376200251
285000,5597958.795778038,-4202718.8224250553,-104.37373609835912,4530.5647375502185,6034.6441602491504,-0.11929118677811967
285300,6643359.376816852,-2205848.5487164408,-134.16885414068776,2377.9233010500857,7161.5933309261591,-0.07760009471737285
285600,6999972.0609786091,19725.460313430754,-150.12010037125953,-21.262546358618692,7546.0237009745415,-0.027800645422717714
285900,6630823.1120553715,2243254.2384521943,-150.55169563509577,-2418.2434895805391,7148.0775621208286,0.024963624666235282
286200,5574186.2387793195,4234200.9652771791,-135.39214804214839,-4564.4991039897741,6009.0145351855081,0.075234083062939439
286500,3939614.2790449448,5786143.1465183636,-106.18421677657693,-6237.504500499861,4246.9335405142901,0.11780144588414113
286800,1896580.6696820084,6738174.5699136863,-65.927861832642151,-7263.8016510571861,2044.5282045021152,0.14824508479432008
287100,-343091.64183007926,6991588.122924217,-18.772206730215807,-7536.9835303076497,-369.8548039498603,0.16339155694413182
287400,-2547192.1058415384,6520109.8088550754,30.411881154631825,-7028.7265287821219,-2745.8907885643052,0.16164503338445896
287700,-4487198.3102091234,5372622.8649589866,76.534650302079498,-5791.7271798834863,-4837.2308819884356,0.14315539586749626
288000,-5961969.3527138568,3668099.5013295044,114.81396806458967,-3954.2385508576667,-6427.0437954219951,0.10980631647512484
288300,-6818600.2550779963,1583265.7323166244,141.27109732347628,-1706.7727159007895,-7350.4971046037463,0.065024013969671585
288600,-6968275.1849920498,-665721.73829411855,153.1443725274134,717.65186027962568,-7511.8470563181027,0.013425819654151259
288900,-6395475.8349507069,-2845686.7656107936,149.17770766992459,3067.6698563082186,-6894.3650538217844,-0.039655647829682381
289200,-5159590.2976107262,-4730609.5131311463,129.75368807146944,5099.6305787434512,-5562.0718495880128,-0.088723758910502742
289500,-3388755.6932753809,-6125060.1955703599,96.857040499881236,6602.8594551287188,-3653.0998552429837,-0.12868752262538444
289800,-1266572.9517383783,-6884461.2776919464,53.871880907252987,7421.5006688485082,-1365.3717927113669,-0.1553903642858103
290100,986928.90193764796,-6930077.3914524103,5.2334523470756977,7470.676462221918,1063.9196668217148,-0.16604288454284538
290400,3138105.4159076507,-6257178.7908527032,-44.029745660828922,6745.2876567612993,3382.9039858971755,-0.15951438999958401
290700,4963921.1492543584,-4935531.869877045,-88.816075968497017,5320.5427048086976,5351.1469780340049,-0.13645268684864831
291000,6275074.2409928199,-3102165.7991616977,-124.47924451045806,3344.1601678801298,6764.5795159478876,-0.099219520180537132
291300,6935623.4555528825,-947165.21228872263,-147.31034223614859,1021.0530021057807,7476.6558508989719,-0.051648229876890883
291600,6877082.6887003854,1306037.9895905661,-154.92343269226058,-1407.9172550766602,7413.5476304681524,0.0013513327333580377
291900,6105521.5986900376,3423830.2780194273,-146.50464605753268,-3690.913376893684,6581.7982856068284,0.054299750924684767
292200,4700936.2176416162,5186637.7045546891,-122.89886032003369,-5591.2330761056055,5067.6443544551275,0.10171442348261038
292500,2808954.8627435341,6411691.4171690959,-86.5248390287679,-6911.8502672788572,3028.0743082270956,0.13867686226567738
292800,625739.30665045208,6971977.1957209148,-41.127409636995964,-7515.8426953183443,674.55196007759832,0.16134235201276317
293100,-1622353.3662989144,6809404.3483699011,8.6079179505594894,-7340.5881154550752,-1748.9080962655971,0.16733938555363487
293400,-3702239.591981031,5940828.6034727115,57.538291932754241,-6404.2571201204528,-3991.0400332918307,0.15601759223326331
293700,-5398275.5958839851,4456304.4981623441,100.59506654321524,-4803.9292702011016,-5819.3782964931052,0.12851834204733176
294000,-6534615.491373376,2509748.4278760394,133.30872915525674,-2705.5277288835309,-7044.3599108582011,0.08766029558439542
294300,-6993443.0581439799,302980.43833225151,152.27290426805388,-326.61603245682386,-7538.9784663952087,0.037651127905190637
294600,-6727186.911537447,-1935200.6238397257,155.49924479806339,2086.1591651500971,-7251.9519923957423,-0.016345369697924404
294900,-5763452.638380697,-3972739.055780699,142.62614831145069,4282.6404584293568,-6213.0396143178896,-0.068742448721259355
295200,-4202160.6075462755,-5598381.8502217857,114.95927728381454,6035.0958361980929,-4529.9559969140646,-0.11410877212903198
295500,-2205186.2438867972,-6643581.4222340845,75.339279117842281,7161.8297537623421,-2377.2036110931467,-0.14773195646490572
295800,20423.172088262392,-6999970.7031084849,27.850072057134263,7546.0213653390165,22.019404809707794,-0.16610858816806828
296100,2243915.177280657,-6630598.7931994172,-22.602311516588053,7147.8368245898546,2418.9602515026577,-0.16730956584497134
296400,4234756.6686665118,-5573762.1961998167,-70.796811584531952,6008.559673489257,4565.1022890045442,-0.1511825743135079
296700,5786535.8072934542,-3939034.3159959163,-111.73785114559865,4246.3108030671747,6237.9316664584012,-0.11937046007933523
297000,6738363.050871633,-1895904.8195069288,-141.17324136996464,2043.8015731344876,7264.0080525501917,-0.0751434482555082
297300,6991552.3563276911,343793.24272367661,-156.03575858771777,-370.61008767086651,7536.9472252828373,-0.023062500811987491
297600,6519852.9944622591,2547846.5197680728,-154.76255933512104,-2746.5962620781265,7028.4509703850244,0.031491357851311505
297900,5372171.1648389138,4487737.4312716266,-137.45923950393899,-4837.813296948174,5791.2408107123802,0.082873051534039927
298200,3667499.2987190313,5962336.9869951541,-105.89141138488242,-6427.4427460127899,3953.5916099587425,0.12575731682758143
298500,1582578.8296387789,6818757.9081874983,-63.304495055165418,-7350.6710498687371,1706.0319449312469,0.15569012145577824
298800,-666424.44393865706,6968206.0393884629,-14.090154572983572,-7511.7774253234847,-718.4098874224635,0.16955073069348181
299100,-2846332.5382844768,6395186.5839566644,36.666363762866403,-6894.0583286626788,-3068.3662889334109,0.16587671713155586
299400,-4731131.3297478361,5159110.625540846,83.71142149137097,-5561.5593990844891,-5100.1923557202535,0.14501823230849406
299700,-6125403.8638514802,3388135.3294582386,122.1665810300708,-3652.4351514386708,-6603.2272762492248,0.10910528039137869
300000,-6884591.3005277803,1265876.4717649049,148.03444586638079,-1364.6248537666365,-7421.6358399658584,0.061830847664455339
300300,-6929980.7977258293,-987629.004580384,158.61431857796157,1064.6701325824451,-7470.5653871851337,0.0080716918651984951
300600,-6256866.4066071315,-3138736.5341198579,152.78439763914534,3383.5795452970115,-6744.9430964693838,-0.046614507541119649
300900,-4935036.9232531693,-4964418.2378192944,131.1209198623074,5351.678037211319,-5320.0017203044408,-0.09656387449923251
301200,-3101540.176221475,-6275386.4595918246,95.841495624673811,6764.9122660420735,-3343.4794595277426,-0.13659341233776998
301500,-946473.94744102145,-6935719.1552515207,50.578133327330441,7476.7570626134529,-1020.3026995586847,-0.16253937261220611
301800,1306723.3422927037,-6876952.4147375235,0.0031873590943689578,7413.4073588728688,1408.6605024764708,-0.17169077696431781
302100,3424438.8002414908,-6105178.9717026316,-50.653186083191386,6581.4306997525846,3691.5735959766575,-0.16307280819503106
302400,5187106.2379734293,-4700416.6366306003,-96.144139334737645,5067.0866697956162,5591.7422592849398,-0.13755041172371799
302700,6411971.0502587277,-2808312.0508457827,-131.74974115808641,3027.3835552179444,6912.1553653225874,-0.097741173648742102
303000,6972038.4330106871,-625039.89969890378,-153.7667085012566,673.79944223438133,7515.9115083650104,-0.04774638886574268
303300,6809240.3097079061,1623036.7052202607,-159.89344546582672,-1749.6442753319375,7340.4130661590907,0.0072718775459347865
303600,5940455.809321654,3702835.7719308659,-149.47040403834581,-3991.6833882152291,6403.856163483094,0.061623968887047201
303900,4455761.1448908467,5398722.5196368294,-123.5507503872056,-5819.8620719882483,4803.3438413304384,0.10968090456509137
304200,2509090.4088003701,6534866.47716555,-84.793865481096049,-7044.6338684007687,2704.8182513639863,0.1464569440804197
304500,302275.59798915079,6993471.6440668236,-37.192508435715659,-7539.0138303914709,325.85575072072947,0.16812630104370802
304800,-1935879.4227592065,6726989.6382345231,14.338359935128832,-7251.7444062599116,-2086.8914164585913,0.17242067642389472
305100,-3973321.4385756985,5763049.5536661884,64.468809855967308,-6212.6099667810367,-4283.2681511958053,0.15886651197838264
305400,-5598807.3263088763,4201593.3560389299,108.00499046153011,-4529.3487986820455,-6035.5528497937121,0.12883724213633937
305700,-6643805.885638155,2204513.7949022274,140.42712840837325,-2376.4826218537964,-7162.0678422456249,0.085414714671194797
306000,-6999971.2196062086,-21130.794814324472,158.35880622171166,22.778140397908828,-7546.0158027653488,0.03307351926922978
306300,-6630376.0122149764,-2244584.4427778795,159.91877490691132,2419.6770673018186,-7147.5891275006907,-0.022779712303262468
306600,-5573340.0857376941,-4235318.3948643524,144.91855519834348,4565.7028221841701,-6008.0969326387385,-0.076364767429320718
306900,-3938457.3636569623,-5786932.3474907074,114.88496301816791,6238.354623486307,-4245.6820167117767,-0.12212638151895529
307200,-1895233.1942556764,-6738554.0496829944,72.904829207023738,7264.2109568525866,-2043.0719596143235,-0.15531069750122498
307500,344489.92305640248,-6991518.6254773224,23.307674769031109,7536.9099835967472,371.36579540718571,-0.17245961567424334
307800,2548496.1894789785,-6519598.3067113021,-28.781001563441986,7028.1774699075295,2747.3009262336777,-0.17177144034081407
308100,4488272.7804234754,-5371721.8871482853,-77.969652583544644,5790.7586680019485,4838.3946425351405,-0.15329012189282126
308400,5962702.2934258208,-3666901.8494553352,-119.158948049698,3952.9498965941912,6427.8405343398517,-0.11890324143943246
308700,6818914.849747763,-1581895.0687855694,-148.07050065163492,1705.2966383350188,7350.8435465523589,-0.072148796269611709
309000,6968137.8063463485,667123.54053330561,-161.69120379170778,-719.16261915393898,7511.7061988276182,-0.017850725640061092
309300,6394899.735760116,2846974.2736639515,-158.58705776296017,-3069.0582377898936,6893.7504552659984,0.038379109227197859
309600,5158634.4336225213,4731648.8927350175,-139.05386710982768,-5100.7516690372395,5561.0466622308732,0.090720956708332218
309900,3387518.7162250578,6125743.2718384769,-105.08906658403556,-6603.5959179025431,3651.7705103914059,0.13374924093147744
310200,1265182.9519274994,6884716.9606588176,-60.187419912107622,-7421.7753665584705,1363.8768962979555,0.16299446785132329
310500,-988327.82427373796,6929879.194087483,-8.9815224989859743,-7470.4607631977588,-1065.4240344733494,0.17540696707798178
310800,-3139368.2939550392,6256547.602604066,43.235939337673813,-6744.6044495918977,-3384.2608933861002,0.16967457709662295
311100,-4964917.3554260908,4934533.6917958017,91.058992070707646,-5319.4638058185919,-5352.2152874473031,0.14636133859130723
311400,-6275701.1115819598,3100904.7177603999,129.5278613941872,-3342.7984868971948,-6765.2486859626279,0.10785254409800042
311700,-6935816.8926263573,945772.41247657174,154.64332322076172,-1019.5504277360908,-7476.8573076026451,0.058111305685497647
312000,-6876823.6573299486,-1307417.9584804694,163.7825959357707,1409.4048431013166,-7413.2615629388629,0.0022712141359683344
312300,-6104837.9029602241,-3425054.5077924635,155.97346490412684,3692.2323084986001,-6581.0552785833861,-0.053893269973747021
312600,-4699899.4480126603,-5187579.6411572155,131.99788430124582,5592.2476052872216,-5066.5218502833468,-0.10456413294929537
312900,-2807672.8987101233,-6412253.7951224847,94.313921693954612,6912.4562516175301,-3026.688411122645,-0.14448295039356815
313200,-624345.18305897061,-6972101.9260918591,46.803769744246473,7515.9779761931704,-673.04550248651753,-0.16949712596736316
313500,1623715.0936015714,-6809078.4134304868,-5.626336748087617,7340.2386886171134,1750.3800247885374,-0.17699227259953187
313800,3703427.6293689706,-5940085.3993574921,-57.553005838061729,6403.4585689149444,3992.3257241547058,-0.16616557626859232
314100,5399166.3928435482,-4455220.4916943032,-103.59691827315106,4802.7633276444076,5820.3447798336801,-0.13811152932538734
314400,6535115.9874139372,-2508435.4286647988,-138.9802417275267,2704.1142330141138,7044.9065948331299,-0.095710957143785455
314700,6993500.4031675579,-301574.20660817972,-160.02241972034807,325.10093753619526,7539.0477153971278,-0.043334727990710767
315000,6726794.1251440234,1936554.3368439588,-164.52288686189226,-2087.6186655075826,7251.5354963269174,0.013607211699477598
315300,5762649.5468378924,3973899.6385410018,-151.99096289365121,-4283.8922716075394,6212.1797240988089,0.069224801841858155
315600,4201029.8703737501,5599228.5567215541,-123.6989923012456,-6036.0090655186377,4528.7416798799695,0.11775700543903783
315900,2203844.8161887052,6644026.102653319,-82.553074536566314,-7162.3087337701863,2375.7612953883872,0.15416815516588211
316200,-21836.26742154127,6999967.1294981977,-32.794575465862181,-7546.01597898195,-23.539167740760149,0.17466992515918423
316500,-2245253.4537447151,6630147.5377206607,20.436918120883654,-7147.3478709002657,-2420.3988133648095,0.17711503906327891
316800,-4235881.5632280223,5572910.5257226098,71.634226374235567,-6007.6386747753795,-4566.3097814096354,0.16122199761926007
317100,-5787331.176871744,3937871.136531245,115.49210701975987,-4245.0543298787234,-6238.7828141089631,0.12860739201723931
317400,-6738747.2270236183,1894551.2570865918,147.45689324554158,-2042.3408089197512,-7264.4151877235508,0.082622038903281458
317700,-6991486.5051286258,-345196.5704644185,164.19934754911085,372.1233021864457,-7536.8691498772905,0.028007308235361607
318000,-6519344.9564999091,-2549154.1563444459,163.9616066128944,2748.0053250891374,-7027.8968316902328,-0.029593368629878308
318300,-5371274.4490836356,-4488814.1100624949,146.74197438545019,4838.9729723148357,-5790.2687383444336,-0.084217638260018629
318600,-3666307.4104622817,-5963071.4968616739,114.29803166329876,6428.2338861039589,-3952.302417607676,-0.13020174016368613
318900,-1581215.5707390695,-6819074.4200393446,69.967354526765263,7351.0125168052546,-1704.5586605679998,-0.16276828181629066
319200,667817.69319086056,-6968071.800003781,18.324102218709314,7511.6341451728968,719.91556613737362,-0.17852305911313601
319500,2847611.2822761033,-6394615.2471494805,-35.293153713970639,6893.4447874206289,3069.74930375853,-0.1758090770875268
319800,4732162.7431160389,-5158160.9032136118,-85.333540083055055,5560.5382791339071,5101.3099373557498,-0.1548807629778457
320100,6126080.4459482823,-3386905.0783875305,-126.60874546634246,3651.1112033241534,6603.9634837538979,-0.11788008278477985
320400,6884842.0333034936,-1264492.7605149171,-154.83103469464919,1363.1344956763414,7421.9135979339644,-0.068616891212992748
320700,6929778.648668197,989022.90656545805,-167.05859862427602,-1066.1726000873628,7470.3547782662044,-0.012176198271425832
321000,6256231.3425894622,3139995.9666746333,-162.00200756368679,-3384.9378395865319,6744.2649297642838,0.045607001405683148
321300,4934034.0336701656,4965412.244334694,-140.15991296467101,-5352.7503095254369,5318.9258043457448,0.098750984646527901
321600,3100273.0175452065,6276011.5595889874,-103.76980798949367,-6765.5862382172263,3342.1175695711213,0.14174625188565412
321900,945073.76132736029,6935910.2836545119,-56.578775471341956,-7476.9621242064386,1018.796884410335,0.17012622225564511
322200,-1308111.3971391311,6876689.8060804037,-3.4577444292573389,-7413.1221770928696,-1410.1530046662629,0.18093074462346187
322500,-3425670.9058121089,6104490.2220437368,50.101063985458588,-6580.6854453735214,-3692.8971102507949,0.17301454186759224
322800,-5188054.9986707559,4699373.7289177775,98.551736619178087,-5065.9596392441708,-5592.7591771316711,0.14716859803755539
323100,-6412538.7699985942,2807023.6999603724,136.86876372361806,-3025.9926465368681,-6912.7605555026585,0.10604162441497006
323400,-6972167.1869607391,623640.08591547981,161.06828207982593,-672.28952398580418,-7516.0430950300079,0.053869216176592891
323700,-6808917.7895069951,-1624402.7507599536,168.6224165084549,1751.1166412408834,-7340.0585045214702,-0.003961868150270588
324000,-5939716.3975268323,-3704026.6288140994,158.72356634594985,3992.96618693345,-6403.0531099731306,-0.061469697932941207
324300,-4454682.1857541213,-5399615.1225892724,132.37090391771028,5820.8233476996575,-4802.1758936602637,-0.11269611410786698
324600,-2507784.1274498887,-6535368.6804971397,92.269731404088745,7045.1749928130248,-2703.4061424054707,-0.15232448608909774
324900,-300877.53172158543,-6993531.5800526179,42.553773043442412,7539.0793135717286,-324.34496830475018,-0.17623203221968342
325200,1937224.3065403909,-6726600.9771284051,-11.641081548264548,7251.327397885686,2088.3453505342004,-0.181919121858928
325500,3974473.5651013618,-5762252.1683882903,-64.707567064005261,6211.7529808864183,4284.5153569092408,-0.16877072464386728
325800,5599646.8229881385,-4200469.3218093347,-111.14742197570644,4528.1395883449841,6036.4642715208156,-0.13812263570936101
326100,6644244.9618994147,-2203179.0871696537,-146.1412060925482,2375.0455266637705,7162.5485129630442,-0.0931254284675994
326400,6999963.3567654062,22538.127329208888,-166.04845602648089,-24.294655817574721,7546.0148738084745,-0.038420128121772014
326700,6629920.9772083731,2245918.486997501,-168.78627389614562,-2421.11557676537,7147.1055581186602,0.020340842575201374
327000,5572484.1697393237,4236440.5370116662,-154.04702668568572,-4566.9133380310386,6007.1800743835192,0.077077855858759009
327300,3937288.7294566273,5787725.8052157527,-123.33248532299731,-6239.2105026619565,4244.4268231000833,0.1259129631263706
327600,1893872.7528640002,6738936.1969487676,-79.800717823291805,-7264.6225058323125,2041.6091766032594,0.16177845487402595
327900,-345901.16530955397,6991449.7404985456,-27.941400254080811,-7536.8341447194034,-372.88344670106903,0.18094223559644229
328200,-2549811.9495213134,6519085.7628251836,26.887070935267143,-7027.6224291772005,-2748.7150190264856,0.18139575841972541
328500,-4489356.8638093313,5370819.3269925043,79.011001816922061,-5789.782863944034,-4839.557896182755,0.16306438692431746
328800,-5963442.8357711155,3665703.4565551127,123.02830274282302,-3951.655603462319,-6428.6323389649569,0.12781822944253091
329100,-6819235.913246382,1580525.5973399952,154.36825722602865,-1703.818931240419,-7351.1824632044118,0.079281907915930247
329400,-6968007.1314267572,-668521.86481155572,169.76620272618214,720.67021203544391,-7511.5581460251587,0.022462377858195152
329700,-6394331.8912981404,-2848256.5602655844,167.6038005885172,3070.4397794410552,-6893.1318293772747,-0.036767235818555524
330000,-5157689.1142929876,-4732682.541177243,148.07934310066028,5101.8648389163891,-5560.0222247171232,-0.092274721234621326
330300,-3386294.4391490035,-6126421.5492207222,113.1900733358712,6604.3264073010887,-3650.4464231549991,-0.1383040067993738
330600,-1263806.852420548,-6884969.860605468,66.52797547158417,7422.0482906833113,-1362.3897297450987,-0.17007257153508443
330900,989713.04226963886,-6929680.5333311725,12.909892033866477,7470.2480806666754,1066.9211827342938,-0.18426882441872389
331200,3140618.950733107,-6255917.6847458659,-42.119905126325747,6743.9277587847291,3385.613836409575,-0.1793975547727962
331500,4965903.4988397863,-4933537.2845078763,-92.863243798901181,5318.3922776897516,5353.28431279918,-0.15593734122284764
331800,6276319.8850092003,-3099644.5228136722,-134.05826597073343,3341.4420884147157,6765.9228025621196,-0.11629337871072559
332100,6936003.2272880627,-944378.63226399128,-161.42512964704889,1018.0489851443128,7477.0658043122094,-0.064550472578144419
332400,6876557.1723050959,1308800.9649781242,-172.1105811748935,-1410.8958006867654,7412.9816717768299,-0.0060517222559650641
332700,6104145.2353725098,3426283.1631598314,-164.9852438694046,-3693.557609850538,6580.3150150293259,0.053153493599679892
333000,4698851.680096942,5188526.147065863,-140.76271531113792,-5593.268771851931,5065.3975289779137,0.10693509269034199
333300,2806378.2680659629,6412819.5868905382,-101.92800410044491,-6913.0663050960175,3025.296909905077,0.14971671723871405
333600,622937.79957623198,6972228.1018806184,-52.482549639028868,-7516.1129845412015,671.53200577391749,0.17705344897700986
333900,-1625089.3254358673,6808751.9697021395,2.4679828553674525,-7339.8846618869602,-1751.8574610008427,0.18609314408562003
334200,-3704626.349373573,5939340.5768533843,57.240700087044729,-6402.6528919442244,-3993.6130170671031,0.17587371642137939
334500,-5400065.7100183722,4454135.0978359878,106.16296047452062,-4801.5906046529108,-5821.3081455085558,0.14742552279209914
334800,-6535623.3808779484,2507122.5708138477,144.15970921107564,-2702.697093114728,-7045.4465354390513,0.10366795058695749
335100,-6993564.2423490481,300170.37128382525,167.27993343620929,-323.58691553712333,-7539.1091817344259,0.049110404862661529
335400,-6726408.8509869725,-1937903.5485094599,173.10763655989328,2089.0726620966502,-7251.1132314051129,-0.010611934329295823
335700,-5761856.0431197435,-3975054.5959779788,161.01452275468736,4285.1362074081717,-6211.3183701889266,-0.069319996149014546
336000,-4199911.0666227862,-5600069.9447929226,132.22786417751351,6036.9150539746124,-4527.5308071391801,-0.12093031903263354
336300,-2202517.0412151278,-6644467.0897498196,89.706137356393796,7162.7838672441958,-2374.3260051092011,-0.16008588159890125
336600,23235.26433188864,-6999962.1769951917,37.834976204203869,7546.0115505452513,25.051043228472508,-0.18271265475983189
336900,2246578.6031063041,-6629697.0147150839,-18.025300442664012,7146.8641956154961,2421.8316506403376,-0.18644385756384302
337200,4236995.3063628282,-5572060.6946976148,-72.093843136198615,6006.7251049479755,4567.5158468881427,-0.17086761216583093
337500,5788117.5740004536,-3936709.504394589,-118.76773470383989,4243.8044509847814,6239.637240111133,-0.13757206373685349
337800,6739123.943907816,-1893197.7164585104,-153.20272937313868,2040.883196931022,7264.8288338878838,-0.08998311050520999
338100,6991413.4528615046,346601.97803494101,-171.81603120985389,-373.63798926355571,7536.798063014161,-0.033011459581651553
338400,6518828.6487656804,2550465.6684361142,-172.65893177403666,-2749.4197655313028,7027.3472428285913,0.027454470289638266
338700,5370367.5416217064,4489895.4075470669,-155.62059864934116,-4840.1396054701818,5789.2968938397744,0.085157299705823836
339000,3665103.3789920844,5963810.0110157467,-122.44178428175348,-6429.0305949598414,3951.009052613525,0.13411809680862635
339300,1579839.021408384,6819393.2248795331,-76.536887244389021,-7351.355772459975,1703.0785564789014,0.16925549985980101
339600,-669224.07440144324,6967937.7634694139,-22.642606313004777,-7511.4880407482815,-721.42784859915901,0.18691258793199608
339900,-2848901.7303079711,6394042.5255809696,33.670659595514188,-6892.8248757962901,-3071.1359012647608,0.18523707555028168
340200,-4733203.7240881948,5157209.3971346449,86.574326275166655,-5559.5097859104462,-5102.4264737381473,0.16437548670806895
340500,-6126764.6127354354,3385674.0440319078,130.58469309978085,-3649.7818828623267,-6604.6942721409987,0.12646102194661688
340800,-6885099.3390427399,1263110.3105177151,161.13126249254313,-1361.6430214665475,-7422.183599665691,0.075395962052058535
341100,-6929583.4739296427,-990413.24442007544,175.03145475218975,1067.6713435540637,-7470.1370968770607,0.016450575100260115
341400,-6255604.9496844811,-3141250.1780567467,170.82238395698491,3386.2889139791127,-6743.5831703279764,-0.044280487960518533
341700,-4933042.1718767602,-4966400.6772703277,148.91502294496777,5353.8146121895625,-5317.8512168669313,-0.10050837335354959
342000,-3099019.0026096543,-6276632.1852526879,111.55441280440958,6766.2545399193932,-3340.7614339990632,-0.14640159280678411
342300,-943687.78891708562,-6936099.0650755186,62.589677396984072,7477.1659488365158,-1017.2990206579755,-0.17719131507171654
342600,1309485.604529737,-6876427.1829859093,7.077383497192713,7412.8405718543954,1411.6384252221565,-0.18966734964890783
342900,3426890.7905976214,-6103803.1020334978,-49.240841763704722,6579.9470723966442,3694.2170991890398,-0.18251307515142126
343200,5188993.7583033601,-4698332.7953653242,-100.53239396184733,5064.8400093775417,5593.777374962915,-0.15644429799579895
343500,6413098.4102964308,-2805736.2791589163,-141.47792294868376,3024.6067084770807,6913.3711563846609,-0.1141374305261737
343800,6972288.7262367699,-622239.23523279047,-167.82305634888354,670.78021382822885,7516.1819024397664,-0.059954297753020601
344100,6808587.5408714535,1625771.8918125103,-176.82037006060898,-1752.5928981323,7339.709948495366,0.00050797924867605759
344400,5938967.6101960307,3705221.8729248634,-167.51571826016996,-3994.2556632060887,6402.2523524757198,0.060995423090692884
344700,4453591.7812932283,5400512.103226427,-140.84914915792365,-5821.7912324469071,4801.0055914782379,0.11524408253924298
345000,2506464.7912251074,6535873.9593676152,-99.559821174935507,-7045.7198375374082,2701.9880240412167,0.15762843550795325
345300,299465.9529589382,6993592.5435718372,-47.904602534247189,-7539.1440014363543,322.8270403381689,0.18374428941196871
345600,-1938581.7914750327,6726211.4096026327,8.7807103123921877,-7250.9053101100471,-2089.8045554487044,0.19086596189444094
345900,-3975636.3594364892,5761452.8792663887,64.632359803406871,-6210.8886331213698,-4285.7636800139471,0.17823048613669573
346200,-5600494.8052238217,4199343.7733659716,113.86497164953228,-4526.9237072274536,-6037.372040234899,0.14711933754835888
346500,-6644690.9827886308,2201844.5342522659,151.37067853754181,-2373.6052055261507,-7163.0220741495259,0.10072891896528691
346800,-6999962.1877227873,-23942.986177820945,173.24905073178212,25.809535033857401,-7546.0061190656506,0.043842714950935412
347100,-6629473.8168810885,-2247247.9930641744,177.21286130096468,2422.5480981096825,-7146.6165245470111,-0.017661505450044815
347400,-5571638.3120893436,-4237557.147664831,162.82741295675342,4568.1157655833777,-6006.2622894849028,-0.077418863432501123
347700,-3936132.5089473827,-5788514.208697496,131.55828732284644,6240.0592895177124,-4243.1756338815894,-0.1292362519029403
348000,-1892526.3513744574,-6739315.0585799618,86.622197892238432,7265.0306593016985,-2040.1537832255142,-0.16773461512834281
348300,347298.08157144813,-6991379.9450361645,32.656075325473616,7536.7598406152183,374.393183302534,-0.18890782615875898
348600,2551114.5185232228,-6518574.3746776786,-24.761559831651169,7027.0731439400097,2750.1237045826297,-0.1905399072715091
348900,4490429.835683072,-5369918.8972873027,-79.687471860801452,5788.8146809541513,4840.7202566441165,-0.17243702538582276
349200,5964174.4497858193,-3664506.7356030243,-126.42909549190941,3950.3677403798592,6429.4279590465794,-0.13644995896356416
349500,6819549.4659999218,-1579156.1380314156,-160.13463986783592,1702.3439262728061,7351.5282182192823,-0.086284535791330136
349800,6967869.0482138535,669922.32777150464,-177.29669869247925,-722.17982889082361,7511.4170717103625,-0.027119590719102707
350100,6393755.4174552206,2849542.7269583764,-176.11709687395563,-3071.8271272917254,6892.5174152353811,0.034928016042469673
350400,5156733.1562400274,4733720.6787617914,-156.69507045058305,-5102.9851004681332,5558.9974913736023,0.093435927204009894
350700,3385057.5840486865,6127103.5432420559,-121.0191657938051,-6605.0622538657872,3649.1176707768145,0.1423408977301559
351000,1262417.1332145419,6885224.6490239864,-72.76355123113747,-7422.3225372180395,1360.8954846333552,0.1765667521991148
351300,-991111.56695820112,6929481.6432445506,-16.909653617309615,-7470.0320471599571,-1068.4248537112285,0.1925507971708576
351600,-3141881.3469943972,6255286.0229382208,40.76791970621376,-6743.2443293742845,-3386.9699736562598,0.18861429769552812
351900,-4966899.1794028338,4932538.8783558188,94.298182018325448,-5317.313321786638,-5354.3517548712916,0.16513866640957736
352200,-6276946.2487922767,3098383.4858849347,138.13170926722177,-3340.0806055888497,-6766.5910326027624,0.12452893415035531
352500,-6936196.266077064,942986.15898178471,167.71586186284861,-1016.5469466159159,-7477.2663419091632,0.070967876342325417
352800,-6876297.9584752163,-1310180.353335402,179.96770194171282,1412.3824879608621,-7412.6948587163097,0.0099857079058399828
353100,-6103461.6756144883,-3427506.6366198268,173.59545065482578,3694.8753379316704,-6579.5716094905529,-0.052110615663547299
353400,-4697815.434357821,-5189467.2781229252,149.23488335527796,5594.281951393501,-5064.2751124468268,-0.10888972071174093
353700,-2805097.2273613419,-6413381.2664883295,109.38616733442217,6913.6710160360644,-3023.911639304878,-0.15446225938506797
354000,-621544.94039224437,-6972352.3962991927,58.15733679259997,7516.2473012886394,-670.02665065038332,-0.18409225925118258
354300,1626449.569184629,-6808425.9804663388,0.84070929013129359,7339.5347609782139,1753.3279839367051,-0.19468972037940524
354600,3705812.845848334,-5938597.7556035826,-56.634040250885633,6401.8544353599555,3994.8972424395661,-0.18513306968709026
354900,5400955.0756844692,-4453051.8909432339,-108.31355244301784,4800.4252807933735,5822.2733554120769,-0.15638775914840602
355200,6536122.6917639654,-2505810.6988429241,-148.83761360630203,2701.2845870889346,7045.9923332032104,-0.11140850409500563
355500,6993620.7284559878,-298765.46183770988,-173.99517555529329,322.07296865766284,7539.1780215144545,-0.054835164883090856
355800,6726015.5474671489,1939255.8857536912,-181.16187091073542,-2090.5310620419441,7250.6967742769175,0.0074862780081608321
356100,5761052.7390073687,3976213.8678418724,-169.5735954166031,-4286.3871058274599,6210.4588493975298,0.069108055676374736
356400,4198780.3569886405,5600915.4823949505,-140.40770301941322,-6037.8275967286481,4526.3170443077033,0.12364768139756355
356700,2201175.8166161701,6644910.7805887982,-96.663272039054107,-7163.262353418867,2372.8843175321717,0.16544873960703638
357000,-24648.029386095004,6999957.807229748,-42.852682250800278,-7546.005800653792,-26.570145765526377,0.19016707700373003
357300,-2247916.4548486033,6629245.1679712189,15.463755602707852,-7146.3749747695892,-2423.2695005399901,0.19522182467734206
357600,-4238119.7129733227,5571208.6593095725,72.25215682974823,-6005.8039614640693,-4568.7225368764539,0.18006461894394238
357900,-5788912.440170167,3935546.2160430439,121.62916001673179,-4242.5480358643563,-6240.4874868461757,0.14623905865940742
358200,-6739507.6769349221,1891844.3238813365,158.47131026231924,-2039.4227916842499,-7265.2350277994292,0.097223940802736677
358500,-6991347.3202370321,-348004.86299829162,178.94667721533614,375.15047947318158,-7536.7191359948129,0.03807601858882545
358800,-6518320.6008865908,-2551772.6418597959,180.91355003047312,2750.827753408741,-7026.7925169604368,-0.025091270387634396
359100,-5369471.1780007333,-4490971.3082531095,164.14466577435661,4841.297969624402,-5788.3246666524929,-0.085739553671689103
359400,-3663912.2472344469,-5964543.7752184849,130.35340154984885,6429.8203892616875,-3949.7202400650385,-0.13758250957245555
359700,-1578476.897717898,-6819709.1858430123,83.018856255513654,7351.6961007705777,-1701.6061792828791,-0.17523788970799697
360000,670615.90592856763,-6967803.3097980283,27.027634663431741,7511.3440465251497,722.93222111012301,-0.19478676487725599
360300,2850178.9240087071,-6393471.3990849098,-31.830768757848801,6892.2111773746465,3072.5174341456923,-0.19418170574111135
360600,4734233.6264637047,-5156260.3232104527,-87.462816740516686,5558.4890760221497,5103.5426600765177,-0.17346127506039555
360900,6127439.8791573793,-3384444.8169754976,-134.10198467935203,3648.4587990790924,6605.4294036347628,-0.13474835010396072
361200,6885349.0591830481,-1261727.8789482513,-166.90660185900919,1360.1537817789347,7422.4607430885371,-0.082032283577472012
361500,6929380.6576331547,991805.75564855174,-182.46245991016485,-1069.172662200504,7469.9263551237482,-0.020757387688158983
361800,6254969.5444299616,3142508.2420434407,-179.1380194188352,-3387.6462064723974,6742.9052624564483,0.042739659637343122
362100,4932039.207642314,4967393.4332344485,-157.25530844437284,-5354.8861145861138,5316.7758028990702,0.10188522817733606
362400,3097751.9658463271,6277256.203868093,-119.0586891019736,-6766.9279635222338,3339.4001509582731,0.15054912622292588
362700,942287.86403373792,6936289.2994737783,-68.484583797399182,-7477.3706179700966,1015.7938417148559,0.18367959240970874
363000,-1310873.2958562146,6876163.8746481808,-10.755832810642161,-7412.5550940969624,-1413.1302632279749,0.19782725500550463
363300,-3428122.4566710796,6103113.8613595096,48.157521334361249,-6579.201612154151,-3695.5398783627425,0.19150390756047556
363600,-5189942.0380241023,4697289.6326991282,102.15541371132616,-5063.7129228049907,-5594.7934517900694,0.16533894799293505
363900,-6413665.6671992755,2804447.9399081683,145.6391912015313,-3023.215994615367,-6913.9754200146654,0.12201708888366472
364200,-6972417.1255822293,620839.71260467498,174.09202507763914,-669.27083418095958,-7516.3125748113989,0.066003386442223005
364500,-6808264.8842813261,-1627137.3935710331,184.54816628385987,1754.0643500671888,-7339.3546476023857,0.0030835332092780318
364800,-5938228.3855802407,-3706412.0137215387,175.90226060642988,3995.5372387337402,-6401.4489188521165,-0.060233474759803562
365100,-4452513.4027956137,-5401403.9489963911,149.02638124528846,5822.7511434531825,-4799.8377675519705,-0.11738873887672416
365400,-2505159.492091951,-6536375.525913896,106.68229847448038,7046.2596914503665,-2700.5765922103519,-0.16245322124562253
365700,-298069.20513515663,-6993652.121136223,53.23773978978894,7539.2085509112603,-321.31741360570618,-0.1907432655267339
366000,1939925.1511481637,-6725822.7859926149,-5.7842212367293939,7250.487886357434,2091.2570449846089,-0.19930778633988713
366300,3976786.9252340058,-5760655.976180614,-64.276118128512024,6210.0318189500676,4287.0094110840282,-0.18723630445194472
366600,5601332.874484105,-4198220.6351943538,-116.17829132544148,4525.715192978977,6038.2822170502959,-0.15575561723952938
366900,6645128.8984424034,-2200511.0363378562,-156.1068176968659,2372.1691573900607,7163.5019212101924,-0.10810488079891593
367200,6999953.502598417,25348.935973932967,-179.91204655036145,-27.324880856227765,7546.0048627364395,-0.049201927238442834
367500,6629018.3017507605,2248580.6259396933,-185.10978356050043,-2423.9855259842852,7146.1330743537619,0.014864664469483382
367800,5570782.2096316572,4238677.9646402821,-171.14034772356862,-4569.3254182798955,6005.345859706832,0.077465145115713951
368100,3934963.9100073394,5789306.4962063432,-139.42855105988497,-6240.9145499082824,4241.9210207945725,0.13211463095162962
368400,1891166.1004553356,6739696.2177648088,-93.238258231240252,-7265.4417793216908,2038.6916217032981,0.17314460611828156
368700,-348709.02326135547,6991310.2595910775,-37.336432578216453,-7536.6836854592302,-375.91020406662119,0.1962904554477245
369000,-2552429.894232301,6518061.2246154668,22.498730634503488,-7026.5178597994127,-2751.53712363458,0.19913430409004426
369300,-4491513.47545633,5369015.9463802623,80.074866371428755,-5787.8387360116685,-4841.8827405956927,0.18135736480760345
369600,-5964914.5324935922,3663308.2000505058,129.42608349898171,-3949.0734996719702,-6430.2188822802818,0.14477556788134457
369900,-6819870.1285257861,1577786.7987812017,165.43100427025729,-1700.8665747778191,-7351.8662008262099,0.093154482538028355
370200,-6967738.134399794,-671320.24821462005,184.34423587859357,723.68669088345757,-7511.268170518947,0.031822219451552454
370500,-6393187.609155681,-2850824.3911482948,184.18612110400949,3073.2075775127555,-6891.8982127829477,-0.032880121260732767
370800,-5155788.2404981554,-4734753.5953022707,164.95014907816167,5104.0969415572099,-5557.9729256143819,-0.094253945596886865
371100,-3383834.1187638235,-6127781.1317453012,128.60620484600338,6605.7913917466112,-3647.7940068168141,-0.14593687843486691
371400,-1261042.2225920276,-6885477.0695038475,78.898972537219237,7422.5943407854211,-1359.409277244597,-0.18256274708284631
371700,992495.3232840806,-6929282.8546289383,20.962083325477899,7469.8186973643469,1069.9206506111277,-0.20031919431931436
372000,3143130.427347607,-6254656.4121999703,-39.212217148758107,6742.5675515191069,3388.321413255936,-0.19734480674686844
372300,4967883.8084243387,-4931543.2176015498,-95.393036198675716,5316.2422820002939,5355.4193987862345,-0.17392428906727589
372600,6277563.7253222996,-3097124.4033119255,-141.75621692995438,3338.7251375502115,6767.2641236699692,-0.1324612133549482
372900,6936381.622513134,-941593.72736436361,-173.48822275640674,1015.046658029524,7477.4743005690743,-0.077231008839578452
373200,6876030.8453842215,1311561.9246609439,-187.28587443011796,-1413.8723011345,7412.4149179370006,-0.01393970508802999
373500,6102768.69881899,3428733.9022894092,-181.70006509793299,-3696.1996791584365,6578.831673521031,0.050865886269932874
373800,4696767.6073643854,5190412.5287444014,-157.28773620476898,-5595.3024130972126,5063.1513318829911,0.11047546783235113
374100,2803802.7135773641,6413945.978507393,-116.55625089604301,-6914.2805901165066,3022.52074889098,0.15870991544286456
374400,620137.79397794069,6972477.6763292495,-63.705785909719502,-7516.3819729809493,668.51376552896886,0.19056143676404202
374700,-1627823.4750340211,6808098.8253329834,-4.1962508634405893,-7339.1804707846022,-1754.8047951791323,0.20271304849690927
375000,-3707011.170032206,5937852.4183650594,55.816617606737303,-6401.0485617573604,-3996.1838386404611,0.19388367099585505
375300,-5401853.9558139173,4451966.20848931,110.1178062377857,-4799.252496144175,-5823.2359066067465,0.16496309139012769
375600,-6536629.6639348892,2504497.8132703276,153.07648660534187,-2699.8676337964243,-7046.5313590951791,0.11892262145512802
375900,-6993684.2530908184,297361.87634636019,180.22984861400741,-320.55948484291548,-7539.2385763633247,0.060510306034552784
376200,-6725630.1785800345,-1940604.5957953858,188.74680266423829,2091.9841336919435,-7250.2737748584859,-0.0042382643826104696
376500,-5760259.4685881585,-3977368.1544610532,177.72333696637835,4287.6298011908493,-6209.5971327997941,-0.068623344156945931
376800,-4197662.1846878212,-5601756.1663874481,148.27863611899937,6038.7322087302782,-4525.1063301972827,-0.12597434127223131
377100,-2199849.0756804766,-6645351.1966624241,103.44165719071873,7163.7362234124012,-2371.4497523684995,-0.17034125633718275
377400,26045.662123631686,-6999952.576901149,47.839592586366557,7546.0004728419926,28.080817331926255,-0.19711242962383951
377700,2249240.0487986188,-6628794.7754497789,-12.779747464833108,7145.8909448957711,2424.7008617315428,-0.20349427851365373
378000,4239231.8849739684,-5570359.4085249966,-72.142292463396927,6004.8906392077015,4569.9271273861559,-0.18880298247724789
378300,5789697.4221728705,-3934385.5725402283,-124.09727864439104,4241.2989250660175,6241.3407047883638,-0.15453760846198095
378600,6739883.263982011,-1890492.0696006347,-163.25470148104662,2037.9662748961175,7265.6479184582768,-0.10422690100698788
378900,6991273.4854708659,349408.83449831419,-185.54453851208382,-376.66398644512674,7536.6478047397368,-0.043065498671020726
379200,6517803.8498739442,2553082.7136920188,-188.63970922524632,-2752.2411416635905,7026.2431236251341,0.022622780917561654
379500,5368564.1072379369,4492051.2711180514,-172.19884708410768,-4842.4637989363964,5787.3533015620269,0.086039001482157595
379800,3662708.2541287942,5965281.1198391998,-137.90361996675381,-6430.6165503606489,3948.4274715793763,0.14061278383499579
380100,1577100.5213601966,6820027.0029721614,-89.286604942472081,-7352.0389908644156,1700.1266799100742,0.18068276985108503
380400,-672022.02012714499,6967668.4646181278,-31.367392335652184,-7511.1976678905776,-724.44391074817759,0.20208349942780185
380700,-2851469.0300416676,6392898.0507088732,29.865577802895221,-6891.5910390132522,-3073.9034005493604,0.20257803115568121
381000,-4735274.2079506125,5155308.3940163348,88.073993216766155,-5557.460438789918,-5104.6584605219205,0.18209155174267955
381300,-6128123.6279594712,3383213.599754815,137.22556091228211,-3647.1295198501025,-6606.1593288346285,0.14272168003556895
381600,-6885606.0026062205,1260345.517619937,172.21902973072156,-1358.6626561547375,-7422.7298157617352,0.088524098017130654
381900,-6929185.2821713863,-993195.73384194728,189.41364129085338,1070.6706704623311,-7469.707826635552,0.025095246125368842
382200,-6254343.2288010437,-3143761.8765168884,187.00805598834032,3388.996175103488,-6742.2229358646673,-0.041005198233767692
382500,-4931047.7952500703,-4968381.1849131528,165.22925520610733,5355.9490735357667,-5315.7011128003942,-0.1029326211295235
382800,-3096498.8114044406,-6277876.2015176155,126.31152285215899,6767.5949116310521,-3338.0444803319288,-0.15426643817759605
383100,-940903.12641628482,-6936477.6761127757,74.26734792559202,7477.5733441224502,-1014.2969853274858,-0.18967618607321471
383400,1312246.0064837744,-6875901.2118719909,14.473703352699665,7412.2728713464148,1414.6142935606806,-0.20547546347361115
383700,3429340.7482628296,-6102427.1448185062,-46.883622690018171,6578.4632224793531,3696.8583506490158,-0.20000599342923933
384000,5190879.2887286544,-4696249.5407711864,-103.4501605529245,5062.5938558809439,5595.8102906592103,-0.17381170096105267
384300,6414224.0365252402,-2803161.7144332821,-149.36104031113666,3021.8310454482516,6914.5850526298445,-0.12958452991462061
384600,6972537.7254309524,-619440.27252564207,-179.84916397844361,667.76270320570279,7516.4509235960268,-0.071887462744505831
384900,6807934.0478707561,1628505.0620883377,-191.74017109312751,-1755.5394779447338,7339.0061231476193,-0.0066833672150883594
385200,5937479.3191452464,3707605.8527225517,-183.78281489176038,-3996.8258054915427,6400.6485509889635,0.059281542572558243
385500,4451422.9507866269,5402299.672804405,-156.78041262253282,-5823.718393334846,4798.6680350917068,0.11917577429763986
385800,2503840.2628667778,6536879.7267631218,-113.50963352577546,-7046.8041260857781,2699.1590780654328,0.16678988131809164
386100,296657.83509691642,6993712.1842889655,-58.434898762984069,-7539.2729538152062,319.80006377303448,0.19717985821636466
386400,-1941282.3501393034,6725432.4902843982,2.7521920070876575,-7250.065560894961,-2092.7156697920323,0.20718007939257932
386700,-3977949.3677696115,5759856.1424020128,63.720901776989173,-6209.167276443819,-4288.2570779181578,0.19573274227003568
387000,-5602180.4618804902,4197094.758155413,118.15616984032619,-4524.4992383340596,-6039.1891969984636,0.16399967473703414
387300,-6645574.5362731302,2199176.4104920635,160.41255529390509,-2370.7290103727087,-7163.9745772188553,0.11524472645873476
387600,-6999952.0547581259,-26753.591434007278,186.09966841646624,28.839224804684591,-7545.9951969574413,0.054498535291030062
387900,-6628571.0834454373,-2249909.6770616537,192.53840821598109,2425.4171131096032,-7145.6433094561899,-0.01196010339376332
388200,-5569936.6259632912,-4239793.9539019782,179.04056068735071,4570.5265901680978,-6004.4277286090773,-0.077252992729058972
388500,-3933808.3655707706,-5790094.2525776867,146.98249998415645,6241.7619515946453,-4240.6700238786143,-0.13461447521152392
388800,-1889820.7775889777,-6740074.5774388332,99.665021817258605,7265.8486801525632,-2037.2369987041188,-0.17809282103157956
389100,350104.53798764013,-6991240.2690409217,41.973523452114151,7536.6085197752345,377.41869360462078,-0.20316820388541254
389400,2553730.8856658619,-6517550.0601919834,-20.126491685340596,7025.9682822181558,2752.9443089625202,-0.20722292589688585
389700,4492584.8748805597,-5368116.1927849427,-80.206446677314801,5786.8708744214591,4843.0436342848534,-0.18981484275691832
390000,5965644.7515503271,-3662112.5556511651,-132.04037093091071,3947.7864706102919,6431.01333877666,-0.15272538356385812
390300,6820182.5877237162,-1576418.6958186717,-170.25022636509897,1699.392703705847,7352.2112730182052,-0.099776999506843711
390600,6967599.3108677883,672719.22897065012,-190.86394394148238,-725.19512805388172,7511.1269346795789,-0.036438849837666376
390900,6392610.7280891724,2852109.0950994343,-191.72825690862069,-3074.5939124594388,6891.2840654571937,0.030738464099671514
391200,5154832.1390026463,4735790.3931234302,-172.73345321582195,-5105.2164651003186,5556.9487137697852,0.094800568231423479
391500,3382597.3005587789,6128461.9582576463,-135.8266499202017,-6606.5267634339016,3646.4658564455058,0.14910920714624026
391800,1259652.6544432549,6885730.868843114,-84.812088281296241,-7422.868282380834,1357.915610421313,0.18802984305408649
392100,-993893.61755014304,6929083.1434627613,-24.958986058853547,-7469.6024256021701,-1071.423773346542,0.20751583711996471
392400,-3144392.5248933965,6254024.0971775288,37.542614946483347,-6741.8839045818768,-3389.6769652604671,0.20552880929842993
392700,-4968879.1323870216,4930544.3497477081,96.221847686921706,-5315.1631721000604,-5356.4861385845124,0.18225167758646882
393000,-6278189.7097297423,3095863.1374604115,144.99677102295422,-3337.3636797526624,-6767.9315065587061,0.14007220392822284
393300,-6936574.3334132396,940201.29414649797,178.80463695844716,-1013.5449581231289,-7477.6739113947206,0.083338452176080768
393600,-6875771.4641143661,-1312941.0018735286,194.12741261435519,1415.3582505087538,-7412.1272569933044,0.01791103604763996
393900,-6102085.2521264656,-3429956.8482066244,189.3580016507515,3697.5162886360936,-6578.0877090756212,-0.049441943680804554
394200,-4695731.8509580689,-5191353.0327702966,164.96898204402544,5596.3142363398028,-5062.0288374656948,-0.11174495203382515
394500,-2802522.575320004,-6414507.0941601768,123.46606016498306,6914.883948778267,-3021.1359830710071,-0.16253767191183896
394800,-618746.20765835699,-6972601.6430163179,69.130740859066975,7516.5152169860121,-667.0094620728587,-0.19654528471986416
395100,1629182.1957149166,-6807772.8854186973,7.5786090119177416,7338.8300045177748,1756.2738953757685,-0.21022666835190618
395400,3708196.0656555826,-5937110.0955638168,-54.821186265614777,6400.2501583339545,3997.4665422096405,-0.2021433863724264
395700,5402741.8264050484,-4450883.9344664654,-111.6051764388766,4798.0878054179848,5824.1997880984945,-0.1731109334213379
396000,6537127.7362541351,-2503187.2135878629,-156.88524092905897,2698.4561669302007,7047.0762517168914,-0.12611633609170436
396300,6993739.8421947034,-295958.4323445207,-185.95925491533069,319.04673181604699,7539.3070386820109,-0.066010504177305349
396600,6725236.3279911317,1941955.4300898155,-195.79935944151364,-2093.4414304891934,7249.8574272638398,0.00099286022289853115
396900,5759455.9130736217,3978526.0110943122,-185.36716235594534,-4288.879848632263,6208.7380560848405,0.067959901801190659
397200,4196531.4348749844,5602600.4481892725,-155.72310489872177,-6039.6441902104261,4523.8931559249049,0.12795423395715863
397500,2198507.9437115374,6645793.8106629448,-109.91854607819421,-7164.2143675726747,2370.0086522157917,0.1747552381289792
397800,-27458.250305343419,6999947.2988337986,-52.681608632055919,-7545.9944844888341,-29.599383216750084,0.20350271021080038
398100,-2250577.6562157748,6628342.1785217924,10.070834250969931,-7145.401504813015,-2426.1381808825495,0.21120118327226869
398400,-4240355.9831292871,5569506.7925435277,71.84467261490795,-6003.9692955029577,-4571.1332024007479,0.19703176613097109
398700,-5790491.9330271268,3933221.9097553976,126.2404322022951,-4240.042418747229,-6242.1901866692551,0.16243916869474795
399000,-6740266.6480921386,1889138.5537976546,167.61607839667425,-2036.5060276931522,-7266.053213819906,0.11098469657727467
399300,-6991207.1049186932,-350811.56675507803,191.67217485114625,378.17594609820912,-7536.567964548266,0.047980060076738829
399600,-6517295.7754840134,-2554389.2824583552,195.89873104868227,2753.6481871679307,-7025.6876680302257,-0.020060545826592186
399900,-5367668.0526050916,-4493126.6031240309,179.83726168455976,4843.6208938498185,-5786.38074382183,-0.086093755042540118
400200,-3661517.8367297901,-5966014.2968940809,145.13062143522077,6431.4049535553822,-3947.1388838252233,-0.14327622513346813
400500,-1575739.5135727355,-6820342.5334716141,95.355128356985176,7352.3780809142709,-1698.6551155675882,-0.18567417012795417
400800,673412.42108492425,-6967533.8998384699,35.652076063196205,7511.0528529044595,725.94699822674124,-0.20887952154834541
401100,2852744.6329647969,-6392327.2405227963,-27.803402065025431,6890.9771113164479,3075.2834163867637,-0.21046857110054801
401400,4736302.5452454844,-5154360.0890517011,-88.44120536458486,5556.4401213879446,5105.7731964232562,-0.19025525512573721
401700,6128797.5268542385,-3381985.5318453936,-139.97671211151325,3645.8073293211082,6606.8933480674586,-0.15031257210658483
402000,6885854.6702353274,-1258964.5054812368,-177.06226159954363,1357.1745793475266,7423.006352477787,-0.094759732428873367
402300,6928981.7693814579,994586.7239815027,-195.84209343269094,-1072.1708205042398,7469.4970048989935,-0.029336994959035113
402600,6253707.4510031193,3145018.4613980446,-194.35314829173663,-3390.3525030312085,6741.5453600155661,0.039187797285240855
402900,4930044.7038634606,4969372.5997107429,-172.73009772574611,-5357.019909040042,5314.6262529815222,0.1037195076922976
403200,3095231.8056294015,6278499.0553420857,-133.19324907816227,-6768.2679336952215,3336.6837943438959,0.15757029249877136
403500,939503.32679340942,6936666.9177808827,-79.82045446659356,-7477.7777649423297,1012.7923492286836,0.19515243858624576
403800,-1313633.5061749765,6875637.0654837005,-18.126505868722305,-7411.987184390804,-1416.1056337133482,0.21255777366736947
404100,-3430572.1588608483,6101737.2188158687,45.50658894855971,-6577.7175462349651,-3698.1805924403398,0.20796372525739004
404400,-5191827.2525131982,4695205.8720163591,104.48962915432119,-5061.4665987555736,-5596.825697690676,0.18182399677873951
404700,-6414790.9487864887,2801873.0950594265,152.70835730664433,-3020.4403360353772,-6915.1884822210013,0.13682399592568548
405000,-6972665.8264659178,618040.73714771261,185.15717251342085,-666.25365000986517,-7516.5806684276822,0.077605335793423796
405300,-6807611.2518284209,-1629870.3046368449,198.45878705678948,1757.0101902630445,-7338.6499714735983,0.010287509862353376
405600,-5936740.2378168013,-3708795.5182959363,191.21587053713404,3998.1062506172811,-6399.8445656588638,-0.058164165587186401
405900,-4450345.0955350343,-5403190.9484749753,164.15800909758966,5824.6769375160438,-4797.5001572159854,-0.1206591944945308
406200,-2502535.901324098,-6537380.7957770294,120.06844455557751,7047.3426321818288,-2697.7481890086456,-0.17071658208938137
406500,-295262.39039717265,-6993771.5126631623,63.49787475909833,7539.3364595864678,-318.29152904024045,-0.20313732547276697
406800,1942624.169070048,-6725044.0049347803,0.29471720953124958,7249.6476258010589,2094.1667104185608,-0.21454477341070938
407100,3979098.3338255626,-5759059.8305170564,-62.999655808389349,6208.3105841183014,4289.5012898645582,-0.20373654860672483
407400,5603017.0577571522,-4195972.6395236803,-119.82811829906893,4523.2914223397693,6040.0980834149104,-0.17181127588818529
407700,6646011.251528481,-2197844.2553474158,-164.29725254719548,2369.2940430764411,7164.4535871445587,-0.12205676547065307
408000,6999942.517908697,28158.028273230884,-191.78860927397795,-30.353372549438518,7545.9936448864628,-0.059611102020429699
408300,6628115.0616968116,2251240.7833281485,-199.43834067839421,-2426.8534735475182,7145.1600424098524,0.0090683079807371558
408600,5569080.2969977912,4240913.3503334327,-186.43540763421785,-4571.7354572400836,6003.5117889747489,0.076872737951567433
408900,3932639.7296341704,5790885.2872543009,-154.10735580556457,-6242.6167265305321,4239.4160078483028,0.13677799412256397
409200,1888460.6008046288,6740454.6598273804,-105.78465785745215,-7266.2595236850539,2035.7753980335081,0.1825719190711918
409500,-351515.33743393351,6991169.6636469243,-46.457543053181588,-7536.5321664990825,-378.93522627645643,0.20949825259547281
409800,-2555046.0593035039,6517036.1326663867,17.739293738276743,-7025.4127895388465,-2754.3572499108818,0.21475024770127871
410100,-4493668.2478821827,5367212.619644762,80.160907880699853,-5785.894716540608,-4844.2055442405926,0.19776297587902156
410400,-5966384.514908459,3660913.5946166874,134.33973701644425,-3946.492115787732,-6431.803518370205,0.16027400419987539
410700,-6820502.9307075245,1575049.1787911435,174.65557177000275,-1697.9154913397388,-7352.5483602990053,0.10614595291777004
411000,-6967468.174668679,-674117.05069920537,196.91852915487772,726.70146527988493,-7510.9771154654663,0.040968941673572998
411300,-6392042.9192024553,-2853390.4076005556,198.80457759921009,3075.9734127455299,-6890.6641334042524,-0.028516347013493946
411600,-5153887.5614492921,-4736822.7960337438,180.09830589237419,5106.3270246894808,-5555.9238324047001,-0.095115615616050864
411900,-3381374.5815328537,-6129139.021715505,142.71750332720669,6607.2545068174431,-3645.1424486512306,-0.15192592251179232
412200,-1258278.8897213875,-6885982.9319272526,90.516692740485922,7423.1388653238828,-1356.4302555332997,-0.19305148097288904
412500,995275.92247289268,-6928884.3280923897,28.889694000964703,7469.3882984411593,1072.9182524563753,-0.21421592214956714
412800,3145640.0099183037,-6253394.8938233582,-35.787804319953068,6741.2069607285484,3391.0268781975578,-0.21320728397814259
413100,4969862.2118943408,-4929549.5470103566,-96.818016781484161,5314.092592472035,5357.552356080012,-0.19010931026606226
413400,6278805.8527553333,-3094605.2907251464,-147.87483824375283,3336.0091569949873,6768.6035427065135,-0.14729483946222713
413700,6936758.6823731307,-938810.33784792433,-183.65970036919475,1012.0458515644025,7477.8813417838337,-0.089181795277340298
414000,6875503.6992693236,1314321.0204075654,-200.45147103603264,-1416.8469164091025,7411.8473152818842,-0.021776968979642757
414300,6101391.9355660137,3431182.6241391702,-196.49332035474035,-3698.8397217496213,6577.3481633317915,0.047945171629877201
414600,4694683.9093500935,5192296.943971022,-172.17636329296531,-5597.334106249984,5060.9056338481369,0.11276429459730478
414900,2801228.0824025115,6415070.6441759402,-130.00094105393643,-6915.493193753121,3019.7456745119134,0.16596187200755469
415200,617339.15742891561,6972725.9239109671,-74.319430628170352,-7516.6496918795428,665.49707611969325,0.20201729630175286
415500,-1630555.9500461668,6807444.870552198,-10.88708443800747,-7338.4755266580023,-1757.7502638080227,0.21718041480936995
415800,-3709394.1765904091,5936364.0353658739,53.732737821132019,-6399.4440625136795,-3998.7526496609944,0.20986125707697073
416100,-5403640.4281325759,4449797.6962699313,112.84751673932479,-4796.9148275300204,-5825.1616997673545,0.1807966014445074
416400,-6537634.3939133463,2501873.9923351398,160.32853783128317,-2697.0391938574212,-7047.614453115777,0.13297600565246412
416700,-6993803.09274997,294554.77799705532,191.24619683494794,-317.53356084473376,-7539.3666619261994,0.071334671006936468
417000,-6724850.8420577897,-1943303.9353331516,202.38183300312542,2094.8937611609572,-7249.4335721081898,0.0022445361463284963
417300,-5758662.8104639603,-3979679.876860735,192.56293740760543,4290.121402434218,-6207.8757941028334,-0.067144109968297311
417600,-4195413.8136773622,-5603440.6208650395,162.78676792779027,6040.5474266754536,-4522.6824111295591,-0.12964259115802801
417900,-2197182.1687277867,-6646233.7971257335,116.11926364574757,7164.6868971328122,-2368.5746659907791,-0.17876881155020394
418200,28854.557359744795,-6999941.8985045869,57.379437101714117,7545.9881449686991,31.108926467203673,-0.20941992264310116
418500,2251899.7001361516,-6627892.0122886039,-7.3582909712899109,7144.9170189465167,2427.5680732929468,-0.21840273213314382
418800,4241466.5648421757,-5568658.2226882931,-71.392398316798463,6003.0561619534428,4572.336283986031,-0.20476658675634005
419100,5791275.4705612184,-3932062.367237471,-128.0881664762332,4238.7940656668661,6243.0421590111418,-0.16990395573062184
419400,6740641.0779204331,-1887787.7058935068,-171.56527055869907,2035.0506245482493,7266.465339225294,-0.11740808267184807
419700,6991132.4657899197,352213.98517596954,-197.30774307217979,-379.68826101491118,7536.4964186662892,-0.052702327966012125
420000,6516778.5574216843,2555697.8105035736,-202.63301739958925,-2755.0605527960415,7025.1385260741608,0.017520450692207583
420300,5366760.7770889709,4494205.1444108803,-186.97134749502865,-4844.7860085206948,5785.4099059470946,0.08599040849869477
420600,3660313.8056814075,5966750.3929619333,-151.92654463616574,-6432.2007058761874,3945.8467105301888,0.1456133725107982
420900,1574363.1891865428,6820659.2721651942,-101.11162387645176,-7352.7207562652075,1697.1761412866697,0.19020570109564772
421200,-674818.42967413669,6967398.1190622095,-39.776258172965179,-7510.9063095129486,-727.45825436011353,0.21513527883793093
421500,-2854034.5788803026,6391753.0821885522,25.735517267202244,-6890.3567671046039,-3076.6689593804267,0.21780232857232038
421800,-4737342.8990550982,5153407.4907056894,88.64134556364499,-5555.411251547388,-5106.8884624030316,0.19791028670315422
422100,-6129480.987933794,3380753.8335997276,142.42254851640996,-3644.4779084781094,-6607.6225473482273,0.15749863304635289
422400,-6886111.318169185,1257581.9084624243,181.49950294820806,-1355.6835718953546,-7423.2745292689315,0.10073406649458033
422700,-6928786.1914244993,-995976.65981399675,201.81048062843965,1073.6683101613146,-7469.2775508038449,0.033481296891866935
423000,-6253081.1550229499,-3146271.7989117382,201.23391785454484,3391.7015142658829,-6740.862302648804,-0.037302514835881442
423300,-4929053.6530246707,-4970359.8943439852,179.81017754282416,5358.0815752620683,-5313.551261705592,-0.10428730132522966
423600,-3093979.4230006458,-6279118.5913648279,139.73955351999257,6768.9334862657543,-3335.3284102096077,-0.1605292618363004
423900,-938119.75789746316,-6936855.0108497543,85.156424727233016,7477.9792911001305,-1011.2963821371525,-0.2001909809465498
424200,1315004.752556249,-6875374.4598539975,21.702696336783674,7411.7042298168362,1417.5883187145969,-0.21914767724180326
424500,3431788.8588658925,-6101050.9984179474,-44.055461929582833,6576.9790534500862,3699.4975354537228,-0.21541647247539583
424800,5192762.9769140445,-4694166.7226708476,-105.30724261193915,5060.3480556280247,5597.841141320755,-0.1893639041390783
425100,6415348.0245074686,-2800588.1757208831,-155.70278750531699,3019.0563765501338,6915.7971223972472,-0.14366993601963329
425400,6972785.4670813186,-616642.82089399663,-190.01157856627705,664.7467103718368,7516.7185685838849,-0.083052031766886886
425700,6807279.8086137976,1631236.3956881769,-204.66532945401704,-1758.4842019105065,7338.3015215475461,-0.013777795088150829
426000,5935990.8620299483,3709987.8622154472,-198.12902499842298,-3999.3939727918041,6399.0446384284669,0.056983356619720822
426300,4449254.5375942737,5404085.3371503707,-171.06155733095605,-5825.6436733568171,4796.3310143936469,0.1219023171876511
426600,2501216.6789312633,6537883.8368919026,-126.24920492858142,-7047.8868079248487,2696.3312316511806,0.17424933955396107
426900,293851.08484478784,6993830.5671296753,-68.318726975512206,-7539.4007111023693,316.77462737771498,0.20859141186572014
427200,-1943981.2571123794,6724652.8230328728,-3.2596590598618604,-7249.2251262130912,-2095.6249509058025,0.22135578983927748
427500,-3980260.6033943202,5758259.2309342492,62.194861024915177,-6207.4458055449668,-4290.7485161507948,0.21120137839270678
427800,-5603864.4003305817,4194846.1524505541,121.26476672098178,-4522.0752462025221,-6041.0044509615354,0.17915949612454476
428100,-6646456.5997573147,2196509.2347585354,167.82521963114621,-2367.8538491919535,-7164.9254241127064,0.12852931335171744
428400,-6999940.8144971617,-29562.811041837791,197.04160367474046,31.86741792388716,-7545.9830400190394,0.064538507378360033
428700,-6627667.7430016426,-2252569.6856019548,205.87156206641151,2428.2843181008966,-7144.6694149042278,-0.0061961134440268184
429000,-5568234.8999342117,-4242028.9742847979,193.381932323885,4572.9354766926626,-6002.5931181573005,-0.076352541994756259
429300,-3931484.7581547275,-5791672.5921206931,160.84750637274334,6243.4627455809996,-4238.1650029838002,-0.13866148009793594
429600,-1887116.2655795901,-6740832.658523581,111.62109365382639,7266.6650941846219,-2034.3213883295807,-0.18665976899034931
429900,352909.51142970496,-6991099.5821328517,50.788069669448511,7536.4560237175456,380.44255522235289,-0.21536115131091832
430200,2556345.4994887952,-6516525.2808524445,-15.359017522129257,7024.8628121243446,2755.7629527927893,-0.22177460595108914
430500,4494738.0743239131,-5366313.6329540294,-79.971479712920598,5784.9271080813451,4845.3649463529582,-0.2052162475860973
430800,5967113.324968569,-3659719.1268576966,-136.35375138282743,3945.2058977414181,6432.5967801197739,-0.16738220235310289
431100,6820814.2801028155,-1573682.5386403131,-178.65736963667629,1696.4427576626931,7352.8927419643533,-0.11217470832526757
431400,6967328.5954665141,675514.44561223104,-202.48769352905896,-728.20872633656006,7510.8357443874302,-0.045299339733093864
431700,6391465.6091976464,2854673.5567209409,-205.36040134675281,-3077.3587781164433,6890.0502993803757,0.026324963689965036
432000,5152931.2735605566,4737858.1749599753,-186.96036072064621,-5107.4459089629026,5554.9001753853954,0.095281945368312526
432300,3380137.7204527054,6129818.6046537831,-149.17594132240509,-6607.9895459111758,3643.8148813861708,0.1544259729236615
432600,1256889.3482355399,6886235.649033145,-95.905102044703597,-7423.4126490015669,1354.9370695898936,0.19762233327322787
432900,-996674.14897063631,6928683.6614915906,-32.653217187656104,-7469.1718876373479,-1074.4210011681166,0.22038324371965956
433200,-3146901.9880876099,6252761.7313064169,34.035838658218466,-6740.5231025283947,-3392.3820622902676,0.22033376382965381
433500,-4970857.343825697,4928549.9583334262,97.256572487123037,-5313.0132237696198,-5358.6185984324202,0.19745938357482518
433800,-6279431.5760525782,3093343.4846029701,150.45676138583249,-3334.6475262531358,-6769.270213221268,0.15410958076788811
434100,-6936951.1160810003,937417.60859600711,188.11641092201904,-1010.5442476547817,-7478.0800521393721,0.094756770559681971
434400,-6875244.1295378655,-1315700.1130217083,206.3204838116782,1418.3323530303151,-7411.5587184967062,0.025535268531625993
434700,-6100708.5230361791,-3432405.3286863239,203.1659877129118,3700.1553660286154,-6576.6034658729031,-0.046392378083148
435000,-4693648.5320916809,-5193237.0482217558,178.96105603774404,5598.3446263320875,-5059.7828523727994,-0.11357638148271981
435300,-2799948.7352878889,-6415631.3621524358,136.19512823610614,6916.0951580171695,-3018.361224549988,-0.16905142200392931
435600,-615948.75565634156,-6972849.6808352843,79.283033211073302,7516.7817592589363,-663.99369589097569,-0.20705907752942321
435900,1631913.2013449892,-6807119.0704560345,14.109244308881522,7338.1243758238006,1759.2179963203928,-0.22364591559251976
436200,3710577.4922246495,-5935622.2944104401,-52.58064464199547,6398.6456179059796,4000.0338281148634,-0.21707498992074156
436500,5404526.8026631745,-4448716.4442829788,-113.87825454301534,4795.7507196456427,5826.1242237857041,-0.18800781618657955
436800,6538131.2176549742,-2500564.7623008145,-163.42821480180353,2695.6287531298794,7048.1584200045272,-0.139437738140955
437100,6993857.773289605,-293152.89885806968,-196.08719550988195,316.02199875320184,7539.4347553663465,-0.076381433249428865
437400,6724456.4291614806,1944653.1742772073,-208.45780430868479,-2096.3499818234459,7249.0173698915141,-0.0053604426488642054
437700,5757858.9732517451,3980836.2378586903,-199.24192495918803,-4291.3706747845881,6207.0171999749118,0.066273579284411743
438000,4194282.96274231,5604283.5737535972,-169.37677955183085,-6041.4589731838578,4521.4698289952594,0.13109998535257456
438300,2195841.026021638,6646675.2525990587,-121.93950740963123,-7165.1648491499891,2367.1340882206978,0.18239777661716636
438600,-30267.11467949464,6999935.5987493945,-61.830030176367195,-7545.9820436753926,-32.627101483190245,0.2148421671917129
438900,-2253237.2367514144,6627438.4979699831,4.7350730933067737,-7144.4274099876184,-2429.0050688180013,0.2250569730692133
439200,-4242590.5274906196,5567804.7932534963,70.865397699289375,-6002.1345609622022,-4573.5419650604917,0.21196565826428704
439500,-5792069.7654842585,3930898.0362037169,129.7098161323853,-4237.5373047093708,-6243.8910516313208,0.1769046655572806
439800,-6741024.1916205445,1886433.7336796811,175.16611689448609,-2033.5903013754419,-7266.869816504267,0.12348715852651226
440100,-6991065.8422009991,-353616.90457999054,202.51374057441683,381.19993625727102,-7536.4156284750852,0.057231008378715052
440400,-6516270.3934960142,-2557004.2869879454,208.9040393049161,2756.4668533612607,-7024.5821993099271,-0.015010818464927189
440700,-5365864.922201246,-4495280.1669756789,193.65712911661939,4845.9419401107552,-5784.4368137552865,-0.085758835430449959
441000,-3659123.9772275835,-5967483.1785725672,158.33434603518589,6432.9877207865393,-3944.5581371930257,-0.14768141009992847
441300,-1573003.1842429487,-6820974.5102780331,106.57851989503222,7353.0585286199066,-1695.7052228169107,-0.19435475809654021
441600,676207.48210464511,-6967263.5414495142,43.738349907188812,7510.7605543206682,728.96015301259547,-0.22092967686562576
441900,2855308.6370166577,-6391182.6684893994,-23.684403379507195,6889.7424960380067,3078.0474851780045,-0.22463568070144757
442200,4738369.6879700292,-5152460.034211928,-88.707752142959123,5554.3912486941445,5108.0017307952203,-0.20507000924195973
442500,6130153.5191517854,-3379527.011722004,-144.5926631611249,3643.1565756703926,6608.3554279657192,-0.16424130370960696
442800,6886358.926861844,-1256202.4082002549,-185.54162435102711,1354.1966471257151,7423.5504519954811,-0.106363234957666
443100,6928581.9722579094,997366.03858139273,-207.30013808922925,-1075.1673094964717,7469.0666704221203,-0.037419354651488511
443400,6252444.9844256295,3147526.8236396513,-207.59871844780105,-3393.0569329548634,6740.1850949019381,0.035455789001827401
443700,4928050.3900366174,4971349.8960610488,-186.38948822016968,-5359.151849977482,5312.4769745505873,0.10471515367117892
444000,3092712.3656540681,6279740.206706956,-145.85275326364976,-6769.6062501213182,3333.9682853352178,0.16318080646740885
444300,936719.9570625918,6937043.1639216412,-90.172761814088261,-7478.18360488491,1009.7921751183228,0.20478766789874459
444600,-1316392.2227140334,6875109.333911716,-25.105759878445724,-7411.4184213765848,-1419.0793480209054,0.22521239068264398
444900,-3433020.1887373929,6100360.1826243028,42.615045185126164,-6576.2331525033751,-3700.8194644076821,0.22232228379362556
445200,-5193710.7800862426,4693122.2772876872,105.97611981340053,-5059.2205075425391,-5598.8560844359054,0.19639780304467491
445500,-6415914.6966915987,2799298.9539800407,158.40981540988017,-3017.665459856481,-6916.3998484217491,0.15010549136163057
445800,-6972913.3031557389,615242.92766216234,194.47502800701994,-663.23773061230008,-7516.8474041961472,0.08822396356453395
446100,-6806956.8322026432,-1632601.7118673574,210.42181487818854,1759.9544063729409,-7337.944421326416,0.017150986244289249
446400,-5935251.8237257982,-3711177.3420026349,204.58138777584745,4000.6734441925496,-6398.2399170739118,-0.055757663639562166
446700,-4448177.0734664872,-5404976.2702166559,177.54088683621799,5826.600904554095,-4795.1628634983726,-0.12294937505294462
447000,-2499913.1218326008,-6538384.5719748354,132.0845676432628,7048.4239228071929,-2694.9206869468567,-0.17745719240727265
447300,-292456.8337726444,-6993889.758803728,72.907222771621434,7539.4630661117544,-315.26704694012165,-0.2136224901401455
447600,1945321.6088825138,-6724264.5582213914,6.1292991796996645,7248.806555099517,2097.0746066238789,-0.22768274704424485
447900,3981408.0084164273,-5757463.5828684801,-61.33620494420375,6206.5891324539261,4291.9912136153944,-0.21816323800855278
448200,5604699.5367632182,-4193725.1296599843,-122.49953712074537,4520.8680670092253,6041.9120236268682,-0.18603178070716536
448500,6646892.1158191655,-2195178.5056883255,-171.01851031571351,2366.4199363323351,7165.4035783002091,-0.13460028048657269
448800,6999930.4214094132,30965.649441424292,-201.85623585713509,-33.380384597606508,7545.9811978575726,-0.069183128603531832
449100,6627211.2023729645,2253899.1851084707,-211.80402672740664,-2429.7196507823073,7144.1863585447527,0.0034522243161805299
449400,5567378.31384701,4243146.8787803054,-199.81518534489817,-4574.1436429523201,6001.6776940990585,0.075785611786635398
449700,3930316.0220957063,5792462.305429643,-167.11498291070453,-6244.3171646063511,4236.9115714792761,0.14032284519935623
450000,1885756.0573962217,6741211.5820408622,-117.07532681959773,-7267.0758077051614,2032.8602669761021,0.19037208191967905
450300,-354320.31483433163,6991027.938382755,-54.866987866933954,-7536.3795882744544,-381.95875952297433,0.22073746167865921
450600,-2557660.6411925941,6516010.4001489282,13.074708352390999,-7024.3071473942846,-2757.1756317597883,0.2282582029954851
450900,-4495821.3456446128,5365409.1944130519,79.715512404972088,-5783.9506647349908,-4846.5265062829612,0.21213735584947566
451200,-5967852.8959711231,3658519.436219844,138.15039195596893,-3943.9112510103614,-6433.3863888858432,0.17402613498003791
451500,-6821134.3657743828,1572312.5018622482,182.31887225384932,-1694.9654390798046,-7353.2290073529002,0.11785495955977732
451800,-6967197.2226618649,-676912.51475808513,207.63352962472362,729.71479246791887,-7510.6849609361097,0.049428428253956214
452100,-6390897.7158826711,-2855954.8332318314,211.45649087099116,3078.737529839349,-6889.4294862009665,-0.024174173190529662
452400,-5151986.9033996845,-4738890.3238266753,193.37442870308121,5108.5552940889938,-5553.8747647307191,-0.095331069915167654
452700,-3378915.6007057549,-6130495.3362481548,155.24333257708,6608.7158966928746,-3642.4915101646466,-0.15666726160410357
453000,-1255516.5953239303,-6886487.487578325,100.99814879680076,7423.6819292530236,-1353.4523914034726,-0.2018191095619849
453300,998055.10449665878,-6928484.9098145571,36.246763386436136,7468.9568591133611,1075.9142672434923,-0.22609488435213518
453600,3148147.9420194663,-6252133.0051985625,-32.309792665686572,6739.8458715823008,3393.7304834881943,-0.22696257983445473
453900,4971838.9062485164,-4927556.0806460828,-97.570948254681838,5311.9430165797785,5359.6833787273645,-0.20431416653008003
454200,6280046.3978297766,-3092086.9466432082,-152.77216619952486,3333.2939009925349,6769.9411713508962,-0.16047865476535011
454500,6937134.4596346607,-936028.20576580754,-192.18623201506693,1009.0462987246158,7478.2869458589266,-0.099982433576279395
454800,6874975.7075175941,1317078.5016805481,-211.71751281841651,-1419.8199025276313,7411.2787909383223,-0.029081613660857097
455100,6100014.8473935174,3433629.5443957336,-209.32751043648256,-3701.477956491538,6575.8643352219806,0.044885210214264552
455400,4692600.4300125903,5194179.5546893235,-185.24750728637068,-5599.3640157501832,5058.6602293372389,0.11425671766306233
455700,2798654.1786341229,6416193.6783399107,-141.95616447477829,-6916.7042161236441,3016.9714456685115,0.17184241760324387
456000,614541.67439693445,6972972.8638759293,-83.924284120493482,-7516.9161711632914,662.48168060502098,0.21166779352691689
456300,-1633286.963959218,6806790.0476442808,-17.153063327143279,-7337.7697855317174,-1760.6941195438117,0.22959387800701012
456600,-3711775.5581638585,5934875.2977453982,51.446452021041445,-6397.8392761491068,-4001.3196761902432,0.22374711733659483
456900,-5405425.2702834979,4447629.3702150546,114.76856492227057,-4794.5774133510804,-5827.0857006981932,0.1947150083434005
457200,-6538637.6502436055,2499250.8746286379,166.24881419436332,-2694.2115363108533,-7048.6959214736462,0.1454871634677988
457500,-6993920.7648641784,291748.82431864785,200.54440304907249,-314.50887909564199,-7539.4934564731975,0.081147702622052342
457800,-6724070.7650399683,-1946001.8109325818,214.08868649723786,2097.8018079902222,-7248.5925512782069,0.0083505179311182051
458100,-5757065.9170399439,-3981989.9725977192,205.46217789840264,4292.6112452937878,-6206.1541985195672,-0.065368582109670864
458400,-4193165.7392540723,-5605123.4601660911,175.54144583453566,6042.3608873187713,-4520.2588253756239,-0.1323718643998843
458700,-2194516.063015067,-6647114.9679886829,127.41022334357932,7165.6359926140685,-2365.7004740562879,-0.18571110296964241
459000,31662.225461467402,-6999930.1333660958,66.041681391412851,7545.9745815169317,34.135662227794001,-0.21984838292310926
459300,2254557.8226831602,-6626988.6303813597,-2.2154285601847974,7143.9423375273136,2430.4335641354141,-0.23123138423055964
459600,4243699.5739333676,-5566956.9648600537,-70.293662102709689,6001.2215050457107,4574.7435489354039,-0.21866326476916961
459900,5792851.8858685764,-3929739.6572334673,-131.13879630404418,4236.2896368783622,6244.7417592299744,-0.18342855087432719
460200,6741397.4752148492,-1885084.3609863056,-178.44092128787099,2032.1359726944304,7267.2811585074724,-0.12916177940478898
460500,6990990.4000706254,355017.69834727538,-207.28889194479601,-382.71108906504628,7536.3438693027365,-0.06147236454302081
460800,6515752.6983514503,2558311.2029554485,-214.68023351284467,-2757.8782470302949,7024.0333269837693,0.012635507872999482
461100,5364957.410818547,4496357.2237122329,-199.83356016093802,-4847.1064318185972,5783.4665151158315,0.085487866925017184
461400,3657919.8433880042,5968217.9615572561,-164.2710274689764,-6433.7831949599322,3943.2665309367594,0.14953569939741962
461700,1571626.8052030222,6821290.0877773585,-111.66216867066177,-7353.4011304243759,1694.2266769326964,0.19813710410556379
462000,-677613.52992427943,6967126.7018579636,-47.445184293131746,-7510.6139513037369,-730.4711472961726,0.22624584342237924
462300,-2856598.5877638413,6390607.5168452775,21.735198332926618,-6889.1219682084184,-3079.4328275439343,0.23093499838258441
462600,-4739409.969557276,5151506.5148102045,88.715187919002332,-5553.3620587937003,-5109.1166869530671,0.21170150926175269
462900,-6130836.8056166703,3378294.5202152701,146.55362528872757,-3641.8268223705172,-6609.0840695447896,0.17052002248604672
463200,-6886615.3242338523,1254819.2273661627,189.25118044543152,-1352.7055029467035,-7423.8177981742101,0.11164032409178237
463500,-6928386.1580111859,-998756.28159903269,212.37258774609143,1076.664539829495,-7468.8462347302038,0.041149079315432963
463800,-6251818.6035336852,-3148780.1803358528,213.50740838422576,3394.4051903297704,-6739.5011454090682,-0.033659059026180091
464100,-4927059.5489862515,-4972336.9908354189,192.52143667480919,5360.2123301699366,-5311.4014593490965,-0.10503613555785996
464400,-3091460.5872591403,-6280359.4692965113,151.57247842861972,6770.2704070243954,-3332.6129598758062,-0.1655833725984488
464700,-935337.4030132303,-6937231.0989104565,94.888611265125292,7478.3838455714149,-1008.2969138357628,-0.20901831517838224
465000,1317762.1253803899,-6874846.8662566673,28.331667459809992,7411.1346059117823,1420.5607997724946,-0.23082700680348411
465300,3434235.3780778293,-6099674.5165062845,-41.209004981149192,6575.4944282445949,3702.134919663124,-0.22873337362624777
465600,5194645.0247469451,-4692084.1240849718,-106.5297819291408,5058.1023907428025,5599.8701268921141,-0.20293690963602762
465900,6416470.501942982,-2798015.399219736,-160.85911783335342,3016.2824304624701,6917.0074748061415,-0.1560937975193526
466200,6973031.9937844491,-613846.59898388595,-198.55963701127456,661.73194530931664,7516.9848447790937,-0.093043250814262957
466500,6806624.780273065,1633966.1612820989,-215.71312941932635,-1761.4273441463017,7337.5960536355096,-0.020307335856132695
466800,5934502.1197723709,3712368.1303692977,-210.52773237774718,-4001.9603954597933,6397.4404435614706,0.054583935819767629
467100,4447086.3625083119,5405869.2644412275,-183.52499947118457,-5827.5672407291313,4793.9942992621227,0.1238723133346892
467400,2498593.8204307314,6538886.3829730321,-137.48736673139172,-7048.9679788141575,2693.5042189935139,0.18037501428268835
467700,291045.46608304628,6993947.7030147556,-77.17135253594202,-7539.5272910940357,313.75045198315524,0.2182291691219988
468000,-1946678.7418096394,6723872.3358171443,-8.8160939725524088,-7248.3839434450983,-2098.5326687499655,0.23349990301450479
468300,-3982570.2650374542,5756661.9962329958,60.501984310027751,-6205.7240792945086,-4293.2382312458822,0.2245890932025055
468600,-5605546.7662353851,4192597.7447930933,123.60163908603103,-4519.6515205028736,-6042.8179804429819,0.1924024572508084
468900,-6647337.2476309305,2193842.7535899002,173.94064724717251,-2364.9794610150102,-7165.8747135059602,0.14025757769708314
469200,-6999928.4586793175,-32370.91431445349,206.29402520753402,34.894399549232503,-7545.9696538752996,0.073542187420620436
469500,-6626763.7018923452,-2255228.2752570347,217.29636042932532,2431.1499921094291,-7143.694750807741,-0.00084218810474930711
469800,-5566532.9613152584,-4244262.4248779425,205.7919668662247,4575.3426682574063,-6000.7582802858742,-0.07519392142300832
470100,-3929161.4498140123,-5793249.3788762242,172.95639677573223,6245.1618523788802,-4235.660322377682,-0.14180861491475455
470400,-1884412.5362266421,-6741589.371012087,122.1764775231772,7267.4799990759811,-2031.4066563293122,-0.19377755734822791
470700,355713.29599094344,-6990957.8614309635,58.701059334786827,7536.3023530098799,383.46508059985672,-0.22570449766346995
471000,2558958.6390583892,-6515499.9218734186,-10.901538403037137,7023.7566332859924,2758.5799302887422,-0.23426626136733605
471300,4496889.6687984411,-5364511.0219680164,-79.423293318252391,5782.983189807901,4847.6844332152214,-0.21855885686868129
471600,5968580.336132884,-3657326.1932510785,-139.76307309082662,3942.6257607964508,6434.1784394812221,-0.18019295493120971
471900,6821444.6246901695,-1570947.3786548835,-185.66267630095044,1693.4937916114684,7353.5726793473386,-0.12312864716135222
472200,6967056.8938922351,678308.26598594082,-212.35598580278469,-731.22091900474061,7510.5434504098102,-0.05326647638350248
472500,6390319.9684649166,2857236.3706087065,-217.06387418956714,-3080.1219855257355,6888.8159736708476,0.022162945850890445
472800,5151030.3974125199,4739924.2286905255,-199.28347324387425,-5109.6736355839039,5552.8516610598954,0.095347501023493625
473100,3377678.6307096006,6131173.6145677883,-160.84172677963977,-6609.4507328688305,3641.1644829635234,0.15870273259606393
473400,1254126.9738805504,6886739.0388286775,-105.70757265587039,-7423.9556892580085,1351.9595759973909,0.20565777665039908
473700,-999453.405202694,6928283.1601157067,-39.582107158239083,-7468.7404025965752,-1077.4168234362767,0.23133663958393907
474000,-3149409.9589070426,6251498.8052332727,30.690919802822684,-6739.1618099943626,-3395.0855268102632,0.23306427051679224
474300,-4972833.9904046906,4926555.5122135412,97.833324565213388,-5310.8632874698014,-5360.749346833436,0.21064501800988272
474600,-6280671.9580155285,3090824.2821714357,154.88616981021883,-3331.9318948662976,-6770.6072915144096,0.16638458304569032
474900,-6937326.6430524494,934634.82885184046,195.93091358982593,-1007.5445281855284,-7478.4848119554781,0.10485305001472003
475200,-6874715.8957957253,-1318457.9598493953,216.7033457405895,1421.3050894092667,-7410.9891923716068,0.032413289780406189
475500,-6099331.3441234874,-3434852.3213928603,215.03664935505799,3702.7928396010893,-6575.1187339939979,-0.043436725451735089
475800,-4691565.2599976845,-5195119.5113775004,191.0875346278979,5600.373337698622,-5057.5369298164551,-0.11483984425007582
476100,-2797375.4356582277,-6416754.1795566147,147.32179758588342,6917.3047828643857,-3015.5870765737127,-0.1743936687221371
476400,-613152.28492982546,-6973096.527205836,88.260557311559069,7517.0469723699771,-660.97903359205475,-0.21591816318976809
476700,1634642.8833557002,-6806464.4569803365,20.013246260112652,7337.4178155897971,1762.1606025367532,-0.23509725175751611
477000,3712957.3897579666,-5934134.1838396369,-50.354415366019417,6397.0406545773358,4002.5993762980925,-0.22992768368882555
477300,5406310.2077930644,-4446549.1795597682,-115.55205489561646,4793.4137812669687,5828.0468647255821,-0.20092839574655147
477600,6539133.2578782467,-2497943.057831137,-168.82009053049217,2692.802050924533,7049.2389415743337,-0.15108845227563311
477900,6993974.551972772,-290348.55945386528,-204.63065584101369,312.99845943467312,7539.5611662391748,-0.085558796583408689
478200,6723675.7905509444,1947349.4028660946,-219.26129013599893,-2099.2570047686809,7248.176493832475,-0.01111966378830808
478500,5756261.7794689974,3983144.7869058615,-211.18184546696412,-4293.8598224945108,6205.2960879500479,0.064521190597553263
478800,4192034.7391403429,5605965.0302324761,-181.21441161369364,-6043.2721142563396,4519.0468100767757,0.13352672698662058
479100,2193174.8233375205,6647555.1956624035,-132.44958246050987,-7166.1138867540085,2364.2603373145175,0.18874260139569843
479400,-33074.876640763367,6999922.7076448016,-69.9276356202366,-7545.9684819503163,-35.653598914384474,0.22443875850244949
479700,-2255895.4388017603,6626534.0390366986,-0.11755123841387416,-7143.4526081625809,-2431.8704481133591,0.23690382351834902
480000,-4244823.5513083097,5566102.4944277033,69.752266415846066,-6000.2995939201492,-4575.9490682830092,0.22483073581125979
480300,-5793646.0827181041,3928574.3646117561,132.44234032152929,-4235.032459925972,-6245.5902593708461,0.18945366226361349
480600,-6741780.3745922036,1883729.5920632295,181.45211469679236,-2030.6753301019796,-7267.6849265561941,0.13442191487497335
480900,-6990923.5105569651,-356421.16042635078,211.69394756091185,384.22275279336736,-7536.2621191774251,0.065423734621955443
481200,-6515244.3434964335,-2559617.9216414606,220.02125714886773,2759.2840431228233,-7023.4760017569752,-0.010401369961629978
481500,-5364061.5936801275,-4497432.2193176802,205.55599661566015,4848.2613569459354,-5782.4926767156448,-0.085201147898594093
481800,-3656730.4108723588,-5968950.5684931008,169.7813412884463,6434.5688700132241,-3941.9777285675164,-0.15122369982996597
482100,-1570267.6112972465,-6821605.1754445396,116.38975358720822,7353.7375324044406,-1692.7561838670154,-0.20162096851021907
482400,679001.39862709155,-6966992.1958423425,50.901939256959452,7510.4671355924966,731.97201554996616,-0.2311592860161189
482700,2857871.2252532793,-6390037.5478329929,-19.904007145278108,6888.5072104295177,3080.8099465105447,-0.23676314937241869
483000,4740435.2927619135,-5150559.9400360305,-88.694231486032777,5552.3422424318424,5110.2285080358051,-0.21783562563620831
483300,6131508.0184080051,-3377068.9776283978,-148.338861556707,3640.5062538331231,6609.8157964468746,-0.17632194416706687
483600,6886861.9002265632,-1253441.2783529374,-192.65111132353306,1351.219667937288,7424.0930854223889,-0.11650949686219597
483900,6928181.2422368005,1000144.0045733418,-217.0290900935843,-1078.1624402897774,7468.6352848817287,-0.044584849383848275
484200,6251182.0326324087,3150033.5988166137,-218.93371425471165,-3395.7597670782325,6738.824303347471,0.032006390079075304
484500,4926056.0820928244,4973325.5314876353,-198.15309307371044,-5361.2821433885883,5310.3277300430827,0.10533052362626527
484800,3090193.4116959916,6280979.7881416883,-156.82588646444501,-6770.9430394938663,3331.2533391309025,0.16778764118287529
485100,933937.49544842634,6937418.0788401654,-99.221110959928382,-7478.5881781716816,1006.7930135668093,0.21289925419457598
485400,-1319149.7036924944,6874580.62916773,-31.297105823285349,-7410.8487568061291,-1422.0517074629593,0.23598008511551
485700,-3435466.7769550006,6098982.615543047,39.914752262170524,-6574.7482962766298,-3703.4567650547938,0.23462443092255011
486000,-5195592.7990307156,4691038.6379240388,107.03784551710967,-5056.9744369142481,-5600.8848259016477,0.20895671847881786
486300,-6417037.0159943039,2796725.2535047727,163.11432386034832,-3014.8910940147189,-6917.6096517214983,0.16162024387414034
486600,-6973159.5733483508,612445.99538730667,202.32624734371299,-660.22277047005036,-7517.1128176654847,0.097505117022556612
486900,-6806301.550356498,-1635331.8991391992,220.5991653858209,1762.8973056938914,-7337.2379290020399,0.023243352363187406
487200,-5933762.9798813472,-3713557.7332478464,216.02553302662224,4003.2390961054975,-6396.6348065849206,-0.053476879053140136
487500,-4446009.0985079519,-5406760.0997469351,189.06394476696266,5828.5232611018382,-4792.8256370288618,-0.12470704706267713
487800,-2497290.862699599,-6539386.9556723172,142.49333224034416,7049.5036955177993,-2692.0937775657276,-0.18306179681344065
488100,-289652.21958931466,-6994006.8630843591,81.126641923019292,7539.5884011785865,-312.24363048139844,-0.22248487409462936
488400,1948017.7791629732,-6723484.3485562857,11.313457266780098,7247.9645960053122,2099.9810625607515,-0.2388779251807549
488700,3983716.2182679027,-5755867.0432559596,-59.71704149034413,6204.8672822136405,4294.4794649229007,-0.23052678211850872
489000,5606380.513045501,-4191477.8422834603,-124.60476861852339,4518.4448618057722,6043.7242388615659,-0.19828081310161128
489300,6647771.6047667973,-2192513.4791561281,-176.62149684329813,2363.5465213294824,7166.3519898300137,-0.14546653992641401
489600,6999917.2291295007,33772.118990225252,-210.3686021474673,-36.406243933496398,7545.9675018127109,-0.07754432225776145
489900,6626306.6449166564,2256556.1283514374,-222.33739984200926,-2432.5843575142117,7143.2118954783782,-0.0015435998017064786
490200,5565676.0993382148,4245378.7951676482,-211.27390451796037,-4576.5502179715113,5999.8433605623959,0.07466481451833383
490500,3927992.564934494,5794037.7217688384,-178.31010961616815,-6246.0160299799545,4234.4074365087072,0.14318397910496111
490800,1883052.2108872833,6741967.067259605,-126.8480791950242,-7267.8907103508118,2029.9459203745969,0.19690911674399575
491100,-357124.22491017729,6990885.0726139536,-62.208760531956678,-7536.2259389079572,-384.98111817830022,0.23026416427190133
491400,-2560273.8921718253,6514983.9239402954,8.9181969720277436,-7023.2008312445987,-2759.992563273343,0.23978027577384847
491700,-4497972.9775382075,5363605.4857440945,79.166717848422209,-5782.0063945191696,-4848.8458736004541,0.22445635494321597
492000,-5969319.817743036,3656125.4762004279,141.25705076776293,-3941.3306496949681,-6434.9676677359075,0.18586424266152771
492300,-6821764.491486486,1569576.4807794208,188.75005391239927,-1692.0161162363895,-7353.9082223686601,0.12798756504852671
492600,-6966925.2424460268,-679706.93616156559,216.71490979235935,732.72698985630029,-7510.3916826807208,0.056810742850413223
492900,-6389751.8698480362,-2858517.9407600109,222.24106182194032,3081.5002286320951,-6888.1941427970796,-0.020299527539501157
493200,-5150086.0536879431,-4740956.3985920269,204.74122046558131,5110.7820003711813,-5551.8255016838502,-0.095356514197534326
493500,-3376456.8992872904,-6131850.2176039489,166.01386122001833,6610.1757355994569,-3639.8408987406692,-0.16058062949445956
493800,-1252755.0242875412,-6886990.7836444303,110.05851817633528,7424.2236096301058,-1350.4753489573222,-0.20920589587963404
494100,1000833.1913579053,-6928084.5439996282,42.662797681161521,7468.5243471067442,1078.9090394002633,-0.23618204025280795
494400,3150654.5193431354,-6250870.5907492889,-29.196263953951217,6738.4841420185603,3396.4325433132485,-0.23869926660755594
494700,4973814.129643539,-4925562.5780346654,-98.074569007195734,5309.7933163910511,5361.8127125774117,-0.21648108627570309
495000,6281285.5163151547,-3089569.0710680494,-156.83223062098193,3330.5790639639704,6771.2771564680224,-0.17181463235220121
495300,6937509.0129610542,-933247.00420965743,-199.37379676989659,1006.047664558788,7478.6911439401683,-0.10931513799938863
495600,6874446.8290296048,1319834.6872028639,-221.28064725091036,-1422.7915830730317,7410.7092606426986,-0.035448870852766337
495900,6098637.3023636341,3436074.9409854533,-220.26993399998219,-3704.1146602814983,6574.3800050793616,0.042136092754196705
496200,4690516.9646178512,5196060.5716977622,-196.43240099184877,-5601.3923467785098,5056.4148595961833,0.11540191337276094
496500,2796080.7486505951,6417315.2065480184,-152.22433471900266,-6917.913776342426,3014.1977575830651,0.17675376662744477
496800,611745.06930348277,6973218.5269809254,-92.214377862017443,-7517.1814375404438,659.46725642450951,0.21982704949344814
497100,-1636016.7863236165,6806134.2913518837,-22.61134107174869,-7337.0631807395685,-1763.6366753840666,0.24014744907009652
497400,-3714155.5507394164,5933386.0511996755,49.378162806619201,-6396.2340467801496,-4003.8851942929987,0.23559549388159295
497700,-5407208.6594047491,4445461.0021367325,116.29580747251916,-4792.2400197550887,-5829.0081215556183,0.2066274519746106
498000,-6539639.5306189209,2496628.1809233483,171.20415541703977,-2691.3843694916545,-7049.7758888724375,0.1562296309006479
498300,-6994037.2744231205,288943.71388270683,208.4057871775822,-311.48511849952388,-7539.6189815540674,0.089610668729567577
498600,-6723289.8558898102,-1948698.5142906641,224.03445386876948,2100.7085915915404,-7247.7506261784119,0.013663463887063368
498900,-5755468.6062000589,-3984298.6921063978,216.45693104916515,4295.0996102067284,-6204.4321592630931,-0.063747780143786084
499200,-4190917.7045081612,-5606804.8656619936,186.44378737461449,6044.1728042998138,-4517.8353029503814,-0.13460175705143293
499500,-2191850.4506579749,-6647994.8002762776,137.09117105211322,7166.5836326035569,-2362.8268491559438,-0.19155126112267751
499800,34468.995337552857,-6999917.2696925486,73.501502225778751,7545.9597979408263,37.161376686388849,-0.22868523609317654
500100,2257214.7329900456,-6626084.5133265648,2.2559697250381276,7142.9668028475262,2433.2976729404782,-0.24214255205672264
500400,4245931.1832363913,-5565255.424035484,-69.266637583940749,5999.3864650512232,4577.1492077606699,-0.23051368467781982
500700,5794426.8648515092,-3927417.1583765335,-133.65424081422708,4233.7853522098567,6246.4397024076288,-0.1949884370722616
501000,6742152.5585057484,-1882381.7081158659,-184.229716399083,2029.2219850244851,7268.0954606902023,-0.13923419508548629
501300,6990847.2886627987,357820.30803530989,-215.74341097428695,-385.73281122330195,7536.1901208776444,-0.069017189485423652
501600,6514726.1748985806,2560923.197302293,-224.91807464211936,-2760.6945318315679,7022.9273798200365,0.0083940662461769455
501900,5363153.8273808742,4498507.7573689269,-210.78963960638853,-4849.4253123829221,5781.5228939825602,0.084981368614569813
502200,3655526.1252907189,5969683.9937047856,-174.80842462708407,-6435.3641778060646,3940.6866377390315,0.15280745282500693
502500,1568891.0931998233,6821919.5240889695,-120.69017547869177,-7354.0801805378323,1691.2779614418043,0.20483856874672174
502800,-680407.60287186888,6966854.1886954224,-54.032278025176147,-7510.3205645916478,-733.48291673990389,0.23567376044613511
503100,-2859161.315927282,6389461.2354425881,18.265186562157957,-6887.8865201058443,-3082.195306043237,0.24210528822458344
503400,-4741475.6289623138,5149605.2641997281,88.713655325962364,-5551.312653265737,-5111.3433812383319,0.22345212875746795
503700,-6132191.2175598461,3375835.3947120989,150.01165791428136,-3639.1759859909507,-6610.5440628277938,0.18163196814119809
504000,-6887118.0675515737,1252057.1737430242,195.80146728870102,-1349.7281310963565,-7424.3596905211125,0.1209641271757371
504300,-6927985.1307785502,-1001534.9039412902,221.32845923320005,1079.6596882820368,-7468.413837449184,0.047723648452826471
504600,-6250555.4272305397,-3151287.2970261667,223.93482600777685,3397.1075085096591,-6738.1393164215433,-0.030507506118308197
504900,-4925065.2520720782,-4974312.6918486236,203.33637488604921,5362.341587777013,-5309.2514646910904,-0.10562517354900804
505200,-3088942.010085817,-6281598.9692046205,161.6535529948894,6771.6058405946551,-3329.8978177089184,-0.16984248436429256
505500,-932555.73271708516,-6937605.9738244861,103.19327452960383,7478.7870711820324,-1005.29822859305,-0.21649718325556802
505800,1320518.4561331519,-6874318.3575403383,34.003958046069009,7410.5639492989303,1423.5320921888522,-0.24074302175862908
506100,3436680.6048817076,-6098297.523375703,-38.750272760170205,6574.0091840047517,3704.7708221732009,-0.24005338458431541
506400,5196525.6673211781,-4690001.4840345681,-107.53146706126127,5055.8566021494216,5601.897490970774,-0.21448472978297817
506700,6417591.6154550323,-2795443.0661205966,-165.20894883912871,3013.5088825875764,6918.2162478111068,-0.16667232638065499
507000,6973277.3499414967,-611051.26460985164,-205.79866483739713,658.71805828182846,7517.2497689316297,-0.10155856262403246
507300,6805968.9038772704,1636694.6879426588,-225.08408611907524,-1764.3692373341332,7336.8896170134212,-0.025881873278189166
507600,5933012.9407857535,3714746.9397053407,-221.05422231876764,-4004.525353074715,6395.8357623792053,0.052520800454046154
507900,4444918.201324204,5407651.6640847325,-194.11325241194172,-5829.4892967882488,4791.6576112584507,0.12552573939140294
508200,2495971.4163603964,6539887.4835281335,-147.03994454942952,-7050.0477479058254,2690.6777177293807,0.1855642316414739
508500,288240.68964851624,6994063.6109357746,-84.700970671126868,-7539.6527053355539,310.72720130560879,0.22640717018795314
508800,-1949375.0822149334,6723090.9482707679,-13.54772671163785,-7247.5419270403872,-2101.4391446726822,0.24381115775452744
509100,-3984878.591141603,5755064.2673202809,59.051297797241055,-6204.001921212327,-4295.7265012399375,0.23595917314740747
509400,-5607227.7330407538,4190349.2907275814,125.57351606885385,-4517.2278073838352,-6044.6299929489396,0.20365012492253406
509700,-6648216.5682671154,2191176.6738134241,179.12162925454598,-2362.1055369980604,-7166.8225594381965,0.15021758616827902
510000,-6999914.9784723148,-35178.212680575904,214.13869404739137,37.920503366120556,-7545.9550446993835,0.08118598544378508
510300,-6625858.8517210167,-2257885.7426132532,226.98477489115666,2434.0144594057165,-7142.7192125790525,0.0036996562513575346
510600,-5564830.6101073539,-4246494.5552601805,216.31535245200649,4577.7484458819581,-5998.9230086122807,-0.074216346428428989
510900,-3926838.1665346185,-5794824.7875324553,183.22213080056667,6246.859479883371,-4233.1556931295399,-0.14448727676886111
511200,-1881709.2671668923,-6742344.7938926341,131.12145894608821,7268.2935059321017,-2028.4924588593212,-0.19982556140570176
511500,358516.23079923843,-6990815.0787786981,65.401726060233244,7536.1475065708501,386.48663393466109,-0.23448673939539411
511800,2561570.6256485521,-6514473.8476935476,-7.1339047406383003,7022.6496281392774,2761.3955864410873,-0.24486599293617375
512100,4499039.9278704207,-5362708.1287619593,-78.971794575051092,5781.0388953676802,4850.0023800131848,-0.22987323746321722
512400,5970045.9742889162,-3654933.4517498934,-142.66622593332821,3940.045753898783,6435.7585067536256,-0.19104767792851521
512700,6822073.7112961486,-1568212.8731879825,-191.61122420035753,1690.5454554977543,7354.2511567207803,-0.13239976998234346
513000,6966784.1897021262,681101.03550789075,-220.72576154278713,-734.23205714560231,7510.2499999929341,-0.059996829794723198
513300,6389173.6891107503,2859797.8489345596,-226.98124635654918,-3082.8838464227192,6887.5809226046749,0.018664837477803072
513600,5149129.3101799497,4741988.8027387401,-209.71653138967014,-5111.8998863722691,5550.8029162835264,0.095436247215711062
513900,3375219.7716106041,6132527.1505281031,-170.70769135430402,-6610.9104762579937,3638.5143483199013,0.16236002624887949
514200,1251365.2407035523,6887241.1020801123,-113.98523817560587,-7424.4974567848631,1348.9827897827734,0.21249517508755025
514500,-1002231.6779922337,6927881.6009532185,-45.417619021307559,-7468.3079242042186,-1080.4115769320827,0.24063682301090467
514800,-3151916.7006686185,6250235.1836470142,27.895936903806977,-6737.7998849056139,-3397.7876634355871,0.24385639038461515
515100,-4974809.2796867108,4924560.7930676993,98.36040039447542,-5308.713136011067,-5362.8786279985925,0.22180617965883437
515400,-6281910.9845222337,3088305.2508809101,158.67167898941349,-3329.2164923024916,-6771.9428998585436,0.17675679375811629
515700,-6937700.9486770052,931852.64341400191,202.57365046404342,-1004.5454678384422,-7478.8882448812574,0.11336339948973109
516000,-6874186.6960202474,-1321214.8532551867,225.50706956888538,1424.2767967175059,-7410.4186202339606,0.038184872273717703
516300,-6097953.5509970048,-3437298.1032052119,225.08306449687112,3705.4290167398276,-6573.6333466902934,-0.040994587642474413
516600,-4689481.7866087426,-5197000.6346205287,201.33204438628405,5602.4006159082146,-5055.2908099482256,-0.11597129960066341
516900,-2794802.3674450028,-6417875.6698011616,156.7020537937095,6918.5129800650784,-3012.8132107241436,-0.1789720509503529
517200,-610356.45531081618,-6973342.2006765902,95.806547223102541,7517.3109049563482,-657.96511030719148,-0.22346009671372827
517500,1637371.5789528829,-6805808.9533209475,24.947535583590913,7336.7102548299463,1765.1020772135357,-0.24481358654174284
517800,3715336.0573690291,-5932645.5686289249,-48.536621516173398,6395.4350851939944,4005.163507027446,-0.2408059280265745
518100,5408092.2709768936,-4444381.860390896,-117.03126972132578,4791.0767116234583,5829.9679492570876,-0.21183808715236926
518400,6540133.992159578,-2495321.7649446069,-173.43461151341697,2689.9757191476729,7050.3179431411845,-0.16089854794005193
518700,6994090.2069759043,-287545.05961877899,-211.89413639677221,309.97575239538992,7539.6862722631013,-0.093254922219161263
519000,6722894.3348736065,1950044.4520715096,-228.41393542768779,-2102.1628377930683,7247.3346782402568,-0.015909068798342009
519300,5754664.1610337095,3985451.9422151558,-221.26986496167939,-4296.3475708169735,6203.5744968792824,0.063127855266190191
519600,4189786.5218414734,5607645.0228898171,-191.18943067149382,-6045.0838081547154,4516.6238028031657,0.13566528752390516
519900,2190509.0494468119,6648433.7492449442,-141.27764760957149,-7167.0615775254764,2361.3870620893285,0.1941820783820134
520200,-35881.836279975483,6999908.6314905165,-76.696462097619474,-7545.9537945616676,-38.679222462654934,0.23260625461810233
520500,-2258552.5459385896,6625628.7059449032,-4.1308633424099668,-7142.4769947903096,-2434.734645215025,0.24694491402490151
520800,-4247055.2927564699,5564399.7090760004,68.903080820014495,-5998.4641982126914,-4578.3547889626207,0.23569897230414197
521100,-5795221.0521739516,3926250.6357912957,134.83664538676345,-4232.5276123804715,-6247.2880100882376,0.20001976087494072
521400,-6742535.2744161151,1881025.8240587255,186.83273556302791,-2027.7607904055487,-7268.4986454202071,0.14359117606375682
521700,-6990780.0865304293,-359224.653048262,219.49480874876087,387.24473897081339,-7536.107426429282,0.072249447748354734
522000,-6514217.5004610997,-2562230.4850617182,229.4269558171072,2762.1000844164469,-7022.3689523626326,-0.0066202808562523044
522300,-5362257.8502263166,-4499583.0061841607,215.58702243161332,4850.5794229428429,-5780.5481077005879,-0.084848263123371084
522600,-3654336.848457328,-5970416.6324047409,179.39603368677908,6436.1486008159882,-3939.3973519630326,-0.15432632976135888
522900,-1567532.4604755086,-6822234.5943512646,124.5923983745876,7354.4151898719138,-1689.8076410763963,-0.20784833211773035
523200,681794.51699369308,-6966719.8177982913,56.845812142815113,7510.1725781687473,734.98295902894392,-0.23985770863179859
523500,2860432.7205425743,-6388891.7241076799,-16.829288928266898,6887.2711172749532,3083.5711483819841,-0.24702455579231108
523800,4742499.6248331461,-5148659.5566447666,-88.800045874122333,5550.2928587562328,5112.4538097958084,-0.22859219657118329
524100,6132861.2039292548,-3374611.1096563637,-151.60603893050614,3637.8560406820952,6611.2746337811222,-0.18645712002980785
524400,6887363.6656348044,-1250680.7601015235,-198.73271951351234,1348.2432788220403,7424.6343097734634,-0.12497382909750446
524700,6927779.5453244075,1002920.9756577413,-225.28719785822724,-1081.1565712168372,7468.2027778626825,-0.050504695224899886
525000,6249918.4600448469,3152539.1018680441,-228.50626230219478,-3398.4613181777786,6737.4628008413529,0.029238598246290094
525300,4924061.5614653761,4975299.7516172761,-208.04387968259678,-5363.4110256382246,5308.178246942507,0.10599379591514277
525600,3087674.6682032309,6282217.9543071026,-166.0082782960597,-6772.2784432429744,3328.5386273384202,0.17180420787228387
525900,931155.63930050563,6937791.7144162618,-106.74467120234112,-7478.9915234420032,1003.7945131216406,0.21984350152458823
526200,-1321906.2478331379,6874050.8981695296,-36.386043002773526,-7410.2781263450597,-1425.0230552523265,0.24512365767933278
526500,-3437912.1881545149,6097604.366512429,37.781537425447397,-6573.2628161889061,-3706.0927994667491,0.24501271624912296
526800,-5197473.512523653,4688954.72063905,108.07339199981797,-5054.7281412698376,-5602.9121606493063,0.21950864259298566
527100,-6418158.0260844911,2794151.7019272791,167.20238781107088,-3012.1169297672354,-6918.8180393945922,0.17124088598667719
527400,-6973404.6579035558,609649.62041209638,209.03432025498822,-657.20842688251992,-7517.3769475480585,0.10519936059843089
527700,-6805645.323517343,-1638061.1807509186,229.22425654587391,1765.8392304618933,-7336.5304183399567,0.028218757750515328
528000,-5932273.5253410041,-3715936.9668398374,225.66784674844649,4005.8035128719239,-6395.0290490513644,-0.051728589195162454
528300,-4443840.9071933022,-5408542.6419901587,198.7207191649286,5830.4442458807762,-4790.4882007164042,-0.12635821121902036
528600,-2494668.8023767974,-6540388.058047465,151.16305941347196,7050.5820950316784,-2689.2671180118496,-0.18793195996149978
528900,-286848.19939137646,-6994122.8280869685,87.91285837644395,7539.7124971732819,-309.22090469400769,-0.23006046172182426
529200,1950713.0200870635,-6722703.2660838552,15.517374340921272,7247.1216606376611,2102.886445932309,-0.24836630705955703
529500,3986023.2596509978,-5754269.9978535408,-58.52461781315705,6203.1448307625842,4296.9663622732951,-0.24093906873797274
529800,5608060.2072973242,-4189230.4803635757,-126.53962227291233,4516.0215102882739,6045.5349594704348,-0.20853478552397178
530100,6648649.840306459,-2189848.8266084921,-181.47476941300144,2360.6734429184071,7167.2989352208333,-0.15449904609822601
530400,6999902.9530754527,36577.800787354587,-217.62924673114361,-39.431320678081647,7545.9525409012758,-0.084421495412108333
530700,6625401.2936229315,2259211.9532920192,-231.24593347525769,-2435.4479347880088,7142.2365139509639,-0.0055574753890327427
531000,5563973.4645096269,4247609.3819780257,-220.90182675707024,-4578.9554578324314,5998.0085471798475,0.073923302461145313
531300,3925669.0995619716,5795611.7348966375,-187.65669323401175,-6247.713508295652,4231.903290607801,0.14578319067354864
531600,1880348.76215211,6742721.2139480803,-134.9444395719199,-7268.704315044296,2027.0320084188338,0.2025704079286694
531900,-359927.37600979768,6990741.0583523475,-68.218364224263212,-7536.0711965711853,-388.00265682107238,0.23839170592787343
532200,-2562886.0986462082,6513956.5928489463,5.6130353371339794,-7022.0937177642645,-2762.8083728677229,0.24952381206900109
532500,-4500123.3789268704,5361801.2915427387,78.901316385257417,-5780.061691232082,-4851.1639190523965,0.23480026827874079
532800,-5970785.4396132696,3653731.4423395023,144.05036087644851,-3938.7500236833412,-6436.5475454540756,0.19573354405306576
533100,-6822393.3729393147,1566840.8012364244,194.30361931713887,-1689.0671873615818,-7354.5860926018504,0.13635969034570375
533400,-6966652.1954435706,-682500.63834575389,224.44477426927816,735.73840730067366,-7510.0972533970662,0.062821491106408056
533700,-6388605.2398601361,-2861080.0281835934,231.339190277949,3084.2618377453214,-6886.957962059174,-0.017266885061829981
534000,-5148184.7799767498,-4743021.2603506176,214.25995453087049,5113.007416900924,-5549.7758008809042,-0.095608098914263862
534300,-3373998.1749382699,-6133203.8206243571,174.96457920816187,6611.63421253058,-3637.190293409406,-0.1640811953193077
534600,-1249993.8330894015,-6887492.8706525397,117.51424205325353,7424.7639890406608,-1347.4987594705558,-0.21558348193805449
534900,1003610.5336591402,-6927683.1680008797,47.854122048171519,7468.0907258192365,1081.9029480132604,-0.2447674326406683
535200,3153160.0633777454,-6249607.4777251929,-26.801823840369408,6737.1216156164846,3399.1334055240659,-0.24859610257364423
535500,4975788.1402507285,-4923568.771973053,-98.717978211534486,5307.6432299012295,5363.9406329327685,-0.22665930033745241
535800,6282523.3754607188,-3087051.3295259494,-160.43868163627715,3327.8643078351279,6772.6116664748897,-0.18121755223899472
536100,6937882.4018218555,-930466.36698160763,-205.56125463735131,1003.0495760932426,7479.0939771554213,-0.11696913458643837
536400,6873917.0118448036,1322589.9359030651,-229.40024648744085,-1425.7623204759711,7410.1386359941362,-0.040564200269834677
536700,6097259.1466218997,3438519.1286182683,-229.47397983228169,-3706.7501438855606,6572.8949703205099,0.040083709644102204
537000,4688433.27779363,5197940.2351884386,-205.76286492526418,-5603.4193280230184,5054.1692357535048,0.11661743461075041
537300,2793507.5031427192,6418435.3735687286,-160.71260973921039,-6919.1220033674526,3011.4242687252531,0.18110227437226789
537600,608949.03005707567,6973462.9519098783,-98.981895760502567,-7517.4455135716844,656.45344341971509,0.2268486001028133
537900,-1638745.7201231653,6805477.5335691692,-26.960578526183205,-7336.355629772268,-1766.5782778976029,0.24910572415566282
538200,-3716534.4176779655,5931896.1295089731,47.891740640350719,-6394.6281946042718,-4006.4495065737401,0.24555510167947658
538500,-5408990.7920752075,4443292.3451992348,117.81830338797297,-4789.9023844602543,-5830.9291927288832,0.21655172541269374
538800,-6540640.1433309363,2494005.6091679186,175.5689434032291,-2688.5573716223153,-7050.8544896011435,0.16508863977560584
539100,-6994152.6280099805,286139.12086950871,215.15174161068543,-308.46192838382331,-7539.7432595772443,0.096488141443898306
539400,-6722508.0160272429,-1951394.3604511952,232.45469005573747,2103.614456369166,-7246.9077028411029,0.017851500686809026
539700,-5753870.6814320236,-3986606.3056030627,225.67288244165488,4297.5867999706252,-6202.7094737136476,-0.062675968108078628
540000,-4188669.4323533531,-5608485.0327028139,195.49684522557848,6045.9834071681889,-4515.4115512913359,-0.13674850154776774
540300,-2189184.999957459,-6648873.3914415101,145.04233373104628,7167.5299480348749,-2359.953436471048,-0.19668482588547737
540600,37275.220918353414,-6999903.2934423396,79.528695476664893,7545.9438094821908,40.186451977319848,-0.23626479872488471
540900,2259870.7712669522,-6625179.5333414506,5.7389767078032676,7141.9903082240116,2436.1607688192607,-0.25137508970868122
541200,4248161.6834240183,-5563553.3689581882,-68.68239032548928,5997.5508209517839,4579.5535742289694,-0.24043681278074369
541500,5796000.6174272345,-3925094.5584977074,-136.0215930845022,4231.2808994355464,6248.1362084774428,-0.20457059598803901
541800,6742906.434848303,-1879679.3868346754,-189.29505840197118,2026.308295081566,7268.9083443910768,-0.14748180076252651
542100,6990703.1261347327,360622.18450977979,-222.97376944572216,-388.75380322255933,7536.0351400575046,-0.075077646725870306
542400,6513698.8731513256,2563534.1348000895,-233.55713343777686,-2763.5097477549552,7021.8205272698451,0.0051441648107926688
542700,5361349.8206374776,4500657.0236237468,-219.93682736735062,-4851.7429194722026,5779.5787846348967,0.084872004109609961
543000,3653132.3782777404,5971148.6791707017,-183.51281001178759,-6436.9438288117526,3938.1067047759088,0.1558415625611192
543300,1566155.7435091541,6822547.6671485705,-128.04937702531925,-7354.7579749452307,1688.3296353008591,0.21069252027737601
543600,-683200.96247914783,6966580.5569996499,-59.28608429336461,-7510.0261100339985,-736.49392190949834,0.24373182374174421
543900,-2861723.0499785002,6388314.1116473908,15.656223262551897,-6886.6502812174776,-3084.9567222958644,0.25152444706859023
544200,-4743540.1074886601,5147703.5227965526,89.012798792479657,-5549.2628032306402,-5113.5688114371187,0.23325038757523528
544500,-6133544.373305358,3373376.1736739911,153.17944503507243,-3636.5250972110662,-6612.0027060105976,0.19079085421269468
544800,-6887619.5998486839,1249295.4262042628,201.50070969523233,-1346.7511116021349,-7424.9002781187073,0.12853463200413573
545100,-6927583.0558207156,-1004312.8523825103,228.96015548668862,1082.6541090420581,-7467.98031423667,0.052924551761608291
545400,-6249291.4693304487,-3153793.4437976796,232.70113569617058,3399.8087952135293,-6736.7766570183594,-0.028209113739209469
545700,-4923070.5159110809,-4976287.2291628644,212.32401584182779,5364.4696136840521,-5307.1010194339042,-0.10645942710903274
546000,-3086423.3781786361,-6282837.2333502807,169.92890116958384,6772.9399634201527,-3327.1826499635545,-0.17371384574519644
546300,-929774.39686836558,-6937979.6703423001,109.89927723576156,7479.1890343231316,-1002.2999493495258,-0.22299533287518084
546600,1323274.096817744,-6873788.8535791216,38.448824294778525,7409.9922050820405,1426.5025779291682,-0.24918629094407724
546900,3439124.856601364,-6096919.8288265951,-37.021758975292798,6572.5231458501439,3707.4055877205928,-0.24956014990110567
547200,5198405.1533483285,-4687918.5196890924,-108.69134691982023,5053.610411358738,5603.9234999268901,-0.22406533378749799
547500,6418711.5184378577,-2792870.8297596658,-169.12897104632879,3010.7353823308495,6919.4235960773622,-0.17533198942684486
547800,6973521.5781951295,-608256.4440274532,-212.0643628635716,655.70466920186504,7517.5133652874429,-0.108400622601494
548100,6805312.1094073486,1639422.3368643965,-233.03853088795117,-1767.3102449636576,7336.1821053049425,-0.030200655475028766
548400,5931523.1537381671,3717124.6018946385,-229.86685514711419,-4007.0891515513958,6394.230375218398,0.051167111734369781
548700,4442749.8034471544,5409432.7684586747,-202.86660223914811,-5831.4100602002582,4789.320647001,0.12726978494421343
549000,2493349.1658362048,6540887.2717093714,-154.82517943531369,-7051.1262300666458,2687.8513756768316,0.19021641001190351
549300,285436.43654797249,6994178.3154663872,-90.712322204152741,-7539.7769595666641,307.70450934450673,0.23347614603332412
549600,-1952070.5829517508,6722308.577229159,-17.16595619927854,-7246.6989765136686,-2104.3447256510608,0.25255575625476617
549900,-3987185.8413649388,5753465.8636403494,58.195061096688669,-6202.2791341717739,-4298.2136235261314,0.24546617526518089
550200,-5608907.4887615032,4188100.5314441794,127.56016269597899,-4514.8038297880303,-6046.4407084621271,0.21292976102262373
550500,-6649094.6575592319,2188510.6851747632,183.73651968758688,-2359.2317448229733,-7167.7690817004768,0.15830668654161639
550800,-6999900.3656869689,-37985.03540033754,220.89485291574505,40.946085197874936,-7545.93921794992,0.087247988305359833
551100,-6624953.0784642277,-2260542.4009354371,235.1743020144406,2436.8780636991546,-7141.7426887173306,0.0071110711092668977
551400,-5563127.6354225241,-4248725.628748592,225.08360070830128,4580.153106019734,-5997.0870841977594,-0.073801933122264365
551700,-3924514.6195243094,-5796399.0020261314,191.65686672010469,6248.5558463373154,-4230.650809142342,-0.14710417062177186
552000,-1879006.1190038803,-6743099.0097303875,138.34770975181999,7269.105730474922,-2025.5784316718016,-0.20519338726138947
552300,361318.67250539875,-6990671.2031694641,70.672471022007471,7535.9914819419282,389.50760163112,-0.24204045648799988
552600,2564181.796725831,-6513446.913146941,-4.3605741492109189,7021.5416716012169,2764.2102888126392,-0.25381528737394576
552900,4501189.1341002304,-5360904.7060486116,-78.976995522324074,5779.0939867039278,4852.319093102049,-0.2392850805318045
553200,5971510.4365931358,-3652540.577175132,-145.44179837199172,3937.4655511912206,6437.337189334743,-0.19994347282789315
553500,6822701.6308495486,-1565478.6531320624,-196.86132928743095,1687.5973742773592,7354.9282565386802,-0.13985701703103154
553800,6966510.4596420564,683893.12795912591,-227.89833790176021,-737.24251913153319,7509.9553419917529,-0.065244776624240747
554100,6388026.6395197092,2862358.3311350686,-235.32600376455309,-3085.6446979849088,6886.3449714720191,0.016165474571395673
554400,5147227.789864976,4744052.1686013192,-218.36341020803422,-5114.1249218176781,5548.7536679630457,0.095937758019470909
554700,3372760.8574941657,6133879.3915113006,-178.75759363963408,-6612.3689373822644,3635.864139713769,0.16580213416877368
555000,1248603.830902382,6887741.9112402871,-120.60356595073225,-7425.0380038130252,1346.0063444420173,0.2185120541104219
555300,-1005009.2843353209,6927478.9465105394,-49.920872576739242,-7467.8743954882802,-1083.4056226213479,0.24859593272930952
555600,-3154422.4977066768,6248970.7255988708,25.969509324818496,-6736.4371682279707,-3400.488795807581,0.25292501918612131
555900,-4976783.4346353514,4922565.5721418206,99.203425566446114,-5306.5625222142535,-5365.0066990453743,0.23103867486174343
556200,-6283148.7937491387,3085786.0980472844,162.18842516322951,-3326.5010047412197,-6773.2772036070119,0.18519329268874735
556500,-6938074.0705450466,929070.72614400624,208.390848869504,-1001.5467152664403,-7479.2904063513179,0.12012969804555199
556800,-6873656.4610445565,-1323971.1184085777,233.01355559652575,1427.2478293216843,-7409.8469399045598,0.042583004257825532
557100,-6096574.9722285299,-3439742.9634014945,233.49400523949927,3708.0642189604077,-6572.1471286144797,-0.039414443257276367
557400,-4687397.8531687073,-5198880.6395151177,209.77098492110787,5604.4267165223646,-5053.0442202137274,-0.11736495132692838
557700,-2792229.2086254731,-6418995.9611927923,164.29220185863514,6919.7199118656208,-3010.0392827875467,-0.1831860854092669
558000,-607560.9126601899,-6973586.7196108038,101.76180164717896,7517.573606372297,-654.95154338299358,-0.23004875822650842
558300,1640099.6388040541,-6805152.4621163113,28.653830861395384,7336.0016204282083,1768.0428022910467,-0.25308587626695617
558600,3717713.8056444889,-5931156.2422300605,-47.458048627256034,6393.8287174285188,4007.7265591681225,-0.2498979634108135
558900,5409873.2293286845,-4442214.1901842663,-118.68519503899779,4788.7392176026833,5831.8877325226531,-0.2208031849986164
559200,6541133.5585621223,-2492700.5272379601,-177.64166885114139,2687.1493971927057,7051.3955640548602,-0.16880568499718634
559500,6994204.7634530328,-284742.02084786491,-218.21018496659823,306.95349330127601,7539.810080150196,-0.099285370678791354
559800,6722111.9742630357,1952738.6825183851,-236.17688170969762,-2105.0678425487386,7246.4917990849362,-0.019441193074072133
560100,5753065.9301804947,3987758.0098200464,-229.6690259410054,-4298.8342182098077,6201.8521912580309,0.062454431939733976
560400,4187538.0467758877,5609323.7741809078,-199.3501878255704,-6046.8942614779044,4514.2004912817692,0.13791280145409412
560700,2187843.3941420401,6649311.0334606962,-148.3525559233689,-7168.0080209522093,2358.5139022463709,0.19910884692866007
561000,-38688.31698342762,6999893.3801359162,-81.953313728628359,-7545.9379700133832,-41.704341166444237,0.23969257253436257
561300,-2261208.8619278637,6624722.4007033408,-7.0285345061634033,-7141.5004518986361,-2437.5980047201597,0.25544787727402912
561600,-4249286.005569756,5562696.2433371451,68.65887970734957,-5996.6281607258697,-4580.7594167920015,0.24473044222385248
561900,-5796794.851593121,3923926.5806584703,137.26347659027292,-4230.0224722816438,-6248.9845114234904,0.20863925107403603
562200,-6743288.9735698644,1878322.1133815381,191.67043557336029,-2024.8463419574005,-7269.3110772009513,0.15090389310650842
562500,-6990635.5469418932,-362027.71274434193,226.23338900141516,390.26625300954288,-7535.9515384109445,0.077499217084161326
562800,-6513189.7355303261,-2564842.2863669102,237.3603895001591,2764.9153175562187,-7021.2609226462755,-0.0039728723457522069
563100,-5360453.4679521136,-4501732.7819169359,223.88722266982123,4852.8964258269189,-5778.6028728266101,-0.085070560992915739
563400,-3651942.9914985714,-5971881.5412747003,187.19926034093535,6437.7271182945633,-3936.8166898123441,-0.15738676083248782
563700,-1564797.3871427996,-6822862.8338189395,131.08908228139904,7355.0916004316641,-1686.8592233311522,-0.21342064691555385
564000,684587.19391409017,-6966446.3593026865,61.364474236030915,7509.8768616562138,737.99337130880008,-0.24735574252038289
564300,2862993.455013359,-6387745.0355677512,-14.752698508963903,6886.0340737765746,3086.3314540304154,-0.25566380648283027
564600,4744562.9563763849,-5146758.622311811,-89.374529069717511,5548.2428441282482,5114.6779325894877,-0.2374717792422133
564900,6134213.2584349103,-3372153.071848996,-154.76452920008947,3635.2055989969567,6612.7321330332134,-0.19465358404595562
565200,6887864.2969688307,-1247920.4783273686,-204.13977721909851,1345.267098872444,7425.1741903851525,-0.13163711051482152
565500,6927376.8403705591,1005697.3263328186,-232.37456356441936,-1084.1500804248624,7467.7690804014073,-0.054946263156007438
565800,6248654.1181099936,3155043.6677562529,-236.53252317271387,-3401.1619173715635,6736.1003962002351,0.027474537543523539
566100,4922066.5918038376,4977272.8189478684,-216.17200421343952,-5365.5387462341751,5306.0282387043326,0.10708342135166807
566400,3085155.839036583,6283454.8717527036,-173.39292158881631,-6773.6126080533477,3325.8238029692689,0.17562639215600775
566700,928374.06509037944,6938164.1286292626,-112.62014188096848,-7479.3936761197629,1000.7963029743275,0.22599312562684287
567000,-1324662.1726805428,6873520.088451677,-40.145762639820269,-7409.7064555779352,-1427.9937513383552,0.25295450741662456
567300,-3440356.7020975109,6096225.2807206474,36.522350794715521,-6571.7765367944385,-3708.7278849462327,0.25370543137578577
567600,-5199353.1344032278,4686870.2854604051,109.43831485833071,-5052.4813597728908,-5604.9383346352479,0.22815655360338474
567900,-6419277.8525282079,2791577.999286972,171.04170253554895,-3009.3426439469022,-6920.0251619096516,0.17894469953701428
568200,-6973648.5797877209,606853.47414724622,214.9414195127346,-654.19434455284181,-7517.639832294708,0.1111607513553117
568500,-6804988.0675781919,-1640789.8791479007,236.57872869364849,1768.7805331950617,-7335.8218099633514,0.03182309094697338
568800,-5930783.2751319101,-3718315.3243718334,233.70065376830016,4008.3670086523016,-6393.4224535357807,-0.050848974492958401
569100,-4441672.2301560342,-5410324.1065863892,206.59460216527489,5832.3641024176231,-4788.1502695624022,-0.12828663505474469
569400,-2492046.6123988125,-6541387.9923750777,158.05976161170136,7051.6592680668446,-2686.4403559692764,-0.1924596908723103
569700,-284044.41759992531,-6994237.6554756975,93.118091247937315,7539.8353858928103,-306.19848402706975,-0.23670931869604886
570000,1953407.6784042688,-6721921.1967202099,18.49472650253081,7246.2776580295995,2105.7911358965348,-0.25643911249911971
570300,3988329.4340767721,-5752672.2250768552,-58.078453669383698,6201.4215695730318,4299.452236139924,-0.24959264530124767
570600,5609738.8431891249,-4186982.7355430853,-128.66397561668805,4513.5977067282665,6047.3444273746954,-0.21686789313684737
570900,6649526.9440140929,-2187184.184387451,-185.94161154056675,2357.8003330285437,7168.2445372772927,-0.16164613442490269
571200,6999887.6005659336,39383.075378314825,-223.96759358981839,-42.456000616866731,7545.9363039773089,-0.089642556411728774
571500,6624495.0432667024,2261867.0173087707,-238.79144253468127,-2438.3107396968294,7141.2600728850521,-0.0083146850922302465
571800,5562270.2064185813,4249838.9372420684,-228.86638750452212,-4581.3596511866272,5996.1730040533066,0.073910098999896756
572100,3923345.3503075615,5797184.5555199049,-195.21073751899405,-6249.4097923477775,4229.3988074852614,0.14850790575420186
572400,1877645.3939421121,6743474.1280608242,-141.30337952428968,-7269.5167049317661,2024.1181652358248,0.20774200558997055
572700,-362730.09346887865,6990595.8903961824,-72.724142115597573,-7535.9153324258305,-391.02374481910988,0.24546520296425997
573000,-2565497.5611780328,6512928.2945333477,3.4237810992175142,-7020.9856722442637,-2765.6234001591347,0.25775771006419207
573300,-4502272.7956198975,5359996.4058496524,79.24955289834557,-5778.1163272974318,-4853.4809224001756,0.24333436095977831
573600,-5972249.9276023693,3651337.0570712071,146.89235630871872,-3936.1690725897934,-6438.1262157041892,0.20367890104293557
573900,-6823021.0784537867,1564105.1430893003,199.33628478592681,-1686.118306644192,-7355.2627055987741,0.14289135164132466
574200,-6966378.0435278714,-685293.95034063444,231.13800125882844,738.74940276377458,-7509.8016439573203,0.067264159157528564
574500,-6387457.6830475843,-2863641.3982845289,238.9917126594739,3087.0226915858038,-6885.7207993317334,-0.015369075035689107
574800,-5146282.8469045646,-4745085.1526361918,222.07282695531021,5115.2318205500624,-5547.7254150475892,-0.096444917915115919
575100,-3371539.1215623878,-6134556.3020348605,182.12456163946928,6613.0915179097074,-3634.5393672874479,-0.16755749454378027
575400,-1247232.6742859783,-6887993.7991183419,123.27839231042226,7425.3031497993352,-1344.5222475153387,-0.22133001145491893
575700,1006387.4856302512,-6927280.7170298155,51.626815145345923,7467.6559569908823,1084.8963796944736,-0.25218004994354215
576000,3155664.8985273447,-6248343.4888331788,-25.407410508596108,6735.7581328017741,3401.8334264636724,-0.25689920806278771
576300,4977761.1979115866,-4921574.388043277,-99.840241333682641,5305.4924898198515,5366.0674243170579,-0.23498686778436922
576600,6283760.1421821043,-3084533.3775787605,-163.95388006876425,3325.1492863652866,6773.9448786284374,-0.1887033330766012
576900,6938254.6824482838,-927685.91556658573,-211.09706999401831,1000.0516492457525,7479.4954930990125,-0.12283668376382832
577200,6873386.197132213,1325344.6203317451,-236.37515069073757,-1428.7324899350047,7409.5668305018089,-0.044207395545302626
577500,6095880.2156766253,3440962.435337224,-237.15826979861831,-3709.384729910269,6571.4090244452836,0.039038000602840163
577800,4686349.1204974363,5199818.7966747228,-213.35497818507528,-5605.4451960875413,5051.9230596870484,0.11827103826577284
578100,2790934.13762704,6419554.3321820255,-167.42275006213319,-6920.3290280583078,3008.6506252345657,0.1852757185426514
578400,606153.22977670142,6973706.1815825496,-104.1142418961135,-7517.7084174887523,653.43986910144736,0.23310046574529686
578700,-1641474.0810889697,6804819.7070639767,-29.985504346413471,-7335.6470412321351,-1769.5192834109589,0.25677929264498928
579000,-3718912.4320659162,5930405.3649499584,47.282952345502544,-6393.0215290180049,-4009.0129216692603,0.253847380570487
579300,-5410771.8713847874,4441123.1497898158,119.68192620107695,-4787.5642348879428,-5832.8491472009409,0.22459757849014456
579600,-6541639.6003617337,2491382.8541456545,179.70368233243141,-2685.730212564114,-7051.9318581305397,0.17205116174562207
579900,-6994266.8337442903,283334.71647375845,221.12047039454649,-305.4389520878949,-7539.8663117043052,0.10164578383595996
580200,-6721725.1469565779,-1954089.6669339105,239.6306879717917,2106.5197504609087,-7246.0636852152156,0.020672843888887585
580500,-5752271.9454894457,-3988913.0850691292,233.30565738727546,4300.0731191636323,-6200.9859366347127,-0.062477544043257137
580800,-4186420.6446789512,-5610164.1575646317,202.79061244430329,6047.7929257081905,-4512.9872748858652,-0.13918583440011797
581100,-2186519.3782841992,-6649750.838940219,151.23894009935583,7168.4750690791152,-2357.0798779703882,-0.20149655137204459
581400,40081.256756823277,-6999888.1895501334,83.986360041362104,7545.9266301665475,43.21127393274719,-0.24294339600629761
581700,2262526.2779428056,-6624273.5603760015,7.9986912603376439,7141.0127454754529,2439.0232255660785,-0.2592203675450595
582000,4250391.3648438035,-5561850.5644978462,-68.849648279432003,5995.7143494651509,4581.9569681566381,-0.24862921469581442
582300,5797573.3522733692,-3922771.539563376,-138.59167657620841,4228.7759623244929,6249.8315044541841,-0.21225668798599542
582600,6743659.2084879903,-1876977.0287109909,-193.99384043527101,2023.3945298788146,7269.7199149668886,-0.15386306984878301
582900,6990557.9019195102,363423.70773683186,-229.30631492612889,-391.77444961221477,7535.8788978224111,-0.079493407673089767
583200,6512670.671264261,2566144.3670894038,-240.85977056086892,-2766.324244815014,7020.7126120684252,0.0031483456283632194
583500,5359545.1739024045,4502805.3103889506,-227.44666194789824,-4854.0595298543658,5777.6339244012825,0.085497461898245239
583800,3650738.317041588,5972612.2153743589,-190.44741735499605,-6438.522325539866,3935.5263975433018,0.15901612305485824
584100,1563420.434118571,6823174.6079231594,-133.68835107526007,-7355.4345798033073,1685.3813295748394,0.21607863472181807
584400,-685993.93368354405,6966305.7864601072,-63.045935803466264,-7509.7305416305198,-739.5045299219089,0.25076237961247516
584700,-2864284.0851042219,6387166.0194620574,14.161625389503136,-6885.4131010777346,-3087.7174085470856,0.25946248129141819
585000,-4745603.6412504353,5145801.0738955,89.932526007356742,-5547.2122683265015,-5115.7932454199936,0.24126641195233486
585300,-6134896.425969623,3370916.5729030115,156.41064547082362,-3633.8738472492018,-6613.4601774511393,0.19804964657738502
585600,-6888119.9748155726,1246533.6628832808,206.70006479850844,-1343.7740956600542,-7425.4396313884818,0.13428236072974925
585900,-6927179.8803484011,-1007090.4524992827,235.58037428491963,1085.6481572928642,-7467.5456189037686,0.056567099127765419
586200,-6248026.5739643155,-3156298.9151041326,240.0485869386161,3402.5093766400746,-6735.4130073950009,-0.027044785399219423
586500,-4921075.0953103835,-4978260.8339238241,219.63140792963776,5366.5966720538108,-5304.9498646099501,-0.10788718513781684
586800,-3083904.3799381414,-6284074.403227387,176.43538320020753,6774.2729500179685,-3324.4671226455484,-0.17757741316566286
587100,-926993.04758258071,-6938352.2223969214,114.92960324971358,7479.589799739013,-999.30169886814542,-0.22888542933853862
587400,1326029.3967964756,-6873258.2732990347,41.483361351133276,7409.4193174809971,1429.4726397999052,-0.25648398020812507
587700,3441568.4477554127,-6095541.2412487138,-36.293414258921345,6571.0361385885526,3710.0395634111787,-0.25750180235229009
588000,5200283.728615772,-4685834.945805734,-110.33865638918884,5051.3635391960579,5605.9484244337073,-0.23182241333052364
588300,6419830.3609430976,-2790298.3395411926,-172.97387844532187,3007.9615768086442,6920.6296798995254,-0.18209737164860293
588600,6973764.7168217357,-605461.75787072768,-217.70047464943607,652.6913934287652,7517.7756633883637,-0.11347249398187939
588900,6804654.3208305817,1642149.4761433359,-239.87400682768688,-1770.2507367324824,7335.4734150550676,-0.033055300116994438
589200,5930032.5793980919,3719501.4358451036,-237.18650411843441,-4009.6521027821295,6392.6240616177129,0.050821182016447197
589500,4440580.9089203458,5411212.8163812673,-209.90668751762826,-5833.3297530410637,4786.983098768962,0.12946197093937148
589800,2490726.7581885103,6541885.8854761245,-160.85311966906698,-7052.2035394381946,2685.0248344810771,0.19471153096677873
590100,282632.37885413552,6994291.8441577116,-95.102968657568908,-7539.9000547371297,304.68200445656908,0.23979955502360178
590400,-1954765.5557253351,6721525.1411328716,-19.466489989623575,-7245.8549841938748,-2107.2497619672145,0.26004341912635537
590700,-3989492.2802299857,5751866.6056780545,58.218370146245149,-6200.5555138416294,-4300.6998959999937,0.25333444185662418
591000,-5610586.2243700437,4185851.2093532942,129.8981840046485,-4512.3793053975769,-6048.2503454727312,0.2203574794749619
591300,-6649971.6131975204,2185844.4792169253,188.13890369637625,-2356.3577497465603,-7168.7143979568282,0.16452101255409568
591600,-6999884.6136221671,-40791.709353943355,226.89683947518449,43.971500585129434,-7545.9221774787911,0.091604871077956146
591900,-6624046.2699944498,-2263198.560788855,242.14580905571819,2439.7411464011693,-7140.7650672583477,0.0091619995909978241
592200,-5561423.8291514479,-4250955.9060198329,232.29538627339019,4582.5569416900053,-5995.2502889650295,-0.07426384054448007
592500,-3922190.523851919,-5797972.2041009283,198.35679985658112,6250.2511663662517,-4228.1453663997363,-0.15002343336834251
592800,-1876302.7571906114,-6743852.0996562932,143.83916940003786,7269.916785613811,-2022.6642133913927,-0.21025880898854998
593100,364120.97229239973,-6990526.2030398529,74.386712191697939,7535.8342754490177,392.52836729883052,-0.2487183233805822
593400,2566792.4841971439,-6512418.9731882606,-2.8055833904141991,7020.4326391508121,2767.0244034526518,-0.2614055605636868
593700,4503337.5648458656,-5359100.5067856219,-79.737331047772599,5777.1482273886759,4854.6348796446346,-0.24699468050059298
594000,5972973.9154779548,-3650147.2439618036,-148.43194752719478,3934.884828121576,6438.9146979569796,-0.2069690208592857
594300,6823328.4697236214,-1562744.3477241539,-201.76373102005374,1684.6491725576595,7355.6040661227344,-0.14546844583168841
594600,6966235.6754841916,686684.92023589998,-234.19704713362663,-740.25268572687276,7509.6594297817001,-0.068861144708173699
594900,6386878.6821843721,2864918.1608274831,-242.36093179542985,-3088.404880852192,6885.1079479033851,0.014915820983257243
595200,5145325.6076158471,4746114.6022170549,-225.39946028035956,-5116.3490050087639,5546.7036424090702,0.097178913135033199
595500,3370301.5954340519,6135230.5203964766,-185.06146608497585,-6613.8262774536297,3633.2135166500957,0.16939822034574548
595800,1245842.4199403718,6888241.5417425595,-125.52021254035967,-7425.5773791620013,1343.0298704257937,0.22408195004146667
596100,-1007786.5465460976,6927075.1615592819,-52.941620609501371,-7467.4397537286068,-1086.3993229454888,0.25555358856226207
596400,-3156927.6378526324,6247705.2923197383,25.154266368159913,-6735.0734949178113,-3403.1892466393765,0.26054111944817998
596700,-4978756.6801394038,4920569.6234508539,100.67245034524747,-5304.411194724672,-5367.1338142719578,0.2385171587219663
597000,-6284385.5249859076,3083266.5347169014,165.7820490250603,-3323.7851172267146,-6774.6103647810833,0.19175467107598418
597300,-6938446.0474960869,926288.75552665722,213.72830425725994,-998.54792109149662,-7479.6913493859156,0.12509239773043537
597600,-6873125.1239201296,-1326727.0753926798,239.53333853583658,1430.2185372610136,-7409.2740886328011,0.045434204845252339
597900,-6095195.4401258184,-3442187.1863267897,240.51296925319005,3710.6987621809271,-6570.6599060286671,-0.038965859989857993
598200,-4685313.2063801074,-5200759.7434954913,216.55592642340304,5606.4518894159482,-5050.7968917579547,-0.11935878812538461
598500,-2789655.6442035548,-6420115.1792793302,170.1364246617733,6920.9257359449703,-3007.2649538800756,-0.18740751700879529
598800,-604765.31092828303,-6973830.1013468746,106.05866920680535,7517.8351236068274,-651.93795619765001,-0.23605152688342071
599100,1642827.405190309,-6804494.8867231216,30.959667865156696,7335.2918396838668,1770.9831543824157,-0.2602394611156546
599400,3720090.9372977386,-5929666.0001108898,-47.378205150555942,6392.2213618166516,4010.2888684918817,-0.25745373657751203
599700,5411653.313162962,-4440045.8748223167,-120.83369393554055,4786.4010101117656,5833.8064697804884,-0.22797263977010324
600000,6542132.0895121302,-2490078.9902726919,-181.78861461683667,2684.3227279077937,7052.4719468058829,-0.17484260381974132
600300,6994318.2417044649,-281939.06536901044,-223.91798175752865,303.9312994643833,7539.9326013739737,-0.10356341226588077
600600,6721328.6162008466,1955432.4555233822,-242.8463486335406,-2107.9723808754106,7245.6477367528314,-0.021518858979845776
600900,5751466.8943045828,3990063.297520984,-236.60224530082357,-4301.3200639104271,6200.1289381826873,0.062788184864775456
601200,4185289.0449329987,5611001.508796717,-205.82351314987199,-6048.7036804479967,4511.7765602400732,0.14061703330948003
601500,2185177.5427175462,6650187.1706813015,-153.69215292823225,-7168.9533138658389,2355.6404972824803,0.20389542284819173
601800,-41494.645513012772,6999876.9657145534,-85.605346722679457,-7545.9209921559359,-44.729323421750223,0.24605675567727306
602100,-2263864.6924052695,6623815.0280751046,-8.6166739603653753,-7140.522856469398,-2440.4608686481629,0.26272151359322837
602400,-4251515.9440411162,5560991.9071642291,69.294620487764917,-5994.7912649727941,-4583.1632371097367,0.25215214530194935
602700,-5798367.6587139396,3921601.9353676755,140.05060318237412,-4227.5167496293616,-6250.6799661442874,0.21543419728907232
603000,-6744041.5549989128,1875618.1503196291,196.31216929644268,-2021.93164773835,-7270.1223222376047,0.1563648219622768
603300,-6990489.87052566,-364830.66244296124,232.24027393645326,393.28764697329098,-7535.7944419073774,0.081060118851161572
603600,-6512160.9238816705,-2567453.6273249388,244.10192801949893,2767.7300750834638,-7020.1517857013268,-0.0026780929479842952
603900,-5358648.2294063205,-4503881.7944330703,230.65807049332139,4855.212645339936,-5776.6567427695418,-0.086170525507086732
604200,-3649548.5501959883,-5973345.4614117155,193.2930145077662,6439.304620787887,-3934.2354316533788,-0.16075998100514477
604500,-1562062.0570208833,-6823489.9584138533,135.87193896301227,7355.766859307535,-1683.9105682367444,-0.21870899783332159
604800,687379.77500105184,-6966171.7727639191,64.34108674143954,7509.5799650171502,741.00363141010746,-0.25400251231010568
