0,42164169,0,0,0,3074.6601211140783,0
900,42073395.217660479,2765208.840145974,0.48798109962200475,-201.64710186396036,3068.0427346791494,0.0011578820983587132
1800,41801464.724310681,5518513.5396486837,2.216233328917812,-402.4259691920239,3048.2159686868845,0.0027557824439379194
2700,41349548.353070259,8248059.8087374326,5.5791509616213499,-601.47215168865398,3015.2651700702627,0.0047894158640583145
3600,40719591.869140953,10942095.629953027,10.965413690758847,-797.9286459323971,2969.3321826615825,0.0072503461366494638
4500,39914307.605564311,13589021.850292116,18.754194409756465,-990.94958230940756,2910.6147401709686,0.010125865552515205
5400,38937162.8006953,16177442.118873995,29.311271817943254,-1179.7038650021227,2839.3656193013344,0.013398904699036285
6300,37792364.686630897,18696211.955718208,42.985077376343284,-1363.3787495336337,2755.8915564206145,0.01704797767393245
7200,36484842.391689099,21134486.740742054,60.102710907554467,-1541.1833425851958,2660.5519321934112,0.021047168088138522
8100,35020225.733668908,23481768.416487966,80.965963955571851,-1712.3520090792531,2553.7572295476925,0.025366161179733188
9000,33404820.993982539,25727950.703362796,105.84739471055113,-1876.147671854543,2435.967271315134,0.029970327096116911
9900,31645583.775784392,27863362.632304363,134.9865026383317,-2031.8649896546788,2307.6892448331682,0.0348208598741825
10800,29750089.061871,29878810.206770826,168.58605468765677,-2178.8333996084425,2169.4755217291959,0.039874975835725163
11700,27726498.600336604,31765616.013758507,206.80861781750176,-2316.4200109001199,2021.9212820185435,0.045086174008916444
12600,25583525.757682361,33515656.612172939,249.77335433240785,-2444.032336912499,1865.6619525329568,0.050404559798895465
13500,23330397.990235686,35121397.536279581,297.55313689459729,-2561.1208537741236,1701.370470550291,0.055777231493474827
14400,20976817.095281538,36575925.762114927,350.17203889799799,-2667.1813739558661,1529.7543843128233,0.061148727361458599
15300,18532917.413181905,37872979.495608956,407.60325300193472,-2761.7572243389254,1351.55280289503,0.066461529158278784
16200,16009222.160907032,39006975.152714111,469.76748597069053,-2844.4412190150551,1167.533208605211,0.071656615893239128
17100,13416598.085767595,39973031.414006777,536.53187158137393,-2914.8774179772258,978.48814577245844,0.076674059842276945
18000,10766208.635670137,40766990.248970166,607.70943537801088,-2972.7626638110351,785.23180037467887,0.081453655121641599
18900,8069465.8488715533,41385434.81842427,683.05913569398899,-3017.8478894988302,588.59648549858218,0.085935567775796515
19800,5337981.1719403472,41825704.177273013,762.28649495644675,-3049.9391914935836,389.42904808318667,0.090060995368557425
20700,2583515.4194069137,42085904.713823169,845.04482421368061,-3068.8986633009031,188.58721277969605,0.093772823563968377
21600,-182071.90762709919,42164918.276319459,930.93703252472096,-3074.6449859174732,-13.064120941252185,0.09701626717900777
22500,-2946873.7238710662,42062406.95196037,1019.5180017696039,-3067.1537726041711,-214.65661209175414,0.099739483683675065
23400,-5698986.6614135364,41778814.478430644,1110.2974970150435,-3046.4576666135986,-415.32222541018371,0.10189414808175516
24300,-8426562.3479432799,41315364.282831058,1202.743573194349,-3012.6461916359399,-614.19697604114606,0.10343597946350774
25200,-11117858.439390851,40674054.157724373,1296.2864308537369,-2965.8653558655078,-810.42465519680991,0.1043252111898898
26100,-13761289.186077686,39857647.598771505,1390.3226673132453,-2906.3170117148788,-1003.1605204795993,0.1045269985427896
27000,-16345475.313782422,38869661.843028389,1484.2198649249349,-2834.257974306689,-1191.5749347632427,0.10401175964567079
27900,-18859293.004437093,37714352.661339238,1577.321455220605,-2749.9989029481667,-1374.8569378245031,0.10275544741645203
28800,-21291921.765421819,36396695.972328573,1668.9517965703337,-2653.9029508344438,-1552.217735287041,0.10073975216343639
29700,-23632890.981601734,34922366.359196328,1758.421403387006,-2546.3841892285132,-1722.8940898769283,0.097952236096569514
30600,-25872124.950308017,33297712.583800092,1845.0322667149007,-2427.9058133243147,-1886.1516004910898,0.094386402443879275
31500,-27999986.206364449,31529730.205309175,1928.0832089952892,-2298.9781379114684,-2041.2878551401279,0.090041703001607673
32400,-30007316.951959893,29626031.422987819,2006.8752196510382,-2160.156391823185,-2187.6354444402573,0.084923488794456242
33300,-31885478.414619744,27594812.274363406,2080.7167226153679,-2012.038320961025,-2324.5648229903395,0.079042909086160407
34200,-33626387.965689592,25444817.331119243,2148.9287318002703,-1855.2616104502074,-2451.4870066744043,0.072416764282087348
35100,-35222553.84156505,23185302.045483619,2210.8498555363344,-1690.5011371864143,-2567.8560946730049,0.06506731833878357
36000,-36667107.320334703,20825992.909634244,2265.8411160293781,-1518.4660646890543,-2673.1716057441236,0.057022076179082573
36900,-37953832.217501029,18377045.599671304,2313.2905547194086,-1339.8967927767062,-2766.9806191423095,0.048313531349036584
37800,-39077191.575958677,15849001.28400656,2352.617598980954,-1155.5617751280095,-2848.8797113799069,0.038978888785261012
38700,-40032351.437392876,13252741.28354745,2383.2771697940029,-966.25421828580193,-2918.5166808935314,0.029059767127462909
39600,-40815201.59466549,10599440.277803568,2404.7635137973075,-772.78867610400391,-2975.5920535596406,0.0186018845440745
40500,-41422373.23753494,7900518.2569898553,2416.6137464940689,-575.99755402579035,-3019.8603629027239,0.007654731566907701
41400,-41851253.417160995,5167591.4253305066,2418.4110963193693,-376.72753791804598,-3051.1311997560042,-0.0037287660248995318
42300,-42099996.268229872,2412422.2650657441,2409.7878418215546,-175.83596247093141,-3069.270027065616,-0.015492591654868968
43200,-42167530.941150747,-353131.02588212583,2390.4279363900164,25.812865597596158,-3074.1987564730421,-0.027577987497151207
44100,-42053566.210574828,-3117165.5070270747,2360.0693168205703,227.35137411459493,-3065.8960842652873,-0.039923807219537963
45000,-41758591.740423948,-5867784.661929504,2318.5058935916527,427.91244626032221,-3044.3975852459698,-0.052466870300479772
45900,-41283875.999639034,-8593149.5401397031,2265.589222075017,626.63313999988043,-3009.7955640513105,-0.065142316532023653
46800,-40631460.836920336,-11281529.656326685,2201.2298550668706,822.6583905115092,-2962.2386644108228,-0.077883959506499942
47700,-39804152.736781217,-13921353.429334465,2125.398378039677,1015.1446800257203,-2901.9312378312402,-0.090624638028546201
48600,-38805510.793225013,-16501257.945679292,2038.126129416974,1203.2636595873869,-2829.1324741614021,-0.10329656450041422
49500,-37639831.451227196,-19010137.834653206,1939.5056089943803,1386.2057074086631,-2744.1552974728879,-0.115831669403719
50400,-36312130.079912841,-21437193.045728546,1829.6905783956017,1563.1834086952119,-2647.365031663267,-0.12816194104927545
51300,-34828119.454805158,-23771975.323358711,1708.8958581834618,1733.4349421025888,-2539.1778411527271,-0.14021975979531723
52200,-33194185.239734564,-26004433.179533683,1577.3968269592324,1896.2273583144729,-2420.0589529971335,-0.15193822594672554
53100,-31417358.571880694,-28124955.170562454,1435.5286284906376,2050.8597366304621,-2290.520667677501,-0.16325148054969527
54000,-29505285.865920473,-30124411.291503098,1283.6850936181841,2196.6662059086048,-2151.1201667433693,-0.17409501829045593
54900,-27466195.965315003,-31994192.309424959,1122.3173844055284,2333.0188167268566,-2002.4571263814187,-0.18440599169776395
55800,-25308864.780334223,-33726246.865243614,951.93236872444345,2459.3302522078784,-1845.1711468462167,-0.19412350583884014
56700,-23042577.563434239,-35313116.183189653,773.09073419806032,2575.0563655923261,-1679.9390085225957,-0.20318890269036724
57600,-20677088.98301509,-36747966.237025604,586.40485116486502,2679.6985333458283,-1507.4717661838997,-0.21154603436191821
58500,-18222581.16634319,-38024617.232874893,392.53639506639382,2772.805813342497,-1328.5116937622379,-0.21914152435001993
59400,-15689619.891472539,-39137570.279931791,192.1937393981504,2853.9768984808825,-1143.8290926509642,-0.22592501600891557
60300,-13089109.116292499,-40082031.132336915,-13.870868910228694,2922.8618569539149,-954.21897721095218,-0.2318494074388929
61200,-10432244.040322598,-40853930.898078695,-224.86433911030653,2979.1636513092717,-760.49765174600077,-0.2368710720166092
62100,-7730462.9015230779,-41449943.623864345,-439.95595798599618,3022.6394293968065,-563.49919374437741,-0.24095006382351966
63000,-4995397.7161553884,-41867500.678435475,-658.28078902908248,3053.1015813007334,-364.07185864872127,-0.24405030726938737
63900,-2238824.1745747272,-42104801.8707228,-878.94323491650448,3070.4185573911409,-163.07442181146598,-0.24613977025726025
64800,527389.09026251896,-42160823.253475755,-1101.0207482042383,3074.5154436967009,38.627526385967485,-0.24719062029484673
65700,3291331.6418649964,-42035321.577499345,-1323.567674646501,3065.3742918921839,240.16531602752397,-0.24717936302407206
66600,6041102.565197425,-41728835.376311108,-1545.6192131069104,3043.0342023043654,440.67094738239336,-0.24608696271594865
67500,8764861.7550149895,-41242682.675824791,-1766.1954756573539,3007.5911594615636,639.28083837782583,-0.24389894436075671
68400,11450880.945039118,-40578955.338499725,-1984.3056311676532,2959.1976208386632,835.13955334953175,-0.24060547707425944
69300,14087594.256565943,-39740510.066193327,-2198.9521154808094,2898.0618605741361,1027.4034966736931,-0.23620143863750243
70200,16663648.047200631,-38730956.100644134,-2409.1348911504938,2824.4470710514988,1215.2445550457476,-0.23068646109102342
71100,19167949.843510497,-37554639.675021216,-2613.855739694653,2738.6702263379534,1397.853672412894,-0.22406495741280041
72000,21589716.145470429,-36216625.284231164,-2812.1225693957731,2641.1007125510787,1574.4443418879177,-0.21634612942169429
72900,23918518.895612534,-34722673.855605952,-3002.953721858074,2532.1587312740066,1744.2559993689576,-0.20754395716438812
73800,26144330.411759898,-33079217.915136613,-3185.3822608170058,2412.3134831544749,1906.5573040601766,-0.19767717016167644
74700,28257566.589088026,-31293333.857504006,-3358.4602270882242,2282.0811397979301,2060.6492916282737,-0.18676920100889521
75600,30249128.184978604,-29372711.440729268,-3521.2628440415951,2142.0226129943435,2205.8683863352326,-0.17484812194291591
76500,32110440.008665506,-27325620.638264209,-3672.8926585891627,1992.7411311980009,2341.5892591540755,-0.16194656510348499
77400,33833487.84697625,-25160875.992715113,-3812.4836033809265,1834.8796340052793,2467.2275195967504,-0.14810162732659263
78300,35410852.967492677,-22887798.626092751,-3939.2049667031852,1669.1179961439175,2582.2422297564549,-0.13335476041052449
79200,36835744.051140308,-20516176.071464092,-4052.2652574631888,1496.1700931957748,2686.1382298853796,-0.11775164788744974
80100,38102026.417511106,-18056220.100108787,-4150.9159536100215,1316.7807219214092,2778.4682656876062,-0.10134206941218617
81000,39204248.418073051,-15518522.726722015,-4234.4551233710263,1131.7223886374522,2858.8349084003721,-0.084179753940799545
81900,40137664.884763494,-12914010.58282608,-4302.2309097581137,941.7919796157463,2926.8922596597995,-0.066322222911223888
82800,40898257.534244381,-10253897.855332183,-4353.6448698969853,747.80732792610547,2982.3474340943826,-0.047830624650549936
83700,41482752.241256155,-7549637.9931108905,-4388.1551618287804,550.60369153239867,3024.9618135561832,-0.028769561215071945
84600,41888633.107986405,-4812874.389470404,-4405.27957249677,351.03015777488497,3054.552067881164,-0.0092069088129821154
85500,42114153.270110369,-2055390.2525934759,-4404.5983816247708,149.94598963116349,3070.9909380622216,0.010786367138784874
86400,42158342.394106589,710942.1207604974,-4385.757057078361,-51.783070655245893,3074.2077787173271,0.031136401418020654
87300,42021010.834546708,3474212.4506265852,-4348.4687780296708,-253.28852485446942,3064.1888577372915,0.05176662215410896
88200,41702750.434248254,6222523.7391642062,-4292.5167827727564,-453.70285313880328,3040.977411999861,0.072597947285210268
89100,41204931.96441032,8944043.4762795642,-4217.7565383084075,-652.16324376470789,3004.6734590364399,0.093548984174432817
90000,40529699.216071613,11627054.566219946,-4124.117728782956,-847.81530227400492,2955.4333655321875,0.11453623261167147
90900,39679959.768387601,14260005.757056832,-4011.6060594759529,-1039.8167245373702,2893.4691745275404,0.13547429184866572
91800,38659372.473268107,16831561.357096869,-3880.3048722423528,-1227.3409181157867,2819.0476941673051,0.15627607278008757
92700,37472331.709799603,19330650.025257505,-3730.3765670914927,-1409.5805566224562,2732.4893518107174,0.1768530168802348
93600,36123948.47554902,21746512.426306646,-3562.063822907392,-1585.7510520282658,2634.1668182705203,0.19711532401441217
94500,34620028.395259574,24068747.546581291,-3375.6906081817715,-1755.093930167908,2524.503407889531,0.21697219174190663
95400,32967046.740556791,26287357.471355055,-3171.6629700663602,-1916.880095071087,2403.9712610875504,0.23633206918337288
96300,31172120.567035079,28392790.431403268,-2950.4695871083354,-2070.4129681641393,2273.0893169178557,0.25510292890304209
97200,29242978.087445311,30375981.933499955,-2712.6820677998435,-2215.0314888622211,2132.4210840586484,0.27319256051643853
98100,27187925.411601238,32228393.797554418,-2458.9549736742106,-2350.1129636014784,1982.5722195281151,0.29050888983473794
99000,25015810.795019574,33942050.931833468,-2190.0255422797977,-2475.0757509449222,1824.1879252491499,0.3069603272572084
99900,22735986.549154345,35509575.687195003,-1906.7130821547375,-2589.3817710355565,1657.9501733977283,0.3224561487865002
100800,20358268.776331101,36924219.641450264,-1609.9180091382641,-2692.5388283660072,1484.5747722434662,0.33690691244075499
101700,17892895.102080286,38179892.675844319,-1300.6204912325943,-2784.1027375854437,1304.8082849273928,0.3502249119567416
102600,15350480.586461209,39271189.217160441,-979.87866802467965,-2863.6792428714798,1119.4248143155392,0.36232466852201073
103500,12741972.004109835,40193411.531072699,-648.82641062941207,-2930.9257222559172,929.22266771205568,0.3731234598649355
104400,10078600.690086244,40942589.965046912,-308.67058943459898,-2985.5526692067128,735.02091580664933,0.38254188441357206
105300,7371834.1550956666,41515500.052271105,39.312180227979013,-3027.3249447316762,537.65586076224963,0.39050445647548421
106200,4633326.6792673487,41909676.401726402,393.77933990240297,-3056.0627942784022,337.97742881423062,0.39694022657704692
107100,1874869.0983586977,42123423.313526429,753.32675665787792,-3071.6426247550075,136.8455031465916,0.40178341933268413
108000,-891662.00002588821,42155822.072991095,1116.4936702976702,-3073.9975380816272,-64.873786871801187,0.40497407960094189
108900,-3654355.449880519,42006734.891507998,1481.7682219066512,-3063.1176187965789,-266.31180377109604,0.40645871633057545
109800,-6401316.8278676104,41676805.476997703,1847.5935565006246,-3039.0499743760197,-466.60115091241755,0.40619093250253668
110700,-9120719.6992806401,41167456.231659651,2212.3744818164428,-3001.8985280735201,-664.87941573081969,0.40413202900729528
111600,-11800856.566512642,40480882.089555077,2574.4846542612399,-2951.8235652375861,-860.29289077570536,0.40025157020987023
112500,-14430189.299022021,39620041.021401368,2932.274252162721,-2889.0410352117083,-1052.0002561475724,0.39452789936228083
113400,-16997398.826192528,38588641.248629965,3284.0780861693684,-2813.8216120541642,-1239.1762071301544,0.38694859290623057
114300,-19491433.877899203,37391125.223218255,3628.2240873472902,-2726.4895184248662,-1421.0150111027856,0.37751084401672796
115200,-21901558.561993081,36032650.443970166,3963.0421055578518,-2627.4211180659318,-1596.7339781857543,0.36622176739132994
116100,-24217398.573273007,34519067.193717621,4286.8729443458678,-2517.0432833440004,-1765.5768305171739,0.35309861919197899
117000,-26428985.834786441,32856893.295278277,4598.0775539967881,-2395.8315453191408,-1926.8169555782583,0.33816892808792515
117900,-28526801.379449423,31053285.996871557,4895.0463017088314,-2264.3080347520895,-2079.7605295690905,0.32147053541951537
118800,-30501816.287952222,29116011.110006176,5176.2082369521804,-2123.0392233540597,-2223.74949748275,0.30305154450136129
119700,-32345530.507671271,27053409.534558795,5440.0402709463169,-1972.6334754181933,-2358.1643972256761,0.28297018092232096
120600,-34050009.386786252,24874361.316816676,5685.0761916029014,-1813.7384207465507,-2482.427015879935,0.26129456731209466
121500,-35607917.76794941,22588247.396619055,5909.9154390288077,-1647.0381604999509,-2596.0028669924259,0.23810241738404783
122400,-37012551.496616565,20204909.209366534,6113.2315715057875,-1473.2503182493849,-2698.4034786011066,0.21348065510993361
123300,-38257866.210470051,17734606.317545902,6293.7803574922355,-1293.1229490971998,-2789.1884825635402,0.18752496563124271
124200,-39338503.288187414,15187972.254514616,6450.4074353679034,-1107.4313202644203,-2867.9674966334601,0.16033928498074754
125100,-40249812.848081283,12575968.770583931,6582.055489123436,-916.97457700830694,-2934.4017916322532,0.132035235903779
126000,-40987873.69980213,9909838.6779153962,6687.7708947724632,-722.5723081428647,-2988.2057369802237,0.10273151707030172
126900,-41549510.165302634,7201057.496388847,6766.7097987598318,-525.06102578569971,-3029.1480187840239,0.072553252796700052
127800,-41932305.698560543,4461284.1074001323,6818.1435959187356,-325.29057424878727,-3057.0526256186749,0.041631310093700663
128700,-42134613.247093916,1702310.6264949432,6841.4637804928489,-124.12048322947189,-3071.7995980927767,0.010101589464083755
129600,-42155562.312030561,-1063988.2911642718,6836.1861493226133,77.583719357477236,-3073.32553924169,-0.021895704572972224
130500,-41995062.677363038,-3825706.4962736703,6801.9543414631862,278.95421943493579,-3061.6238837538167,-0.054216807724149912
131400,-41653804.792984493,-6570957.5242188228,6738.5427032459293,479.12463815564081,-3036.7449249979927,-0.086715149892649349
132300,-41133256.810110874,-9287925.6891789604,6645.8584721256311,677.23374705598553,-2998.7955997838844,-0.11924211428793741
133200,-40435658.281705067,-11964916.875795092,6523.9432765960382,872.42916142267393,-2947.9390317506882,-0.15164779750124327
134100,-39564010.554480433,-14590408.811930945,6372.9739530401275,1063.8709964030268,-2884.3938352407667,-0.18378176674884095
135000,-38522063.892927922,-17153100.608157963,6193.2626836473237,1250.735470522246,-2808.4331824725059,-0.21549381081630695
135900,-37314301.389534272,-19641961.352557376,5985.2564625177765,1432.2184414570729,-2720.3836377787525,-0.2466346815234218
136800,-35945919.728890128,-22046277.553247731,5749.5358998232814,1607.5388591556646,-2620.6237636216415,-0.27705682277336358
137700,-34422806.886677437,-24355699.225707356,5486.8133764419099,1775.9421216889536,-2509.5825040290406,-0.30661508445536839
138600,-32751516.857524723,-26560284.42745772,5197.9305638615888,1936.7033195700103,-2387.7373520196129,-0.33516741864179744
139500,-30939241.518376943,-28650542.048993133,4883.8553263843096,2089.1303546856652,-2255.6123084895594,-0.36257555566452387
140400,-28993779.746291678,-30617472.676968522,4545.6780247800889,2232.5669204494966,-2113.7756409211629,-0.38870565777714416
141300,-26923503.921394769,-32452607.353572093,4184.607242555644,2366.3953303075286,-1962.8374511376137,-0.4134289482145197
142200,-24737323.957053516,-34148044.064690769,3801.9649579295683,2490.0391823077639,-1803.4470621662888,-0.43662231355477193
143100,-22444649.010103256,-35696481.79889778,3399.1811864517372,2602.9658480816802,-1636.2902350794034,-0.4581688773758914
144000,-20055347.034141924,-37091252.029423736,2977.7881209736493,2704.6887752793855,-1462.0862274522824,-0.47795854328352005
144900,-17579702.348436691,-38326347.482081018,2539.4137973691413,2794.7695932491138,-1281.5847058106883,-0.49588850547226987
145800,-15028371.403817907,-39396448.063557856,2085.7753160188176,2872.8200125544695,-1095.5625251249576,-0.5118637250725947
146700,-12412336.935020905,-40296943.836540967,1618.6716506020255,2938.5035097771161,-904.82038904521437,-0.52579737063141818
147600,-9742860.696230337,-41023954.94071649,1139.9760771804472,2991.5367899556104,-710.17940515393786,-0.53761122117918725
148500,-7031434.9830427403,-41574348.371787652,651.62825789947033,3031.6910199595141,-512.47755003489624,-0.54723603045005409
149400,-4289733.1496511754,-41945751.5441778,155.62601486820404,3058.792827087731,-312.56605941651958,-0.55461185094636867
150300,-1529559.3347363975,-42136562.577001624,-345.98316910305215,3072.7250582067381,-111.30575903891841,-0.55968831667392294
151200,1237202.386709329,-42145957.257120311,-851.11088523797434,3073.4272958029387,90.436647786732777,-0.56242488352077924
152100,3998639.2056228141,-41973892.647584222,-1357.6367304774983,3060.8961284081793,291.79231971327891,-0.56279102640955703
153000,6742860.9133811407,-41621107.324439749,-1863.4173968781915,3035.1851739625604,491.89402760727774,-0.56076639252044369
153900,9458051.1460001692,-41089118.239663325,-2366.2958789390791,2996.4048557976926,689.87989904677897,-0.55634091005899511
154800,12132518.31565845,-40380214.222814545,-2864.1107586799371,2944.7219320498057,884.89714059550386,-0.54951485222858776
155700,14754746.008420199,-39497446.148795858,-3354.7055280744371,2880.3587804387957,1076.1057214589791,-0.54029885626072216
156600,17313442.629278485,-38444613.813795857,-3835.9379083988129,2803.5924414694355,1262.6820022878853,-0.52871389755614229
157500,19797590.078889448,-37226249.576001748,-4305.689126196482,2714.7534242175702,1443.8222931354685,-0.5147912191950833
158400,22196491.250605632,-35847598.831921384,-4761.8731058853382,2614.2242799503347,1618.7463248979643,-0.49857221728405376
159300,24499816.141619347,-34314597.413084827,-5202.4455395504392,2502.4379498885314,1786.7006189675508,-0.48010828281866308
160200,26697646.378168795,-32633846.001430083,-5625.4127951721266,2379.8758944448873,1946.9617403035743,-0.45946060095498625
161100,28780517.961806696,-30812581.674750876,-6028.8406254388947,2247.0660122578902,2098.8394196763647,-0.43669990879514531
162000,30739462.05164592,-28858646.706132803,-6410.8626403847047,2104.5803582816943,2241.6795314548463,-0.41190621300418168
162900,32566043.606235791,-26780454.753268372,-6769.6885083699235,1953.0326710830213,2374.8669139898834,-0.38516846878371658
163800,34252397.718238696,-24586954.584866196,-7103.6118513900356,1793.0757203315495,2497.8280203850104,-0.35658422193154671
164700,35791263.485318668,-22287591.502003707,-7411.0178023418985,1625.3984862470136,2610.0333882395444,-0.32625921591373658
165600,37176015.271566734,-19892266.622171186,-7690.3901936971142,1450.7231834808008,2710.999917790642,-0.29430696606519385
166500,38400691.225315303,-17411294.202875983,-7940.3183490180772,1269.8021425595484,2800.2929487648698,-0.26084830321416708
167400,39460018.9312758,-14855357.189984646,-8159.5034508944436,1083.4145626011052,2877.5281271706003,-0.22601088919351231
168300,40349438.087509975,-12235461.183446161,-8346.7644611643682,892.36314952777263,2942.3730542142675,-0.18992870685458635
169200,41065120.110753119,-9562887.0196369905,-8501.0435717018427,697.47065444718953,2994.5487105005386,-0.15274152733592777
170100,41603984.586985581,-6849142.1752770906,-8621.4111665822275,499.57632724732986,3033.830649673293,-0.11459435745485688
171000,41963712.497833788,-4105911.2026708005,-8707.0702790630803,299.53230075905589,3060.0499566657322,-0.075636870183111743
171900,42142756.16731257,-1345005.409915905,-8757.3605295142006,98.199921078227987,3073.0939667489383,-0.036022821233409337
172800,42140345.887535602,1421687.9973074796,-8771.7615331730649,-103.5539601893955,3072.9067425941639,0.0040905451816149949
173700,41956493.196259767,4182257.0937125497,-8749.8957693594566,-304.86071589198076,3059.4893075908067,0.044543098357826959
174600,41591990.793434158,6924816.5123689789,-8691.5309065216625,-504.85367959475076,3032.8996346854487,0.085172427857132166
175500,41048409.098237723,9637558.6026735865,-8596.5815801672506,-702.67187225464386,2993.2523910241016,0.12581445208346306
176400,40328089.462356128,12308804.249056356,-8465.1106233107221,-897.46370350105599,2940.7184396866851,0.16630402588494264
177300,39434134.069413945,14927053.132758327,-8297.3297515006579,-1088.390631858312,2875.5241007970812,0.20647554458332268
178200,38370392.564491495,17481033.221514668,-8093.5997067188537,-1274.6307684436194,2797.9501752713495,0.24616354208448496
179100,37141445.471465111,19959749.275346939,-7854.4298664189637,-1455.3824089274817,2708.330735428749,0.28520328103743647
180000,35752584.46946764,22352530.160896473,-7580.4773256372018,-1629.8674788504306,2607.051687633139,0.32343133338457769
180900,34209789.613023281,24649074.771798261,-7272.5454614078008,-1797.334877748925,2494.549113054361,0.36068615008067711
181800,32519703.593323056,26839496.358481832,-6931.5819896005687,-1957.0637079532255,2371.3073935387351,0.3968086192453405
182700,30689603.150627188,28914365.077471599,-6558.6765247236972,-2108.3663743799248,2237.8571304531361,0.43164261254388547
183600,28727367.759865001,30864748.57772157,-6155.0576531702836,-2250.5915421508325,2094.7728652166793,0.4650355201483416
184500,26641445.723107018,32682250.449733827,-5722.089529816958,-2383.1269394274796,1942.6706110559696,0.49683877519252206
185400,24440817.813664697,34359046.372151487,-5261.2680068143527,-2505.4019934561793,1782.2052063122569,0.52690836917573325
186300,22134958.627087433,35887917.800157078,-4774.2163018760211,-2616.8902884720587,1614.0675003894069,0.55510536025552759
187200,19733795.80423066,37262283.050316751,-4262.6802114403336,-2717.1118348115006,1438.9813841577934,0.58129637676380363
188100,17247667.300821569,38476225.647457287,-3728.5228718499889,-2805.6351393306768,1257.7006773181433,0.60535411854188947
189000,14687276.886506556,39524519.810711347,-3173.7190693035582,-2882.0790680229693,1071.0058858776638,0.62715785877823049
189900,12063648.064185787,40402652.967978925,-2600.3490969566942,-2946.1144925692956,879.7008434947312,0.64659394890868127
190800,9388076.6074843444,41106845.200687051,-2010.5921553925371,-2997.4657134418148,684.60925100388897,0.66355632877269255
191700,6672081.9204353988,41634065.533841096,-1406.7192909699504,-3035.911653111556,486.57112893542649,0.67794704358908542
192600,3927357.4288213174,41982044.999898098,-791.08586553544035,-3061.2868138822323,286.43919828859987,0.68967676841654635
193500,1165720.2170965057,42149286.418902867,-166.12355088653101,-3073.4819958830021,85.075205199747643,0.69866533961129418
194400,-1600939.8716316945,42135070.851551428,465.66815758372957,-3072.4447717986518,-116.65379453884157,0.70484229142180699
195300,-4360711.4524906976,41939460.696321316,1101.7309112763246,-3058.1797159921261,-317.8791749111864,0.70814739432581231
196200,-7101712.9109091833,41563299.41646681,1739.4569622439531,-3030.7483867761462,-517.73448669744357,0.70853119009512844
197100,-9812143.5875568762,41008207.897448801,2376.1990947086761,-2990.26906171154,-715.35919563306686,0.70595551696340164
198000,-12480334.614251122,40276577.450179145,3009.2810217826982,-2936.9162269427893,-909.90239525831441,0.70039401677462532
198900,-15094799.180344967,39371559.490231372,3636.0082270300186,-2870.9198227182883,-1100.5264780946136,0.69183261471201529
199800,-17644282.011554427,38297051.937825575,4253.6792215868345,-2792.5642483755996,-1286.4107489572039,0.68026996124608474
200700,-20117807.846640237,37057682.397856265,4859.5971779481779,-2702.1871311917694,-1466.7549644738572,0.6657178253787438
201600,-22504728.7018154,35658788.193419583,5451.0818916138915,-2600.1778645967092,-1640.7827832260421,0.64820142815357618
202500,-24794769.718181081,34106393.340133831,6025.4820119922688,-2486.9759223151077,-1807.7451113591728,0.62775970577649898
203400,-26978073.393868253,32407182.561961852,6580.1874747159873,-2363.0689560309334,-1966.9233290188474,0.60444549253716262
204300,-29045242.009843092,30568472.462164395,7112.6420592407385,-2228.9906851507926,-2117.6323835554108,0.57832561499808277
205200,-30987378.066474881,28598179.975375745,7620.3559886298799,-2085.3185881714053,-2259.2237360940326,0.54948089055469995
206100,-32796122.556916088,26504788.238536999,8100.9184830612694,-1932.6714060265849,-2391.0881487852967,0.51800602537202722
207000,-34463690.913050108,24297310.029494505,8552.0101750177546,-1771.7064685957466,-2512.6583008250323,0.48400940876574983
207900,-35982906.470163912,21985248.932424497,8971.415292434378,-1603.1168562958007,-2623.4112221545902,0.44761280320715624
208800,-37347231.307539709,19578558.398838867,9357.0335162697829,-1427.6284093491045,-2722.8705346165852,0.40895093118708542
209700,-38550794.333768614,17087598.881727781,9706.8914209538889,-1245.9965979208773,-2810.6084912392912,0.36817096208266198
210600,-39588416.497707568,14523093.228374116,10019.153409771869,-1059.0032668500551,-2886.247805248538,0.32543190385915477
211500,-40455633.018564716,11896080.524511041,10292.132062253266,-867.45326915871226,-2949.4632613529479,0.28090390585735514
212400,-41148712.541547492,9217868.5887706112,10524.297816787506,-672.17100291840325,-2999.983102810982,0.23476748003708786
213300,-41664673.13877973,6499985.3217761684,10714.287918710321,-473.99686637889505,-3037.5901887616355,0.18721264886360828
214200,-42001295.088732623,3754129.1187572191,10860.914571730684,-273.78364652808699,-3062.1229172804378,0.1384380285478794
215100,-42157130.381161533,992118.55820773775,10963.172238543373,-72.392856453723397,-3073.4759106050942,0.088649856611720312
216000,-42131508.908442587,-1774158.4181332388,11020.244044575493,129.30896297981104,-3071.6004599577145,0.038060972779383875
216900,-41924541.318207957,-4532795.6168254521,11031.507246858617,330.45396154061382,-3056.5047283706922,-0.01311023795910763
217800,-41537118.516235463,-7271919.7776483214,10996.537737857981,530.17670249455523,-3028.2537108989864,-0.064640931558062775
218700,-40970907.822608992,-9979741.6136327311,10915.113561604507,727.61787431963114,-2986.968952571292,-0.11630491226746378
219600,-40228345.798182592,-12644606.488688493,10787.217426603416,921.92797573687278,-2932.8280253948974,-0.16787375342759564
220500,-39312627.772307724,-15255044.51692565,10613.038206688356,1112.2709586510664,-2866.0637666829602,-0.21911792452887074
221400,-38227694.116573706,-17799819.870235007,10392.971427227698,1297.8278137707766,-2786.9632819171115,-0.26980791785254499
222300,-36978213.322920658,-20267979.08400612,10127.618739882959,1477.8000839036604,-2695.8667162916963,-0.31971536849940235
223200,-35569561.957867026,-22648898.155007854,9817.7863944820983,1651.4132901998687,-2593.1658000071202,-0.36861416207653686
224100,-34007801.577704877,-24932328.230427019,9464.4827215319201,1817.9202569436934,-2479.302173287208,-0.41628152474022206
225000,-32299652.702309445,-27108439.69284036,9068.9146434877948,1976.6043208719798,-2354.7654979873137,-0.46249909068153522
225900,-30452465.957639255,-29167864.452470239,8632.4832371609155,2126.7824114277178,-2220.0913635339657,-0.50705394249035185
226800,-28474190.509022612,-31101736.265426613,8156.7783736082392,2267.8079888391308,-2075.8589957906597,-0.5497396201450746
227700,-26373339.918888483,-32901728.904748954,7643.5724655504055,2399.0738274489986,-1922.6887782750148,-0.59035709465330177
228600,-24158955.573657185,-34560092.019908257,7094.8133558257559,2520.0146323061172,-1761.2395959567666,-0.62871570261843612
229500,-21840567.835011609,-36069684.529986776,6512.6163836375963,2630.1094776707532,-1592.2060126402941,-0.66463403823416611
230400,-19428155.080675274,-37424005.405992217,5899.2556684044284,2728.88405677843,-1416.3152936757474,-0.69794079941883125
231300,-16932100.809082694,-38617221.708651811,5257.1546538921093,2815.9127329506514,-1234.3242864450967,-0.72847558500034948
232200,-14363148.990893543,-39644193.759533703,4588.8759580001069,2890.8203829361305,-1047.0161717292783,-0.75608964005528323
233100,-11732357.858130984,-40500497.33541812,3897.1105760950577,2953.2840242100515,-855.19709967547806,-0.78064654669645372
234000,-9051052.3287721742,-41182442.788444541,3184.6664881329066,3003.0342188496434,-659.692724644907,-0.80202285779730198
234900,-6330775.2708450239,-41687091.007645145,2454.4567219825553,3039.8562475391518,-461.34465372665449,-0.82010867134012644
235800,-3583237.8154515447,-42012266.150986642,1709.486927352996,3063.5910482327063,-261.00682414785632,-0.83480814328247666
236700,-820268.93260961771,-42156565.090925753,952.84251652413639,3074.1359150156827,-59.541825190289273,-0.84603993705307901
237600,1946235.5126492847,-42119363.530677974,187.67542967964312,3071.444953749407,142.18281946537758,-0.85373760801649368
238500,4704364.0038954634,-41900818.762841456,-582.80941597222284,3055.5292921553746,343.29839280764384,-0.85784992148554529
239400,7442240.6949793957,-41501869.056641139,-1355.3679329370923,3026.4570430879571,542.93873265112097,-0.85834110311173506
240300,10148076.587495051,-40924229.674793541,-2126.7308647440927,2984.3530208529032,740.24397047354125,-0.85519102074635478
241200,12810220.342124023,-40170385.535769351,-2893.6179198440068,2929.3982115464073,934.36424451852065,-0.84839529713817996
242100,15417208.503337631,-39243580.551975682,-3652.7519756691931,2861.8289995094783,1124.4633708255665,-0.83796535311615195
243000,17957814.919322118,-38147803.689019725,-4400.8732902420634,2781.936153107978,1309.7224560064021,-0.82392838119569023
243900,20421099.142379452,-36887771.80567684,-5134.7536587971244,2690.0635741530687,1489.3434358260115,-0.80632724984457671
244800,22796453.599429846,-35468909.348395631,-5851.2104532292624,2586.6068163629834,1662.5525239669716,-0.78522033894590004
245700,25073649.327582665,-33897324.988057621,-6547.120482801688,2472.0113793281698,1828.603555755054,-0.76068130730014516
246600,27242880.076024074,-32179785.3002006,-7219.4336154423836,2346.7707854713658,1986.781212100426,-0.73279879331435693
247500,29294804.582661401,-30323685.60294354,-7865.1861001283351,2211.4244484856067,2136.4041094590816,-0.70167605033097014
248400,31220586.842028849,-28337018.079352431,-8481.5135323003251,2066.555342680655,2276.8277422397514,-0.66743051835097666
249300,33011934.189854521,-26228337.322899733,-9065.6634059645839,1912.7874835663038,2407.4472647682646,-0.63019333420356449
250200,34661133.039368227,-24006723.455936961,-9615.0071981158362,1750.7832308444063,2527.7001006694832,-0.59010878250505516
251100,36161082.11484167,-21681742.981667757,-10127.051933352952,1581.2404257659471,2637.0683683313432,-0.54733369003306509
252000,37505323.038943008,-19263407.539929733,-10599.451179045051,1404.889375531041,2735.0811119707505,-0.50203676641419082
252900,38688068.14219778,-16762130.746123334,-11030.015424133147,1222.4896980653712,2821.3163287213515,-0.45439789428523597
253800,39704225.37511795,-14188683.300828153,-11416.721797608951,1034.8270410935438,2895.402783102631,-0.40460737233582317
254700,40549420.216326624,-11554146.564988108,-11757.723085885904,842.70968994634427,2957.0216012024002,-0.35286511487408506
255600,41220014.483205386,-8869864.8019999266,-12051.356011653957,646.96507898360267,3005.9076379045459,-0.29937981177402956
256500,41713121.965157151,-6147396.2935826099,-12296.14874037357,448.43622188663142,3041.8506115150444,-0.24436805286289881
257400,42026620.813446686,-3398463.5409222958,-12490.827584299303,247.97807637390014,3064.6960011759306,-0.18805342098638733
258300,42159162.635686725,-634902.76626567682,-12634.322877810291,46.453859121156199,3074.3457035037054,-0.13066555814785852
259200,42110178.257316671,2131387.0671306755,-12725.774001843947,-155.26867317657059,3070.7584459402519,-0.072439209252414621
260100,41879880.126808085,4888495.497000494,-12764.533539357806,-356.32096057738886,3053.9499553558699,-0.013613248095078752
261000,41469261.355766147,7624551.845479982,-12750.170547958089,-555.83737845789346,3023.9928814909026,0.045570309687627319
261900,40880091.399516053,10327776.323490387,-12682.472940104839,-752.95896187864798,2981.0164758604687,0.1048673019356457
262800,40114908.398111038,12986530.736673828,-12561.448965602498,-946.83709987019051,2925.2060277721803,0.16403241877303817
263700,39177008.211915888,15589368.575405689,-12387.327795377627,-1136.6371839353433,2856.802060115991,0.22282020015224721
264600,38070430.199952014,18125084.274247169,-12160.559209795289,-1321.5421952989939,2776.0992885754126,0.28098602745167495
265500,36799939.802984618,20582761.429923322,-11881.812398931206,-1500.756215729516,2683.4453488774961,0.33828710456132743
266400,35371008.006838046,22951819.771494206,-11551.973886253136,-1673.5078471043926,2579.2392976427855,0.39448342406126219
267300,33789787.774593048,25222060.681806687,-11172.144591023058,-1839.0535252941831,2463.929893313777,0.44933871432404821
268200,32063087.549103435,27383711.075547311,-10743.636048359471,-1996.6807143916542,2338.0136645292491,0.50262136365885646
269100,30198341.939622846,29427465.446236059,-10267.965809240897,-2145.7109678147185,2202.0327741705182,0.55410531796365114
270000,28203579.71821313,31344525.902278636,-9746.8520457314407,-2285.5028433610469,2056.5726881324517,0.60357094876350126
270900,26087389.262971461,33126640.020702302,-9182.2073893107099,-2415.454659887148,1902.259658665497,0.65080588898571801
271800,23858881.595923193,34766136.356405579,-8576.1320323406144,-2535.0070839239611,1739.7580328933486,0.69560583435162848
272700,21527651.173643049,36255957.454624154,-7930.9061243539782,-2643.6455352231596,1569.767397832702,0.73777530884001608
273600,19103734.598249596,37589690.224819504,-7248.9814959679252,-2740.9024009523423,1393.0195739249662,0.77712839328659278
274500,16597567.425330665,38761593.545298301,-6532.9727437874744,-2826.3590490218039,1210.2754697330445,0.81348941680588294
275400,14019939.253563965,39766622.979531869,-5785.6477096695089,-2899.6476318297746,1022.3218110571743,0.8466936113341359
276300,11381947.288262647,40600452.497327581,-5009.9173871877856,-2960.4526725555434,829.96775828005502,0.8765877301619126
277200,8694948.5777658001,41259493.106665827,-4208.8252871281593,-3008.5124270097626,634.04142626038015,0.90303063181955256
278100,5970511.1274763588,41740908.315113686,-3385.5362924351457,-3043.6200149669485,435.38632155262917,0.92589383105902012
279000,3220364.1013909169,42042626.353212953,-2543.3250313468943,-3065.6243158552293,234.85771213621001,0.94506201890229491
279900,456347.32513912395,42163349.106066346,-1685.563795650143,-3074.4306246606957,33.318945185431659,0.96043355376380357
280800,-2309639.6921748812,42102557.713457942,-815.71002924552693,-3070.0010649159085,-168.36227130047843,0.97192092546980613
281700,-5065688.9976847749,41860514.813186795,62.706589253942525,-3052.3547566812372,-369.31760696478659,0.97945119357159516
282600,-7799935.4749781545,41438263.416805975,946.09744714015233,-3021.5677384901219,-568.68185146062558,0.98296640067390195
283500,-10500607.943325933,40837622.421579815,1830.828658946934,-2977.7726433108032,-765.59664443805593,0.98242396058618708
284400,-13156079.854973882,40061178.777133204,2713.235065347335,-2921.1581296725194,-959.2141768634599,0.97779701998376378
285300,-15754919.371074658,39112276.339899428,3589.6345447047438,-2851.9680702077894,-1148.7008474556692,0.96907479098950366
286200,-18285938.599362571,37995001.463003986,4456.3426094327069,-2770.5005009676879,-1333.2408581763984,0.95626285072774941
287100,-20738241.780190233,36714165.383578338,5309.6872551510587,-2677.1063359667819,-1512.0397329488583,0.93938340254705233
288000,-23101272.212047361,35275283.483602807,6146.0240252778131,-2572.1878525008151,-1684.3277440986826,0.91847549235570836
288900,-25364857.713151988,33684551.514158063,6961.7512473043262,-2456.1969538452508,-1849.363231415221,0.89359517246344589
289800,-27519254.422120024,31948818.886343285,7753.3253897895138,-2329.6332169780044,-2006.4357992173068,0.86481560456610329
290700,-29555188.748050008,30075559.145025108,8517.2764813787107,-2193.0417339668684,-2154.8693773731288,0.83222709312504151
291600,-31463897.288568031,28072837.753943533,9250.2235252630671,-2047.0107566132604,-2294.025132864811,0.7959370404304269
292500,-33237164.543418624,25949277.3324547,9948.8898348396378,-1892.1691548415483,-2423.3042191996501,0.75606981512071914
293400,-34867358.261009194,23714020.495273888,10610.118209308879,-1729.1837001607328,-2542.1503517456081,0.71276652684833697
294300,-36347462.26586213,21376690.456941701,11230.885861929861,-1558.7561862969562,-2650.0521979016048,0.666184701092009
295200,-37671106.626138493,18947349.572322957,11808.319008967457,-1381.6203997967241,-2746.5455718959593,0.61649784974852384
296100,-38832595.032204978,16436455.993220616,12339.707024260504,-1198.5389540285066,-2831.2154249311193,0.56389493500075638
297000,-39826929.269555204,13854818.629111296,12822.516062977817,-1010.3000005626066,-2903.6976223516458,0.50857972595066236
297900,-40649830.682197891,11213550.607058372,13254.402058577536,-817.71383238492501,-2963.6805004975881,0.45077004952055771
298800,-41297758.535820305,8524021.4320116937,13633.222999219373,-621.60939379996239,-3010.9061969094937,0.3906969390636954
299700,-41767925.20355659,5797808.053946957,13957.050393790378,-422.83071220332141,-3045.171748567549,0.32860368590102268
300600,-42058308.110972218,3046645.0526235239,14224.179843115369,-222.23326715616494,-3066.3299538697183,0.26474480054834504
301500,-42167658.390851408,282374.15414469922,14433.140638606326,-20.680312376341362,-3074.2899950768583,0.19938489167309301
302400,-42095506.212485157,-2483106.7040099464,14582.704318303904,180.96083362388325,-3069.0178189722146,0.13279747180046586
303300,-41842162.764341742,-5237894.5412393184,14671.892118712127,381.82251247199207,-3050.536274494757,0.065263699473723791
304200,-41408718.883205481,-7970132.5164569635,14699.981269763857,581.04045066881281,-3018.9250071075121,-0.0029289320216901379
305100,-40797040.337039135,-10668060.906434072,14666.510089440288,777.75746841555247,-2974.3201106512065,-0.071487949106123466
306000,-40009759.782909967,-13320067.662289847,14571.281843793082,971.12715694954034,-2916.9135384083161,-0.14011728532126561
306900,-39050265.435271606,-15914738.328555258,14414.367347209396,1160.3175089775764,-2846.9522760617951,-0.20851869173939025
307800,-37922686.493666686,-18440905.112077348,14196.10628658196,1344.5144870198972,-2764.7372801752635,-0.27639316075387893
308700,-36631875.392464243,-20887694.891713023,13917.107261500227,1522.9255147508402,-2670.6221867464292,-0.34344235408935353
309600,-35183386.948527448,-23244575.964267232,13578.246540598937,1694.7828767433145,-2565.0117952921451,-0.40937002637646797
310500,-33583454.495678827,-25501403.327443808,13180.665541751481,1859.3470123925028,-2448.3603348108973,-0.47388343616869116
311400,-31838963.107448611,-27648462.306680191,12725.767050864164,2015.9096902095141,-2321.1695188355416,-0.53669473681421431
312300,-29957420.021815926,-29676510.339610875,12215.210200619438,2163.7970491379774,-2183.9863976344641,-0.59752234011778282
313200,-27946922.393439047,-31576816.739528511,11650.904236648979,2302.3724940558868,-2037.4010164413471,-0.65609224622436646
314100,-25816122.510178052,-33341200.267564293,11035.001104316678,2431.039433181702,-1882.0438893903734,-0.71213933362238702
315000,-23574190.621497639,-34962064.352366447,10369.886894586434,2549.2438457078665,-1718.5832996026104,-0.76540860359688079
315900,-21230775.536557384,-36432429.805791639,9658.172192370128,2656.4766686367425,-1547.7224366076866,-0.81565637386275591
316800,-18795963.159408078,-37745964.893509559,8902.6813753251154,2752.275992493288,-1370.1963829895872,-0.86265141647878918
317700,-16280233.137673382,-38897012.630424067,8106.4409153230017,2836.229056335319,-1186.7689628129581,-0.90617603548830372
318600,-13694413.809364021,-39880615.182400458,7272.6667387623938,2907.974033275033,-998.22946501295462,-0.94602708005783998
319500,-11049635.64000563,-40692535.267918274,6404.7507055632559,2967.2015985635462,-805.38925551342527,-0.98201688919623065
320400,-8357283.3490212001,-41329274.465901107,5506.2462700699261,3013.6562731717086,-609.07829237092255,-1.0139741644385654
321300,-5628946.9302570084,-41788088.349062286,4580.8533902096406,3047.1375367232799,-410.14155872146046,-1.0417447671774347
322200,-2876371.7766405186,-42066998.375599034,3632.4027541050605,3067.5007045977932,-209.43542872889697,-1.0651924376223696
323100,-111408.12317735981,-42164800.485913783,2664.8393959209898,3074.6575650167779,-7.8239820942118286,-1.0841994326704725
324000,2654039.9741980513,-42081070.365181983,1682.2057750321876,3068.5767729545114,193.82471702016699,-1.0986670802804395
324900,5408065.9040332641,-41816165.346961789,688.62439462396105,3049.2839987685807,394.64236057100044,-1.1085162482599484
325800,8138811.7877333127,-41371222.947587609,-311.71996242872069,3016.8618305212453,593.76414048637457,-1.1136877257047242
326700,10834519.569168672,-40748156.035740308,-1314.5983011238784,2971.4494300544393,790.33247947748487,-1.114142515666168
327600,13483581.68433518,-39949644.656274147,-2315.755704933189,2913.241943983217,983.50073249715638,-1.109862037974596
328500,16074591.091431439,-38979124.542032935,-3310.9297682323145,2842.4896718783707,1172.4368426101296,-1.1008482415046552
329400,18596390.444259766,-37840772.361934431,-4295.869088876053,2759.4969950122595,1356.3269351980257,-1.0871236255389243
330300,21038120.195386644,-36539487.767970003,-5266.351739092921,2664.6210701358559,1534.3788346600948,-1.068731170262446
331200,23389265.420006346,-35080872.317884736,-6218.203633075047,2558.2702938329471,1705.8254880888849,-1.0457341768036488
332100,25639701.156919554,-33471205.364098847,-7147.3167101871268,2440.9025440524651,1869.9282807967609,-1.0182160176240518
333000,27779736.069443531,-31717417.012835961,-8049.6668536149482,2313.0232064455108,2025.9802290428815,-0.98627979844733338
333900,29800154.236382619,-29827058.270367391,-8921.3314655203339,2175.1829941232554,2173.3090358582895,-0.9500479333064803
334800,31692254.89137223,-27808268.505700808,-9758.5066213635928,2027.9755703994558,2311.2799964859983,-0.90966163467240446
335700,33447889.937925477,-25669740.370872006,-10557.523727992992,1872.0349849810177,2439.2987406395132,-0.8652803210071438
336600,35059499.077313721,-23420682.331182882,-11314.865612377558,1708.0329349165806,2556.8137995328211,-0.81708094445665325
337500,36520142.396950826,-21070778.968211565,-12027.18197046682,1536.6758624016175,2663.3189864425908,-0.76525724176024645
338400,37823530.278170995,-18630149.228152454,-12691.304108588869,1358.7019022648687,2758.3555804239577,-0.71001891180377186
339300,38964050.494134888,-16109302.796979571,-13304.258913034953,1174.8776926213575,2841.5143037091843,-0.65159072357973147
340200,39936792.381006591,-13519094.792025788,-13863.281987010831,985.99506276873194,2912.4370842678909,-0.59021155863746289
341100,40737567.978452988,-10870678.966798954,-14365.829897947746,792.86761292392157,2970.8185959924203,-0.5261333924094862
342000,41362930.048860721,-8175459.6321843397,-14809.591482242166,596.32720084422726,3016.4075699861878,-0.45962021908324263
342900,41810186.898379348,-5445042.5025872942,-15192.498158815841,397.22035074993289,3049.0078714704787,-0.39094692495068367
343800,42077413.936914369,-2691184.6800324419,-15512.733207437093,196.40460026371503,3068.4793378801351,-0.32039811540923313
344700,42163461.928443693,74256.007256929763,-15768.739972500362,-5.2551986943800557,3074.7383747850167,-0.24826690100581855
345600,42067961.897448726,2839372.0927310558,-15959.228957902676,-206.89060896839334,3067.7583073464566,-0.17485364810957107
346500,41791326.6717702,5592257.7651905734,-16083.183783760573,-407.63335102028839,3047.5694860907147,-0.10046469996733937
347400,41334749.056753501,8321060.147006074,-16139.865980955607,-606.61904340788897,3014.2591468496144,-0.025411074038138928
348300,40700196.650075607,11014030.335960951,-16128.818604856579,-802.99092478450893,2967.9710257773418,0.04999285838340789
349200,39890403.321082361,13659573.991087575,-16049.868655016015,-995.90354145171739,2908.9047313973851,0.12543070415986921
350100,38908857.392751679,16246301.245089192,-15903.128293150026,-1184.5263846963248,2837.3148766607637,0.20058538577216029
351000,37759786.578476705,18763075.729077179,-15688.994857255535,-1368.0474624056151,2753.5099750022978,0.27514047808080094
351900,36448139.739676811,21199062.499384757,-15408.149675266144,-1545.6767897785189,2657.8511053623943,0.34878153823437408
352800,34979565.543741353,23543774.661119856,-15061.555687164275,-1716.6497843322325,2550.7503520946475,0.42119742262599508
353700,33360388.114938345,25787118.488865573,-14650.453889917324,-1880.2305508410079,2432.6690266017986,0.49208158489295184
354600,31597579.783630781,27919436.851497706,-14176.358624950526,-2035.7150423339383,2304.1156784317977,0.56113334909407686
355500,29698731.051389642,29931550.755434196,-13641.051733068112,-2182.4340838188141,2165.6439044198028,0.62805915238576493
356400,27672017.901331216,31814798.828729466,-13046.575606742037,-2319.7562459871351,2017.8499652789128,0.69257375175600688
357300,25526166.594195038,33561074.577241927,-12395.225174457135,-2447.0905567886198,1861.3702198205451,0.75440138966752179
358200,23270416.101278096,35162861.253600933,-11689.538856282754,-2563.8890394397808,1696.8783877230278,0.81327691381015399
359100,20914478.335313279,36613264.189842463,-10932.288533982037,-2669.6490661480921,1525.0826524626007,0.86894684656960175
360000,18468496.349689316,37906040.455332272,-10126.468582718928,-2763.9155175888773,1346.7226166732444,0.92117040028411667
360900,15943000.685022343,39035625.7129118,-9275.2840147282823,-2846.2827389642607,1162.5661228090273,0.96972043488117343
361800,13348864.049973197,39997158.158044435,-8382.1377881287553,-2916.3962843004351,973.40595254359005,1.0143843550559153
362700,10697254.53032944,40786499.438065276,-7450.617336340064,-2973.9544414992215,780.05641885439672,1.0549649447644105
363600,7999587.5267081149,41400252.461402878,-6484.4803752846619,-3018.7095315505885,583.34986520287191,1.091281137443344
364500,5267476.6267575622,41835776.019800827,-5487.6400466912228,-3050.4689762325852,384.13308663371436,1.1231687210167522
365400,2512683.6224185382,42091196.160073437,-4464.1494563748638,-3069.0961295721054,183.26368797567955,1.1504809773862841
366300,-252932.11337678041,42165414.255735114,-3418.1856663695971,-3074.5108693119873,-18.393605370203829,1.1730892566979019
367200,-3017464.6732563972,42058111.742895104,-2354.0331992818005,-3066.689945624968,-219.97066832287726,1.1908834872037986
368100,-5769012.8658712097,41769751.499056876,-1276.0671122975855,-3045.6670853304363,-420.59971277571378,1.2037726219604667
369000,-8495731.4498233572,41301575.857848071,-188.73569702002374,-3011.5328509030483,-619.41702397141171,1.2116850238897376
369900,-11185882.130445302,40655601.267175727,903.45714012906058,-2964.4342546098233,-815.56668049725999,1.2145687908487108
370800,-13827884.099593392,39834609.612792581,1995.9697636720293,-2904.5741291707359,-1008.2042418104336,1.2123920222826541
371700,-16410363.900354022,38842136.243710496,3084.2409090400852,-2832.2102574028745,-1196.5003872834072,1.2051430287580778
372600,-18922204.401254807,37682454.750242628,4163.7079457419804,-2747.6542643751809,-1379.6444909131214,1.1928304851902682
373500,-21352592.668226525,36360558.559629388,5229.825253181747,-2651.2702766642883,-1556.8481160664649,1.1754835279049995
374400,-23691066.527168337,34882139.428135984,6278.0826583316311,-2543.4733543560797,-1727.3484149405672,1.1531517948412433
375300,-25927559.615517627,33253562.922131859,7304.0238834248721,-2424.7277024758032,-1890.4114178004427,1.1259054072606196
376200,-28052444.727699172,31481840.993903793,8303.2649499200033,-2295.5446695448709,-2045.3351975188639,1.0938348903460244
377100,-30056575.266702551,29574601.770744856,9271.5124822006183,-2156.4805419475615,-2191.4528954833413,1.0570510291248829
378000,-31931324.622280974,27540056.688131504,10204.581850881825,-2008.1341437381234,-2328.1355955508416,1.0156846553248
378900,-33668623.30534178,25386965.109483931,11098.415091341923,-1851.1442524207685,-2454.7950334195489,0.96988636014329477
379800,-35260993.677964389,23124596.586036623,11949.098528399887,-1686.186842084365,-2570.8861295443712,0.91982612756095328
380700,-36701582.129085362,20762690.920667082,12752.880033188656,-1513.9721660635123,-2675.9093345437914,0.86569288280327106
381600,-37984188.557175815,18311416.20908682,13506.185833542595,-1335.24169202188,-2769.4127769238189,0.80769395089237095
382500,-39103293.033142008,15781325.040541226,14205.636794952858,-1150.764903007024,-2850.9942038730187,0.74605442092982077
383400,-40054079.529140413,13183309.048052451,14848.064085665157,-961.33597860414557,-2920.3027068532069,0.68101641279115832
384300,-40832456.611944169,10528552.005237471,15430.524137086108,-767.77037081647518,-2977.0402247151778,0.61283824424231825
385200,-41435075.012858137,7828481.6728148181,15950.312809556795,-570.90128972041225,-3020.9628180995842,0.54179349803643895
386100,-41859341.999881893,5094720.603058558,16404.978673905087,-371.57611428379028,-3051.8817099316461,0.46816999023157163
387000,-42103432.491793096,2339036.1146543357,16792.335321081311,-170.65274399631519,-3069.6640878770818,0.39226864269525441
387900,-42166296.867995687,-426710.34634607518,17110.472615614079,31.004092855885403,-3074.2336656883831,0.3144022644426433
388800,-42047665.442279994,-3190614.241488365,17357.766813517668,232.52655833198827,-3065.5710014289693,0.23489424801216879
389700,-41748049.583009131,-5940779.1514759269,17532.889471498962,433.04743541916361,-3043.713571612408,0.15407718845404422
390600,-41268739.4766137,-8665367.944606239,17634.815081661291,631.70385411352447,-3008.7556013301269,0.072291433646912623
391500,-40611798.545586795,-11352653.682888988,17662.827374163928,827.64099715372231,-2960.8476514603126,-0.010116424457649695
392400,-39780054.546365179,-13991070.048086289,17616.524239235125,1020.0157697192546,-2900.1959650499884,-0.092795107440904911
393300,-38777087.386509791,-16569261.072239593,17495.821229320965,1208.0004176201869,-2827.0615759396242,-0.17539024628147448
394200,-37607213.714407541,-19076129.960441384,17300.953611763853,1390.7860787732347,-2741.7591836533902,-0.25754600474669792
395100,-36275468.348261133,-21500886.797650505,17032.476952050485,1567.5862530780832,-2644.6557995074027,-0.33890671963762747
396000,-34787582.624369659,-23833094.936215781,16691.266217186254,1737.6401761749962,-2536.169169792101,-0.41911854743557969
396900,-33149959.757586803,-26062715.866440129,16278.513398011768,1900.2160829782715,-2416.765982762829,-0.49783110724540697
397800,-31369647.31933574,-28180152.378963128,15795.723658180152,2054.6143473384568,-2286.9598670239957,-0.57469911036811927
398700,-29454306.950619288,-30176289.834939715,15244.710025994375,2200.1704846884581,-2147.309189716314,-0.64938396733216452
399600,-27412181.439052086,-32042535.367921717,14627.586653320937,2336.2580050740353,-1998.4146637125909,-0.72155536374145357
400500,-25252059.300019648,-33770854.84998095,13946.760673331257,2462.2911045573969,-1840.9167737941971,-0.79089279683826252
401400,-22983237.012598675,-35353807.463921092,13204.922695871815,2577.7271836133568,-1675.4930325161877,-0.85708706521487221
402300,-20615479.070815623,-36784577.733381681,12405.035985838018,2682.069181810718,-1502.8550771721348,-0.91984170462852033
403200,-18158976.020138524,-38057004.87321078,11550.324376040731,2774.867718787018,-1323.7456199377975,-0.97887436337448686
404100,-15624300.657751795,-39165609.333640859,10644.258971728968,2855.723032282086,-1138.9352639031854,-1.0339181111486644
405000,-13022362.583118804,-40105616.423509397,9690.543709187923,2924.2867047945756,-949.21919829226476,-1.0847226757851243
405900,-10364361.292554354,-40872976.909984246,8693.0998356882101,2980.2631712646839,-755.41378671535745,-1.1310556026875975
406800,-7661738.0179742789,-41464384.504942007,7656.0493825363565,3023.411001064484,-558.35306279750614,-1.1727033321907061
407700,-4926126.515626628,-41877290.161262117,6583.697707081712,3053.5439484927851,-358.88514797319192,-1.2094721904909889
408600,-2169303.015406589,-42109913.11579109,5480.5151832801785,3070.5317669219712,-157.86860662989028,-1.2411892901840447
409500,596864.4547153865,-42161248.629550345,4351.1181238055142,3074.3007827270121,43.831245883619886,-1.2677033368369652
410400,3360467.1515931822,-42031072.389852203,3200.2490197361585,3064.8342261384082,245.34606659723556,-1.288885338417914
411300,6109606.8874654537,-41719941.553294085,2032.7561865278883,3042.1723171972967,445.8082236156074,-1.3046292148010639
412200,8832447.267344784,-41229192.423060782,853.57290730570844,3006.4121060478719,644.35453404189104,-1.3148523049673133
413100,11517264.672196688,-40560934.768514559,-332.3038335337618,2957.7070678747045,840.12998493632028,-1.3194957699310137
414000,14152498.767632907,-39718042.809627652,-1519.8349318330668,2896.2664538750864,1032.2914211264424,-1.318524889841546
414900,16726802.319583759,-38704142.903343961,-2703.9609645172386,2822.354400743438,1220.0111837715638,-1.3119292541362537
415800,19229090.101132143,-37523597.983376712,-3879.6241131735219,2736.2888022299808,1402.4806837468475,-1.2997228440572361
416700,21648586.678383417,-36181488.819187671,-5041.7901133518117,2638.4399474129959,1578.9138941532658,-1.2819440072885138
417600,23974872.867900241,-34683592.173880264,-6185.4701325532924,2529.2289313866177,1748.5507465781634,-1.2586553249203978
418500,26197930.663833871,-33036355.954404388,-7305.7424802650567,2409.1258451077338,1910.6604161268224,-1.2299433714022385
419400,28308186.439411044,-31246871.460745983,-8397.7740541992225,2278.6477521596521,2064.5444807167223,-1.195918368601933
420300,30296552.234861657,-29322842.853591878,-9456.8414281072128,2138.3564611705369,2209.5399406710571,-1.1567137355473034
421200,32154464.95216281,-27272553.972256005,-10478.351488162178,1988.8561035649159,2345.0220852637817,-1.1124855358785948
422100,33873923.286091551,-25104832.646363225,-11457.86152693134,1830.7905272211199,2470.4071935516226,-1.0634118254903437
423000,35447522.230977729,-22829012.655853856,-12391.098706389577,1664.8405174508403,2585.1550575751589,-1.0096919032816045
423900,36868485.013181545,-20454893.504239738,-13273.978804247105,1491.7208575040431,2688.7713168168179,-0.95154546836386289
424800,38130692.310634755,-17992698.179660548,-14102.624161067317,1312.1772415287826,2780.8095936634941,-0.88921168749287283
425700,39228708.63272386,-15453029.087110663,-14873.380749222313,1126.9830535770384,2860.8734205301998,-0.82294817689215727
426600,40157805.746297948,-12846822.343190748,-15582.834288658458,936.9360268411715,2928.6179502531249,-0.75302990301901818
427500,40913983.046590388,-10185300.631848149,-16227.825338705308,742.8547978281166,2983.7514423497992,-0.67974800718751793
428400,41493984.785287909,-7479924.8257748783,-16805.463299739393,545.57537062792619,3026.0365187648745,-0.60340855930387682
429300,41895314.081795849,-4742344.5834063645,-17313.13926338909,345.94750680803105,3055.2911837661709,-0.52433124628749994
430200,42116243.657866843,-1984348.1357876877,-17748.53765511615,144.8310567637383,3071.3896037211307,-0.44284800104307309
431100,42155823.250113785,782188.51906790957,-18109.646618409955,-56.907751421475069,3074.2626435626503,-0.35930157811493435
432000,42013883.669447958,3545352.7943198755,-18394.767095458083,-258.40004940521419,3063.8981578395851,-0.27404408239319011
432900,41691037.491101876,6293246.8435278051,-18602.520564985534,-458.77807603253746,3040.3410353353675,-0.18743545745054774
433800,41188676.373545617,9014038.8191262782,-18731.855403959584,-657.17891852953801,3003.6929973227188,-0.099841940268886459
434700,40508965.019220307,11696013.838854076,-18782.051846009934,-852.7482312495099,2954.1121505981973,-0.011634489264689477
435600,39654831.80452659,14327624.440353138,-18752.725515688158,-1044.6439159233073,2891.8122975024503,0.076812807358234966
436500,38629956.120858073,16897540.306609381,-18643.82952405787,-1232.0397475805701,2817.0620061759437,0.16512433581265609
437400,37438752.48259785,19394697.048293632,-18455.655117539194,-1414.1289305899509,2730.1834453214378,0.25292456631615762
438300,36086351.47184208,21808343.833355114,-18188.830878398989,-1590.1275696117791,2631.5509887396702,0.33983966086851386
439200,34578577.603122354,24128089.659396488,-17844.320481751893,-1759.2780406629749,2521.5895958699716,0.42549907203320625
440100,32921924.204513699,26343948.070389982,-17423.419020386231,-1920.8522479586011,2400.7729754997649,0.50953712558283648
441000,31123525.424187392,28446380.126147907,-16927.747915121614,-2074.1547527142811,2269.621540702984,0.59159457994867704
441900,29191125.483648159,30426335.440603636,-16359.248434708843,-2218.5257606658461,2128.7001639249029,0.67132015553176005
442800,27133045.310538769,32275291.11335538,-15720.173855463965,-2353.3439556839853,1978.6157419472102,0.74837202708869965
443700,24958146.6949577,33985288.38803684,-15013.080296851396,-2478.0291675293774,1820.014581240323,0.82241927260129044
444600,22675794.123677887,35548966.880866133,-14240.816275059191,-2592.0448625048507,1653.5796149379591,0.89314327227651502
445500,20295814.456438474,36959596.233145989,-13406.511022204093,-2694.900446512604,1480.0274633501888,0.96023905160521039
446400,17828454.617571797,38211105.05250147,-12513.561624125279,-2786.1533708135976,1300.105350564,1.0234165627340264
447300,15284337.484592251,39298107.019201212,-11565.619034732032,-2865.4110316100873,1114.5878902634252,1.0824018987784487
448200,12674416.162981922,40215924.045971125,-10566.573029520223,-2932.332455428188,924.27375443321262,1.1369384361245134
449100,10009926.843232479,40960606.392225899,-9520.5361651231997,-2986.6297631626553,729.98223908964644,1.1867879002330655
450000,7302340.4422181565,41528949.64656958,-8431.8268155736569,-3028.0694065581542,532.54974160830579,1.2317313509709846
450900,4563313.2361583943,41918508.504700094,-7304.9513592861331,-3056.4731718375378,332.8261645901847,1.2715700840444677
451800,1804636.6967596081,42127607.283446617,-6144.5855935912423,-3071.7189461455732,131.67126152354282,1.3061264456943833
452700,-961813.25441435585,42155347.125520922,-4955.5554559358197,-3073.741243453579,-70.049060241975752,1.3352445584231576
453600,-3724127.3557203682,42001609.863624103,-3742.8171325911871,-3062.5314875639797,-271.46646349120749,1.3587909561449545
454500,-6470414.2600675933,41667058.526763931,-2511.4366368795327,-3038.1380508612506,-471.71391624955709,1.3766551277699834
455400,-9188851.7143467851,41153134.485953584,-1266.5689395474049,-3000.6660484743893,-669.92942205801546,1.3887499688314984
456300,-11867737.443761889,40462051.250822887,-13.436734013871501,-2950.2768885430114,-865.25972945617195,1.3950121413188179
457200,-14495539.522255588,39596784.943023451,1242.6910811521693,-2887.1875803113853,-1056.8640047559722,1.3954023423691146
458100,-17060946.012237724,38561061.486590452,2496.521120946084,-2811.6698028088426,-1243.9174522975238,1.3899054828711379
459000,-19552913.659772869,37359340.569578089,3742.7573533413442,-2724.0487379073525,-1425.6148665531728,1.3785307773247171
459900,-21960715.435257692,35996796.445252039,4976.1229802040953,-2624.7016725736853,-1601.1741006888872,1.3613117464626519
460800,-24273986.714412726,34479295.654838786,6191.3822818871813,-2514.0563761499247,-1769.8394365039821,1.3383061341661624
461700,-26482769.900115393,32813371.76723627,7383.3623490181435,-2392.5892594974089,-1930.8848410525611,1.309595740088217
462600,-28577557.29219586,31006197.244118359,8546.9746261661276,-2260.8233238199614,-2083.6170957034647,1.2752861691505291
463500,-30549332.019783355,29065552.55145378,9677.2361929667368,-2119.3259079368745,-2227.3787839201987,1.2355064987191702
464400,-32389606.85910156,26999792.650544334,10769.290708815191,-1968.7062436982624,-2361.5511246379037,1.1904088638247001
465300,-34090460.768735804,24817811.013203308,11818.428947354721,-1809.6128301187061,-2485.5566387796116,1.1401679603184081
466200,-35644572.984293669,22529001.316582534,12820.108846680623,-1642.7306376429744,-2598.8616371867242,1.084980465399392
467100,-37045254.525010906,20143216.983355016,13769.975000491539,-1468.778154743319,-2700.9785190356261,1.0250643745638637
468000,-38286476.976165876,17670728.742413938,14663.877514439593,-1288.5042897751398,-2791.4678706693867,0.96065825377378333
468900,-39362898.423103206,15122180.393906482,15497.890150799207,-1102.6851416805791,-2869.9403556853108,0.89202040556541606
469800,-40269886.425170213,12508542.97023531,16268.327683468078,-912.12065372251539,-2936.0583880794447,0.81942794795711216
470700,-41003537.930872805,9841067.4915917814,16971.762384437534,-717.63116494992221,-2989.5375812508801,0.74317580538954264
471600,-41560696.048992798,7131236.5205984646,17605.039562437436,-520.05387453609205,-3030.1479667041199,0.66357561154402511
472500,-41938963.604203947,4390714.7257084679,18165.292074680725,-320.23923449128802,-3057.7149773487354,0.58095452471593845
473400,-42136713.419806801,1631298.6671154764,18649.95373368718,-119.04728652986083,-3072.1201913737286,0.49565395743662638
474300,-42153095.284499384,-1135133.9779401976,19056.77153319952,82.65604093145771,-3073.3018337613198,0.40802822318679838
475200,-41988039.57453768,-3896675.5314324591,19383.816620311252,284.0026595512698,-3061.2550335934798,0.31844310426827599
476100,-41642257.517146222,-6641439.5521660615,19629.493945142778,484.12605548688475,-3036.0318363872921,0.22727434613518901
477000,-41117238.095544904,-9357611.9743332807,19792.550524711653,682.16501537099316,-2997.7409717657642,0.13490608466873999
477900,-40415241.610397033,-12033501.927346062,19872.082263973476,877.2673278592423,-2946.54737782352,0.041729213957764272
478800,-39539289.926792473,-14657592.018968187,19867.539284246479,1068.5934449441349,-2882.6714845773467,-0.051860296923159063
479700,-38493153.450000182,-17218587.866377085,19778.72971722802,1255.3200874721465,-2806.3882598962455,-0.14546312889449886
480600,-37281334.88709984,-19705466.663281623,19605.821931396138,1436.6437796018076,-2718.0260222816828,-0.23867836981004611
481500,-35909049.865182132,-22107524.575583525,19349.345166588173,1611.7842972966264,-2617.9650258142228,-0.33110529318891879
482400,-34382204.490043119,-24414422.763268337,19010.188561787982,1779.9880163544692,-2506.6358234962527,-0.42234514840272575
483300,-32707369.942144845,-26616231.832217246,18589.598570472484,1940.5311459309628,-2384.5174161012505,-0.51200295197339474
484200,-30891754.219030309,-28703474.526414398,18089.174767125231,2092.7228340159222,-2252.1351944874095,-0.59968926977743642
485100,-28943171.145325836,-30667166.478554968,17510.86405759956,2235.9081318663548,-2110.058684146959,-0.6850219802121198
486000,-26870006.782900214,-32498854.845306836,16856.953314811326,2369.4708049854539,-1958.8991015418737,-0.76762800873164982
486900,-24681183.384640712,-34190654.662411839,16130.060469688915,2492.8359788628059,-1799.3067325211723,-0.84714502458147234
487800,-22386121.04561625,-35735282.764400199,15333.124095356365,2605.472608355688,-1631.9681438240125,-0.92322309102443323
488700,-19994697.215092674,-37126089.123900726,14469.391530140585,2706.8957602941068,-1457.6032393451458,-0.99552626084501517
489600,-17517204.241910376,-38357085.476326704,13542.405592159505,2796.6686996323992,-1276.9621734736218,-1.0637341094227737
490500,-14964305.134097058,-39422971.107067786,12555.989944957513,2874.4047702472612,-1090.8221344101239,-1.1275431981734731
491400,-12346987.721235413,-40319155.690184928,11514.233179909166,2939.7690622951809,-899.98401092084714,-1.1866684616589729
492300,-9676517.4150044098,-41041779.079949565,10421.471686918056,2992.4798588906292,-705.2689564939335,-1.2408445121614502
493200,-6964388.7694334062,-41587727.969348624,9282.2713903026415,3032.309855748837,-507.51486532531754,-1.2898268560025834
494100,-4222276.0477191061,-41954649.342850015,8101.4084316934604,3059.0871483520273,-307.57277497150551,-1.3333930163645267
495000,-1461983.0069293366,-42140960.664241716,6883.8488862733866,3072.6959821436594,-106.30321086408645,-1.3713435578386461
495900,1304607.8844729036,-42145856.754172571,5634.7276027798907,3073.0772622292147,95.427511818562763,-1.4035030083926678
496800,4065586.578630242,-41969313.326081976,4359.3262613583966,3060.228820061398,296.75101318606909,-1.4297206749097184
497700,6809066.710349828,-41612087.163452983,3063.0507466091276,3034.2054356089548,496.80058466313977,-1.4498713489164856
498600,9523236.7688694429,-41075712.935701787,1751.4079360046096,2995.1186145477309,694.71491998269209,-1.4638558995846191
499500,12196410.959037744,-40362496.664464869,429.98200626708945,2943.1361210657487,889.64182507527221,-1.4716017515618944
500400,14817079.532625623,-39475505.866500944,-895.58963772046218,2878.4812679361166,1080.7418908122868,-1.473063245668059
501300,17373958.372453578,-38418556.413823836,-2219.6407053455941,2801.4319665772978,1267.1921126604818,-1.4682218809761107
502200,19856037.614946626,-37196196.165957712,-3536.5005268057375,2712.3195408840957,1448.1894414790117,-1.4570864372927417
503100,22252629.100609407,-35813685.443291955,-4840.5186158581892,2611.5273096688293,1622.9542499391159,-1.4396929775512657
504000,24553412.446739998,-34276974.424340673,-6126.0891806722393,2499.4889435945634,1790.7336993700731,-1.4161047301355307
504900,26748479.542456433,-32592677.563214965,-7387.6754749204993,2376.6866035047728,1950.8049922332907,-1.3864118516624939
505800,28828377.27277445,-30768045.136727739,-8619.8338819513228,2243.6488680503558,2102.4784958980499,-1.3507310712623763
506700,30784148.286022615,-28810932.043205321,-9817.237626049453,2100.948459479313,2245.1007239358341,-1.3092052179063962
507600,32607369.627279483,-26729763.98721417,-10974.700006415826,1949.1997773808087,2378.0571617630103,-1.2620026328401199
508500,34290189.069730811,-24533501.195963565,-12087.197051576597,1789.0562510579553,2500.7749241409315,-1.2093164696833445
509400,35825358.98583062,-22231599.824057333,-13149.889494459454,1621.2075220371196,2612.7252327847723,-1.1513638852518264
510300,37206267.610861838,-19833971.213485438,-14158.14397134343,1446.3764690008302,2713.4257031335774,-1.0883851246393368
511200,38426967.562879518,-17350939.185217716,-15107.553351285471,1265.3160881517783,2802.4424301895542,-1.0206425045679632
512100,39482201.495026812,-14793195.547441272,-15993.956106439109,1078.8062426729082,2879.3918642396529,-0.94841929946712267
513000,40367424.768783838,-12171754.013327055,-16813.454637891573,887.65029553949785,2943.9424682217209,-0.8720185351749774
513900,41078825.049779274,-9497902.7281834371,-17562.432476236863,692.67164046039431,2995.8161494853848,-0.79176169556752118
514800,41613338.741302051,-6783155.6119222343,-18237.570281053231,494.71014617468535,3034.7894597186296,-0.70798734780791162
515700,41968664.184528135,-4039202.7278989879,-18835.860568741467,294.61852970510085,3060.6945578588811,-0.62104969226987516
516600,42143271.56865932,-1277859.8933728584,-19354.621103780977,93.25867446899656,3073.4199318763231,-0.53131704352233755
517500,42136409.508587822,1488982.2499545151,-19791.506894347935,-108.50209062897237,3072.9108764012863,-0.43917024906604785
518400,41948108.262283869,4249409.4846279388,-20144.520739386622,-309.79473485167262,3059.1697242608698,-0.34500105278561299
519300,41579179.574784726,6991535.3634143388,-20412.022280602774,-509.75227569065908,3032.2558310868285,-0.24921041032091337
520200,41031213.150373667,9703552.4303629883,-20592.735519427264,-707.51351899783322,2992.2853132514838,-0.15220676376943518
521100,40306569.769209579,12373783.095469166,-20685.754765749512,-902.22677293158426,2939.4305404756492,-0.054404283304578457
522000,39408371.079234548,14990729.943154365,-20690.548992111846,-1093.0535196142275,2873.9193855270678,0.043778916565469096
522900,38340486.108584478,17543125.257429995,-20606.964574057958,-1279.1720286215011,2796.0342344848382,0.14192257826912891
523800,37107514.557892218,20019979.55020687,-20435.226404408859,-1459.7808967177757,2706.1107620799676,0.23960611207404675
524700,35714766.945743531,22410628.883727722,-20175.937376367066,-1634.102498609959,2604.5364776303841,0.33641040868722838
525600,34168241.694064938,24704780.7835088,-19830.07623749274,-1801.3863339162262,2491.7490480662727,0.43191964561908636
526500,32474599.253332529,26892558.544450097,-19398.993823722434,-1960.9122560297217,2368.2344054848554,0.52572307941309537
527400,30641133.380139086,28964543.739879373,-18884.407689680687,-2111.9935690992697,2234.5246475792037,0.61741681591276509
528300,28675739.691792514,30911816.751197409,-18288.395158535597,-2253.9799799457342,2091.1957401502782,0.70660555084245469
529200,26586881.634194016,32725995.144453168,-17613.384821540592,-2386.2603923806992,1938.8650317322283,0.79290427311779055
530100,24383554.010214489,34399269.729556479,-16862.146524154639,-2508.2655320902923,1778.1885911355353,0.87593992347551208
531000,22075244.226111095,35924438.147890501,-16037.779882211185,-2619.4703909878899,1609.8583794384745,0.95535300122083744
531900,19671891.423163414,37294935.844771259,-15143.701377981373,-2719.3964807216662,1434.5992686326008,1.0307991121326845
532800,17183843.670624916,38504864.294471025,-14183.630092118638,-2807.6138858431013,1253.1659197506619,1.1019504508443052
533700,14621813.404247861,39549016.357327811,-13161.572133348762,-2883.7431079972716,1066.3395338739324,1.1684972113272867
534600,11996831.302018564,40422898.660755515,-12081.803833351827,-2947.4566933814904,874.92448992902973,1.2301489194514368
535500,9320198.7953089401,41122750.908698142,-10948.85377953967,-2998.4806366324233,679.7448836406752,1.2866356819709452
536400,6603439.4193857554,41645562.03718511,-9767.4837633349707,-3036.5955552397572,481.6409824054802,1.3377093466972216
537300,3858249.2121006069,41989083.147090413,-8542.668726077256,-3061.6376295435584,281.46561119192768,1.3831445690604258
538200,1096446.3735938347,42151837.1589242,-7279.5757887897726,-3073.4993043494255,80.08048485246556,1.4227397807322273
539100,-1670079.5970303703,42133125.148436427,-5983.5424557136039,-3072.1297491871951,-121.6474975454891,1.4563180564802303
540000,-4429419.0698743463,41933029.335935004,-4660.0540847295124,-3057.5350752421837,-322.84998060236273,1.4837278759449042
540900,-7169693.5377602261,41552412.716461092,-3314.7207205246814,-3029.7783079995988,-522.66088681610927,1.5048437775691379
541800,-9879106.73517753,40992915.332266077,-1953.2533886068784,-2988.9791156598299,-720.22014125330907,1.5195669024621812
542700,-12545995.403267113,40256947.203344181,-581.43995001456756,-2935.3132944017248,-914.67737077924608,1.5278254265363118
543600,-15158879.482871413,39347677.946035258,794.87938218253362,-2869.0120125895992,-1105.1955620493643,1.5295748798078286
544500,-17706511.520024244,38269023.123868577,2169.8367627448561,-2790.3608170345296,-1290.9546626115371,1.524798352293957
545400,-20177925.071506966,37025627.388814434,3537.5615683614906,-2699.6984054281829,-1471.1551096781391,1.5135065864533357
546300,-22562481.902253948,35622844.484889418,4892.2052840337328,-2597.4151700647308,-1645.0212713993799,1.4957379565995252
547200,-24849917.771438055,34066714.199566498,6227.9663203783775,-2483.951518949717,-1811.8047858051145,1.4715583361538933
548100,-27030386.609991603,32363936.36161571,7539.1146614420659,-2359.7959813603202,-1970.7877829816634,1.4410608539879002
549000,-29094502.899103045,30521841.996787637,8820.0162438933548,-2225.4831058652653,-2121.2859765133853,1.404365541428326
549900,-31033382.066851873,28548361.765092939,10065.156969997672,-2081.5911597302538,-2262.6516107457869,1.3616188717605828
550800,-32838678.728579197,26451991.815268606,11269.166258526448,-1928.7396395215778,-2394.2762510176904,1.3129931942653832
551700,-34502622.605808653,24241757.203299731,12426.840039653043,-1767.5866035714992,-2515.5934046637849,1.2586860649705718
552600,-36018051.96849715,21927173.032526743,13533.163101901315,-1598.8258377787145,-2626.0809613045576,1.1989194764043334
553500,-37378444.456068017,19518203.482858006,14583.330701306973,-1423.1838669803174,-2725.2634417164895,1.1339389887152092
554400,-38577945.14401605,17025218.905873332,15572.769345114326,-1241.4168248424471,-2812.7140454088326,1.0640127646000312
555300,-39611391.734824479,14458951.171094688,16497.156664568181,-1054.3071958697128,-2888.0564879209351,0.98943051057542941
556200,-40474336.764444582,11830447.45636953,17352.440293700613,-862.66044372312217,-2950.9666197916285,0.91050232726614777
557100,-41163066.72859896,9151022.682116909,18134.855673503509,-667.30154055757203,-3001.1738201343428,0.82755747158501503
558000,-41674618.046617299,6432210.7950895745,18840.942703585322,-469.07141253857657,-3038.4621587723377,0.74094303396113959
558900,-42006789.794330135,3685715.1122749033,19467.561166412015,-268.82331707007842,-3062.6713219407652,0.65102253414492472
559800,-42158153.151662886,923357.93956848327,20011.904852609594,-67.419167558133495,-3073.6972976387869,0.55817443958180368
560700,-42128057.524916112,-1842970.3171114775,20471.514319638554,134.27417825280375,-3071.4928178077444,0.4627906108930504
561600,-41916633.31821578,-4601362.3285543891,20844.288220507355,335.38865020397429,-3056.0675556124143,0.3652746796166178
562500,-41524791.343195722,-7339945.0860627219,21128.493144124048,535.05870169075752,-3027.4880772037222,0.26604036402004821
563400,-40954218.870561108,-10046930.991497003,21322.771914415684,732.42503349013157,-2985.877548435426,0.16550972946436973
564300,-40207372.341705427,-12710668.57363721,21426.15030148545,926.63828936987989,-2931.4151980871093,0.064111400478685479
565200,-39287466.772946618,-15319692.61281297,21438.042104789231,1116.8627075843156,-2864.3355402053003,-0.037721267707064382
566100,-38198461.899145305,-17862773.458572861,21358.25257554818,1302.2797126135943,-2784.9273592080526,-0.1395520498559773
567000,-36945045.117408149,-20328965.328897797,21186.980153305452,1482.0914318218729,-2693.5324624016507,-0.24094373488392182
567900,-35532611.305205584,-22707653.38408621,20924.816499585395,1655.5241220891921,-2590.5442055276399,-0.34146002437511258
568800,-33967239.600490838,-24988599.373917896,20572.744819926593,1821.8314919085767,-2476.4057978915166,-0.44066743610953246
569700,-32255667.244249087,-27161985.663005088,20132.136474031573,1980.2979049291248,-2351.6083945192772,-0.53813720313963331
570600,-30405260.59828382,-29218457.446328945,19604.745882304196,2130.241451463839,-2216.6889836433697,-0.63344715894509851
571500,-28423983.462921686,-31149162.974800728,18992.703745535175,2271.0168750640732,-2072.2280786346528,-0.7261835992872161
572400,-26320362.830647182,-32945791.619243506,18298.508602861686,2402.0183418876031,-1918.847224271223,-0.81594311156510169
573300,-24103452.222427893,-34600609.610424824,17525.016761294934,2522.6820412518823,-1757.2063279681188,-0.90233436273164169
574200,-21782792.763625618,-36106493.302646972,16675.430638019538,2632.4886064658267,-1588.0008272835787,-0.98497983714246418
575100,-19368372.165875606,-37456959.818881035,15753.28556427249,2730.9653457706631,-1411.9587056672697,-1.0635175160738501
576000,-16870581.790123992,-38646194.946476094,14762.435106870678,2817.6882739915773,-1229.8373690229796,-1.1376024910425706
576900,-14300171.974112656,-39669078.164047398,13707.034970347677,2892.283936305741,-1042.4203962217794,-1.206908503483143
577800,-11668205.814962227,-40521204.692206107,12591.52554916376,2954.4310163676905,-850.51417722023962,-1.2711294037776311
578700,-8986011.6040995829,-41198904.473298706,11420.61320555517,3003.8617218987424,-654.94445291039381,-1.3299805230845596
579600,-6265134.1175797153,-41699257.998232335,10199.250354280177,3040.3629417419133,-456.55277125177508,-1.3831999518734894
580500,-3517284.9698374993,-42020108.911729388,8932.614440794503,3063.7771693061327,-256.19287460890479,-1.4305497195374883
581400,-754292.24304864788,-42160073.340933882,7626.0859042418833,3074.003188271638,-54.727033537585413,-1.4718168699271896
582300,2011950.3924411151,-42118545.906134307,6285.2252210720608,3070.9965174001773,146.9776574722226,-1.5068144281269782
583200,4769534.8487641979,-41895702.386421971,4915.7491290933294,3054.769612286465,348.05300658297256,-1.5353822542765698
584100,7506589.86290868,-41492499.027316444,3523.5061353237716,3025.3918228982952,547.63345766619454,-1.5573877807312597
585000,10211332.090900464,-40910668.491705038,2114.4514141181908,2982.9891067783678,744.85981388780306,-1.5727266293516338
585900,12872116.834216882,-40152712.469802715,694.62120470892114,2927.7434988173814,938.88293586416762,-1.5813231062195698
586800,15477488.180146217,-39221890.978183322,-729.89318049947747,2859.8923395510142,1128.8673984822306,-1.583130571592243
587700,18016228.340035152,-38122208.392199889,-2152.9716238070596,2779.7272649783613,1313.9950905975454,-1.5781316834292618
588600,20477405.97253339,-36858396.270238578,-3568.4916319327076,2687.5929619412518,1493.4687420152486,-1.5663385133599883
589500,22850423.283045862,-35435893.042173631,-4970.3548124537965,2583.8856941372705,1666.5153624216118,-1.5477925344967816
590400,25125061.695628699,-33860820.648044676,-6352.5132815694878,2469.0516048588506,1832.3895772681262,-1.5225644810450651
591300,27291525.899499737,-32139958.226298746,-7708.9958879883297,2343.5848035507142,1990.3768460158394,-1.4907540802097394
592200,29340486.079158273,-30280712.963863187,-9033.9341384383024,2208.0252442526021,2139.7965486240273,-1.4524896574485431
593100,31263118.14479604,-28291088.232779898,-10321.587711490773,2062.9564049378587,2280.0049267128102,-1.4079276166732986
594000,33051141.788202077,-26179649.150073487,-11566.369448077252,1909.002777665462,2410.3978664419933,-1.3572517975471428
594900,34696856.198682599,-23955485.708888337,-12762.869709255387,1746.8271803280218,2530.4135108256419,-1.3006727125673851
595800,36193173.283592857,-21628173.639653672,-13905.879994441533,1577.1279015958935,2639.5346899405699,-1.2384266671559401
596700,37533648.24886664,-19207733.170069497,-14990.415716462481,1400.6356914229507,2737.2911582833622,-1.170774766500029
597600,38712507.406381361,-16704585.861998077,-16011.738033376048,1218.1106101881844,2823.2616293806859,-1.0980018133916865
598500,39724673.08705961,-14129509.711850546,-16965.374641055118,1030.3387501949564,2897.0755986569357,-1.0204151018027883
599400,40565785.551225111,-11493592.708732756,-17847.139435004879,838.12884383276105,2958.4149465068194,-0.93834311140006388
600300,41232221.800842106,-8808185.0514224507,-18653.150954768767,642.30877322153196,3007.0153145031618,-0.85213410864894401
601200,41721111.21181117,-6084850.2311573979,-19379.849529553281,443.72199660310298,3042.6672486865373,-0.76215466057410952
602100,42030347.918404959,-3335315.1921941126,-20024.013049340832,243.22390711627148,3065.2171049277467,-0.66878806763542242
603000,42158599.896139972,-571419.78612638172,-20582.771291737412,41.678139889310302,3074.5677124209528,-0.57243272253880451
603900,42105314.703826331,2194934.260985903,-21053.618741089904,-160.04715639444748,3070.6787924486348,-0.47350040213054845
604800,41870721.86014872,4951834.647545727,-21434.425842977013,-361.08306715670778,3053.5671306537511,-0.37241449981890618
605700,41455831.844839834,7687409.8391803838,-21723.448643997101,-560.56366243959951,3023.3065021537627,-0.26960820622727927
606600,40862431.729243517,10389880.233005814,-21919.336773813833,-757.62973391275159,2980.027349929966,-0.1655226460076864
607500,40093077.455760583,13047608.921946812,-22021.139733643427,-951.43250209065081,2923.9162180183407,-0.060604978930495809
608400,39151082.800258987,15649151.839527316,-22028.31146274188,-1141.1372776351111,2855.2149421095301,0.044693526483943778
609300,38040505.065944873,18183307.068372592,-21940.713161942738,-1325.9270608465267,2774.219601230544,0.14991943841447786
610200,36766127.571368173,20639163.099441715,-21758.614360871215,-1505.006063747066,2681.2792352244078,0.25461911781903113
611100,35333439.009113207,23006145.83371358,-21482.692223084065,-1677.6031395268974,2576.7943337615743,0.35834067666016328
612000,33748609.765240297,25274064.12365656,-21114.029091022421,-1842.9751045584169,2461.2151036041314,0.46063592979516127
612900,32018465.302640699,27433153.658292584,-20654.108280281755,-2000.4099386805112,2335.0395217965365,0.56106233209115097
613800,30150456.724089328,29474119.002986968,-20104.808140265937,-2149.2298500121688,2198.8111833708713,0.65918489240491807
614700,28152628.642873645,31388173.613220494,-19468.394405767183,-2288.7941911690777,2053.1169530269462,0.75457805618317453
615600,26033584.500394486,33167077.65049012,-18747.510871367595,-2418.5022144248614,1898.5844310746306,0.84682754859119591
616500,23802449.481027264,34803173.438097589,-17945.168427759425,-2537.7956540768268,1735.8792447045357,0.93553217026476387
617400,21468831.184757441,36289418.404876083,-17064.732506098637,-2646.1611250409464,1565.7021763809164,1.0203055380015322
618300,19042778.227621447,37619415.375827029,-16109.908983310024,-2743.1323275084801,1388.7861418248897,1.1007777629616526
619200,16534736.948756823,38787440.080143131,-15084.728607823585,-2828.2920483434327,1205.8930306746443,1.1765970592322563
620100,13955506.410859641,39788465.759128451,-13993.530011513119,-2901.2739507820756,1017.8104234702804,1.2474312759249189
621000,11316191.888033442,40618184.769039586,-12840.941379604063,-2961.7641449090452,825.34819911272825,1.3129693463173011
621900,8628157.041365359,41273027.086809546,-11631.860855993626,-3009.502532325253,629.33504738733916,1.3729226479180929
622800,5902974.988059164,41750175.639923126,-10371.435766760806,-3044.2839193869936,430.61490152227918,1.4270262677256647
623700,3152378.4745722646,42047578.395332672,-9065.0407496162497,-3065.958894379286,230.04330606882363,1.475040167363471
624600,388209.36792814964,42163957.156180806,-7718.2548816344697,-3074.4344649858194,28.48373564447337,1.5167502432062856
625500,-2377632.3178044986,42098813.029173888,-6336.8379018082842,-3069.6744534289596,-173.19611972980817,1.551969277058262
626400,-5133239.6409690985,41852428.539669782,-4926.7056287545056,-3051.6996476724462,-374.1280868402747,1.5805377734033388
627300,-7866749.9778317362,41425866.385849044,-3493.904677270617,-3020.5877081028907,-573.44724311789389,1.6023246797182533
628200,-10566396.074197322,40820964.837672122,-2044.5865803872455,-2976.4728301304754,-770.29563618184523,1.6172279868142889
629100,-13220556.68404004,40040329.800630085,-584.98142607580644,-2919.5451641707905,-963.82597323145001,1.6251752066539888
630000,-15817806.57783011,39087323.578516498,878.62888014695579,-2850.0499954851975,-1153.2052645547192,1.6261237255690462
630900,-18346965.705922075,37966050.38352669,2339.9376138251496,-2768.2866873631401,-1337.6184056093716,1.6200610312845471
631800,-20797147.305952918,36681338.655872934,3792.6403772666572,-2674.6073921232291,-1516.2716823811063,1.6070048126288323
632700,-23157804.74766881,35238720.268735103,5230.4622774315631,-2569.4155353875226,-1688.3961850334499,1.5870029312770952
633600,-25418776.913941078,33644406.707691625,6647.18502071681,-2453.1640800420728,-1853.2511152329075,1.5601332653393505
634500,-27570331.922927048,31905262.326741744,8036.6738093831391,-2326.3535772332893,-2010.1269729617804,1.526503425059845
635400,-29603209.003357965,30028774.795584142,9392.9039248144563,-2189.5300126607713,-2158.348609118138,1.4862503413470578
636300,-31508658.342770137,28023022.864906482,10709.986883649373,-2043.2824573095568,-2297.2781307473429,1.4395397283030777
637200,-33278478.737109154,25896641.58801394,11982.196054079595,-1888.2405326147598,-2426.3176463514346,1.386565421372939
638100,-34905052.879499853,23658785.148131147,13203.991621273495,-1725.0717008655008,-2544.9118393807057,1.3275485931917781
639000,-36381380.136052296,21319087.451101203,14370.044792963106,-1554.4783924289832,-2652.5503587248077,1.2627368496760378
639900,-37701106.667328738,18887620.65292893,15475.26113874072,-1377.1949821053179,-2748.7700157874333,1.1924032093888846
640800,-38858552.765486397,16374851.800625183,16514.802959563494,-1193.9846276048625,-2833.1567785471425,1.1168449697135381
641700,-39848737.289090097,13791597.77305986,17484.110587379666,-1005.6359837678921,-2905.3475538750758,1.0363824638939243
642600,-40667399.090108126,11148978.715979088,18378.922518688389,-812.95980671676398,-2965.0317502951893,0.95135771355022269
643500,-41311015.340608947,8458370.1719470862,19195.294290246467,-616.78546263881412,-3011.9526143306866,0.86213298184498366
644400,-41776816.680108853,5731354.1116979271,19929.616010054688,-417.95735633968525,-3045.9083345772256,0.76908923305812305
645300,-42062799.11831858,2979669.0781945684,20578.628462203349,-217.33129507762584,-3066.7529086740683,0.67262450491675341
646200,-42167732.642135672,215159.65856386907,21139.437710130762,-15.770803486003757,-3074.3967694028215,0.57315220060734462
647100,-42091166.490060486,-2550274.4980148179,21609.528129337392,185.85659438893208,-3068.8071672232345,0.4710993079580052
648000,-41833431.071707673,-5304729.8964600563,21986.773807576479,386.68310976719658,-3050.008307649618,0.36690455380270076
648900,-41395636.524669163,-8036350.4250286724,22269.448257969725,585.84442430246895,-3018.081242972411,0.26101650201154886
649800,-40779667.915587872,-10733378.376746485,22456.232398320099,782.48340952844512,-2973.1635189296912,0.15389160407678698
650700,-39988177.10685128,-13384205.043166596,22546.220758048268,975.75381447339578,-2915.4485780255177,0.045992211471535482
651600,-39024571.324740104,-15977420.662605461,22538.925882589523,1164.8239055081492,-2845.184922268727,-0.062215440760557038
652500,-37892998.479101457,-18501863.50797978,22434.280913674938,1348.8800427433173,-2762.6750391605642,-0.17026326957656057
653400,-36598329.298591904,-20946667.9032772,22232.640332601248,1527.1301776133873,-2668.2740957863216,-0.27768338899871342
654300,-35146136.359191932,-23301310.962513205,21934.778862289015,1698.8072566743265,-2562.3884068598436,-0.38401015503124342
655200,-33542670.096970309,-25555657.85072387,21541.888532563502,1863.1725170931297,-2445.4736835260696,-0.48878220089429225
656100,-31794831.908921394,-27700005.373083971,21055.573921600619,2019.5186598177984,-2318.0330706423269,-0.59154445321410787
657000,-29910144.458058402,-29725123.705584399,20477.845594804738,2167.1728869799322,-2180.6149811312466,-0.69185012003998136
657900,-27896719.310776878,-31622296.088811938,19811.111770480318,2305.4997906950371,-2033.8107368252154,-0.78926264183512274
658800,-25763222.045760956,-33383356.315207303,19058.168249489096,2433.9040810836973,-1878.2520260028118,-0.88335759689921323
659700,-23518834.984352339,-35000723.849691153,18222.186653623532,2551.833142036101,-1714.6081885510955,-0.97372455301507677
660600,-21173217.702302795,-36467436.433700591,17306.701024657148,2658.7794039796936,-1543.5833403732931,-1.0599688574625206
661500,-18736465.49215211,-37777180.033426665,16315.592842942013,2754.2825236820418,-1365.9133492991245,-1.1417133579031573
662400,-16219065.954084648,-38924316.004343912,15253.074531005201,2837.9313619257196,-1182.3626753443607,-1.2186000470069489
663300,-13631853.900991278,-39903905.355931707,14123.671513845909,2909.3657507269645,-993.72108870681257,-1.2902916240625446
664200,-10985964.770572159,-40711730.012760639,12932.202913548172,2968.278042633006,-800.80027937720718,-1.3564729671887683
665100,-8292786.7436363567,-41344310.980809867,11683.760961398049,3014.4144355225335,-604.43037268451167,-1.4168525101448717
666000,-5563911.7732624486,-41798923.340948336,10383.689215922648,3047.5760672479591,-405.45636548509299,-1.471163518124138
666900,-2811085.7341595511,-42073608.004907161,9037.5596801447027,3067.6198753951589,-204.73449804236918,-1.5191652573114576
667800,-46157.90539049264,-42167180.182743788,7651.1489158618606,3074.4592183943114,-3.1285769266709735,-1.5606440533923862
668700,2718969.9974295916,-42079234.524701685,6230.4132569026206,3068.0642551921615,198.49373550776906,-1.5954142346219933
669600,5472395.0222810451,-41810146.914451599,4781.4632270686761,3048.4620816890965,399.26464934241977,-1.6233189554974496
670500,8202264.1938907634,-41361072.904907376,3310.5372718314538,3015.7366231511342,598.31997717469835,-1.6442308975306992
671400,10896825.520289678,-40733942.802088566,1823.9749157940812,2970.0282828241516,794.80285017488336,-1.6580528440870381
672300,13544478.573844919,-39931453.416795053,328.18946044274367,2911.5333480020313,987.86740425112635,-1.6647181267426454
673200,16133824.429423738,-38957056.518109716,-1170.3596612218109,2840.5031558280157,1176.6824205344433,-1.6641909411179538
674100,18653714.74485999,-37814944.036893129,-2665.1947549759416,2757.2430221352815,1360.434904542456,-1.6564665306638651
675000,21093299.772329394,-36510030.081420273,-4149.8478412600925,2662.1109376540976,1538.3335885949919,-1.6415712374122156
675900,23442075.09359061,-35047929.841071106,-5617.8886166886696,2555.5160369241676,1709.6123423371112,-1.6195624192487132
676800,25689926.877303362,-33434935.467464596,-7062.9522810627905,2437.9168462468756,1873.5334765759303,-1.5905282338235855
677700,27827175.462776996,-31677989.03555619,-8478.767110123159,2309.8193179880759,2029.3909260564965,-1.5545872897794664
678600,29844617.081512254,-29784652.69994241,-9859.1816551474622,2171.7746594924988,2176.5132972881829,-1.5118881665447641
679500,31733563.535750348,-27763076.173872355,-11198.191451876801,2024.3769657906003,2314.266768085361,-1.462608804510793
680400,33485879.661906891,-25621961.670195639,-12489.965123147887,1868.2606661625375,2442.0578261026135,-1.4069557679789664
681300,35094018.416208871,-23370526.454623435,-13728.869762009228,1704.0977954667912,2559.335834323273,-1.3451633838271295
682200,36551053.430031903,-21018463.172188733,-14909.495485003685,1532.5951019379008,2665.5954121976397,-1.2774927593979191
683100,37850708.893308982,-18575898.117612142,-16026.679048697466,1354.491003904152,2760.3786219207268,-1.2042306836543712
684000,38987386.635902777,-16053347.629362073,-17075.526426414366,1170.5524085674756,2843.2769501848998,-1.1256884161742509
684900,39956190.28895124,-13461672.795497544,-18051.434246478828,981.57140662023346,2913.933076636346,-1.0422003690632295
685800,40752946.420854211,-10812032.666857339,-18950.109998064108,788.36185704337117,2972.042421201314,-0.95412268735347983
686700,41374222.555710793,-8115836.179773408,-19767.590915961846,591.75587693434102,3017.3544634237787,-0.86183173391685486
687600,41817341.995582066,-5384692.996207213,-20500.261461213493,392.60025164847292,3049.6738279655247,-0.76572248535693477
688500,42080395.381878085,-2630363.4740065881,-21144.869320547059,191.75278090175311,3068.8611314574,-0.66620684575036448
689400,42162248.945388146,135292.0161648402,-21698.539853916503,-9.921423225578593,3074.833586951198,-0.56371188548165818
690300,42062549.408921964,2900364.2077823328,-22158.788926116911,-211.55367022799288,3067.5653632998319,-0.45867801275616038
691200,41781725.521140166,5652946.2679402586,-22523.534065414358,-412.27544075750734,3047.08769788362,-0.3515570856803753
692100,41320986.214856744,8381185.1170683485,-22791.103899353075,-611.22213548525315,3013.4887621970056,-0.24281047306646625
693000,40682315.397826187,11073332.516651563,-22960.245825349564,-807.53680688578265,2966.9132809074322,-0.13290707234671828
693900,39868463.398716442,13717795.703763815,-23030.131881318823,-1000.3738576725034,2907.5619060908894,-0.022321293173341999
694800,38882935.105546877,16303187.353248149,-23000.362789365819,-1188.9026897713534,2835.6903494315352,0.088468984571989054
695700,37729974.848273598,18818374.651366577,-22870.970153479077,-1372.3112879517441,2751.6082762405781,0.19898446952629151
696600,36414548.091365702,21252527.268685311,-22642.416800145671,-1549.8097225372858,2655.6779661972232,0.30874652545182762
697500,34942320.016073227,23595164.024836238,-22315.595258830766,-1720.633555991968,2548.3127467371346,0.41727923677661183
698400,33319631.085578039,25836198.043577276,-21891.824387292603,-1884.0471386180548,2429.9752060068445,0.52411146416059218
699300,31553469.699283734,27965980.203235358,-21372.844154698527,-2039.3467791074352,2301.175193261477,0.62877888123677927
700200,29651442.055081852,29975340.695122521,-20760.80860343215,-2185.8637762557373,2162.467615503816,0.73082598377463748
701100,27621739.350476127,31855628.51083263,-20058.277018300061,-2322.9672987751114,2014.4500400411998,0.82980806265106521
702000,25473102.464900807,33598748.688413076,-19268.203339522905,-2450.0671008238987,1857.7601134692848,0.92529313219133635
702900,23214784.276386108,35197197.157220468,-18393.92386339563,-2566.6160616059651,1693.0728083749541,1.0168638056570729
703800,20856509.775857471,36644093.031765081,-17439.143281792109,-2672.1125381755146,1521.0975097814,1.1041191099094037
704700,18408434.151763663,37933208.215977743,-16407.91911873794,-2766.1025214109259,1342.5749540338418,1.1866762315609662
705600,15881099.026373951,39058994.191044025,-15304.644629052125,-2848.1815859894537,1158.2740334418681,1.2641721872488694
706500,13285387.032931106,40016605.872189954,-14134.030230534709,-2917.9966260994192,968.98848055176109,1.3362654110090573
707400,10632474.929864794,40801922.432517588,-12901.083547327728,-2975.2473695634544,775.53344641742547,1.4026372521090364
708300,7933785.4544314975,41411565.005119145,-11611.08814787675,-3019.68766401115,578.74198767006737,1.4629933770970474
709200,5200938.1234293589,41842911.188188635,-10269.581066349172,-3051.1265297276523,379.46147755326353,1.517065070248774
710100,2445699.1930206534,42094106.291639887,-8882.3292014051403,-3069.4289748119295,178.54995639052453,1.5646104270338581
711000,-320069.00683475565,42164071.277770765,-7455.3046908529132,-3074.516569300124,-23.127562813740525,1.6054154356799557
711900,-3084459.1452850997,42052507.362723909,-5994.6593649413462,-3066.367775941233,-224.7028177721561,1.6392949423783012
712800,-5835570.1511669252,41759897.259825572,-4506.6983848403943,-3045.0180363499553,-425.30803334371552,1.6660934961469815
713700,-8561558.4409150966,41287503.060274385,-2997.8531762326097,-3010.5596123006212,-624.07965499399461,1.6856860698422427
714600,-11250688.893712247,40637360.761042684,-1474.6537708843939,-2963.1411829625727,-820.16206331881858,1.6979786542804887
715500,-13891385.354971647,39812271.464184031,56.299328410617136,-2902.9671999071456,-1012.7112537624696,1.7029087228991087
716400,-16472280.451354174,38815789.285954192,1588.3636420153161,-2830.2970027357023,-1200.8984658242871,1.7004455648407621
717300,-18982264.503538191,37652206.028191507,3114.8834475559661,-2745.4436991832836,-1383.913746273397,1.6905904847890885
718200,-21410533.326875933,36326532.678209774,4629.2186334377229,-2648.7728145399137,-1560.969431178826,1.6733768683135439
719100,-23746634.714864518,34844477.816978462,6124.7735503240274,-2540.7007161980837,-1731.3035319099943,1.6488701118957858
720000,-25980513.406013336,33212423.028546959,7595.0257385720388,-2421.6928200773264,-1894.1830106688431,1.6171674172119523
720900,-28102554.341179457,31437395.41646013,9033.5544094099969,-2292.2615865920429,-2048.9069315780916,1.5783974496369453
721800,-30103624.025742855,29527037.34526132,10434.068557786475,-2152.9643147140014,-2194.8094738686586,1.5327198613245152
722700,-31975109.819075845,27489573.53703656,11790.434585315226,-2004.4007435333619,-2331.2627942814543,1.4803246796079867
723600,-33708956.982594721,25333775.664272945,13096.703312590224,-1847.2104715388784,-2457.6797264229986,1.4214315618708022
724500,-35297703.327233657,23068924.591039002,14347.136261370717,-1682.0702046162985,-2573.5163054889945,1.356288918465502
725400,-36734511.311414726,20704770.424599864,15536.231088763478,-1509.6908445010413,-2678.2741074934556,1.2851729057263037
726300,-38013197.451465786,18251490.549013149,16658.746057598499,-1330.8144301139243,-2771.502392911651,1.2083862916372878
727200,-39128258.91791749,15719645.820969978,17709.723429755111,-1146.2109448539522,-2852.8000454611324,1.1262571972957263
728100,-40074897.203149229,13120135.11611033,18684.511672307064,-956.67500351662238,-2921.8172976045248,1.0391377179575934
729000,-40849038.75840231,10464148.421214165,19578.786370081991,-763.02243304641297,-2978.2572352583297,0.94740242817246645
729900,-41447352.511188306,7763118.6740142386,20388.569742638494,-566.08676181452438,-3021.8770751310976,0.85144677630716292
730800,-41867264.187536456,5028672.5578594897,21110.248668813649,-366.71563253397358,-3052.4892090888711,0.75168537461132867
731700,-42106967.377290301,2272580.4630490667,21740.591127933938,-165.76715428021274,-3069.9620109521557,0.64855019187829677
732600,-42165431.294719711,-493294.16967007355,22276.760973544704,35.893790626784522,-3074.2204021626048,0.54248865667579371
733500,-42042405.200997703,-3257045.9052174445,22716.330963103064,237.39926890664452,-3065.2461738142051,0.43396168003388264
734400,-41738419.469536237,-6006778.5499080122,23057.293975473309,437.88203165422533,-3043.0780636175223,0.32344160734632066
735300,-41254783.289713971,-8730656.3459981084,23298.072357206718,636.4792465456585,-3007.8115874504833,0.21141011002972848
736200,-40593579.019093014,-11416954.904428726,23437.525348389903,832.33621074468897,-2959.5986262385945,0.098356028156964023
737100,-39757653.20874048,-14054111.656304944,23474.954549188635,1024.6100284279228,-2898.6467699947329,-0.015226824194500374
738000,-38750604.340675071,-16630775.605783418,23410.107398953445,1212.473237013791,-2825.2184219265318,-0.12884187878481138
738900,-37576767.330679134,-19135856.17013628,23243.178650728147,1395.1173664223259,-2739.6296665811401,-0.24199204598195623
739800,-36241194.86368534,-21558570.89680206,22974.809835043638,1571.7564160091742,-2642.248907035977,-0.35418194821715249
740700,-34749635.642598942,-23888491.852198787,22606.086717821385,1741.6302342046577,-2533.4952771538397,-0.46492014208209725
741600,-33108509.644689068,-26115590.482932534,22138.534767898025,1904.0077863435731,-2413.8368358957382,-0.57372131738642407
742500,-31324880.492516719,-28230280.756752685,21574.112659981929,2058.1902966897314,-2283.7885516201663,-0.68010846199047192
743400,-29406425.058708075,-30223460.398145683,20915.203848654655,2203.5142512364623,-2143.9100851890871,-0.78361498182964284
744300,-27361400.435678251,-32086550.041781005,20164.606258257845,2339.3542484958771,-1994.8033815453425,-0.88378676621756558
745200,-25198608.412616178,-33811530.136082627,19325.520142110363,2465.1256861708839,-1837.1100802209908,-0.9801841892237394
746100,-22927357.612613048,-35390975.438951328,18401.534172461816,2580.2872723302708,-1671.5087559792821,-1.0723840386371264
747000,-20557423.452716164,-36818086.958060198,17396.609829911864,2684.3433504742793,-1498.7120014834013,-1.1599813647257302
747900,-18099006.098882332,-38086721.199140161,16315.064167733919,2776.8460286819477,-1319.4633645218055,-1.2425912416657763
748800,-15562686.596258305,-39191416.59721534,15161.551032674332,2857.3971038684658,-1134.5341529025286,-1.3198504351307894
749700,-12959381.362902705,-40127417.01779101,13941.040829398587,2925.6497730474666,-944.7201206568036,-1.3914189700960102
750600,-10300295.24195811,-40890692.22749009,12658.798920871295,2981.3101243865949,-750.83804966552327,-1.456981593427471
751500,-7596873.3133614194,-41477955.246528693,11320.362761630498,3024.1384017621094,-553.72224124009927,-1.5162491262929543
752400,-4860751.6714244969,-41886676.508667,9931.5178651876176,3053.9500374570712,-354.220932551766,-1.5689597018616124
753300,-2103707.3790072347,-42115094.767818235,8498.2727106817474,3070.6164486055195,-153.19265310972912,-1.61487988416064
754200,662392.18747423147,-42162224.704295702,7026.8326974619167,3074.0655939594617,48.497463261943295,-1.6538056643410213
755100,3425640.3853245582,-42027861.197673321,5523.5732594745677,3064.2822885441196,249.98139530707584,-1.6855633309806395
756000,6174142.5265100207,-41712580.247376621,3995.0122541984661,3041.3082747671106,450.39196430527568,-1.7100102114308895
756900,8896067.0528044589,-41217736.536355875,2447.7817433904684,3005.2420495563779,648.86656127748211,-1.727035281600054
757800,11579696.445755353,-40545457.647465587,888.59928507180939,2956.238448116781,844.55085556985102,-1.7365596419691944
758700,14213477.653073933,-39698634.956429929,-675.76114201975906,2894.5079859130551,1036.6024690070585,-1.7385368580580893
759600,16786071.81495804,-38680911.239455514,-2238.4984588805351,2820.3159615039281,1224.1945999197662,-1.7329531640024947
760500,19286403.076674975,-37496665.047603227,-3792.8139279657744,2733.9813238647371,1406.5195815288143,-1.7198275283700935
761400,21703706.277457584,-36150991.91389259,-5331.9405919935916,2635.8753088399117,1582.7923594113054,-1.699211581831177
762300,24027573.310391545,-34649682.472725436,-6849.1725855142031,2526.4198503579446,1752.2538730814372,-1.6711894068084265
763200,26247997.953480598,-32999197.584523704,-8337.8941952786754,2406.0857730154721,1914.1743270917827,-1.6358771897570366
764100,28355418.978453077,-31206640.57141849,-9791.6085462699393,2275.3907735893017,2067.8563374982587,-1.5934227372673633
765000,30340761.351094484,-29279726.682348073,-11203.965791579421,2134.8971999608657,2212.6379400334808,-1.544004857734069
765900,32195475.344932057,-27226749.917962931,-12568.790686133303,1985.2096368320078,2347.8954468973661,-1.4878326108944195
766800,33911573.398927346,-25056547.357241075,-13880.109426597144,1826.9723084694442,2473.0461396989435,-1.4251444280992782
767700,35481664.559417807,-22778461.138632964,-15132.175642616938,1660.8663095330494,2587.5507867673005,-1.3562071067398769
768600,36898986.356849208,-20402298.258830238,-16319.495427884829,1487.6066758158447,2690.9159737897839,-1.2813146828064055
769500,38157433.978815019,-17938288.361836925,-17436.851303341566,1307.9393074468198,2782.6962375289895,-1.2007871860977211
770400,39251586.612520732,-15397039.699869623,-18479.325009134336,1122.637757777487,2862.4959932133174,-1.1149692831304214
771300,40176730.841969706,-12789493.455680907,-19442.319026723537,932.49990178551934,2929.9712470851337,-1.0242288133065112
772200,40928880.997870162,-10126876.623148616,-20321.576737757372,738.3444983804925,2984.8310865217418,-0.92895522438861255
773100,41504796.371433869,-7420653.6493666964,-21113.20113198835,541.00766148452203,3026.8389411130333,-0.82955791379643273
774000,41901995.216817141,-4682477.0469794013,-21813.67198256711,341.33925518171736,3055.8136090811768,-0.72646448267537933
774900,42118765.480883084,-1924137.1900924761,-22419.86141348998,140.19922858249527,3071.6300444571234,-0.62011891009467379
775800,42154172.213177249,842488.4892503235,-22929.047790769051,-61.546093669995145,3074.219901481074,-0.51097965510593757
776700,42008061.623442955,3605486.6843379061,-23338.927876006219,-263.02774911533783,3063.5718337640892,-0.3995176947312154
777600,41681061.768591233,6352959.5553920809,-23647.627188453145,-463.37788714201452,3039.7315468305846,-0.28621450625051137
778500,41174579.865717471,9073076.007327551,-23853.708529292835,-661.73351427212492,3002.8016037511893,-0.17156000242071581
779400,40490796.24245511,11754122.681731638,-23956.178629750098,-857.24021874609321,2952.9409846670178,-0.056050428479367809
780300,39632654.950609766,14384554.44233482,-23954.492892690301,-1049.0558581767739,2890.3644020945949,0.059813770033496777
781200,38603851.083556876,16953044.13543009,-23848.558205560785,-1236.3541942042216,2815.3413749801753,0.17553009946482989
782100,37408814.852248125,19448531.409851797,-23638.73381082826,-1418.3284583172824,2728.1950655378978,0.29059618098506862
783000,36052692.488789111,21860270.385228284,-23325.830228429353,-1594.1948333147614,2629.3008839530512,0.40451191495698768
783900,34541324.060361423,24177875.962258197,-22911.106233140668,-1763.1958352557238,2519.0848670547439,0.51678163741645189
784800,32881218.289702155,26391368.574703872,-22396.26389814922,-1924.6035811934405,2398.0218380567258,0.62691625938247852
785700,31079524.491363809,28491217.189619508,-21783.441724424905,-2077.7229284984596,2266.6333554263656,0.73443537979612916
786600,29144001.745498963,30468380.370004229,-21075.205883723986,-2221.8944721505682,2125.4854598654101,0.83886936301290227
787500,27082985.44289089,32314345.22255569,-20274.539611147778,-2356.4973870142362,1975.1862292679305,0.93976137194158937
788400,24905351.346330877,34021164.062458329,-19384.830791105825,-2480.9521028043282,1816.3831523567528,1.0366693481322362
789300,22620477.324175227,35581488.637129374,-18409.857788250683,-2594.7228001949411,1649.7603324859838,1.1291679303663811
790200,20238202.921952352,36988601.761518411,-17353.773582426165,-2697.319717320624,1476.0355338303457,1.216850303592373
791100,17768786.947190423,38236446.228864029,-16221.088273868114,-2788.3012567619112,1295.9570828588417,1.2993299703752457
792000,15222863.251157846,39319650.872701146,-15016.65003178366,-2867.2758839920493,1110.3006386077134,1.3762424373929278
792900,12611394.898917191,40233553.668330722,-13745.624565981047,-2933.903809184565,919.86584582321302,1.4472468099056028
793800,9945626.9259556215,40974221.774853297,-12413.473207398809,-2987.8984452375162,725.47288553603369,1.5120272875499785
794700,7237037.8856431693,41538468.43216949,-11025.929689164901,-3029.0276358551837,527.95893805443666,1.5702945552625838
795600,4497290.3968614284,41923866.641005196,-9588.9757251802275,-3057.1146485368058,328.17457372058709,1.6217870636118183
796500,1738180.9053189708,42128759.567964122,-8108.815488147693,-3072.0389283499849,126.98008706318078,1.6662721933138773
797400,-1028411.1246879599,42152267.631783985,-6591.8490934413639,-3073.7366094085892,-74.758209801690143,1.7035472992185863
798300,-3790574.3690116084,41994292.241311513,-5044.645199218764,-3062.2007820265339,-276.17171852074898,1.7334406295729023
799200,-6536416.932477057,41655516.170152746,-3473.9128367150779,-3037.4815145748221,-476.39329452555319,1.7558121168976031
800100,-9254117.5469860192,41137400.56743554,-1886.4725877181754,-2999.6856301249049,-674.56097963824675,1.7705540373411053
801000,-11931976.458639437,40442178.618578486,-289.22722880947163,-2948.9762390120686,-869.82171123326634,1.7775915358983179
801900,-14558465.785107967,39572845.88433288,1310.8680359257251,-2885.5720294936714,-1061.3349920554924,1.7768830153965007
802800,-17122279.1269002,38533147.360591009,2906.8356303523374,-2809.7463197042975,-1248.2765049902371,1.7684203876489146
803700,-19612380.219516043,37327561.315476201,4491.7058253159157,-2721.8258751191197,-1429.8416573402885,1.7522291856560628
804600,-22018050.417708836,35961279.973989628,6058.5469958597705,-2622.1894967241378,-1605.2490394880765,1.7283685361895094
805500,-24328934.808193594,34440187.133930497,7600.495790835379,-2511.2663860538169,-1773.7437832047394,1.6969309925211231
806400,-26535086.75310529,32770832.809875868,9110.7870890812701,-2389.5342941897052,-1934.6008053101964,1.6580422274604907
807300,-28627010.673303351,30960405.014652479,10582.783616661272,-2257.517462714708,-2087.1279228868461,1.6118605872346985
808200,-30595702.888206329,29016698.799905937,12010.005100291506,-2115.7843654840781,-2230.6688268017597,1.5585765070913822
809100,-32432690.337191597,26948082.689025562,13386.156833026351,-1964.94526090317,-2364.6059008957773,1.4984117898322127
810000,-34130067.016674168,24763462.646770485,14705.157529502725,-1805.6495651912717,-2488.3628748502374,1.4316187488000367
810900,-35680527.976749703,22472243.740421943,15961.166349554213,-1638.5830578579885,-2601.4072994408307,1.3584792171580671
811800,-37077400.731710128,20084289.657117162,17148.608970808516,-1464.4649313216953,-2703.2528336308369,1.2793034256307063
812700,-38314673.949776165,17609880.251163188,18262.202592993934,-1284.0446972561772,-2793.4613337406195,1.1944287512373593
813600,-39387023.298995718,15059667.303547762,19296.979759140151,-1098.0989628597986,-2871.6447357543661,1.1042183399630849
814500,-40289834.338386983,12444628.683524601,20248.310881718215,-907.42809079902383,-2937.4667226865422,1.0090596067900373
815400,-41019222.356012657,9776021.1090193037,21111.925365093961,-712.85275708262827,-2990.6441698270814,0.90936261707970178
816300,-41572049.0687088,7065331.7086490747,21883.931219550992,-515.21042157209001,-3030.9483616136545,0.80555835395953967
817200,-41945936.111607403,4324228.5933464542,22560.833066666215,-315.35172622483776,-3058.2059748388706,0.69809687713806534
818100,-42139275.259331889,1564510.6498979134,23139.548441088762,-114.13683649768225,-3072.2998238872106,0.5874453794475808
819000,-42151235.334754959,-1201943.2278705146,23617.422299872982,87.568258394839191,-3073.1693647077136,0.47408614838557511
819900,-41981765.775428712,-3963225.252026706,23992.239657526752,288.89547047093231,-3060.8109552603682,0.35851444097258611
820800,-41631596.842169106,-6707449.9777861312,24262.236272911447,488.97834719142242,-3035.2778712227368,0.24123628133607583
821700,-41102236.468736634,-9422805.4446713496,24426.107323093416,686.95579879709021,-2996.6800768040239,0.12276619152619907
822600,-40395963.76603891,-12097604.001505457,24483.014009180875,881.97580269153696,-2945.183751581425,0.0036248671222389311
823500,-39515819.208722383,-14720332.596472226,24432.588050023809,1073.1990688714948,-2881.0105753426715,-0.11566318985249494
824400,-38465591.54635296,-17279702.315740779,24274.934031298988,1259.8026505649927,-2804.4367739831714,-0.23457206737604075
825300,-37249801.495541662,-19764696.957371362,24010.629589796485,1440.9834844709137,-2715.7919305598298,-0.35257685527994087
826200,-35873682.283284679,-22164620.431378659,23640.723425477725,1615.961845300503,-2615.4575666400237,-0.46915605816044792
827100,-34343157.125390999,-24469142.78191144,23166.731146871367,1783.9846997007312,-2503.8655000970261,-0.58379399485903005
828000,-32664813.737102281,-26668344.633488249,22590.628968380261,1944.3289450888319,-2381.4959864861162,-0.695983170141245
828900,-30845875.985805277,-28752759.870078921,21914.845290857251,2096.3045194436427,-2248.8756520829002,-0.80522660457553397
829800,-28894172.808040272,-30713416.363506056,21142.250209150552,2239.257368679037,-2106.57522757167,-0.91104010921759737
830700,-26818104.524762705,-32541874.576120608,20276.143002027493,2372.5722588634994,-1955.207092232195,-1.0129544925061067
831600,-24626606.699969597,-34230263.871937856,19320.237670801107,2495.6754212432552,-1795.4226392841692,-1.1105176877281979
832500,-22329111.698309816,-35771316.380358674,18278.646602992441,2608.0370187695962,-1627.90947380635,-1.2032967904683316
833400,-19935508.107115068,-37158398.267196298,17155.862446392555,2709.1734236193174,-1453.3884553495791,-1.2908799965628135
834300,-17456098.197378457,-38385538.278930761,15956.738286915102,2798.6492960257679,-1272.6105980074803,-1.3728784321975311
835200,-14901553.606535362,-39447453.437868349,14686.466230665697,2876.0794556023093,-1086.3538412942946,-1.4489278688691147
836100,-12282869.433436822,-40339571.778139338,13350.554496741734,2941.1305372356178,-895.41970570516469,-1.5186903169488561
837000,-9611316.9426225983,-41058052.025168814,11954.80313248365,2993.5224245491413,-700.62984729964853,-1.5818554925230373
837900,-6898395.080876559,-41599800.134348974,10505.278467307347,3033.0294548833513,-502.82252605406711,-1.6381421530223412
838800,-4155781.0140616032,-41962482.618071727,9008.2864249455561,3059.4813907056055,-302.84900307230043,-1.6872992978938597
839700,-1395279.896368742,-42144536.60399282,7470.3448169991934,3072.7641533451961,-101.56988202773579,-1.7291072312177029
840600,1371225.9126384621,-42145176.581338979,5898.1547432276529,3072.8203159452919,100.14858956885674,-1.763378483736564
841500,4131827.9654576932,-41964397.806181572,4298.5712260562586,3059.6493535299624,301.43824351982994,-1.7899585922655195
842400,6874642.9593976662,-41602976.350829959,2678.5732084041947,3033.3076490983594,501.43272265436605,-1.8087267348965381
843300,9587863.8649605177,-41062465.796789065,1045.2330451757716,2993.908255676316,699.27120521237066,-1.8195962208239909
844200,12259810.730569407,-40345190.585022949,-594.31438036293389,2941.6204152750984,894.10210602971642,-1.8225148340088571
845100,14878980.945666913,-39454236.051514268,-2232.9027835690122,2876.6688367246352,1085.0867387425144,-1.8174650302837583
846000,17434098.746436417,-38393435.190250769,-3863.365716831825,2799.3327353608129,1271.4029233772292,-1.8044639878882927
846900,19914163.751532678,-37167352.199749514,-5478.5677876381478,2709.9446385499882,1452.2485239053935,-1.7835635118237896
847800,22308498.319239791,-35781262.882989459,-7071.4357250610301,2608.8889620249547,1626.8449006164824,-1.7548497928322433
848700,24606793.522391438,-34241131.98410783,-8634.989164359069,2496.6003629814513,1794.44026250001,-1.7184430222402367
849600,26799153.543173879,-32553587.558368243,-10162.371020693248,2373.5618768388572,1954.3129052277438,-1.6744968643649165
850500,28876138.296565924,-30725892.484674014,-11646.877324708668,2240.3028454990167,2105.7743207883063,-1.6231977886549467
851400,30828804.098628845,-28765913.24222235,-13081.986394904747,2097.3966458388495,2248.1721653484847,-1.5647642642323527
852300,32648742.204114843,-26682086.084721163,-14461.387224343924,1945.4582280415034,2380.8930724967859,-1.4994458200077641
853200,34328115.046884499,-24483380.756867137,-15779.006962335809,1785.1414742029531,2503.365299663511,-1.4275219740575547
854100,35859690.026376009,-22179261.908460442,-17029.037375287429,1617.136388442136,2615.0611962057824,-1.3493010364719433
855000,37236870.693813615,-19779648.37155956,-18205.960174933003,1442.1661304888198,2715.4994823930178,-1.2651187904038887
855900,38453725.20293697,-17294870.475412842,-19304.571106645762,1260.9839054206159,2804.2473293255166,-1.175337056563768
856800,39505011.90173158,-14735625.582497293,-20320.002695483468,1074.3697228651658,2880.9222306629435,-1.0803421469103931
857700,40386201.953894004,-12112932.036809938,-21247.745553016688,883.12703957207452,2945.1936579270159,-0.98054321377977882
858600,41093498.891522616,-9438081.7225546837,-22083.668153820254,688.07929978849529,2996.7844920698672,-0.87637050116478599
859500,41623855.013729855,-6722591.4375146739,-22824.034996753784,490.06638833943276,3035.4722249623151,-0.76827350530770833
860400,41974984.559469171,-3978153.2906660922,-23465.523072795266,289.94101171628415,3061.0899254502724,-0.65671905218971771
861300,42145373.596799098,-1216584.3379484601,-24005.236568195753,88.565022812602848,3073.5269656483433,-0.54218929989320508
862200,42134286.58500696,1550224.3264634465,-24440.719739065808,-113.19429478735374,3072.7295041825619,-0.42517967417146663
863100,41941769.580423519,4310358.8035577377,-24769.967901153366,-314.46796686558417,3058.7007241544497,-0.30619674588342138
864000,41568650.071312755,7051933.7262021871,-24991.436486495695,-514.38907674660379,3031.5008246711923,-0.18575605923550012
864900,41016533.441853456,9763143.4772741012,-25104.048126789163,-712.09650531474051,2991.2467658667633,-0.06437992001766954
865800,40287796.079875782,12432313.067717323,-25107.197731683333,-906.7386466150856,2938.1117684212663,0.057404846776908922
866700,39385575.157610968,15047948.454433121,-25000.75553873125,-1097.477082874645,2872.3245696655067,0.17906916039962559
867600,38313755.129189543,17598786.080273241,-24785.068120377247,-1283.4902029469338,2794.1684394298663,0.30008395919753988
868500,37076951.002918772,20073841.42172448,-24460.957342095768,-1463.9767484221782,2703.9799598558693,0.4199224771342463
869400,35680488.460417606,22462456.334140785,-24029.717274569339,-1638.1592719554019,2602.1475744304448,0.53806251222297374
870300,34130380.908424474,24754344.989573475,-23493.109071568819,-1805.2874927448061,2489.1099125219002,0.65398867713680242
871200,32433303.562457591,26939638.208349589,-22853.353833933303,-1964.6415345412265,2365.3538966882147,0.76719462232971647
872100,30596564.67443775,29008925.992526438,-22113.123488698322,-2115.5350320842426,2231.4126409877335,0.87718522211720473
873000,28628074.028821852,30953298.077175483,-21275.529720948372,-2257.3180924393159,2087.8631494451251,0.98347871432572775
873900,26536308.843685072,32764382.324086383,-20344.111004331797,-2389.380098350588,1935.3238247071249,1.0856087843265938
874800,24330277.224475931,34434380.791892998,-19322.817784333103,-2511.1523414226899,1774.4517977589278,1.1831265845197967
875700,22019479.328801498,35956103.326764807,-18215.995876309771,-2622.1104736988955,1605.9400903590065,1.2756026806266347
876600,19613866.4105304,37322998.528633587,-17028.368147929985,-2721.7767670085295,1430.5146225838798,1.3626289164851433
877500,17123797.920685187,38529181.959386602,-15765.014562957514,-2809.7221703100122,1248.931078551346,1.4438201894167881
878400,14559996.850991229,39569461.47150135,-14431.350670285368,-2885.5681561530055,1061.9716440076436,1.5188161286457729
879300,11933503.513519639,40439359.548168093,-13033.104628687446,-2948.9883483195326,870.44163001800734,1.5872826697002973
880200,9255627.9565731324,41135132.558986738,-11576.292863907149,-2999.7099236749946,675.16599748845692,1.6489135182059351
881100,6537901.2227878142,41653786.848773748,-10067.19446040506,-3037.5147822609233,476.98579766718876,1.7034314969917417
882000,3792025.6603350411,41993091.590811945,-8512.3243953195597,-3062.2404806870295,276.75454412477688,1.7505897709664606
882900,1029824.5020867707,42151588.349956244,-6918.4057269326458,-3073.7809249255147,75.334531992031032,1.7901729447810966
883800,-1736809.0693611186,42128597.315308183,-5292.3408541599147,-3072.086819670506,-126.40687955815307,1.821998028871614
884700,-4495963.1508399863,41924220.176626027,-3641.181967284303,-3057.1658724944728,-327.60100546389259,1.8459152700661239
885600,-7235758.4208580684,41539339.633179374,-1972.1008133180194,-3029.0827521063957,-527.38157737947074,1.8618088435404001
886500,-9944399.2937293109,40975615.53832227,-292.35790200038855,-2987.9588010879361,-724.88847456038229,1.869597403508201
887400,-12610224.705180604,40235477.697582379,1390.7287194788696,-2933.9715045488333,-919.27142693861867,1.8692344906330431
888300,-15221758.310808858,39322115.352480255,3069.8149933967534,-2867.3537171961689,-1109.6936744517034,1.8607087947401009
889200,-17767757.88147264,38239463.396541141,4737.5625494020969,-2788.3926523491687,-1295.3355669111606,1.8440442719842476
890100,-20237263.68334049,36992185.383979209,6386.6704422495168,-2697.4286374473395,-1475.3980889853387,1.8193001161878168
891000,-22619645.634859085,35585653.405262217,8009.9067981861463,-2594.8536415906065,-1649.1062952255513,1.7865705845925455
891900,-24904649.038324226,34025924.917145714,9600.1402392627406,-2481.1095816117613,-1815.71264048074,1.7459846787700377
892800,-27082438.690008491,32319716.627745613,11150.370955722021,-2356.6864141102697,-1974.5001915215153,1.6977056818986791
893700,-29143641.179889984,30474375.549743805,12653.761297898402,-2222.1200217690871,-2124.7857062264802,1.6419305540395412
894600,-31079385.199903119,28497847.346844327,14103.665760708109,-2077.9899031294844,-2265.9225672691268,1.5788891874270883
895500,-32881339.68825854,26398642.110070914,15493.66023578012,-1924.916675810553,-2397.3035578790582,1.5088435241331652
896400,-34541749.64671573,24185797.711376581,16817.570408540676,-1763.5594039275675,-2518.363467933732,1.4320865387672213
897300,-36053469.477699131,21868840.892281689,18069.499180085491,-1594.6127611848617,-2628.5815193631133,1.3489410891482829
898200,-37409993.698783219,19457746.254830744,19243.852996429327,-1418.8040417924717,-2727.4836006165347,1.2597586381333172
899100,-38605484.903291129,16962893.331024315,20335.366970696141,-1236.8900319799634,-2814.6443007457178,1.1649178500250079
900000,-39634798.847509146,14395021.915008623,21339.128687002369,-1049.6537554542019,-2889.6887344974489,1.0648230652254902
900900,-40493506.557270199,11765185.849661373,22250.60057820343,-857.90110666890678,-2952.2941506811544,0.9599026570696616
901800,-41177913.359354749,9084705.4657700323,23065.640773349845,-662.45738624140517,-3002.191316977955,0.85060727508316114
902700,-41685074.756249391,6365118.8777330779,23780.522314684029,-464.16375326459115,-3039.1656752862009,0.73740797928766355
903600,-42012809.076241136,3618132.3446021327,24391.950648370865,-263.87360961832758,-3063.0582626515261,0.62079427064007364
904500,-42159706.844557829,855569.90930237481,24897.079297980326,-62.448931682758598,-3073.7663938045903,0.50127202326045261
905400,-42125136.835239366,-1910677.4679984646,25293.523635128968,139.24343490543708,-3071.2441023243468,0.37936132478826573
906300,-41909248.77758541,-4668703.064172185,25579.372667746287,340.33550163573096,-3055.5023384560113,0.25559423201251574
907200,-41512972.705317974,-7406635.6155496258,25753.198773269691,539.9618687135162,-3026.608922637965,0.13051244984329749
908100,-40938014.95096238,-10112690.388577979,25814.0653117859,737.26344587661129,-2984.6882548271478,0.0046649427143740652
909000,-40186850.802329324,-12775219.879365407,25761.532062804195,931.39114647667384,-2929.9207807543212,-0.12139451140243322
909900,-39262713.852312371,-15382763.924250472,25595.658439017327,1121.5095389508224,-2862.5422172847047,-0.24710981306101398
910800,-38169582.08743716,-17924099.005961169,25317.004441083547,1306.8004399658942,-2782.8425401012146,-0.37192506707218365
911700,-36912160.774646819,-20388286.543289762,24926.6293291072,1486.4664337456259,-2691.164737961778,-0.49528712845456635
912600,-35495862.219620116,-22764719.956496991,24426.087999014831,1659.7343023900769,-2587.9033388035409,-0.61664815425896924
913500,-33926782.483428918,-25043170.305857364,23817.425065271695,1825.8583523665081,-2473.5027139693684,-0.73546814620833412
914400,-32211675.157487746,-27213830.306847408,23103.166665168228,1984.1236227906597,-2348.4551678101134,-0.85121746862154879
915300,-30357922.309467513,-29267356.532435693,22286.310013996164,2133.8489616252364,-2213.2988208636398,-0.96337932588949082
916200,-28373502.725078348,-31194909.62072742,21370.310754571929,2274.3899564959515,-2068.6152957227932,-1.0714521838672111
917100,-26266957.582314126,-32988192.314811736,20359.068158482391,2405.141707461547,-1915.0272155738821,-1.1749521199400665
918000,-24047353.705840409,-34639485.171017289,19256.90824986095,2525.5414297690163,-1753.1955262097008,-1.2734150871997123
918900,-21724244.559645947,-36141679.781856008,18068.564935208684,2635.0708753745648,-1583.8166530920098,-1.3663990790963003
919800,-19307629.145819429,-37488309.370678879,16799.159234546572,2733.2585628099273,-1407.6195057539076,-1.4534861820719343
920700,-16807908.986314926,-38673576.626428731,15454.176719857924,2819.6818058176541,-1225.3623424891762,-1.5342845049733367
921600,-14235843.372793274,-39692378.658800147,14039.443276242186,2893.9685320627309,-1037.829508871037,-1.6084299754304276
922500,-11602503.077039132,-40540328.966549009,12561.09930939158,2955.7988841464103,-845.82806417465906,-1.6755879948149492
923400,-8919222.7210254855,-41213776.324576065,11025.57252991056,3004.906596096343,-650.18431024495931,-1.735454944806444
924300,-6197552.0114045152,-41709820.508682013,9439.5494506581199,3041.0801394802256,-451.74023775276493,-1.7877595399476613
925200,-3449206.0480255187,-42026324.790496439,7809.9457377730905,3064.1636342835632,-251.34990511786955,-1.8322640218337758
926100,-686014.92000092985,-42161925.148959406,6143.8755594368413,3074.0575207014344,-49.875765646740291,-1.8687651917277106
927000,2080127.1941521054,-42116036.158824176,4448.6200788455299,3070.7189890151562,151.81504136417979,-1.8970952794156042
927900,4837313.2036835756,-41888853.53089188,2731.5952394190335,3054.1621657535798,352.85441967129447,-1.9171226470115097
928800,7573674.3403291861,-41481353.293025881,1000.3189910785093,3024.4580553716569,552.37704931252301,-1.9287523271951945
929700,10277431.230583403,-40895287.615365736,-737.62189341927478,2981.7342377122486,749.52410805453826,-1.931926396035194
930600,12936944.58623828,-40133177.297510058,-2474.6052635056585,2926.1743225474975,943.44696514870907,-1.9266241811273597
931500,15540765.295527104,-39198300.949706972,-4203.0071494868971,2858.0171635198708,1133.3108316072241,-1.9128623062863561
932400,18077683.699757416,-38094680.914221749,-5915.2352885204709,2777.5558348168738,1318.2983513956074,-1.8906945744819654
933300,20536777.843769658,-36827065.986988291,-7603.7624732209679,2685.1363749139118,1497.6131181852584,-1.8602116911318756
934200,22907460.492902979,-35400911.013336815,-9261.1595803167365,2581.1563027033412,1670.4831026191482,-1.8215408302618963
935100,25179524.714370761,-33822353.444970518,-10880.128139215103,2466.0629122908908,1836.163975414463,-1.7748450464367196
936000,27343187.827026315,-32098186.958382808,-12453.532303123167,2340.3513536797059,1993.9423120568456,-1.7203225357574827
936900,29389133.530409519,-30235832.247511484,-13974.430088517811,2204.5625074736513,2143.1386653307845,-1.6582057496237581
937800,31308552.031682298,-28243305.115564179,-15436.103752270916,2059.2806626115225,2283.1104924781698,-1.5887603653698206
938700,33093177.997554209,-26129182.002569091,-16832.089179624905,1905.1310069888118,2413.2549243804865,-1.5122841183097895
939600,34735326.167536423,-23902563.096257113,-18156.204160490357,1742.7769416299777,2533.0113648175939,-1.4291055001624153
940500,36227924.474805936,-21573033.184318576,-19402.575436210835,1572.9172298382316,2641.8639085653435,-1.3395823292712365
941400,37564544.531573273,-19150620.415853828,-20565.664404016679,1396.2829934681588,2739.3435678529686,-1.2441001984864837
942300,38739429.347082324,-16645753.148909261,-21640.291371872649,1213.634569135698,2825.0302975064601,-1.1430708070266
943200,39747518.158185907,-14069215.06931773,-22621.658262312336,1025.7582377968906,2898.5548099529724,-1.0369301830852999
944100,40584468.264785901,-11432098.773607712,-23505.369670140095,833.46284168834404,2959.6001721504754,-0.92613680438906754
945000,41246673.775251105,-8745758.015473675,-24287.452185558421,637.57630312577271,3007.9031774327254,-0.81116962433592865
945900,41731281.180177115,-6021758.8211798929,-24964.371901331226,438.94206009964614,3043.2554862185457,-0.69252601175333517
946800,42036201.686472617,-3271829.6842732681,-25533.050030002349,238.41543398662674,3065.5045305223348,-0.57071961269734472
947700,42160120.257690407,-507811.05408351216,-25990.876564931452,36.859945010027843,3074.5541782155915,-0.44627814307245395
948600,42102501.320707582,2258395.6643295828,-26335.721926960308,-164.8564086697836,3070.3651540227133,-0.3197411211777868
949500,41863591.113238022,5014879.3788782032,-26565.946546851428,-365.8648921747556,3052.9552152840315,-0.1916575495770915
950400,41444416.661169432,7749770.6266009053,-26680.408342216469,-565.2997792681706,3022.3990815803954,-0.06258355594494093
951300,40846781.389293186,10451292.715737727,-26678.468056438538,-762.30208564375721,2978.8281183820477,0.066919997243900103
952200,40073257.383575059,13107812.472822636,-26559.992436053832,-956.02327396686042,2922.429775955296,0.19628992414213636
953100,39127174.337634332,15707890.375481296,-26325.355232155132,-1145.6289145924143,2853.4467858288895,0.32496313790619741
954000,38012605.230493218,18240329.854172029,-25975.436020572248,-1330.3022860584001,2772.1761181832121,0.45237907376917019
954900,36734348.796865389,20694225.549608037,-25511.616844831206,-1509.2478996982632,2678.9677045746807,0.57798210252197202
955800,35297908.865206301,23059010.317035951,-24935.776695152475,-1681.6949330306602,2574.2229314402125,0.70122392412485368
956700,33709470.652388051,25324500.773903076,-24250.283845975606,-1846.9005569689637,2458.3929108375637,0.82156593123024035
957600,31975874.117125001,27480941.193701021,-23457.986083650416,-2004.1531423447889,2331.9765358620066,0.93848153250489386
958500,30104584.487103276,29519045.555901561,-22562.198864969276,-2152.7753317577726,2195.5183291334483,1.0514584257946709
959400,28103660.087099101,31430037.56987109,-21566.6914560882,-2292.1269633459283,2049.606093666132,1.1600008113784557
960300,25981717.607150797,33205688.499429427,-20475.671110053325,-2421.6078337147537,1894.8683763110171,1.2636315358085397
961200,23747894.961022932,34838352.624268115,-19293.76534957152,-2540.6602879662169,1731.9717547943069,1.3618941571318006
962100,21411811.895716649,36321000.184721537,-18026.002429797994,-2648.7716255277146,1561.6179601602896,1.4543549226288255
963000,18983528.522588678,37647247.667344883,-16677.790063719865,-2745.4763112927467,1384.5408471585258,1.5406046505944606
963900,16473501.94969718,38811385.300347403,-15254.892500153499,-2830.3579824456183,1201.503225790721,1.6202605081120851
964800,13892541.203253366,39808401.640104562,-13763.406051408434,-2903.0512422479674,1013.2935678477195,1.6929676772427296
965700,11251760.633484825,40634005.142673172,-12209.733174266325,-2963.243233010915,820.72260281878744,1.7584009025567944
966600,8562532.0067758616,41284642.627401173,-10600.555214047276,-3010.6749814585473,624.61981804067318,1.816265913477737
967500,5836435.4916112386,41757514.553296953,-8942.8039271575217,-3045.1425107013229,425.82987837037592,1.8663007154807945
968400,3085209.7505873954,42050587.042739704,-7243.6319026047222,-3066.4977140766914,225.2089810109031,1.9082767447920392
969300,320701.35454828246,42162600.601306297,-5510.3820075058438,-3074.6489871734384,23.621161391836978,1.9419998818601263
970200,-2445186.2622643807,42093075.496897504,-3750.5559855774,-3069.5616154304757,-178.06543379499217,1.9673113195209644
971100,-5200544.0852953419,41842313.775897123,-1971.7823409716891,-3051.2579157844239,-378.9822901808194,1.9840882824397676
972000,-7933508.8193597505,41411397.908726968,-181.7836425935227,-3019.8171319277526,-578.26426965388566,1.9922445950902008
972900,-10632313.983386336,40802186.07179945,1611.6566138086528,-2975.3750838248006,-775.05333839611581,1.9917310962126928
973800,-13285340.579747947,40017304.087450862,3400.7274469382623,-2918.1235732111727,-968.50226287738121,1.9825358983761288
974700,-15881167.119741067,39060134.057896361,5177.6239948613693,-2848.3095478673117,-1157.7782578359386,1.964684491945258
975600,-18408618.789760437,37934799.743517071,6934.5811434342704,-2766.2340285043047,-1342.066570518738,1.9382396934224664
976500,-20856815.546631925,36646148.749806784,8663.9070384151528,-2672.2508031240905,-1520.5739857696708,1.903301438782139
977400,-23215218.93539343,35199731.601010107,10358.016342267078,-2566.7648947125826,-1692.5322369348939,1.8600064230416844
978300,-25473677.42852252,33601777.791815929,12009.463098049797,-2450.2308090883457,-1857.2013079993098,1.8085275879091756
979200,-27622470.092170488,31859168.921374597,13610.973064709104,-2323.1505706573466,-2013.8726128738519,1.7490734599081463
980100,-29652348.392340608,29979409.026330087,15155.475390469452,-2186.0715547124428,-2161.8720383160494,1.6818873418986731
981000,-31554575.962106802,27970592.24145098,16636.133493879384,-2039.5841257612947,-2300.5628375827187,1.6072463613868129
981900,-33320966.159867525,25841367.927758735,18046.375025306195,-1884.3190921657042,-2429.3483625798899,1.5254603794374142
982800,-34943917.258226,23600903.418745968,19379.920785280578,-1720.9449881264954,-2547.6746229873524,1.4368707643758853
983700,-36416445.113337927,21258844.545311425,20630.812480006207,-1550.1651947490884,-2655.0326615897106,1.341849034782937
984600,-37732213.175425634,18825274.109375175,21793.439198526892,-1372.7149125742203,-2750.9607358389007,1.2407953765539832
985500,-38885559.712575853,16310668.484745517,22862.56250044164,-1189.3579985546419,-2835.046296500976,1.1341370390171139
986400,-39871522.131869443,13725852.531656638,23833.340007637798,-1000.8836810009423,-2906.927755099317,1.0223266152876098
987300,-40685858.294285432,11081953.018458085,24701.347398245238,-808.10316650729806,-2966.2960327538276,0.90584021219517685
988200,-41325064.732630499,8390350.7501884885,25462.598705883051,-611.84615330009615,-3012.8958839281595,0.7851755152659442
989100,-41786391.694916934,5662631.609186247,26113.564832271524,-412.95726582860863,-3046.526989531581,0.66084975439398908
990000,-42067854.949097492,2910536.717459871,26651.190186431257,-212.29242573654489,-3067.0448147761304,0.53339757601635918
990900,-42168244.298813127,145911.93424446089,27072.907369022199,-10.715174615837725,-3074.3612281605301,0.40336882783404693
991800,-42087128.773767114,-2619343.0950058592,27376.649825942299,190.9070358513317,-3068.4448789375519,0.27132626242124452
992700,-41824858.472454548,-5373326.1200087536,27560.862401182447,391.70657061027725,-3049.3213314186073,0.13784316645738642
993600,-41382563.049196638,-8104183.4782175347,27624.509725212352,590.81933897303065,-3017.0729554758309,0.0035009228178024265
994500,-40762146.851699419,-10800161.07922774,27567.082381954573,787.38850751525683,-2971.8385736151822,-0.1311134866198049
995400,-39966280.729622364,-13449654.962489754,27388.600804801179,980.56818230356805,-2913.812866011242,-0.26541002885209236
996300,-38998390.548846811,-16041261.211500652,27089.616860246468,1169.5270447257922,-2843.2455359123496,-0.39879820885088713
997200,-37862642.460219681,-18563825.010273315,26671.213086645021,1353.4519253610979,-2760.4402388399967,-0.53068968947634232
998100,-36563924.985456295,-21006488.631417058,26134.999565428781,1531.5513005569371,-2665.7532800151134,-0.66050093077499616
999000,-35107827.996557154,-23358738.1496034,25483.108412867587,1703.0586966763747,-2559.5920854417859,-0.78765583620049351
999900,-33500618.67846806,-25610448.679521456,24718.185892129306,1867.2359873430617,-2442.4134530613237,-0.91158839229221322
1000800,-31749214.577729218,-27751927.943633709,23843.382157933025,2023.3765694419631,-2314.7215913514401,-1.0317452874361344
1001700,-29861153.852457978,-29773957.982103471,22862.338659382396,2170.8084041314119,-2177.065953681285,-1.1475884945723633
1002600,-27844562.85113135,-31667834.825154666,21779.173240454267,2308.8969096850342,-2030.0388776376326,-1.2585978021613726
1003500,-25708121.159220345,-33425405.956811748,20598.462991890858,2437.0476936086416,-1874.2730394051557,-1.3642732774250204
1004400,-23461024.263722844,-35039105.408416867,19325.224922654386,2554.7091121648273,-1710.438734108842,-1.4641376458735071
1005300,-21112943.99599079,-36501986.33049228,17964.894533378811,2661.3746461833689,-1539.2409938039928,-1.5577385714350191
1006200,-18673986.922901601,-37807750.902363129,16523.302388113952,2756.5850828348107,-1361.416555523891,-1.6446508221216449
1007100,-16154650.865335556,-38950777.450429529,15006.648793828093,2839.9304938932305,-1177.7306924627189,-1.7244783070753722
1008000,-13565779.731048875,-39926144.658024468,13421.476709367396,2911.0520019073188,-988.97392197767272,-1.796855972007539
1008900,-10918516.85633808,-40729652.762358114,11774.643016650843,2969.6433266312188,-795.95860463625377,-1.8614515414257515
1009800,-8224257.0573425945,-41357841.647071809,10073.28829664345,3015.4521050326575,-599.5154490097475,-1.9179670975771699
1010700,-5494597.5974011347,-41808005.752343588,8324.8052609867009,3048.2809791901823,-400.48993732002486,-1.9661404876644757
1011600,-2741288.2815407957,-42078205.738239944,6536.8059970180293,3067.9884474083151,-199.73868738270963,-2.0057465525504119
1012500,23819.107082589529,-42167276.851032175,4717.0881892767648,3074.4894749136597,1.8742334453018259,-2.0365981718028401
1013400,2788821.8111711144,-42074833.956424974,2873.6004845163288,3067.7558615413245,203.48102641213828,-2.0585471214973432
1014300,5541817.3242187882,-41801273.218017548,1014.4071698014798,3047.8163648743675,404.21389558632291,-2.0714847426529617
1015200,8270954.6160047278,-41347770.41376844,-852.34766542602517,3014.7565783546224,603.20878206384054,-2.0753424195035453
1016100,10964485.138298247,-40716275.897702783,-2718.4763122555714,2968.7185649366911,799.60908210630623,-2.0700918679897655
1017000,13610813.391414959,-39909506.228521772,-4575.783799955434,2909.9002479038841,992.56933323475175,-2.0557452358929331
1017900,16198546.834187267,-38930932.501088731,-6416.1042598180811,2838.5545615013352,1181.258852455695,-2.0323550169273261
1018800,18716544.922763467,-37784765.430913977,-8231.337129100637,2754.9883650636057,1364.8653110139819,-2.0000137818757926
1019700,21153967.067412544,-36475937.2556834,-10013.483032037853,2659.5611253181037,1542.5982303488854,-1.9588537305108462
1020600,23500319.301168758,-35010080.531516686,-11754.679178533841,2552.6833725280108,1713.6923842745318,-1.9090460686098354
1021500,25745499.459680285,-33393503.914943777,-13447.234125243749,2434.8149370956303,1877.4110928112518,-1.8508002148671465
1022400,27879840.678005051,-31633165.034499738,-15083.661748281031,2306.4629741757872,2033.0493935591239,-1.7843628429473728
1023300,29894153.017297767,-29736640.568305511,-16656.714281689387,2168.1797847457856,2179.9370770269438,-1.7100167643272106
1024200,31779763.042324584,-27712093.655974038,-18159.414281073852,2020.560442440202,2317.4415729070947,-1.6280796579537478
1025100,33528551.179492686,-25568238.784610432,-19585.08537737601,1864.2402362822879,2444.970674917181,-1.5389026531133472
1026000,35132986.694556072,-23314304.299513064,-20927.381691695413,1699.8919402258684,2561.9750925104868,-1.4428687722656375
1026900,36586160.139316514,-20959992.700385887,-22180.315788300017,1528.2229211593192,2667.9508184869069,-1.3403912409560634
1027800,37881813.127439611,-18515438.893398169,-23338.285049531885,1349.9720977135698,2762.4413023112866,-1.231911672279324
1028700,39014365.31090533,-15991166.578236666,-24396.096363201432,1165.9067628563444,2845.03941976427,-1.1178981337257234
1029600,39978938.440565109,-13398042.957349259,-25348.989020273544,976.81928384231014,2915.3892304088304,-0.99884310460024817
1030500,40771377.406733863,-10747231.961844344,-26192.655728179321,783.52369362100933,2973.1875152503976,-0.87526133255794492
1031400,41388268.168654874,-8050146.1949547213,-26923.261652932735,586.85218827901906,3018.1850878966025,-0.7476875981447233
1032300,41826952.494985677,-5318397.7995705083,-27537.461411382679,387.65154550761986,3050.1878734805728,-0.61667439656590639
1033200,42085539.451108709,-2563748.4610669287,-28032.413943374766,186.77947944035952,3069.0577505958508,-0.48278954622099263
1034100,42162913.583015688,201941.2395218173,-28405.795202316247,-14.899052505400874,3074.7131524974484,-0.34661373383809857
1035000,42058739.761691339,2966762.9040203569,-28655.808611610923,-216.51557492419494,3067.1294248485146,-0.20873800631072764
1035900,41773464.666271329,5718811.6073777992,-28781.193243633072,-417.20183583818255,3046.3389383314261,-0.069761219578526962
1036800,41308314.898710869,8446237.1786960028,-28781.229687312323,-616.09354812457218,3012.4309554917536,0.069712544900458001
1037700,40665291.737213373,11137295.25194158,-28655.743579972823,-812.33411482347583,2965.5512522392246,0.20907658537017967
1038600,39847162.550171226,13780397.866120376,-28405.106788775149,-1005.0783222407237,2905.9014954872346,0.34772419584517883
1039500,38857448.906801216,16364163.396501565,-28030.236236911602,-1193.4959848750959,2833.7383794672064,0.48505128209691578
1040400,37700411.434952952,18877465.6012333,-27532.590379564641,-1376.7755263834742,2749.3725243017789,0.62045896658634148
1041300,36381031.490667745,21309481.571384694,-26914.163344513905,-1554.1274810504854,2653.1671414568659,0.75335617137643263
1042200,34904989.717905916,23649738.377067387,-26177.476762126513,-1724.7879005507466,2545.5364717125462,0.88316216811158132
1043100,33278641.590381019,25888158.20781713,-25325.569319244947,-1888.0216511811532,2426.9440022919152,1.0093090842529073
1044000,31508990.040579718,28015101.811831474,-24361.984081152161,-2043.1255871966105,2297.9004707609288,1.1312443549099758
1044900,29603655.293745905,30021410.045938514,-23290.753635300247,-2189.4315864039363,2158.9616642561932,1.2484331098109236
1045800,27570842.036810245,31898443.356284928,-22116.383119791946,-2326.3094347535275,2010.7260235071356,1.3603604852039579
1046700,25419304.063894127,33638119.018646106,-20843.831208659001,-2453.1695473148106,1853.8320619894437,1.4665338507838346
1047600,23158306.551056486,35232945.976940066,-19478.489134743733,-2569.4655137270397,1688.9556113736696,1.566484942085852
1048500,20797586.123330805,36676057.128928483,-18026.157839416857,-2674.696456978877,1516.8069052120795,1.6597718891866822
1049400,18347308.886768635,37961238.919168562,-16493.023346413389,-2768.4091951852793,1338.1275135340393,1.7459811329941723
1050300,15818026.607118692,39082958.11098884,-14885.630464698404,-2850.2001968949544,1153.6871416913964,1.8247292208955908
1051200,13220631.224884223,40036385.621549256,-13210.854932446749,-2919.7173213721867,964.28030740669487,1.8956644740633708
1052100,10566307.903776418,40817417.316854596,-11475.874120898219,-2976.6613362489029,770.72291052510832,1.9584685192871485
1053000,7866486.8159829285,41422691.676863462,-9688.1364229972605,-3020.7872059318674,573.84871045244586,2.0128576788077144
1053900,5132793.8731667977,41849604.254509233,-7855.3294573123876,-3051.9051451709661,374.50572667371927,2.0585842122693712
1054800,2377000.616676122,42096318.866463587,-5985.3472227254597,-3069.8814332424454,173.5525780869915,2.0954374055788785
1055700,-389026.51594364597,42161775.467759483,-4086.2563437592139,-3074.6389852702996,-28.145222846370984,2.1232445021576773
1056600,-3153377.3284009164,42045694.676883548,-2166.2615501503242,-3066.1576782940911,-229.71900494292365,2.1418714727953789
1057500,-5904149.1856787,41748578.932577617,-233.67053735653485,-3044.474430786544,-430.30068582314931,2.1512236210520963
1058400,-8629498.2945582531,41271710.278288327,1703.1416429047661,-3009.6830354233721,-629.02651577791073,2.1512460219107923
1059300,-11317690.722895503,40617144.78490144,3635.7685112624358,-2961.9337460050892,-825.04080167024813,2.1419237921424701
1060200,-13957152.93720088,39787703.637025788,5555.8082565788836,-2901.4326205200914,-1017.4995946829665,2.1232821916125513
1061100,-16536521.640349064,38786960.922582291,7454.8998469049266,-2828.4406234142821,-1205.5743259131477,2.095386555519807
1062000,-19044692.694481015,37619228.179738939,9324.7590036212423,-2743.2724911893483,-1388.4553740789179,2.058342058314294
1062900,-21470868.918337226,36289535.769248031,11157.213887892005,-2646.2953664840443,-1565.3555499393153,2.0122933107819394
1063800,-23804606.55335347,34803611.153924562,12944.240350221406,-2537.9272067953907,-1735.5134824322915,1.9574237925042788
1064700,-26035860.198830128,33167854.180293225,14677.996596206209,-2418.634974964818,-1898.1968920056572,1.893955122596829
1065600,-28155026.023319706,31389309.470269665,16350.857124491296,-2288.9326194835321,-2052.7057371477381,1.8221461722914827
1066500,-30152983.067028489,29475636.043073732,17955.445796427754,-2149.3788535578833,-2198.3752207148164,1.7422920235520076
1067400,-32021132.458456546,27435074.299349256,19484.667900967168,-2000.5747427157455,-2334.5786432971331,1.6547227784905407
1068300,-33751434.377662957,25276410.510638028,20931.741082858956,-1843.1611115258484,-2460.7300915600604,1.5598022248818326
1069200,-35336442.608394504,23008938.967882659,22290.225007202142,-1677.8157807412067,-2576.2869502378098,1.457926363545927
1070100,-36769336.531808555,20642421.952474363,23554.04963878775,-1505.2506468630913,-2680.7522272392343,1.3495218037848287
1071000,-38043950.425605379,18187047.702482011,24717.542020398916,-1326.2086167519146,-2773.6766821447554,1.235044033412088
1071900,-39154799.944011122,15653386.555066314,25775.451440255936,-1141.4604104847213,-2854.6607492258559,1.114975570204529
1072800,-40097105.666168824,13052345.453670181,26722.97288504738,-951.80124617493448,-2923.3562469999306,0.9898240018339054
1073700,-40866813.613049723,10395121.015358644,27555.768681420865,-758.04742092814035,-2979.4678672397035,0.86011992150571692
1074600,-41460612.645937428,7693151.3596383184,28269.988235367597,-561.03280250779221,-3022.7544372842372,0.72641476664903548
1075500,-41875948.672812775,4958066.9051997755,28862.285785580272,-361.60524662682258,-3053.0299504444547,0.58927856807436529
1076400,-42111035.602523632,2201640.3452811013,29329.836093559381,-160.62295506531655,-3070.1643602569225,0.44929761705762872
1077300,-42164863.00041008,-564263.98426446784,29670.347999967398,41.049209959138693,-3074.0841353125211,0.30707205783426328
1078200,-42037200.413020022,-3327741.1276092287,29882.07578347794,242.54343957295987,-3064.7725723690005,0.16321341301567169
1079100,-41728598.343640372,-6076896.7040953971,29963.828265148361,442.99270447311523,-3042.2698664457207,0.018342049492149043
1080000,-41240385.874533549,-8799898.0569540001,29914.97560819217,641.53447783817364,-3006.6729375928917,-0.12691540751532626
1080900,-40574664.945956305,-11485025.136840506,29735.453769992546,837.31443916738147,-2958.1350150240078,-0.27192870442580475
1081800,-39734301.316194713,-14120720.902497679,29425.766570351614,1029.4901433536425,-2896.8649802966702,-0.41606662520764853
1082700,-38722912.240924127,-16695641.022820557,28986.985347399423,1217.2346394174417,-2823.1264722211977,-0.55869968478192589
1083600,-37544850.924141377,-19198702.667455506,28420.746180392198,1399.7400235095226,-2737.2367571657546,-0.69920284099893171
1084500,-36205187.806665771,-21619132.176809624,27729.244666917064,1576.2209110313015,-2639.5653694083371,-0.83695821567253137
1085400,-34709688.7717098,-23946511.406969834,26915.228250893462,1745.9178130244575,-2530.5325271566708,-0.97135781445268399
1086300,-33064790.360224716,-26170822.550521504,25981.986107311048,1908.1004023456367,-2410.6073308133227,-1.1018062345216963
1087200,-31277572.101574417,-28282491.240599494,24933.336599938211,2062.0706555693441,-2280.3057510011736,-1.227723348245775
1088100,-29355726.077526581,-30272427.752681937,23773.612339309395,2207.1658570521158,-2140.1884147794458,-1.3485469500422718
1089000,-27307523.849515878,-32132066.126625828,22507.642880146432,2342.7614521438782,-1990.8581993680418,-1.4637353528860739
1089900,-25141780.89057501,-33853401.040216804,21140.735109932561,2468.2737371472595,-1832.9576435529907,-1.5727699201328535
1090800,-22867818.674188863,-35429022.275031969,19678.651393529439,2583.1623743012528,-1667.1661877630224,-1.6751575177410061
1091700,-20495424.58255225,-36852146.625657305,18127.585552346591,2686.9327208000495,-1494.1972545814524,-1.7704328715843725
1092600,-18034809.806250319,-38116647.114219308,16494.136770431756,2779.1379616482923,-1314.795182183253,-1.8581608144113124
1093500,-15496565.416184042,-39217079.383738361,14785.281533704499,2859.3810369970433,-1129.7320238593591,-1.9379384071588293
1094400,-12891616.796585578,-40148705.1559375,13008.343722133091,2927.3163554962653,-939.80422740400434,-2.0093969197924197
1095300,-10231176.635168388,-40907512.651791692,11170.962987676192,2982.6512861347824,-745.82920869193549,-2.0722036576154244
1096200,-7526696.6727976128,-41490233.886219688,9281.0615630020693,3025.1474220122973,-548.64183425676413,-2.12606362005954
1097100,-4789818.4205155736,-41894358.761842802,7346.8096571070564,3054.6216104943478,-349.09082809639779,-2.1707209802979697
1098000,-2032323.0562882577,-42118145.900597833,5376.5896037668172,3070.9467452341564,-148.035118273927,-2.2059603755674426
1098900,733919.28256968898,-42160630.166129202,3378.9589370994117,3074.052316599033,53.659860849266437,-2.2316079997882654
1099800,3497000.5926976674,-42021626.844231248,1362.6125752841472,3063.9247181071951,255.12589471805791,-2.2475324918711648
1100700,6245026.2634551311,-41701732.463097379,-663.65570139459942,3040.6073075575396,455.49572687776686,-2.2536456149333146
1101600,8966166.2801864538,-41202322.249690749,-2690.9922885281831,3004.200222614159,653.90679326725024,-2.2499027234569344
1102500,11648706.151290573,-40525544.23311431,-4710.5231200575363,2954.8599516836316,849.5049363518151,-2.2363030171607465
1103400,14281097.339636888,-39674310.0203593,-6713.3931633425145,2892.7986619910575,1041.4480830416201,-2.2128895819792276
1104300,16852006.981060117,-38652282.284186251,-8690.8058559634155,2818.2832878154086,1228.9098705173933,-2.1797492200277269
1105200,19350366.675799239,-37463859.017077677,-10634.062295690361,2731.6343828814584,1411.083204330869,-2.1370120717574532
1106100,21765420.142801601,-36114154.619134896,-12534.599998475431,2633.2247419199948,1587.1837334601246,-2.0848510346671056
1107000,24086769.531770483,-34608977.901414417,-14384.031043715511,2523.4777973961686,1756.4532273775312,-2.0234809839412673
1107900,26304420.193668004,-32954807.099453773,-16174.179431262402,2402.8657983640892,1918.1628406277691,-1.9531578012406441
1108800,28408823.717066213,-31158762.00456905,-17897.117480593311,2271.9077793305737,2071.6162509126611,-1.8741772185911094
1109700,30390919.045236439,-29228573.332862739,-19545.201109088724,2131.1673278991657,2216.1526572356706,-1.7868734849266628
1110600,32242171.497146014,-27172549.463712726,-21111.103833401517,1981.2501608141215,2351.1496252690322,-1.6916178633547745
1111500,33954609.524554946,-24999540.690772567,-22587.849345365001,1822.8015188302047,2476.0257677677573,-1.5888169676507151
1112400,35520859.047134809,-22718901.139155574,-23968.842521718223,1656.503391595204,2590.2432485642621,-1.4789109468673853
1113300,36934175.21792464,-20340448.512458615,-25247.898735078918,1483.0715844455833,2693.3100994321849,-1.362371527283702
1114200,38188471.482451677,-17874421.842566039,-26419.271342034652,1303.2526396792864,2784.7823399050117,-1.2396999212199407
1115100,39278345.806431495,-15331437.423723763,-27477.677232926901,1117.8206254812417,2864.2658909713555,-1.1114246125311442
1116000,40199103.959075145,-12722443.120153787,-28418.320336853714,927.57380623449512,2931.418274440995,-0.97809902885625444
1116900,40946779.751620144,-10058671.243459921,-29236.912984601786,733.33120845125484,2985.9500906808321,-0.84029911095439624
1117800,41518152.143717453,-7351590.2022277983,-29929.695041626725,535.92909700170526,3027.6262683544587,-0.69862078970215924
1118700,41910759.143693589,-4612855.1315212604,-30493.450732821635,336.21737670260541,3056.2670807597292,-0.55367738155618518
1119600,42122908.442413248,-1854257.7144015678,-30925.52309063659,135.05593465097238,3071.7489243420969,-0.40609691350234156
1120500,42153684.734436616,912324.5888741021,-31223.825968122477,-66.689061050716532,3074.0048559640286,-0.25651938871334223
1121400,42002953.694341257,3674979.6856978312,-31386.85356865521,-268.14889033361391,3063.0248865289641,-0.10559400431734739
1122300,41671362.590403028,6421812.1500240881,-31413.687454431252,-468.45602198825998,3038.8560295883249,0.046023667162642432
1123200,41160337.532245986,9140994.4546074662,-31304.001006289851,-666.74785023115498,3001.6021045983412,0.1976745210092565
1124100,40472077.363518625,11820817.915990911,-31058.061317984473,-862.17041096391176,2951.4232955360585,0.34869877636315194
1125000,39609544.225073233,14449743.13277806,-30676.728518666441,-1053.8820617407516,2888.5354666269345,0.49843883327604938
1125900,38576450.82845737,17016449.699768774,-30161.452528024325,-1241.0571095908022,2813.209237975997,0.64624211888788674
1126800,37377244.493710592,19509884.983514875,-29514.267259207278,-1422.8893710391126,2725.7688249264907,0.79146391086759416
1127700,36017088.019436315,21919311.748754643,-28737.78229531159,-1598.5956489345433,2626.5906459901744,0.93347012631705473
1128600,34501837.46682737,24234354.429997828,-27835.172075785831,-1767.4191110232737,2516.1017051977497,1.0716400644435897
1129500,32838016.95270564,26445043.848240968,-26810.162639569535,-1928.6325556031345,2394.7777557019617,1.205369091460391
1130400,31032790.559631463,28541860.179375831,-25667.01598207948,-2081.5415500554368,2263.1412524254247,1.3340712563769597
1131300,29093931.483689975,30515773.988287933,-24410.512093251538,-2225.4874285763408,2121.7591024757203,1.4571818265947516
1132200,27029788.552611705,32358285.150898475,-23045.928753689728,-2359.8501360176306,1971.2402229474226,1.5741597325265435
1133100,24849250.258378576,34061459.495450549,-21579.019175521895,-2484.0509053953142,1812.2329165899387,1.6844899108122
1134000,22561706.459349956,35617963.004142404,-20015.987583767917,-2597.5547573315871,1645.4220766370065,1.7876855361074313
1134900,20177007.917164974,37021093.426727124,-18363.462842846973,-2699.8728104589313,1471.5262328639994,1.8832901318759707
1135800,17705423.843188137,38264809.168885261,-16628.470241240688,-2790.5643926315906,1291.2944516585608,1.9708795511172168
1136700,15157597.638018005,39343755.329987176,-14818.401555246908,-2869.2389436560566,1105.5031035544014,2.0500638185098738
1137600,12544501.015530981,40253286.777243659,-12940.983520162667,-2935.5577011649052,914.95251228336315,2.1204888260451695
1138500,9877386.7100437321,40989488.156141937,-11004.244844085943,-2989.2351622132524,720.46349994335344,2.1818378748583624
1139400,7167739.9714121073,41549190.750421472,-9016.4819057872264,-3030.0403141697507,522.87384335606896,2.2338330566420423
1140300,4427229.0582107287,41929986.118598819,-6986.2232837393003,-3057.7976294997202,323.03465709539455,2.276236468735692
1141200,1667654.9435272431,42130236.448140018,-4922.1932683765554,-3072.3878200914019,121.80671900228907,2.3088512577294003
1142100,-1099099.548663225,42149081.582736,-2833.2745139550834,-3073.7483478521203,-79.943245737420483,2.33152248719247
1143000,-3861120.9561225669,41986442.692694001,-728.46998997842365,-3061.8736893935206,-281.34630569149118,2.344137825934522
1143900,-6606516.5180852991,41643022.573146865,1383.13560497964,-3036.8153537281692,-481.53507308809526,2.3466280540240301
1144800,-9323465.4197459575,41120302.569531992,3492.41480209986,-2998.681653007538,-679.64744613437688,2.33896738462176
1145700,-12000269.719664045,40420536.144532144,5590.2365274648873,-2947.6372274376727,-874.83032739958833,2.3211736005292383
1146600,-14625404.739770222,39546739.115331382,7667.5053065957327,-2883.9023266074332,-1066.2433020431845,2.2933080052002977
1147500,-17187568.700158231,38502676.60455066,9715.2003415984655,-2807.7518505490598,-1253.062259872662,2.2554751888107338
1148400,-19675731.384315837,37292846.762520976,11724.41429505706,-2719.5141549159862,-1434.482945495726,2.2078226108223413
1149300,-22079181.624864485,35922461.332560547,13686.391616475146,-2619.5696257025174,-1609.7244211843545,2.1505400013066405
1150200,-24387573.405216053,34397423.14458093,15592.56624947481,-2508.349029938779,-1778.0324274918803,2.0838585841050561
1151100,-26590970.378785692,32724300.635594498,17434.598561086306,-2386.3316497670548,-1938.6826271550706,2.0080501256900418
1152000,-28679888.614487816,30910299.508471467,19204.411338283997,-2254.0432082375632,-2090.9837183678692,1.923425814349599
1152900,-30645337.385149293,28963231.652544808,20894.224701412102,-2112.0535960485458,-2234.2804041278496,1.8303349750402016
1153800,-32478857.824156992,26891481.46133294,22496.589789264221,-1960.9744092935,-2367.9562050263294,1.7291636259342904
1154700,-34172559.285071127,24703969.693695344,24004.421076293096,-1801.4563090641932,-2491.4361035739039,1.6203328833223081
1155600,-35719153.249032632,22410115.035112072,25411.027188686781,-1634.1862144889249,-2604.1890089201747,1.5042972221106434
1156500,-37111984.635521911,20019793.525444061,26710.14009280481,-1459.8843414592761,-2705.7300316349406,1.3815425996803963
1157400,-38345060.383335471,17543296.028453074,27895.942536668575,-1279.301099913474,-2795.6225590631821,1.2525844513328819
1158300,-39413075.180482171,14991283.92650656,28963.093632786324,-1093.2138630993893,-2873.4801226432082,1.1179655659425727
1159200,-40311434.234009042,12374743.231237028,29906.752478503247,-902.42362273434765,-2938.9680494815993,0.97825385076320714
1160100,-41036272.983490922,9704937.3074459489,30722.599718238078,-707.75154441204756,-2991.8048914057927,0.83403999458666733
1161000,-41584473.67500601,6993358.413218623,31406.856960334357,-510.03543797899516,-3031.7636256610513,0.68593503863618599
1161900,-41953678.72581391,4251678.2640353683,31956.303969753433,-310.12615791438867,-3058.6726223793366,0.53456786468718631
1162800,-42142300.823601119,1491697.8326126561,32368.293566405395,-108.88394899881905,-3072.4163749196214,0.38058260995426207
1163700,-42149529.718006656,-1274703.4007221039,32640.764167496214,92.825247250697487,-3072.9359901592134,0.2246360182677834
1164600,-41975335.67613446,-4035618.530133185,32772.249920814211,294.13350976823341,-3060.2294368007924,0.06739473699758633
1165500,-41620469.587848157,-6779164.4205700746,32761.888384345832,494.17466306199083,-3034.351550747343,-0.090467430923637071
1166400,-41086459.720774397,-9493532.7995569408,32609.425715971651,692.08799456694987,-2995.4137975847252,-0.24827231065264044
1167300,-40375605.13906388,-12167041.02626233,32315.219345235208,887.02194855868402,-2943.5837931969259,-0.40534016567245434
1168200,-39490965.814022876,-14788182.320997978,31880.238107304387,1078.1377810533709,-2879.0845845201275,-0.56099252564034485
1169100,-38436349.468682572,-17345675.240540221,31306.059827281191,1264.6131602682231,-2802.1936934165306,-0.71455502295393369
1170000,-37216295.212168597,-19828512.18778602,30594.866351004919,1445.6456974215216,-2713.2419276154005,-0.86536022916342226
1170900,-35836054.033318788,-22226006.748239446,29749.436026498428,1620.4563929123656,-2612.6119636248932,-1.0127504822983429
1171800,-34301566.236322604,-24527839.650663231,28773.133648308692,1788.2929832375041,-2500.7367074615945,-1.1560806960200358
1172700,-32619435.914169673,-26724103.15491109,27669.897885284045,1948.4331743767573,-2378.0974399727006,-1.2947211412446298
1173600,-30796902.568347104,-28805343.676464796,26444.226220912955,2100.1877478100632,-2245.221754435508,-1.428060190500881
1174500,-28841809.995462231,-30762602.464517694,25101.157444323417,2242.9035258186445,-2102.681295007033,-1.555507014798799
1175400,-26762572.573238313,-32587454.158552069,23646.251739499094,2375.9661832704987,-1951.0893054593971,-1.6764942222040862
1176300,-24568139.089582112,-34272043.057227395,22085.56843027952,2498.8028936964283,-1791.0979984699945,-1.790480426668005
1177200,-22267954.269102246,-35809116.94300095,20425.641449319319,2610.8847981268277,-1623.3957565348853,-1.8969527349904771
1178100,-19871918.161513738,-37192058.316209301,18673.452610387449,2711.7292858805131,-1448.7041763344705,-1.9954291391437371
1179000,-17390343.565746594,-38414912.903311387,16836.402775149218,2800.9020772735776,-1267.7749690972978,-2.0854608006095599
1179900,-14833911.672235511,-39472415.315589488,14922.281017797161,2878.0190990463529,-1081.3867301756038,-2.1666342129410405
1180800,-12213626.113756806,-40360011.74677702,12939.231903436894,2942.7481441871273,-890.34159165979145,-2.2385732285066373
1181700,-9540765.6222540233,-41073879.610780671,10895.721008798997,2994.8103087586101,-695.46177241344799,-2.300940935358057
1182600,-6826835.4953149362,-41610944.033833623,8800.4988264054919,3033.9811993027583,-497.58604040108315,-2.3534413704227575
1183500,-4083518.0812940542,-41968891.12899667,6662.5632055104525,3060.0919054064211,-297.56610260323134,-2.3958210557804849
1184400,-1322622.4964854908,-42146177.994852997,4491.1204946846656,3073.0297330485073,-96.262938164305268,-2.4278703456472499
1185300,1443966.2087845081,-42142039.394452646,2295.5455615532287,3072.7386954129047,105.45690930540923,-2.449424572848502
1186200,4204338.2157777557,-41956491.084987797,85.340874668928336,3059.219758933606,306.72506415313302,-2.4603649849875184
1187100,6946610.2137909904,-41590329.783248298,-2129.9051594073862,3032.5308434326944,506.67505959114874,-2.4606194621617146
1188000,9658976.5660124682,-41045129.766549051,-4340.5604042219738,2992.7865763112736,704.44607080555465,-2.4501630098944402
1188900,12329760.143829988,-40323236.123464316,-6536.9915423014018,2940.1578018513792,899.18662402026916,-2.4290180228715093
1189800,14947462.610075498,-39427754.683279991,-8709.6067572601478,2874.870847776941,1090.0582653852234,-2.3972543170374774
1190700,17500813.934110247,-38362538.667511918,-10848.898340299078,2797.2065522978392,1276.2391737488595,-2.3549889295558808
1191600,19978820.925033025,-37132172.121070623,-12945.485012657558,2707.4990559172652,1456.9277016403655,-2.3023856880164812
1192500,22370814.57361225,-35741950.194613755,-14990.153757630715,2606.1343633136344,1631.3458291238856,-2.2396545520369791
1193400,24666495.998775657,-34197856.363253586,-16973.900959335297,2493.5486816093926,1798.7425155922015,-2.1670507320225352
1194300,26855980.800610393,-32506536.680020079,-18887.972650359075,2370.2265423058479,1958.3969350377965,-2.084873591293595
1195200,28929841.62879812,-30675271.175260063,-20723.903676601873,2236.6987150917475,2109.6215808712259,-1.9934653390596129
1196100,30879148.783199385,-28711942.525429782,-22473.55559484888,2093.5399226202453,2251.7652269466939,-1.8932095228037409
1197000,32695508.671868827,-26625002.126457386,-24129.153126750014,1941.3663661911569,2384.2157320989363,-1.7845293295594373
1197900,34371099.961087629,-24423433.717969857,-25683.319001764252,1780.8330730702473,2506.4026761901659,-1.6678857063180474
1198800,35898707.261996999,-22116714.715149418,-27129.107031131098,1612.6310769224622,2617.7998164072246,-1.5437753104249108
1199700,37271752.209062085,-19714775.414768573,-28460.033264935646,1437.4844435293467,2717.9273533335199,-1.4127283013199363
1200600,38484321.796840377,-17227956.251012955,-29670.105094740422,1256.1471546007092,2806.3539971440955,-1.2753059853775419
1201500,39531193.853325531,-14666963.285003109,-30753.848174984687,1069.3998630751591,2882.6988251317957,-1.1320983259183737
1202400,40407859.540434159,-12042822.119440589,-31706.331047335585,878.04653383218988,2946.6329226643338,-0.98372133071868606
1203300,41110542.784949824,-9366830.4365011752,-32523.187363363595,682.91098420868821,2997.8808005927167,-0.83081432954675183
1204200,41636216.556381471,-6650509.3629560266,-33200.635612267615,484.83333912407011,3036.2215830775635,-0.67403715442007472
1205100,41982615.921679907,-3905553.8714973782,-33735.496271861914,284.66641596967111,3061.4899607678826,-0.51406723541100519
1206000,42148247.820531614,-1143782.4313616222,-34125.206312632552,83.272054708732611,3073.5769052536343,-0.35159662493738847
1206900,42132397.518958591,1622913.8754364972,-34367.83099635478,-118.48259113745618,3072.4301417154766,-0.18732896356183823
1207800,41935131.713140577,4382622.5536315031,-34462.072922515399,-319.72878677464291,3058.0543777092066,-0.021976400389745993
1208700,41557298.269686446,7123460.9899730347,-34407.278287587455,-519.59995574496475,3030.5112870452085,0.14374351879833233
1209600,41000522.602956712,9833627.6237329878,-34203.440334038671,-717.23541087250226,2989.919248751326,0.30911098252156499
1210500,40267200.704423159,12501452.772410074,-33851.19997779854,-911.78406057946063,2936.4528421376299,0.47340705052474719
1211400,39360488.853386685,15115448.893967684,-33351.843614738056,-1102.4080746938264,2870.3421000100388,0.6359167835296945
1212300,38284290.052602343,17664360.069244172,-32707.298118503833,-1288.2864940198533,2791.871523103157,0.79593235274820728
1213200,37043237.246425115,20137210.491395466,-31920.123053765059,-1468.6187681574299,2701.3788598174083,0.9527561161894017
1214100,35642673.392931357,22523351.753358573,-30993.500140544544,-1642.6282063351744,2599.253656347837,1.1057036489289311
1215000,34088628.475033291,24812508.729348235,-29931.220016778632,-1809.5653263647366,2485.9355832779997,1.2541067146831291
1215900,32387793.54882931,26994823.852301504,-28737.66635754651,-1968.7110872299038,2361.9125456782876,1.3973161662504818
1216800,30547491.940263987,29060899.595946003,-27417.797420487641,-2119.3799912929717,2227.7185846897546,1.534704762648109
1217700,28575647.713553485,31001838.977764029,-25977.125097743763,-2260.9230426316562,2083.9315794879417,1.6656698910838075
1218600,26480751.546708286,32809283.907528728,-24421.691565276258,-2392.7305486113519,1931.1707594021705,1.7896361822664697
1219500,24271824.160802446,34475451.215269201,-22758.043630575547,-2514.2347524483671,1770.094036809922,1.9060580079695004
1220400,21958377.460343897,35993166.20244386,-20993.204889551645,-2624.912285228007,1601.3951722290594,2.0144218502243896
1221300,19550373.552143399,37355893.570726186,-19134.645812728832,-2724.2864266049546,1425.8007837884163,2.1142485320338031
1222200,17058181.819411587,38557765.594092272,-17190.251889717645,-2811.9291642296134,1244.0672139653691,2.2050953000556381
1223100,14492534.236388076,39593607.41179765,-15168.289969260397,-2887.4630428100691,1056.9772671333271,2.2865577503193193
1224000,11864479.11658081,40458959.332292743,-13077.372939898802,-2950.5627946316454,865.33683205846751,2.3582715886924834
1224900,9185333.4946272951,41150096.0510967,-10926.422903454188,-3000.9567443108413,669.97140401970057,2.4199142185169737
1225800,6466634.3478462528,41664042.699072383,-8724.6330000022572,-3038.4279815535133,471.72252169510722,2.4712061485758134
1226700,3720088.8686954263,41998587.651359677,-6481.428048830212,-3062.8152967139176,271.44413435863044,2.5119122153339895
1227600,957524.00356162805,42152292.041367047,-4206.4241749507455,-3074.0138750064843,69.998915259667257,2.5418426142119519
1228500,-1809164.5234415985,42124495.938627064,-1909.3875950853458,-3071.9757463007336,-131.74546268719791,2.5608537354978815
1229400,-4568063.4807225885,41915321.163921937,399.80725940753405,-3056.7099885257471,-332.92007259676762,2.5688488013785409
1230300,-7307293.4712820742,41525670.729811333,2711.2201024171527,-3028.2826838182068,-532.65848428617801,2.5657783014640652
1231200,-10015060.124102406,40957224.909475654,5014.887453583191,-2986.8166276610018,-730.10050349878463,2.5516402250946233
1232100,-12679704.913075374,40212433.951552548,7300.8654160959486,-2932.4907923715723,-924.3958833093684,2.5264800896409643
1233000,-15289755.383409781,39294507.473321378,9559.2723881827915,-2865.5395474040756,-1114.7079914779986,2.4903907649413326
1233900,-17833974.568170056,38207400.579108804,11780.331525216799,-2786.2516400209211,-1300.2174177351599,2.4435120949479505
1234800,-20301409.381281011,36955796.765078306,13954.412770766685,-2694.9689409609027,-1480.1255052728945,2.3860303185820269
1235700,-22681437.777971346,35545087.685559891,16072.074277118734,-2592.0849607770783,-1653.6577910837118,2.3181772927109869
1236600,-24963814.479193222,33981349.869706072,18124.103038829398,-2478.0431435318787,-1820.0673402282182,2.240229521059403
1237500,-27138715.063016791,32271318.490463659,20101.554566693281,-2353.3349455142352,-1978.6379596206752,2.152506993740543
1238400,-29196778.233321078,30422358.300567493,21995.791434112987,-2218.4977075786737,-2128.6872774953254,2.0553718429423333
1239300,-31129146.084245883,28442431.862434138,23798.520533206301,-2074.1123305947544,-2269.5696753512234,1.9492268211145873
1240200,-32927502.187789991,26340065.210408576,25501.828884049584,-1920.8007643327842,-2400.6790598649977,1.8345136087778295
1241100,-34584107.341590643,24124311.094745494,27098.217847196098,-1759.223320894811,-2521.4514630046478,1.7117109598028308
1242000,-36091832.8242485,21804709.966944404,28580.635596981312,-1590.075824525501,-2631.3674593681926,1.5813326926883233
1242900,-37444191.016517393,19391248.875564814,29942.507721087091,-1414.0866103031583,-2729.9543906035356,1.4439255369880284
1243800,-38635363.258204974,16894318.450388238,31177.765820330678,-1232.0133848149712,-2816.7883876351457,1.3000668446016281
1244700,-39660224.822672002,14324668.160737688,32280.873991617464,-1044.6399624612977,-2891.4961823238923,1.1503621761435538
1245600,-40514366.903317831,11693360.040886188,33246.853086387877,-852.77289151058665,-2953.7567011135052,0.99544277303406348
1246500,-41194115.519339472,9011721.081762122,34071.302646635791,-657.23798443915825,-3003.3024341658497,0.83596292631579183
1247400,-41696547.261294127,6291294.493574053,34750.420430611812,-458.87676743864381,-3039.9205744527262,0.67259725348197308
1248300,-42019501.810522653,3543790.0485172174,35281.019450580927,-258.54286425896612,-3063.4539222499552,0.50603789480835348
1249200,-42161591.180247203,781033.71637935843,35660.542455409661,-57.098329777210154,-3073.8015514659533,0.33699164080758326
1250100,-42122205.640084587,-1985083.1913712062,35887.073801242419,144.59005115634474,-3070.9192352281816,0.16617700247297043
1251000,-41901516.299763002,-4742655.1515601594,35959.348664019497,345.65448394312546,-3054.8196291433901,-0.0056787640506938963
1251900,-41500474.341939203,-7479813.6149096638,35876.759558022059,545.22988783844926,-3025.5722116385045,-0.17784266683434322
1252800,-40920806.908135161,-10184778.028744632,35639.360134939147,742.45760725321315,-2983.3029817756637,-0.34957901020518589
1253700,-40165009.65589451,-12845906.479074437,35247.866248080143,936.48909514942102,-2928.1939159149588,-0.52015243832659619
1254600,-39236336.019251317,-15451745.735995678,34703.654276258407,1126.4895530511183,-2860.4821855697555,-0.68883097945366512
1255500,-38138783.218456462,-17991080.488905299,34008.756711502741,1311.641512373636,-2780.4591397602658,-0.85488908032894284
1256400,-36877075.078573056,-20452981.561416127,33165.85502410031,1491.1483420087343,-2688.4690561193656,-1.017610620485085
1257300,-35456641.729982585,-22826852.900117122,32178.269827529959,1664.2376673906874,-2584.9076659389989,-1.1762918965622073
1258200,-33883596.276992366,-25102477.136404626,31049.948374614389,1830.1646866083213,-2470.220459263905,-1.3302445670373833
1259100,-32164708.533553351,-27270059.526513759,29785.449424745155,1988.2153695203904,-2344.9007770401022,-1.4787985480143846
1260000,-30307375.937539715,-29320270.081583649,28389.925530364166,2137.7095262766024,-2209.4876982063629,-1.6213048509014283
1260900,-28319591.767059371,-31244283.707077742,26869.102799091983,2278.0037321442915,-2064.5637304754614,-1.757138352895866
1261800,-26209910.793810863,-33033818.179129664,25229.25819606382,2408.4940960915205,-1910.7523143855267,-1.885700491182227
1262700,-23987412.519528337,-34681169.794372015,23477.194459265535,2528.6188611814887,-1748.7151510072156,-2.0064218716260309
1263600,-21661662.152015291,-36179246.539503314,21620.21270905558,2637.8608254906435,-1579.1493644661227,-2.1187647825105818
1264500,-19242669.4871106,-37521598.637226731,19666.082841710519,2735.7495729736374,-1402.7845111778452,-2.2222256035282508
1265400,-16740845.872109832,-38702446.336219244,17623.011805823044,2821.8635044616576,-1220.3794483911222,-2.3163370998233161
1266300,-14166959.434634389,-39716704.824423164,15499.609869769374,2895.8316597955609,-1032.7190752877418,-2.4006705904230419
1267200,-11532088.768653816,-40560006.157151304,13304.854998269691,2957.3353229599475,-840.61096049159471,-2.4748379799306894
1268100,-8847575.2762805764,-41228718.104215875,11048.055466271559,3006.1094029963033,-644.88187038831995,-2.538493641939068
1269000,-6124974.3700288683,-41719959.833476961,8738.8108489233655,3041.9435844294571,-446.37421314644138,-2.5913361423119978
1269900,-3376005.7454229891,-42031614.361804873,6386.9715371545317,3064.6832419377488,-245.94241375592429,-2.6331097903293554
1270800,-612502.93812164059,-42162337.718400389,4002.5969391738267,3074.2301150286844,-44.449235756211891,-2.6636060057510833
1271700,2153637.6169365421,-42111564.779654942,1595.9125388263901,3070.5427395429347,157.23793439097318,-2.6826644901694996
1272600,4910507.8044879129,-41879511.749191366,-822.73400802925335,3053.6366338940675,358.25082412180984,-2.6901741916171158
1273500,7646239.1047323085,-41467175.271335639,-3242.9175484142188,3023.5842390527146,557.72401649322001,-2.6860740522930886
1274400,10349053.704295365,-40876328.180958666,-5654.1806790728342,2980.5146123948175,754.79868047064247,-2.6703535304606518
1275300,13007315.221313769,-40109511.90732193,-8046.0793585327538,2924.6128766469133,948.62627347716807,-2.6430528890290494
1276200,15609578.825201597,-39170025.564187966,-10408.228671656685,2856.1194262697172,1138.3722000161899,-2.6042632450283363
1277100,18144640.534257423,-38061911.772943497,-12730.348529581477,2775.3288947173519,1323.2194103760505,-2.5541263760623387
1278000,20601585.477851786,-36789939.279757202,-15002.309085310115,2682.5888870864546,1502.3719237004236,-2.4928342818246922
1278900,22969834.914472647,-35359582.441786259,-17214.175644422299,2578.2984837206109,1675.0582600597572,-2.4206285008199204
1279800,25239191.802376661,-33776997.671088226,-19356.2528514232,2462.9065213550039,1840.5347665839113,-2.337799184483389
1280700,27399884.725965604,-32048996.938123148,-21419.127935125252,2336.9096593684499,1998.08882321038,-2.2446839328806152
1281600,29442609.988243993,-30183018.449485004,-23393.712801073107,2200.8502396502513,2147.0419141620864,-2.1416663980388524
1282500,31358571.687776778,-28187094.626724102,-25271.284765255303,2055.3139494834136,2286.7525518891689,-2.0291746626815876
1283400,33139519.60741109,-26069817.524760451,-27043.525731045236,1900.9272976901448,2416.6190408858783,-1.9076794036724087
1284300,34777784.751607686,-23840301.839394409,-28702.559620307322,1738.3549150773065,2536.0820695218622,-1.7776918508132205
1285200,36266312.379497349,-21508145.663749918,-30240.987879711145,1568.2966909561378,2644.6271188020714,-1.6397615527782408
1286100,37598692.391684674,-19083389.163098291,-31651.922894337025,1391.4847581903221,2741.7866777865784,-1.4944739629048995
1287000,38769186.940314174,-16576471.346370347,-32929.019152458277,1208.6803398477814,2827.1422562562534,-1.3424478583177408
1287900,39772755.143939026,-13998185.12074009,-34066.502017790539,1020.6704710933641,2900.326186098142,-1.1843326064496011
1288800,40605074.801236287,-11359630.82292621,-35059.193978365161,828.26461046109398,2961.0232038013046,-1.0208052934658443
1289700,41262561.010540038,-8672168.4272836167,-35902.53825438991,632.29115508522955,3008.9718073959257,-0.85256772941408643
1290600,41742381.615460716,-5947368.6363258716,-36592.619660903285,433.59387484876248,3043.9653821317911,-0.68034334513473005
1291500,42042469.410469122,-3196963.0640124907,-37126.182634623925,233.02828072585291,3065.853090173257,-0.50487399609587869
1292400,42161531.054192573,-432793.72593881562,-37500.646348075636,31.457942851007061,3074.5405205831121,-0.32691668837691357
1293300,42099052.652242325,2333237.9465311533,-37714.116847777019,-170.24922595758221,3069.9900968739785,-0.14724024203200051
1294200,41855301.985610403,5089222.3491551802,-37765.396166979735,-371.22470536011917,3052.2212404199672,0.033378092971053541
1295100,41431327.374985464,7823292.9846143527,-37653.988377085836,-570.60310541101353,3021.3102890400323,0.21415605311184996
1296000,40828953.185684212,10523677.558953131,-37380.102555443715,-767.5258912870213,2977.3901710849245,0.39430979495409368
1296900,40050771.992223993,13178748.675142728,-36944.652660688706,-961.14507893822918,2920.6498363787055,0.57305733116085333
1297800,39100133.43581593,15777073.905925693,-36349.25432013502,-1150.6268858858543,2851.3334463804731,0.74962195414441268
1298700,37981129.822182424,18307465.030682366,-35596.218546916338,-1335.1553215657448,2769.7393269392101,0.92323563278613396
1299600,36698578.521042012,20759026.224545173,-34688.542417589299,-1513.9357018527348,2676.2186880113086,1.0931423678694048
1300500,35258001.242303871,23121200.992362533,-33629.896753730878,-1686.1980726984787,2571.1741156931657,1.2586014921066089
1301400,33665600.277417898,25383817.645367458,-32424.610863647995,-1851.2005281737779,2455.0578428869276,1.4188909009123694
1302300,31928231.807380617,27537133.124518953,-31077.654412645526,-2008.2324086253714,2328.369805862505,1.5733102003828316
1303200,30053376.391546916,29571874.981437728,-29594.616502331719,-2156.6173651361682,2191.6554948997896,1.7211837592874131
1304100,28049106.763589956,31479281.335626945,-27981.682051142896,-2295.7162770162245,2045.5036080878735,1.8618636522682082
1305000,25924053.072632529,33251138.635228202,-26245.605579602005,-2424.9300096485003,1890.543518219069,1.9947324818751389
1305900,23687365.718691725,34879817.057880841,-24393.682514748372,-2543.7020006673501,1727.4425635407235,2.1192060675439968
1306800,21348675.942083318,36358303.398296095,-22433.718138646065,-2651.5206631572723,1556.9031739131294,2.2347359901514348
1307700,18918054.33627392,37680231.299888007,-20373.994315852357,-2747.9215953228431,1379.6598446630817,2.3408119813561377
1308600,16405967.462800203,38839908.699179292,-18223.234144162536,-2832.4895868957306,1196.475971115696,2.4369641475592601
1309500,13823232.755249973,39832342.363677092,-15990.564681798545,-2904.860413408554,1008.1405574278194,2.5227650189892867
1310400,11180971.906876992,40653259.416441828,-13685.477912434009,-2964.7224103750955,815.46481393064573,2.5978314151361457
1311300,8490562.9431605991,41299125.7535998,-11317.790117005046,-3011.8178203684233,619.27865771309996,2.6618261185241705
1312200,5763591.1864856537,41767161.274520248,-8897.5998281048905,-3045.9439069789141,420.42713163735857,2.714459349622135
1313100,3011799.3250760967,42055351.858231619,-6435.2445488628819,-3066.9538306585569,219.76675737012334,2.755490036537517
1314000,247036.80233741691,42162458.033827215,-3941.2564235297609,-3074.7572825114403,18.161838334687332,2.7847268740282747
1314900,-2518791.2541737054,42088020.307041824,-1426.3170514999165,-3069.3208731677851,-183.519271263257,2.8020291672848621
1315800,-5273775.3428499829,41832361.119802058,1098.7883598309929,-3050.6682749746597,-384.40791501113625,2.8073074568834757
1316700,-8006052.9148095306,41396583.434293568,3623.2173051714426,-3018.8801168447658,-583.63888404715635,2.8005239222838365
1317600,-10703859.494861059,40782565.947878808,6136.1165542815816,-2974.0936322192274,-780.35415156568502,2.7816925622358637
1318500,-13355579.37508408,39992954.959966287,8626.6687866213342,-2916.5020617148634,-973.7065757004325,2.7508791514643165
1319400,-15949795.661362913,39031152.926607028,11084.139086444517,-2846.3538131345208,-1162.8635545597679,2.7082009740123092
1320300,-18475339.456117824,37901303.753101796,13497.921097883765,-2763.9513826142447,-1347.010617412021,2.6538263346385338
1321200,-20921337.96435906,36608274.889174938,15857.58264128102,-2669.6500417569227,-1525.3549363200923,2.5879738506723329
1322100,-23277261.315028887,35157636.305236936,18152.910594632649,-2563.8562966523309,-1697.1287429023184,2.5109115277297014
1323000,-25532967.895367585,33555636.441850938,20373.954847524623,-2447.0261257020907,-1861.592635347806,2.4229556236757004
1323900,-27678748.002710771,31809175.237673391,22511.071139313892,-2319.663004149264,-2018.0387613362604,2.3244693061787483
1324800,-29705365.625660572,29925774.353793889,24554.96259854476,-2182.3157241506419,-2165.7938631010784,2.2158611101339032
1325700,-31604098.174932189,27913544.724495716,26496.719806645055,-2035.5760201204189,-2304.2221715259934,2.0975832021299996
1326600,-33366773.993314378,25781151.575942233,28327.859215793731,-1880.0760099122845,-2432.7281368753379,1.9701294599939152
1327500,-34985807.484049127,23537777.06511452,30040.359758451388,-1716.4854631892154,-2550.7589845210346,1.8340333762591778
1328400,-36454231.707479998,21193080.701437309,31626.697494355445,-1545.5089090530341,-2657.8070848406264,1.6898657951706677
1329300,-37765728.306985475,18757157.722892076,33079.878149756434,-1367.8825956663447,-2753.4121273145392,1.5382324935478153
1330200,-38914654.636946119,16240495.606992424,34393.467413259867,-1184.3713151957652,-2837.1630897419027,1.3797716164807636
1331100,-39896067.977734163,13653928.904756352,35561.618862785697,-995.76510793578495,-2908.6999944170575,1.2151509794241198
1332000,-40705746.735401228,11008592.592726719,36579.099408806018,-802.87585993628056,-2967.7154440579329,1.0450652487762813
1332900,-41340208.536813982,8315874.1441442817,37441.312150110673,-606.53380885328647,-3013.9559312474207,0.87023301348641513
1333800,-41796725.144388668,5587364.5255497657,38144.316549815099,-407.58397307219462,-3047.2229161345999,0.69139376061184166
1334700,-42073334.128242888,2834808.3293716647,38684.845851098304,-206.8825194157435,-3067.3736681393425,0.50930476805337677
1335600,-42168847.24745816,70053.256436089985,39060.321664171111,-5.2930849469234715,-3074.3218684068843,0.32473792792197553
1336500,-42082855.50617075,-2695000.8351892638,39268.865668154402,196.31693148938299,-3068.0379707642505,0.138476514135003
1337400,-41815730.864324227,-5448453.0970335482,39309.308383819618,397.08009227111154,-3048.5493199341595,-0.048688092097590355
1338300,-41368624.597069979,-8178452.8540902231,39181.194985434544,596.1326428248417,-3015.9400267608039,-0.23595970525854587
1339200,-40743462.310936838,-10873250.547285579,38884.788132191126,792.6182165962307,-2970.350601192727,-0.42254065344671604
1340100,-39942935.638956524,-13521248.237233143,38421.067811793488,985.69150759446234,-2911.977344748243,-0.60763509789324022
1341000,-38970490.650876574,-16111049.453947918,37791.728200680816,1174.5218951014213,-2841.071505156161,-0.79045234099238471
1341900,-37830313.028368071,-18631508.180047832,36999.171556981448,1358.2970053514039,-2757.9381968170455,-0.97021011011079483
1342800,-36527310.068693675,-21071776.758672729,36046.499173577809,1536.2261952545182,-2662.9350916660178,-1.1461378048479993
1343700,-35067089.593596213,-23421352.521888632,34937.499429550218,1707.5439435553199,-2556.470885935661,-1.3174796958874879
1344600,-33455935.85315372,-25670122.940699112,33676.632988715268,1871.5131351865707,-2439.003549215427,-1.4834980640881361
1345500,-31700782.526978534,-27808409.103938561,32269.015203948511,2027.4282249955781,-2311.0383630804963,-1.643476269004746
1346400,-29809182.937372278,-29827007.340253819,30720.395795464705,2174.6182674868264,-2173.1257574168899,-1.7967217365746242
1347300,-27789277.600841202,-31717228.80506973,29037.135880222209,2312.4497997392164,-2025.8589533989232,-1.9425688562438008
1348200,-25649759.255684257,-33470936.862858161,27226.182438142856,2440.3295652191046,-1869.8714228779877,-2.0803817783082206
1349100,-23399835.514145784,-35080582.104163654,25295.040308935542,2557.7070668214078,-1705.8341747158545,-2.2095571026895064
1350000,-21049189.297832582,-36539234.846655555,23251.741821043488,2664.0769381303871,-1534.4528793385955,-2.3295264507294089
1350900,-18607937.224687926,-37840614.979946509,21104.814161681548,2758.9811225992667,-1356.4648434958708,-2.4397589118533656
1351800,-16086586.124749392,-38979119.025008425,18863.244604186373,2842.010851103385,-1172.6358478812595,-2.5397633571083298
1352700,-13495987.870150337,-39949844.290693596,16536.443716071608,2912.8084091246105,-983.75686089870703,-2.6290906116177508
1353600,-10847292.712314032,-40748610.022091359,14134.206678368075,2971.0686856743632,-790.64064244389135,-2.7073354779203438
1354500,-8151901.3259934997,-41371975.448176898,11666.672854130809,3016.5404969573774,-594.11825210276095,-2.7741386019847383
1355400,-5421415.7656893004,-41817254.649390176,9144.2837514891544,3049.0276787161392,-395.03547664808974,-2.8291881734446922
1356300,-2667589.5449943142,-42082528.179368995,6577.7395343517546,3068.3899421740871,-194.24919213372607,-2.8722214513173374
1357200,97722.946465776302,-42166651.38899456,3977.9542418668511,3074.5434895104613,7.376323759422263,-2.9030261061965041
1358100,2862617.4706361587,-42069259.415129848,1356.0098859440973,3067.4613858468015,208.97311318625842,-2.9214413697092221
1359000,5615191.1930841599,-41790768.81087821,-1276.890395517082,3047.1736857993346,409.67327725766057,-2.9273589819421564
1359900,8343593.9381419383,-41332375.808792382,-3909.4699437122408,3013.7673137468182,608.61271653102358,-2.9207239276422068
1360800,11036079.225517647,-40696051.223153614,-6530.4267482005525,2967.3856980732908,804.93485652868071,-2.9015349523198815
1361700,13681054.867488053,-39884532.01214321,-9128.481978488122,2908.2281607623299,997.7943419680098,-2.8698448499734068
1362600,16267132.907527491,-38901309.535370432,-11692.428668975483,2836.5490648363771,1186.360683496418,-2.8257605150281981
1363500,18783178.683972191,-37750614.556726038,-14211.180342157992,2752.6567232435605,1369.8218409170915,-2.7694427522545659
1364400,21218358.806054391,-36437399.056826346,-16673.819349985548,2656.9120738875472,1547.3877271666224,-2.7011058398729881
1365300,23562187.834350232,-34967314.933322713,-19069.644709720866,2549.727126565575,1718.2936176615508,-2.6210168427482365
1366200,25804573.463343959,-33346689.68100724,-21388.219208684728,2431.563188618717,1881.8034500648271,-2.5294946744641167
1367100,27935860.010388367,-31582499.156875536,-23619.415552094535,2302.9288770998883,2037.2130000316156,-2.4269089091004008
1368000,29946870.022800874,-29682337.548049212,-25753.461329885358,2164.3779262229164,2183.8529190724594,-2.3136783456365952
1368900,31828943.823134527,-27654384.672650959,-27780.982581986224,2016.5067997649114,2321.0916213157434,-2.1902693300168843
1369800,33573976.821757175,-25507370.755309366,-29693.045746984684,1859.9521189494619,2448.3380066553514,-2.0571938419613138
1370700,35174454.435710497,-23250538.829895459,-31481.19778637126,1695.3879171362014,2565.0440085278447,-1.915007355544486
1371600,36623484.463349961,-20893604.93231352,-33137.504285486357,1523.5227333799889,2670.7069553706938,-1.7643064843375134
1372500,37914826.775432594,-18446716.25564266,-34654.585342734928,1345.0965575981227,2764.8717356633565,-1.6057264234882453
1373400,39042920.195063412,-15920407.448617151,-36025.649070401283,1160.877640695137,2847.1327573407711,-1.4399382024772918
1374300,40002906.451177157,-13325555.246311149,-37244.522543289473,971.6591835408683,2917.1356932886715,-1.2676457634251397
1375200,40790651.102958903,-10673331.628930822,-38305.680045229965,778.25591917822339,2974.5790055769758,-1.0895828807402983
1376100,41402761.345737897,-7975155.7107915785,-39204.268478036618,581.50060305239117,3019.2152420564785,-0.90650993860177964
1377000,41836600.622363985,-5242644.5668526776,-39936.129812584339,382.24042640346897,3050.8520999308048,-0.71921058327838339
1377900,42090299.977837116,-2487563.2085813889,-40497.820477144262,181.33336825013771,3069.3532519158325,-0.52848826762491163
1378800,42162766.108949848,278226.07558597811,-40886.627593814519,-20.355498386178624,3074.6389316088648,-0.33516270528432257
1379700,42053686.074863419,3042814.7973359777,-41100.581989698585,-221.95773020851556,3066.6862757061472,-0.14006625219003588
1380600,41763528.648813277,5794299.5436059199,-41138.46792530809,-422.60525141834808,3045.5294217267165,0.055959767074738279
1381500,41293542.305474415,8520833.229481943,-40999.829498419997,-621.4340895968096,3011.2593609199766,0.25206877062264987
1382400,40645749.852855466,11210676.108768828,-40684.973697233931,-817.58809377943214,2964.0235470510415,0.44741265105894867
1383300,39822939.731878445,13852246.323213307,-40194.970092100979,-1010.2226188965933,2904.0252627690011,0.64114551071130477
1384200,38828654.020985335,16434169.773349309,-39531.647170290089,-1198.5081608972514,2831.5227462662697,0.83242738355161405
1385100,37667173.197139107,18945329.096818354,-38697.585333186813,-1381.6339270779297,2746.8280819294264,1.0204279273801213
1386000,36343497.71840325,21374911.543790244,-37696.106589954936,-1558.8113264018148,2650.3058596608112,1.2043300701836845
1386900,34863326.506837286,23712455.543755148,-36531.260996006466,-1729.2773649138389,2542.3716085129286,1.3833335949489109
1387800,33233032.423684251,25947895.763462201,-35207.809898596584,-1892.2979317363242,2423.4900112215832,1.556658647607809
1388700,31459634.841698498,28071606.462123901,-33731.206065460901,-2047.1709615657671,2294.1729071457507,1.7235491532189229
1389600,29550769.431915585,30074442.957168289,-32107.570785616997,-2193.2294600840696,2154.9770920193273,1.8832761259429291
1390500,27514655.294151653,31947781.021779045,-30343.668044231435,-2329.8443792464855,2006.50192378888,2.0351408588609603
1391400,25360059.571985621,33683554.044189423,-28446.875885776757,-2456.4273300128511,1849.3867446489223,2.1784779802089651
1392300,23096259.703875281,35274287.788160361,-26425.155091535951,-2572.433120747427,1684.308130188434,2.3126583631652435
1393200,20733003.47233912,36713132.604241699,-24287.015308819646,-2677.3621102245916,1511.976977325646,2.4370918769331542
1394100,18280467.022752434,37993892.952252567,-22041.478780005225,-2770.7623649411853,1333.1354434286143,2.5512299675088865
1395000,15749211.032213174,39111054.106881611,-19698.041829647744,-2852.2316112495887,1148.5537496928869,2.6545680572167072
1395900,13150135.21708652,40059805.930356003,-17266.634277410045,-2921.4189736863223,959.02686247063207,2.7466477528317736
1396800,10494431.375195602,40836063.608713448,-14757.576953371996,-2978.026491776423,765.37106681393811,2.8270588528940399
1397700,7793535.1651503872,41436485.26128158,-12181.537500366554,-3021.8104085408468,568.42044700473787,2.8954411456447309
1398600,5059076.8309617722,41858486.346470401,-9549.4846553128555,-3052.5822249191142,369.02328929110575,2.9514859898884933
1399500,2302831.0848406772,42100250.800857991,-6872.6412080359714,-3070.2095153382361,168.03842243101664,2.9949376719972567
1400400,-463333.63509546011,42160738.862736374,-4162.435841743084,-3074.6165007071286,-33.668488043350379,3.0255945332234844
1401300,-3227506.312618833,42039691.545719579,-1430.4540641335311,-3065.784376188225,-235.22867568795095,3.0433098624768409
1402200,-5977784.6852065325,41737631.742633365,1311.6115579744069,-3043.7513921895434,-435.7740228181699,3.0479925507362813
1403100,-8702326.5374867395,41255861.954637438,4052.0116446396278,-3008.6126881252221,-634.44080758346581,3.0396075043130923
1404000,-11389400.734020978,40596458.655306101,6778.9905115290167,-2960.5198796045761,-830.37343203032469,3.0181758152457294
1404900,-14027437.770222567,39762263.314141452,9480.8367224325521,-2899.6804008227155,-1022.7281148085467,2.983774688187665
1405800,-16605079.622306261,38756870.118642047,12145.933466527522,-2826.356605033277,-1210.6765323258016,2.9365371242394684
1406700,-19111228.680250641,37584610.448528334,14762.808542254919,-2740.8646270793629,-1393.4093923848427,2.8766513632699717
1407600,-21535095.551819637,36250534.169962406,17320.183731552319,-2643.5730130358111,-1570.1399246458363,2.8043600873614327
1408500,-23866245.530712876,34760387.831523709,19807.023351046453,-2534.9011230679685,-1740.1072726413208,2.7199593890945954
1409400,-26094643.527871169,33120589.85724641,22212.581770633671,-2415.3173146330405,-1902.5797725310319,2.6237975094543766
1410300,-28210697.27182262,31338202.84512151,24526.449694649942,-2285.3369141336993,-2056.8581043153895,2.516273351179183
1411200,-30205298.591680262,29420903.092054974,26738.599006531578,-2145.5199860744156,-2202.2783018262362,2.3978347743910411
1412100,-32069862.604953002,27376947.478292275,28839.425984464786,-1996.4689096636014,-2338.2146084774718,2.2689766823229451
1413000,-33796364.641662516,25215137.855714075,30819.79270298281,-1838.8257736443784,-2464.0821664819318,2.1302389058991626
1413900,-35377374.746319801,22944783.095125441,32671.066443755371,-1673.269600919363,-2579.3395280193422,1.9822038968180353
1414800,-36806089.610053509,20575658.957655806,34385.156947883355,-1500.5134152566673,-2683.4909776680524,1.8254942396303557
1415700,-38076361.796541527,18117965.964616094,35954.551351814407,-1321.3011630222745,-2776.0886562850792,1.6607699940949434
1416600,-39182726.137319289,15582285.448586602,37372.346659481649,-1136.4045034756878,-2856.7344774289627,1.488725879822776
1417500,-40120423.184462383,12979533.976102147,38632.279614382969,-946.61948168945946,-2925.0818283623498,1.310088315888208
1418400,-40885419.621505335,10320916.339033704,39728.753847004496,-752.76309860777644,-2980.8370486402655,1.1256123286867949
1419300,-41474425.546700351,7617877.317616079,40656.864185188235,-555.6697931441098,-3023.760680280011,0.9360783418517501
1420200,-41884908.556277052,4882052.4230234036,41412.418027687687,-356.18785153307931,-3053.6684845140699,0.74228886250158754
1421100,-42115104.569173642,2125217.8314365204,41991.953694179851,-155.17575939765669,-3070.4322211430044,0.54506507847829266
1422000,-42164025.348709963,-640760.27532806015,42392.755678341302,46.501487829396666,-3073.9801875261342,0.34524338154601325
1422900,-42031462.690802835,-3403976.7453517728,42612.866744179206,247.97610037998726,-3064.2975152691452,0.14367183175218495
1423800,-41717989.262524396,-6152538.6497458844,42651.096819564482,448.38121972532008,-3041.4262236854966,-0.058793421694769948
1424700,-41224956.089017317,-8874616.41444185,42507.028654770678,646.85463847226833,-3005.4650301186675,-0.26129174760732726
1425600,-40554486.700950272,-11558494.672229275,42181.020227703659,842.54249888142624,-2956.5689182115439,-0.46296165265014183
1426500,-39709467.968770035,-14192622.618052833,41674.203891338475,1034.6029544439796,-2894.9484661945639,-0.66294439850928555
1427400,-38693537.663929865,-16765663.652881164,40988.482272583198,1222.2097791483789,-2820.868938232974,-0.86038760127287661
1428300,-37511068.80099836,-19266544.104626153,40126.520945288306,1404.555909316065,-2734.6491428234658,-1.0544487981672708
1429200,-36167150.82803002,-21684500.818601828,39091.737913336045,1580.8569031862066,-2636.6600631596129,-1.2442989671495159
1430100,-34667567.745762713,-24009127.414849494,37888.289952601845,1750.3543037805518,-2527.3232652922256,-1.4291259852968341
1431000,-33018773.249052718,-26230419.015298199,36521.055873005214,1912.3188909794833,-2407.1090907935295,-1.6081380124539433
1431900,-31227862.996422205,-28338815.250155568,34995.616773790171,2066.0538091876592,-2276.5346414915953,-1.7805667871932265
1432800,-29302544.125635006,-30325241.360109769,33318.233376533666,2210.8975574610317,-2136.1615646724317,-1.9456708228031026
1433700,-27251102.144792821,-32181147.218844544,31495.820531118356,2346.2268295055869,-1986.5936479502795,-2.1027384917347307
1434600,-25082365.339515731,-33898544.10900037,29535.918999981608,2471.4591915410988,-1828.474233780543,-2.2510909876924341
1435500,-22805666.84729806,-35470039.094028316,27446.664635336572,2586.0555866499608,-1662.4834643328459,-2.3900851553309983
1436400,-20430804.560074285,-36888866.838351429,25236.755072742944,2689.5226549014128,-1489.3353681521303,-2.5191161783027618
1437300,-17967999.025350664,-38148918.738840006,22915.414072392385,2781.4148592548263,-1309.7748007113739,-2.6376201171559859
1438200,-15427849.524917688,-39244769.241790906,20492.353646797223,2861.336408001901,-1124.5742515979152,-2.7450762892987486
1439100,-12821288.518118631,-40171699.231340714,17977.734120282938,2928.9429653062034,-934.53053167373355,-2.8410094838850526
1440000,-10159534.643871594,-40925716.387502626,15382.122271858914,2983.9431422388975,-740.461354105022,-2.9249920050292366
1440900,-7454044.4820900904,-41503572.424754381,12716.447718770693,3026.0997615908495,-543.20182366445147,-2.9966455371922009
1441800,-4716463.2807833403,-41902777.135277919,9991.9577034271151,3055.2308906622475,-343.60084916666165,-3.0556428268963463
1442700,-1958574.8599079191,-42121609.174510613,7220.1704515617494,3071.2106371895743,-142.51749429949027,-3.1017091751117229
1443600,807749.09304632689,-42159123.540563144,4412.8272745417216,3073.9697045638563,59.182717544119669,-3.1346237347208068
1444500,3570600.117751231,-42015155.713233918,1581.8435937805757,3063.4957035202565,260.63152855023543,-3.1542206074325767
1445400,6318084.2459657565,-41690322.43274425,-1260.7409296775365,3039.8332185334793,460.96168579082109,-3.1603897344094354
1446300,9038373.2155361995,-41186019.112870276,-4102.8129721119622,3003.0836282312907,659.31067832277063,-3.153077574736066
1447200,11719755.412188247,-40504413.897788249,-6932.2366369901174,2953.4046802341786,854.82445578739703,-3.1322875657490572
1448100,14350686.31869315,-39648438.386610106,-9736.90485871083,2891.0098219365414,1046.6611122370477,-3.098080359218323
1449000,16919838.252854176,-38621775.064193681,-12504.790915824662,2816.1672898567781,1233.9945190157177,-3.0505738274841945
1449900,19416149.178623959,-37428841.491290927,-15223.999844145381,2729.1989612927832,1416.0178907040695,-2.9899428339629019
1450800,21828870.378521547,-36074771.321374491,-17882.819535366158,2630.4789731177502,1591.9472684066532,-2.9164187629829552
1451700,24147612.780356791,-34565392.225481272,-20469.771302609231,2520.4321136307749,1761.0249050097864,-2.8302888047375792
1452600,26362391.737068988,-32907200.820057385,-22973.659691021556,2399.5319944294724,1922.5225374708727,-2.7318949922463749
1453500,28463670.065217994,-31107334.7060101,-25383.621309337614,2268.2990102898725,2075.7445317111274,-2.6216329886085186
1454400,30442399.155295536,-29173541.739899058,-27689.172457506102,2127.2980960148452,2220.0308862700986,-2.4999506244722114
1455300,32290057.975510575,-27114146.670366153,-29880.255326229861,1977.1362901394671,2354.7600815372766,-2.3673461874991566
1456200,33998689.799999081,-24938015.284449246,-31947.282546763337,1818.4601162540591,2479.3517620981893,-2.2243664676093635
1457100,35560936.502463445,-22654516.219293982,-33881.179873656351,1651.9527935180342,2593.2692405136463,-2.0716045638840526
1458000,36970070.267004281,-20273480.604919501,-35673.426789372832,1478.331288685974,2696.0218116848746,-1.9096974611116821
1458900,38220022.579308257,-17805159.713063512,-37316.094827829882,1298.3432226483751,2787.1668678375613,-1.7393233860145771
1459800,39305410.373338051,-15260180.795691215,-38801.883423817781,1112.7636451009996,2866.3118050776566,-1.5611989551282579
1460700,40221559.221172109,-12649501.304468457,-40124.153106845071,922.39169149739882,2933.1157134246473,-1.376076128070415
1461600,40964523.466597088,-9984361.6893453766,-41276.955871032471,728.04713690844756,2987.2908432075874,-1.1847389814908813
1462500,41531103.216401935,-7276236.9803511873,-42255.062567053734,530.56686181073474,3028.6038417095774,-0.98800032031374152
1463400,41918858.116994999,-4536787.3617474288,-43053.987177572744,330.80124515318766,3056.8767549620638,-0.78669814395467774
1464300,42126117.857900962,-1777807.9518148475,-43670.007853930816,129.61050030946004,3071.987790616316,-0.58169198602293171
1465200,42151989.35783226,988821.99524968048,-44100.184608779397,-72.139030286089536,3073.8718388511306,-0.37385914660758668
1466100,41996360.60330794,3751190.2465779157,-44342.373576726743,-273.57860589696105,3062.5207493092416,-0.16409083662207657
1467000,41659901.124154776,6497402.8869261239,-44395.237772689055,-473.84082765618803,3037.9833630864177,0.046711746137643229
1467900,41144059.104611188,9215635.5335154086,-44258.254295344552,-672.06337217290456,3000.365299823658,0.25764138955028415
1468800,40451055.143111259,11894184.249414306,-43931.717940746996,-867.39270265989251,2949.8285009713886,0.46778886879440257
1469700,39583872.688096724,14521515.936877882,-43416.741208648345,-1058.9877417921,2886.5905313025814,0.67624695773153276
1470600,38546245.191338547,17086317.994375713,-42715.250701318029,-1246.0234906882054,2810.9236417468569,0.88211443106506116
1471500,37342640.03419327,19577547.02424819,-41829.979931555092,-1427.6945786464075,2723.1535975977395,1.0845000386919643
1472400,35978239.295922913,21984476.382012248,-40764.458573113108,-1603.2187285606892,2623.6582771080821,1.2825264341193319
1473300,34458917.446619667,24296742.363277189,-39522.998202851872,-1771.8401232939914,2512.8660464321365,1.4753340393159249
1474200,32791216.060350273,26504388.830010511,-38110.674599558741,-1932.8326586892588,2391.2539177946146,1.6620848289024917
1475100,30982315.656819616,28597910.084491756,-36533.306679517817,-2085.50306935755,2259.3454986649622,1.8419660171480698
1476000,29040004.792101905,30568291.806687232,-34797.432163520956,-2229.1939138937455,2117.7087405865614,2.0141936318297957
1476900,26972646.530752208,32407049.878944352,-32910.280084087193,-2363.2864067341516,1966.9534971529097,2.1780159596308546
1477800,24789142.442845456,34106266.930814572,-30879.740255162113,-2487.2030844858709,1807.7289014332498,2.3327168483952256
1478700,22498894.28014677,35658626.446437612,-28714.329839481448,-2600.4102952242847,1640.72057392546,2.4776188522312341
1479600,20111763.495651599,37057444.287224464,-26423.157161075382,-2702.4204999714516,1466.6476728510625,2.6120862061606274
1480500,17638028.780102048,38296697.493526116,-24015.882922033536,-2792.7943763332937,1286.2597993024935,2.7355276177485952
1481400,15088341.797743514,39371050.240530141,-21502.678993612513,-2871.1427150856616,1100.3337704026831,2.8473988639252612
1482300,12473681.311492274,40275876.835745476,-18894.184962015323,-2937.1281013567195,909.67027423782031,2.9472051820227665
1483200,9805305.8947999552,41007281.65807119,-16201.462618669328,-2990.466372953334,715.09042087213288,3.0345034449054484
1484100,7094705.4337875731,41562115.951548532,-13435.948593540272,-3030.9278493194506,517.4322042448282,3.1089041109646889
1485000,4353551.6286457069,41937991.400414139,-10609.4053379081,-3058.3383255916365,317.54689018027631,3.1700729406845496
1485900,1593647.7078261971,42133290.425950497,-7733.8706700590928,-3072.5798272273482,116.29534610950682,3.2177324724586325
1486800,-1173122.4278428205,42147173.159807913,-4821.606103483793,-3073.5911217208936,-85.455671599266296,3.2516632513509847
1487700,-3934845.4113273821,41979581.062888689,-1885.0441823777946,-3061.3679849858381,-286.83725657413959,3.2717048055413223
1488600,-6679629.7443594262,41631237.173474461,1063.2649465075133,-3035.963221065771,-486.9821013540693,3.277756366274748
1489500,-9395657.0390142128,41103642.982974052,4010.7074933516988,-2997.4864349323352,-685.02823992090384,3.2697773282435656
1490400,-12071232.943977712,40399071.952403933,6944.6602815191955,-2946.1035592345111,-880.12276748208376,3.2477874484597065
1491300,-14694837.534864061,39520559.697415516,9852.5450647783255,-2882.0361369701445,-1071.425521212476,3.2118667828245493
1492200,-17255174.950213894,38471890.884282224,12721.882669490995,-2805.5603631533572,-1258.1127058183013,3.1621553607633093
1493100,-19741222.058062952,37257582.893683448,15540.346726633497,-2717.0058896432583,-1439.3804480198805,3.0988525994569138
1494000,-22142275.942204278,35882866.323300742,18295.816760412945,-2616.7543983737587,-1614.4482643622455,3.022216460369052
1494900,-24448000.002457872,34353662.414103851,20976.430403193357,-2505.2379492748096,-1782.562427152262,2.9325623519230719
1495800,-26648468.469384655,32676557.498681724,23570.634510429689,-2382.937110195604,-1942.9992137858026,2.8302617833254087
1496700,-28734209.140906606,30858774.583000086,26067.234954311669,-2250.3788771240575,-2095.0680252659618,2.7157407756531824
1497600,-30696244.156186998,28908142.185477942,28455.444880818875,-2108.1343939383423,-2238.1143603201135,2.5894780374159323
1498500,-32526128.630842634,26833060.569211017,30724.931221856408,-1956.8164818198406,-2371.522632195833,2.4520029128592755
1499400,-34215986.987059012,24642465.514472231,32865.859262042453,-1797.0769892976198,-2494.7188159489392,2.303893112295305
1500300,-35758546.822409242,22345789.789236367,34868.935068515806,-1629.6039746778044,-2607.1729148263321,2.1457722347150585
1501200,-37147170.1720853,19952922.485359009,36725.4456017786,-1455.1187333331256,-2708.4012351865222,1.978307093856867
1502100,-38375882.030778542,17474166.397146095,38427.296336038184,-1274.372682985032,-2797.9684602863267,1.8022048597663611
1503000,-39439396.012536049,14920193.627341131,39967.046228709558,-1088.1441207003616,-2875.4895141872121,1.6182100286849566
1503900,-40333137.039508484,12301999.612999951,41337.939890629175,-897.23486584461921,-2940.6312079933546,1.4271012348400327
1504800,-41053260.963530332,9630855.7702901959,42533.936821052921,-702.46680368290049,-2993.1136616195959,1.2296879183786018
1505700,-41596671.037870653,6918260.962922141,43549.737584603216,-504.67834469669936,-3032.7114952952124,1.0268068642842336
1506600,-41961031.170196295,4175892.0036726422,44380.806820927748,-304.72081498998193,-3059.2547860329305,0.81931862764243335
1507500,-42144775.901736341,1415553.4022928807,45023.392991869754,-103.45479339139561,-3072.629785326284,0.60810386107039727
1508400,-42147117.071760856,-1350873.4240134207,45474.544785358397,98.253588977822915,-3072.7793953768773,0.39405956050197188
1509300,-41968047.140727103,-4111481.2593933125,45732.124109939192,299.53637080745932,-3059.7034021913219,0.17809524581609315
1510200,-41608339.159738943,-6854388.2982528741,45794.815628808719,499.5274884852048,-3033.45846492088,-0.038870906983534015
1511100,-41069543.388251625,-9567789.2349911742,45662.132797323568,697.36649391882202,-2994.1578618409299,-0.25591596518984044
1512000,-40353980.576175191,-12240006.016094128,45334.4203831497,892.20224654931599,-2941.9709943783241,-0.47211615350699587
1512900,-39464731.940630063,-14859538.037838675,44812.853463431886,1083.1965639755863,-2877.122651589189,-0.68655076597168074
1513800,-38405625.881533504,-17415111.575460143,44099.432908520612,1269.527815834258,-2799.8920384646208,-0.89830605889767334
1514700,-37181221.493895113,-19895728.233105969,43196.977376821145,1450.3944458575886,-2710.6115723944981,-1.1064791082470011
1515600,-35796788.948122978,-22290712.208215762,42109.111860150988,1625.0184073649611,-2609.6654530479441,-1.3101816151017407
1516500,-34258286.822743192,-24589756.169108286,40840.252833531493,1792.648497827141,-2497.4880118309748,-1.5085436432666877
1517400,-32572336.486669324,-26782965.550495975,39395.590077519671,1952.5635785748982,-2374.5618479558725,-1.7007172734751455
1518300,-30746193.640481681,-28860901.078360792,37781.065254930254,2104.0756662027252,-2241.4157590014174,-1.8858801591979855
1519200,-28787717.13804806,-30814619.343085438,36003.347337028106,2246.5328827423373,-2098.6224746570647,-2.0632389696688946
1520100,-26705335.221198589,-32635711.247911617,34069.804986913092,2379.3222522477922,-1946.7962031262587,-2.232032706434222
1521000,-24508009.311018478,-34316338.168664828,31988.476019798883,2501.8723320430067,-1786.5900004132595,-2.3915358805096081
1521900,-22205195.509607583,-35849265.670211129,29768.034071138114,2613.6556675319939,-1618.6929734328539,-2.5410615380711508
1522800,-19806803.975838277,-37227894.635265462,27417.752614006942,2714.191060161274,-1443.8273285619412,-2.6799641235168616
1523700,-17323156.347687893,-38446289.671920113,24947.466476781941,2803.0456388518187,-1262.7452778946549,-2.8076421696916083
1524600,-14764941.392094448,-39499204.677572444,22367.531020884562,2879.836725983841,-1076.2258160667861,-2.9235408060598393
1525500,-12143169.070950858,-40382105.44876653,19688.77914621052,2944.2334898209824,-885.07138107876926,-3.027154076614738
1526400,-9469123.2187795416,-41091189.238787621,16922.476298802172,2995.958376100371,-690.10441306711527,-3.1180270603078317
1527300,-6754313.0337842479,-41623401.177620396,14080.273661380661,3034.7883123906713,-492.16382544925546,-3.195757787743541
1528200,-4010423.58932677,-41976447.482060105,11174.159712574021,3060.5556797306363,-292.10140329334536,-3.2599989487827097
1529100,-1249265.57739279,-42148805.397304848,8216.4103451249575,3073.149047004425,-90.778144139270694,-3.3104593865114622
1530000,1517275.5007361693,-42139729.825208895,5219.5377371261966,3072.5136644852919,110.93944318357353,-3.3469053737338066
1530900,4277290.4786261404,-41949256.6084892,2196.2381735204244,3058.6517139839257,312.18306593619343,-3.3691616687204311
1531800,7018897.7838257533,-41578202.454496205,-840.66098216388423,3031.6223140688062,512.08638504528653,-3.377112347381471
1532700,9730294.5912625026,-41028161.49662517,-3878.2549634644047,2991.5412798799525,709.78874674208316,-3.3707014093284884
1533600,12399807.650220595,-40301498.505994827,-6903.6157194524621,2938.5806381300331,904.43889207450798,-3.3499331554615597
1534500,15015943.565243186,-39401338.780589834,-9903.8462693542097,2872.9678989730164,1095.1986281187067,-3.3148723347875317
1535400,17567438.313306011,-38331554.753583401,-12866.135084604779,2794.9850875144671,1281.2464448101184,-3.2656440581816195
1536300,20043305.782599032,-37096749.37695621,-15777.810287551343,2704.9675388328719,1461.7810614887705,-3.202433476797101
1537200,22432885.122226231,-35702236.35073299,-18626.393453965433,2603.302461470757,1636.0248875100751,-3.1254852228622285
1538100,24725886.69708186,-34154017.282095581,-21399.652804541816,2490.4272754302415,1803.2273816119271,-3.0351026107410095
1539000,26912436.448069245,-32458755.872225661,-24085.655568770784,2366.8277317621159,1962.6682951511032,-2.9316465964335792
1539900,28983118.464671951,-30623749.241908107,-26672.819303141219,2233.0358218623328,2113.6607848254557,-2.8155344942029963
1540800,30929015.584637012,-28656896.519614913,-29149.961944772913,2089.6274855769534,2255.5543810806776,-2.6872384497768378
1541700,32741747.844148342,-26566664.827920225,-31506.350381523931,1937.2201281582709,2387.7377990577952,-2.5472836706041
1542600,34413508.611311123,-24362052.815604221,-33731.747320617964,1776.4699570038238,2509.6415796653514,-2.3962464149512703
1543500,35937098.245984487,-22052551.893625882,-35816.456240123742,1608.0691499397083,2620.7405491527556,-2.2347517431750674
1544400,37305955.139934428,-19648105.343227152,-37751.364211402179,1432.7428675743618,2720.5560864121044,-2.0634710362731954
1545300,38514184.002870433,-17159065.473724019,-39527.982386082062,1251.2461229441662,2808.6581881379193,-1.8831192887323533
1546200,39556581.272114195,-14596149.016000889,-41138.483948340392,1064.3605222941871,2884.6673229202988,-1.694452184696593
1547100,40428657.536359303,-11970390.945316879,-42575.739342293891,872.89089138374675,2948.2560663294912,-1.4982629684965021
1548000,41126656.877148472,-9293096.9337273221,-43833.348595132578,677.66180217587964,2999.1505100613167,-1.2953791225375255
1548900,41647573.045250341,-6575794.6381976716,-44905.670569161412,479.51401516173212,3037.1314392461168,-1.0866588673784332
1549800,41989162.402991205,-3830184.0353237302,-45787.848990022023,279.30085288614418,3062.0352730720647,-0.87298750048204843
1550700,42149953.577720404,-1068087.0174613004,-46475.835113861169,77.88452048033443,3073.7547649305511,-0.65527359154829923
1551600,42129253.785893202,1698603.5319955703,-46966.406912880804,-123.86761082636539,3072.239459351224,-0.43444505351677765
1552500,41927151.80167798,4457974.9644656982,-47257.184676314151,-325.08674114903761,3057.4959040521135,-0.21144510924015217
1553400,41544517.558471039,7198146.1724059191,-47346.64294218654,-524.90638425125621,3029.5876164817173,0.012771825517666174
1554300,40982998.386172853,9907318.7550635245,-47234.118694007622,-722.46609865799064,2988.6348052711755,0.23724432170176699
1555200,40245011.901485197,12573827.82374928,-46919.815775587253,-916.91519162785858,2934.8138480425487,0.46100815797322492
1556100,39333735.582773507,15186192.228382308,-46404.805496278001,-1107.4163801992195,2868.3565280310054,0.68310056189873392
1557000,38253093.075150587,17733163.989718594,-45691.02341795247,-1293.1493937468558,2789.5490329721024,0.90256445031886468
1557900,37007737.285322994,20203776.725220442,-44781.26233378199,-1473.3145027643509,2698.7307206783275,1.1184526482351471
1558800,35603030.339352585,22587392.860935487,-43679.161467278107,-1647.1359589199126,2596.2926566798333,1.3298320660158023
1559700,34045020.489773087,24873749.427010287,-42389.191937996344,-1813.8653318186316,2482.6759302312121,1.5357878152712665
1560600,32340416.071419246,27053002.240542728,-40916.638557710583,-1972.7847283406948,2358.3697558874983,1.7354272443719494
1561500,30496556.617828202,29115768.286355939,-39267.57803769083,-2123.209880911761,2223.9093687267532,1.9278838752561922
1562400,28521381.26211483,31053166.113928396,-37448.853703914276,-2264.4930915975838,2079.8737221416395,2.1123212238927995
1563300,26423394.55776038,32856854.077113919,-35468.046832576809,-2396.0260194992434,1926.8829979364862,2.2879364875115291
1564200,24211629.865744371,34519066.25240206,-33333.444733122495,-2517.242299557211,1765.5959392471436,2.4539640824912561
1565100,21895610.464850329,36032645.881272964,-31054.005720149493,-2627.61998155115,1596.7070175461122,2.6096790175961755
1566000,19485308.551745012,37391076.192658216,-28639.321128960168,-2726.6837788069956,1420.9434457022769,2.7544000880750033
1566900,16991102.306527536,38588508.472594105,-26099.574542179362,-2814.0071168923355,1239.0620497302009,2.8874928769876358
1567800,14423731.207829105,39619787.2598086,-23445.498406744777,-2889.2139733942445,1051.8460124852195,3.0083725509994017
1568700,11794249.789177619,40480472.558175258,-20688.32823165238,-2951.9805007288801,860.10150313421218,3.1165064387878858
1569600,9113980.0351871643,41166858.969653808,-17839.754567090673,-3002.0364248273836,664.65420675451196,3.2114163811428176
1570500,6394462.6221550638,41675991.664468877,-14911.87297499218,-3039.1662134756848,466.34576888138156,3.2926808428074579
1571400,3647407.2128163474,42005679.118805721,-11917.132209538155,-3063.2100090538074,266.03017023437047,3.3599367771126714
1572300,884642.01928673964,42154502.564170584,-8868.2808337427978,-3074.0643214200823,64.570047201130535,3.4128812354912883
1573200,-1881937.1484061943,42121822.10671661,-5778.312504884796,-3071.6824777134843,-137.16702605936871,3.4512727150316671
1574100,-4640418.1283715526,41907779.489213854,-2660.4101672165425,-3056.0748268989878,-338.31227781699204,3.4749322383333929
1575000,-7378923.7261741646,41513297.482882097,472.1106049637142,-3027.3086979516875,-537.9994850523168,3.4837441610631164
1575900,-10085662.885608634,40940075.910942107,3605.8588671710359,-2985.5081116603769,-735.36870952754452,3.4776567037710313
1576800,-12748981.48958708,40190584.320408091,6727.425918255316,-2930.8532471248013,-929.57000735807731,3.4566822057152322
1577700,-15357412.571259448,39268051.333272986,9823.4430168300059,-2863.5796651171199,-1119.7670958776112,3.4208970996468002
1578600,-17899725.717930999,38176450.722758964,12880.638949458365,-2783.9772915710523,-1305.1409617486584,3.3704416077278156
1579500,-20364975.453767285,36920484.274647877,15885.897200154342,-2692.3891655455095,-1484.893394507638,3.3055191599815097
1580400,-22742548.391670637,35505561.507800065,18826.312472567442,-2589.2099570767141,-1658.2504300487635,3.2263955379020932
1581300,-25022208.950056817,33937776.341745652,21689.246319136488,-2474.8842613775109,-1824.4656889429091,3.1333977470744556
1582200,-27194143.436532941,32223880.812621213,24462.381635508122,-2349.9046768582916,-1982.8235949547861,3.0269126238637774
1583100,-29249002.30764873,30371255.951659806,27133.775783607351,-2214.8096754245071,-2132.6424596617808,2.9073851824256174
1584000,-31177940.421928704,28387879.952860415,29691.912112898583,-2070.1812744450517,-2273.2774196876562,2.7753167094500544
1584900,-32972655.112253051,26282293.768301152,32125.749656559034,-1916.6425206782378,-2404.1232137404631,2.6312626151831839
1585800,-34625421.913295232,24063564.28076278,34424.77078746858,-1754.8547972823103,-2524.6167873821651,2.475830050358129
1586700,-36129127.790095441,21741245.213840224,36579.026628061802,-1585.514965820699,-2634.2397142530531,2.3096752997098284
1587600,-37477301.72489801,19325335.949491318,38579.180018144107,-1409.3523558942111,-2732.5204233217764,2.1335009637372675
1588500,-38664142.531050235,16826238.431959074,40416.545855694858,-1227.1256156893689,-2819.0362226263351,1.948052941307959
1589400,-39684543.774990939,14254712.345166795,42083.128637411282,-1039.619437321157,-2893.4151109067952,1.7541172265679372
1590300,-40534115.700086057,11621828.757990373,43571.657038229532,-847.64117136701896,-2955.3373695008754,1.5525165344216754
1591200,-41209204.059232108,8938922.4382304661,44875.615382231808,-652.01734543534042,-3004.5369278727972,1.3441067695772009
1592100,-41706905.776680686,6217543.0416153166,45989.271871145073,-453.59010198472981,-3040.8024971678055,1.1297733548087077
1593000,-42025081.373371981,3469405.3867455409,46907.703450991779,-253.21357090966225,-3063.9784672234746,0.91042743467055565
1593900,-42162364.104136564,706339.0305324886,47626.817212295973,-51.750192633614745,-3073.9655635184445,0.68700197140043717
1594800,-42118165.76936534,-2059762.6386253287,48143.368234509442,149.93299239669594,-3070.7212615939416,0.4604477501749259
1595700,-41892679.178093903,-4816993.5709395874,48454.973800931381,350.96807184172832,-3054.2599575378067,0.2317293112267155
1596600,-41486877.253833845,-7553486.2688186932,48560.123926279026,550.48999123961971,-3024.6528941698552,0.0018208265990649342
1597500,-40902508.78884881,-10257462.824302305,48458.188155154916,747.64026949018194,-2982.0278436064245,-0.22829806050003501
1598400,-40142090.866856046,-12917285.561775014,48149.418605876577,941.57068424976592,-2926.5685479066701,-0.45764641567464104
1599300,-39208897.988276847,-15521507.069377113,47634.949250415404,1131.4469116218561,-2858.5139205096489,-0.68524619455162306
1600200,-38106947.946105681,-18058919.405413438,46916.791437462081,1316.4521047765056,-2778.1570121560417,-0.9101264071784817
1601100,-36840984.514164403,-20518602.269819703,45997.825681823713,1495.7903964380482,-2685.8437459484626,-1.1313272476952012
1602000,-35416457.022903688,-22889969.935356174,44881.789759393243,1668.6903105419781,-2581.971427136994,-1.3479041715726416
1602900,-33839496.910960957,-25162816.738635205,43573.263162742776,1834.4080687758255,-2466.987034119672,-1.5589319030021698
1603800,-32116891.353335194,-27327360.937324479,42077.647987906617,1992.2307781824927,-2341.3852980191004,-1.7635083553894138
1604700,-30256054.079252467,-29374286.746872611,40401.146338065737,2141.4794865152762,-2205.7065790345769,-1.9607584483551088
1605600,-28264993.504528776,-31294784.377847422,38550.734344549717,2281.5120925893088,-2060.534548572643,-2.1498378051776212
1606500,-26152278.314450551,-33080587.903428085,36534.132919761156,2411.726099472131,-1906.4936869265587,-2.3299363152251731
1607400,-23927000.643850498,-34724010.795717165,34359.775370227122,2531.5611989945414,-1744.2466070057699,-2.5002815466220194
1608300,-21598737.0111215,-36217978.979304209,32036.772010918539,2640.5016767399129,-1574.4912153088999,-2.6601419951708607
1609200,-19177507.172350354,-37556061.260883659,29574.871934177889,2738.0786273841986,-1397.9577219871362,-2.8088301564121982
1610100,-16673731.070533518,-38732497.00467097,26984.422097987415,2823.8719710083615,-1215.4055124579927,-2.9457054086374814
1611000,-14098184.062927147,-39742220.934835196,24276.323908826394,2897.5122617886968,-1027.6198936011119,-3.0701766956807992
1611900,-11461950.616953928,-40580884.958136156,21461.987483945719,2958.6822812872019,-835.40872809667962,-3.1817049993861142
1612800,-8776376.671709545,-41244876.912380211,18553.283786477827,3007.118409412697,-639.59897095159738,-3.2798055927723992
1613700,-6053020.8679548241,-41731336.159150079,15562.494834358333,3042.6117670026124,-441.03312269702258,-3.3640500660830823
1614600,-3303604.854517682,-42038165.952478804,12502.262190535746,3065.0091248840786,-240.56561413115128,-3.4340681190904792
1615500,-539962.88323689112,-42164042.528681308,9385.5339473786244,3074.2135752097947,-39.059137820946574,-3.4895491142093427
1616400,2226009.0920679057,-42108420.87638212,6225.5104225669256,3070.184961827596,162.61905813684177,-3.5302433861311098
1617300,4982404.594641583,-41871537.159836635,3035.5887871115383,3052.9400674307853,363.60089836424919,-3.5559633047960415
1618200,7717357.8623212371,-41454407.782882877,-170.69315145850487,3022.5525562469466,563.02121455750239,-3.566584089547439
1619100,10419094.923357666,-40858825.095227361,-3379.7137861854976,2979.152672053337,760.02146993711585,-3.5620443732352469
1620000,13075984.290621199,-40087349.75720413,-6577.8249427536721,2922.9266923538953,953.75345773684012,-3.5423465158354244
1620900,15676587.055510057,-39143299.793590352,-9751.409281163058,2854.116140612417,1143.3829577008796,-3.5075566678119636
1621800,18209706.165064543,-38030736.3814511,-12886.937642076315,2773.0167595041225,1328.0933346562247,-3.4578045839656895
1622700,20664434.668938067,-36754446.431253731,-15971.026113759159,2679.9772492183529,1507.0890633994086,-3.3932831888949084
1623600,23030202.726986367,-35319922.034570515,-18990.49259667379,2575.3977759126565,1679.5991643869293,-3.3142478954564192
1624500,25296823.173303526,-33733336.865505554,-21932.412644119679,2459.7282564764714,1844.8805350478015,-3.2210156777939929
1625400,27454535.438545905,-32001519.636467166,-24784.174358789372,2333.466426803896,2002.2211619461993,-3.1139639006383995
1626300,29494047.639324412,-30131924.721987538,-27533.532126704376,2197.1557017921059,2150.9431995120226,-2.9935289067313606
1627200,31406576.651286483,-28132600.076894764,-30168.658971753517,2051.3828362669592,2290.4059016264596,-2.8602043644424788
1628100,33183885.99121888,-26012152.587199107,-32678.197316060683,1896.7753969823148,2420.0083929960838,-2.7145393779895817
1629000,34818321.343042061,-23779711.003496245,-35051.307933795848,1733.9990567367383,2539.1922679693589,-2.5571363631899038
1629900,36302843.572889335,-21444886.617451347,-37277.716888989933,1563.7547224930879,2647.4440052391838,-2.3886486924000141
1630800,37631059.089516729,-19017731.851949185,-39347.760251622567,1386.7755101660666,2744.2971877286009,-2.2097781132686101
1631700,38797247.418013357,-16508696.944722045,-41252.426390938228,1203.8235794540751,2829.3345178675745,-2.0212719471305358
1632600,39796385.867113583,-13928584.913651504,-42983.395650817103,1015.6868427294518,2902.1896194293836,-1.823920074294388
1633500,40624171.183282956,-11288504.999439832,-44533.077219265266,823.17556256139574,2962.5486180978733,-1.6185517150824273
1634400,41277038.098088719,-8599824.7879286129,-45894.64301283472,627.11885292569241,3010.1514939733102,-1.406032017216124
1635300,41752174.689099595,-5874121.2199788215,-47062.058407125194,428.36109955316942,3044.7932002866833,-1.1872584619392499
1636200,42047534.488614544,-3123130.7014989941,-48030.109656481487,227.75831518416842,3066.3245436718526,-0.96315710306183133
1637100,42161845.288821682,-358698.52990384679,-48794.427859545482,26.174445729866136,3074.6528224343342,-0.73467865482377936
1638000,42094614.606464401,2407272.1440006811,-49351.509342352409,-175.52235650535968,3069.7422203475298,-0.50279444605298707
1638900,41846131.784670271,5162871.5979778282,-49698.732347027311,-376.4634763107066,3051.6139545954734,-0.26849225947661565
1639800,41417466.724210866,7896234.8426814172,-49834.36993164794,-575.78357953423881,3020.3461775599831,-0.032772076198011174
1640700,40810465.251041859,10595592.727062037,-49757.599005275792,-772.62434136653792,2976.073633214623,0.20335825374921515
1641600,40027741.141459472,13249322.624740357,-49468.505441283291,-966.13814292076472,2918.9870699340127,0.43888739322211123
1642500,39072664.840543032,15845998.483320212,-48968.085231687241,-1155.4917202893912,2849.332412551475,0.67280493023892718
1643400,37949348.923676968,18374440.021615859,-48258.241665009038,-1339.8697505205548,2767.4096974980748,0.90410579863991847
1644300,36662630.36480765,20823760.863657624,-47341.778530012467,-1518.4783592767646,2673.5717758296651,1.1317946851653717
1645200,35218049.688639261,23183415.403093699,-46222.389367333366,-1690.5485353125734,2568.2227898939605,1.3548904012567271
1646100,33621827.097162701,25443244.197197203,-44904.642810352547,-1855.3394373331187,2451.8164303054705,1.5724301983282227
1647000,31880835.673695743,27593517.696089067,-43393.964075540913,-2012.1415792698522,2324.8539807812117,1.783474005831001
1647900,30002571.779948607,29624978.119971514,-41696.612680817059,-2160.2798805313946,2187.8821592433251,1.9871085721121982
1648800,27995122.773475502,31528879.305103924,-39819.656488117194,-2299.1165683546678,2041.4907644149384,2.1824514888339457
1649700,25867132.18418764,33297024.347912896,-37770.94218332212,-2428.0539199929913,1886.3101379215568,2.3686550805418372
1650600,23627762.499349147,34921800.885979764,-35559.062322865844,-2546.5368331325549,1723.0084526605469,2.5449101418442046
1651500,21286655.71661434,36396213.864658758,-33193.319091729558,-2654.0552136256479,1552.2888389141576,2.7104495055708151
1652400,18853891.834156234,37713915.648713097,-30683.684932073615,-2750.1461703672985,1374.8863603551879,2.8645514262150926
1653300,16339945.455744686,38869233.349578157,-28040.760215456739,-2834.3960079206327,1191.5648527265198,3.0065427639232882
1654200,13755640.696722651,39857193.250632033,-25275.728144414257,-2906.4420083141476,1003.1136385639682,3.135801955275261
1655100,11112104.584165869,40673542.225133598,-22400.307081097922,-2965.9739942899973,810.34413187340124,3.2517617581041338
1656000,8420719.1510611642,41314766.054233313,-19426.70051169721,-3012.7356671746616,614.08634716504832,3.3539117586277167
1656900,5693072.4300697874,41778104.565626256,-16367.544865446136,-3046.5257134701433,415.1853276871438,3.4418006302139745
1657800,2940908.5573247354,42061563.526951686,-13235.855416147639,-3067.198675222784,214.49750808446686,3.5150381341781989
1658700,176077.20071686152,42163923.241897061,-10044.970502295808,-3074.6655802151181,12.887027031633039,3.5732968541119274
1659600,-2589517.469770913,42084743.811081775,-6808.4943090193592,-3068.8943290407474,-188.77799434694063,3.6163136563739737
1660500,-5343968.0499411765,41824367.034120403,-3540.238461183736,-3049.9098371592404,-389.62919226170084,3.6438908705320632
1661400,-8075415.1864922177,41383914.943735905,-254.16268204769585,-3017.7939310834122,-588.8017021098733,3.6558971847290707
1662300,-10772098.658099025,40765284.977348812,3035.6852241488832,-2972.6849989203929,-785.43788619921725,3.6522682521581427
1663200,-13422408.031887095,39971141.806142643,6315.2298044086838,-2914.7773965655606,-978.69103116295287,3.6330070060642106
1664100,-16014932.676376529,39004905.856134377,9570.4285409925069,-2844.3206119292749,-1167.7289989744252,3.5981836819411508
1665000,-18538510.914601505,37870738.570192225,12787.332323578376,-2761.6181906546572,-1351.7378156349862,3.5479355468599945
1665900,-20982278.104704913,36573524.474174209,15952.145546430915,-2667.0264278543414,-1529.9251818498028,3.4824663371384368
1666800,-23335713.439859048,35118850.124340601,19051.285569112115,-2560.9528314490576,-1701.5238903238112,3.4020454068400348
1667700,-25588685.264854971,33512980.026852936,22071.441282078184,-2443.8543637247158,-1865.7951347032467,3.3070065908657482
1668600,-27731494.713113226,31762829.633444492,24999.630522463238,-2316.2354687311172,-2022.0316956557042,3.1977467876644581
1669500,-29754917.475170054,29875935.530166022,27823.256090437237,-2178.6458941182618,-2169.560990121644,3.0747242678354909
1670400,-31650243.517852686,27860422.948411454,30530.160122722915,-2031.6783169394271,-2307.7479703799113,2.9384567161176443
1671300,-33409314.582336716,25724970.73915061,33108.676587139482,-1875.9657838379958,-2435.9978602460128,2.7895190154485907
1672200,-35024559.299034402,23478773.962381445,35547.68167037722,-1712.1789768719605,-2553.7587164606475,2.628540782928817
1673100,-36489025.767747238,21131504.254207548,37836.641840558244,-1541.0233170111319,-2660.5238041229622,2.4562036686282456
1674000,-37796411.462676644,18693268.14359954,39965.6593764606,-1363.2359180628339,-2755.8337758732791,2.2732384292255889
1674900,-38941090.333667114,16174563.499763291,41925.515166525409,-1179.5824044382662,-2839.278645428285,2.0804217894635184
1675800,-39918136.987397343,13586234.29907516,43707.708592874791,-990.85360676042592,-2910.4995470123154,1.8785731053322379
1676700,-40723347.84507405,10939423.907718055,45304.494328482084,-797.8621498327002,-2969.1902732054059,1.6685508437546688
1677600,-41353259.186456777,8245527.0824319609,46708.915889292228,-601.43894793289655,-3015.0985847362554,1.4512488943344042
1678500,-41805162.003682651,5516140.89715489,47914.835797420877,-402.42962276907912,-3048.0272867799199,1.2275927294390603
1679400,-42077113.602302268,2763014.8077548253,48916.962226497286,-201.6908597302639,-3067.835067369866,0.99853542952448615
1680300,-42167945.901112959,-1999.9294724236242,49710.872015684865,-0.086718286629121621,-3074.4370945958326,0.7650535911566626
1681200,-42077270.396716177,-2767001.2673492441,50293.029954842015,201.51508745927239,-3067.8053703269288,0.52814313565711024
1682100,-41805479.773166023,-5520087.585662365,50660.804259598881,402.24692199584598,-3047.9688392678427,0.28881503668364172
1683000,-41353746.151547812,-8249408.8969715564,50812.478171748473,601.24495932536229,-3015.0132532195316,0.048090985360305982
1683900,-40724015.98876749,-10943217.820402635,50747.25763720808,797.65289558164375,-2969.0807914693073,-0.19300098821049125
1684800,-39919001.649178945,-13589920.10474764,50465.275030823788,990.62562747637867,-2910.3694392740695,-0.43343091808439171
1685700,-38942169.68686901,-16178124.484422958,49967.5889143944,1179.3328809125665,-2839.132127420281,-0.67217131123590268
1686600,-37797725.890399352,-18696691.654971901,49256.179831406735,1362.9627743715678,-2755.675636841273,-0.90820154294548738
1687500,-36490597.155514851,-21134782.158819638,48333.942159031569,1540.7253020086328,-2660.3592732430488,-1.1405122199195703
1688400,-35026410.264717832,-23481902.976870228,47204.67205485671,1711.8557217776333,-2553.5933176309049,-1.368109492433413
1689300,-33411467.665624205,-25727952.62725018,45873.05155256165,1875.6178343460188,-2435.8372595381707,-1.5900192970463236
1690200,-31652720.352615383,-27863264.579020351,44344.628877198513,2031.3071390527564,-2307.5978206328323,-1.805291511774346
1691100,-29757737.968432698,-29878648.795965925,42625.795066867911,2178.2538537021996,-2169.4267772157746,-2.0130040060159753
1692000,-27734676.253987171,-31765431.233599555,40723.757003300285,2315.8257855726752,-2021.9185909240553,-2.2122665680111262
1692900,-25592241.985736642,-33515491.121239658,38646.506969104557,2443.4310416472763,-1865.7078577126119,-2.402224693172641
1693800,-23339655.550477497,-35121295.870418765,36402.788864162045,2560.5205667433638,-1701.4665859067129,-2.5820632172620663
1694700,-20986611.317274075,-36575933.460897386,34002.06122775573,2666.5904989241499,-1529.9013147942576,-2.7510097790885575
1695600,-18543235.975472111,-37873142.166169748,31454.457226469087,2761.1843323182338,-1351.7500858606029,-2.908338098190181
1696500,-16020045.016282707,-39007337.491508424,28770.741780595614,2843.8948782489356,-1167.7792793580006,-3.0533710538116199
1697400,-13427897.543250501,-39973636.209266402,25962.266013705994,2914.3660163828154,-978.78032944599636,-3.185483552419778
1698300,-10777949.604006579,-40767877.388295285,23040.91922105811,2972.2942284440137,-785.56633163725235,-3.3041051719977208
1699200,-8081606.2420275202,-41386640.326905884,20019.078562643394,3017.4299079062885,-588.96855673416871,-3.4087225724248915
1700100,-5350472.472651856,-41827259.311749242,16909.556695781182,3049.5784399661829,-389.83288584414913,-3.4988816623830048
1701000,-2596303.392321757,-42087835.138287388,13725.547570246574,3068.6010470170208,-189.01618141413132,-3.5741895144155631
1701900,169046.36610118393,-42167243.342109628,10480.570615898692,3074.4153957826989,12.617390473481549,-3.6343160210053114
1702800,2933673.6160707814,-42065139.10418386,7188.4135586285829,3066.9959632308073,214.20007105270761,-3.6789952858055166
1703700,5685677.8201137483,-41781958.807165347,3863.0741051428331,3046.3741593646009,414.86423738906683,-3.7080267454529579
1704600,8413212.2933189739,-41318918.234067984,518.70074063161292,3012.6382059906628,613.74613263619108,-3.7212760186835094
1705500,11104535.187909441,-40678007.414881721,-2830.4671142547122,2965.9327715714076,809.9895821343531,-3.7186754807454174
1706400,13748060.039806068,-39861982.141041875,-6170.1593394500742,2906.4583632962353,1002.7496794348059,-3.7002245623369552
1707300,16332405.659577928,-38874352.181964062,-9486.1354967027219,2834.4704785390031,1191.1964263812902,-3.6659897734617157
1708200,18846445.152591698,-37719366.252093874,-12764.245109002088,2750.2785189090196,1374.5183114940335,-3.6161044536740059
1709100,21279353.8565282,-36401993.791022822,-15990.487592985213,2654.2444711439393,1551.9258110844817,-3.5507682511594374
1710000,23620655.988725066,-34927903.63312754,-19151.071601699558,2546.7813601309854,1722.6547977832461,-3.4702463339494063
1710900,25860269.801026516,-33303439.656833105,-22232.47353840468,2428.3514803727235,1885.9698414913134,-3.3748683372959274
1711800,27988551.045964152,-31535593.516917072,-25221.495006000452,2299.4644132292456,2041.1673881670567,-3.2650270518389388
1712700,29996334.565141041,-29631974.576189701,-28105.318961069923,2160.6748382637552,2187.5788023400119,-3.1411768576966597
1713600,31874973.818623353,-27600777.165340204,-30871.564346334169,2012.580147986271,2324.5732597969927,-3.0038319100240893
1714500,33616378.182931826,-25450745.311660051,-33508.338980473971,1855.817876223291,2451.5604775162228,-2.8535640819509762
1715400,35213047.854834996,-23191135.088674601,-36004.290489753803,1691.0629512322835,2567.9932686290872,-2.6910006711698569
1716300,36658106.208535433,-20831674.749369543,-38348.655071701403,1519.0247855213147,2673.3699109640183,-2.5168218768418487
1717200,37945329.464962304,-18382522.815625284,-40531.303887305585,1340.4442151186272,2767.2363185688741,-2.3317580539688283
1718100,39069173.543683261,-15854224.305613624,-42542.786884889589,1156.0903017576313,2849.1880065118476,-2.1365867529833906
1719000,40024797.980365515,-13257665.289213257,-44374.373866120863,966.75701209323279,2918.8718402200957,-1.9321295530622666
1719900,40808086.805685103,-10604025.968917308,-46018.092612674751,773.25978864018884,2975.9875616227432,-1.7192486985894351
1720800,41415666.295033477,-7904732.4901974285,-47466.763901029801,576.43202761887937,3020.2890854126535,-1.4988435492801881
1721700,41844919.512228943,-5171407.6908222008,-48714.033242876401,377.12147930510076,3051.5855598208723,-1.2718468557087408
1722600,42093997.584630549,-2415821.0031784745,-49754.399199786785,176.18658680634084,3069.7421874000793,-1.0392208733250639
1723500,42161827.661496274,350162.27280428726,-50583.238133202016,-25.507220573385865,3074.6808024301004,-0.80195332945449171
1724400,42048117.522049263,3114632.105983214,-51196.825264475112,-227.09126306411937,3066.3802026807903,-0.56105325919140303
1725300,41753356.814437583,5865685.0579075944,-51592.351934651851,-427.69735887001423,3044.8762343876624,-0.31754672746755497
1726200,41278814.921521395,8591475.5720941052,-51767.93896980217,-626.46156894446494,3010.2616304060384,-0.072472455840544708
1727100,40626535.4641238,11280267.006928094,-51722.646074919161,-822.52792181538109,2962.685602603854,0.17312262634075359
1728000,39799327.466969572,13920482.191886015,-51456.47719752296,-1015.0521023391498,2902.3531906261064,0.4181878858185572
1728900,38800753.226946041,16500753.289166935,-50970.381820956361,-1203.205088494871,2829.5243702106022,0.66167352308157956
1729800,37635112.937489986,19009970.746142618,-50266.252166733611,-1386.1767206285263,2744.5129252516535,0.90253512205243536
1730700,36307426.136779018,21437331.128258344,-49346.916304992832,-1563.179187915392,2647.6850887927349,1.1397381898339409
1731600,34823410.060931705,23772383.627109364,-48216.12719189778,-1733.4504172239076,2539.4579590789003,1.3722626645338112
1732500,33189454.996549349,26005075.044349782,-46878.547672541717,-1896.2573500314545,2420.2976977134031,1.5991073693874265
1733400,31412596.739618205,28125793.058827605,-45339.731507348595,-2050.8990935585257,2290.717517839485,1.8192943917826201
1734300,29500486.279991731,30125407.591849085,-43606.100498989646,-2196.7099328494978,2151.2754711069269,2.0318733663329658
1735200,27461356.842347916,31995310.093721908,-41684.917815307643,-2333.0621911330791,2002.5720429831101,2.2359256418199887
1736100,25303988.425629441,33727450.58367607,-39584.257621557961,-2459.3689264413028,1845.2475667294784,2.430568312605466
1737000,23037669.993488044,35314372.284877829,-37312.971152351798,-2575.0864531509046,1679.9794670857111,2.614958095978928
1737900,20672159.47813461,36749243.706499465,-34880.649369953891,-2679.7166778335909,1507.4793453848465,2.7882950378349722
1738800,18217641.769209731,38025888.035649665,-32297.582370994995,-2772.8092395608519,1328.4899184619235,2.9498260300533965
1739700,15684684.867803417,39138809.713366948,-29574.715718168598,-2853.963445603436,1143.7818243150884,3.0988481239722834
1740600,13084194.393536268,40083218.080793716,-26723.603887061028,-2922.829994294359,954.15030802989372,3.2347116253911659
1741500,10427366.639636911,40855047.994038731,-23756.361030889784,-2979.1124776861288,760.41180198271672,3.3568229576139137
1742400,7725640.3771831635,41450977.319059506,-20685.609277575302,-3022.5686575264758,563.40041479564115,3.4646472801357695
1743300,4990647.6150890086,41868441.231107332,-17524.424784226569,-3053.0115090006507,363.96434392024821,3.5577108516953961
1744200,2234163.5269898828,42105643.256829672,-14286.281783761924,-3070.3100276403989,162.96222707896305,3.6356031275504397
1745100,-531944.24011975154,42161563.010967128,-10984.994866993286,-3074.389795777809,-38.740551912968897,3.697978581995208
1746000,-3295766.657831715,42035960.593663394,-7634.6597510550437,-3065.2333059235784,-240.27558718688994,3.7445582483214013
1746900,-6045404.5892875474,41729377.628671117,-4249.5927915373213,-3042.8800394707509,-440.77518879098909,3.7751309696283029
1747800,-8769020.022622142,41243134.937127478,-844.26950106628556,-3007.4263001629929,-639.37611855331215,3.7895543551172182
1748700,-11454887.044316862,40579326.856030807,2566.7376586577129,-2959.0248028169326,-835.2233077593711,3.7877554377546381
1749600,-14091442.332807718,39740812.225011721,5968.8219412196995,-2897.8840188464269,-1027.4735405957153,3.769731030458614
1750500,-16667334.95456494,38731202.079396337,9347.405164119662,-2824.2672811979337,-1215.2990874118416,3.7355477792495893
1751400,-19171475.247685339,37554844.101838939,12688.000468726066,-2738.4916523651359,-1397.8912720265655,3.6853419131075058
1752300,-21593082.581814107,36216803.898892321,15976.274718963385,-2640.9265602020087,-1574.4639575523829,3.6193186915859559
1753200,-23921731.787927818,34722843.182718925,19198.110267680389,-2531.9922072907457,-1744.2569355326584,3.5377515525475154
1754100,-26147398.057150938,33079394.951658063,22339.665822363655,-2412.1577606384853,-1906.5392035813763,3.4409809636945612
1755000,-28260500.114322927,31293535.77648899,25387.436145754455,-2281.9393294684264,-2060.6121171827376,3.329412982872157
1755900,-30251941.479456745,29372955.311900813,28328.31033198638,-2141.8977398307184,-2205.8124018464923,3.2035175334053885
1756800,-32113149.638500232,27325923.164835636,31149.628405067553,-1992.6361156805328,-2341.5150124222773,3.0638264019971673
1757700,-33836112.953893356,25161253.262950275,33839.23599386245,-1834.797276949158,-2467.1358270495875,2.9109309679457263
1758600,-35413415.155264735,22888265.877386335,36385.536846152616,-1669.0609659634349,-2582.1341639557972,2.7454796736369893
1759500,-36838267.261183657,20516747.464294054,38777.542953837234,-1496.1409143442058,-2686.0151101088486,2.5681752474185915
1760400,-38104536.79412856,18056908.499071583,41004.922071829875,-1316.7817632310234,-2778.3316515793081,2.3797716910627051
1761300,-39206774.162694514,15519339.48601209,43058.042424667692,-1131.7558503340019,-2858.6865963634355,2.1810710450674695
1762200,-40140236.097482108,12914965.333954288,44928.014407220078,-941.85987790070976,-2926.7342813593091,1.9729199460258631
1763100,-40900906.040027604,10254998.295571737,46606.72909910429,-747.91147620340257,-2982.1820561662812,1.7562059912009831
1764000,-41485511.397484787,7550889.6740805218,48086.893426422947,-550.74567759716285,-3024.791537388121,1.5318539262829245
1764900,-41891537.589487083,4814280.506368177,49362.061819162853,-351.211316570863,-3054.3796281561517,1.3008216730607864
1765800,-42117238.827637352,2056951.4358282806,50426.664227966248,-150.16737150912317,-3070.819298644326,1.0640962144205945
1766700,-42161645.582323901,-709228.00849004695,51276.030379927855,51.520735896092646,-3074.0401244175014,0.82268935467295035
1767600,-42024568.705976911,-3472350.5074498844,51906.410169510178,252.98486750079155,-3064.0285805310864,0.57763337372172152
1768500,-41706600.196391553,-6220522.2017555051,52314.990097524438,453.35790567811677,-3040.8280903789678,0.32997659400488094
1769400,-41209110.598285213,-8941913.8754680008,52499.905688319312,651.77748425279617,-3004.5388293615438,0.080778879471231441
1770300,-40534243.055760756,-11624811.852878166,52460.249832773261,847.38969732935698,-2955.3172845114668,-0.16889291389909603
1771200,-39684904.042750835,-14257668.390005419,52196.07702232062,1039.352770090276,-2893.3755722662945,-0.41796951636503199
1772100,-38664750.812757447,-16829151.344428264,51708.403456978849,1226.840675856256,-2818.9805176100058,-0.66538383174988736
1773000,-37478175.623216175,-19328192.91050769,50999.203028106567,1409.046683982579,-2732.4524988149792,-0.91007551409941267
1773900,-36130286.803547338,-21744037.21131777,50071.399194334546,1585.1868235101845,-2634.1640629985895,-1.1509955140476802
1774800,-34626886.749351911,-24066286.54372108,48928.852786700016,1754.5032478947685,-2524.5383186605727,-1.3871105754440614
1775700,-32974446.938215315,-26284946.078992266,47576.345796406611,1916.2674865986785,-2404.0471122855561,-1.6174076630520202
1776600,-31180080.075148508,-28390466.828168269,46019.561215758149,2069.7835698455287,-2273.2089969768926,-1.8408983024644516
1777500,-29251509.487774279,-30373786.688855797,44265.059019605695,2214.3910134031125,-2132.5870019306799,-2.0566228137890437
1778400,-27197035.902915929,-32226369.398518443,42320.248391038047,2349.4676508731441,-1982.7862123605164,-2.2636544211381873
1779300,-25025501.747221775,-33940241.228259951,40193.356310971845,2474.4323016235494,-1824.451170242264,-2.4611032205093482
1780200,-22746253.124825843,-35508025.260777339,37893.392646696368,2588.7472631973833,-1658.2631069622289,-2.6481199892615184
1781100,-20369099.634765465,-36922973.106436893,35430.111889239095,2691.9206177690835,-1484.9370196204227,-2.8238998210795367
1782000,-17904272.199918207,-38178993.922285467,32813.971703582531,2783.5083429908304,-1305.2186033616349,-2.9876855710692474
1782900,-15362379.087552056,-39270680.610206559,30056.088469221944,2863.1162183766191,-1119.8810526799011,-3.138771096440824
1783800,-12754360.309176495,-40193333.082320921,27168.190001252613,2930.4015192066145,-929.72174516562905,-3.2765042791138606
1784700,-10091440.594211541,-40942978.494070858,24162.565654058086,2985.0744907970702,-735.55882163819706,-3.4002898175141301
1785600,-7385081.1380332122,-41516388.358169615,21052.014020684339,3026.8995968691006,-538.2276770294385,-3.509591775826967
1786500,-4646930.3301856648,-41911092.465697363,17849.788451077686,3055.6965366606714,-338.57737675422095,-3.6039358800232071
1787400,-1888773.6729523926,-42125389.554034464,14569.540621486496,3071.3410263580467,-137.46701362238625,-3.6829115510785129
1788300,877516.89596610982,-42158354.674995042,11225.262395432168,3073.7653413734729,64.237979389203218,-3.7461736669614898
1789200,3640034.0602289485,-42009843.230409145,7831.2262236999331,3062.9586169628137,265.66954497592405,-3.7934440461662109
1790100,6386886.3428312745,-41680491.656451024,4401.9243367471181,3038.966905658086,465.96073027315151,-3.8245126468041364
1791000,9106249.2660997771,-41171714.752173945,952.0069877427768,3001.8929909829803,664.24941277232961,-3.8392384765419303
1791900,11786416.234498257,-40485699.661936052,-2503.7799918861301,2951.8959579222005,859.68200756583701,-3.8375502099655656
1792800,14415848.921912048,-39625396.535634801,-5950.658060036415,2889.1905216252126,1051.4171401212184,-3.8194465112571199
1793700,16983226.946868718,-38594505.904855385,-9373.878988958204,2814.046116839017,1238.629268866302,-3.7849960613754985
1794600,19477496.62185448,-37397462.827125162,-12758.787781906862,2726.7857515798623,1420.5122420100604,-3.7343372902230905
1795500,21887918.566500958,-36039417.864395522,-16090.885216595841,2627.7846295670151,1596.2827732313513,-3.6676778155414356
1796400,24204113.978941668,-34526214.975585774,-19355.889752749717,2517.4685469491324,1765.1838211404765,-3.5852935914970256
1797300,26416109.365064781,-32864366.416461475,-22539.798544248701,2396.3120698512662,1926.4878577582945,-3.4875277710790487
1798200,28514379.531707734,-31061024.753220744,-25628.947300562802,2264.8365002535566,2079.5000116657552,-3.374789287523694
1799100,30489888.657034241,-29123952.108865023,-28610.068747330271,2123.6076386760628,2223.5610719542638,-3.2475511609964474
1800000,32334129.259385727,-27061486.773672011,-31470.349441971586,1973.2333530825022,2358.0503396548961,-3.1063485377020665
1800900,34039158.894781418,-24882507.322805785,-34197.48470707587,1814.3609643228276,2482.3883139423133,-2.95177646945332
1801800,35597634.422923744,-22596394.395228393,-36779.73145188651,1647.6744593042527,2596.039201096728,-2.7844874425229742
1802700,37002843.692011312,-20212990.298557296,-39205.958660490491,1473.8915439057785,2698.5132349630831,-2.6051886653423382
1803600,38248734.503827877,-17742556.614282832,-41465.695334241362,1293.7605484257108,2789.3687984683706,-2.414639125312402
1804500,39329940.732413299,-15195729.986761469,-43549.175685494811,1108.0571990682163,2868.2143366424134,-2.2136464256817696
1805400,40241805.482076451,-12583476.287580028,-45447.381389906572,917.58126962702818,2934.7100525298752,-2.0030634141412262
1806300,40980401.18351949,-9917043.3541929834,-47152.080715349635,723.15312810583816,2988.5693783762076,-1.7837846155078179
1807200,41542546.54034169,-7207912.508125334,-48655.864356984719,525.61019352007725,3029.5602155109714,-1.5567424816375006
1808100,41925820.25210844,-4467749.0634695161,-49952.177820206503,325.80331854912845,3057.5059374308898,-1.3229034725223359
1809000,42128571.454432607,-1708352.0408556554,-51035.350206135816,124.59311404778245,3072.2861516937387,-1.083263983396175
1809900,42149926.831043556,1058396.6944826499,-51900.619268075534,-77.153768321412414,3073.8372173639054,-0.838846133580883
1810800,41989794.367535502,3820583.6495047966,-52544.152621924433,-278.56837890854888,3062.1525158920385,-0.59069343373470995
1811700,41648863.731311567,6566315.0525888726,-52963.065008956415,-478.78322184647214,3037.2824744556747,-0.33986634908887214
1812600,41128603.277094729,9283768.112391036,-53155.431525602784,-676.93599927748437,2999.3343419263283,-0.087437777145435269
1813500,40431253.692184374,11961241.964199249,-53120.296751875605,-872.17333163755836,2948.4717187532051,0.16551154087384834
1814400,39559818.310323752,14587208.083301693,-52857.679727759903,-1063.654437773577,2884.9138431571787,0.41789765482572339
1815300,38518050.137538254,17150359.947530881,-52368.57474517644,-1250.5547589200341,2808.934637104604,0.66863806610837673
1816200,37310435.647540845,19639661.734739102,-51654.947941844548,-1432.0695108839723,2720.8615165736846,0.91665639278186251
1817100,35942175.418216877,22044395.845478073,-50719.729702408607,-1607.4171491755776,2621.0739716322619,1.1608870180835977
1818000,34419161.694238842,24354209.046560265,-49566.802891377039,-1775.8427322715211,2510.0019228118122,1.4002797009980616
1818900,32747952.973969884,26559157.03743466,-48200.986961598217,-1936.6211687037517,2388.1238611859217,1.6338041276367639
1819800,30935745.731444389,28649747.248376124,-46628.018001010867,-2089.0603342230975,2255.9647804409883,1.8604543824489173
1820700,28990343.39632161,30616979.687325589,-44854.524799110419,-2232.5040458903618,2114.0939100615988,2.0792533187020057
1821600,26920122.726253092,32452385.660787135,-42888.001032836917,-2366.3348805936612,1963.1222595424167,2.2892568082277647
1822500,24733997.717050191,34148064.203446776,-40736.773689298258,-2489.9768261761214,1803.6999842824609,2.4895578511047982
1823400,22441381.206350192,35696716.061086014,-38409.967859795986,-2602.8977540799024,1636.5135845162138,2.6792905267252749
1824300,20052144.336126354,37091675.081879392,-35917.468055936944,-2704.6117031684566,1462.2829492891165,2.8576337685530842
1825200,17576574.04833927,38326936.882248834,-33269.876214124502,-2794.6809651769699,1281.7582580923902,3.0238149458081574
1826100,15025328.796255849,39397184.665057212,-30478.466569373591,-2872.7179630594642,1095.7167533334259,3.1771132362945003
1827000,12409392.661441384,40297812.080017127,-27555.137593138526,-2938.3869143486049,904.95939733241721,3.3168627756165727
1827900,9740028.0731337368,41024943.028726049,-24512.361202646123,-2991.4052725195775,710.3074280025096,3.4424555690929934
1828800,7028727.3326127203,41575448.329672232,-21363.129461057633,-3031.5449402511208,512.59882778807594,3.5533441537725348
1829700,4287163.1502587311,41946959.171841659,-18120.898998614659,-3058.6332494035501,312.68472080219419,3.649043999081405
1830600,1527138.4072309262,42137877.299148351,-14799.533394732493,-3072.5537034837162,111.42571341805473,3.729135635780918
1831500,-1239464.6429333743,42147381.881760418,-11413.243769766272,-3073.2464793384825,-90.311806172308607,3.7932665040895146
1832400,-4000735.5150083099,41975433.044451177,-7976.5278428689044,-3060.7086858091552,-291.65939371710101,3.8411525130224677
1833300,-6744786.7556799082,41622772.036316477,-4504.1077189633133,-3034.9943780867993,-491.75028412495277,3.8725793042249474
1834200,-9459805.110003477,41090918.040511116,-1010.8666733445866,-2996.2143275294297,-689.72312020953461,3.8874032148199276
1835100,-12134102.370912522,40382161.637012266,2488.214793210293,-2944.5355477331696,-884.72565900608799,3.8855519350592402
1836000,-14756165.693153022,39499554.945757478,5978.1233527345121,-2880.1805786867217,-1075.9184397576848,3.8670248578527358
1836900,-17314707.155130938,38446898.491768762,9443.8774236276186,-2803.4265318775183,-1262.4783977872264,3.8318931185540706
1837800,-19798712.355208971,37228724.848000616,12870.591640470582,-2714.6039002539824,-1443.6024086586933,3.7802993246987771
1838700,-22197487.832966015,35850279.125576153,16243.540941417108,-2614.0951379763897,-1618.5107472888922,3.7124569767167466
1839600,-24500707.110829789,34317496.394737832,19548.223995997083,-2502.3330159035149,-1786.4504469994008,3.6286495819719939
1840500,-26698455.157295421,32636976.133174136,22770.425698884283,-2379.7987597580268,-1946.6985438975375,3.5292294658123384
1841400,-28781271.079630345,30815953.811327863,25896.278459090758,-2247.0199788848067,-2098.5651924443018,3.4146162846336252
1842300,-30740188.861514721,28862269.736782394,28912.322019144332,-2104.5683944572829,-2241.3966386051466,3.2852952472715109
1843200,-32566775.969446175,26784335.291799031,31805.561545068365,-1953.0573768917982,-2374.5780375842692,3.1418150523206743
1844100,-34253169.660913557,24591096.709481221,34563.523735391922,-1793.1393030934159,-2497.5361038124083,2.9847855502404981
1845000,-35792110.837276667,22291996.544814158,37174.310705944954,-1625.5027449730919,-2609.7415815888357,2.8148751403297263
1845900,-37176975.294932768,19896933.006917231,39626.65141680235,-1450.869501440671,-2710.7115255667532,2.6328079138334628
1846800,-38401802.23965805,17416217.328200996,41909.950418390763,-1269.9914867860689,-2800.0113811134725,2.4393605555774278
1847700,-39461319.940928757,14860529.354694936,44014.333705415927,-1083.647489007946,-2877.2568554680129,2.2353590175994875
1848600,-40350968.41549731,12240871.549563773,45930.691479851674,-892.63981223137398,-2942.1155715540431,2.0216749792609257
1849500,-41066919.042462684,9568521.6087226719,47650.717637696369,-697.79081787016821,-2994.3084972800984,1.7992221092644105
1850400,-41606091.025469244,6854983.8934617508,49166.945808484277,-499.93937963298345,-3033.6111441660851,1.56895214587608
1851300,-41966164.63142965,4111939.890071773,50472.781791569527,-299.93726784278761,-3059.8545301694048,1.3318508124416264
1852200,-42145591.149229184,1351197.9106030921,51562.532248907359,-98.645478835410074,-3072.9259026397226,1.0889335859965774
1853100,-42143599.526162803,-1415357.7479271335,52431.429530364978,103.06947457646379,-3072.769218402354,0.84124133739572571
1854000,-41960199.654314734,-4175817.9663501987,53075.652524425117,304.33929544262793,-3059.3853790506719,0.58983586192335702
1854900,-41596182.293645613,-6918300.0674142595,53492.34344441881,504.29764161756668,-3032.8322206118037,0.33579531979280064
1855800,-41053115.633135252,-9630998.9600717202,53679.620478058321,702.08385511080644,-2993.2242578316368,0.080209606299549457
1856700,-40333338.505874433,-12302237.943656817,53636.58624595491,896.84666573018922,-2940.7321843991781,-0.17582432834382533
1857600,-39439950.288439542,-14920518.953291358,53363.332032915787,1087.7478530545368,-2875.5821314914601,-0.4312071892902809
1858500,-38376797.529156774,-17474572.030470729,52860.937774038612,1273.9658509940359,-2798.0546880634388,-0.6848420571764271
1859400,-37148457.363904312,-19953403.806325272,52131.467795878838,1454.699279486387,-2708.4836873281065,-0.93563909780243959
1860300,-35760217.791853137,-22346344.789502531,51177.962331174283,1629.170388231697,-2607.2547648660343,-1.1825202411970186
1861200,-34218054.896950975,-24643095.255946957,50004.424843694585,1796.6283977863943,-2494.8036947668097,-1.424423810073391
1862100,-32528607.113955505,-26833769.544036526,48615.805217663743,1956.3527238130951,-2371.6145111338133,-1.660309077949792
1863000,-30699146.650370177,-28908938.565538265,47017.978883807045,2107.6560708161333,-2238.2174231751633,-1.8891607375558175
1863900,-28737548.187679343,-30859670.350631148,45217.721971328298,2249.8873822781802,-2095.186532954614,-2.1099932605734915
1864800,-26652254.996773392,-32677568.453778222,43222.682591958277,2382.434634748633,-1943.1373656841049,-2.3218551302642187
1865700,-24452242.61335557,-34354808.056469858,41041.348378566108,2504.7274641159934,-1782.7242232022272,-2.5238329291080537
1866600,-22146980.229390234,-35884169.612765417,38683.010416626545,2616.2396130208294,-1614.6373719981264,-2.7150552642258319
1867500,-19746389.966250509,-37259069.894087739,36157.723722027964,2716.4911891299853,-1439.6000778065204,-2.8946965140648833
1868400,-17260804.204117019,-38473590.30082877,33476.264433229895,2805.050724793025,-1258.3654994150115,-3.0619803806017662
1869300,-14700921.150337867,-39522502.319959141,30650.083899581205,2881.5370294354307,-1071.7134548884692,-3.2161832321468173
1870200,-12077758.836854462,-40401290.019952796,27691.259860638347,2945.620826906601,-880.4470739256742,-3.3566372227225059
1871100,-9402607.7434027996,-41106169.486890495,24612.444923529816,2997.0261708911457,-685.38935051975398,-3.4827331749262536
1872000,-6686982.2489922997,-41634105.118545629,21426.812556752539,3035.5316324064174,-487.37961049524279,-3.5939232141751969
1872900,-3942571.1191241858,-41982822.706530631,18148.000829217548,3060.9712543446376,-287.26990884013264,-3.6897231432613693
1873800,-1181187.2403210718,-42150819.250143185,14790.054132847637,3073.2352689715608,-85.921372040358619,-3.7697145472166578
1874700,1585283.1832163802,-42137369.459347092,11367.363135534561,3072.2705752625166,115.79949914383664,-3.8335466195938626
1875600,4344931.7536433265,-41942528.918300718,7894.6032187575784,3058.0809739380966,317.02455084582857,-3.880937702408521
1876500,7085879.1055343058,-41567133.894955203,4386.6716606227747,3030.7271590529854,516.88770547474098,-3.9116765331510819
1877400,9796326.0147324856,-41012797.796431959,858.62383048077299,2990.3264659896809,714.5286835240604,-3.9256231934663486
1878300,12464604.171058189,-40281904.284101881,-2674.3913343971362,2937.0523767114173,909.09670202045277,-3.9227097553011552
1879200,15079226.397170946,-39377597.076473176,-6197.1962963721644,2871.1337841326817,1099.7541338874955,-3.9029406215375215
1880100,17628936.098003324,-38303766.48209767,-9694.6500533738326,2792.8540184684844,1285.6801126200435,-3.8663925593520969
1881000,20102755.728209686,-37065032.718672283,-13151.713166340058,2702.5496394221109,1466.0740668464643,-3.8132144257683334
1881900,22490034.068993345,-35666726.088287987,-16553.512401354088,2600.6089990623627,1640.1591695985007,-3.7436265860918856
1882800,24780492.110484075,-34114864.092309013,-19885.404710841001,2487.4705812221564,1807.1856874125644,-3.6579200271378447
1883700,26964267.341522567,-32416125.582593121,-23133.040280449124,2363.6211242173085,1966.4342147523328,-3.5564551683677337
1884600,29031956.255256444,-30577822.05863522,-26282.424371588262,2229.5935346337706,2117.2187796711091,-3.4396603752529011
1885500,30974654.88634488,-28607866.232673094,-29319.977694016299,2085.9646008595546,2258.8898071238796,-3.3080301803675973
1886400,32783997.203785848,-26514737.996780526,-32232.595048348529,1933.3525159397182,2390.8369268936358,-3.1621232188899495
1887300,34452191.192395166,-24307447.937431566,-35007.701984898893,1772.4142202045209,2512.4916137143823,-3.0025598863532887
1888200,35972052.465750717,-21995498.553893927,-37633.309232840897,1603.8425749571097,2623.329647853961,-2.830019727645106
1889100,37337035.263934299,-19588843.347042967,-40098.064662290562,1428.3633793024976,2722.8733851627467,-2.645238567398577
1890000,38541260.700617775,-17097843.954725076,-42391.302551558067,1246.7322429485216,2810.6938263980355,-2.4490053930631119
1890900,39579542.135905348,-14533225.518586559,-44503.089942484265,1059.7313285059765,2886.4124764965568,-2.2421590030757956
1891800,40447407.563810229,-11906030.475269739,-46424.269878465981,868.16597745324464,2949.7029853861977,-2.0255844336832456
1892700,41141118.916255683,-9227570.9720126167,-48146.501332471351,672.86123450455136,3000.292562898901,-1.8002091790781876
1893600,41657688.198988132,-6509380.1129280552,-49662.295646038649,474.65828562474297,3037.9631613650622,-1.5669992206088126
1894500,41994890.388707072,-3763162.2475417797,-50965.049314914759,274.4108253619745,3062.5524205298366,-1.3269548818801251
1895400,42151273.034983814,-1000742.5175018394,-52049.072972586837,72.981369518218514,3073.9543705267552,-1.0811065275798575
1896300,42126162.525084585,1765984.1192930245,-52909.616439442179,-128.76247055763966,3072.119889766399,-0.83051012480859465
1897200,41919666.984556705,4525104.1655831346,-53542.889722587548,-329.95173559098328,3057.0569157391615,-0.57624268655528788
1898100,41532675.801300451,7264736.9398096222,-53946.079869385168,-529.71987136350765,3028.8304078826227,-0.3193976177147676
1899000,40966855.775754996,9973085.786256481,-54117.363596413161,-727.20647050083141,2987.5620628166325,-0.061079984674500321
1899900,40224643.914694361,12638488.917969987,-54055.915634714242,-921.56098659603617,2933.4297833939831,0.19759827001279667
1900800,39309236.900881365,15249469.671965055,-53761.912751724485,-1111.9464043705639,2866.6669041428659,0.45552314601741006
1901700,38224577.285388336,17794785.959045433,-53236.533430033749,-1297.5428498270714,2787.5611767812038,0.71158341465152875
1902600,36975336.463690937,20263478.694361992,-52481.953202975914,-1477.5511246800343,2696.4535205553361,0.96467543727258742
1903500,35566894.510607503,22644918.999579087,-51501.335666836705,-1651.196149754049,2593.7365431901785,1.2137079507647299
1904400,34005316.962728009,24928853.973177351,-50298.819209064226,-1817.7303025115439,2479.8528392300068,1.4576067984793435
1905300,32297328.65009547,27105450.831951365,-48879.499511144655,-1976.4366344052191,2355.293073494387,1.6953195854361471
1906200,30450284.69151555,29165339.234119754,-47249.40790364983,-2126.6319543402187,2220.59385826978,1.925820237124817
1907100,28472138.779928919,31099651.602607835,-45415.48566927691,-2267.6697651712602,2076.3354337020774,2.1481134418867844
1908000,26371408.895743243,32900061.275942147,-43385.554407398595,-2398.9430408453782,1923.1391616477699,2.3612389575800652
1908900,24157140.596848015,34558818.32376498,-41168.282590658215,-2519.8868325268513,1761.6648439812398,2.5642757640218306
1909800,21838868.044192348,36068782.874187939,-38773.148460421224,-2629.980692802982,1592.6078770428508,2.7563460435503941
1910700,19426572.931261763,37423455.811009414,-36210.399423389528,-2728.750907864031,1416.6962545474676,2.9366189729385974
1911600,16930641.494517148,38617006.710174888,-33491.008126361681,-2815.7725283745917,1234.687431856184,3.1043143108168008
1912500,14361819.789832879,39644298.89671436,-30626.625399951859,-2890.6711906044743,1047.3650650457796,3.2587057657196121
1913400,11731167.427167462,40500911.515702672,-27629.530275037276,-2953.1247202624309,855.5356386910056,3.3991241308527824
1914300,9050009.9620987363,41183158.523508966,-24512.577287765776,-3002.8645123740362,660.02499670414613,3.5249601726841444
1915200,6329890.14843647,41688104.5186854,-21289.14130009912,-3039.6766814639163,461.67479095417343,3.6356672614945036
1916100,3582518.2608701806,42013577.345246017,-17973.060073071032,-3063.4029772408403,261.33886271345165,3.7307637330824184
1917000,819721.70050234115,42158177.414756186,-14578.574839178595,-3073.9414619402478,59.879572252475782,3.8098349719013753
1917900,-1946605.9008582125,42121283.707544185,-11120.269128576161,-3071.2469464508968,-141.83590787874866,3.8725352070210612
1918800,-4704555.8596247798,41903056.427407935,-7613.0061109768012,-3055.3311833385665,-342.93932018186695,3.9185890134460482
1919700,-7442255.6833152836,41504436.298372686,-4071.8647213612899,-3026.2628158778571,-542.56505434833889,3.9477925124970108
1920600,-10147920.157773506,40927140.506305039,-512.07484272202328,-2984.1670832105924,-739.85386835368627,3.9600142661599413
1921500,-12809902.059676377,40173655.302452169,3051.0481768965037,-2929.2252827632055,-933.95658267250019,3.9551958615373231
1922400,-15416742.276751298,39247225.300196551,6602.1693928820969,-2861.6739920724194,-1124.0377318572234,3.9333521827893407
1923300,-17957219.120519396,38151839.510438412,10126.000236107913,-2781.8040531848401,-1309.2791578662047,3.8945713692302233
1924200,-20420396.61968537,36892214.174982555,13607.364305978326,-2689.9593238076659,-1488.8835297344851,3.8390144595404352
1925100,-22795671.58650602,35473772.471053749,17031.262702445078,-2586.5352003901016,-1662.0777744550787,3.7669147233654661
1926000,-25072819.25357727,33902621.17353525,20382.93861670771,-2471.9769193035991,-1828.1164042796795,3.6785766828904851
1926900,-27242037.28446871,32185524.374658469,23647.940903237348,-2346.7776432586534,-1986.2847260558838,3.5743748283015715
1927800,-29293987.968486145,30329874.373607583,26812.186359875821,-2211.4763410415358,-2135.9019186926707,3.4547520323614562
1928700,-31219838.417532504,28343659.860782396,29862.020448056417,-2066.6554695706782,-2276.3239653861065,3.3202176706345283
1929600,-33011298.591536753,26235431.533226483,32784.276191655183,-1912.9384681542608,-2406.9464278415344,3.1713454551842362
1930500,-34660656.988196008,24014265.288919885,35566.3310005932,-1750.9870756726391,-2527.2070503947511,3.0087709908290456
1931400,-36160813.842789568,21689723.158201296,38196.161174043875,-1581.4984822064994,-2636.5881826602854,2.8331890642732507
1932300,-37505311.694532789,19271812.140471414,40662.393847922984,-1405.2023273791976,-2734.6190101166662,2.6453506776187741
1933200,-38688363.187296458,16770941.123488856,42954.356162212287,-1222.8575583750151,-2820.8775828728735,2.4460598389062067
1934100,-39704875.984473072,14197876.070956312,45062.121435544941,-1035.249161229824,-2894.9926337427946,2.2361701234214935
1935000,-40550474.690270737,11563693.671666814,46976.552147310678,-843.18477956305264,-2956.645177680984,2.0165810205313113
1935900,-41221519.682700351,8879733.6502002925,48689.339541262627,-647.49123542649227,-3005.5698855983419,1.7882340817702287
1936800,-41715122.776932113,6157549.9449966187,50193.039679163172,-449.01096738349469,-3041.5562265753306,1.5521088867897603
1937700,-42029159.651470147,3408860.9645551573,51481.105788325833,-248.5984012990954,-3064.4493735175097,1.3092188445891111
1938600,-42162278.983664386,645499.13649964007,52547.916762921428,-47.116269615758824,-3074.1508683479528,1.0606068481747133
1939500,-42113908.25538072,-2120640.03271684,53388.801695544687,154.56810489062147,-3070.6190438976641,0.80734080143749842
1940400,-41884256.204116322,-4877649.1676213127,54000.060332702946,355.58654473472291,-3053.8692007328141,0.55050903758954317
1941300,-41474311.909410208,-7613660.2821014961,54378.979365510633,555.07375651614848,-3023.9735382405966,0.29121564896328012
1942200,-40885840.518990919,-10316895.865291242,54523.844484868918,752.17105667942224,-2981.0608403782276,0.030575748344917275
1943100,-40121375.63365753,-12975719.574743833,54433.94814869509,946.03006811394619,-2925.3159175664937,-0.23028931771200278
1944000,-39184208.384340197,-15578686.318490107,54109.593027255301,1135.8163716201966,-2856.9788072749739,-0.49025678296717945
1944900,-38078373.24906788,-18114591.510344371,53552.091111263508,1320.7130964916657,-2776.3437368955897,-0.74820728225665878
1945800,-36808630.671619497,-20572519.286522686,52763.758486049701,1499.9244347546028,-2683.7578535295106,-1.0030296582417291
1946700,-35380446.557390198,-22941889.476253826,51747.905793696795,1672.6790639671719,-2579.6197263151721,-1.2536257335322607
1947600,-33799968.735406972,-25212503.124568507,50508.824423505095,1838.2334639036205,-2464.3776278979808,-1.4989150277880496
1948500,-32074000.488420714,-27374586.371818021,49051.768489387861,1995.8751129346185,-2338.5276025811463,-1.7378393996667132
1949400,-30209971.265531152,-29418832.501667608,47382.932670757044,2144.9255504591015,-2202.6113295983973,-1.9693675938620401
1950300,-28215904.703815643,-31336441.977296777,45509.426011041993,2284.7432923424658,-2057.2137908097475,-2.192499673928209
1951200,-26100384.096883908,-33119160.294280786,43439.241785123762,2414.7265869675975,-1902.9607529378809,-2.4062713221187648
1952100,-23872515.459123403,-34759313.488083124,41181.223563592401,2534.3160002054624,-1740.5160752324637,-2.6097579880802293
1953000,-21541888.344591748,-36249841.144215614,38745.02761777601,2642.9968183574615,-1570.5788541701645,-2.8020788689252063
1953900,-19118534.589014452,-37584326.769874543,36141.081824883164,2740.3012589088303,-1393.8804174672732,-2.982400703964847
1954800,-16612885.152122257,-38757025.397191823,33380.541247283923,2825.8104797575379,-1211.1811802975567,-3.1499413682012265
1955700,-14035725.245579885,-39762888.300099798,30475.240573871757,2899.1563784428422,-1023.2673771686518,-3.3039732495623881
1956600,-11398147.938987821,-40597584.719147705,27437.643624545592,2960.0231737882277,-830.94768341441102,-3.4438263958014428
1957500,-8711506.4428542256,-41257520.501374446,24280.790131080252,3008.1487632914291,-635.04974070690139,-3.5688914179714746
1958400,-5987365.2730125431,-41739853.575484544,21018.240018969733,3043.3258505359659,-436.41660137914403,-3.6786221384242346
1959300,-3237450.5056818966,-42042506.19603806,17664.015425192807,3065.4028378606172,-235.90310667727306,-3.7725379723574988
1960200,-473599.33621522784,-42164173.904096775,14232.540696230642,3074.284480501974,-34.372214327921967,-3.8502260330468716
1961100,2292290.8424589569,-42104331.165713623,10738.580619032979,3069.9322994172021,167.30870898723126,-3.9113429520367813
1962000,5048313.6236320231,-41863233.663754642,7197.1771449616081,3052.3647509959587,368.27161451309257,-3.9556164067254103
1962900,7782604.8136200318,-41441917.232748061,3623.5848730210487,3021.657152878623,567.65150183910487,-3.9828463489526622
1963800,10483393.482100531,-40842193.440706968,33.20556390654292,2977.9413661093013,764.59013701213735,-3.992905929381704
1964700,13139052.617164681,-40066641.836116202,-3558.4780394438358,2921.4052348631249,958.23974254296559,-3.985742113646396
1965600,15738149.167837383,-39118598.892453983,-7135.968806011022,2852.291785994938,1147.7666436064151,-3.9613759874125241
1966500,18269493.259291526,-38002143.696680322,-10683.82194474662,2770.8981916573407,1332.354854897741,-3.9199027486640095
1967400,20722186.369352419,-36722080.442012072,-14186.711584687304,2677.5744992270797,1511.2095928310432,-3.8614913866713496
1968300,23085668.259144805,-35283917.798964024,-17629.496925324762,2572.7221337567862,1683.560698048969,-3.78638404822523
1969200,25349762.455864284,-33693845.252013296,-20997.287676446802,2456.7921791309786,1848.6659535561798,-3.6948950928218487
1970100,27504720.091641821,-31958706.502286356,-24275.508508671577,2330.283445047854,2005.8142841914544,-3.5874098395684664
1971000,29541261.909295183,-30085970.049321406,-27449.9622388688,2193.740327868622,2154.3288236142967,-3.4643830096424018
1971900,31450618.253403381,-28083697.077171657,-30506.891478586185,2047.7504742705894,2293.5698355009208,-3.3263368691902198
1972800,33224566.873574484,-25960506.781834148,-33433.038478470589,1892.9422575056292,2422.9374762207922,-3.1738590786054677
1973700,34855468.375975981,-23725539.288164545,-36215.702907494495,1729.9820768984146,2541.8743868978218,-3.0076002551860102
1974600,36336299.169129066,-21388416.315018568,-38842.797312586357,1559.5714920151859,2649.8681034490105,-2.8282712572591699
1975500,37660681.760599248,-18959199.757296827,-41302.900012046419,1382.4442036898051,2746.4532739368233,-2.6366401989899644
1976400,38822912.272507459,-16448348.362812528,-43585.305184950113,1199.3628948052592,2831.2136733686357,-2.4335292062686524
1977300,39817985.055696025,-13866672.690403104,-45680.069928653415,1011.1159443910524,2903.7840069256699,-2.2198109253200276
1978200,40641614.294866383,-11225288.54342179,-47578.058067580336,818.51402920542296,2963.8514935029652,-1.9964047969946916
1979100,41290252.510009311,-8535569.0796293393,-49270.980508756656,622.38662752112577,3011.1572223885373,-1.7642731110911885
1980000,41761105.872919172,-5809095.8045177935,-50751.431953116247,423.57844031972388,3045.4972769008286,-1.5244168565071325
1980900,42052146.271461427,-3057608.6601999993,-52012.923786493069,222.94574551705242,3066.7236198348337,-1.2778713845071388
1981800,42162120.06848368,-292955.42615551036,-53049.912990446064,21.352701187105026,3074.744736634153,-1.0257019038941304
1982700,42090553.51675728,2472959.3486935911,-53857.826930636365,-180.33238598123847,3069.5260333030046,-0.76899882833766597
1983600,41837754.806037515,5228225.6609185115,-54433.083899336627,-381.24081057408443,3051.089987192433,-0.50887299749943105
1984500,41404812.733161144,7960979.3917041868,-54773.109308704021,-580.50722016628538,3019.5160499312924,-0.24645079484946428
1985400,40793592.000984326,10659453.447185425,-54876.347452549286,-777.27335232010648,2974.9403029171262,0.017130813866090083
1986300,40006725.166823983,13312028.477918854,-54742.26877629284,-970.69174040032487,2917.5548669264572,0.28072929671137531
1987200,39047601.275822885,15907282.9573263,-54371.37261738778,-1159.9293718942513,2847.607068539588,0.5432016008462931
1988100,37920351.22923664,18434042.401875641,-53765.185401450806,-1344.1712831671232,2765.398367193282,0.80340920139245564
1989000,36629829.951963417,20881427.519691139,-52926.254302401911,-1522.6240749075905,2671.2830477673228,1.0602231283050596
1989900,35181595.437632576,23238901.079180125,-51858.136397797905,-1694.5193329209021,2565.6666846703424,1.3125289460200515
1990800,33581884.763166949,25496313.295093667,-50565.383372992401,-1859.1169394042938,2449.0043844094866,1.5592316612673989
1991700,31837587.17787236,27643945.536166474,-49053.521849531222,-2015.7082603846295,2321.7988146016396,1.7992605353044775
1992600,29956214.384726282,29672552.166062258,-47329.029434099553,-2163.6191956067423,2184.5980283061435,2.0315737778835183
1993500,27945868.143582702,31573400.337737434,-45399.306604220728,-2302.213077826098,2037.9930934265992,2.2551631014738138
1994400,25815205.337433551,33338307.570477694,-43272.644565656628,-2430.8934091752476,1882.615537739722,2.4690581155628908
1995300,23573400.653625395,34959676.948707096,-40958.189234011123,-2549.1064230341008,1719.1346208608113,2.6723305422143966
1996200,21230107.041985787,36430529.792163529,-38465.901509363503,-2656.3434606337996,1548.2544451473343,2.8640982354244895
1997100,18795414.121134162,37744535.658124998,-35806.514027864396,-2752.1431524577383,1370.7109181743815,3.0435289881620857
1998000,16279804.712808598,38896039.54800351,-32991.484588140076,-2836.0933953664558,1187.2685799887017,3.2098441122802668
1998900,13694109.691807576,39880086.202745438,-30032.946463116314,-2907.83311726178,998.71730886237663,3.3623217777351408
1999800,11049461.346103629,40692441.384035975,-26943.655819539697,-2967.0538220161634,805.8689197237801,3.5003000987406505
2000700,8357245.4478157926,41329610.051248983,-23736.936478091749,-3013.5009083227105,609.55366984307,3.6231799556279829
2001600,5629052.2410129635,41788851.357361965,-20426.622256603689,-3046.9747570673717,410.61668669276605,3.7304275422739832
2002500,2876626.5567479995,42068190.40061792,-17026.997147520742,-3067.3315827849256,209.91433319136442,3.8215766300269149
2003400,111817.26928024134,42166426.682511307,-13552.733588458446,-3074.4840457326654,8.3105257696257127,3.8962305401028687
2004300,-2653473.6898778463,42083139.236654386,-10018.829091449827,-3068.4016220981734,-193.32697912505023,3.9540638174650842
2005200,-5407342.54166424,41818688.407192111,-6440.541502301834,-3049.1107308483147,-394.13031435127846,3.9948236002436293
2006100,-8137934.8736000452,41374214.269627459,-2833.3231663519227,-3016.6946167234514,-593.23523142599311,4.0183306798135217
2007000,-10833496.639034094,40751631.701143354,787.24571917655794,-2971.2929898817174,-789.78481410441032,4.024480247733651
2007900,-13482424.723087477,39953622.121709026,4405.5242831019223,-2913.101423700416,-982.93316043984714,4.0132423268611284
2008800,-16073316.858693056,38983621.941384993,8005.8784034714927,-2842.3705132424739,-1171.8490176896664,3.9846618850984661
2009700,-18595020.678830978,37845807.763236962,11572.748090123077,-2759.4047978922254,-1355.7193546084918,3.9388586314044534
2010600,-21036681.694660544,36545078.405080363,15090.714540941397,-2664.5614526532258,-1533.7528559064319,3.8760264949013026
2011500,-23387789.993732743,35087033.816847049,18544.566587429927,-2558.2487535774917,-1705.1833239489479,3.7964327891370457
2012400,-25638225.45782407,33477950.983639237,21919.366247630929,-2440.9243237565347,-1869.2729731365805,3.7004170648078833
2013300,-27778301.306144558,31724756.9174546,25200.513107966395,-2313.0931672454485,-2025.3156028270976,3.5883896555036356
2014200,-29798805.776721511,29834998.853076149,28373.80726024813,-2175.3054992077023,-2172.6396351492408,3.4608299223036214
2015100,-31691041.766620986,27816811.775663983,31425.5105259181,-2028.1543814554893,-2310.6110046054605,3.3182842043121239
2016000,-33446864.260312986,25678883.419109117,34342.405706524776,-1872.2731734138169,-2438.6358869694222,3.1613634834741231
2016900,-35058715.384881616,23430416.885158449,37111.853607504003,-1708.3328093513007,-2556.1632556509708,2.9907407732444611
2017800,-36519656.940890543,21081091.043643482,39721.847591493904,-1537.0389134921929,-2662.6872544243265,2.8071482418893656
2018700,-37823400.268496856,18641018.883793347,42161.065427643523,-1359.1287653480285,-2757.7493761918017,2.61137408236916
2019600,-38964333.319817118,16120703.99553955,44418.918214639969,-1175.3681282791601,-2840.9404382821117,2.4042591418782542
2020500,-39937544.820540406,13530995.367880795,46485.596167435193,-986.5479549122972,-2911.9023456556524,2.1866933251943959
2021400,-40738845.416301265,10883040.698732125,48352.111070853593,-793.48098359628875,-2970.3296343049356,1.9596117870074659
2022300,-41364785.712316409,8188238.4171966817,50010.335217348402,-596.99824057147634,-3015.9707880922506,1.723990929351682
2023200,-41812671.128193893,5458188.6248385571,51453.036661090147,-397.94546295502414,-3048.6293232538096,1.4808442211481518
2024100,-42080573.50358244,2704643.1672739089,52673.910636244545,-197.17945800326649,-3068.1646358151756,1.2312178576714907
2025000,-42167339.404378377,-60544.948788847774,53667.607003663645,4.435585599727716,-3074.4926082014099,0.97618627848036821
2025900,-42072595.093484588,-2825472.5750580239,54429.753607193918,206.03181846204541,-3067.5859723818444,0.7168475629926665
2026800,-41796748.144554988,-5578237.6578015834,54956.975438323359,406.74146710386867,-3047.4744279581901,0.45431872343822
2027700,-41340985.691691667,-8306990.469760064,55246.909525863659,605.70057029964948,-3014.2445146804084,0.18973091538294909
2028600,-40707269.322626196,-10999984.616986588,55298.215485709916,802.05269896902757,-2968.0392399520092,-0.075775413614862314
2029500,-39898326.637442619,-13645627.600759899,55110.581684354845,994.95264352075753,-2909.0574629596999,-0.34105541638351033
2030400,-38917639.509323947,-16232530.716667619,54684.726988669754,1183.5700527042798,-2837.5530381265221,-0.60496475854416332
2031300,-37769429.098060124,-18749558.075859826,54022.398093414362,1367.0930082454001,-2753.833721637488,-0.86636452985781531
2032200,-36458637.68108052,-21185874.537312634,53126.36243691486,1544.7315198342956,-2658.2598458174689,-1.1241261334441763
2033100,-34990907.380505718,-23530992.344698224,52000.396734267117,1715.7209253937879,-2551.2427671479118,-1.3771361319176849
2034000,-33372555.878091767,-25774816.267108325,50649.271176194699,1879.3251819813777,-2433.2430946873965,-1.6243010296944029
2034900,-31610549.222906161,-27907687.049394868,49078.729360233905,2034.8400331673806,-2304.7687066068142,-1.8645519710255403
2035800,-29712471.849074487,-29920422.985243157,47295.464039147657,2181.5960392809352,-2166.372563459096,-2.0968493337063134
2036700,-27686493.932914533,-31804359.434245095,45307.088789306261,2318.961457522676,-2018.6503276721601,-2.3201871988909213
2037600,-25541336.230182532,-33551386.113154184,43122.105719135601,2446.3449596043856,-1862.2377995786292,-2.533597678012188
2038500,-23286232.544944469,-35153982.001140147,40749.869354548493,2563.1981752885595,-1697.8081810736728,-2.7361550784552371
2039400,-20930889.991711587,-36605247.70917432,38200.546854467204,2669.01805096113,-1526.0691787201099,-2.9269798903647049
2040300,-18485447.221899938,-37898935.174622245,35485.074725046987,2763.3490131749691,-1347.7599587949596,-3.1052425777705679
2041200,-15960430.794353185,-39029474.553647704,32615.112215954221,2845.7849279465108,-1163.6479673915487,-3.2701671580945288
2042100,-13366709.877569543,-39991998.196092643,29602.99159597743,2915.9708474691224,-974.52562925388111,-3.4210345550423602
2043000,-10715449.478367489,-40782361.600037768,26461.665518296635,2973.6045368207715,-781.20693952334227,-3.5571857108926634
2043900,-8018062.3979830956,-41397161.256213911,23204.651697853595,3018.4377741861776,-584.52396302030309,-3.6780244452537159
2044800,-5286160.1219898351,-41833749.305770926,19845.975134404376,3050.277419080955,-385.3232560633644,-3.7830200484714425
2045700,-2531502.8549499838,-42090244.948560268,16400.108124954138,3068.9862440531952,-184.46222614575626,-3.8717095990267762
2046600,234051.08567227935,-42165542.552993581,12881.908318335674,3074.483526342442,17.194554959173303,-3.9436999954526204
2047500,2998596.2990946299,-42059316.432643622,9306.5550726683741,3066.7453969929752,218.77906890396613,-3.9986696945220728
2048400,5750231.5352640115,-41772022.26899723,5689.484383299814,3045.8049459436311,419.42358340299563,-4.0363701487021979
2049300,8477110.9134676605,-41304895.174093656,2046.3226545730595,3011.7520826460427,618.26438386009374,-4.0566269371230277
2050200,11167494.90566792,-40659944.401127294,-1607.1804066287293,2964.7331527931242,814.44548805822149,-4.0593405855709292
2051100,13809800.865707025,-39839944.725402094,-5255.2194941319958,2904.9503127658786,1007.1223280551219,-4.0444870722689261
2052000,16392652.887434362,-38848424.532238223,-8882.0017187335015,2832.6606644253784,1195.4653835667702,-4.0121180174455819
2052900,18904930.777627233,-37689650.662491955,-12471.814652439045,2748.1751538841954,1378.6637513218584,-3.9623605559082575
2053800,21335817.933294922,-36368610.080200672,-16009.094115475673,2651.8572388840671,1555.9286351343987,-3.8954168930179702
2054700,23674847.917559706,-34890988.440451041,-19478.491421746723,2544.1213303805916,1726.4967417666853,-3.8115635456029309
2055600,25911949.533779509,-33263145.648834083,-22864.939800277825,2425.4310148878999,1889.6335680398734,-3.7111502704404575
2056500,28037490.203893621,-31492088.516744655,-26153.719713040973,2296.2970650632947,2044.6365650928853,-3.5945986839773671
2057400,30042317.464111611,-29585440.629250769,-29330.522793294866,2157.2752469106131,2190.8381661906051,-3.462400577945874
2058300,31917798.398999352,-27551409.554251909,-32381.514133195786,2008.9639328486369,2327.608665037731,-3.3151159364675418
2059200,33655856.843715355,-25398751.533114411,-35293.392654870288,1852.0015307242015,2454.3589321635377,-3.1533706611281125
2060100,35249008.193583548,-23136733.803869922,-38053.449305362541,1687.0637396459651,2570.5429576033507,-2.9778540113618379
2061000,36690391.670320556,-20775094.718343727,-40649.622822851583,1514.8606442712132,2675.6602088130717,-2.7893157683213667
2061900,37973799.905028962,-18324001.824199025,-43070.552829268869,1336.1336598916671,2769.257793511797,-2.5885631312485535
2062800,39093705.709483698,-15794008.091798928,-45305.630012946713,1151.652341332154,2850.9324179526197,-2.3764573562273075
2063700,40045285.919233315,-13196006.473958859,-47345.043174230246,962.21106929503776,2920.3321319712154,-2.1539101481186989
2064600,40824442.204566836,-10541182.994049026,-49179.822917148085,768.62562835033532,2977.1578530537654,-1.9218798174785783
2065500,41427818.75841134,-7840968.564472829,-50801.881781346507,571.72969128305226,3021.1646625979215,-1.6813672153636634
2066400,41852816.783673845,-5106989.7432568735,-52204.050620650822,372.37122496191404,3052.1628685103929,-1.4334114601629837
2067300,42097605.716369569,-2351018.6413095449,-53380.111047945691,171.40883328370009,3070.0188292894459,-1.1790854719579467
2068200,42161131.135027699,415077.80319254147,-54324.82378068415,-30.291946928921959,3074.6555357768029,-0.9194913314132801
2069100,42043119.32127589,3179388.9638736336,-55033.952737355728,-231.86238094452051,3066.0529478271751,-0.65575548181510046
2070000,41744078.451109529,5930011.857277872,-55504.284752756779,-432.43428574337321,3044.2480842304371,-0.38902379456643327
2070900,41265296.411084615,8655102.4436300322,-55733.644798960544,-631.14377782638553,3009.3348653259854,-0.12045652017247352
2071800,40608835.248463392,11342926.674827099,-55720.906619476969,-827.13500277380058,2961.4637088651189,0.14877685156838302
2072700,39777522.279116586,13981911.068254555,-55465.998706153499,-1019.5638301729364,2900.8408807988417,0.4175027968847449
2073600,38774937.891671978,16560692.587035133,-54969.90557175679,-1207.60149767495,2827.7276037879819,0.68454900221210557
2074500,37605400.100920089,19068167.610335562,-54234.664295675357,-1390.4381881646812,2742.4389273424554,0.94874961949210768
2075400,36273945.917770617,21493539.78136602,-53263.356345510372,-1567.2865243341757,2645.3423645889025,1.2089505041120665
2076300,34786309.617023185,23826366.525688823,-52060.094703135837,-1737.384965337807,2536.8563017329734,1.4640144066705387
2077200,33148897.997802403,26056604.03838047,-50630.006349729942,-1900.0010906720984,2417.4481873164859,1.712826089855179
2078100,31368762.74464098,28174650.545431837,-48979.210189911129,-2054.4347569625183,2287.6325093633063,1.954297342260118
2079000,29453570.009811893,30171387.652485553,-47114.790520065551,-2200.0211139479447,2147.968569454596,2.1873718619308478
2079900,27411567.349551223,32038219.602552608,-45044.766169868351,-2336.1334666256753,1999.0580636682012,2.4110299837603186
2080800,25251548.158221975,33767110.273672752,-42778.055468569532,-2462.1859712498867,1841.5424811538469,2.6242932265060994
2081700,22982813.755197775,35350617.75753136,-40324.437208591175,-2577.6361536579525,1676.1003318916435,2.8262286370775302
2082600,20615133.289249372,36781926.370763704,-37694.507798193481,-2681.9872392258239,1503.4442158936311,3.0159529117716044
2083500,18158701.634458903,38054875.962007262,-34899.6348123141,-2774.7902846193965,1324.3177467550729,3.1926362762351914
2084400,15624095.460134465,39163988.389645278,-31951.907166139572,-2855.6461024076352,1139.492343043122,3.3555061080267081
2085300,13022227.66482332,40104491.057560079,-28864.082149560927,-2924.2069705296299,949.76390152538306,3.5038502876823494
2086200,10364300.371303633,40872337.409024246,-25649.529572476116,-2980.1781195567019,755.94936669024412,3.6370202661153885
2087100,7661756.6853535753,41464224.292042188,-22322.173281040403,-3023.318991657743,558.88321139560742,3.7544338379649806
2088000,4926231.4261387251,41877606.122956969,-18896.430313562734,-3053.4442661571688,359.4138438039073,3.8555776121499949
2088900,2169501.0402125595,42110705.788900577,-15387.14797193358,-3070.4246475667255,158.39995602026758,3.9400091723757078
2089800,-596567.0856175723,42162522.243634515,-11809.539090376582,-3074.1874129719345,-43.293169951571628,4.0073589216984544
2090700,-3360065.6949510952,42032834.765446916,-8179.1157880549536,-3064.7167166583968,-244.79738318336081,4.0573316064953007
2091600,-6109098.89692323,41722203.859989382,-4511.6219957279864,-3042.053650870067,-445.24539589617393,4.0897075163356416
2092500,-8831833.3462002743,41231968.805196747,-822.96504931415348,-3006.2960625985838,-643.77451078444642,4.1043433573347423
2093400,-11516549.148600604,40564241.849684186,2870.8533550751085,-2957.5981273074517,-839.53032778012584,4.1011727976096388
2094300,-14151690.274364738,39721899.090205781,6553.8065492846035,-2896.1696814949614,-1031.6704145447247,4.0802066844762743
2095200,-16725914.263258697,38708568.067833275,10209.91232923254,-2822.2753169926732,-1219.3679251335034,4.0415329340417996
2096100,-19228141.008745469,37528612.136421859,13823.302144828998,-2736.2332408793964,-1401.8151514910337,3.9853160948698783
2097000,-21647600.412388809,36187111.670617625,17378.289751506574,-2638.4139058609881,-1578.2269927111697,3.9117965884394428
2097900,-23973878.704449955,34689842.194076352,20859.439034100113,-2529.238416920803,-1747.8443273269995,3.8212896301827231
2098800,-26196963.232284524,33043249.521652553,24251.63071770822,-2409.1767209809582,-1909.9372742875603,3.7141838359780768
2099700,-28307285.524625555,31254422.022028856,27540.127685056112,-2278.7455872270793,-2063.8083287277113,3.5909395200849135
2100600,-30295762.447126884,29331060.119535696,30710.638625774827,-2138.5063866351993,-2208.79535914496,3.4520866916372386
2101500,-32153835.272613186,27281443.165709514,33749.379749929554,-1989.062680095012,-2344.2744531613644,3.2982227579528884
2102400,-33873506.498310208,25114393.822402183,36643.134306075626,-1831.0576253448287,-2469.662599668648,3.1300099440588887
2103300,-35447374.251877546,22839240.108936798,39379.3096530943,-1665.1712137162226,-2584.4201958287367,2.9481724389716248
2104200,-36868664.138301142,20465775.275857173,41945.991645051865,-1492.1173484265519,-2688.0533681280135,2.7534932803939478
2105100,-38131258.390582733,18004215.677194245,44331.996099319033,-1312.6407768513111,-2780.1160974592854,2.5468109905906569
2106000,-39229722.198645711,15465156.821829511,46526.917130154652,-1127.513889851813,-2860.212139027903,2.3290159772701422
2106900,-40159327.102914609,12859527.792432101,48521.172142868141,-937.53340182342515,-2927.9967287444733,2.1010467143242404
2107800,-40916071.351567678,10198544.227545172,50306.043297483338,-743.51692566206077,-2983.1780686725479,1.8638857182520672
2108700,-41496697.133457601,7493660.0686643701,51873.715265486855,-546.29945731883026,-3025.5185850416651,1.618555337009371
2109600,-41898704.612086877,4756518.2795557268,53217.309118699108,-346.72978502185845,-3054.8359533099479,1.3661133688753135
2110500,-42120362.699755229,1998900.7495760722,54330.912205494853,-145.66683858787047,-3071.003885761656,1.1076485297072647
2111400,-42160716.525006123,-767322.40363726811,55209.603886455145,56.024005477749469,-3073.9526781489903,0.84427578765551903
2112300,-42019591.560726687,-3530243.9140665107,55849.477018982587,257.47464718684751,-3063.6695129291688,0.57713158502884998
2113200,-41697594.394636996,-6277970.610032063,56247.655098379182,457.81799853824259,-3040.1985177024808,0.30736896753415266
2114100,-41196110.138377346,-8998674.5991814826,56402.304981293499,656.19171514396965,-3003.6405785194947,0.036152641555849213
2115000,-40517296.485901296,-11680644.175381184,56312.645136206957,851.74190791107367,-2954.1529087909234,-0.23534601950987247
2115900,-39664074.446343303,-14312334.228282187,55978.949384664375,1043.626818756017,-2891.9483755966939,-0.50595399859667822
2116800,-38640115.79088863,-16882415.938423965,55402.546116174482,1231.0204444781377,-2817.2945862465085,-0.77450166655846342
2117700,-37449827.267365597,-19379825.543778133,54585.812979024879,1413.1160931384557,-2730.5127389877393,-1.0398278005213564
2118600,-36098331.650243521,-21793811.967603382,53532.167068584713,1589.1298575794581,-2631.9762427829451,-1.3007845675480849
2119500,-34591445.707392223,-24113983.10236707,52246.050653918777,1758.303991078802,-2522.1091120839947,-1.556242452301186
2120400,-32935655.17827896,-26330350.55026551,50732.912502621577,1919.9101705534572,-2401.3841435081263,-1.8050951076244777
2121300,-31138086.871189829,-28433372.627518669,48999.184882611211,2073.2526332185143,-2270.3208822688716,-2.0462641072911927
2122200,-29206477.999505315,-30413995.447096169,47052.256338116109,2217.6711731545006,-2129.4833871274072,-2.2787035805907636
2123100,-27149142.888982225,-32263691.902816642,44900.440355157196,2352.5439848458268,-1979.4778035035743,-2.5014047089422791
2124000,-24974937.199342281,-33974498.386815056,42552.940049392986,2477.2903414182197,-1820.9497552166381,-2.7134000653288646
2124900,-22693219.814193245,-35539049.082152277,40019.809026174429,2591.3730960214821,-1654.5815661103047,-2.9137677780407261
2125800,-20313812.563364558,-36950607.682804666,37311.908578973686,2694.3009955724715,-1481.0893235511453,-3.1016355009922556
2126700,-17846957.951082539,-38203096.4043727,34440.861407931916,2785.6307968881915,-1301.2197964712541,-3.2761841737366346
2127600,-15303275.072000533,-39291122.16053687,31419.002055045054,2864.9691760967498,-1115.7472212517764,-3.4366515552360033
2128500,-12693713.904899383,-40209999.79251641,28259.324266406653,2931.9744231107388,-925.46996931120862,-3.5823355164517325
2129400,-10029508.180850908,-40955772.25149589,24975.425504890252,2986.3579138792638,-731.20711076872794,-3.7125970778931037
2130300,-7322127.0287614139,-41525227.647122636,21581.448848623062,3027.8853540972746,-533.79488899609555,-3.8268631793979981
2131200,-4583225.606458351,-41915913.088684998,18092.022521524152,3056.3777890396505,-334.08312125008104,-3.9246291706105665
2132100,-1824594.9298291756,-42126145.259399988,14522.197312006982,3071.712375198234,-132.9315408893454,-4.0054610118616178
2133000,941888.88405041699,-42155017.678307131,10887.382144636565,3073.8229104281636,68.793903075928654,-4.0689971764407638
2133900,3704315.7413651366,-42002404.618523285,7203.2780770501395,3062.7001203508094,270.2247731775592,-4.1149502465678873
2134800,6450792.8435960393,-41668961.664998181,3485.8110007699756,3038.3916998096852,470.49388139520249,-4.1431081967168133
2135700,9169495.886544494,-41156122.90935991,-248.93667036337774,3001.0021092282504,668.73902170623762,-4.1533353593076274
2136600,11848719.966082294,-40466094.793892264,-3984.7950365411334,2950.6921267698558,864.10668124316453,-4.1455730691564874
2137500,14476929.971647356,-39601846.63107843,-7705.5761828909199,2887.6781582455669,1055.7557141224167,-4.1198399844433409
2138400,17042810.250722341,-38567097.839417487,-11395.143793304938,2812.2313077507724,1242.8609621767778,-4.0762320833176489
2139300,19535313.330676824,-37366301.950310215,-15037.482615372663,2724.676213031848,1424.616807058615,-4.0149223365999793
2140200,21943707.488406885,-36004627.454660222,-18616.76748560086,2625.3896505854996,1600.2406384814058,-3.9361600583414207
2141100,24257622.963150684,-34487935.571386233,-22117.431626260346,2514.7989164716469,1768.9762237308378,-3.8402699372626956
2142000,26467096.613671158,-32822755.033236772,-25524.23392846495,2393.3799897719582,1930.0969640020066,-3.7276507532991969
2142900,28562614.827653099,-31016253.998083826,-28822.324940409944,2261.6554865468038,2082.9090236037791,-3.598773784618174
2143800,30535154.498630621,-29076209.206195518,-31997.311285012376,2120.1924130300386,2226.7543186127195,-3.4541809115402566
2144700,32376221.894011885,-27010972.515799776,-35035.318237434629,1969.5997276505609,2361.013352154559,-3.2944824247837601
2145600,34077889.24676536,-24829434.960503317,-37923.050200061691,1810.5257222791151,2485.1078841383273,-3.1203545463529383
2146500,35632828.913038827,-22540988.482778039,-40647.848820366395,1643.6552338657129,2598.5034239642046,-2.9325366722102197
2147400,37034344.948359698,-20155485.507727377,-43197.74850566138,1469.7066983548937,2700.7115354681609,-2.7318283466123106
2148300,38276401.966070473,-17683196.530658264,-45561.529097934814,1289.4290594406318,2791.2919441516801,-2.5190859786601258
2149200,39353651.15324448,-15134765.900572103,-47728.765481742412,1103.5985453478925,2869.8544375707352,-2.2952193122284985
2150100,40261453.331457019,-12521165.989515597,-49689.873908441252,913.01532740168864,2936.0605506218412,-2.0611876610243605
2151000,40995898.962410279,-9853649.9447660912,-51436.154830883999,718.50007466501552,2989.6250283619856,-1.8179959210990015
2151900,41553825.011477351,-7143703.2270363178,-52959.832054052531,520.89041939226161,3030.3170599307964,-1.5666903737422215
2152800,41932828.59569025,-4402994.1432411373,-54254.088019037808,321.03734845259726,3057.9612781049541,-1.3083542923490363
2153700,42131277.356497489,-1643323.5868488709,-55313.095050336917,119.80153622628404,3072.438520003815,-1.04410336760747
2154600,42148316.511703029,1123425.7975816333,-56132.04240973985,-81.950365236411187,3073.6863454788104,-0.77508096624229128
2155500,41983872.555314243,3885340.8064206969,-56707.159014245975,-283.34946278134635,3061.6993107543117,-0.50245323958950294
2156400,41638653.588513106,6630529.0045705158,-57035.731690628381,-483.52836927318185,3036.5289959411548,-0.22740409948540616
2157300,41114146.279560767,9347169.9669158794,-57116.118855607659,-681.62494501893866,2998.283786112102,0.048869919667855505
2158200,40412609.465088405,12023566.212093033,-56947.759528250426,-876.78601722102758,2947.1284067071847,0.3251648922692314
2159100,39537064.419851229,14648193.608225759,-56531.177600291921,-1068.1710612462002,2883.2832151214175,0.60027480428518731
2160000,38491281.836560071,17209751.032433484,-55867.981310673735,-1254.9558276303123,2807.0232514126419,0.87299690368714145
2160900,37279765.571788445,19697209.069047004,-54960.857892700449,-1436.3358989491505,2718.6770521475119,1.1421370731591498
2161800,35907733.228111893,22099857.535565667,-53813.563385793044,-1611.5301609737919,2618.6252324726302,1.4065151981175568
2162700,34381093.656500891,24407351.630442783,-52430.907628704212,-1779.7841728949413,2507.2988425489334,1.6649705017396328
2163600,32706421.47648884,26609756.502774328,-50818.734477025406,-1940.3734218437223,2385.17750551362,1.9163668176641273
2164500,30890928.724704601,28697590.050863802,-48983.897314537971,-2092.6064474545901,2252.787345128228,2.1595977703897442
2165400,28942433.754927032,30661863.764412101,-46934.229955051531,-2235.8278228066888,2110.6987122268029,2.3935918332266684
2166300,26869327.524825007,32494121.433696702,-44678.513058389908,-2369.4209787393202,1959.5237199878343,2.6173172339935249
2167200,24680537.41592899,34186475.558516063,-42226.436210665001,-2492.8108592606413,1799.9135989115082,2.8297866795097684
2168100,22385488.744085494,35731641.299833089,-39588.555844458744,-2605.4663965509344,1632.5558831842914,3.0300618712909615
2169000,19994064.127622351,37122967.827902555,-36776.249198584694,-2706.9027948968151,1458.1714408512021,3.2172577866620489
2169900,17516560.889656596,38354466.93215318,-33801.664539349651,-2796.6836137743244,1277.5113608885454,3.3905467016861204
2170800,14963646.679368651,39420838.770155579,-30677.667885386702,-2874.4226412203948,1091.3537108735468,3.5491619347706429
2171700,12346313.504613481,40317494.645579271,-27417.786495974349,-2939.785549587275,900.50017948032712,3.6924012924581215
2172600,9675830.3749139998,41040576.718061373,-24036.149398177007,-2992.4913267567335,705.77261849312481,3.8196302016317136
2173500,6963694.7596626896,41586974.561312266,-20547.425241111152,-3032.3134768943055,508.00949941729471,3.9302845150754178
2174400,4221583.0712277116,41954338.499504477,-16966.757776209739,-3059.0809858428574,308.06230008703824,4.0238729799428494
2175300,1461300.3866075287,42141089.665967047,-13309.699270638383,-3072.6790472842677,106.79183691690645,4.0999793611486082
2176200,-1305270.3757032624,42146426.742375694,-9592.1421671695916,-3073.0495468333916,-94.935441376658758,4.1582642139605968
2177100,-4066219.6048888434,41970329.350928053,-5830.2493080325867,-3060.1913022656777,-296.25118264562707,4.1984663021199395
2178000,-6809662.2531271111,41613558.086363204,-2040.383042722694,-3034.1600591150286,-496.2888667882321,4.220403659644874
2178900,-9523788.976920804,41077651.189067326,1760.9664593313773,-2995.0682419085911,-694.18753186796516,4.223974296097543
2179800,-12196916.945021747,40364917.874845468,5557.2533708048604,-2943.08446232699,-889.09547498769064,4.2091565465301342
2180700,-14817540.095140342,39478428.351177707,9331.948524463498,-2878.4327865893783,-1080.1739121743753,4.1760090686088018
2181600,-17374378.624151994,38422000.563862033,13068.611571121457,-2801.3917653598191,-1266.6005817312218,4.1246704905707503
2182500,-19856427.49992153,37200183.731822148,16750.962665367202,-2712.2932304523697,-1447.5732757740448,4.0553587147342149
2183400,-22253003.787150756,35818238.741475031,20362.953371555664,-2611.5208635741478,-1622.3132849863894,3.9683698822810172
2184300,-24553792.584794492,34282115.485357486,23888.83648814687,-2499.5085432858946,-1790.0687420022859,3.86407700599149
2185200,-26748891.378566023,32598427.242653638,27313.234494906919,-2376.7384772753903,-1950.1178492556146,3.742928278551509
2186100,-28828852.618840739,30774422.211795937,30621.206334765309,-2243.7391279275262,-2101.7719776198778,3.6054450649851262
2187000,-30784724.341840629,28817952.317382935,33798.31225024155,-2101.0829400329767,-2244.3786227005344,3.4522195887026697
2187900,-32608088.66031386,26737439.425218839,36830.676403318968,-1949.3838803020556,-2377.3242062327395,3.2839123215976338
2188800,-34291097.958980992,24541839.110287488,39705.047017460762,-1789.2947991383292,-2500.0367106787862,3.1012490895760418
2189700,-35826508.639768288,22240602.132881522,42408.853791138208,-1621.5046258746906,-2611.9881358100911,2.9050179058564569
2190600,-37207712.272251666,19843633.787872549,44930.262343774048,-1446.7354093795593,-2712.6967667961317,2.6960655453315834
2191500,-38428764.015751526,17361251.301189195,47258.225467392251,-1265.7392165995307,-2801.7292441051391,2.4752938742266228
2192400,-39484408.19110664,14804139.455927614,49382.530970495274,-1079.2949022140212,-2878.7024263458356,2.2436559502160205
2193300,-40370100.89226763,12183304.638116844,51293.845914742975,-888.20476313417021,-2943.2850380433815,2.0021519090607627
2194200,-41082029.540439561,9510027.4989650063,52983.757059855496,-693.2910920797342,-2995.1990952426245,1.7518246546931702
2195100,-41617129.296517558,6795814.436391348,54444.80734776958,-495.39264491121082,-3034.2211027644112,1.4937553704967281
2196000,-41973096.26094602,4052348.1037751567,55670.528273400261,-295.36103677760281,-3060.1830179023577,1.2290588702958385
2196900,-42148397.403835192,1291437.1581015564,56655.468006345909,-94.057082460899807,-3072.9729763342284,0.95887880827708438
2197800,-42142277.182132266,-1475034.5369644561,57395.215145466966,107.6529034453087,-3072.5357770298133,0.68438276770219653
2198700,-41954760.814808518,-4235159.0351081714,57886.418006402389,308.90083069528555,-3058.8731239616591,0.40675724883690551
2199600,-41586654.201329388,-6977055.5390233295,58126.799360693723,508.8205659376012,-3032.0436234618137,0.12720257700417387
2200500,-41039540.483060554,-9688921.5196507201,58115.166564190498,706.55165764236745,-2992.1625371124119,-0.1530722479306022
2201400,-40315773.26166746,-12359083.50332015,57851.417031734178,901.24303741654739,-2939.4012911058417,-0.43285473902406657
2202300,-39418466.502927631,-14976047.308432108,57336.539034679401,1092.0566817970985,-2873.986744056871,-0.71093412483224183
2203200,-38351481.16863092,-17528547.515568554,56572.607817527991,1278.1712187630794,-2796.2002162897656,-0.98610654513981633
2204100,-37119408.63333232,-20005595.958107542,55562.777049735087,1458.7854634277423,-2706.3762846535897,-1.2571802178526723
2205000,-35727550.956582509,-22396529.024522189,54311.265648513327,1633.1218676593719,-2604.9013479338714,-1.5229805551344942
2205900,-34181898.094832852,-24691053.568555597,52823.340028119339,1800.4298687342118,-2492.2119689241904,-1.7823552070364297
2206800,-32489102.150434233,-26879291.229359407,51105.291850571164,1959.9891225449976,-2368.793000192476,-2.0341790111343867
2207700,-30656448.767965045,-28951820.970441639,49164.411371925111,2111.1126073727196,-2235.1755015196022,-2.2773588270523097
2208600,-28691825.800475255,-30899719.653861377,47008.956497050545,2253.1495847755095,-2091.9344578978239,-2.51083823521012
2209500,-26603689.380066957,-32714600.474502403,44648.117674193258,2385.4884047547357,-1939.6863078496935,-2.7336020796903329
2210400,-24401027.538492884,-34388649.088420182,42091.978778428325,2507.559143022128,-1779.0862926601819,-2.9446808357663423
2211300,-22093321.53409392,-35914657.279147774,39351.474150288683,2618.8360589102954,-1610.8256379019597,-3.1431547833749165
2212200,-19690505.051365372,-37286054.01642444,36438.341972335213,2718.8398632394055,-1435.6285793724292,-3.3281579686433531
2213100,-17202921.44869535,-38496933.773030296,33365.074182130433,2807.1397862717654,-1254.249246247585,-3.498881936494036
2214000,-14641279.238314474,-39542081.977223255,30144.863134916115,2883.3554367501442,-1067.4684148887334,-3.6545792183430055
2214900,-12016605.990195302,-40416997.490628898,26791.545243204393,2947.1584439210533,-876.09014731045374,-3.7945665599790828
2215800,-9340200.8585072346,-41117912.014276139,23319.541833404797,2998.273875386928,-680.93832882895185,-3.9182278758527946
2216700,-6623585.9352364214,-41641806.338744588,19743.797471464495,3036.4814246069041,-482.85311985662827,-4.0250169172131844
2217600,-3878456.6406922955,-41986423.368034825,16079.716020236936,3061.6163628702434,-282.6873371888222,-4.1144596428013642
2218500,-1116631.3648197986,-42150277.860729977,12343.094700864147,3073.5702515947155,-81.302780440426375,-4.1861562821344309
2219400,1649999.4235009118,-42132662.846222371,8550.0564388124731,3072.2914118495642,120.43348046838511,-4.2397830827871923
2220300,4409524.3796717841,-41933652.688170977,4716.9807823016836,3057.785149064051,321.65284070786379,-4.2750937344929545
2221200,7150062.5782619072,-41554102.781866722,860.43368667898721,3030.113731952878,521.48890264848865,-4.2919204643320823
2222100,9859814.6783222016,-40995645.88675075,-3002.9035372131466,2989.3961257638243,719.08120849233433,-4.2901747987484233
2223000,12527113.738469614,-40260685.109887518,-6856.3058094607677,2935.8074810254593,913.57894728111251,-4.2698479896210824
2223900,15140475.462620933,-39352383.570676729,-10683.076099255984,2869.5783800386139,1104.1446202559507,-4.2310111031121354
2224800,17688647.65975108,-38274650.791429587,-14466.617171309712,2790.9938444091867,1289.9576487355412,-4.1738147714999467
2225700,20160658.704486538,-37032125.872572176,-18190.50295783468,2700.3921079568231,1470.2179089410643,-4.0984886096822546
2226600,22545864.789704401,-35630157.52510988,-21838.549255603899,2598.1631603490482,1644.1491785267126,-4.0053402994817953
2227500,24833995.767569017,-34074781.046529815,-25394.883451047721,2484.7470677989795,1811.0024799715027,-3.8947543462991012
2228400,27015199.381575935,-32372692.339475524,-28844.012981060125,2360.6320781221934,1970.0593064490074,-3.7671905140198199
2229300,29080083.699156638,-30531219.085242856,-32170.89224309273,2226.3525183706097,2120.6347163138144,-3.6231819453867318
2230200,31019757.562194269,-28558289.196363892,-35360.987675163844,2082.486494144543,2262.080282923861,-3.4633329762775098
2231100,32825868.881373085,-26462396.684216786,-38400.340734530138,1929.6534005248061,2393.7868871530009,-3.2883166534774317
2232000,34490640.60959354,-24252565.088675275,-41275.62851288107,1768.5112553618849,2515.1873406347063,-3.0988719665919864
2232900,36006904.239687942,-21938308.627247747,-43974.22173593429,1599.753866405998,2625.7588285120551,-2.8958008056991744
2233800,37368130.682324052,-19529591.230911151,-46484.239906139468,1424.1078444578886,2725.0251612474435,-2.6799646571888118
2234700,38568458.391239747,-17036783.642881379,-48794.603358740918,1242.3294753635373,2812.5588258639882,-2.452281050973415
2235600,39602718.614761278,-14470618.764844824,-50895.082013605665,1055.201464264909,2887.9828278457635,-2.2137197728823499
2236500,40466457.664873362,-11842145.44267403,-52776.340617896378,863.52956605200404,2950.9723158121674,-1.9652988565724496
2237400,41155956.10787826,-9162680.8903357647,-54429.98028776735,668.13911643769666,3001.2559819993971,-1.7080803697151461
2238300,41668244.793853022,-6443761.9565472081,-55848.576170707085,469.8714784951901,3038.6172325258804,-1.4431660095672514
2239200,42001117.655636467,-3697095.4437233144,-57025.71106388107,269.58041985755449,3062.8951223853637,-1.1716925233226287
2240100,42153141.22189606,-934507.69286646135,-57956.004837804649,68.128436078910653,3073.9850510981855,-0.8948269689025663
2241000,42123660.802887455,1832106.3487386368,-58635.139528885033,-133.61696410331251,3071.8392159551013,-0.61376183210762125
2241900,41912803.321769521,4590834.357859795,-59059.87997883503,-334.78699568692673,3056.4668208060771,-0.32971001635917746
2242800,41521476.778721482,7329797.9431367312,-59228.089913732831,-534.51534046960546,3027.9340393759053,-0.043899721644388878
2243700,40951366.349568807,10037203.809389921,-59138.74337066993,-731.94188017139209,2986.3637331264395,0.2424307702196678
2244600,40204927.135103606,12701394.557910979,-58791.931395614505,-926.21640353783368,2931.9349247287323,0.52803838623621324
2245500,39285373.591725774,15310898.903654071,-58188.863952463769,-1116.5022714231145,2864.882029254165,0.81168061020477444
2246400,38196665.688371517,17854481.092616487,-57331.867000425889,-1301.9800239962319,2785.4938462382729,1.0921208684324675
2247300,36943491.848877512,20321189.306003064,-56224.374715019942,-1481.8509144253362,2694.1123168105546,1.3681339324161086
2248200,35531248.752887316,22700402.84200754,-54870.916847253364,-1655.3403536769922,2591.1310511137267,1.638511316414168
2249100,33966018.082080878,24981877.871203713,-53277.101236039322,-1821.7012514192725,2476.9936322519557,1.9020666464179603
2250000,32254540.31183254,27155791.567604758,-51449.59151070338,-1980.2172384407227,2352.1917040043127,2.1576409755997465
2250900,30404185.661315203,29212784.424401231,-49396.080043482652,-2130.2057564913121,2217.2628505113616,2.4041080199485148
2251800,28422922.327504218,31144000.571201276,-47125.256236138186,-2271.0210020157465,2072.7882770835495,2.6403792866021094
2252700,26319282.14043127,32941125.91823978,-44646.770249988032,-2402.0567108824362,1919.3903021835658,2.8654090664486951
2253600,24102323.788336039,34596423.96246101,-41971.192314540822,-2522.7487719105238,1757.7296714949614,3.0781992619997069
2254500,21781593.772002682,36102769.100568682,-39109.967776099089,-2632.5776577594338,1588.5027057997675,3.2778040214129183
2255400,19367085.257495284,37453677.305032231,-36075.368073777885,-2731.0706625661087,1412.4382951428524,3.4633341499284094
2256300,16869195.005669914,38643334.030584931,-32880.43785587306,-2817.8039365895384,1230.2947524548367,3.6339612709031908
2257200,14298678.565195743,39666619.230892174,-29538.938473929018,-2892.4043090445534,1042.8565404337987,3.7889217100898787
2258100,11666603.923322832,40519129.37774507,-26065.288114727537,-2954.5508912709806,850.93088604474201,3.927520078766682
2259000,8984303.8152554333,41197196.388281994,-22474.498851323166,-3003.9764533834405,655.34429748173216,4.0491325337251274
2259900,6263326.8986985087,41697903.379291572,-18782.110912830147,-3040.4685685745762,456.93899884852522,4.1532096948704549
2260800,3515388.0049188756,42019097.181537233,-15004.124488653859,-3063.8705202934811,256.56929814806472,4.2392792041832656
2261700,752317.68148493441,42159397.561196491,-11156.929396083749,-3074.0819685849547,55.097904429059724,4.3069479129199992
2262600,-2013988.7552902387,42118203.109858982,-7257.2329505529551,-3071.059372947585,-146.60778988073471,4.3559036870863865
2263500,-4771622.4382836241,41895693.7790071,-3321.9863854410651,-3054.8161701436848,-347.67944531889196,4.3859168243054185
2264400,-7508712.2170286831,41492830.049445227,631.68982684861476,-3025.4227064662773,-547.25151424245439,4.3968410781394676
2265300,-10213475.753901703,40911348.74068214,4586.5813985051191,-2983.005925032764,-744.46496606352423,4.3886142886548338
2266200,-12874270.229203528,40153755.479742594,8525.4560406320925,-2927.7488097271316,-938.47098284714423,4.3612586204976216
2267100,-15479642.437239435,39223313.863227002,12431.139316448302,-2859.8895884485964,-1128.4346094285547,4.3148804119650279
2268000,-18018378.05835095,38124031.360593207,16286.590185570927,-2779.7206993408799,-1313.5383424478289,4.2496696405059646
2268900,-20479549.895608902,36860642.020544156,20074.975897259552,-2687.5875246696528,-1492.9856430029713,4.165899011784707
2269800,-22852564.869515404,35438586.056015439,23779.745897598565,-2583.8868979831,-1666.0043579853561,4.0639226809162343
2270700,-25127209.569558393,33863986.396514483,27384.704423933537,-2469.065391129338,-1831.8500355815963,3.9441746157639512
2271600,-27293694.167789668,32143622.309417497,30874.081469294957,-2343.6173886119655,-1989.8091209012232,3.8071666133137092
2272500,-29342694.506726306,30284900.204233013,34232.601809912441,-2208.0829576388683,-2139.2020182177966,3.6534859811362588
2273400,-31265392.18177478,28295821.745745383,37445.551800146255,-2063.0455230570587,-2279.3860068900299,3.4837928968539331
2274300,-33053512.44701308,26184949.41331251,40498.843651167481,-1909.1293571654608,-2409.7579986570772,3.2988174593630597
2275200,-34699359.782503292,23961369.654367801,43379.076922452157,-1746.9968951557228,-2529.7571246761195,3.0993564463518335
2276100,-36195850.971307106,21634653.790324796,46073.596968582737,-1577.3458876460095,-2638.8671413885327,2.8862697934100341
2277000,-37536545.544999957,19214816.842566531,48570.550097949003,-1400.9064024419204,-2736.6186450609057,2.6604768107612804
2277900,-38715673.467683323,16712274.454983016,50858.935214692508,-1218.4376882799029,-2822.5910856465275,2.4229521543668153
2278800,-39728159.940235399,14137798.097565735,52928.651730629979,-1030.7249138795219,-2896.4145714490928,2.1747215688523864
2279700,-40569647.218771517,11502468.742845207,54770.543549907314,-838.57579614949714,-2957.771456940502,1.9168574203950508
2280600,-41236513.353959009,8817629.2134377882,56376.43894575967,-642.81713185648891,-3006.3977069858802,1.6504740383703658
2281500,-41725887.770896889,6094835.404623745,57739.186165961582,-444.29124747320566,-3042.0840316581462,1.376722885195806
2282400,-42035663.622677714,3345806.5906871194,58852.68462131641,-243.85238227173718,-3064.6767867784956,1.0967875744066047
2283300,-42164506.864442542,582375.02768762968,59711.911529821598,-42.363020017430898,-3074.0786362945032,0.81187875755759631
2284200,-42111862.00866732,-2183564.9316113964,60312.943907912042,159.30981515331851,-3070.2489736007687,0.523228901051216
2285100,-41877954.536523156,-4940107.9927818775,60652.975819380998,360.29828292259225,-3053.2040999143965,0.23208697444030374
2286000,-41463789.954377428,-7675389.1256178357,60730.330812148641,559.73745519724014,-3023.0171588353692,-0.060286927862975015
2286900,-40871149.498789646,-10377634.601429246,60544.469492932563,756.76903284417858,-2979.8178272461973,-0.3526270092294661
2287800,-40102582.507647686,-13035212.642902631,60095.992210003809,950.54503489477611,-2923.7917637321057,-0.64366721533052196
2288700,-39161395.489326373,-15636683.469213322,59386.636834514749,1140.2314444517378,-2855.1798167284819,-0.93214667790383965
2289600,-38051637.935874261,-18170848.521519583,58419.271651284937,1325.01179569082,-2774.2769956222833,-1.2168151350763543
2290500,-36778084.940184832,-20626798.657328628,57197.883390348274,1504.0906865741399,-2681.4312090444437,-1.4964383055790011
2291400,-35346216.690827981,-22993961.106487375,55727.560450917204,1676.6972021814204,-2577.0417755869403,-1.7698031943067312
2292300,-33762194.931647532,-25262144.986703087,54014.471389622435,1842.0882339195798,-2461.5577131568543,-2.03572330689141
2293200,-32032836.486312561,-27421585.182522409,52065.83876485427,1999.5516802889401,-2335.4758141364114,-2.2930437512635637
2294100,-30165583.960688792,-29462984.39857018,49889.908448676993,2148.4095153646836,-2199.33851444831,-2.5406462045864662
2295000,-28168473.748113867,-31377553.205546189,47495.914537024051,2288.0207116937836,-2053.7315655256457,-2.777453724448534
2295900,-26050101.474364359,-33157047.90596965,44894.040007621436,2417.7840049087954,-1899.2815190511374,-3.0024353837994369
2296800,-23819585.03023874,-34793806.055914447,42095.373293244847,2537.1404880186351,-1736.6530351571741,-3.2146107098096852
2297700,-21486525.350199282,-36280779.488956854,39111.860955406541,2645.5760240506033,-1566.54602556235,-3.4130539076212671
2298600,-19060965.105367497,-37611564.699221037,35956.256660308238,2742.6234664848753,-1389.692643857695,-3.5968978508357949
2299500,-16553345.488306969,-38780430.451712601,32642.066674805985,2827.8646777396116,-1206.8541358429418,-3.7653378215540481
2300400,-13974461.27540949,-39782342.500029944,29183.492115132867,2900.9323368285723,-1018.817563446125,-3.9176349838331568
2301300,-11335414.360285861,-40612985.303986289,25595.368195141735,2961.5115282201909,-826.39241633512142,-4.053119575561162
2302200,-8647565.9583134372,-41268780.652609333,21893.100733791453,3009.3411048735607,-630.4071258440315,-4.1711938049589277
2303100,-5922487.6883752365,-41746903.111353315,18092.600193439372,3044.2148194087072,-431.70549628748495,-4.2713344392010795
2304000,-3171911.7428102195,-42045292.226102039,14210.213531158568,3065.9822183813012,-231.14306911924183,-4.3530950739955436
2304900,-407680.360655386,-42162661.430598259,10262.654154713604,3074.5492956709486,-29.583435705313775,-4.4161080743687178
2305800,2358305.1776234987,-42098503.618242756,6266.9302829525832,3069.8789020523627,172.10548527584524,-4.46008617836398
2306700,5114135.8135614507,-41853093.353699289,2240.2720171617125,3051.9909090948513,373.05518962448343,-4.4848237568677281
2307600,7847946.0107521927,-41427485.714353219,-1799.9425646566594,3020.9621266221857,572.40033232600695,-4.4901977243212068
2308500,10547964.869802546,-40823511.766334094,-5836.2619746103119,2976.925974056518,769.28245887768662,-4.4761680966504951
2309400,13202566.83723384,-40043770.694458447,-9851.2362242909658,2920.0719070608475,962.85370699733357,-4.442778194341372
2310300,15800321.78914253,-39091618.620009266,-13827.491756995203,2850.6446019788928,1152.2804626080397,-4.3901544901920024
2311200,18330044.273164839,-37971154.154676564,-17747.806083395313,2768.942901643366,1336.7469542004178,-4.3185061028839318
2312100,20780841.695980083,-36687200.753170855,-21595.181803010204,2675.3185271779003,1515.4587699548365,-4.2281239391113763
2313000,23142161.248215921,-35245285.940923631,-25352.9196970054,2570.1745614487527,1687.6462823592567,-4.119379488589237
2313900,25403835.364162534,-33651617.506841913,-29004.690582440217,2453.9637108245174,1852.5679654811511,-3.9927232778113311
2314800,27556125.520133719,-31913056.76422533,-32534.605624047676,2327.1863528704389,2009.5135905420138,-3.8486829899407717
2315700,29589764.182598196,-30037088.99562645,-35927.284806937249,2190.388378533672,2157.8072859969229,-3.6878612596732672
2316600,31495994.725307561,-28031791.209580131,-39167.923282200412,2044.1588382626876,2296.8104489360749,-3.5109331533100447
2317500,33266609.143528,-25905797.3486952,-42242.355307213133,1889.1274023439403,2425.9244952962217,-3.3186433455990811
2318400,34893983.403096542,-23668261.09954033,-45137.115513395256,1725.9616465283968,2544.5934370934092,-3.111803006140049
2319300,36371110.272323631,-21328816.465022277,-47839.497246223866,1555.3641747564898,2652.3062756600043,-2.891286409289533
2320200,37691629.495701462,-18897536.269506112,-50337.607735314836,1378.0695914699766,2748.5992006841543,-2.6580272825385562
2321100,38849855.17990154,-16384888.775727019,-52620.419866284727,1194.8413366209006,2833.0575857040462,-2.4130149092548892
2322000,39840800.274601407,-13801692.600558853,-54677.82034077702,1006.468397049822,2905.3177715980196,-2.1572900024809711
2322900,40660198.043215565,-11159070.123906113,-56500.654026369739,813.76190840649758,2965.0686305302347,-1.891940367147982
2323800,41304520.431563847,-8468399.5913492832,-58080.76431395804,617.55166222549212,3012.0529037558745,-1.6180963686050662
2324700,41770993.255835935,-5741266.1166767338,-59411.029316507367,418.68253314643505,3046.0683076555115,-1.3369262257691021
2325600,42057608.144848213,-2989411.7950625136,-60485.393759681981,218.01084158366277,3066.9684033513922,-1.0496311474789581
2326500,42163131.18548163,-224685.14138416434,-61298.896431659581,16.400667402974989,3074.6632262552325,-0.75744033079669082
2327400,42087108.234282017,2541009.9289924419,-61847.693076341318,-185.27986964550399,3069.1196729041903,-0.46160584005038424
2328300,41829866.872441351,5295765.3577112611,-62129.074631072021,-386.1623468594953,3050.3616434559003,-0.16339738537828463
2329200,41392514.99570512,8027720.218949046,-62141.48072682866,-585.38177693392834,3018.4699392317134,0.13590298056356739
2330100,40776936.0451122,10725111.792613994,-61884.508385574118,-782.08033177135053,2973.5819157169813,0.43500622919729015
2331000,39985780.898815297,13376326.215697447,-61358.915866094612,-975.41103584926464,2915.8908924456409,0.73262176751590025
2331900,39022456.459497757,15969948.493997421,-60566.621626162334,-1164.5414133526463,2845.6453222110499,1.027462876150719
2332800,37891110.986041777,18494811.659084998,-59510.698385345706,-1348.6570734526836,2763.1477230533874,1.3182521556955997
2333700,36596616.23205974,20940044.858940266,-58195.362289316319,-1526.9652183463024,2668.7533774734266,1.6037269628568569
2334600,35144546.467619091,23295120.175134882,-56625.957193195252,-1698.6980589657369,2562.8688043102211,1.8826448177363482
2335500,33541154.473917354,25549897.964771174,-54808.934098485923,-1863.1161236238534,2445.9500096931915,2.1537887631238144
2336400,31793344.613740727,27694670.53158826,-52751.825795612189,-2019.5114452796952,2318.5005244338454,2.415972656066288
2337300,29908643.093211953,29720203.937695876,-50463.216782177013,-2167.2106135902904,2181.0692361550155,2.6680463712069877
2338200,27895165.542543069,31617777.775274705,-47952.708545915979,-2305.5776784594195,2034.2480253618917,2.9089008944729433
2339100,25761582.055200592,33379222.726262335,-45230.880321044286,-2434.0168924017166,1878.6692155345181,3.1374732846905435
2340000,23517079.836006969,34996955.747496195,-42309.245447334353,-2551.9752797105671,1715.0028481607553,3.3527514796908306
2340900,21171323.619188219,36464012.728974395,-39200.203482791025,-2658.9450211495846,1543.9537944266383,3.553778922517719
2341800,18734414.027178176,37774078.483782157,-35916.988243108011,-2754.4656436780319,1366.2587160319042,3.7396589825691997
2342700,16216844.050053656,38921513.939770959,-32473.611963998876,-2838.1260055675771,1182.6828882966872,3.9095591459836454
2343600,13629453.833751909,39901380.41521953,-28884.805805716707,-2909.566068167625,994.01689936532921,4.0627149494241142
2344500,10983383.972666971,40709460.873395197,-25165.956942248406,-2968.4784465245593,801.07323988974383,4.1984336316937041
2345400,8290027.5087939519,41342278.064112797,-21333.042500369513,-3014.6097320512195,604.68279808291777,4.3160974783903434
2346300,5560980.8452534061,41797109.473991066,-17402.560635512527,-3047.7615814707888,405.69127546881623,4.415166836109587
2347200,2807993.7867521839,42071999.021067902,-13391.459051762882,-3067.7915673172752,204.95553901467906,4.4951827745244275
2348100,42918.92329810001,42165765.443685859,-9317.0612917975268,-3074.6137863559306,3.3399256129346213,4.5557693769764898
2349000,-2722339.4237340097,42078007.348026186,-5196.9911388123837,-3068.1992233839792,-198.28748491894726,4.5966356429375681
2349900,-5475876.4722986966,41809104.893281415,-1049.0954861081545,-3048.5758689776139,-399.05861203208843,4.6175769887557028
2350800,-8205838.245460391,41360218.108140118,3108.6339592325908,-3015.8285908582502,-598.10911550510423,4.6184763363812049
2351700,-10900472.610781565,40733281.846940771,7258.1397643939217,-2970.0987596526256,-794.58211907998498,4.5993047831641469
2352600,-13548179.873030877,39930997.408463851,11381.378271733836,-2911.5836309111342,-987.6319005043224,4.5601218492166185
2353500,-16137562.702085532,38956820.854803674,15460.399132027243,-2840.5354863208868,-1176.4275320022007,4.5010753021417571
2354400,-18657475.181018893,37814948.082027338,19477.424490768117,-2757.2605380990613,-1360.1564554613703,4.4224005620634896
2355300,-21097070.763413254,36510296.708323747,23414.927452216838,-2662.1176015735127,-1538.0279769586664,4.3244196927837368
2356200,-23445848.933891874,35048484.859010831,27255.709452319847,-2555.5165419470936,-1709.2766656454628,4.2075399875052195
2357100,-25693700.37169303,33435806.941046294,30982.976180285361,-2437.916502196209,-1873.1656424765883,4.0722521598675376
2358000,-27830950.423779689,31679206.512522448,34580.411699196869,-2309.823919969615,-2028.9897447858571,3.9191281530497015
2358900,-29848400.70145392,29786246.36496827,38032.250428316489,-2171.7903422276881,-2176.0785532854829,3.7488185814071815
2359800,-31737368.622688919,27765075.948085118,41323.346663422337,-2024.4100471930069,-2313.7992686915445,3.5620498205597788
2360700,-33489724.731361732,25624396.27776115,44439.241326411226,-1868.3174839680867,-2441.5594258498154,3.3596207630605206
2361600,-35097927.634225674,23373422.478803791,47366.225651284883,-1704.1845409136185,-2558.8094339523141,3.1423992577897968
2362500,-36555056.406758927,21021844.12376067,50091.401530361538,-1532.7176545690036,-2665.0449321915162,2.9113182520685794
2363400,-37854840.329920366,18579783.538432565,52602.738261980448,-1354.6547715348836,-2759.8089509931638,2.6673716562022487
2364300,-38991685.831288964,16057752.253184833,54889.12545899117,-1170.7621763233019,-2842.6938697968985,2.4116099507816608
2365200,-39960700.516011879,13466605.786906883,56940.421895859283,-981.83119871390386,-2913.3431632134225,2.1451355576038686
2366100,-40757714.185390651,10817496.957426023,58747.500091214657,-788.67481463297213,-2971.4529282746789,1.8690979955499132
2367000,-41379296.753744125,8121827.9183279974,60302.28644206719,-592.12415499498979,-3016.7731864064922,1.5846888431847734
2367900,-41822772.98735176,5391201.1274508638,61597.796745681146,-393.02493731279026,-3049.108954688365,1.2931365302324926
2368800,-42086234.002749853,2637369.4567823084,62628.166965198303,-192.23383519127307,-3068.3210819196156,0.99570098043250921
2369700,-42168545.475373879,-127814.34291237453,63388.679115501298,9.3851989297941998,-3074.3268459817432,0.69366812860128058
2370600,-42069352.523459435,-2892448.6066872361,63875.782166479832,210.96464222693109,-3067.1003099707859,0.38834433500499466
2371500,-41789081.24617961,-5644633.9313661763,64087.107881769356,411.63712544950306,-3046.6724355673382,0.081050720390084929
2372400,-41328936.909152709,-8372524.3440464353,64021.48153213528,610.53915662193776,-3013.1309531127081,-0.22688255478656394
2373300,-40690898.784647234,-11064378.244328052,63678.927443932269,806.81482872156687,-2966.6199888641518,-0.53412204324221624
2374200,-39877711.667985827,-13708608.902320161,63060.669364428111,999.61949561305346,-2907.3394509070135,-0.83933677209680768
2375100,-38892874.105750866,-16293834.296256306,62169.125647190063,1188.1234006328859,-2835.5441762035357,-1.1412039886529539
2376000,-37740623.385366581,-18808926.076231282,61007.899282128616,1371.5152423916045,-2751.5428422536988,-1.4384148669835539
2376900,-36425917.349420279,-21243057.44414445,59581.762816112976,1549.0056625972672,-2655.6966478292634,-1.7296801517070244
2377800,-34954413.111632563,-23585749.744388115,57896.638231245124,1719.8306410009729,-2548.4177682146146,-2.0137357155339011
2378700,-33332442.764639385,-25826917.565141283,55959.571868830695,1883.2547829237751,-2430.1675913434842,-2.2893480074567654
2379600,-31566986.182650946,-27956912.156301536,53778.704507737872,2038.5744852434614,-2301.4547421554289,-2.5553193688307814
2380500,-29665641.034550782,-29966562.977091014,51363.23672611035,2185.1209671988199,-2162.8329034062822,-2.810493195057798
2381400,-27636590.135038853,-31847217.194182333,48723.389695214646,2322.2631529071682,-2014.8984420489162,-3.0537589211444911
2382300,-25488566.272952124,-33590776.959780127,45870.361573473012,2449.4103930869842,-1858.2878511505171,-3.2840568100556107
2383200,-23230814.666864119,-35189734.308432505,42816.279687376271,2566.0150141299878,-1693.6750181263958,-3.5003825235275423
2384100,-20873053.208420817,-36637203.52139999,39574.148703902421,2671.574683374276,-1521.7683308440314,-3.7017914558448086
2385000,-18425430.663565625,-37926950.818139717,36157.795016203119,2765.6345801900566,-1343.3076338806604,-3.8874028120115511
2385900,-15898483.010794818,-39053421.245828032,32581.807580578916,2847.789363299863,-1159.061047899289,-4.0564034127699236
2386800,-13303088.103822669,-40011762.649800397,28861.475458065412,2917.684925613034,-969.8216657376297,-4.2080512100253209
2387700,-10650418.853480563,-40797846.620285206,25012.72232821834,2975.0199287567343,-776.40413937831829,-4.3416784974306974
2388600,-7951895.1302888794,-41408286.32379552,21052.038255840856,3019.5471104293342,-579.64117248318655,-4.4566948021559041
2389500,-5219134.5948884133,-41840451.140965521,16996.409003371955,3051.0743586827266,-380.37993362584126,-4.5525894452172428
2390400,-2463902.6683682576,-42092478.046417482,12863.243192382502,3069.4655482539297,-179.47840574211637,-4.6289337591631359
2391300,301938.14154818142,-42163279.680360392,8670.2976270457602,3074.641135108448,22.198312365899483,-4.6853829533966307
2392200,3066479.3395215725,-42052549.075988993,4435.601100506221,3066.5785064234633,223.78173639218693,-4.7216776189587719
2393100,5817817.7458738033,-41760761.021306083,177.37701171510753,3045.3120843226388,424.40374250503385,-4.7376448661908013
2394000,8544106.7821513899,-41289170.048665024,-4086.0348745086249,3010.9331827706751,623.20031259618861,-4.7331990903292258
2394900,11233607.51696619,-40639805.060053095,-8336.2571877311202,2963.5896181388744,819.31526243846486,-4.7083423617586124
2395800,13874739.251061447,-39815460.610841647,-12554.953893823573,2903.4850750569162,1011.9039364497196,-4.6631644393423564
2396700,16456129.422499962,-38819684.889344223,-16723.90907924973,2830.8782302646973,1200.1368528996227,-4.5978424069626262
2397600,18966662.615803942,-37656764.443979502,-20825.105239312226,2746.0816382652547,1383.2032836117828,-4.5126399351175523
2398500,21395528.462779835,-36331705.724062689,-24840.800734383149,2649.4603836493766,1560.3147525067288,-4.40790617113558
2399400,23732268.227617715,-34850213.514177755,-28753.606082113667,2541.4305060083648,1730.7084376993023,-4.2840742632643636
2400300,25966819.874639299,-33218666.355647836,-32546.558759103697,2422.4572043677131,1893.6504623051062,-4.1416595255632256
2401200,28089561.423752487,-31444089.061756741,-36203.196192487783,2293.052829055553,2048.4390596219855,-3.981257252163898
2402100,30091352.40621933,-29534122.446020007,-39707.62663032092,2153.7746698601595,2194.4075989309017,-3.8035401910535351
2403000,31963573.241719365,-27496990.394899644,-43044.59758948029,2005.2225502257706,2330.9274588021553,-3.6092556890658054
2403900,33698162.366848812,-25341464.427848548,-46199.561590980855,1848.0362380807899,2457.4107354935809,-3.3992225212304503
2404800,35287650.955090702,-23076825.898406453,-49158.738905068414,1682.8926846831857,2573.3127747825115,-3.1743274190184865
2405700,36725195.078871772,-20712826.000203297,-51909.177042128365,1510.5031036009771,2678.1345163780397,-2.9355213133191875
2406600,38004605.175535209,-18259643.751114734,-54438.806740249805,1331.6099026182233,2771.4246409094044,-2.6838153091870094
2407500,39120372.690848947,-15727842.137421424,-56736.494216119885,1146.9834819664795,2852.7815103748558,-2.4202764104916419
2408400,40067693.785979182,-13128322.607614895,-58792.089462693199,957.41891282649203,2921.854893857836,-2.1460230135844571
2409300,40842490.006629415,-10472278.112440458,-60596.470394678065,763.73251052370688,2978.3474712684924,-1.8622201899511432
2410200,41441425.826217256,-7771144.8938487563,-62141.582661190499,566.7583172533233,3022.0161088431619,-1.570074778545598
2411100,41861922.988473557,-5036553.2307220744,-63420.474963828092,367.34450951585018,3052.6729011275415,-1.2708303090891362
2412000,42102171.588641763,-2280277.3535364592,-64427.329737783126,166.34974572280115,3070.1859751760462,-0.96576177806515173
2412900,42161137.846469618,485815.25649523572,-65157.489073317818,-35.360530355184721,3074.4800537157448,-0.6561702994409232
2413800,42038568.538361751,3249814.9657871178,-65607.475774834151,-236.91781447782776,3065.5367750441956,-0.34337765230339906
2414700,41734992.070342086,5999821.2646907726,-65775.009474754392,-437.4542792584557,3043.3947684525979,-0.028720747607327235
2415600,41251716.187802814,8723994.0015641097,-65659.01773936025,-636.10650799575728,3008.1494849854976,0.28645396389327388
2416500,40590822.332335949,11410604.354697151,-65259.642123495716,-832.01920912834339,2959.9527843627498,0.60079612071494359
2417400,39755156.670200557,14048085.323390124,-64578.239150514906,-1024.3488955255752,2899.0122798957786,0.91295709527111346
2418300,38748317.8311202,16625081.521577004,-63617.376212952266,-1212.2675129854961,2825.5904442259357,1.2215956330751232
2419200,37574641.410078898,19130498.060376,-62380.822408038701,-1394.9660025250885,2740.0034796957075,1.5253834660751995
2420100,36239181.298539899,21553548.309815101,-60873.534340329847,-1571.6577813185199,2642.6199581315859,1.8230108802515832
2421000,34747687.924999014,23883800.334710933,-59101.636941334014,-1741.5821274646917,2533.8592357686421,2.1131922181859086
2421900,33106583.497953799,26111221.805257443,-57072.399373137552,-1904.0074541458264,2414.189649979191,2.3946712978606417
2422800,31322934.357172988,28226223.189288728,-54794.206099672483,-2058.2344591736783,2284.1265053793149,2.6662267294225188
2423700,29404420.551537327,30219699.040398292,-52276.523225535784,-2203.599136409176,2144.2298577751403,2.9266771120115767
2424600,27359302.773645319,32083067.204102695,-49529.860218264657,-2339.4756360849806,1995.1021052729693,3.1748860929841141
2425500,25196386.792785704,33808305.773006588,-46565.727145835452,-2465.2789616586351,1837.3853967107343,3.4097672719203063
2426400,22924985.538723953,35387987.631430916,-43396.58757704022,-2580.4674914768202,1671.7588683693584,3.6302889316939777
2427300,20554878.998983279,36815312.440175936,-40035.807308460382,-2684.5453142384895,1498.9357206876309,3.8354785785986119
2428200,18096272.101873264,38084135.922971085,-36497.599098146369,-2777.0643680059807,1319.6601474288891,4.024427273093103
2429100,15559750.766382394,39188996.327676907,-32796.963602939446,-2857.6263733275114,1134.7041304274621,4.196293732197276
2430000,12956236.30815791,40125137.947406389,-28949.626733703029,-2925.8845519003185,944.86411367252811,4.3503081839931079
2430900,10296938.398101863,40888531.599378094,-24971.973660567463,-2981.5451231186967,750.95757106155725,4.4857759541522721
2431800,7593306.7765733358,41475891.972448252,-20880.979718559363,-3024.3685718122138,553.81948266970733,4.6020807640052936
2432700,4856981.9317635931,41884691.767837994,-16694.13848252461,-3054.1706814824256,354.29873483023937,4.6986877194874461
2433600,2099744.9554680018,42113172.571513049,-12429.387298817215,-3070.8233283864811,153.25445969951201,4.7751459704342913
2434500,-666533.2068149827,42160352.410921991,-8105.0305794923897,-3074.2550328873908,-48.447669715956494,4.8310910202352435
2435400,-3429942.8917969754,42026029.963286422,-3739.661182323413,-3064.4512655868393,-249.93917286708012,4.866246666847128
2436300,-6178587.0189284934,41710785.397290803,647.91978357078369,-3041.4545068701009,-450.35250695639002,4.8804265576545349
2437200,-8900632.3334189225,41215977.844766989,5038.7843717924916,-3005.3640596162763,-648.82480780879132,4.8735353426428061
2438100,-11584360.369907524,40543739.513733961,9413.9600648176529,-2956.3356159528462,-844.50160993067334,4.8455694127928943
2439000,-14218217.916241422,39696966.468861632,13754.512514097738,-2894.5805800535413,-1036.5405294745117,4.7966172134563481
2439900,-16790866.759114679,38679306.120003656,18041.628368163612,-2820.3651500850847,-1224.1148940138562,4.7268591256392671
2440800,-19291232.496608041,37495141.473815158,22256.697797933128,-2734.0091634940609,-1406.4173033016559,4.6365669115143069
2441700,-21708552.206919555,36149572.217565812,26381.396326682287,-2635.8847108832779,-1582.6631055302016,4.5261027239795109
2442600,-24032420.767764211,34648392.718009129,30397.765573554861,-2526.4145247512183,-1752.0937740299651,4.3959176835809011
2443500,-26252835.627013616,32998067.031510644,34288.292524009317,-2406.0701503531814,-1913.9801698329679,4.2465500295094181
2444400,-28360239.83210605,31205701.034510102,38035.986948099264,-2275.3699068837136,-2067.6256760793567,4.0786228545842871
2445300,-30345563.133542802,29279011.795740906,41624.456597748976,-2134.8766480730528,-2212.3691908587043,3.8928414370744022
2446200,-32200260.986352857,27226294.323400788,45037.979826960356,-1985.195332132334,-2347.5879657450701,3.689990184839949
2447100,-33916351.282708071,25056385.831615657,48261.575293879949,-1826.9704117707247,-2472.7002780020343,3.4709292095712212
2448000,-35486448.658856072,22778627.681020226,51281.06842055812,-1660.8830557405633,-2587.167925195743,3.2365905508546136
2448900,-36903796.230156898,20402825.158056851,54083.154304743235,-1487.6482140425312,-2690.4985317556698,2.9879740714168577
2449800,-38162294.619210854,17939205.266634066,56655.456797882267,-1308.0115395410112,-2782.2476578597712,2.726143046210876
2450700,-39256528.15379627,15398372.714059049,58986.583484381503,-1122.7461792993386,-2862.0207018885417,2.4522194690419576
2451600,-40181788.123544544,12791264.280637329,61066.176318884289,-932.64944944541537,-2929.4745885872439,2.1673791012274357
2452500,-40934092.996912248,10129101.768996311,62884.957700646264,-738.53940781987535,-2984.3192359933055,1.8728462873746774
2453400,-41510205.513013966,7423343.7350175641,64434.771786867757,-541.25133904174709,-3026.3187951231312,1.5698885637872415
2454300,-41907646.576200806,4685636.2072399445,65708.620869941311,-341.63416695039172,-3055.2926573659352,1.2598110852997553
2455200,-42124705.894856453,1927762.6057088939,66700.696666883421,-140.54680964757861,-3071.1162254985329,0.94395089652724873
2456100,-42160449.319681108,-838406.92551407823,67406.406392657649,61.145507429907113,-3073.7214452114085,0.62367107361588559
2457000,-42014722.850692429,-3600966.5556111429,67822.393512594863,262.57496482858164,-3063.097095019888,0.30035476261758581
2457900,-41688153.296237603,-6348025.9559972882,67946.553092622169,462.87487311901896,-3039.2888334222089,-0.024600859408327569
2458800,-41182145.58143159,-9067761.4224200435,67778.041689477672,661.18339195860131,-3002.3990031560161,-0.34979067452920592
2459700,-40498876.717559263,-11748466.711862491,67317.281746476801,856.64722850175917,-2952.5861933936744,-0.67380773938095162
2460600,-39641286.45805297,-14378603.37714234,66565.960483664996,1048.4252995668362,-2890.0645617022019,-0.99524940014225871
2461500,-38613064.680629812,-16946850.384184428,65527.023294304156,1235.692342109978,-2815.1029185729435,-1.3127233814629684
2462400,-37418635.548992082,-19442152.799906049,64204.661682554521,1417.6424567551603,-2728.0235782966452,-1.624853824014177
2463300,-36063138.521109417,-21853769.342485126,62604.295799881649,1593.4925693855437,-2629.2009809186584,-1.9302872456267173
2464200,-34552406.284459896,-24171318.590468924,60732.551660092366,1762.4857961145476,-2519.0600909537179,-2.2276984013421566
2465100,-32892939.711658299,-26384823.652711116,58597.233134926937,1923.8946973252334,-2398.0745794672366,-2.5157960181219359
2466000,-31091879.942592192,-28484755.107481275,56207.288853748491,2077.024406893368,-2266.7647970372291,-2.7933283804507489
2466900,-29156977.711469717,-30462072.026253022,53572.774152009653,2221.215623192581,-2125.6955459946757,-3.0590887436350283
2467800,-27096560.049005851,-32308260.905622888,50704.808233772361,2355.8474490187441,-1975.4736611970161,-3.3119205522402577
2468700,-24919494.501287583,-34015372.339515485,47615.526733537525,2480.3400681643416,-1816.7454094160723,-3.5507224418359682
2469600,-22635151.017613288,-35576055.273263201,44318.029881931259,2594.1572470212582,-1650.19371821442,-3.7744530030269186
2470500,-20253361.669749804,-36983588.691277966,40826.326498316572,2696.8086502908354,-1476.5352459393787,-3.9821352876458258
2471400,-17784378.374544982,-38231910.600823529,37155.274051075721,2787.8519606318182,-1296.5173051775023,-4.1728610379672713
2472300,-15238828.800629348,-39315644.185809173,33320.515043058018,2866.8947928780021,-1110.9146526808713,-4.3457946208752753
2473200,-12627670.647993311,-40230121.016518906,29338.409995433671,2933.5963943059346,-920.5261593956667,-4.5001766500769573
2474100,-9962144.4964952618,-40971401.213716201,25225.967317856415,2987.6691233262441,-726.17137478951895,-4.6353272807003467
2475000,-7253725.4258022001,-41536290.478574686,21000.770366342062,3028.8796999071319,-528.68700018311233,-4.7506491619430493
2475900,-4514073.6148513705,-41922353.913326465,16680.902002541843,3057.0502220118292,-328.9232862397115,-4.8456300348466081
2476800,-1754984.1336169275,-42127926.571335889,12284.866979060502,3072.0589433395039,-127.74037015008656,-4.9198449637542003
2477700,1011663.8562600086,-42152120.689437553,7831.5124850734392,3073.840808696963,73.9954316336256,-4.9729581915616565
2478600,3773958.2725907341,-41994829.569761328,3339.9471946758981,3062.3877443917258,275.41535901632295,-5.0047246104871261
2479500,6520005.4342585215,-41656728.092839204,-1170.5408329036891,3037.7487021205798,475.6519559600365,-5.014990841755818
2480400,9237981.3112090304,-41139269.858480886,-5680.5670469213601,3000.0294559260306,673.84281389916521,-5.0036959193153372
2481300,11916182.480795339,-40444680.965649478,-10170.733734653655,2949.3921529003319,869.13429448584054,-4.9708715744552112
2482200,14543076.569572611,-39575950.457293659,-14621.713426928623,2886.0546194268809,1060.6852153407908,-4.9166421199921055
2483100,17107351.961746655,-38536817.470728017,-19014.332019335994,2810.2894258554297,1247.6704826248842,-4.8412239344900314
2484000,19597966.558582105,-37331755.148626871,-23329.651250040566,2722.4227136043451,1429.284654465863,-4.7449245488021923
2484900,22004195.377157338,-35965951.379937463,-27549.050177998542,2622.8327897634863,1604.745419573024,-4.6281413390370245
2485800,24315676.781897485,-34445286.453955539,-31654.305309882129,2511.9484953288124,1773.2969757484468,-4.4913598318553021
2486700,26522457.148299787,-32776307.724370968,-35627.669030137229,2390.2473542280559,1934.2132934549441,-4.3351516297858668
2487600,28615033.765158881,-30966201.393216286,-39451.945996307259,2258.2535112896871,2086.8012501256098,-4.1601719659946736
2488500,30584395.789367914,-29022761.537271932,-43110.567171016599,2116.5354682589586,2230.4036214944585,-3.9671568996436948
2489400,32422063.075975806,-26954356.511538178,-46587.661172776054,1965.7036278695787,2364.4019168884042,-3.7569201646228403
2490300,34120122.715576358,-24769892.875816535,-49868.122639993751,1806.4076568324499,2488.2190461434343,-3.5303496860189387
2491200,35671263.121243186,-22478777.00120033,-52937.677316186338,1639.3336793992883,2601.321806587438,-3.2884037801909454
2492100,37068805.518052086,-20090874.523305304,-55782.943579313098,1465.2013138948319,2703.2231793636333,-3.0321070557409979
2493000,38306732.699694373,-17616467.818332925,-58391.490154320949,1284.7605652833226,2793.4844252463577,-2.7625460339976255
2493900,39379714.928720824,-15066211.686511824,-60751.889765301683,1098.7885874401843,2871.7169710194339,-2.480864508851969
2494800,40283132.869506948,-12451087.435073309,-62853.768502030136,908.08632933620356,2937.5840784405041,-2.1882586669029287
2495700,41013097.456031181,-9782355.5596556254,-64687.85069497017,713.47507980756825,2990.8022887967436,-1.8859719898653742
2496600,41566466.609947391,-7071507.2288762219,-66245.999112997408,515.79292597990775,3031.1426370623485,-1.5752899620700684
2497500,41940858.738144487,-4330214.7817429081,-67521.250318978899,315.89114073783765,3058.4316306903511,-1.2575346066296795
2498400,42134662.952957928,-1570281.4515809794,-68507.845039851265,114.63051488369908,3072.5519891051617,-0.93405887445512614
2499300,42147045.972363427,1196409.4667741822,-69201.253429827833,-87.122350188961249,3073.4431410024868,-0.60624091077765485
2500200,41977955.671782851,3957945.7876343783,-69598.195127712432,-288.49877336881832,3061.1014776050006,-0.27547822415811618
2501100,41628121.273501627,6702437.7228823844,-69696.654031873142,-488.63173226336903,3035.5803610608318,0.056818216855423709
2502000,41099050.17407842,9418069.0678121932,-69495.887739098354,-686.6595932350574,2996.9898882034659,0.3892299342313964
2502900,40393021.424462199,12093148.064692559,-68996.431616186106,-881.72981715669903,2945.4964109123684,0.72033691305036396
2503800,39513075.891763471,14716157.725930329,-68200.097495569033,-1073.0026251504821,2881.3218153202829,1.0487235713941505
2504700,38463003.145701446,17275805.401178021,-67109.967008418927,-1259.6546087780907,2804.74256310295,1.3729847031477918
2505600,37247325.12661536,19761071.376080763,-65730.379590376222,-1440.8822694093139,2716.0884990575391,1.6917313698918612
2506500,35871276.66553621,22161256.294571914,-64066.915216189307,-1615.905471810717,2615.7414301252602,2.0035967187524109
2507400,34340782.94011654,24466027.201685429,-62126.371940012883,-1783.9707973626337,2504.1334819397589,2.3072417038828137
2508300,32662433.963164292,26665462.009733785,-59916.738337806564,-1944.3547827302255,2381.7452398843043,2.6013606901579802
2509200,30843456.213077415,28750092.19738102,-57447.160967115371,-2096.3670302811561,2249.1036825161309,2.8846869186435113
2510100,28891681.527584147,30710943.558596641,-54727.906977446488,-2239.3531770574909,2106.7799160640743,3.1559978144314909
2511000,26815513.393817615,32539574.826682188,-51770.322021454558,-2372.6977096718483,1955.3867195244698,3.4141201184779955
2511900,24623890.778849743,34228114.007492006,-48586.783633213541,-2495.826613107055,1795.5759106683886,3.6579348260982836
2512800,22326249.655336462,35769292.265593812,-45190.650255025015,-2608.2098420542075,1628.0355440288818,3.8863819157350954
2513700,19932482.386842545,37156475.217403665,-41596.206108563259,-2709.3636041258424,1453.4869526576401,4.0984648524752441
2514600,17452895.146678261,38383691.496250734,-37818.602119791714,-2798.8524450287227,1272.6816461237484,4.2932548515154245
2515500,14898163.552650215,39445658.465845101,-33873.793120138434,-2876.29112657421,1086.3980778698988,4.4698948873417512
2516400,12279286.707964797,40337804.970698357,-29778.471559042864,-2941.3462892428242,895.43829563997213,4.6276034347722241
2517300,9607539.8455833904,41056291.024640851,-25549.997975347105,-2993.7378919025546,700.62448924227579,4.7656779282154798
2518200,6894425.7795756254,41598024.351645336,-21206.328487258095,-3033.2404222063565,502.79545041059566,4.8834979255376041
2519100,4151625.3724118313,41960673.706655577,-16765.939572887972,-3059.6838721610634,302.8029599658671,4.9805279628365975
2520000,1390947.2316434127,42142678.917976126,-12247.750425782844,-3072.9544743648776,101.50811785991505,5.0563200862554165
2520900,-1375723.1469928257,42143257.606948324,-7671.0431824131083,-3072.9951954500216,-100.22236800550642,5.1105160467914867
2521800,-4136474.5703726369,41962408.555055156,-3055.381331287389,-3059.8059843365186,-301.51991805083156,5.1428491439675996
2522700,-6879421.4513465744,41600911.703197703,1579.4733739458206,-3033.4437739969239,-501.51782608382354,5.1531457043097104
2523600,-9592755.0026578978,41060324.782598585,6213.6451625276259,-2994.0222365438563,-699.35499677438827,5.141326180921407
2524500,-12264794.099742854,40342976.591540441,10827.2293088115,-2941.7112925752735,-894.17965915278114,5.107405861136658
2525400,-14884035.592088478,39451956.946864955,15400.377650488575,-2876.7363768388259,-1085.1530398262007,5.0514951703354871
2526300,-17439203.845183752,38391103.353763916,19913.38419456558,-2799.3774633982443,-1271.452979775177,4.9737995615614343
2527200,-19919299.298464552,37164984.451811746,24346.770434393547,-2709.9678545930892,-1452.2774788424824,4.8746189825954014
2528100,-22313645.829006072,35778880.309343114,28681.369994607536,-2608.8927391701045,-1626.8481523621231,4.7543469145950885
2529000,-24611936.716035243,34238759.652094975,32898.412216788223,-2496.5875260216458,-1794.4135847918503,4.6134689792500998
2529900,-26804279.007589456,32551254.125439331,36979.604297308157,-2373.5359609867664,-1954.2525657059773,4.4525611145506447
2530800,-28881236.097800869,30723629.702461965,40907.211590412007,-2240.2680351465106,-2105.6771940716771,4.2722873226231544
2531700,-30833868.33129447,28763755.362531297,44664.135694238917,-2097.3576939707568,-2248.0358373661616,4.0733969965389996
2532600,-32653771.460005604,26680069.176790617,48233.98994526286,-1945.4203575444049,-2380.7159327884133,3.8567218364401481
2533500,-34333112.787297398,24481541.948144563,51601.171957441329,-1785.1102629116617,-2503.1466185712802,3.6231723686417681
2534400,-35864664.844534799,22177638.563747805,54750.932856072155,-1617.1176403254021,-2614.8011842014284,3.373734084474699
2535300,-37241836.456192583,19778277.227700237,57669.442872735519,-1442.1657358718915,-2715.1993291994604,3.1094632184459843
2536200,-38458701.061080709,17293786.750571586,60343.852986459919,-1261.0076935581021,-2803.9092209942128,2.8314821877725072
2537100,-39510022.169301368,14734862.080489147,62762.352317077719,-1074.4233104988432,-2880.5493433378415,2.5409747174516468
2538000,-40391275.847047873,12112518.267800072,64914.220999290847,-883.21567932396817,-2944.7901276461675,2.2391806767652471
2538900,-41098670.134256452,9438043.06174393,66789.878289915796,-688.20773234253807,-2996.3553606066071,1.9273906544797681
2539800,-41629161.313367657,6722948.3431262262,68380.925685798735,-490.23870235194784,-3035.0233623691274,1.6069403010293826
2540700,-41980466.96098762,3978920.6016574451,69680.184855693442,-290.16051526683293,-3060.6279306197162,1.2792044666845657
2541600,-42151075.728001788,1217770.6704072095,70681.730215717209,-88.834129966468709,-3073.0590468269165,0.94559116515597341
2542500,-42140253.807630382,-1548617.0672860201,71380.91600461831,112.87415907825597,-3072.2633419467111,0.60753539230282017
2543400,-41948048.064970292,-4308335.7811137894,71774.397741819223,314.09644073485833,-3058.2443198662745,0.26649282964813176
2544300,-41575285.815689206,-7049507.3888687827,71860.14797788806,513.96691198917983,-3031.0623378601704,-0.076066537714451044
2545200,-41023571.255672313,-9760333.6246435009,71637.466273619808,711.62559288180512,-2990.8343443210033,-0.41866485947324394
2546100,-40295278.55751837,-12429146.762189724,71106.983370180038,906.22201597750518,-2937.7333750080288,-0.75982288568958367
2547000,-39393541.663791463,-15044459.777029611,70270.659538708962,1096.9188748693543,-2871.9878100297487,-1.0980664310067247
2547900,-38322240.820805937,-17595015.733337205,69131.777123338528,1282.8956163986422,-2793.8803947380479,-1.4319328093137658
2548800,-37085985.910408497,-20069836.184896983,67694.92731669861,1463.3519615048147,-2703.7470286600073,-1.7599772112082888
2549700,-35690096.65067371,-22458268.383580722,65965.991231633991,1637.5113399058782,-2601.9753275271719,-2.0807789971508681
2550600,-34140579.749600098,-24750031.09375187,63952.115356987277,1804.6242241484908,-2489.0029643787516,-2.3929478797963424
2551500,-32444103.108736876,-26935258.816790633,61661.681508884154,1963.9713489580188,-2365.3157966128365,-2.695129969621497
2552400,-30607967.186138541,-29004544.23651582,59104.271411946836,2114.8668022618081,-2231.4457867359556,-2.986013658649874
2553300,-28640073.640089877,-30948978.703640249,56290.626067215351,2256.6609747535149,-2087.9687254137152,-3.2643353178065695
2554200,-26548891.38662111,-32760190.585512683,53232.600085226673,2388.7433554122035,-1935.5017662512619,-3.5288847842238225
2555100,-24343420.214895923,-34430381.316245966,49943.111183635643,2510.545160986645,-1774.7007825289938,-3.7785106156674653
2556000,-22033152.115058161,-35952358.991880581,46436.085068901404,2621.541788102264,-1606.2575568833188,-4.0121250901701302
2556900,-19628030.483021609,-37319569.365454078,42726.395940847578,2721.2550773447169,-1430.8968156510248,-4.2287089299437044
2557800,-17138407.375936989,-38526124.107707426,38829.802877266789,2809.2553794192163,-1249.3731202855788,-4.4273157297052448
2558700,-14574999.000627983,-39566826.210620902,34762.882373112829,2885.1634142770645,-1062.4676289007468,-4.6070760706900797
2559600,-11948839.625112064,-40437192.422996238,30542.957325134692,2948.6519149388814,-870.98474159763555,-4.7672013028447608
2560500,-9271234.1103717834,-41133472.619843684,26188.022767984326,2999.447048625645,-675.74864378169764,-4.9069869789926877
2561400,-6553709.2657799199,-41652666.020346262,21716.668681801631,3037.3296087314934,-477.59976217259555,-5.0258159261447197
2562300,-3807964.2369715613,-41992534.182607576,17148.000203974603,3062.1359721333433,-277.39114864818464,-5.1231609405857386
2563200,-1045820.1394649274,-42151610.717191204,12501.555589119724,3073.7588173284398,-75.984807440496269,-5.1985870949022202
2564100,1720830.845069353,-42129207.675570734,7797.2222712618368,3072.1475999180584,125.75201848713542,-5.2517536467217552
2565000,4480076.6903294781,-41925418.583970204,3055.1513906510108,3057.3087830094237,326.95058581013859,-5.2824155406078432
2565900,7220036.843430819,-41541118.107621491,-1704.3288454204053,3029.3058211836778,526.74439771761149,-5.2904244962857669
2566800,9928913.4174914882,-40977958.345132232,-6460.8005930954778,2988.2588977701694,724.27294295353465,-5.2757296781608796
2567700,12595042.03702745,-40238361.767377183,-11193.844215305462,2934.3444162707519,918.68541066634486,-5.2383779429202484
2568600,15206942.11568748,-39325510.830027357,-15883.126157526975,2867.7942478862237,1109.1443647679839,-5.1785136638736349
2569500,17753366.348113716,-38243334.303444028,-20508.486475112277,2788.8947382041142,1294.8293616422209,-5.0963781325798889
2570400,20223349.200962316,-36996490.378116041,-25050.025632709039,2697.985477206294,1474.9404952608636,-4.9923085402093497
2571300,22606254.192350868,-35590346.618038207,-29488.190199350549,2595.4578378395763,1648.701854065265,-4.8667365430006422
2572200,24891819.754198402,-34030956.848342136,-33803.857067575416,2481.7532894559813,1815.3648743484332,-4.7201864180700035
2573100,27070203.478068292,-32325035.077030301,-37978.415831416045,2357.3614934648544,1974.211575328525,-4.5532728177106456
2574000,29132024.552185487,-30479926.563758891,-41993.848966253339,2222.8181895401153,2124.5576616352291,-4.3666981321677589
2574900,31068404.205243964,-28503576.161199663,-45832.809463337813,2078.7028816861962,2265.7554795336168,-4.1612494726792209
2575800,32871003.981408291,-26404494.066521633,-49478.695583180051,1925.6363343797132,2397.196813881787,-3.9377952883217273
2576700,34532061.680500135,-24191719.131910015,-52915.722404962835,1764.2778898650381,2518.3155135548345,-3.6972816318863231
2577600,36044424.807697013,-21874779.893726762,-56128.989863558105,1595.3226184855837,2628.58993386355,-3.4407280916153549
2578500,37401581.388102785,-19463653.489862781,-59104.546981572639,1419.4983146742354,2727.5451853464783,-3.1692234071549681
2579400,38597688.013219632,-16968722.643989891,-61829.452021015226,1237.5623519020446,2814.7551792129161,-2.88392078950509
2580300,39627594.998598568,-14400730.903750274,-64291.828297585387,1050.2984104907321,2889.8444606560129,-2.5860329660733541
2581200,40486868.544706717,-11770736.327385975,-66480.91542013493,858.51309272919696,2952.4898222332199,-2.2768269731538919
2582100,41171809.806258641,-9090063.8198821489,-68387.115738445529,663.03244019516762,3002.4216905194739,-1.9576187192500711
2583000,41679470.788849525,-6370256.3253498599,-70002.035803990875,464.69836856918494,3039.4252802703618,-1.6297673436358555
2583900,42007667.00563173,-3623025.0870897747,-71318.522670699123,264.36503553878629,3063.3415113817882,-1.2946693953995869
2584800,42154986.840926267,-860199.19054351654,-72330.694885783712,62.895157626220794,3074.0676849931219,-0.95375285893176631
2585700,42120797.581988335,1906325.3928521557,-73033.968044348803,-138.84370806598761,3071.5579161466208,-0.60847105240228538
2586600,41905248.094586074,4664637.0410444895,-73425.074805578028,-339.98290110947937,3055.8233214814272,-0.26029642621890847
2587500,41509268.132538453,7402859.7752213394,-73502.079292756243,-539.65639790587784,3026.9319615004297,0.089285711234116188
2588400,40934564.285827987,10109204.391447203,-73264.385824028592,-737.00453869804153,2985.0085379979564,0.43878351311302488
2589300,40183612.586296923,12772019.21037679,-72712.741945539135,-931.17772551014161,2930.2338482713558,0.78670493140054609
2590200,39259647.804191604,15379840.227263965,-71849.235763285746,-1121.3400752731659,2862.8439987560741,1.1315640445966486
2591100,38166649.482882939,17921440.447309054,-70677.287594545836,-1306.6730126366472,2783.1293817186361,1.4718873487174329
2592000,36909324.772909313,20385878.195096783,-69201.63598393969,-1486.3787872696391,2691.4334196120253,1.8062199849191558
