0,384400,0,0,0,1.0183034102504929,0
1800.0000002095476,384395.56468319241,1832.9014377835258,-0.019144502021626764,-0.0049280905719512802,1.0182498619764182,-2.1259599217671509e-05
3600.0000004190952,384382.25904797099,3665.685533500859,-0.076490760669890204,-0.0098558910942410007,1.0181730307471362,-4.2446204100578072e-05
5399.9999996856786,384360.08371498989,5498.3103804293733,-0.17190634725291257,-0.014783292069173552,1.0180729203084748,-6.3558659681453307e-05
7199.9999998952262,384329.03950191732,7330.7340811212434,-0.30525675059904916,-0.01971018406201162,1.0179495348783942,-8.4595806958174909e-05
8999.9999997904524,384289.12742338423,9162.9147439318294,-0.47640536962249075,-0.024636457690891622,1.0178028791463105,-0.00010555648295824473
10800,384240.34869083163,10994.810487290866,-0.68521350652346258,-0.029562003637549121,1.0176329582719901,-0.00012643952089384488
12600.000000209548,384182.7047124434,12826.379438418107,-0.93154035981717387,-0.034486712643097654,1.0174397778847994,-0.00014724375025485789
14400.000000104774,384116.19709299423,14657.579735754001,-1.2152430179272307,-0.039410475513787888,1.0172233440826743,-0.00016796799694599753
16200.000000628643,384040.8276337249,16488.369529651856,-1.536176452866854,-0.044333183122084251,1.0169836634311922,-0.00018861108340529793
18000.000000209548,383956.59833234281,18318.706980522835,-1.8941935135956023,-0.049254726400884082,1.0167207429630616,-0.0002091718286958622
19800.000000733417,383863.51138266874,20148.550265006143,-2.2891449210831731,-0.054174996359307337,1.0164345901765022,-0.00022964904868923722
21600.000000942964,383761.56917476945,21977.857571121895,-2.7208792615322022,-0.059093884068854394,1.0161252130351668,-0.00025004155612630777
23400.00000083819,383650.7742946865,23806.587102365429,-3.1892429815192918,-0.064011280673599069,1.0157926199668095,-0.00027034816078012528
25200.000001362059,383531.1295242635,25634.697078962352,-3.6940803829459332,-0.068927077392738859,1.0154368198622912,-0.00029056766958789233
27000.000001257285,383402.63784120529,27462.145735680104,-4.2352336172161671,-0.073841165513879176,1.0150578220752884,-0.00031069888674630262
28800.000001781154,383265.30241870962,29288.891326286674,-4.8125426814529533,-0.07875343640418464,1.0146556364207353,-0.00033074061388165541
30600.000002305023,383119.126625548,31114.892121241563,-5.4258454130430582,-0.083663781503323875,1.0142302731746093,-0.00035069165014657225
32400.000002514571,382964.1140258034,32940.106410320819,-6.074977485849768,-0.08857209232967668,1.0137817430727307,-0.00037055079237214292
34200.000002724119,382800.26837872982,34764.492503332258,-6.7597724061432531,-0.09347826048139847,1.013310057309917,-0.00039031683520017804
36000.000002933666,382627.59363862959,36588.008730655572,-7.4800615086884683,-0.09838217763700742,1.0128152275392237,-0.00040998857121469351
37800.000003143214,382446.09395474638,38410.613443682741,-8.2356739530008731,-0.10328373555569724,1.0122972658712233,-0.00042956479107346266
39600.000003352761,382255.77367102169,40232.265016618163,-9.0264367204065383,-0.10818282608130102,1.0117561848729166,-0.00044904428365517113
41400.000003562309,382056.63732607284,42052.921846018377,-9.8521746104168919,-0.11307934114017032,1.0111919975672918,-0.00046842583618327547
43200.000004086178,381848.6896529051,43872.542352911019,-10.712710238448034,-0.11797317274598397,1.0106047174321313,-0.00048770823437852576
45000.000003667083,381631.9355790086,45691.084981409098,-11.607864032183235,-0.12286421299512744,1.0099943583999329,-0.00050689026257500923
46800.000004190952,381406.38022563246,47508.508204330268,-12.537454231583339,-0.12775235408090638,1.0093609348555175,-0.0005259707039111175
48600.000004086178,381172.02890841098,49324.770517421515,-13.501296883548546,-0.13263748827710797,1.008704461637463,-0.00054494834040115655
50400.000004295725,380928.88713652198,51139.83044577796,-14.499205842898631,-0.13751950795435652,1.0080249540354143,-0.00056382195313616889
52200.000004505273,380676.96061293158,52953.646541350143,-15.530992769098606,-0.14239830557249378,1.0073224277904691,-0.00058259032239186192
54000.000004086178,380416.25523417862,54766.177384283474,-16.596467125153527,-0.14727377368326219,1.0065968990942804,-0.00060125222777758817
55800.000004295725,380146.77708981565,56577.381586387477,-17.695436178135903,-0.15214580493871455,1.0058483845872155,-0.00061980644840757754
57600.00000387663,379868.53246289369,58387.217787409572,-18.827704995705275,-0.15701429208026296,1.0050769013594454,-0.0006382517629988445
59400.000004086178,379581.5278291289,60195.644660307327,-19.993076448259682,-0.16187912795192982,1.0042824669483701,-0.00065658695006207178
61200.000004295725,379285.76985721325,62002.620908824822,-21.191351206677986,-0.1667402054928934,1.0034650993392398,-0.00067481078801431545
63000.000004190952,378981.2654084948,63808.105269287029,-22.422327742877517,-0.17159741774137571,1.0026248169640481,-0.0006929220553352995
64800.000004400499,378668.02153657936,65612.056512679599,-23.68580233095026,-0.17645065783929595,1.001761638700208,-0.0007109195307268395
66600.000004924368,378346.04548747896,67414.433443463,-24.981569046328396,-0.18129981902813613,1.0008755838707699,-0.00072880199323992363
68400.000004505273,378015.34469940106,69215.194900643852,-26.309419766679611,-0.18614479465087347,0.99996667224364932,-0.00074656822242515715
70200.000004086178,377675.92680212477,71014.299760942915,-27.66914417470435,-0.19098547815955413,0.99903492402973448,-0.00076421699850374688
72000.000003981404,377327.79961722117,72811.706937277791,-29.060529757790754,-0.19582176311025729,0.99808035988333976,-0.00078174710249275035
73800.000004505273,376970.97115776496,74607.375380123616,-30.48336180998923,-0.20065354316580092,0.99710300090126391,-0.00079915731635905635
75600.000004400499,376605.44962843938,76401.264076866268,-31.937423432672087,-0.20548071209304242,0.99610286862293829,-0.00081644642315419947
77400.000004610047,376231.24342458777,78193.332056324449,-33.422495539635293,-0.21030316377408723,0.99507998502772066,-0.00083361320719922737
79200.000004819594,375848.36113271891,79983.538386043452,-34.938356856688642,-0.215120792198046,0.99403437253616567,-0.00085065645419984785
81000.000005029142,375456.81153007859,81771.842174254329,-36.484783925211218,-0.21993349146534039,0.99296605400876237,-0.00086757495140702735
82800.000005238689,375056.60358432209,83558.202571227361,-38.061551105564725,-0.22474115579038428,0.99187505274496246,-0.00088436748777159682
84600.000005448237,374647.74645351694,85342.578769117928,-39.668430579463887,-0.22954367950020013,0.99076139248312634,-0.00090103285408464238
86400.000005343463,374230.24948582303,87124.930003287664,-41.305192353884991,-0.23434095703700877,0.98962509739959326,-0.00091756984313205486
88200.000005553011,373804.12221915036,88905.215553633228,-42.971604265307654,-0.23913288296083704,0.98846619210771836,-0.00093397724984883997
90000.000005133916,373369.37438139279,90683.394743517798,-44.66743198197706,-0.24391935194567391,0.9872847016584797,-0.00095025387145145437
91800.000005029142,372926.01588955044,92459.426943315251,-46.392439010760199,-0.24870025878804108,0.98608065153808755,-0.00096639850761251944
93600.000004924368,372474.05685016641,94233.271568517506,-48.146386699139427,-0.25347549840092853,0.98485406766917116,-0.00098240996058551809
95400.000005448237,372013.50755857507,96004.888082668156,-49.92903424209274,-0.25824496582072287,0.98360497640875622,-0.0009982870353735674
97200.000005029142,371544.37849944161,97774.235995217387,-51.740138684225435,-0.26300855620046176,0.98233340454976026,-0.0010140285398521135
99000.000005553011,371066.68034530414,99541.274867024709,-53.579454929893608,-0.26776616482368093,0.9810393793170834,-0.0010296332849598921
100800.00000576256,370580.42395771801,101305.96430596142,-55.4467357435243,-0.27251768709160573,0.97972292837076691,-0.0010451000848014844
102600.00000628643,370085.62038606184,103068.26397133188,-57.341731759227393,-0.2772630185340858,0.97838407980283471,-0.0010604277568279656
104400.00000586733,369582.28086807072,104828.13357190674,-59.264191484017957,-0.28200205480333296,0.97702286213881906,-0.0010756151219610435
106200.0000063912,369070.41682836658,106585.53287105742,-61.213861308963111,-0.28673469168678062,0.97563930433388402,-0.0010906610047785169
108000.00000660075,368550.03987987788,108340.42168176528,-63.190485509549482,-0.29146082509268056,0.97423343577677801,-0.0011055642336119831
109800.0000068103,368021.16182234697,110092.75987178567,-65.19380625742545,-0.29618035106304474,0.97280528628592722,-0.0011203236407317412
111600.00000670552,367483.79464278976,111842.50736205596,-67.223563624959837,-0.30089316576839531,0.97135488611081344,-0.0011349380624733881
113400.00000691507,366937.95051453909,113589.62412982959,-69.279495595427804,-0.30559916551524846,0.96988226592954752,-0.0011494063394038849
115200.0000068103,366383.64179798978,115334.07020625536,-71.361338067021052,-0.31029824673863182,0.96838745685104533,-0.0011637273164407879
117000.00000701984,365820.88103944372,117075.80568009676,-73.468824864283775,-0.31499030601115036,0.96687049041209205,-0.001177899843022199
118800.00000660075,365249.68097164255,118814.79069606343,-75.601687743450825,-0.319675240037536,0.9653313985789721,-0.001191922773231666
120600.00000618165,364670.05451269314,120550.98545814196,-77.759656404060593,-0.3243529456626692,0.96377021374477978,-0.0012057949659633586
122400.0000063912,364082.0147662526,122284.35022900056,-79.942458496104976,-0.32902331986902777,0.96218696873013509,-0.0012195152850547149
124200.00000660075,363485.57502165023,124014.84532968701,-82.149819627679577,-0.3336862597749265,0.96058169678374961,-0.0012330825994213371
126000.00000712462,362880.74875300482,125742.43114227461,-84.381463376621497,-0.33834166264070314,0.95895443158029281,-0.0012464957832146477
127800.00000670552,362267.5496198542,127467.06810810698,-86.637111296794856,-0.34298942586304992,0.95730520722234402,-0.001259753715944347
129600.00000722939,361645.99146510649,129188.71673362395,-88.916482934486282,-0.34762944698977533,0.95563405823515568,-0.0012728552826588753
131400.0000068103,361016.08831730159,130907.33758406198,-91.219295829198614,-0.35226162370189679,0.95394101957301958,-0.0012857993740319038
133200.00000733417,360377.85438773589,132622.89129147606,-93.545265533551557,-0.3568858538343288,0.95222612661183181,-0.0012985848865576662
135000.00000691507,359731.30407267762,134335.33854873551,-95.894105614778013,-0.3615020353587769,0.95048941515536256,-0.0013112107226393461
136800.00000649597,359076.45195105957,136044.64011581949,-98.265527672990757,-0.36611006639978538,0.94873092142937432,-0.0013236757907690699
138600.00000607688,358413.31278525392,137750.75681776248,-100.65924134843833,-0.37070984522828193,0.94695068208404609,-0.0013359790056446756
140400.00000628643,357741.90152050328,139453.64954621359,-103.07495433390267,-0.37530127026486959,0.94514873419278889,-0.0013481192883126843
142200.00000586733,357062.23328545439,141153.27925818766,-105.51237238336509,-0.37988424007555044,0.94332511525404061,-0.0013600955662903746
144000.00000607688,356374.32339015498,142849.60698118768,-107.97119933001918,-0.3844586533846342,0.94147986318626553,-0.0013719067737322
145800.00000660075,355678.18732755561,144542.59380949987,-110.45113709193123,-0.38902440906385199,0.93961301633236827,-0.0013835518515327627
147600.00000649597,354973.84077258792,146232.2009066185,-112.95188568664987,-0.39358140613799808,0.9377246134576197,-0.0013950297474726217
149400.00000607688,354261.29958131758,147918.38950735732,-115.47314324574197,-0.39812954378973942,0.93581469374779691,-0.0014063394163602581
151200.00000628643,353540.57979109389,149601.12091753617,-118.01460602600589,-0.40266872135788573,0.93388329681000537,-0.0014174798201564941
153000.00000649597,352811.69762062287,151280.35651392184,-120.57596842121873,-0.4071988383363549,0.9319304626733117,-0.0014284499281002512
154800.00000701984,352074.669469313,152956.05774586872,-123.15692297667304,-0.41171979437772599,0.92995623178743581,-0.0014392487168445795
156600.00000722939,351329.5119172915,154628.18613539185,-125.75716040158048,-0.41623148929256992,0.92796064502325437,-0.0014498751705815085
158400.00000712462,350576.2417245211,156296.70327926832,-128.37636958484595,-0.42073382305426166,0.92594374367090171,-0.0014603282811788032
160200.00000701984,349814.87583099853,157961.57084868068,-131.01423760727658,-0.42522669579716277,0.92390556944078783,-0.0014706070482999659
162000.00000754371,349045.43135593203,159622.75059112653,-133.67044975756482,-0.42971000782092933,0.92184616446188716,-0.0014807104795375708
163800.00000712462,348267.92559889116,161280.20432806326,-136.34468954168398,-0.43418365958331256,0.91976557128532099,-0.0014906375905194963
165600.00000733417,347482.37603726919,162933.89396048718,-139.03663870521524,-0.43864755171438496,0.91766383287808517,-0.0015003874050623562
167400.00000754371,346688.80032785196,164583.78146567321,-141.7459772417335,-0.44310158500691171,0.91554099262777189,-0.0015099589552702538
169200.00000775326,345887.2163058091,166229.82889945881,-144.47238341029347,-0.4475456604216963,0.91339709434041494,-0.0015193512816660962
171000.00000796281,345077.64198430319,167871.99839717071,-147.2155337509885,-0.45197967908926817,0.91123218223998714,-0.001528563433313458
172800.00000785803,344260.09555434901,169510.2521740323,-149.97510309986404,-0.45640354231017788,0.90904630096859118,-0.0015375944679343267
174600.00000743894,343434.5953845263,171144.55252588214,-152.75076460454713,-0.46081715155613795,0.90683949558626009,-0.0015464434520276803
176400.00000733417,342601.16002036072,172774.86183053369,-155.54218974118922,-0.46522040847290408,0.90461181156988502,-0.0015551094609903109
178200.00000785803,341759.80818422075,174401.142548095,-158.34904832986851,-0.46961321488035485,0.90236329481353317,-0.001563591579230758
180000.00000743894,340910.5587759355,176023.35721994776,-161.17100854782325,-0.47399547276895704,0.90009399163070347,-0.0015718889002755471
181800.00000733417,340053.43087026436,177641.46847375113,-164.00773695335377,-0.47836708431251723,0.89780394874817637,-0.0015800005269052478
183600.00000754371,339188.44371865632,179255.43902019141,-166.85889849563432,-0.48272795185863926,0.89549321331134102,-0.0015879255712466474
185400.00000775326,338315.61674826819,180865.23165502457,-169.72415653386287,-0.48707797793349089,0.89316183288220741,-0.0015956631548913742
187200.00000827713,337434.96956108569,182470.80926084481,-172.60317285622185,-0.49141706524583989,0.89080985543770008,-0.0016032124090112161
189000.00000817236,336546.52193480945,184072.13480561139,-175.4956076932425,-0.49574511668233917,0.88843732937268194,-0.0016105724744568605
190800.0000083819,335650.29382066138,185669.1713467802,-178.40111974142312,-0.50006203531796478,0.88604430349475893,-0.0016177425018816898
192600.00000827713,334746.30534525739,187261.88202808137,-181.31936617378273,-0.50436772440659006,0.8836308270299551,-0.0016247216518303345
194400.00000848668,333834.57680831634,188850.23008376677,-184.25000266413173,-0.50866208739175867,0.88119694961727724,-0.001631509094860069
196200.00000901055,332915.12868371856,190434.17883688287,-187.19268340066077,-0.51294502790131546,0.87874272131223907,-0.0016381040116341366
198000.00000953441,331987.98161855142,192013.69170111875,-190.14706110623968,-0.51721644975171144,0.87626819258500777,-0.001644505593029681
199800.00000911532,331053.15643331746,193588.73218062054,-193.11278705514235,-0.52147625694682198,0.87377341432167988,-0.0016507130402358037
201600.00000932487,330110.67411993473,195159.26387352947,-196.08951109696582,-0.52572435368684212,0.87125843781965451,-0.0016567255648650147
203400.00000984874,329160.55584341177,196725.25046930509,-199.0768816690418,-0.52996064436038515,0.86872331479284348,-0.0016625423890387558
205200.00001037261,328202.82294067042,198286.65575089317,-202.07454581810487,-0.53418503354969227,0.8661680973692597,-0.0016681627454910967
207000.00001058215,327237.49692031258,199843.44359528084,-205.0821492191169,-0.53839742603149388,0.86359283809114651,-0.0016735858776646467
208800.00001110602,326264.59946161957,201395.57797528087,-208.09933619664301,-0.542597726781198,0.86099758991306241,-0.0016788110398093619
210600.00001068693,325284.15241574944,202943.0229577944,-211.12574973957018,-0.54678584096757188,0.85838240620583439,-0.0016838374970680294
212400.00001026783,324296.1778032243,204485.74270798423,-214.16103152747962,-0.55096167396341866,0.85574734075063585,-0.0016886645255803519
214200.00000984874,323300.69781518239,206023.70148745051,-217.20482194552065,-0.55512513134003572,0.85309244774309667,-0.0016932914125655403
216000.00000974396,322297.73481250642,207556.86365578472,-220.25676010601418,-0.55927611887083295,0.85041778179177341,-0.0016977174564149812
217800.00000932487,321287.31132585899,209085.19367070805,-223.3164838674324,-0.56341454253111833,0.84772339791903584,-0.0017019419667791181
219600.00000890577,320269.45005450485,210608.65609005027,-226.38362985720931,-0.56754030850288573,0.84500935155873003,-0.0017059642646581751
221400.000008801,319244.17386635201,212127.21557184905,-229.45783349097908,-0.57165332317452178,0.84227569855709805,-0.0017097836824860027
223200.00000901055,318211.50579781795,213640.83687474232,-232.53872899252062,-0.57575349314131963,0.83952249517324151,-0.0017133995642137018
225000.00000859145,317171.46905385086,215149.48485815228,-235.62594941340402,-0.57984072520543117,0.83674979808000016,-0.001716811265391719
226800.00000817236,316124.08700612275,216653.12448511302,-238.71912665820244,-0.58391492638300091,0.83395766435997021,-0.0017200181532564295
228600.00000775326,315069.38319356833,218151.72082164988,-241.81789150283686,-0.58797600390196536,0.83114615150777538,-0.0017230196068070823
230400.00000733417,314007.38132216764,219645.23903729307,-244.92187361533959,-0.59202386520293582,0.82831531743034081,-0.0017258150168844239
232200.00000785803,312938.10526391823,221133.64440672687,-248.03070157912526,-0.5960584179431736,0.82546522044499859,-0.0017284037862500675
234000.00000743894,311861.57905810938,222616.9023082231,-251.14400290968803,-0.60007956999185208,0.82259591928374598,-0.0017307853296587839
235800.00000796281,310777.8269075529,224094.97822905192,-254.26140408604724,-0.60408722944425608,0.81970747308406389,-0.0017329590739410205
237600.00000817236,309686.8731822382,225567.83776063743,-257.38253056082795,-0.60808130460818288,0.81679994139953116,-0.0017349244580672854
239400.0000083819,308588.7424162135,227035.44660304906,-260.50700679005848,-0.6120617040156674,0.81387338419238653,-0.0017366809332262287
241200.00000796281,307483.45930820424,228497.77056434704,-263.63445625228866,-0.61602833642076882,0.81092786183606347,-0.0017382279628931482
243000.00000785803,306371.04872025264,229954.77556258527,-266.76450147347748,-0.61998111080457396,0.80796343511245083,-0.0017395650229004825
244800.00000775326,305251.53567867214,231406.42762474754,-269.8967640454407,-0.62391993637189602,0.804980165215331,-0.0017406916015037092
246600.00000827713,304124.94537268253,232852.69288875026,-273.03086465098255,-0.62784472255629964,0.80197811374764294,-0.0017416071994490489
248400.00000785803,302991.30315524462,234293.53760258274,-276.16642308297156,-0.6317553790173781,0.79895734272461016,-0.001742311330037544
250200.00000775326,301850.63454033528,235728.92812799837,-279.30305827341112,-0.63565181565038475,0.7959179145673887,-0.0017428035191903001
252000.00000733417,300702.96520495729,237158.83093815428,-282.44038830948153,-0.63953394257946383,0.79285989210933994,-0.001743083305509019
253800.00000785803,299548.32098662067,238583.21262099093,-285.57803046219294,-0.64340167016645966,0.78978333859023453,-0.0017431502403377197
255600.00000806758,298386.72788521915,240002.03987710885,-288.71560120309852,-0.64725490900481208,0.78668831766217728,-0.0017430038878216445
257400.00000764849,297218.21206110856,241415.27952237823,-291.85271623148867,-0.6510935699263054,0.78357489338541797,-0.0017426438249657844
259200.00000785803,296042.79983375798,242822.89848975808,-294.98899050002171,-0.65491756400568846,0.78044313022568423,-0.0017420696416906986
261000.00000775326,294860.51768385031,244224.86382697208,-298.12403823122804,-0.65872680255405536,0.77729309306071803,-0.0017412809408885606
262800.00000764849,293671.3922510657,245621.14269940549,-301.25747294569879,-0.66252119712641455,0.77412484717530983,-0.0017402773384764857
264600.00000722939,292475.45033392112,247011.70239049371,-304.38890748482106,-0.66630065952246398,0.77093845826181207,-0.0017390584634488456
266400.00000743894,291272.71888895711,248396.51030287443,-307.51795403531429,-0.67006510178944789,0.76773399241892182,-0.0017376239579276244
268200.00000733417,290063.22503199894,249775.5339571579,-310.64422414846905,-0.67381443621855441,0.76451151615599022,-0.0017359734772140437
270000.00000785803,288846.99603547173,251148.74099523964,-313.7673287697375,-0.67754857535367696,0.76127109638682466,-0.0017341066898341278
271800.00000806758,287624.05932987144,252516.09917883901,-316.88687825761099,-0.68126743198720141,0.75801280043455932,-0.0017320232775880407
273600.00000764849,286394.44250213151,253877.57639157583,-320.00248241059938,-0.6849709191654334,0.75473669602826998,-0.0017297229355939081
275400.00000722939,285158.17329499114,255233.14063987954,-323.11375049166298,-0.68865895019086221,0.75144285130224842,-0.0017272053723311775
277200.00000712462,283915.27960719477,256582.76005298126,-326.22029125061675,-0.69233143862194202,0.7481313347974955,-0.0017244703096843629
279000.00000701984,282665.78949338681,257926.40288327049,-329.32171294742409,-0.69598829827387698,0.74480221546241332,-0.001721517482985297
280800.00000722939,281409.7311623136,259264.03750846509,-332.41762337975388,-0.69962944322435505,0.74145556264898049,-0.0017183466410499531
282600.00000743894,280147.13297783432,260595.63243074607,-335.50762990361034,-0.70325478781103556,0.73809144611641531,-0.001714957546220363
284400.00000733417,278878.02345766104,261921.15627833962,-338.5913394596725,-0.70686424663570802,0.73470993602879398,-0.0017113499743999733
286200.00000660075,277602.43127299135,263240.57780612889,-341.6683585974684,-0.71045773456582295,0.73131110295504387,-0.001707523715089626
288000.00000618165,276320.38524749415,264553.86589692737,-344.73829350115949,-0.71403516673784306,0.727895017867216,-0.0017034785714201903
289800.00000576256,275031.91435769695,265860.98956130154,-347.80075001199356,-0.717596458556648,0.72446175214249542,-0.0016992143601881247
291600.00000597211,273737.04773177177,267161.91793904238,-350.85533365467404,-0.721141525699453,0.72101137756094325,-0.001694730911884786
293400.00000586733,272435.81465033611,268456.62029859616,-353.90164965899407,-0.72467028411417034,0.71754396630860851,-0.0016900280707312064
295200.00000544824,271128.24454479117,269745.06603897904,-356.93930298735779,-0.72818265002456151,0.71405959097408078,-0.0016851056947032104
297000.00000534346,269814.36699627765,271027.22469102248,-359.96789836079603,-0.73167853993357213,0.71055832454668899,-0.0016799636555566472
298800.00000492437,268494.21173686994,272303.06591642852,-362.98704027986577,-0.73515787062071536,0.70704024042066083,-0.0016746018388600335
300600.00000513392,267167.80864743661,273572.55951009557,-365.99633305331099,-0.73862055914838176,0.70350541239040254,-0.0016690201440131155
302400.00000471482,265835.18775909144,274835.67539895896,-368.99538081852273,-0.74206652285865826,0.69995391465534718,-0.001663218484278587
304200.00000461005,264496.37924999115,276092.38364528294,-371.98378757259934,-0.74549567938230532,0.69638582181240016,-0.0016571967867929169
306000.00000419095,263151.4134474466,277342.65444488724,-374.96115719142546,-0.74890794663392457,0.69280120886254548,-0.0016509549925985913
307800.00000408618,261800.32082528173,278586.45812986547,-377.92709345945889,-0.75230324281939687,0.6892001512047865,-0.0016444930566542431
309600.00000429573,260443.13200472371,279823.76516798069,-380.88120009165186,-0.75568148643426813,0.68558272463949776,-0.0016378109478593381
311400.00000387663,259079.87775436736,281054.54616296443,-383.82308075754491,-0.75904259626461079,0.68194900536930669,-0.0016309086490739943
313200.0000044005,257710.58898693288,282278.77185769175,-386.75233911226888,-0.7623864913957521,0.67829906999142908,-0.0016237861571210376
315000.00000461005,256335.29676211023,283496.41313184559,-389.66857881441007,-0.76571309120596764,0.67463299550622602,-0.0016164434828174375
316800.00000419095,254954.03228421995,284707.44100427534,-392.57140355511734,-0.76902231537300825,0.67095085931194365,-0.0016088806509785526
318600.00000471482,253566.82690009533,285911.82663506956,-395.46041708656531,-0.77231408387986045,0.66725273920003803,-0.0016010977004208545
320400.00000461005,252173.71210312741,287109.54132226831,-398.33522323758501,-0.77558831700587516,0.66353871336692993,-0.001593094683997988
322200.00000513392,250774.71952743293,288300.55650717416,-401.19542594993464,-0.77884493534140353,0.6598088603994271,-0.0015848716685805369
324000.00000534346,249369.88095163615,289484.84377132601,-404.04062929458769,-0.78208385977966199,0.65606325928577125,-0.0015764287350887515
325800.00000492437,247959.22829594003,290662.37483926245,-406.87043750192805,-0.78530501152443566,0.65230198940879569,-0.0015677659784858308
327600.00000513392,246542.79362096297,291833.12157970865,-409.68445498818181,-0.7885083120934846,0.64852513054378547,-0.0015588835077793
329400.00000502914,245120.60912984266,292997.05600406911,-412.48228637538358,-0.79169368331459944,0.64473276286504544,-0.0015497814460418283
331200.00000492437,243692.70716551726,294154.15026893822,-415.26353652100056,-0.79486104733264829,0.64092496693960621,-0.0015404599304011037
333000.00000544824,242259.12021004577,295304.37667686888,-418.02781054338965,-0.79801032661188898,0.6371018237263667,-0.0015309191120405558
334800.00000534346,240819.88088667707,296447.70767496497,-420.77471384201584,-0.80114144393232012,0.63326341458256286,-0.0015211591562176283
336600.00000523869,239375.02195552443,297584.11585859588,-423.50385212999504,-0.80425432240007955,0.62940982125317524,-0.0015111802422382774
338400.00000513392,237924.57631558468,298713.57397001615,-426.21483145438162,-0.8073488854438966,0.6255411258772644,-0.0015009825634725016
340200.00000565778,236468.57700277114,299836.05490015866,-428.90725822409132,-0.81042505682025823,0.62165741098365734,-0.0014905663273418639
342000.00000523869,235007.05719160516,300951.53168758465,-431.58073923098448,-0.81348276061078584,0.61775875949639703,-0.0014799317553316987
343800.00000544824,233540.05019070159,302059.97752219619,-434.23488168237742,-0.81652192123268874,0.61384525472363516,-0.0014690790829575157
345600.00000502914,232067.58944653024,303161.3657426078,-436.86929321833838,-0.81954246343184312,0.60991698036859243,-0.0014580085597901556
347400.00000461005,230589.70853908846,304255.6698396735,-439.4835819437173,-0.82254431229275593,0.6059740205189339,-0.0014467204494206746
349200.00000419095,229106.44118370104,305342.86345536698,-442.07735644905046,-0.82552739323581259,0.60201645965249673,-0.0014352150294693266
351000.0000044005,227617.82122890919,306422.92038459639,-444.65022583845348,-0.82849163202256737,0.59804438263256443,-0.0014234925915641034
352800.00000429573,226123.88265790296,307495.81457441079,-447.20179975128644,-0.83143695475390511,0.59405787471260452,-0.0014115534413456441
354600.00000481959,224624.65958514196,308561.52012669668,-449.7316883921165,-0.83436328787778646,0.59005702152815043,-0.001399397898433162
356400.0000044005,223120.18625913997,309620.01129643602,-452.23950255009606,-0.8372705581848221,0.58604190910513654,-0.0013870262964384046
358200.00000461005,221610.49705730341,310671.26249561261,-454.72485363173348,-0.84015869281936839,0.58201262384701302,-0.001374438982914173
360000.00000450527,220095.62648995742,311715.24829061807,-457.18735367822165,-0.84302761927278347,0.57796925254638332,-0.001361636319376813
361800.00000408618,218575.60919657946,312751.94340514188,-459.62661539574043,-0.845877265391761,0.5739118823758298,-0.0013486186812636447
363600.0000039814,217050.47994631113,313781.3227200504,-462.04225217859545,-0.84870755937840192,0.56984060089015853,-0.0013353864579245603
365400.00000356231,215520.27363744201,314803.36127399368,-464.4338781340573,-0.85151842979229553,0.56575549602589303,-0.0013219400526042486
367200.00000345754,213985.02529626543,315818.03426442679,-466.80110810813898,-0.85430980555375569,0.56165665609908288,-0.0013082798824178498
369000.00000303844,212444.77007715369,316825.31704781146,-469.14355770942194,-0.85708161594481258,0.55754416980636246,-0.0012944063783362719
370800.00000324799,210899.54326042536,317825.18514126504,-471.46084333622071,-0.85983379061420107,0.55341812622011011,-0.0012803199851507366
372600.00000314321,209349.38025419306,318817.61422161054,-473.75258219766727,-0.86256625957520383,0.54927861479422613,-0.0012660211614722511
374400.00000366708,207794.31659081925,319802.58012792125,-476.0183923428666,-0.86527895321312742,0.54512572535550663,-0.0012515103796810945
376200.00000356231,206234.38792907694,320780.05886038789,-478.25789268150356,-0.86797180228266491,0.54095954811024705,-0.0012367881259275995
378000.00000314321,204669.63005119446,321750.02658245008,-480.47070301193946,-0.87064473791426011,0.53678017363717212,-0.0012218549000846477
379800.00000366708,203100.07886187537,322712.45962162688,-482.65644404623339,-0.87329769161690241,0.53258769288563501,-0.0012067112157168863
381600.00000387663,201525.77039075759,323667.33446825715,-484.81473743038617,-0.87593059527516437,0.52838219718299606,-0.0011913576000825191
383400.00000377186,199946.7407893411,324614.62777765968,-486.94520577234061,-0.87854338115568564,0.52416377822721849,-0.0011757945940812763
385200.00000335276,198363.02633003276,325554.31637094659,-489.04747266682239,-0.88113598190994424,0.51993252808511148,-0.0011600227522211145
387000.00000324799,196774.66340612978,326486.37723527045,-491.12116271887186,-0.88370833057549558,0.51568853919307134,-0.0011440426425933302
388800.00000314321,195181.68853140646,327410.78752432734,-493.16590156790278,-0.8862603605779048,0.51143190435675723,-0.0011278548468430661
390600.00000303844,193584.1383391704,328327.52455916646,-495.18131591240046,-0.88879200573355266,0.50716271674933644,-0.0011114599601336019
392400.00000324799,191982.04958107261,329236.56582912413,-497.16703353482319,-0.89130320025278886,0.50288106990907278,-0.0010948585911070064
394200.00000314321,190375.45912791006,330137.88899162511,-499.12268332396661,-0.89379387873997151,0.49858705774221923,-0.0010780513618645251
396000.00000335276,188764.40396636174,331031.47187427955,-501.04789530227748,-0.89626397619984921,0.49428077451504493,-0.0010610389079038145
397800.00000293367,187148.92120126347,331917.29247385764,-502.94230064631944,-0.89871342803533771,0.48996231486064828,-0.001043821878113083
399600.00000314321,185529.04805158678,332795.32895876741,-504.80553171474054,-0.90114217005498165,0.48563177376893768,-0.0010264009346980696
401400.00000303844,183904.82185313327,333665.55966782547,-506.63722206822462,-0.90355013847018262,0.48128924659455219,-0.0010087767531794193
403200.00000293367,182276.28005541422,334527.963112214,-508.43700649618751,-0.90593726990124157,0.47693482904922979,-0.00099095002232723532
405000.00000282889,180643.46022155209,335382.51797577029,-510.20452103983786,-0.908303501378805,0.47256861720224486,-0.00097292144412689473
406800.00000303844,179006.40002777654,336229.20311550685,-511.93940301566909,-0.91064877034595182,0.46819070747974922,-0.00095469173373984853
408600.00000324799,177365.13726261121,337067.99756228784,-513.6412910392205,-0.912973014660733,0.46380119666328218,-0.0009362616194602166
410400.00000377186,175719.70982613595,337898.88052146614,-515.30982504867245,-0.91527617259859817,0.45940018188846787,-0.00091763184267136012
412200.00000335276,174070.15572983801,338721.83137321944,-516.94464632778033,-0.91755818285400925,0.4549877606452804,-0.00089880315780837454
414000.00000356231,172416.51309302007,339536.82967459352,-518.54539753210224,-0.91981898454678679,0.45056403076908896,-0.00087977633228033386
415800.00000408618,170758.82014610418,340343.8551581002,-520.11172270831219,-0.92205851721892007,0.44612909045013649,-0.00086055214647042812
417600.00000366708,169097.11522851634,341142.88773304783,-521.64326731892027,-0.92427672083895585,0.44168303822851379,-0.00084113139367393488
419400.00000387663,167431.43678466082,341933.9074877188,-523.13967826840951,-0.92647353580875558,0.43722597298401394,-0.00082151488001210016
421200.0000044005,165761.82336775912,342716.89468776417,-524.60060392204036,-0.92864890295975155,0.43275799394701153,-0.00080170342443712116
423000.00000461005,164088.31363731777,343491.82977768464,-526.02569413055596,-0.93080276355779312,0.42827920069229009,-0.00078169785866239101
424800.00000481959,162410.94635733025,344258.69338191545,-527.41460025395099,-0.93293505930688914,0.42378969313482334,-0.00076149902709989493
426600.00000534346,160729.76039672771,345017.46630486136,-528.76697518322135,-0.93504573235004407,0.41928957153155866,-0.00074110778682367866
428400.00000555301,159044.79472837772,345768.12953161105,-530.08247336330476,-0.93713472527199915,0.41477893647930986,-0.00072052500751541913
430200.00000607688,157356.08842742554,346510.66422892926,-531.36075081639103,-0.93920198110274267,0.41025788891087162,-0.00069975157140102001
432000.00000628643,155663.68067184449,347245.05174526025,-532.60146516340899,-0.94124744331828336,0.40572653009704523,-0.00067878837321346192
433800.00000618165,153967.61074101939,347971.27361161163,-533.80427564698527,-0.94327105584387927,0.40118496164337858,-0.00065763632013102257
435600.00000607688,152267.91801408646,348689.31154251209,-534.96884315437296,-0.94527276305748187,0.39663328548625165,-0.00063629633171136644
437400.00000628643,150564.64197001435,349399.14743621711,-536.09483023902715,-0.94725250979109221,0.39207160389360274,-0.00061476933984657204
439200.00000586733,148857.82218808742,350100.76337477384,-537.18190114195318,-0.94921024133172893,0.38750001946672918,-0.00059305628872304526
441000.00000607688,147147.49834328517,350794.14162618318,-538.22972181620537,-0.95114590342825245,0.38291863512840157,-0.0005711581347157944
442800.00000660075,145433.71020925371,351479.26464341144,-539.2379599463502,-0.95305944228940997,0.37832755413130403,-0.00054907584637828484
444600.00000712462,143716.49765623076,352156.11506550218,-540.2062849711607,-0.95495080458774728,0.37372688005294452,-0.00052681040436783648
446400.00000764849,141995.90064958282,352824.67571840598,-541.13436810569681,-0.95681993746273042,0.36911671679219232,-0.00050436280137772964
448200.00000722939,140271.95925029676,353484.9296150388,-542.02188236220536,-0.9586667885217337,0.36449716857104092,-0.00048173404209406808
450000.00000743894,138544.71361137574,354136.85995691561,-542.86850257305434,-0.96049130584542886,0.35986833992538247,-0.00045892514309837191
451800.00000733417,136814.20398033728,354780.4501334363,-543.67390541038912,-0.96229343798661315,0.35523033571212415,-0.00043593713284949216
453600.00000691507,135080.47069683799,355415.68372304778,-544.43776940825342,-0.96407313397429684,0.35058326110323162,-0.00041277105160116435
455400.00000743894,133343.55419000462,356042.5444944562,-545.15977498448933,-0.96583034331793616,0.34592722157897371,-0.00038942795131422734
457200.00000764849,131603.49498220489,356661.01640550466,-545.83960445981359,-0.96756501600512879,0.34126232293841152,-0.0003659088956546568
459000.00000785803,129860.33368362507,357271.08360538993,-546.47694208071903,-0.96927710250867505,0.33658867128524034,-0.00034221495986780544
460800.00000743894,128114.11099436009,357872.73043415486,-547.07147403910847,-0.97096655378600771,0.33190637303374965,-0.00031834723075288465
462600.00000670552,126364.86770119482,358465.94142406224,-547.62288849385982,-0.97263332128389834,0.32721553490054384,-0.00029430680656501647
464400.00000691507,124612.64467730401,359050.70129991847,-548.13087559111398,-0.97427735694023232,0.32251626390407129,-0.00027009479695606025
466200.00000649597,122857.48288406945,359626.99497872317,-548.5951274839864,-0.97589861318387972,0.31780866736982144,-0.00024571232294460106
468000.00000701984,121099.42336564821,360194.80757172051,-549.0153383542131,-0.97749704294133499,0.31309285291606748,-0.00022116051678501482
469800.00000660075,119338.50725323449,360754.1243832499,-549.39120443103138,-0.97907259963434767,0.30836892846559738,-0.00019644052197039758
471600.00000649597,117574.77575875331,361304.93091302522,-549.72242401257893,-0.98062523718721339,0.3036370022290813,-0.00017155349308764655
473400.00000670552,115808.27017780214,361847.2128554231,-550.00869748494893,-0.98215491002565036,0.2988971827132364,-0.00014650059580111592
475200.00000722939,114039.03188760781,362380.95610038127,-550.24972734233074,-0.98366157308020041,0.29414957871560615,-0.00012128300676611932
477000.00000712462,112267.10234690642,362906.1467336872,-550.44521820665739,-0.98514518178793009,0.28939429932448535,-9.5901913568995154e-05
478800.00000670552,110492.52309275512,363422.77103817422,-550.59487684746557,-0.98660569209668736,0.28463145391059891,-7.0358514622691635e-05
480600.00000660075,108715.33574095038,363930.81549381732,-550.69841220111118,-0.98804306046626311,0.27986115212844714,-4.4654019113133612e-05
482400.00000649597,106935.5819862271,364430.26677792857,-550.75553539005841,-0.9894572438698287,0.27508350391704767,-1.8789646942374969e-05
484200.00000670552,105153.30359951672,364921.11176618398,-550.76595974220243,-0.99084819979772809,0.27029861949277206,7.2333713713202594e-06
486000.00000660075,103368.54242864333,365403.33753266843,-550.7294008098811,-0.99221588625849721,0.26550660935139897,3.3413794744139795e-05
487800.0000068103,101581.34039535251,365876.93135092751,-550.64557638879251,-0.99356026178274059,0.26070758426030594,5.9750371631443848e-05
489600.00000733417,99791.739496591792,366341.88069385861,-550.51420653682203,-0.99488128542371257,0.25590165526206538,8.6241840070702227e-05
491400.00000722939,97999.781802947618,366798.17323438183,-550.33501359276624,-0.99617891676011616,0.25108893367039253,0.00011288692776647957
493200.00000743894,96205.509455526597,367245.79684646957,-550.10772219460273,-0.9974531158999248,0.2462695310619,0.000139684352199423
495000.00000764849,94408.964668344604,367684.73960477381,-549.83205929819258,-0.9987038434802189,0.24144355928263297,0.00016663282065382688
496800.00000754371,92610.189725350734,368114.98978561861,-549.50775419534102,-0.99993106067090709,0.23661113044018095,0.00019373103032539827
498600.00000775326,90809.226979056926,368536.53586755524,-549.13453853174985,-1.0011347291772048,0.23177235690008774,0.00022097766840593506
500400.00000796281,89006.118851571504,368949.36653135397,-548.71214632535703,-1.0023148112405087,0.22692735128870822,0.00024837141213204848
502200.00000785803,87200.907832694938,369353.47066070174,-548.24031398405066,-1.0034712696412804,0.22207622648815784,0.00027591092887852881
504000.00000743894,85393.636477666427,369748.83734294242,-547.71878032298446,-1.0046040677020618,0.21721909563031067,0.00030359487625790176
505800.00000701984,83584.347407721682,370135.45586917643,-547.14728658246781,-1.0057131692886558,0.21235607209833801,0.00033142190217759477
507600.00000722939,81773.083307886787,370513.31573497527,-546.52557644497381,-1.0067985388130711,0.20748726952080532,0.00035939064493976545
509400.0000068103,79959.886928518055,370882.40664029575,-545.85339605324396,-1.0078601412341617,0.20261280177582588,0.00038749973328386014
511200.00000733417,78144.801080269521,371242.71849075722,-545.13049402595311,-1.0088979420621924,0.19773278297753388,0.00041574778653117797
513000.00000722939,76327.868638066051,371594.24139706726,-544.35662147652181,-1.0099119073580805,0.19284732748675215,0.00044413341459039547
514800.00000743894,74509.132534961536,371936.96567647689,-543.53153202787473,-1.0109020037384662,0.18795654989445595,0.00047265521812066567
516600.00000733417,72688.635765366766,372270.88185237627,-542.65498183083309,-1.0118681983754438,0.18306056503041199,0.00050131178854923356
518400.00000754371,70866.421380982749,372595.980655297,-541.72672957925465,-1.0128104590003322,0.17815948795219255,0.00053010170820344754
520200.00000712462,69042.532492427112,372912.25302284351,-540.74653652764312,-1.0137287539043665,0.17325343394948559,0.00055902355035382346
522000.00000733417,67217.01226497833,373219.69010067364,-539.71416650564083,-1.0146230519424144,0.16834251853257071,0.00058807587935039087
523800.00000754371,65389.903921279147,373518.28324225621,-538.62938593605736,-1.0154933225331528,0.1634268574395,0.00061725725064926693
525600.00000712462,63561.250738450173,373808.02400960639,-537.49196384981633,-1.0163395356620766,0.15850656662823298,0.00064656621092807156
527400.00000701984,61731.096045671133,374088.90417388827,-536.30167190074235,-1.0171616618841275,0.15358176227001197,0.00067600129819487707
529200.00000722939,59899.483225114811,374360.91571548168,-535.05828438228366,-1.0179596723247537,0.14865256075174546,0.00070556104184382187
531000.00000712462,58066.455711468778,374624.05082429899,-533.76157824339111,-1.0187335386817045,0.14371907867458233,0.00073524396273335648
532800.00000733417,56232.056988730394,374878.3019004864,-532.41133310229679,-1.0194832332279378,0.13878143284513086,0.00076504857330912278
534600.00000691507,54396.330591310827,375123.66155448626,-531.00733126311366,-1.0202087288126631,0.13383974027826501,0.00079497337765752584
536400.00000743894,52559.320100230005,375360.12260778062,-529.54935772869044,-1.0209099988643819,0.12889411818670252,0.00082501687163942928
538200.00000764849,50721.069145805974,375587.67809275637,-528.03720021825609,-1.021587017391334,0.12394468398805276,0.00085517754291841296
540000.00000722939,48881.621404146485,375806.32125339663,-526.47064918019623,-1.022239758984381,0.11899155529516817,0.00088545387109033498
541800.00000712462,47041.020595187132,376016.04554572253,-524.84949780562079,-1.0228681988191628,0.11403484991064478,0.00091584432778851993
543600.00000764849,45199.310483680383,376216.84463788732,-523.17354204434344,-1.0234723126572065,0.10907468582925509,0.00094634737674060697
545400.00000785803,43356.534878800463,376408.71241046453,-521.44258061973994,-1.0240520768476018,0.1041111812366447,0.0009769614738481681
547200.00000775326,41512.737630519419,376591.6429570638,-519.65641504038217,-1.0246074683296709,0.099144454499318677,0.0010076850673203844
549000.00000764849,39667.962630051101,376765.63058448932,-517.81484961518743,-1.0251384646342567,0.094174624165570708,0.0010385165977407039
550800.00000722939,37822.253808482063,376930.66981309722,-515.91769146677518,-1.0256450438856088,0.089201808961517498,0.0010694544981639229
552600.0000068103,35975.655135713554,377086.75537711027,-513.96475054494556,-1.0261271848031324,0.084226127787959251,0.0011004971942083414
554400.0000063912,34128.210619309939,377233.88222493458,-511.95583963988889,-1.0265848667031519,0.079247699716974179,0.0011316431041499396
556200.00000597211,32279.964303734174,377372.04551944183,-509.89077439565983,-1.0270180695005466,0.074266643989545231,0.0011628906390102898
558000.00000618165,30430.960268396462,377501.24063833203,-507.76937332216301,-1.0274267737106531,0.069283080009976336,0.0011942382026648732
559800.00000607688,28581.242628599823,377621.46317428461,-505.59145781026689,-1.0278109604504879,0.064297127348103278,0.0012256841919026549
561600.00000565778,26730.855532480447,377732.70893539453,-503.35685214222593,-1.0281706114408684,0.059308905730699218,0.001257226996553777
563400.00000523869,24879.843160091139,377834.97394543153,-501.06538350426143,-1.0285057090079721,0.05431853503864275,0.0012888649995814246
565200.00000544824,23028.24972241354,377928.2544440999,-498.7168819989169,-1.0288162360849031,0.049326135303883085,0.0013205965771752102
567000.00000502914,21176.1194624161,378012.5468872076,-496.3111806599494,-1.0291021762129433,0.044331826711909952,0.0013524200988095797
568800.00000492437,19323.496650291516,378087.84794711653,-493.84811545962378,-1.0293635135437265,0.039335729588518047,0.0013843339274023868
570600.00000513392,17470.425584633216,378154.15451287915,-491.3275253233308,-1.0296002328403886,0.034337964402573064,0.0014163364193720313
572400.00000565778,15616.950591099967,378211.46369050827,-488.7492521409244,-1.0298123194791402,0.029338651761993923,0.001448425924737806
574200.00000523869,13763.116022591988,378259.77280319651,-486.11314078001709,-1.029999759450654,0.024337912413801385,0.0014806007871943549
576000.00000513392,11908.966253781451,378299.07939167647,-483.41903909105508,-1.0301625393619895,0.019335867228926207,0.0015128593442844363
577800.00000471482,10054.545685067264,378329.38121431152,-480.66679792554004,-1.0303006464375095,0.014332637212427373,0.0015451999274084739
579600.00000461005,8199.8987380918716,378350.67624740838,-477.85627114210865,-1.0304140685206284,0.009328343490938501,0.0015776208619808422
581400.00000481959,6345.0698561671252,378362.96268540306,-474.98731561947778,-1.0305027940750762,0.0043231073133460493,0.0016101204675011116
583200.0000044005,4490.1035039606504,378366.2389410843,-472.05979126832784,-1.0305668121862703,-0.00068294995053672634,0.0016426970576381833
585000.00000461005,2635.0441630070809,378360.50364581245,-469.07356103637875,-1.030606112562793,-0.0056897068225741842,0.0016753489403880772
586800.00000513392,779.93633451819562,378345.75564970844,-466.02849092474935,-1.0306206855375679,-0.010697041709225929,0.0017080744181038677
588600.00000502914,-1075.1754633592109,378321.99402186763,-462.92444999551157,-1.0306105220692521,-0.01570483290945764,0.0017408717876232426
590400.00000492437,-2930.2466978277735,378289.2180505282,-459.76131037954963,-1.0305756137434894,-0.020712958621429065,0.001773739340388494
592200.00000481959,-4785.2328210349924,378247.42724326777,-456.53894728873723,-1.0305159527741483,-0.025721296941932745,0.0018066753625193383
594000.00000534346,-6640.0892723829502,378196.62132715521,-453.25723902338456,-1.0304315320045132,-0.030729725873170317,0.0018396781349338562
595800.00000586733,-8494.7714775147815,378136.80024898075,-449.91606698532513,-1.0303223449085819,-0.035738123320565335,0.0018727459334107034
597600.00000544824,-10349.234850657873,378067.96417540568,-446.51531568502924,-1.0301883855922287,-0.040746367099648684,0.0019058770287110629
599400.00000534346,-12203.434798506447,377990.1134930033,-443.05487274541048,-1.0300296487941143,-0.045754334947113014,0.0019390696867286937
601200.00000523869,-14057.326716852889,377903.24880857201,-439.53462891880326,-1.0298461298871111,-0.050761904512292913,0.0019723221685105843
603000.00000513392,-15910.865994160449,377807.37094919669,-435.95447809112591,-1.029637824879239,-0.055768953367400238,0.002005632730401738
604800.00000534346,-17764.008012675138,377702.48096237658,-432.3143172902582,-1.0294047304147018,-0.060775359011123013,0.0020389996241463428
606600.00000555301,-19616.708148516012,377588.5801162158,-428.61404669630645,-1.0291468437750442,-0.065780998869473375,0.0020724210969706664
608400.00000544824,-21468.921773764148,377465.66989949683,-424.85356964780448,-1.0288641628800639,-0.070785750302043357,0.0021058953917021295
610200.00000565778,-23320.604257572588,377333.75202179584,-421.03279264958593,-1.0285566862887707,-0.075789490605625176,0.0021394207468709851
612000.00000523869,-25171.710966297978,377192.8284136678,-417.15162538254935,-1.0282244132005114,-0.080792097015195435,0.0021729953967944671
613800.00000544824,-27022.197267012365,377042.90122657083,-413.20998070618981,-1.027867343455479,-0.085793446714042931,0.0022066175717223571
615600.00000502914,-28872.01852499292,376883.97283325106,-409.20777467360762,-1.0274854775362747,-0.09079341682762912,0.0022402854978735291
617400.00000461005,-30721.130108469475,376716.04582754866,-405.14492653100012,-1.0270788165681026,-0.095791884437072441,0.0022739973976043685
619200.00000481959,-32569.487388600952,376539.12302456022,-401.0213587269742,-1.0266473623197931,-0.10078872657974562,0.0023077514894908808
621000.0000044005,-34417.045738221452,376353.20746095543,-396.83699692471947,-1.0261911172051927,-0.10578382024655322,0.0023415459883881821
622800.00000429573,-36263.760537321286,376158.30239463452,-392.59176999889371,-1.0257100842829348,-0.11077704239742461,0.0023753791056132499
624600.00000387663,-38109.587170625753,375954.41130513919,-388.28561005001262,-1.0252042672580421,-0.11576826995545024,0.0024092490489834462
626400.00000408618,-39954.481031536583,375741.53789341496,-383.91845240421787,-1.0246736704819164,-0.12075737981822833,0.0024431540229716297
628200.00000461005,-41798.397520212224,375519.68608220527,-379.49023562646767,-1.0241182989538913,-0.12574424885336963,0.0024770922287538862
630000.00000513392,-43641.292047112125,375288.86001582968,-375.00090152077127,-1.0235381583212304,-0.1307287539087843,0.0025110618643577531
631800.00000471482,-45483.120032624749,375049.06406040705,-370.45039513949308,-1.0229332548802288,-0.13571077181238472,0.002545061124738528
633600.00000461005,-47323.836910672122,374800.30280356831,-365.83866478275661,-1.0223035955760167,-0.14069017938255132,0.0025790882019291242
635400.00000481959,-49163.398127589957,374542.58105476393,-361.16566200923756,-1.0216491880038521,-0.14566685342582431,0.0026131412851028617
637200.00000471482,-51001.759143541094,374275.90384526056,-356.43134164068232,-1.020970040409612,-0.15064067074145535,0.0026472185606830332
639000.00000461005,-52838.87543444294,374000.27642804274,-351.63566176483567,-1.0202661616900373,-0.15561150812735355,0.0026813182124621744
640800.00000450527,-54674.702492560456,373715.70427789737,-346.77858374157847,-1.019537561393419,-0.16057924238243024,0.0027154384216967506
642600.00000471482,-56509.195828554854,373422.19309127028,-341.86007220507025,-1.0187842497197053,-0.16554375031288548,0.0027495773672289734
644400.00000429573,-58342.310970762162,373119.74878655578,-336.88009507309283,-1.018006237521685,-0.17050490873100577,0.0027837332255571745
646200.00000356231,-60174.003469040465,372808.37750364462,-331.83862354395387,-1.0172035363042728,-0.17546259446632906,0.0028179041709913083
648000.00000345754,-62004.228894618907,372488.08560409927,-326.73563210384907,-1.016376158225379,-0.1804166843659972,0.002852088375734189
649800.00000335276,-63832.942840172575,372158.87967131578,-321.57109853367757,-1.0155241160967456,-0.18536705529572142,0.0028862840099668839
651600.00000261934,-65660.10092162012,371820.76651039207,-316.34500391094741,-1.014647423384009,-0.19031358414541596,0.002920489241966254
653400.00000282889,-67485.658782094062,371473.75314755127,-311.05733260502564,-1.0137460942055889,-0.19525614784072032,0.0029547022382634515
655200.00000272412,-69309.572088025845,371117.8468310319,-305.70807229486041,-1.0128201433353701,-0.20019462333317586,0.0029889211636547775
657000.00000261934,-71131.796534186462,370753.05503030861,-300.29721396086649,-1.0118695862010527,-0.20512888761465545,0.0030231441813802608
658800.00000251457,-72952.287843910075,370379.38543619099,-294.82475189034693,-1.0108944388847489,-0.21005881771875209,0.0030573694532121899
660600.0000024098,-74771.001769757393,369996.84596085153,-289.2906836815838,-1.0098947181233937,-0.21498429072336397,0.0030915951395517976
662400.00000230502,-76587.894095218842,369605.44473763282,-283.69501024463136,-1.0088704413085672,-0.2199051837560991,0.0031258193995455656
664200.00000282889,-78402.92063618642,369205.19012088521,-278.0377358025267,-1.007821626486382,-0.22482137399905647,0.003160040391197271
666000.00000272412,-80216.037239585727,368796.09068643645,-272.31886790125316,-1.0067482923590076,-0.22973273868591781,0.0031942562714264494
667800.00000261934,-82027.199788637983,368378.1552305838,-266.53841739880153,-1.005650458282322,-0.23463915511700018,0.0032284651962519156
669600.00000282889,-83836.364201609773,367951.39277050778,-260.69639847427027,-1.0045281442672624,-0.23954050065667459,0.0032626653208525577
671400.00000303844,-85643.486432738719,367515.81254422246,-254.79282863017045,-1.0033813709799586,-0.24443665273667889,0.0032968547996690698
673200.00000293367,-87448.522474226338,367071.42401026207,-248.82772869105364,-1.0022101597411566,-0.24932748886232386,0.0033310317865259021
675000.00000251457,-89251.428357637036,366618.23684748478,-242.80112280375437,-1.0010145325259356,-0.25421288661709446,0.0033651944347420073
676800.0000024098,-91052.160154708516,366156.26095501549,-236.71303843939356,-0.999794511963779,-0.259092723665658,0.0033993408972304482
678600.00000261934,-92850.673978754989,365685.50645203592,-230.56350639323335,-0.99855012133822418,-0.26396687775847916,0.0034334693266091891
680400.00000282889,-94646.925984537156,365205.98367797345,-224.35256078961757,-0.99728138458756521,-0.26883522673228394,0.0034675778752827832
682200.00000303844,-96440.872371041143,364717.70319192455,-218.08023907679441,-0.99598832630350942,-0.27369764851840644,0.0035016646955792013
684000.00000293367,-98232.46938165139,364220.67577275028,-211.74658203044152,-0.99467097173159991,-0.27855402114407374,0.0035357279398371927
685800.00000314321,-100021.67330719923,363714.91241837561,-205.35163374689219,-0.99332934676951756,-0.28340422274148974,0.0035697657605482627
687600.00000335276,-101808.44048432574,363200.42434638302,-198.89544165275541,-0.99196347796880036,-0.28824813154421602,0.0036037763104094602
689400.00000324799,-103592.72729798716,362677.22299346427,-192.37805649978841,-0.9905733925335185,-0.29308562589478176,0.0036377577424549015
691200.00000345754,-105374.49018412347,362145.32001477078,-185.79953235865909,-0.98915911831867198,-0.29791658425273948,0.0036717082101903856
693000.00000366708,-107153.68562818333,361604.72728448024,-179.15992662770188,-0.98772068383180189,-0.30274088519148629,0.0037056258676490123
694800.00000356231,-108930.27016741791,361055.45689526474,-172.45930002782106,-0.98625811823167098,-0.30755840740530271,0.0037395088695184732
696600.00000377186,-110704.20039322037,360497.52115770202,-165.69771659676064,-0.98477145132677613,-0.31236902971651592,0.0037733553712691994
698400.00000335276,-112475.43294940997,359930.93260094803,-158.87524369859563,-0.98326071357721212,-0.31717263107166688,0.0038071635292050163
700200.00000356231,-114243.92453802304,359355.70397103543,-151.99195200436247,-0.98172593609018788,-0.32196909055803202,0.00384093150065696
702000.00000408618,-116009.63191521246,358771.84823230968,-145.04791551047131,-0.98016715062390403,-0.32675828739332319,0.0038746574439881844
703800.00000366708,-117772.5118948798,358179.37856641097,-138.04321152732447,-0.97858438958486638,-0.33154010093635183,0.0039083395187463101
705600.00000356231,-119532.52135159701,357578.3083714128,-130.97792067000864,-0.9769776860256042,-0.336314410695772,0.0039419758858022002
707400.00000314321,-121289.61721871325,356968.65126257821,-123.85212686798332,-0.97534707364669626,-0.34108109632575956,0.0039755647073965172
709200.00000303844,-123043.75649168332,356350.42107135447,-116.66591735383122,-0.97369258679407633,-0.34584003763585203,0.0040091041472859745
711000.00000324799,-124794.89622762107,355723.63184565125,-109.41938266697724,-0.97201426045975947,-0.35059111459054992,0.004042592370817227
712800.00000282889,-126542.99354681723,355088.29784944467,-102.11261664936318,-0.97031213028075103,-0.35533420731424237,0.0040760275450382145
714600.00000272412,-128288.00563563868,354444.43356184679,-94.745716434977879,-0.96858623253651144,-0.3600691960998807,0.0041094078388357134
716400.00000230502,-130029.88974514781,353792.05367772683,-87.318782457095679,-0.96683660415056338,-0.36479596140603621,0.0041427314229908257
718200.00000220025,-131768.60319430204,353131.17310665373,-79.831918436140654,-0.965063282687593,-0.36951438386638452,0.0041759964703219909
720000.00000209548,-133504.10336973995,352461.80697308999,-72.28523138175413,-0.96326630635388488,-0.3742243442899249,0.0042092011557624048
721800.00000230502,-135236.34772764173,351783.97061580484,-64.678831585866533,-0.96144571399565881,-0.37892572366682425,0.0042423436564769492
723600.00000251457,-136965.29379464826,351097.67958763405,-57.012832619587265,-0.95960154509831785,-0.38361840317170637,0.0042754221519609326
725400.0000024098,-138690.89916835146,350402.94965541176,-49.287351331890555,-0.95773383978615156,-0.38830226416577018,0.0043084348241303246
727200.00000230502,-140413.12152025753,349699.79679890117,-41.502507837043829,-0.95584263881933418,-0.39297718820562183,0.0043413798574591786
729000.00000220025,-142131.91859530183,348988.23721109272,-33.658425517188469,-0.95392798359458653,-0.39764305704273945,0.0043742554390507607
730800.00000272412,-143847.24821420247,348268.28729735134,-25.755231012007911,-0.95198991614272821,-0.40229975263064116,0.0044070597587627493
732600.00000324799,-145559.06827251357,347539.96367592644,-17.79305422330615,-0.95002847912988631,-0.40694715712309226,0.0044397910092690684
734400.00000314321,-147267.3367435181,346803.28317686054,-9.7720283018428766,-0.94804371585439051,-0.4115851528827244,0.0044724473861948895
736200.00000335276,-148972.01168032648,346058.26284117874,-1.6922896372765017,-0.94603567024439283,-0.41621362248750615,0.0045050270882361319
738000.00000324799,-150673.05121379386,345304.91992189956,6.4460221322270197,-0.94400438686040122,-0.42083244872584658,0.0045375283171987767
739800.00000345754,-152370.41355752584,344543.27188195038,14.642764144115091,-0.94194991088944735,-0.42544151461094371,0.0045699492781733457
741600.0000039814,-154064.05700555671,343773.33639528998,22.897790300921216,-0.9398722881478937,-0.43004070337523592,0.0046022881795690432
743400.00000419095,-155753.93993505079,342995.13134581805,31.210951283818812,-0.93777156507826231,-0.43462989847848121,0.0046345432332436359
745200.00000408618,-157440.02080794817,342208.6748267166,39.582094561532003,-0.93564778874721355,-0.43920898361297228,0.0046667126546127312
747000.00000366708,-159122.25817072907,341413.98514065868,48.01106439010011,-0.9335010068458558,-0.44377784270362924,0.0046987946627228107
748800.00000324799,-160800.61065739539,340611.08079850872,56.497701828813867,-0.93133126768597063,-0.44833635991683229,0.0047307874803854478
750600.00000345754,-162475.03698920429,339799.98051953211,65.041844740198457,-0.92913862020030247,-0.45288441966042153,0.0047626893342490144
752400.00000366708,-164145.49597514982,338980.70323127654,73.643327793677997,-0.9269231139419537,-0.45742190658572707,0.0047944984548844672
754200.00000324799,-165811.94651402999,338153.26806867577,82.301982477521236,-0.92468479908166634,-0.4619487055938935,0.0048262130769009103
756000.00000282889,-167474.34759642353,337317.69437315856,91.017637110772242,-0.92242372640510184,-0.46646470184196148,0.0048578314390590564
757800.0000024098,-169132.65830450063,336474.00169282517,99.790116844099472,-0.92013994731300208,-0.4709697807430504,0.0048893517843429926
759600.0000019907,-170786.83781338084,335622.20978185983,108.61924366877103,-0.91783351381927369,-0.47546382797074616,0.0049207723600610829
761400.00000251457,-172436.84539316743,334762.33859957493,117.5048364295392,-0.91550447854805683,-0.47994672946531364,0.0049520914179592528
763200.0000024098,-174082.64040720678,333894.40831141145,126.44671081738305,-0.91315289473609351,-0.48441837142964811,0.0049833072142621993
765000.00000230502,-175724.1823172186,333018.4392863519,135.44467939944911,-0.91077881622535795,-0.4888786403438885,0.005014418009844571
766800.00000188593,-177361.4306812211,332134.45209808525,144.49855161032508,-0.90838229746584509,-0.49332742296044835,0.0050454220702649778
768600.00000209548,-178994.34515686205,331242.46752331295,153.6081337728688,-0.90596339351060229,-0.49776460631372293,0.0050763176659020673
770400.0000019907,-180622.88550030728,330342.50654243131,162.77322909477368,-0.90352216001719199,-0.50219007771772628,0.005107103072006027
772200.00000220025,-182247.01156918731,329434.59033800714,171.99363768780205,-0.90105865324316403,-0.50660372477473914,0.0051377765688263386
774000.00000178115,-183866.68332192692,328518.74029523222,181.26915656695428,-0.89857293004687888,-0.51100543537412468,0.0051683364416707546
775800.00000167638,-185481.86082147877,327594.97799990221,190.59957967485633,-0.8960650478816099,-0.51539509770310443,0.0051987809810468784
777600.00000188593,-187092.5042337639,326663.32523936423,199.98469787614383,-0.89353506479768952,-0.51977260024314098,0.0052291084827033336
779400.00000178115,-188698.57382930131,325723.8040016818,209.42429897006505,-0.89098303943981272,-0.52413783177497997,0.0052593172477307017
781200.00000167638,-190300.02998571482,324776.43647424842,218.9181677086583,-0.88840903104282865,-0.52849068138606692,0.0052894055826783167
783000.00000125729,-191896.83318668362,323821.24504447513,228.46608579419114,-0.88581309943315623,-0.53283103846829205,0.0053193717996036522
784800.00000083819,-193488.94402518371,322858.25229794328,238.06783190212715,-0.88319530502330779,-0.53715879272738964,0.0053492142162018747
786600.0000004191,-195076.32320304858,321887.48101872625,247.72318168245133,-0.88055570881229506,-0.54147383418231909,0.0053789311558655887
788400.00000094296,-196658.93153291824,320908.95418827579,257.4319077754418,-0.87789437238212764,-0.54577605317113587,0.0054085209477889029
790200.00000115251,-198236.7299373603,319922.69498604385,267.19377981031766,-0.87521135789901683,-0.55006534034916477,0.0054379819270180671
792000.00000167638,-199809.67945274411,318928.72678715177,277.00856443324528,-0.87250672810654928,-0.55434158670007816,0.0054673124345903023
793800.00000094296,-201377.7412272403,317927.07316371048,286.87602529929507,-0.86978054632877644,-0.55860468353100745,0.0054965108175623464
795600.00000052387,-202940.87652578237,316917.75788173679,296.79592310796932,-0.8670328764613181,-0.56285452248655865,0.005525575429168211
797400.0000004191,-204499.04672795796,315900.80490253691,306.76801559473489,-0.8642637829746127,-0.56709099554361042,0.0055545046288445546
799200.00000062864,-206052.21332941405,314876.23838188453,316.79205754448282,-0.86147333091115375,-0.57131399501564184,0.0055832967823209734
801000.00000020955,-207600.3379431616,313844.08266923815,326.86780080463609,-0.85866158588283914,-0.5755234135567926,0.0056119502617078343
802800.00000010477,-209143.3823019405,312804.36230622424,336.9949943055006,-0.85582861406629473,-0.57971914416878056,0.0056404634456028923
804599.99999968568,-210681.30825733056,311757.10202727892,347.1733840596138,-0.85297448220408401,-0.58390108019897669,0.0056688347191371415
806399.9999995809,-212214.07778198173,310702.32675820554,357.40271318153492,-0.85009925760022775,-0.58806911534694017,0.0056970624740776271
808199.99999979045,-213741.65296982834,309640.06161608262,367.68272189458469,-0.84720300811939375,-0.59222314366546736,0.0057251451088924637
810000.00000031432,-215263.99603785633,308570.33190809633,378.01314754808112,-0.84428580218315774,-0.59636305956585189,0.005753081028843701
811800.00000020955,-216781.06932546658,307493.16313205106,388.39372461848092,-0.84134770877082132,-0.60048875781660382,0.0057808686460353838
813600.0000004191,-218292.83529867334,306408.58097345417,398.82418474362339,-0.83838879741089056,-0.60460013355529241,0.0058085063795495972
815400.00000062864,-219799.2565477629,305316.6113072157,409.30425671256376,-0.83540913818512985,-0.60869708228261021,0.0058359926554618783
817200.00000020955,-221300.29578960696,304217.28019606281,419.83366648720357,-0.83240880172364862,-0.61277949986907265,0.0058633259069413241
819000.0000004191,-222795.91587014397,303110.61388875748,430.41213722574958,-0.8293878591994488,-0.61684728256217469,0.0058905045743527038
820800.00000031432,-224286.07976228482,301996.63882168062,441.0393892740812,-0.82634638233214686,-0.62090032698108255,0.0059175271052746645
822600.00000020955,-225770.75056914307,300875.38161650044,451.71514019466264,-0.82328444338101292,-0.62493853012580358,0.0059443919546140747
824400.00000010477,-227249.89152463898,299746.86907974811,462.43910477728122,-0.82020211514319374,-0.62896178937919678,0.005971097584671829
826200.00000062864,-228723.46599434243,298611.12820221041,473.21099505158008,-0.81709947095145363,-0.63297000250962798,0.005997642465212112
828000.00000083819,-230191.43747527944,297468.18615913461,484.03052029204218,-0.81397658467410916,-0.63696306767079147,0.0060240250735124875
829800.0000004191,-231653.76959823904,296318.07030850113,494.89738704136226,-0.81083353070969055,-0.64094088340831779,0.0060502438944581485
831600.00000094296,-233110.4261300537,295160.80818924465,505.81129913427316,-0.80767038398145563,-0.64490334866630872,0.0060762974206346708
833400.00000083819,-234561.37097029394,293996.4275239064,516.77195767965975,-0.80448721994400751,-0.64885036277865948,0.0061021841523199978
835200.00000073342,-236006.56815665422,292824.95621440484,527.7790611077138,-0.80128411457109838,-0.65278182548401054,0.0061279025976312658
837000.00000125729,-237445.98186408947,291646.42234272062,538.83230517071604,-0.79806114435686537,-0.65669763692369298,0.0061534512725588695
838800.00000115251,-238879.57640392275,290460.8541716871,549.93138294307892,-0.79481838631735191,-0.66059769763958154,0.0061788287009996133
840600.00000073342,-240307.31622806663,289268.28014156892,561.07598486092229,-0.79155591798050351,-0.66448190858584821,0.0062040334148797819
842400.00000031432,-241729.16592861246,288068.72887039481,572.26579872645686,-0.78827381738642999,-0.66835017112810158,0.0062290639541949912
844200.00000083819,-243145.0902384877,286862.22915343364,583.500509720526,-0.78497216308531914,-0.67220238704542257,0.0062539188670682451
846000.0000004191,-244555.05403082652,285648.80996378587,594.77980040485113,-0.7816510341384042,-0.67603845852888389,0.0062785967097848238
847800.00000062864,-245959.02232406574,284428.50044804806,606.1033507701884,-0.77831051010543773,-0.6798582881956412,0.0063030960469264664
849600.00000083819,-247356.96027842216,283201.32992935157,617.47083821591843,-0.77495067105234994,-0.68366177907955483,0.0063274154513537411
851400.00000073342,-248748.83319909032,281967.32790463651,628.88193758334171,-0.77157159754312643,-0.68744883464009421,0.0063515535043052991
853200.00000031432,-250134.60653698014,280726.52404400869,640.33632116963031,-0.76817337063738145,-0.691219358764528,0.0063755087954530379
855000.00000020955,-251514.24588971,279478.94818986539,651.83365874398896,-0.76475607188729722,-0.69497325577080638,0.0063992799229608596
856800.0000004191,-252887.71700177659,278224.63035676058,663.37361755706115,-0.76131978333658412,-0.69871043040818281,0.0064228654935283474
858600,-254254.98576516032,276963.60073089442,674.95586235389521,-0.75786458751841912,-0.70243078785901325,0.0064462641224412778
860399.99999989523,-255616.0182219983,275695.8896676767,686.58005540465604,-0.75439056744809097,-0.70613423374617246,0.0064694744336564799
862199.99999947613,-256970.78056329399,274421.52769292501,698.24585650196866,-0.75089780662561634,-0.7098206741296661,0.0064924950598180178
863999.99999968568,-258319.23913179114,273140.54550020088,709.952922993794,-0.74738638902776267,-0.71349001551457036,0.0065153246423434738
865799.99999989523,-259661.36042065232,271852.97395206621,721.70090978042106,-0.74385639911081969,-0.71714216484753923,0.0065379618314381199
867600.0000004191,-260997.11107648941,270558.84407721896,733.48946934921719,-0.74030792180206872,-0.72077702952514089,0.0065604052861818153
869400.00000094296,-262326.45789870858,269258.18707111658,745.31825177753842,-0.73674104250082162,-0.72439451739215621,0.0065826536745526472
871200.00000146683,-263649.3678406059,267951.03429494135,757.18690475087919,-0.733155847074901,-0.72799453674462811,0.0066047056734793571
873000.00000136206,-264965.80801056593,266637.41727443482,769.09507358221276,-0.72955242185677194,-0.73157699633318019,0.0066265599688944583
874800.00000125729,-266275.74567325949,265317.36769870738,781.04240123158115,-0.72593085363959842,-0.73514180536631346,0.0066482152557862202
876600.00000115251,-267579.14824990078,263990.91741997265,793.02852831734731,-0.7222912296758377,-0.73868887351114687,0.0066696702382341311
878400.00000104774,-268875.98331904743,262658.09845275024,805.05309313233522,-0.71863363767437916,-0.74221811089560785,0.0066909236294525123
880200.00000094296,-270166.21861754166,261318.94297291239,817.11573166141022,-0.7149581657972508,-0.74572942811100129,0.0067119741518354877
882000.00000115251,-271449.82204129227,259973.48331687879,829.21607759776214,-0.71126490265673803,-0.74922273621413404,0.0067328205369983855
883800.00000104774,-272726.76164584275,258621.75198103397,841.35376235724084,-0.70755393731310778,-0.75269794672884527,0.0067534615258147985
885600.00000094296,-273997.00564782479,257263.78162019775,853.5284151012213,-0.70382535926974055,-0.75615497164993128,0.0067738958684668733
887400.00000083819,-275260.52242547466,255899.60504706181,865.73966275081295,-0.70007925847090746,-0.75959372344451037,0.0067941223244795419
889200.00000010477,-276517.2805185077,254529.2552323369,877.98712999478096,-0.69631572530151264,-0.76301411505163053,0.0068141396627435452
891000.00000031432,-277767.24863140727,253152.76530117236,890.27043933082291,-0.69253485057658437,-0.76641605989115291,0.0068339466615920464
892800.00000020955,-279010.39563049155,251770.1685363568,902.58921104627734,-0.68873672554940357,-0.76979947185569098,0.0068535421087771624
894600.0000004191,-280246.69054814545,250381.4983736625,914.94306326903313,-0.68492144189805337,-0.77316426532204463,0.0068729248015594177
896400.00000031432,-281476.10258135223,248986.78840345339,927.33161196257231,-0.68108909172917131,-0.77651035514709699,0.0068920935467058336
898199.99999989523,-282698.60109355347,247586.07236859758,939.75447095397828,-0.67723976757155602,-0.77983765667276983,0.0069110471605396927
899999.99999979045,-283914.15561563295,246179.38416331704,952.21125195359014,-0.67337356237235124,-0.78314608572857058,0.0069297844689752653
901800.00000031432,-285122.7358458279,244766.75783326852,964.70156456377549,-0.66949056949660934,-0.78643555863122128,0.0069483043075350632
903600.00000020955,-286324.31164986017,243348.22757541516,977.2250162896554,-0.66559088272629152,-0.78970599218486137,0.006966605521369895
905400.0000004191,-287518.85306389304,241923.82773454435,989.78121257944952,-0.6616745962500471,-0.79295730368893846,0.0069846869653209936
907200,-288706.33029310417,240493.59280492389,1002.3697568194355,-0.65774180466712273,-0.79618941093415097,0.0070025475039141201
908999.99999989523,-289886.71371431078,239057.55742714962,1014.9902503713771,-0.65379260297804964,-0.79940223220941498,0.0070201860114143767
910800.0000004191,-291059.97387529328,237615.75638892376,1027.6422925753009,-0.64982708658615174,-0.80259568629982059,0.0070376013718299836
912600.00000094296,-292226.08149527176,236168.22462448396,1040.3254807642511,-0.6458453512953376,-0.80576969248772945,0.0070547924789329756
914400.00000052387,-293385.00746640208,234714.99721276108,1053.0394102901937,-0.64184749330440738,-0.80892417055662402,0.007071758236293902
916200.00000010477,-294536.72285510146,233256.10937568196,1065.7836745485959,-0.63783360920175547,-0.81205904079448954,0.0070884975573125581
918000.00000031432,-295681.19890205056,231791.59647811743,1078.5578649886043,-0.63380379596460745,-0.81517422399357453,0.0071050093652284766
919800.00000052387,-296818.40702185489,230321.49402831346,1091.3615711191153,-0.62975815095959042,-0.81826964144922543,0.0071212925931259177
921600.00000010477,-297948.31880488864,228845.83767553544,1104.1943805391631,-0.62569677193563911,-0.82134521496463087,0.0071373461839694813
923400,-299070.90601879783,227364.66320805691,1117.0558789652184,-0.62161975701785277,-0.82440086685464853,0.0071531690906333047
925200.00000020955,-300186.14060770068,225878.00655416082,1129.945650232306,-0.6175272047096495,-0.82743651994333423,0.0071687602758965649
927000.0000004191,-301293.99469282042,224385.90378130827,1142.8632763111332,-0.61341921388988097,-0.83045209756537308,0.0071841187124589093
928800.00000062864,-302394.4405743886,222888.39109356477,1155.8083373402765,-0.60929588380515565,-0.83344752357095286,0.0071992433829723649
930600.00000052387,-303487.45073095494,221385.50483249835,1168.7804116283016,-0.60515731407172713,-0.83642272232356207,0.0072141332800361151
932400.0000004191,-304572.99782125623,219877.28147460666,1181.779075685911,-0.60100360466782921,-0.83937761870475036,0.0072287874062259318
934200.00000031432,-305651.05468412384,218363.75763139664,1194.8039042351634,-0.59683485593332042,-0.84231213811353567,0.0072432047740955009
935999.99999989523,-306721.59433919773,216844.97004836949,1207.8544702281633,-0.59265116856631972,-0.84522620646799751,0.0072573844061880385
937799.99999947613,-307784.58998804749,215320.95560340301,1220.9303448709056,-0.58845264361819116,-0.8481197502079646,0.0072713253350523066
939599.99999937136,-308840.01501434896,213791.75130645267,1234.0310976357775,-0.58423938249216256,-0.85099269629512708,0.0072850266032450208
941399.99999895226,-309887.84298419021,212257.39429909689,1247.1562962754315,-0.5800114869415256,-0.85384497221348288,0.0072984872633344621
943199.99999884749,-310928.04764762335,210717.92185224729,1260.3055068523661,-0.57576905906278386,-0.85667650597316924,0.0073117063779191615
944999.99999842839,-311960.60293857724,209173.37136622251,1273.4782937482178,-0.57151220129532077,-0.8594872261098252,0.0073246830196244186
946799.9999980093,-312985.48297555908,207623.7803696843,1286.6742196828418,-0.56724101641793856,-0.8622770616860842,0.0073374162711082064
948599.99999821885,-314002.66206315235,206069.18651732666,1299.8928457439335,-0.56295560754197149,-0.86504594229523013,0.0073499052250759539
950399.99999842839,-315012.11469060613,204509.62759198534,1313.1337313790643,-0.55865607811658136,-0.8677937980569248,0.0073621489842585252
952199.99999832362,-316013.81553424656,202945.14150093723,1326.39643443712,-0.55434253191805405,-0.87052055962332464,0.0073741466614365338
953999.99999884749,-317007.73945810902,201375.76627482622,1339.680511187333,-0.55001507304633657,-0.87322615818035576,0.0073858973794414034
955799.99999905704,-317993.8615127771,199801.5400694549,1352.9855163140583,-0.54567380592948656,-0.87591052544408421,0.0073974002711345785
957599.99999926658,-318972.15693762724,198222.50116221816,1366.3110029569373,-0.54131883531335767,-0.87857359366635668,0.0074086544794265581
959399.99999916181,-319942.60116088326,196638.6879519455,1379.6565227221465,-0.53695026626068509,-0.88121529563446743,0.0074196591572688033
961199.99999874271,-320905.16980003129,195050.1389581867,1393.0216256983604,-0.53256820414865247,-0.88383556467179747,0.0074304134676492165
962999.99999926658,-321859.83866336721,193456.89281860538,1406.4058604885922,-0.52817275466124192,-0.88643433464152621,0.0074409165835994297
964799.99999947613,-322806.58374834835,191858.98829167156,1419.8087741974794,-0.52376402379621101,-0.88901153994163717,0.0074511676881658081
966599.99999968568,-323745.38124426513,190256.46425218077,1433.2299124788583,-0.51934211785229079,-0.89156711551166923,0.0074611659744276398
968400.00000020955,-324676.20753195282,188649.35969165267,1446.6688195422682,-0.51490714342985189,-0.89410099683140953,0.0074709106454815674
970200.0000004191,-325599.03918402939,187037.7137178971,1460.1250381664765,-0.51045920742928463,-0.89661311992100201,0.007480400914431435
972000.00000062864,-326513.85296627198,185421.5655525781,1473.5981097297104,-0.50599841704386161,-0.89910342134415122,0.0074896360043890673
973800.00000115251,-327420.62583761598,183800.95453113818,1487.0875742200974,-0.50152487975912119,-0.9015718382075697,0.007498615148459873
975600.00000104774,-328319.3349501745,182175.92010274486,1500.5929702459753,-0.49703870335232525,-0.90401830816046613,0.007507337589728367
977400.00000062864,-329209.95765087428,180546.5018273071,1514.1138350705307,-0.49253999588383768,-0.90644276939843527,0.007515802581258872
979200.00000052387,-330092.47148148582,178912.73937533429,1527.6497046227253,-0.48802886569635501,-0.90884516066295751,0.0075240093860792362
981000.0000004191,-330966.8541787517,177274.67252765401,1541.2001135094038,-0.48350542141376118,-0.91122542124116768,0.0075319572771654023
982800.00000031432,-331833.0836752851,175632.34117370413,1554.7645950392173,-0.47896977193605367,-0.91358349096770419,0.0075396455374323098
984600.00000020955,-332691.1380999604,173985.78531073558,1568.3426812389218,-0.47442202643679326,-0.91591931022517759,0.0075470734597193907
986400.00000010477,-333540.99577837862,172335.04504287385,1581.9339028708382,-0.46986229436017568,-0.91823281994482586,0.0075542403467760161
988199.99999968568,-334382.63523325813,170680.16058031927,1595.5377894491296,-0.46529068541849455,-0.92052396160696459,0.0075611455112457445
989999.9999995809,-335216.03518555372,169021.17223709071,1609.1538692680019,-0.46070730958559059,-0.9227926772434113,0.0075677882756556457
991799.99999916181,-336041.17455364642,167358.12043257148,1622.7816693986385,-0.45611227710081592,-0.92503890943464961,0.0075741679723894456
993599.99999905704,-336858.03245525603,165691.04568764748,1636.420715730492,-0.4515056984580692,-0.92726260131440064,0.0075802839436818889
995399.99999863794,-337666.58820668422,164019.98862616334,1650.0705329689206,-0.44688768440953047,-0.92946369656692063,0.0075861355415912926
997199.99999916181,-338466.82132455078,162344.98997130126,1663.7306446743326,-0.44225834595538233,-0.9316421394310761,0.007591722127990439
998999.99999968568,-339258.71152471117,160666.09054776156,1677.4005732538908,-0.4376177943495691,-0.93379787469674347,0.0075970430745362586
1000799.9999992666,-340042.23872335494,158983.33127946377,1691.0798399898079,-0.4329661410931917,-0.93593084770713586,0.0076020977626551052
1002599.9999988475,-340817.3830384349,157296.7531864029,1704.7679650743387,-0.42830349792557587,-0.93804100436202709,0.0076068855835283783
1004399.9999984284,-341584.12478878431,155606.39738646033,1718.4644676044531,-0.42362997682904513,-0.94012829111467211,0.0076114059380626257
1006199.9999980093,-342342.44449523423,153912.30509292177,1732.1688656113806,-0.41894569002183996,-0.94219265497417015,0.0076156582368722241
1007999.9999975902,-343092.32288055017,152214.51761455918,1745.8806760692992,-0.41425074995813405,-0.94423404350460782,0.0076196419002541272
1009799.9999977998,-343833.74087059352,150513.07635295627,1759.5994149262719,-0.40954526932044233,-0.94625240482752793,0.0076233563581689498
1011599.9999980093,-344566.67959372059,148808.02280380635,1773.3245971030467,-0.40482936102302619,-0.94824768761959943,0.0076268010502121278
1013399.9999982188,-345291.12038174749,147099.39855467767,1787.0557365203665,-0.40010313820553611,-0.95021984111454239,0.0076299754255930476
1015199.9999977998,-346007.04477047297,145387.24528372061,1800.7923461185724,-0.39536671422927555,-0.95216881510384199,0.0076328789431109123
1016999.9999980093,-346714.4345003239,143671.60475803685,1814.5339378798383,-0.39062020267253733,-0.95409455993779901,0.0076355110711302104
1018799.9999975902,-347413.27151568641,141952.51883523868,1828.2800228248252,-0.38586371733477848,-0.95599702652299223,0.00763787128755116
1020599.9999971711,-348103.53796655597,140230.02945939123,1842.0301110542778,-0.38109737222526818,-0.95787616632604755,0.0076399590797882394
1022399.9999973807,-348785.21620834136,138504.17866137583,1855.7837117551335,-0.37632128156397593,-0.959731931372383,0.0076417739447411535
1024199.9999972759,-349458.28880159545,136775.00855955368,1869.5403332042968,-0.37153555978330521,-0.96156427424474644,0.007643315388766358
1025999.9999977998,-350122.73851385631,135042.56135502033,1883.2994828154172,-0.36674032151487146,-0.9633731480874963,0.0076445829276533071
1027799.9999980093,-350778.54831836629,133306.87933483507,1897.0606671221365,-0.36193568159835898,-0.96515850660237545,0.0076455760865926734
1029599.9999979045,-351425.70139574021,131568.0048676345,1910.8233918218557,-0.35712175506931571,-0.96692030405231588,0.0076462944001508392
1031399.9999984284,-352064.18113396538,129825.98040350561,1924.5871617855394,-0.35229865715874548,-0.96865849526069547,0.007646737412239887
1033199.9999989523,-352693.97112825268,128080.84847435134,1938.3514810636655,-0.34746650329407808,-0.97037303561018373,0.0076469046760881797
1034999.9999994761,-353315.05518190825,126332.65169146031,1952.1158529142128,-0.3426254090924129,-0.97206388104436969,0.0076467957542113831
1036799.999999057,-353927.41730622429,124581.43274577189,1965.8797798093194,-0.33777549036123616,-0.97373098806670766,0.0076464102183825605
1038599.9999989523,-354531.04172191082,122827.23440371835,1979.6427634766612,-0.33291686308690083,-0.97537431374366501,0.0076457476496011988
1040399.9999988475,-355125.91285790538,121070.09951055977,1993.404304881876,-0.32804964344387078,-0.97699381570072164,0.0076448076380634172
1042199.9999987427,-355712.01535268832,119310.07098654659,2007.163904267313,-0.32317394778411485,-0.97858945212519299,0.0076435897831306221
1043999.9999992666,-356289.33405440557,117547.19182645883,2020.9210611641743,-0.31828989263586288,-0.98016118176579992,0.0076420936932981454
1045799.9999994761,-356857.8540207409,115781.50509996056,2034.6752743982818,-0.31339759470463435,-0.98170896393156115,0.0076403189861650317
1047599.9999993714,-357417.56051983498,114013.05394875318,2048.4260421207869,-0.30849717086541212,-0.98323275849352765,0.0076382652884009862
1049399.9999989523,-357968.43903035758,112241.8815862639,2062.1728618189954,-0.30358873816184956,-0.98473252588421134,0.0076359322357147158
1051199.9999994761,-358510.47524220351,110468.03129532715,2075.915230342735,-0.29867241379992993,-0.98620822709871503,0.0076333194728197204
1052999.9999993714,-359043.65505559894,108691.54643105535,2089.6526438904466,-0.29374831515602123,-0.98765982369152894,0.007630426653407428
1054799.9999998952,-359567.96458283771,106912.47041512115,2103.3845980618075,-0.28881655976114012,-0.98908727778048733,0.0076272534401077372
1056599.9999994761,-360083.39014734543,105130.84673881148,2117.1105878423436,-0.28387726530954022,-0.99049055204344794,0.0076237995044627638
1058400,-360589.91828530846,103346.71895740787,2130.8301076549815,-0.27893054964327035,-0.9918696097219597,0.0076200645268852231
1060199.9999995809,-361087.53574419452,101560.130695284,2144.5426513289758,-0.27397653076645684,-0.99322441461645883,0.0076160481966374245
1061999.9999994761,-361576.22948486026,99771.125638449375,2158.2477121653542,-0.2690153268247924,-0.99455493109123705,0.0076117502117845643
1063799.9999996857,-362055.98668070178,97979.747537447736,2171.9447829226833,-0.26404705611374857,-0.99586112407135663,0.0076071702791692189
1065599.9999992666,-362526.79471785191,96186.040206689155,2185.633355830279,-0.25907183707691195,-0.99714295904241323,0.0076023081143794247
1067399.9999991618,-362988.64119625557,94390.047520359687,2199.3129226274327,-0.25408978829484286,-0.99840040205269609,0.0075971634417067941
1069199.999999057,-363441.51392906829,92591.813414640783,2212.9829745543984,-0.24910102849144566,-0.99963341971077802,0.0075917359941214315
1070999.9999986379,-363885.40094341384,90791.381884769187,2226.6430023827133,-0.2441056765260407,-1.0008419791868057,0.0075860255132328075
1072799.9999985332,-364320.29048057128,88988.796984200613,2240.2924964293506,-0.23910385139128523,-1.0020260482122472,0.0075800317492560011
1074599.9999987427,-364746.1709960085,87184.102824447036,2253.9309465657693,-0.23409567221297653,-1.0031855950792019,0.0075737544609804997
1076399.9999989523,-365163.03115976567,85377.343573464022,2267.5578422378935,-0.22908125824584413,-1.0043205886406936,0.0075671934157343504
1078199.9999994761,-365570.85985661455,83568.563454951189,2281.172672479106,-0.2240607288718888,-1.0054309983103309,0.0075603483893511968
1079999.9999993714,-365969.64618621144,81757.806747701339,2294.7749259228576,-0.21903420359887021,-1.0065167940619559,0.0075532191661379635
1081799.9999992666,-366359.37946376501,79945.117782546746,2308.3640908332422,-0.21400180205213704,-1.0075779464307162,0.0075458055388326496
1083599.9999988475,-366740.04921957629,78130.540944442619,2321.9396550969223,-0.20896364398073039,-1.0086144265110391,0.0075381073085826139
1085399.9999987427,-367111.64519997506,76314.120668067844,2335.5011062636472,-0.20391984924550149,-1.0096262059584329,0.0075301242848967009
1087199.9999983236,-367474.15736675484,74495.90144052,2349.0479315335688,-0.19887053782694217,-1.010613256987186,0.0075218562856271126
1088999.9999979045,-367827.57589803939,72675.927797091572,2362.5796177962707,-0.19381582981381421,-1.0115755523719845,0.0075133031369217116
1090799.9999981141,-368171.89118823083,70854.244321437349,2376.0956516368592,-0.18875584540398513,-1.0125130654470187,0.0075044646731950732
1092599.9999983236,-368507.09384792391,69030.895646090794,2389.5955193395453,-0.18369070490624756,-1.0134257701050058,0.0074953407371024707
1094399.9999979045,-368833.17470444093,67205.926449711464,2403.0787069154262,-0.17862052873307224,-1.0143136407978979,0.0074859311794983393
1096199.9999977998,-369150.12480216188,65379.381455169743,2416.5447001238849,-0.17354543739569658,-1.0151766525370536,0.007476235859397589
1097999.9999980093,-369457.93540232588,63551.305430655906,2429.9929844716203,-0.16846555150762907,-1.0160147808919529,0.0074662546439531862
1099799.9999982188,-369756.59798332583,61721.743188071625,2443.423045231752,-0.16338099178061696,-1.0168280019902767,0.0074559874084202272
1101599.9999987427,-370046.10424101941,59890.739581179711,2456.8343674645776,-0.15829187901995304,-1.0176162925180223,0.0074454340361181448
1103399.9999989523,-370326.44608864933,58058.339506160562,2470.22643602062,-0.15319833412648462,-1.0183796297185637,0.0074345944184068804
1105199.9999988475,-370597.61565722775,56224.587899259655,2483.5987355649572,-0.14810047809054935,-1.019117991392986,0.0074234684546466657
1106999.999999057,-370859.60529574519,54389.529735374992,2496.9507505945517,-0.14299843198853504,-1.0198313558999359,0.0074120560521628133
1108799.9999986379,-371112.40757099626,52553.210029346199,2510.2819654358777,-0.13789231698696358,-1.0205197021544432,0.0074003571262276106
1110599.9999985332,-371356.01526823058,50715.673831426335,2523.5918642848055,-0.13278225433041269,-1.0211830096289867,0.0073883716000062048
1112399.9999984284,-371590.42139076802,48876.966230117563,2536.8799311929461,-0.12766836534992615,-1.0218212583517543,0.0073760994045492037
1114199.9999986379,-371815.61916054593,47037.132348203195,2550.145650103304,-0.12255077145251657,-1.0224344289074363,0.0073635404787420903
1115999.9999985332,-372031.60201794939,45196.217344194883,2563.3885048466805,-0.11742959412573926,-1.0230225024360786,0.0073506947692902778
1117799.9999984284,-372238.36362224276,43354.266408925592,2576.6079791730676,-0.11230495492877844,-1.0235854606335781,0.0073375622306717844
1119599.9999983236,-372435.89785153611,41511.324765884179,2589.8035567559868,-0.10717697549395125,-1.0241232857509168,0.0073241428251154695
1121399.9999988475,-372624.19880294934,39667.437669897823,2602.9747212087054,-0.10204577752362798,-1.0246359605939401,0.0073104365225683315
1123199.9999984284,-372803.26079255814,37822.650407999572,2616.1209560848133,-0.096911482793246587,-1.0251234685225497,0.0072964433006796345
1124999.9999986379,-372973.07835599908,35977.008293514999,2629.2417449270856,-0.091774213135465646,-1.0255857934516923,0.0072821631447339743
1126799.9999988475,-373133.64624804805,34130.556670495585,2642.3365712425029,-0.086634090453125021,-1.0260229198495703,0.0072675960476625513
1128599.9999984284,-373284.95944295992,32283.340910588835,2655.4049185312278,-0.081491236711170839,-1.0264348327379196,0.0072527420099984547
1130399.9999983236,-373427.01313471841,30435.406410211272,2668.446270313184,-0.076345773929430094,-1.0268215176920565,0.0072376010398327445
1132199.9999985332,-373559.80273691675,28586.79859214052,2681.4601101233097,-0.071197824187700307,-1.0271829608399341,0.0072221731528064534
1133999.9999987427,-373683.3238829113,26737.562904096641,2694.4459215281659,-0.06604750962247076,-1.0275191488619335,0.0072064583720794573
1135799.9999986379,-373797.57242596528,24887.74481716843,2707.4031881435294,-0.060894952423220808,-1.0278300689906443,0.0071904567282979831
1137599.9999985332,-373902.54443936847,23037.38982428137,2720.3313936515965,-0.055740274828845478,-1.028115709010593,0.0071741682595623133
1139399.9999984284,-373998.23621646629,21186.543440131474,2733.2300218078758,-0.050583599128174388,-1.0283760572577223,0.0071575930114076139
1141199.9999989523,-374084.64427078655,19335.251199435457,2746.0985564598227,-0.045425047655812442,-1.0286111026191549,0.0071407310367705311
1142999.9999988475,-374161.76533602219,17483.558658191079,2758.9364815445224,-0.040264742796378622,-1.0288208345325611,0.0071235823959836346
1144799.999999057,-374229.59636628261,15631.511388962541,2771.7432811278049,-0.03510280697210643,-1.0290052429862788,0.0071061471567155305
1146599.9999986379,-374288.13453601813,13779.154983389777,2784.5184393931963,-0.02993936265058459,-1.0291643185185471,0.0070884253939776931
1148399.9999985332,-374337.37724021159,11926.535047868792,2797.2614406780899,-0.024774532333476984,-1.0292980522174742,0.0070704171900680497
1150199.9999981141,-374377.32209433621,10073.697206008672,2809.9717694631031,-0.019608438564141021,-1.0294064357203805,0.0070521226345792191
1151999.9999980093,-374407.96693450329,8220.6870946787803,2822.6489104055636,-0.014441203917389261,-1.0294894612136727,0.0070335418243458016
1153799.9999975902,-374429.30981747102,6367.5503653553988,2835.2923483365162,-0.0092729510040346821,-1.0295471214323335,0.007014674863443501
1155599.9999974854,-374441.34902073507,4514.332681347536,2847.9015682859595,-0.0041038024639566675,-1.0295794096596673,0.0069955218631481061
1157399.999997695,-374444.08304256405,2661.0797173716037,2860.4760554919258,0.0010661190342740453,-1.0295863197268833,0.0069760829419180546
1159199.9999979045,-374437.510602055,807.83715997168076,2873.0152954038713,0.0062366907914003771,-1.0295678460127575,0.006956358225386915
1160999.9999977998,-374421.63063919399,-1045.3492950580221,2885.518773706392,0.011407790083836303,-1.0295239834433096,0.0069363478463252241
1162799.9999980093,-374396.44231487397,-2898.4339445764385,2897.9859763381969,0.016579294168136541,-1.0294547274913872,0.0069160519446086711
1164599.9999985332,-374361.94501096063,-4751.3710764279276,2910.4163894870121,0.021751080275491295,-1.0293600741763738,0.00689547066722568
1166399.9999987427,-374318.13833032624,-6604.1149718541392,2922.8094996120121,0.026923025617594371,-1.0292400200638301,0.0068746041682419962
1168199.9999992666,-374265.02209686133,-8456.6199070793064,2935.1647934605498,0.032095007390197758,-1.0290945622650887,0.0068534526087736247
1169999.9999988475,-374202.59635556291,-10308.840152282035,2947.4817580674239,0.037266902769360281,-1.0289236984370624,0.0068320161569903519
1171799.999999057,-374130.8613724389,-12160.729976336052,2959.759880792556,0.042438588923794755,-1.0287274267815607,0.006810294988053375
1173599.9999992666,-374049.81763466296,-14012.243643645879,2971.9986493060023,0.047609943005134284,-1.0285057460453104,0.0067882892841446083
1175399.9999988475,-373959.46585058887,-15863.335416096257,2984.1975516070888,0.052780842152466222,-1.0282586555195961,0.0067659992344382561
1177199.999999057,-373859.80694959435,-17713.959557433507,2996.35607605936,0.057951163503654736,-1.0279861550394469,0.0067434250350423006
1178999.9999989523,-373750.84208237164,-19564.070328656726,3008.4737113662945,0.063120784181541059,-1.0276882449840616,0.0067205668890489238
1180799.9999991618,-373632.57262066822,-21413.62199418485,3020.5499466179081,0.068289581310238781,-1.0273649262757354,0.0066974250064551558
1182599.9999993714,-373505.00015748781,-23262.568819315406,3032.5842712801309,0.073457432007091775,-1.027016200380062,0.0066739996041900338
1184399.9999995809,-373368.12650699401,-25110.865072947363,3044.5761752186759,0.078624213389332342,-1.0266420693053355,0.0066502909060777811
1186199.9999994761,-373221.95370459463,-26958.465027392307,3056.5251487038745,0.083789802572595287,-1.0262425356024509,0.0066262991428378184
1187999.9999993714,-373066.48400679312,-28805.322961217364,3068.4306824351452,0.088954076677898564,-1.0258176023641952,0.0066020245520463953
1189799.9999998952,-372901.71989128774,-30651.393158783212,3080.2922675440054,0.094116912829379104,-1.0253672732252115,0.0065774673781410792
1191599.9999994761,-372727.66405709344,-32496.629909929325,3092.1093955981819,0.099278188152428545,-1.0248915523620494,0.0065526278724253309
1193399.9999993714,-372544.31942418235,-34340.98751474922,3103.8815586383121,0.10443777978606023,-1.0243904444919107,0.0065275062930049144
1195199.9999995809,-372351.6891337643,-36184.420281281687,3115.6082491691373,0.10959556487545578,-1.0238639548731492,0.0065021029048195813
1196999.9999991618,-372149.77654828061,-38026.882526590111,3127.2889601725578,0.11475142057397919,-1.0233120893050156,0.0064764179796307792
1198799.9999993714,-371938.58525106398,-39868.328580682413,3138.9231851385543,0.11990522405313472,-1.0227348541264927,0.0064504517959696256
1200599.9999989523,-371718.11904673913,-41708.712783581876,3150.5104180526878,0.12505685249335402,-1.0221322562171602,0.0064242046391807806
1202399.9999991618,-371488.38196079148,-43547.989489847554,3162.0501534307264,0.13020618309562287,-1.021504302995822,0.0063976768013625203
1204199.9999987427,-371249.37823997973,-45386.113065887133,3173.5418863078276,0.13535309307292884,-1.020851002421435,0.0063708685814097641
1205999.9999983236,-371001.11235187721,-47223.037894384186,3184.9851122724235,0.14049745966161944,-1.0201723629916772,0.0063437802849555828
1207799.9999982188,-370743.58898495772,-49058.718374153228,3196.3793274713094,0.14563916011995542,-1.0194683937430173,0.0063164122243785327
1209599.9999984284,-370476.81304874655,-50893.108919770995,3207.724028613482,0.15077807172602933,-1.0187391042509728,0.0062887647188148562
1211399.9999983236,-370200.78967368609,-52726.163963301013,3219.0187129870319,0.15591407178154029,-1.0179845046296123,0.0062608380941407051
1213199.9999988475,-369915.5242108205,-54557.837957014453,3230.2628784820131,0.16104703761835734,-1.0172046055305652,0.0062326326829385712
1214999.9999984284,-369621.0222323839,-56388.085370227789,3241.4560235771773,0.16617684658859455,-1.0163994181445242,0.0062041488245546264
1216799.9999986379,-369317.28953082539,-58216.860696143063,3252.5976473880669,0.17130337608270876,-1.0155689541984889,0.006175386865002604
1218599.9999988475,-369004.33211967471,-60044.118447048859,3263.6872496438004,0.17642650351497532,-1.0147132259580411,0.0061463471570483005
1220399.9999984284,-368682.15623300726,-61869.813158311648,3274.724330717685,0.1815461063335948,-1.0138322462258338,0.0061170300601585256
1222199.9999983236,-368350.76832522609,-63693.899390130726,3285.7083916439728,0.18666206202453028,-1.0129260283409331,0.0060874359404839854
1223999.9999979045,-368010.17507153365,-65516.33172550892,3296.6389341118324,0.19177424810472898,-1.011994586180079,0.0060575651709043237
1225799.9999981141,-367660.3833672874,-67337.064774407889,3307.5154604966233,0.19688254213268161,-1.0110379341559026,0.0060274181309737818
1227599.9999983236,-367301.40032844304,-69156.053171966065,3318.3374738554685,0.20198682170232782,-1.0100560872181297,0.005996995206964049
1229399.9999985332,-366933.23329115007,-70973.251581240562,3329.1044779499452,0.20708696444964678,-1.0090490608524916,0.0059662967918334784
1231199.9999984284,-366555.8898118955,-72788.61469307341,3339.8159772516137,0.21218284805117746,-1.0080168710811366,0.0059353232852445252
1232999.9999980093,-366169.37766713928,-74602.097228453727,3350.4714769623311,0.21727435022954059,-1.0069595344616777,0.0059040750935395823
1234799.9999982188,-365773.70485329675,-76413.653939104057,3361.0704830239806,0.22236134875397567,-1.0058770680871996,0.0058725526297468663
1236599.9999987427,-365368.87958696578,-78223.2396070205,3371.6125021221878,0.22744372143793426,-1.0047694895869541,0.0058407563136059571
1238399.9999989523,-364954.91030473873,-80030.80904598764,3382.0970417016956,0.23252134614221612,-1.0036368171259265,0.0058086865715598068
1240199.9999988475,-364531.80566290196,-81836.317103485359,3392.5236099838894,0.23759410077920501,-1.0024790694041239,0.0057763438367399974
1241999.9999984284,-364099.57453732169,-83639.718661685925,3402.8917159789994,0.24266186331454909,-1.0012962656563777,0.0057437285489678322
1243799.9999980093,-363658.22602356225,-85440.968637501195,3413.2008694928413,0.24772451176616991,-1.0000884256528011,0.0057108411547734618
1245599.9999979045,-363207.76943665784,-87240.02198409928,3423.4505811420995,0.25278192420739798,-0.99885556969831679,0.0056776821073893594
1247399.9999981141,-362748.21431111748,-89036.83369144531,3433.6403623639699,0.25783397876736508,-0.99759771863283109,0.005644251866761844
1249199.9999980093,-362279.57040091336,-90831.358786933459,3443.7697254264158,0.26288055363165086,-0.99631489383139304,0.005610550899561936
1250999.9999979045,-361801.84767896758,-92623.552337925197,3453.8381834491734,0.26792152704828853,-0.99500711720297907,0.005576579679160764
1252799.9999974854,-361315.05633751134,-94413.369450907339,3463.8452504056372,0.27295677732426676,-0.99367441119169531,0.0055423386856687865
1254599.9999973807,-360819.20678755909,-96200.765274008692,3473.7904411437153,0.27798618283147458,-0.99231679877556611,0.005507828405912317
1256399.9999975902,-360314.30965906917,-97985.694996928185,3483.6732713921324,0.28300962200536806,-0.99093430346721934,0.0054730493334596373
1258199.9999977998,-359800.37580088218,-99768.113851728223,3493.4932577716741,0.28802697334606586,-0.98952694931398411,0.0054380019686315209
1259999.999997695,-359277.41628049256,-101547.97711420729,3503.2499178096382,0.29303811542107888,-0.98809476089753701,0.0054026868185009722
1261799.9999982188,-358745.44238355983,-103325.24010607068,3512.9427699585754,0.29804292687028749,-0.98663776333286612,0.0053671043968769577
1263599.9999977998,-358204.46561484633,-105099.85819233255,3522.5713335890368,0.30304128639749095,-0.98515598227114642,0.0053312552243841805
1265399.9999983236,-357654.49769638974,-106871.7867879111,3532.1351290324305,0.30803307278784842,-0.98364944389506215,0.0052951398283588883
1267199.9999985332,-357095.55056913861,-108640.98135276632,3541.6336775615728,0.31301816489305073,-0.98211817492363174,0.0052587587429757535
1268999.9999987427,-356527.63639181835,-110407.39739615953,3551.0665014208557,0.31799644164218577,-0.98056220260946314,0.0052221125091915415
1270799.9999983236,-355950.76754108281,-112170.99047668475,3560.4331238334535,0.32296778204069693,-0.97898155473954207,0.0051852016747745344
1272599.9999985332,-355364.95661085995,-113931.71620477641,3569.7330690217582,0.32793206517632106,-0.9773762596338359,0.0051480267942829224
1274399.9999981141,-354770.21641340479,-115689.5302400559,3578.965862200534,0.33288917021048031,-0.97574634614858891,0.0051105884291524255
1276199.9999983236,-354166.55997754482,-117444.38829711803,3588.1310296146798,0.33783897639347016,-0.97409184367193791,0.0050728871476062492
1277999.9999985332,-353554.00054998702,-119196.24614215828,3597.2280985287398,0.34278136305382384,-0.97241278212793969,0.0050349235247594947
1279799.999999057,-352932.55159436708,-120945.05959630932,3606.2565972517359,0.34771620960659988,-0.97070919197442085,0.0049966981425815906
1281599.9999989523,-352302.22679169092,-122690.78453491587,3615.2160551408219,0.35264339555021468,-0.96898110420466921,0.0049582115899465132
1283399.9999991618,-351663.04003900738,-124433.3768917509,3624.1060026303994,0.35756280047722461,-0.96722855034428135,0.0049194644625749706
1285199.9999993714,-351015.0054506021,-126172.79265620386,3632.9259712251314,0.36247430406527598,-0.96545156245494956,0.004880457363131651
1286999.9999989523,-350358.1373574232,-127908.98787544451,3641.6754935186786,0.3673777860820982,-0.96365017313341295,0.0048411909012141792
1288799.9999988475,-349692.45030601532,-129641.91865774371,3650.3541032180092,0.37227312639377574,-0.96182441550907094,0.0048016656933147772
1290599.9999987427,-349017.95905963186,-131371.5411700315,3658.9613351387115,0.37716020495674568,-0.95997432324759546,0.0047618823629125969
1292399.9999992666,-348334.67859704449,-133097.81164152027,3667.496725230867,0.38203890182693173,-0.95809993054824161,0.0047218415404292266
1294199.9999997905,-347642.624113567,-134820.68636161968,3675.9598105764967,0.38690909715275612,-0.95620127214724593,0.004681543863315628
1296000,-346941.81101986294,-136540.12168350499,3684.3501294151201,0.39177067118412756,-0.95427838331516368,0.0046409899760091857
1297799.9999995809,-346232.25494197017,-138256.07402453292,3692.6672211536074,0.39662350427253257,-0.95233129985756393,0.0046001805299633602
1299599.9999991618,-345513.97172105516,-139968.49986734148,3700.9106263794611,0.401467476873058,-0.95036005811498792,0.0045591161836619452
1301399.9999993714,-344786.97741327534,-141677.35576067399,3709.0798868727652,0.40630246954564658,-0.94836469496323605,0.0045177976026403435
1303199.9999995809,-344051.28829015541,-143382.59831902626,3717.1745456126519,0.41112836295302257,-0.94634524781507223,0.0044762254595361074
1304999.9999994761,-343306.92083771131,-145084.18422524183,3725.1941467978831,0.41594503786696507,-0.94430175461850596,0.0044344004340688093
1306799.999999057,-342553.89175658254,-146782.07023070392,3733.1382358559722,0.42075237516778913,-0.94223425385786885,0.0043923232130780769
1308599.9999989523,-341792.2179612926,-148476.21315751597,3741.0063594616481,0.42555025584946143,-0.94014278455250144,0.0043499944905131347
1310399.9999991618,-341021.91658082535,-150166.56989771026,3748.7980655414963,0.43033856101630913,-0.93802738625907056,0.0043074149674963659
1312199.9999993714,-340243.00495803717,-151853.09741508481,3756.5129032909522,0.43511717188717564,-0.93588809907072035,0.0042645853523224338
1313999.9999998952,-339455.50064940727,-153535.75274625845,3764.1504231876347,0.43988596979737288,-0.9337249636171493,0.0042215063604767195
1315800.0000004191,-338659.42142517911,-155214.49300088902,3771.7101770009112,0.44464483619826473,-0.93153802106578765,0.0041781787146758414
1317600.0000006286,-337854.78526873497,-156889.27536352823,3779.1917178089734,0.44939365266149811,-0.92932731312088335,0.0041346031448666705
1319400.0000002095,-337041.61037661176,-158560.05709409429,3786.5946000096483,0.4541323008793291,-0.92709288202436646,0.00409078038826089
1321199.9999997905,-336219.9151577311,-160226.7955299624,3793.9183793384368,0.45886066266953912,-0.92483477055456464,0.0040467111893277789
1322999.9999996857,-335389.71823386144,-161889.44808551035,3801.1626128752864,0.4635786199731427,-0.92255302202832445,0.0040023962998538215
1324799.9999995809,-334551.03843929351,-163547.9722533102,3808.3268590588123,0.46828605485677421,-0.9202476803009888,0.0039578364789602319
1326599.9999994761,-333703.89482049778,-165202.32560533256,3815.4106777005736,0.47298284951511749,-0.91791878976633601,0.0039130324931201292
1328400,-332848.30663557019,-166852.46579453794,3822.4136300009445,0.47766888627444376,-0.9155663953559513,0.0038679851161650342
1330199.9999998952,-331984.29335500608,-168498.35055389738,3829.3352785541433,0.48234404758886185,-0.91319054254227039,0.0038226951293621478
1331999.9999994761,-331111.87466015009,-170139.93769989544,3836.1751873723347,0.48700821604930283,-0.91079127733525111,0.0037771633213693752
1333799.999999057,-330231.07044359122,-171777.18513225697,3842.9329218936741,0.49166127438179341,-0.90836864628439451,0.0037313904882935907
1335599.9999992666,-329341.90080877458,-173410.05083518231,3849.6080489968217,0.49630310545002387,-0.9059226964786401,0.0036853774337080496
1337399.9999994761,-328444.38607027743,-175038.49287735904,3856.2001370105099,0.500933592254445,-0.9034534755481034,0.0036391249687046635
1339199.9999993714,-327538.54675330018,-176662.46941343971,3862.708755729218,0.50555261793554362,-0.90096103166366437,0.0035926339119056873
1340999.9999992666,-326624.4035925325,-178281.93868657804,3869.1334764329663,0.51016006578014228,-0.89844541353484675,0.0035459050894444829
1342799.9999991618,-325701.97753322899,-179896.85902700285,3875.473871891299,0.51475581921643787,-0.89590667041380601,0.0034989393350599129
1344599.999999057,-324771.28973006923,-181507.18885456608,3881.7295163832241,0.51933976182035912,-0.89334485209322068,0.0034517374900775843
1346399.9999986379,-323832.36154722789,-183112.8866791199,3887.8999857085537,0.52391177731575067,-0.89076000890753781,0.0034043004034534589
1348199.9999988475,-322885.21455773455,-184713.91110212434,3893.9848572040619,0.52847174957808452,-0.888152191732271,0.0033566289317816982
1349999.9999987427,-321929.8705441592,-186310.2208159992,3899.9837097511145,0.53301956263174599,-0.88552145198697252,0.0033087239393700765
1351799.9999986379,-320966.35149728111,-187901.77460690026,3905.8961237963913,0.53755510065709122,-0.88286784163265308,0.0032605862982136992
1353599.9999991618,-319994.67961601133,-189488.53135532848,3911.7216813643049,0.54207824799134618,-0.88019141317268146,0.0032122168880329384
1355399.9999987427,-319014.87730817002,-191070.45003538809,3917.4599660646745,0.54658888912566228,-0.87749221965604196,0.0031636165963536884
1357199.9999986379,-318026.96718832507,-192647.48971881939,3923.1105631179107,0.55108690871579502,-0.87477031467252009,0.0031147863184418649
1358999.9999982188,-317030.97207923658,-194219.60957316426,3928.6730593587918,0.55557219157607074,-0.87202575235782731,0.0030657269574177865
1360799.9999977998,-316026.91501017951,-195786.76886495666,3934.1470432585106,0.56004462268769439,-0.86925858739014583,0.0030164394242158513
1362599.999997695,-315014.81921773974,-197348.9269589684,3939.5321049326403,0.56450408719582046,-0.86646887499349268,0.002966924637666935
1364399.9999979045,-313994.70814501052,-198906.04331998856,3944.8278361581865,0.56895047041386093,-0.86365667093670184,0.0029171835245023099
1366199.9999981141,-312966.60544160468,-200458.07751332546,3950.0338303862131,0.57338365782416356,-0.86082203153465608,0.0028672170193977699
1367999.9999986379,-311930.53496266156,-202004.98920682393,3955.1496827596316,0.57780353508303528,-0.85796501364676747,0.0028170260649693769
1369799.9999991618,-310886.52076944563,-203546.73817047488,3960.1749901229582,0.58220998801889356,-0.85508567467985919,0.0027666116118468215
1371599.9999993714,-309834.58712844132,-205083.2842782943,3965.1093510397418,0.58660290263692461,-0.85218407258690587,0.0027159746186740598
1373399.9999995809,-308774.75851101847,-206614.58750931793,3969.9523658070175,0.59098216512122248,-0.8492602658673728,0.0026651160521381635
1375199.9999991618,-307707.05959355203,-208140.60794794469,3974.7036364677847,0.59534766183508658,-0.84631431356881059,0.0026140368870201944
1376999.999999057,-306631.51525620488,-209661.30578619908,3979.3627668295649,0.59969927932681566,-0.84334627528477468,0.0025627381061823231
1378799.9999989523,-305548.15058365837,-211176.64132319405,3983.9293624742745,0.60403690432751855,-0.84035621115813897,0.0025112207006486417
1380599.9999988475,-304456.99086414761,-212686.57496702299,3988.4030307757048,0.60836042375587551,-0.83734418187973214,0.0024594856696049053
1382399.9999987427,-303358.06158942217,-214191.06723532529,3992.7833809130025,0.61266972471913372,-0.83431024868954939,0.0024075340204429809
1384199.9999986379,-302251.38845410902,-215690.07875668441,3997.0700238866589,0.6169646945164915,-0.83125447337631886,0.002355366768777093
1385999.9999985332,-301136.99735564628,-217183.57027122841,4001.2625725322123,0.62124522064022114,-0.82817691827866358,0.0023029849384874979
1387799.9999981141,-300014.91439376312,-218671.50263185441,4005.360641535829,0.62551119077858952,-0.82507764628501268,0.0022503895617429141
1389599.9999980093,-298885.16587001865,-220153.83680535606,4009.3638474496042,0.62976249281852181,-0.82195672083368665,0.0021975816790260247
1391399.9999979045,-297747.7782878307,-221630.53387289913,4013.2718087051685,0.6339990148464113,-0.81881420591435783,0.0021445623391824092
1393199.9999984284,-296602.77835146838,-223101.55503185734,4017.0841456309922,0.63822064515284305,-0.8156501660666472,0.0020913325994210653
1394999.9999986379,-295450.19296688895,-224566.86159525361,4020.8004804634625,0.64242727223047158,-0.81246466638382953,0.0020378935254011955
1396799.9999985332,-294290.04924005648,-226026.4149944438,4024.4204373664929,0.6466187847812126,-0.80925777250959874,0.0019842461912020705
1398599.9999987427,-293122.37447699468,-227480.17677954849,4027.9436424452106,0.65079507171699502,-0.806029550639624,0.0019303916793738977
1400399.9999986379,-291947.19618386828,-228928.10861987359,4031.3697237598722,0.65495602216049598,-0.80278006752320419,0.0018763310809901718
1402199.9999982188,-290764.54206597456,-230370.17230569018,4034.6983113431197,0.65910152544979039,-0.79950939046191261,0.0018220654956496174
1403999.9999987427,-289574.44002687727,-231806.32974978533,4037.9290372165242,0.66323147114237591,-0.79621758730864678,0.0017675960314855834
1405799.9999992666,-288376.91817006544,-233236.54298597635,4041.0615354003994,0.66734574901047283,-0.79290472647367483,0.0017129238052911008
1407599.9999997905,-287172.00479649781,-234660.77417261034,4044.0954419350528,0.67144424905068156,-0.78957087691930317,0.0016580499424554852
1409400,-285959.72840555292,-236078.98559194454,4047.0303948927799,0.67552686148180874,-0.78621610816398124,0.0016029755770571527
1411200.0000005239,-284740.11769298185,-237491.13965307022,4049.866034397508,0.67959347675291082,-0.7828404902781172,0.0015477018518201553
1413000.0000004191,-283513.20155279967,-238897.19889022736,4052.6020026349561,0.68364398553808814,-0.77944409389080349,0.0014922299182496767
1414800.0000006286,-282279.00907424692,-240297.12596684025,4055.2379438744579,0.68767827874776877,-0.77602699018290433,0.0014365609365442282
1416600.0000008382,-281037.56954361778,-241690.88367392667,4057.7735044796168,0.69169624752380798,-0.77258925089362573,0.0013806960757285617
1418400.0000010477,-279788.91244274541,-243078.43493235775,4060.2083329266466,0.69569778324569875,-0.76913094831783513,0.0013246365136351723
1420200.0000006286,-278533.06744908052,-244459.74279329221,4062.5420798192681,0.69968277753153751,-0.76565215530780384,0.0012683834369582225
1422000.0000008382,-277270.06443352799,-245834.77044107058,4064.7743979077704,0.70365112224611159,-0.76215294526874311,0.0012119380412070307
1423800.0000010477,-275999.93346302345,-247203.48119090506,4066.9049420994697,0.70760270949398663,-0.75863339216748082,0.0011553015308720734
1425600.0000012573,-274722.70479795506,-248565.83849223959,4068.9333694787888,0.71153743162897276,-0.75509357052686255,0.001098475119360072
1427400.0000017812,-273438.40889206569,-249921.80592935448,4070.8593393226274,0.71545518125566321,-0.75153355542703038,0.0010414600290406598
1429200.0000016764,-272147.07639299851,-251271.34722132282,4072.6825131150877,0.71935585122911849,-0.74795342250849861,0.00098425749132137713
1431000.0000022002,-270848.73813940672,-252614.42622556433,4074.4025545671825,0.72323933466495893,-0.74435324796569569,0.00092686874657050341
1432800.0000017812,-269543.42516417668,-253951.00693500697,4076.01912962801,0.72710552493101388,-0.74073310855748475,0.0008692950443108528
1434600.0000019907,-268231.16868953878,-255281.05348366208,4077.5319065068998,0.73095431566330726,-0.73709308159517017,0.00081153764305486541
1436400.0000022002,-266912.00013088383,-256604.53014322868,4078.9405556843944,0.73478560075611987,-0.73343324495466489,0.00075359781052419046
1438200.0000024098,-265585.95109352947,-257921.40132691903,4080.2447499321256,0.73859927437296591,-0.72975367706911809,0.00069547682355866202
1440000.0000026193,-264253.05337324063,-259231.63158944625,4081.4441643281075,0.74239523094648063,-0.72605445693193971,0.0006371759681904946
1441800.0000028289,-262913.33895542682,-260535.18562834497,4082.5384762736171,0.74617336518219124,-0.722335664096176,0.00057869653966061108
1443600.0000024098,-261566.84001519348,-261832.02828445067,4083.5273655093779,0.7499335720598701,-0.71859737867625118,0.00052003984247235373
1445400.0000026193,-260213.58891548429,-263122.12454421888,4084.4105141332188,0.75367574684023875,-0.71483968134441644,0.00046120719036201873
1447200.0000031432,-258853.61820801586,-264405.43953933712,4085.1876066156588,0.75739978506385153,-0.71106265333495378,0.00040219990639141315
1449000.0000030384,-257486.9606333116,-265681.9385472546,4085.8583298166232,0.76110558255264982,-0.7072663764458863,0.00034301932300053649
1450800.0000026193,-256113.6491180491,-266951.58699420723,4086.4223730034892,0.76479303541878629,-0.70345093303322614,0.00028366678194423941
1452600.0000031432,-254733.71677478252,-268214.3504559549,4086.8794278674454,0.76846204006683361,-0.69961640601182373,0.00022414363433236699
1454400.0000033528,-253347.19690432743,-269470.19465613033,4087.2291885394652,0.77211249318907293,-0.69576287886361465,0.00016445124078427341
1456200.0000029337,-251954.12299229132,-270719.08546996646,4087.4713516084994,0.7757442917764219,-0.69189043562960684,0.00010459097133070878
1458000.0000025146,-250554.52870890714,-271960.98892493884,4087.6056161381307,0.7793573331204362,-0.68799916091104485,4.4564205458716008e-05
1459800.0000020955,-249148.44790954306,-273195.87120083562,4087.6316836834862,0.7829515148136551,-0.68408913987245556,-1.5627667814706852e-05
1461600.000002305,-247735.91463274453,-274423.69863201113,4087.5492583084442,0.78652673475633106,-0.68016045823783655,-7.5983249974668061e-05
1463400.0000025146,-246316.96310220318,-275644.43770620215,4087.3580466029211,0.79008289115316277,-0.67621320229776782,-0.00013650113287255001
1465200.0000024098,-244891.62772354888,-276858.05506785575,4087.0577577000795,0.79361988252319704,-0.67224745890212034,-0.00019717989881138525
1467000.0000026193,-243459.94308460801,-278064.51751840831,4086.6481032934989,0.79713760770086928,-0.66826331546241058,-0.00025801812048292642
1468800.0000031432,-242021.94395532014,-279263.79201688344,4086.1287976546369,0.8006359658380019,-0.66426085995320627,-0.00031901436091943361
1470600.0000033528,-240577.6652875646,-280455.84568058926,4085.4995576505303,0.80411485640610014,-0.66024018091328074,-0.00038016717344956346
1472400.000003248,-239127.14221299789,-281640.64578744379,4084.7601027606133,0.80757417920343089,-0.65620136744122803,-0.00044147510173841742
1474200.0000034575,-237670.41004291861,-282818.15977658669,4083.9101550941691,0.81101383435712038,-0.65214450919672462,-0.00050293667974141273
1476000.0000030384,-236207.50426966022,-283988.3552477932,4082.9494394090793,0.81443372232177647,-0.64806969640604395,-0.0005645504315940677
1477800.0000029337,-234738.4605628718,-285151.19996500766,4081.8776831275895,0.81783374389016694,-0.64397701985333033,-0.00062631487171739141
1479600.0000034575,-233263.31477059633,-286306.66185597918,4080.69461635477,0.82121380019253165,-0.63986657088523957,-0.00068822850472071914
1481400.0000030384,-231782.10292031601,-287454.70901200181,4079.3999718977548,0.82457379269621678,-0.63573844141548486,-0.00075028982530676565
1483200.000003248,-230294.86121421168,-288595.30969214492,4077.9934852800484,0.82791362321846707,-0.63159272391325416,-0.00081249731841918362
1485000.0000034575,-228801.62603223522,-289728.43232137873,4076.474894762337,0.83123319392138595,-0.62742951141340364,-0.00087484945906239023
1486800.0000030384,-227302.43393059043,-290854.04549230641,4074.8439413597957,0.83453240731745881,-0.62324889751385149,-0.00093734471231428785
1488600.0000035623,-225797.32163857264,-291972.11796805705,4073.1003688570818,0.83781116627851882,-0.61905097636838635,-0.00099998153340686018
1490400.0000034575,-224286.32606251267,-293082.6186798641,4071.2439238312973,0.84106937402914772,-0.61483584269928904,-0.0010627583675108816
1492200.0000036671,-222769.48428068898,-294185.51673138415,4069.2743556649134,0.84430693415986602,-0.61060359178475998,-0.0011256736498969123
1494000.0000038766,-221246.83354539282,-295280.78139768913,4067.1914165668809,0.84752375062471941,-0.60635431946629259,-0.0011887258057985341
1495800.0000034575,-219718.41128214545,-296368.38212638989,4064.9948615907761,0.85071972774514959,-0.6020881221481017,-0.0012519132503944217
1497600.0000036671,-218184.25508649895,-297448.2885404476,4062.6844486491832,0.85389477021883342,-0.59780509678979843,-0.0013152343888900827
1499400.0000038766,-216644.40272677166,-298520.47043674986,4060.2599385366639,0.85704878311611055,-0.59350534091562956,-0.0013786876163543441
1501200.0000031432,-215098.89214208809,-299584.89778805425,4057.721094946296,0.8601816718863271,-0.58918895261060311,-0.0014422713177502551
1503000.0000030384,-213547.76143963967,-300641.54074539762,4055.067684484367,0.86329334236557664,-0.5848560305144278,-0.0015059838679976584
1504800.0000035623,-211991.04889655666,-301690.36963731807,4052.2994766926513,0.86638370077508398,-0.58050667382832877,-0.0015698236318459093
1506600.0000034575,-210428.79295988774,-302731.35497044103,4049.4162440682189,0.86945265372362035,-0.57614098231657218,-0.0016337889638253812
1508400.0000030384,-208861.0322426967,-303764.46743263467,4046.4177620760188,0.87250010821751478,-0.57175905629713375,-0.0016978782083577543
1510200.0000026193,-207287.80552560196,-304789.6778924907,4043.3038091711619,0.8755259716598639,-0.56736099664756867,-0.0017620896996432748
1512000.0000031432,-205709.15175472046,-305806.95740120445,4040.0741668146961,0.87853015185683692,-0.56294690480082532,-0.0018264217616954577
1513800.0000030384,-204125.11004366606,-306816.27719182387,4036.7286194976041,0.88151255701622855,-0.55851688275238764,-0.0018908727082104664
1515600.000003248,-202535.71966924969,-307817.60868255352,4033.2669547519904,0.88447309575802024,-0.55407103304979899,-0.0019554408426934815
1517400.0000034575,-200941.02007294854,-308810.92347633,4029.6889631740437,0.88741167711394353,-0.54960945879830991,-0.0020201244583498874
1519200.0000036671,-199341.05085991081,-309796.19336199417,4025.9944384421506,0.8903282105317849,-0.54513226365962741,-0.0020849218380773224
1521000.0000035623,-197735.85179792307,-310773.39031547011,4022.1831773348763,0.89322260587973512,-0.54063955185054746,-0.0021498312544591491
1522800.0000034575,-196125.4628157898,-311742.48650127894,4018.2549797474176,0.8960947734517517,-0.53613142813993708,-0.0022148509697817805
1524600.0000036671,-194509.92400366699,-312703.45427285688,4014.2096487127433,0.89894462396940467,-0.53160799785116974,-0.0022799792359732263
1526400.0000038766,-192889.2756127778,-313656.26617327391,4010.0469904215834,0.90177206858492676,-0.52706936686283057,-0.0023452142945669207
1528200.0000040862,-191263.55805318669,-314600.89493708941,4005.7668142374987,0.90457701888765829,-0.52251564160396746,-0.0024105543767439321
1530000.0000036671,-189632.81189432045,-315537.31349057436,4001.368932718929,0.90735938690566964,-0.51794692905702977,-0.0024759977032647895
1531800.000003248,-187997.07786273753,-316465.49495353503,3996.8531616341061,0.910119085112159,-0.51336333675308865,-0.002541542484512029
1533600.0000028289,-186356.3968428309,-317385.41263943684,3992.2193199838471,0.91285602642682484,-0.50876497277525756,-0.0026071869204151747
1535400.0000027241,-184710.80987438463,-318297.04005731718,3987.467230015774,0.91557012422257622,-0.50415194575329336,-0.0026729292005021224
1537200.000003248,-183060.35815324893,-319200.35091192962,3982.5967172472701,0.9182612923270066,-0.49952436486692264,-0.0027387675038258231
1539000.0000031432,-181405.08303102758,-320095.31910447509,3977.6076104860476,0.92092944502562768,-0.49488233984639024,-0.0028046999989310077
1540800.0000033528,-179745.02601156963,-320981.91873504157,3972.4997418409889,0.92357449707021988,-0.4902259809640328,-0.0028707248439483733
1542600.0000035623,-178080.22875256016,-321860.12410226098,3967.27294674822,0.926196363678915,-0.48555539904013822,-0.0029368401864856655
1544400.0000031432,-176410.73306446266,-322729.90970442683,3961.9270639895803,0.92879496054064492,-0.48087070544136823,-0.0030030441636248371
1546200.0000036671,-174736.58090674557,-323591.25024198537,3956.4619357020811,0.93137020382372759,-0.47617201207154314,-0.0030693349020268624
1548000.0000038766,-173057.81439223638,-324444.12061580783,3950.8774074136345,0.9339220101718565,-0.47145943138522184,-0.0031357105177146111
1549800.0000037719,-171374.47578203352,-325288.49593036115,3945.1733280484582,0.93645029671475766,-0.46673307637477196,-0.0032021691162303547
1551600.0000039814,-169686.60748523683,-326124.3514943418,3939.3495499477535,0.93895498107128639,-0.46199306057094369,-0.0032687087926022889
1553400.0000035623,-167994.25206071953,-326951.66282033548,3933.4059288978538,0.94143598134961948,-0.45723949804916669,-0.0033353276312312399
1555200.0000031432,-166297.45221254596,-327770.40562761738,3927.3423241365144,0.94389321615687993,-0.45247250341798967,-0.003402023706028046
1557000.0000030384,-164596.25079088073,-328580.55584221001,3921.158598378011,0.94632660460056539,-0.44769219182292175,-0.0034687950803347564
1558800.000003248,-162890.69079171302,-329382.08959755639,3914.8546178345127,0.94873606629183349,-0.44289867894693563,-0.0035356398068930582
1560600.0000028289,-161180.81535618176,-330174.98323539266,3908.4302522362377,0.95112152134941286,-0.43809208100983515,-0.0036025559278288601
1562400.0000030384,-159466.66776668455,-330959.21330808988,3901.8853748393349,0.95348289040793976,-0.43327251475856315,-0.0036695414747628958
1564200.0000026193,-157748.29144983203,-331734.75657780614,3895.2198624594848,0.95582009461673934,-0.42844009747673734,-0.0037365944686536287
1566000.0000022002,-156025.7299726003,-332501.59001878678,3888.4335954799726,0.95813305564808104,-0.42359494697504785,-0.0038037129199068398
1567800.0000027241,-154299.02704200154,-333259.69081801589,3881.5264578728866,0.9604216957005105,-0.41873718159152423,-0.003870894828347602
1569600.0000026193,-152568.2265067604,-334009.03637502424,3874.4983372288038,0.96268593749963083,-0.41386692019743559,-0.0039381381831150369
1571400.0000025146,-150833.37235230571,-334749.60430461692,3867.3491247597162,0.96492570430773072,-0.40898428218436561,-0.0040054409628174454
1573200.0000027241,-149094.50870201513,-335481.37243683892,3860.0787153268411,0.96714091992508888,-0.4040893874688587,-0.0040728011354444048
1575000.000003248,-147351.67981597624,-336204.31881803478,3852.6870074586782,0.96933150869459861,-0.39918235649006301,-0.0041402166583759904
1576800.0000037719,-145604.93009082734,-336918.42171145533,3845.1739033736712,0.97149739550504388,-0.39426331021039535,-0.0042076854783506031
1578600.0000033528,-143854.30405812795,-337623.6595984755,3837.5393089967474,0.97363850579623756,-0.38933237011204963,-0.0042752055314900696
1580400.0000035623,-142099.84638049456,-338320.01118066523,3829.7831339657141,0.97575476556677354,-0.3843896581871839,-0.0043427747434111449
1582200.0000040862,-140341.60185561865,-339007.45537868963,3821.905291672198,0.97784610137218164,-0.37943529695029549,-0.0044103910290333318
1584000.0000036671,-138579.61541364112,-339685.9713339241,3813.9056992740811,0.97991244033131863,-0.37446940943186574,-0.0044780522926438898
1585800.000004191,-136813.93211190769,-340355.53841098957,3805.7842776952375,0.98195371013560306,-0.36949211916459723,-0.0045457564280630414
1587600.0000040862,-135044.59714131098,-341016.1361958395,3797.5409516781338,0.98396983904472124,-0.36450355020228503,-0.0046135013183648847
1589400.0000036671,-133271.65581929678,-341667.74449896469,3789.1756497757683,0.98596075589792753,-0.35950382710108586,-0.004681284836110724
1591200.0000035623,-131495.15359046165,-342310.34335565695,3780.6883043780044,0.9879263901164137,-0.35449307492215887,-0.0047491048432912845
1593000.0000034575,-129715.13602666192,-342943.91302649694,3772.0788517361457,0.98986667170636922,-0.34947141923290992,-0.0048169591912885796
1594800.0000036671,-127931.64882541896,-343568.43399846746,3763.3472319795465,0.99178153126396518,-0.34443898610341611,-0.0048848457209033982
1596600.0000038766,-126144.73780831604,-344183.88698604453,3754.4933891320211,0.99367089998029257,-0.33939590210279824,-0.0049527622623834529
1598400.0000040862,-124354.44892044349,-344790.2529319126,3745.5172711333839,0.99553470964515833,-0.33434229429853285,-0.0050207066354121437
1600200.0000039814,-122560.82822941858,-345387.5130078285,3736.4188298590161,0.99737289265136297,-0.32927829025454103,-0.0050886766491140762
1602000.0000035623,-120763.92192370776,-345975.6486157123,3727.19802113589,0.9991853819996811,-0.32420401802728654,-0.0051566701020874448
1603800.0000037719,-118963.77631070928,-346554.64138878521,3717.8548047571649,1.0009721113040129,-0.31911960616117219,-0.0052246847824459651
1605600.0000039814,-117160.43781811786,-347124.47319164738,3708.3891445138347,1.0027330147932756,-0.31402518369318366,-0.00529271846773725
1607400.000004191,-115353.95299161485,-347685.12612156,3698.8010082076562,1.0044680273170268,-0.30892088014713515,-0.0053607689250009102
1609200.0000034575,-113544.36849360872,-348236.5825093665,3689.0903676693388,1.0061770843499807,-0.30380682553085669,-0.0054288339107873068
1611000.0000033528,-111731.73110031018,-348778.82492089312,3679.257198767627,1.0078601219980354,-0.29868315032864989,-0.0054969111712394646
1612800.0000035623,-109916.0877038738,-349311.83615681058,3669.3014814456992,1.0095170769995463,-0.29354998550803973,-0.0055649984419849528
1614600.0000031432,-108097.48531036203,-349835.599253789,3659.2231997354352,1.0111478867306072,-0.2884074625146974,-0.0056330934481859506
1616400.0000027241,-106275.9710366447,-350350.09748591768,3649.0223417654324,1.0127524892111766,-0.28325571326432719,-0.0057011939046292927
1618200.0000026193,-104451.59211071738,-350855.31436510972,3638.6988997877643,1.014330823108073,-0.27809487014419543,-0.0057692975156890189
1620000.0000022002,-102624.39587146885,-351351.23364170158,3628.2528702021286,1.0158828277385723,-0.27292506601307903,-0.0058374019753105388
1621800.0000017812,-100794.42976541702,-351837.83930587367,3617.6842535627111,1.0174084430765775,-0.26774643419261357,-0.0059055049671085744
1623600.0000013621,-98961.741346677925,-352315.11558815994,3606.9930546033124,1.0189076097559728,-0.26255910846776231,-0.0059736041643449677
1625400.0000015716,-97126.378275190495,-352783.04696042981,3596.1792822525331,1.0203802690754564,-0.25736322308232518,-0.0060416972299722578
1627200.0000014668,-95288.38831740075,-353241.61813623813,3585.2429496634818,1.0218263630013937,-0.25215891274138391,-0.006109781816586733
1629000.0000013621,-93447.819342515533,-353690.81407229573,3574.1840742173895,1.0232458341742148,-0.24694631260118102,-0.006177855566546573
1630800.000000943,-91604.719322589648,-354130.61996894836,3563.0026775497131,1.0246386259117035,-0.24172555826982511,-0.006245916111948354
1632600.0000011525,-89759.136330521462,-354561.02127117134,3551.6987855638317,1.0260046822139179,-0.23649678580204639,-0.0063139610746818925
1634400.0000010477,-87911.118541054544,-354982.00366885652,3540.2724284631217,1.0273439477658788,-0.23126013170244342,-0.0063819880663748959
1636200.0000012573,-86060.714225866308,-355393.55309846078,3528.7236407467672,1.0286563679445972,-0.22601573291195187,-0.0064499946885564173
1638000.0000008382,-84207.971756238956,-355795.65574290731,3517.0524612522408,1.0299418888205412,-0.22076372681576906,-0.0065179785325417804
1639800.0000004191,-82352.939598308192,-356188.29803315288,3505.2589331517643,1.0312004571644391,-0.21550425123022054,-0.0065859371795913332
1641600.0000006286,-80495.666313551206,-356571.46664856962,3493.3431039813004,1.0324320204503032,-0.21023744440444689,-0.0066538682008773819
1643400.0000005239,-78636.200558665121,-356945.14851749921,3481.3050256661832,1.0336365268589942,-0.20496344502033997,-0.0067217691574747648
1645200.0000001048,-76774.591082038372,-357309.33081848896,3469.1447545247961,1.0348139252840021,-0.19968239218279121,-0.0067896376004768239
1647000.0000006286,-74910.88672241423,-357664.00098103989,3456.8623512859522,1.0359641653356708,-0.19439442541612467,-0.0068574710710317824
1648800.0000011525,-73045.1364106416,-358009.14668578404,3444.4578811268675,1.0370871973435636,-0.18909968466926474,-0.0069252671002677816
1650600.0000010477,-71177.389165812958,-358344.75586574065,3431.9314136743747,1.0381829723623426,-0.18379831030495672,-0.0069930232094234128
1652400.0000012573,-69307.694093166574,-358670.81670718384,3419.2830230172071,1.0392514421764021,-0.17849044309395498,-0.0070607369099145185
1654200.0000008382,-67436.100385724552,-358987.31764985423,3406.5127877436012,1.04029255930236,-0.17317622421979573,-0.0071284057032665092
1656000.0000007334,-65562.657319895967,-359294.2473882286,3393.6207909381856,1.0413062769950199,-0.16785579526640698,-0.0071960270812664838
1657800.000000943,-63687.414255666823,-359591.59487197117,3380.6071202097582,1.0422925492506592,-0.16252929821871323,-0.0072635985259500279
1659600.0000008382,-61810.42063674696,-359879.34930642875,3367.4718677192704,1.0432513308104556,-0.15719687546309385,-0.0073311175095911209
1661400.0000010477,-59931.725985874109,-360157.50015387154,3354.2151301739605,1.044182577166392,-0.15185866977405646,-0.007398581494867335
1663200.0000006286,-58051.37990655176,-360426.03713371832,3340.8370088662941,1.0450862445637914,-0.14651482431915819,-0.0074659879347944488
1665000.0000005239,-56169.432079125814,-360684.9502236133,3327.3376096731431,1.0459622900067098,-0.1411654826478152,-0.0075333342728656745
1666800.0000001048,-54285.932261814625,-360934.22965977294,3313.7170430900233,1.0468106712608762,-0.13581078869415972,-0.0076006179430141525
1668600.0000006286,-52400.930286127026,-361173.86593809858,3299.9754242250506,1.0476313468592262,-0.13045088676391753,-0.0076678363697774508
1670400.0000005239,-50514.476060542678,-361403.84981419507,3286.1128728527056,1.048424276103719,-0.1250859215447471,-0.0077349869681681213
1672200.0000010477,-48626.61956351468,-361624.17230475729,3272.1295133899162,1.0491894190718318,-0.11971603808619026,-0.0078020671439263467
1674000.0000012573,-46737.410846456696,-361834.8246876864,3258.0254749449796,1.0499267366187017,-0.11434138180798631,-0.007869074293417844
1675800.0000011525,-44846.90002981171,-362035.79850305279,3243.8008913157064,1.0506361903821835,-0.10896209848868267,-0.0079360058037793273
1677600.0000013621,-42955.137301906114,-362227.08555369469,3229.4559010078469,1.0513177427866769,-0.10357833426213806,-0.0080028590529658914
1679400.0000015716,-41062.172918333345,-362408.67790577142,3214.990647257609,1.0519713570467619,-0.098190235615503982,-0.0080696314097809911
1681200.0000020955,-39168.057200258176,-362580.56788942468,3200.4052780460779,1.0525969971712403,-0.092797949384108833,-0.0081363202339460837
1683000.000002305,-37272.840533474504,-362742.74809936358,3185.6999461193504,1.053194627966892,-0.087401622748457197,-0.0082029228761448646
1684800.0000022002,-35376.573365636556,-362895.21139559621,3170.8748089944397,1.0537642150427746,-0.082001403225999608,-0.008269436678133079
1686600.0000024098,-33479.306205481545,-363037.95090396743,3155.9300289804232,1.054305724813833,-0.076597438668544043,-0.0083358589727794991
1688400.0000026193,-31581.089621790481,-363170.96001672675,3140.8657731976468,1.0548191245046039,-0.071189877258893752,-0.0084021870841175603
1690200.0000022002,-29681.974242481119,-363294.23239309236,3125.6822135980879,1.055304382152898,-0.065778867507834779,-0.0084684183273940668
1692000.0000027241,-27782.010749855726,-363407.76196004293,3110.3795269547686,1.0557614666143984,-0.060364558240137207,-0.0085345500092531418
1693800.0000029337,-25881.249884109227,-363511.5429125696,3094.9578949171796,1.0561903475651266,-0.054947098604065825,-0.0086005794276336495
1695600.0000025146,-23979.742438728645,-363605.56971445307,3079.4175040019031,1.0565909955059858,-0.049526638057757803,-0.0086665038719509514
1697400.0000024098,-22077.539257986758,-363689.83709884883,3063.7585455993421,1.0569633817665853,-0.044103326361535848,-0.0087323206232064604
1699200.000002305,-20174.691238434752,-363764.34006868437,3047.9812160132851,1.057307478508257,-0.038677313581593459,-0.0087980269539603469
1701000.0000022002,-18271.249325605822,-363829.07389729179,3032.0857164613185,1.0576232587280598,-0.033248750080001513,-0.0088636201284719024
1702800.0000024098,-16367.264512605745,-363884.03412892536,3016.0722530904322,1.0579106962623233,-0.027817786510064346,-0.0089290974027758478
1704600.0000026193,-14462.787839576802,-363929.21657925483,2999.9410369999987,1.0581697657900595,-0.022384573814139452,-0.0089944560247304257
1706400.0000025146,-12557.870391274651,-363964.61733590992,2983.6922842488466,1.0584004428366323,-0.016949263216047408,-0.0090596932341319731
1708200.0000020955,-10652.563295659234,-363990.23275897757,2967.3262158706721,1.0586027037772174,-0.011512006216345161,-0.0091248062627962596
1710000.0000016764,-8746.9177219537796,-364006.05948149489,2950.8430578847483,1.0587765258402793,-0.006072954586053469,-0.0091897923346596442
1711800.0000022002,-6840.9848791629147,-364012.09440992225,2934.2430413104157,1.0589218871109487,-0.00063226036166631045,-0.0092546486658661078
1713600.0000017812,-4934.8160176526362,-364008.33472462179,2917.5264022084193,1.0590387665341994,0.0048099241511249773,-0.0093193724647522239
1715400.0000016764,-3028.4624216490347,-363994.77788033371,2900.6933816428013,1.0591271439186272,0.010253446399660268,-0.0093839609321427139
1717200.0000015716,-1121.9754126274754,-363971.42160662351,2883.7442257376847,1.0591869999393895,0.015698153575477641,-0.0094484112612773178
1719000.0000014668,784.59365395435907,-363938.26390833763,2866.6791856759337,1.059218316141616,0.021143892624508553,-0.0095127206379659896
1720800.0000013621,2691.1933908381534,-363895.30306602508,2849.4985177068957,1.0592210749436328,0.026590510254203954,-0.0095768862407087617
1722600.0000012573,4597.7723791186172,-363842.53763639182,2832.2024831722424,1.0591952596401373,0.032037852934894466,-0.0096409052407491411
1724400.0000014668,6504.279171770374,-363779.96645267023,2814.7913485013078,1.0591408544053347,0.03748576691081347,-0.0097047748022430682
1726200.0000013621,8410.6622921568705,-363707.5886251207,2797.2653852518301,1.0590578442961212,0.042934098196810065,-0.0097684920822613385
1728000.0000012573,10316.870239332096,-363625.40354131197,2779.624870088649,1.0589462152550471,0.048382692594498587,-0.0098320542310217154
1729800.0000014668,12222.851487875831,-363533.41086655064,2761.8700848119615,1.0588059541133605,0.053831395692815212,-0.0098954583919397491
1731600.0000013621,14128.554487743706,-363431.61054435652,2744.0013163859408,1.0586370485941525,0.059280052868639035,-0.009958701701682969
1733400.0000012573,16033.927669071329,-363320.00279668061,2726.0188569209336,1.0584394873150722,0.064728509301602552,-0.010021781290391791
1735200.0000014668,17938.919442323611,-363198.58812432043,2707.9230036987015,1.058213259791305,0.070176609975622334,-0.010084694281747538
1737000.0000013621,19843.478198740937,-363067.3673073512,2689.7140591951711,1.0579583564385886,0.075624199681300908,-0.010147437793053129
1738800.0000012573,21747.552314544097,-362926.34140529466,2671.3923310671748,1.0576747685757046,0.081071123029105518,-0.010210008935439807
1740600.0000014668,23651.090150471042,-362775.51175757969,2652.9581321834166,1.0573624884274986,0.086517224449220942,-0.010272404813922213
1742400.0000013621,25554.040053488316,-362614.87998386886,2634.4117806347676,1.0570215091276347,0.091962348197645719,-0.010334622527527539
1744200.0000012573,27456.350359945838,-362444.44798423891,2615.7535997301543,1.0566518247209995,0.097406338366444745,-0.010396659169474212
1746000.0000008382,29357.969395854052,-362264.21793958492,2596.9839180201952,1.0562534301665629,0.10284903888579323,-0.010458511827258495
1747800.0000010477,31258.845479762247,-362074.19231178804,2578.1030692952181,1.0558263213396946,0.10829029353348826,-0.010520177582828652
1749600.000000943,33158.926922182596,-361874.37384420936,2559.1113926172648,1.0553704950351905,0.11372994593459772,-0.010581653512649046
1751400.0000011525,35058.16203001517,-361664.76556167594,2540.0092323022777,1.054885948969132,0.11916783957544856,-0.010642936687929231
1753200.0000016764,36956.499106334268,-361445.37077091896,2520.7969379481219,1.0543726817817372,0.12460381780436029,-0.010704024174704908
1755000.0000015716,38853.886451758699,-361216.19306086452,2501.4748644469237,1.0538306930398724,0.13003772383693535,-0.010764913033973207
1756800.0000014668,40750.27236838836,-360977.23630259308,2482.0433719709222,1.0532599832387419,0.13546940076872199,-0.010825600321912716
1758600.0000013621,42645.605159454084,-360728.50464979088,2462.5028260015774,1.0526605538047182,0.14089869157562648,-0.010886083089968343
1760400.000000943,44539.833131209743,-360470.00253894267,2442.8535973358689,1.0520324070975442,0.1463254391207657,-0.010946358385011045
1762200.0000008382,46432.904596223387,-360201.7346893049,2423.0960620776505,1.0513755464119618,0.15174948616535452,-0.011006423249544614
1764000.0000010477,48324.767872710443,-359923.70610340906,2403.230601669819,1.0506899759806194,0.15717067536827276,-0.011066274721789168
1765800.0000015716,50215.371287770577,-359635.92206702445,2383.2576028857857,1.0499757009756268,0.16258884929684106,-0.01112590983589171
1767600.0000017812,52104.663177884489,-359338.3881495003,2363.1774578492973,1.049232727511022,0.16800385042976501,-0.011185325622052546
1769400.0000016764,53992.591892005301,-359031.1102037052,2342.9905640266388,1.0484610626442132,0.17341552116753703,-0.011244519106736506
1771200.0000015716,55879.105793092524,-358714.09436617751,2322.6973242348331,1.0476607143779104,0.17882370383839841,-0.011303487312837587
1773000.0000020955,57764.153259578314,-358387.34705728089,2302.2981466503766,1.0468316916620481,0.18422824070412444,-0.011362227259844551
1774800.0000026193,59647.682685347987,-358050.87498162745,2281.7934448339925,1.0459740043963732,0.18962897396157233,-0.011420735963963424
1776600.0000028289,61529.64248381542,-357704.68512777938,2261.1836377108025,1.0450876634311612,0.19502574575598844,-0.011479010438370725
1778400.0000027241,63409.981088560933,-357348.78476852312,2240.4691495872767,1.0441726805693801,0.20041839818448007,-0.011537047693362364
1780200.0000026193,65288.646955993703,-356983.18146076985,2219.6504101457876,1.0432290685678434,0.20580677330531258,-0.011594844736568341
1782000.0000022002,67165.588565498445,-356607.88304592087,2198.7278544666251,1.042256841139557,0.21119071314001084,-0.011652398573093088
1783800.0000024098,69040.75442340257,-356222.89764948032,2177.7019230073433,1.0412560129540862,0.21657005968643739,-0.011709706205776353
1785600.0000026193,70914.093061470907,-355828.23368174973,2156.5730616428182,1.0402265996406981,0.22194465491619128,-0.011766764635289565
1787400.0000022002,72785.553040833882,-355423.89983742737,2135.3417216444313,1.0391686177886423,0.22731434078761137,-0.011823570860401977
1789200.0000020955,74655.082954587182,-355009.90509542363,2114.0083596732434,1.038082084947954,0.23267895925498774,-0.01188012187820864
1791000.0000016764,76522.631426686232,-354586.25871948648,2092.5734378151528,1.0369670196323475,0.23803835226716086,-0.011936414684249576
1792800.0000018859,78388.147117245826,-354152.97025740205,2071.0374235426652,1.0358234413183505,0.24339236178451373,-0.011992446272826049
1794600.0000014668,80251.578719568526,-353710.04954205669,2049.4007897712027,1.034651370449309,0.2487408297722481,-0.012048213637070935
1796400.0000013621,82112.874967387266,-353257.50669012853,2027.6640147973203,1.0334508284331114,0.25408359822298987,-0.012103713769329423
1798200.0000012573,83971.984632387845,-352795.35210303107,2005.827582348825,1.0322218376458303,0.25942050915151382,-0.012158943661251325
1800000.0000014668,85828.856527806391,-352323.59646642412,1983.8919815642623,1.0309644214315437,0.26475140460691937,-0.012213900304069094
1801800.0000016764,87683.439509420466,-351842.25075033249,1961.8577070023125,1.0296786041037556,0.27007612667734299,-0.01226858068880133
1803600.0000015716,89535.682477170601,-351351.32620911149,1939.7252586435554,1.0283644109463634,0.27539451749649219,-0.012322981806478858
1805400.0000011525,91385.534378537835,-350850.83438092354,1917.4951418707258,1.0270218682132981,0.28070641925523904,-0.012377100648425558
1807200.0000010477,93232.944208822533,-350340.78708801238,1895.1678674854477,1.0256510031302637,0.28601167420432866,-0.012430934206451676
1809000.0000012573,95077.861013287227,-349821.19643648493,1872.7439517024327,1.024251843895134,0.29131012466245787,-0.012484479473105639
1810800.0000017812,96920.23388861501,-349292.07481626526,1850.2239161514974,1.0228244196787799,0.2966016130223969,-0.012537733441909426
1812600.0000016764,98760.011983763805,-348753.43490122404,1827.608287886706,1.0213687606263524,0.30188598175539205,-0.012590693107580512
1814400.0000015716,100597.14450438175,-348205.28964825621,1804.8975993513152,1.0198848978556829,0.30716307342580901,-0.012643355466359947
1816200.0000020955,102431.5807132847,-347647.65229746111,1782.0923883902453,1.0183728634586351,0.31243273069448085,-0.012695717516230014
1818000.0000016764,104263.26992973806,-347080.53637272993,1759.1931982776262,1.0168326905035361,0.31769479631862702,-0.012747776257102683
1819800.000000943,106092.16153535405,-346503.95568029745,1736.2005776615165,1.0152644130320643,0.32294911317079489,-0.012799528691200273
1821600.0000014668,107918.20497475601,-345917.92430883786,1713.1150805727539,1.0136680660602821,0.32819552424277521,-0.01285097182328983
1823400.0000016764,109741.34975371917,-345322.45663041307,1689.9372664659488,1.0120436855819697,0.33343387264228114,-0.012902102660851315
1825200.0000015716,111561.54544489233,-344717.5672989937,1666.6677001643529,1.0103913085653311,0.33866400161141635,-0.012952918214463625
1827000.0000014668,113378.74168913545,-344103.27125032427,1643.3069518590519,1.0087109729533112,0.34388575453255876,-0.01300341549806968
1828800.0000010477,115192.88819539644,-343479.58370229776,1619.8555971267772,1.0070027176652885,0.34909897493005698,-0.013053591529205455
1830600.000000943,117003.93474444779,-342846.52015402156,1596.3142168976947,1.0052665825951574,0.35430350648302622,-0.013103443329340205
1832400.0000005239,118811.83118895472,-342204.09638611507,1572.6833974699066,1.0035026086127512,0.35949919302761218,-0.013152967924118715
1834200.0000004191,120616.52745685277,-341552.32845984877,1548.9637304805321,1.0017108375620651,0.36468587856877493,-0.013202162343698748
1836000,122417.97355125911,-340891.23271749675,1525.1558129214943,0.99989131226277284,0.36986340728211964,-0.013251023622997189
1837799.9999998952,124216.11955419768,-340220.82578130596,1501.2602471047323,0.99804407650791405,0.37503162352669395,-0.013299548802044267
1839600.0000001048,126010.91562725727,-339541.12455355568,1477.2776406671012,0.99616917506455194,0.38019037184898247,-0.013347734926257753
1841400.0000006286,127802.31201303298,-338852.14621633693,1453.208606564634,0.99426665367363032,0.38533949698915582,-0.013395579046742913
1843200.0000005239,129590.25903679917,-338153.90823123907,1429.0537630632336,0.99233655904954887,0.39047884388799464,-0.013443078220602563
1845000.0000007334,131374.70711023,-337446.42833820934,1404.8137337009296,0.99037893887741568,0.3956082576997047,-0.013490229511305079
1846800.0000006286,133155.60673064867,-336729.72455613932,1380.4891473099169,0.98839384181505063,0.40072758379188694,-0.013537029988937304
1848600.0000011525,134932.90848481312,-336003.81518166378,1356.0806379766341,0.98638131749000457,0.40583666775855182,-0.013583476730581689
1850400.0000013621,136706.56304818284,-335268.71878975612,1331.5888450628902,0.98434141650153617,0.41093535542015086,-0.013629566820578344
1852200.0000018859,138476.52118967765,-334524.45423207647,1307.0144131510519,0.98227419041632102,0.41602349283939954,-0.01367529735093455
1854000.0000017812,140242.7337704041,-333771.04063778714,1282.3579920716741,0.98017969177097974,0.42110092631976448,-0.013720665421580854
1855800.0000016764,142005.15174840263,-333008.4974118417,1257.6202368471409,0.97805797406755646,0.42616750242126322,-0.01376566814078696
1857600.0000015716,143763.72617816669,-332236.84423545958,1232.8018077072663,0.97590909177504881,0.43122306796123849,-0.013810302625446236
1859400.0000017812,145518.4082133612,-331456.10106523632,1207.9033700597606,0.9737331003271037,0.43626747002433369,-0.013854566001446493
1861200.0000016764,147269.14910773045,-330666.28813302389,1182.925594485482,0.97153005612184107,0.44130055596726658,-0.013898455403998223
1863000.0000015716,149015.90021794048,-329867.42594494042,1157.8691567055771,0.96930001651920761,0.44632217342916847,-0.013941967978015338
1864800.0000011525,150758.61300427903,-329059.53528132191,1132.734737578442,0.96704303984093964,0.45133217033576378,-0.01398510087844556
1866600.0000007334,152497.23903380078,-328242.63719554251,1107.5230230608972,0.96475918536733218,0.45633039491058636,-0.014027851270665347
1868400.000000943,154231.72998093272,-327416.75301398616,1082.2347042051633,0.96244851333719017,0.46131669567889216,-0.014070216330815101
1870200.0000014668,155962.03762861065,-326581.90433578618,1056.870477147846,0.96011108494711528,0.46629092147310214,-0.014112193246151785
1872000.0000019907,157688.11387095362,-325738.11303181777,1031.4310430757798,0.95774696234866619,0.47125292144266878,-0.014153779215442516
1873800.0000022002,159409.91071489875,-324885.4012441581,1005.9171082061503,0.95535620864679949,0.47620254506095372,-0.014194971449335805
1875600.0000017812,161127.38028158378,-324023.79138566181,980.32938376969412,0.95293888789860448,0.48113964213137939,-0.014235767170730227
1877400.0000016764,162840.47480970871,-323153.3061385242,954.66858596361556,0.95049506510916815,0.48606406279927483,-0.014276163615193181
1879200.0000018859,164549.14665439213,-322273.96845509729,928.93543597100233,0.9480248062337352,0.49097565755076439,-0.01431615803127613
1881000.0000017812,166253.34829047651,-321385.80155647075,903.13065991333451,0.94552817817356871,0.49587427722444927,-0.014355747680938839
1882800.000002305,167953.03231523666,-320488.828931292,877.25498881056456,0.94300524877244518,0.50075977302137287,-0.014394929839961402
1884600.0000028289,169648.1514475258,-319583.0743364474,851.30915859462766,0.94045608681835868,0.50563199650474222,-0.014433701798276953
1886400.0000027241,171338.65853040791,-318668.56179593137,825.29391006964136,0.93788076204010418,0.51049079960967447,-0.014472060860388889
1888200.0000026193,173024.50653534927,-317745.31559880544,799.20998884670155,0.93527934510126243,0.51533603465741618,-0.014510004345824863
1890000.0000025146,174705.6485602615,-316813.36030047177,773.05814537251854,0.93265190760349115,0.52016755435189477,-0.014547529589454093
1891800.0000027241,176382.03783375595,-315872.72072057019,746.83913486171423,0.92999852208028244,0.52498521179411706,-0.014584633941948259
1893600.0000029337,178053.62771512585,-314923.42194319866,720.55371729437388,0.92731926199723336,0.52978886048428886,-0.014621314770148842
1895400.0000025146,179720.37169648948,-313965.48931593716,694.20265737940974,0.92461420174892595,0.53457835433013823,-0.014657569457485581
1897200.0000027241,181382.22340618508,-312998.94844810572,667.78672449690544,0.92188341665360363,0.53935354765884191,-0.014693395404423736
1899000.000002305,183039.1366068809,-312023.82521206437,641.30669272349951,0.91912698295642048,0.54411429521374999,-0.014728790028799104
1900800.0000025146,184691.065201761,-311040.14573980757,614.76334072861789,0.91634497781936752,0.54886045217432111,-0.014763750766329679
1902600.0000024098,186337.96323106915,-310047.93642519816,588.15745182375065,0.91353747932710783,0.55359187414834754,-0.014798275070922646
1904400.0000019907,187979.78487822259,-309047.22392053355,561.48981385769787,0.91070456647676457,0.55830841719166979,-0.014832360415187351
1906200.0000022002,189616.48446953771,-308038.03513686941,534.76121921324705,0.90784631917830583,0.56300993780953601,-0.014866004290813891
1908000.0000014668,191248.01647461826,-307020.39724399283,507.9724647930999,0.904962818253917,0.56769629295986035,-0.014899204208969237
1909800.0000016764,192874.33551173369,-305994.33766726888,481.12435192303462,0.90205414542848661,0.57236734007081036,-0.014931957700796448
1911600.0000015716,194495.39634473345,-304959.88408974098,454.21768639307891,0.89912038333495525,0.57702293703407626,-0.014964262317742824
1913400.0000017812,196111.15388843603,-303917.06444891921,427.25327835853983,0.89616161550458262,0.58166294222247639,-0.014996115632061529
1915200.0000019907,197721.56320822684,-302865.90693719039,400.2319423355811,0.89317792636745419,0.58628721449092802,-0.015027515237197288
1917000.0000022002,199326.57952215403,-301806.44000064331,373.15449715478252,0.89016940124847133,0.59089561318458017,-0.015058458748223586
1918800.0000017812,200926.15820257465,-300738.6923381571,346.02176592120674,0.88713612636406036,0.59548799814565689,-0.015088943802271557
1920600.0000019907,202520.25477925772,-299662.69289948407,318.83457594867588,0.88407818881599987,0.60006422972446583,-0.015118968058986878
1922400.0000015716,204108.82493731956,-298578.47088679532,291.59375878117265,0.88099567659505951,0.60462416877557501,-0.015148529200889568
1924200.0000014668,205691.8245229226,-297486.05575098819,264.30015008120904,0.87788867856973263,0.60916767667626415,-0.015177624933880975
1926000.0000013621,207269.20954221624,-296385.47719253204,236.95458963246497,0.87475728448783852,0.61369461532557001,-0.015206252987623525
1927800.0000012573,208840.93616360752,-295276.76516005606,209.55792128484765,0.87160158497168427,0.61820484715288537,-0.015234411115983391
1929600.0000008382,210406.96071924301,-294159.94984945498,182.11099291213046,0.86842167151467486,0.62269823512428102,-0.015262097097458301
1931400.0000007334,211967.23970749436,-293035.06170225533,154.61465635101939,0.86521763647579064,0.62717464275170731,-0.015289308735622563
1933200.000000943,213521.72979359646,-291902.13140527357,127.0697673716283,0.86198957307772428,0.63163393409687885,-0.015316043859538719
1935000.0000005239,215070.38781001841,-290761.1898905019,99.477185652358543,0.858737575405635,0.63607597377439173,-0.015342300324165415
1936800.0000004191,216613.17076116064,-289612.26833179157,71.837774676873408,0.85546173839676432,0.64050062696723964,-0.015368076010837856
1938600.0000006286,218150.03582233028,-288455.39814569976,44.152401731689004,0.85216215784188398,0.64490775942590661,-0.015393368827649247
1940400.0000011525,219680.94034192461,-287290.61098998843,16.421937846082653,0.84883893038003533,0.64929723747665813,-0.015418176709886279
1942200.0000013621,221205.84184255105,-286117.93876289809,-11.352742249808223,0.84549215349544782,0.65366892802676579,-0.015442497620445439
1944000.000000943,222724.69802366872,-284937.41360123345,-39.1707601955153,0.84212192551105269,0.65802269857409323,-0.01546632955027207
1945800.0000005239,224237.46676263053,-283749.06787964184,-67.03123404277521,0.83872834558536957,0.66235841721208077,-0.015489670518771256
1947600.0000010477,225744.10611669047,-282552.93420912453,-94.933278316626911,0.83531151370718049,0.66667595263748924,-0.01551251857423208
1949400.0000012573,227244.57432192384,-281349.04543799569,-122.87600402004681,0.83187153069717923,0.67097517414928676,-0.015534871794203098
1951200.0000011525,228738.8297976332,-280137.43464848452,-150.85851874087598,0.8284084981971469,0.67525595166324526,-0.015556728285949086
1953000.0000010477,230226.83114714664,-278918.13515614008,-178.87992669335753,0.82492251866711319,0.67951815571619234,-0.015578086186849105
1954800.0000012573,231708.53715879034,-277691.18050911161,-206.93932876340307,0.82141369538213738,0.68376165747074491,-0.015598943664795188
1956600.0000014668,233183.90680707261,-276456.60448725556,-235.03582255848272,0.81788213242857644,0.68798632872064103,-0.015619298918591628
1958400.0000013621,234652.89925470125,-275214.44110053271,-263.16850247422019,0.81432793469830311,0.69219204189845429,-0.015639150178362607
1960200.000000943,236115.47385395702,-273964.72458791186,-291.33645974978344,0.81075120788433919,0.69637867008144094,-0.015658495705946861
1962000.0000014668,237571.59014934229,-272707.48941515054,-319.53878254884341,0.8071520584732671,0.70054608700103571,-0.015677333795305042
1963800.0000013621,239021.20787545491,-271442.77027668152,-347.77455594894934,0.80353059374936142,0.70469416703866217,-0.015695662772861194
1965600.000000943,240464.2869621237,-270170.60209123674,-376.04286207206582,0.79988692178078125,0.70882278524232101,-0.015713480997935028
1967400.0000014668,241900.78753495592,-268891.02000136173,-404.34278012775991,0.79622115141686911,0.71293181733002742,-0.015730786863108342
1969200.0000016764,243330.6699146216,-267604.05937409861,-432.67338643160008,0.79253339228878195,0.71702113968962977,-0.015747578794573776
1971000.0000022002,244753.89462075668,-266309.75579754933,-461.03375451523857,0.78882375479829936,0.72109062939183044,-0.015763855252534657
1972800.0000027241,246170.42237217369,-265008.14508068649,-489.42295516482784,0.78509235011591771,0.72514016419262317,-0.015779614731554474
1974600.000003248,247580.21408860339,-263699.26325178758,-517.84005649039898,0.78133929017497361,0.72916962254010131,-0.015794855760919532
1976400.0000034575,248983.23089179059,-262383.14655743557,-546.28412398320347,0.77756468766737208,0.73317888357940819,-0.015809576904988555
1978200.0000036671,250379.43410708552,-261059.83146104545,-574.75422058380093,0.77376865603793477,0.73716782715908813,-0.01582377676354196
1980000.0000035623,251768.78526455382,-259729.35464182176,-603.24940674120046,0.76995130947996782,0.74113633383604427,-0.015837453972119993
1981800.0000034575,253151.24610089941,-258391.7529929202,-631.7687404894649,0.76611276292851993,0.74508428488281175,-0.015850607202362539
1983600.0000036671,254526.7785603957,-257047.06362053016,-660.31127750488577,0.76225313205626377,0.74901156229197674,-0.015863235162332245
1985400.000003248,255895.34479531817,-255695.32384345669,-688.87607115319861,0.75837253327079401,0.75291804877916357,-0.015875336596827435
1987200.0000037719,257256.90716968745,-254336.57118941733,-717.46217260662411,0.75447108370247329,0.75680362779545296,-0.015886910287717309
1989000.0000036671,258611.42825698867,-252970.84339727365,-746.06863083588769,0.75054890120929763,0.76066818352259691,-0.015897955054216928
1990800.0000038766,259958.87084544782,-251598.17841172896,-774.69449276131797,0.74660610436010844,0.76451160088977943,-0.015908469753219651
1992600.0000040862,261299.19793604879,-250218.61438526673,-803.33880325209168,0.74264281243857688,0.76833376556964916,-0.015918453279560929
1994400.0000042957,262632.37274549977,-248832.18967510117,-832.00060523044829,0.73865914543284872,0.77213456398846081,-0.015927904566315158
1996200.0000045053,263958.35870715423,-247438.94284216248,-860.67893973352909,0.73465522403100858,0.77591388333035705,-0.015936822585067414
1998000.0000040862,265277.1194720213,-246038.91264998561,-889.37284597764369,0.73063116961625074,0.77967161154190068,-0.015945206346178162
1999800.0000042957,266588.61891117203,-244632.13806209361,-918.0813614536271,0.72658710425770046,0.78340763734055308,-0.015953054899047914
2001600.0000038766,267892.82111435191,-243218.65824341236,-946.803521940064,0.72252315071280881,0.78712185021234371,-0.015960367332350029
2003400.0000034575,269189.69039430417,-241798.51255555777,-975.53836164194615,0.71843943241211206,0.79081414042577536,-0.015967142774289147
2005200.0000036671,270479.19128655549,-240371.7405569377,-1004.2849132310483,0.71433607345781314,0.79448439903279411,-0.015973380392822249
2007000.0000035623,271761.28854935413,-238938.38200275961,-1033.0422078892063,0.71021319862207455,0.79813251787017869,-0.01597907939587417
2008800.0000037719,273035.94716735638,-237498.47684084938,-1061.8092754360246,0.70607093333324611,0.80175838957157675,-0.015984239031561053
2010600.0000042957,274303.13235122582,-236052.06521196381,-1090.5851443661857,0.70190940367499877,0.80536190756789205,-0.015988858588383763
2012400.0000038766,275562.80953813763,-234599.1874491449,-1119.368841906748,0.69772873638268473,0.80894296609022975,-0.015992937395418138
2014200.0000031432,276814.94439537119,-233139.88407348419,-1148.1593941456849,0.69352905882935167,0.81250146018160296,-0.015996474822504471
2016000.0000030384,278059.50282011071,-231674.19579417538,-1176.9558260751169,0.68931049902407093,0.81603728569783829,-0.015999470280412539
2017800.000003248,279296.45093969104,-230202.1635081165,-1205.7571616442294,0.68507318560895958,0.81955033930972132,-0.016001923221000025
2019600.0000028289,280525.75511336705,-228723.82829770827,-1234.5624238478811,0.6808172478509924,0.82304051850947091,-0.016003833137364632
2021400.0000027241,281747.38193474483,-227239.23142778073,-1263.3706348318453,0.67654281563128227,0.82650772161904751,-0.016005199563984249
2023200.000002305,282961.29823086364,-225748.41434653045,-1292.1808159200314,0.67225001944588825,0.82995184778894193,-0.016006022076841125
2025000.0000025146,284167.47106482636,-224251.41868216277,-1320.9919877254074,0.66793899039424776,0.83337279700701672,-0.016006300293540145
2026800.0000027241,285365.86773567478,-222748.28624286843,-1349.8031701963198,0.6636098601771836,0.83677047009950278,-0.016006033873413011
2028600.0000029337,286556.45578025805,-221239.05901433172,-1378.6133827105593,0.65926276108779336,0.84014476873763322,-0.016005222517612307
2030400.0000025146,287739.20297383453,-219723.7791587844,-1407.4216441396486,0.65489782600676594,0.84349559544065844,-0.016003865969193433
2032200.0000027241,288914.07733233133,-218202.48901191918,-1436.2269729538432,0.65051518839152145,0.84682285358353471,-0.016001964013183247
2034000.0000029337,290081.04711130628,-216675.23108401382,-1465.0283872471255,0.64611498227746034,0.85012644739525089,-0.015999516476640864
2035800.0000022002,291240.08080797928,-215142.04805712934,-1493.8249048370017,0.64169734226788877,0.8534062819658248,-0.015996523228703839
2037600.0000020955,292391.14716378826,-213602.98278149081,-1522.6155433788638,0.6372624035215706,0.85666226325475703,-0.015992984180617724
2039400.0000016764,293534.21516261314,-212058.07827760308,-1551.3993203727391,0.6328103017567861,0.85989429808719975,-0.015988899285765218
2041200.0000012573,294669.2540336927,-210507.37773213303,-1580.1752532870157,0.62834117323741712,0.86310229416338191,-0.015984268539671224
2043000.0000008382,295796.23325186939,-208950.92449731581,-1608.9423596159083,0.62385515476916387,0.8662861600604469,-0.015979091980002545
2044800.0000010477,296915.12253914779,-207388.76208855252,-1637.6996569704297,0.61935238369054524,0.86944580523797976,-0.01597336968655046
2046600.0000006286,298025.89186422486,-205820.93418481355,-1666.4461631175182,0.61483299787195755,0.87258114003777965,-0.015967101781210854
2048400.0000008382,299128.5114455822,-204247.48462403563,-1695.1808961110712,0.61029713570029842,0.87569207569365981,-0.015960288427933289
2050200.0000001048,300222.95175000606,-202668.45740492758,-1723.9028743051535,0.60574493608204172,0.87877852432832326,-0.015952929832682792
2051999.9999996857,301309.1834961042,-201083.89668165307,-1752.6111164972374,0.60117653842576813,0.881840398964296,-0.015945026243358831
2053799.9999995809,302387.17765317694,-199493.84676512596,-1781.3046419505044,0.59659208264374208,0.88487761352173944,-0.015936577949730954
2055599.9999994761,303456.90544290829,-197898.35212025142,-1809.9824704898722,0.59199170914178867,0.8878900828241808,-0.015927585283343947
2057399.9999993714,304518.33833998913,-196297.45736468234,-1838.6436225701682,0.58737555881352421,0.8908777226012099,-0.015918048617417493
2059199.9999989523,305571.44807315309,-194691.20726694609,-1867.2871193553747,0.58274377303275449,0.89384044949230257,-0.015907968366729874
2060999.9999988475,306616.20662646159,-193079.64674414232,-1895.9119828050466,0.5780964936446269,0.89677818105131735,-0.015897344987486049
2062799.9999984284,307652.58623923449,-191462.82086169216,-1924.5172357238812,0.57343386296268317,0.89969083574715136,-0.015886178977186138
2064599.9999986379,308680.55940798757,-189840.77482997646,-1953.1019018662337,0.56875602375692758,0.90257833297001289,-0.015874470874461245
2066399.9999988475,309700.09888585971,-188213.55400485938,-1981.6650059714684,0.56406311925308628,0.90544059303059965,-0.015862221258923528
2068199.9999993714,310711.17768465501,-186581.20388408907,-2010.2055738717397,0.55935529311996568,0.90827753716660187,-0.015849430750974811
2069999.9999995809,311713.76907488087,-184943.77010683066,-2038.7226325441145,0.55463268946583488,0.91108908754353535,-0.015836100011625602
2071799.9999991618,312707.84658688371,-183301.29845143398,-2067.2152101933193,0.5498954528296961,0.91387516725863061,-0.01582222974228837
2073599.999999057,313693.38401208806,-181653.8348329564,-2095.6823363379913,0.54514372817185008,0.91663570034497466,-0.015807820684555787
2075399.9999992666,314670.35540285165,-180001.42530296321,-2124.1230418570108,0.54037766087100814,0.91937061177173729,-0.015792873619986325
2077199.9999994761,315638.73507329862,-178344.11604771781,-2152.5363590634997,0.53559739671675655,0.92207982744711325,-0.015777389369865145
2078999.999999057,316598.49760038877,-176681.95338592731,-2180.9213217857982,0.53080308190072545,0.92476327422189042,-0.015761368794948452
2080799.9999992666,317549.61782544194,-175014.98376561931,-2209.2769654624467,0.52599486300524301,0.92742087989423838,-0.015744812795186393
2082599.9999991618,318492.07085288892,-173343.25376583115,-2237.6023271546437,0.52117288700585629,0.9300525732067294,-0.015727722309481568
2084399.999999057,319425.83205262822,-171666.81009201007,-2265.896445665423,0.51633730125571353,0.93265828385339511,-0.015710098315375065
2086199.9999989523,320350.87705997779,-169985.69957557085,-2294.1583615873201,0.51148825348191695,0.93523794248002101,-0.015691941828761342
2087999.9999991618,321267.1817768364,-168299.96917127568,-2322.3871173863263,0.50662589177559392,0.93779148068778995,-0.015673253903569734
2089799.999999057,322174.72237115307,-166609.66595769243,-2350.5817574336256,0.50175036459083866,0.94031883103216984,-0.015654035631468704
2091599.9999995809,323073.47527948715,-164914.83713192327,-2378.7413281325084,0.49686182072711632,0.94281992703037165,-0.015634288141495263
2093399.9999994761,323963.41720536986,-163215.53001209607,-2406.8648779150449,0.49196040933405377,0.94529470315709108,-0.015614012599761248
2095199.9999996857,324844.52512222168,-161511.79203129432,-2434.9514573805568,0.48704627989152988,0.94774309485287245,-0.015593210209050518
2096999.9999998952,325716.77627215604,-159803.6707392183,-2463.0001193050089,0.48211958221205892,0.95016503852101331,-0.015571882208495985
2098799.9999997905,326580.14816729818,-158091.21379907208,-2491.009918728947,0.47718046642939549,0.95256047153140366,-0.015550029873190476
2100599.9999993714,327434.61859050061,-156374.46898551914,-2518.9799130267643,0.47222908299022104,0.95492933222266796,-0.01552765451379947
2102399.9999998952,328280.16559604031,-154653.48418263343,-2546.9091619752148,0.46726558264580936,0.95727155990419766,-0.015504757476163386
2104199.9999997905,329116.76750865031,-152928.30738524414,-2574.7967277662597,0.46229011645347912,0.95958709485354687,-0.01548134014093642
2105999.9999996857,329944.4029263687,-151198.9866924719,-2602.6416751458187,0.45730283575551944,0.96187587832435395,-0.015457403923111688
2107800.0000002095,330763.05071980675,-149465.57030848382,-2630.4430714343962,0.45230389217893224,0.96413785254430628,-0.015432950271632632
2109600.0000004191,331572.69003201486,-147728.10654213271,-2658.1999865656121,0.44729343763195634,0.96637296071472767,-0.015407980668983213
2111400.0000003143,332373.30028007005,-145986.64380290432,-2685.9114931830982,0.44227162428994055,0.9685811470148844,-0.015382496630717271
2113199.9999998952,333164.86115538143,-144241.23059949069,-2713.5766666941367,0.43723860458878971,0.9707623566027026,-0.015356499705015183
2114999.9999997905,333947.35262416175,-142491.91553798635,-2741.1945853285442,0.43219453121732082,0.9729165356159023,-0.015329991472227137
2116799.9999993714,334720.75492715975,-140738.74732173097,-2768.7643301708122,0.42713955711437118,0.97504363117106119,-0.01530297354443411
2118599.9999989523,335485.04858096165,-138981.7747476309,-2796.2849852470608,0.42207383545574562,0.97714359136695472,-0.01527544756494785
2120399.9999991618,336240.2143782131,-137221.04670480799,-2823.7556375741174,0.41699751964788501,0.97921636528488243,-0.015247415207838164
2122199.999999057,336986.2333873391,-135456.6121744549,-2851.1753771891763,0.41191076332500881,0.98126190298757632,-0.015218878177473236
2123999.9999992666,337723.08695414721,-133688.52022524143,-2878.5432972478757,0.40681372033343388,0.98328015552323889,-0.015189838207981877
2125799.9999988475,338450.75670085551,-131916.82001475649,-2905.8584940275673,0.4017065447332972,0.98527107492247057,-0.015160297062806508
2127599.9999987427,339169.2245279635,-130141.56078411927,-2933.1200670354915,0.39658939078059308,0.98723461420295588,-0.015130256534138136
2129399.9999992666,339878.47261345276,-128362.79185898452,-2960.3271190171531,0.39146241292764067,0.98917072736677847,-0.015099718442450599
2131199.9999994761,340578.48341314797,-126580.56264778359,-2987.4787560067439,0.3863257658155943,0.9910793694008897,-0.015068684635984727
2132999.9999996857,341269.23966178566,-124794.92263808758,-3014.5740874051075,0.38117960426154135,0.99296049627945604,-0.015037156990193692
2134799.9999995809,341950.724372742,-123005.92139630808,-3041.6122260057055,0.37602408325523018,0.99481406496250713,-0.015005137407240672
2136599.9999994761,342622.92083874636,-121213.60856485266,-3068.5922880583985,0.37085935794846597,0.99664003339722707,-0.014972627815447406
2138399.9999996857,343285.8126319052,-119418.0338610255,-3095.5133933057828,0.36568558364954612,0.99843836051732227,-0.014939630168768965
2140199.9999998952,343939.38360388915,-117619.24707549634,-3122.3746650252115,0.36050291581645777,1.0002090062428017,-0.014906146446257125
2141999.9999994761,344583.61788608378,-115817.29807086533,-3149.1752300685021,0.35531151005035821,1.0019519314796124,-0.014872178651522029
2143799.999999057,345218.49989054323,-114012.23677792087,-3175.9142189349127,0.35011152208242363,1.0036670981214002,-0.014837728812146473
2145599.9999989523,345844.01430968195,-112204.11319533196,-3202.5907657918287,0.34490310777059746,1.0053544690478196,-0.014802798979160795
2147399.9999991618,346460.14611639199,-110392.97738819673,-3229.2040085117815,0.33968642309305663,1.0070140081239509,-0.014767391226494214
2149199.9999993714,347066.88056442572,-108578.87948578145,-3255.7530887204016,0.33446162413935582,1.0086456802003909,-0.014731507650408069
2150999.9999998952,347664.20318867563,-106761.86967948551,-3282.2371518399218,0.3292288671022367,1.0102494511130253,-0.014695150368930114
2152800.0000001048,348252.09980516741,-104941.99822162914,-3308.6553471196685,0.32398830827181663,1.0118252876819858,-0.014658321521303514
2154600.0000003143,348830.55651134672,-103119.31542333122,-3335.006827678877,0.31874010402717262,1.0133731577113592,-0.014621023267415623
2156400.0000005239,349399.55968640535,-101293.87165217151,-3361.2907505514863,0.31348441082731771,1.0148930299889503,-0.014583257787220834
2158200.0000001048,349959.09599081235,-99465.717332384418,-3387.5062766935052,0.30822138520948117,1.0163848742838815,-0.014545027280214116
2159999.9999996857,350509.15236742655,-97634.902939897656,-3413.6525710635324,0.30295118377256158,1.0178486613483806,-0.014506333964797082
2161799.9999998952,351049.71604084963,-95801.479003002489,-3439.7288026212364,0.29767396317680972,1.0192843629148161,-0.014467180077760003
2163599.9999994761,351580.7745173127,-93965.496101392506,-3465.7341443487471,0.29238988013882994,1.0206919516941411,-0.014427567873731261
2165399.999999057,352102.31558570144,-92127.004861202542,-3491.6677733276206,0.28709909141508655,1.0220714013772991,-0.014387499624540234
2167199.9999992666,352614.32731707126,-90286.055955101387,-3517.5288707428722,0.28180175379997369,1.023422686632588,-0.014346977618688004
2168999.9999991618,353116.79806423176,-88442.700102303497,-3543.3166218877668,0.27649802412367169,1.0247457831031739,-0.014306004160819261
2170799.9999987427,353609.716462677,-86596.988063669094,-3569.0302162365451,0.27118805923588452,1.0260406674081231,-0.014264581571086446
2172599.9999983236,354093.07143025572,-84748.970641222404,-3594.668847453881,0.26587201600231597,1.027307317140058,-0.01422271218461158
2174399.9999985332,354566.8521673684,-82898.69867570448,-3620.2317134309023,0.26055005129550862,1.0285457108641629,-0.014180398350905885
2176199.9999984284,355031.04815620882,-81046.22304784575,-3645.7180162689356,0.25522232199640282,1.0297558281146597,-0.014137642433376256
2177999.9999980093,355485.64916174917,-79191.594672800187,-3671.1269623567996,0.24988898497624898,1.0309376493957922,-0.014094446808677705
2179799.9999979045,355930.64523141412,-77334.864499525342,-3696.4577623784858,0.24455019709276812,1.0320911561793553,-0.014050813866179592
2181599.9999984284,356366.02669493348,-75476.083509521879,-3721.7096313289471,0.23920611518449339,1.0332163309026363,-0.014006746007420679
2183399.9999986379,356791.7841639141,-73615.302716807026,-3746.8817885124331,0.23385689606867988,1.0343131569656148,-0.013962245645596867
2185199.9999988475,357207.90853263868,-71752.573162533299,-3771.973457612452,0.228502696523846,1.0353816187312983,-0.013917315204924322
2186999.999999057,357614.39097734983,-69887.945916046447,-3796.9838666733458,0.22314367329085016,1.0364217015220822,-0.013871957120158408
2188799.9999986379,358011.22295629175,-68021.472072699675,-3821.9122481251193,0.21777998306466848,1.037433391618064,-0.013826173836039905
2190599.9999982188,358398.39621001924,-66153.20275023354,-3846.7578388262123,0.21241178248207682,1.0384166762559688,-0.013779967806708107
2192399.9999984284,358775.90276091447,-64283.189088774023,-3871.5198800569151,0.20703922811975689,1.0393715436260298,-0.013733341495206278
2194199.9999986379,359143.73491293477,-62411.482249854729,-3896.1976175252698,0.2016624764896246,1.0402979828694305,-0.013686297372968826
2195999.9999991618,359501.885251906,-60538.133412618801,-3920.7903014093022,0.19628168402608268,1.0411959840770837,-0.013638837919241482
2197799.9999987427,359850.34664474765,-58663.193775410582,-3945.2971863273278,0.19089700708878307,1.0420655382856978,-0.013590965620641717
2199599.9999986379,360189.11224039784,-56786.714548366195,-3969.7175314253991,0.18550860193956686,1.0429066374780529,-0.013542682970495486
2201399.9999982188,360518.17546845059,-54908.74695810931,-3994.0506003054156,0.18011662475419854,1.0437192745775332,-0.013493992468486805
2203199.9999974854,360837.5300397622,-53029.342241854632,-4018.29566109092,0.1747212316037087,1.0445034434475389,-0.013444896620042559
2204999.999997695,361147.16994617804,-51148.551646026084,-4042.4519864327358,0.16932257844873622,1.0452591388886638,-0.013395397935836308
2206799.9999972759,361447.08945970482,-49266.426428416387,-4066.5188534686863,0.16392082114406123,1.0459863566345036,-0.013345498931392788
2208599.9999974854,361737.28313321213,-47383.017850980046,-4090.4955439027804,0.15851611541628419,1.0466850933511633,-0.01329520212645087
2210399.9999973807,362017.74579950748,-45498.377182485892,-4114.3813439570131,0.15310861686983657,1.0473553466327661,-0.013244510044592333
2212199.9999972759,362288.47257148311,-43612.5556944364,-4138.1755444085966,0.14769848097369701,1.0479971149995446,-0.013193425212698199
2213999.9999971711,362549.4588417692,-41725.604660022938,-4161.8774405875356,0.14228586305685445,1.0486103978946892,-0.013141950160491711
2215799.999996752,362800.7002823482,-39837.575353411041,-4185.4863323695126,0.13687091830474746,1.0491951956811028,-0.013090087420097308
2217599.9999966472,363042.1928445287,-37948.519046325615,-4209.0015242018671,0.13145380174799243,1.0497515096389574,-0.013037839525531916
2219399.9999965425,363273.93275844574,-36058.487008033153,-4232.4223250861951,0.12603466826088897,1.0502793419621153,-0.012985209012295853
2221199.999996752,363495.91653295525,-34167.530502235022,-4255.7480485988117,0.12061367255109884,1.0507786957554452,-0.01293219841688519
2222999.9999972759,363708.14095512981,-32275.700787104997,-4278.9780128714601,0.11519096915837564,1.0512495750311834,-0.012878810276397935
2224799.9999968568,363910.60308997345,-30383.04911360973,-4302.111540592774,0.10976671244840369,1.0516919847057935,-0.012825047128100559
2226599.999996752,364103.30028040602,-28489.626721005701,-4325.1479590433473,0.10434105659858063,1.0521059305973657,-0.012770911508919907
2228399.9999960186,364286.23014655674,-26595.484838614,-4348.0866000532687,0.098914155601828091,1.0524914194214765,-0.012716405955120537
2230199.9999959138,364459.39058569289,-24700.674681533401,-4370.9268000329967,0.093486163253065094,1.0528484587884044,-0.012661533001816355
2231999.9999961234,364622.77977162972,-22805.247451436357,-4393.6678999418818,0.088057233150281369,1.0531770571992123,-0.012606295182635764
2233799.9999963329,364776.39615445898,-20909.254334129462,-4416.3092452953688,0.082627518686374829,1.0534772240424897,-0.012550695029301171
2235599.9999965425,364920.23846022296,-19012.746497350246,-4438.850186168479,0.077197173041703898,1.0537489695909441,-0.012494735071221912
2237399.9999964377,365054.30569049547,-17115.775089545419,-4461.2900771869081,0.071766349179486696,1.053992304997778,-0.012438417835123276
2239199.9999966472,365178.59712199715,-15218.391238089936,-4483.6282775241789,0.066335199839635914,1.0542072422931019,-0.012381745844666824
2240999.9999965425,365293.11230614519,-13320.646048424715,-4505.8641508874225,0.060903877535258694,1.0543937943802169,-0.012324721620105436
2242799.9999970663,365397.8510687392,-11422.590600754205,-4527.9970655312163,0.0554725345422101,1.0545519750320991,-0.01226734767787307
2244599.9999969616,365492.81350934639,-9524.2759518349139,-4550.0263942113124,0.050041322903252139,1.05468179888738,-0.012209626530335214
2246399.9999971711,365578.000001101,-7625.753129162259,-4571.9515142265536,0.044610394410497176,1.0547832814469369,-0.012151560685317817
2248199.999996752,365653.41119004699,-5727.0731336456311,-4593.7718073614769,0.039179900612175418,1.0548564390698005,-0.012093152645900921
2249999.9999963329,365719.04799486278,-3828.2869341715427,-4615.4866599224279,0.033749992796232961,1.054901288969526,-0.012034404909973229
2251799.9999959138,365774.91160629259,-1929.4454681842863,-4637.0954627034544,0.028320821991181286,1.0549178492101889,-0.011975319969977643
2253599.9999961234,365821.0034866911,-30.599639772814413,-4658.5976109806988,0.022892538959850373,1.0549061387024807,-0.011915900312588835
2255399.9999963329,365857.32536952506,1868.1996810513631,-4679.9925044927177,0.0174652941965842,1.0548661771997834,-0.011856148418435795
2257199.9999959138,365883.87925889803,3766.9016596785054,-4701.2795474274035,0.012039237922750542,1.0547979852942475,-0.011796066761813785
2258999.999995809,365900.6674290963,5665.4555019881764,-4722.4581484503651,0.0066145200715364708,1.0547015844126362,-0.011735657810284393
2260799.99999539,365907.69242400466,7563.810450890991,-4743.5277206371029,0.0011912902972031926,1.054576996812447,-0.01167492402455355
2262599.9999955995,365904.95705663005,9461.9157921894748,-4764.4876815090256,-0.004230302042251618,1.0544242455776189,-0.011613867858062196
2264399.9999954947,365892.46440856165,11359.720851467089,-4785.3374529693365,-0.0096501078767613508,1.0542433546147454,-0.011552491756870889
2266199.9999950756,365870.21782944602,13257.174999484905,-4806.0764613328092,-0.015067978440123907,1.0540343486486625,-0.011490798159279716
2267999.9999952852,365838.22093641962,15154.227652931128,-4826.7041373034899,-0.020483765272619896,1.0537972532182844,-0.011428789495604146
2269799.999995809,365796.4776135881,17050.828273874911,-4847.2199159382662,-0.025897320219897622,1.0535320946726543,-0.011366468188002025
2271599.99999539,365744.99201147334,18946.926372144644,-4867.6232366422173,-0.031308495440171301,1.0532389001666813,-0.011303836650213332
2273399.9999949709,365683.76854638103,20842.471508856222,-4887.9135431755331,-0.03671714341466048,1.0529176976565644,-0.011240897287268495
2275199.9999951804,365612.81189985503,22737.413296008694,-4908.0902836177265,-0.042123116946766959,1.052568515895757,-0.011177652495333711
2276999.9999950756,365532.12701816205,24631.70139645063,-4928.1529103360317,-0.04752626916227766,1.0521913844309982,-0.011114104661553248
2278799.9999955995,365441.71911157016,26525.285528725501,-4948.1008800053169,-0.052926453523447235,1.0517863335973723,-0.011050256163735691
2280599.999995809,365341.59365389321,28418.115465015657,-4967.9336535543916,-0.058323523823356864,1.0513533945146645,-0.01098610937027893
2282399.9999957043,365231.75638176408,30310.141035237346,-4987.6506961772411,-0.063717334197780418,1.0508925990824716,-0.010921666639895588
2284199.9999962281,365112.21329402801,32201.312127897731,-5007.2514773095709,-0.069107739127777068,1.0504039799759015,-0.010856930321454553
2285999.9999964377,364982.97065123462,34091.578689722781,-5026.73547059269,-0.074494593438746204,1.0498875706416526,-0.010791902753872627
2287799.9999966472,364844.03497488325,35980.890729087187,-5046.1021538766563,-0.079877752310283281,1.0493434052931092,-0.010726586265883209
2289599.9999962281,364695.41304688639,37869.198315927097,-5065.3510091867556,-0.085257071275974067,1.048771518906326,-0.010660983175933034
2291399.9999964377,364537.11190870532,39756.451585862887,-5084.4815227328672,-0.090632406235147497,1.0481719472147502,-0.010595095791939515
2293199.9999966472,364369.13886105467,41642.600737094908,-5103.4931848450351,-0.096003613444004904,1.0475447267061548,-0.010528926411306721
2294999.9999968568,364191.5014629573,43527.596035376955,-5122.3854899911585,-0.1013705495297238,1.0468898946170697,-0.010462477320667673
2296799.9999964377,364004.20753124374,45411.387813430389,-5141.1579367380373,-0.10673307148869134,1.0462074889289417,-0.010395750795826626
2298599.9999966472,363807.26513967884,47293.926474347667,-5159.8100277523799,-0.11209103669606102,1.0454975483629172,-0.010328749101568103
2300399.9999965425,363600.68261854461,49175.162490290648,-5178.3412697547083,-0.11744430290187928,1.0447601123762968,-0.010261474491639345
2302199.9999961234,363384.46855379903,51055.0464054158,-5196.7511735153712,-0.12279272823921136,1.0439952211574772,-0.010193929208589197
2303999.9999957043,363158.63178637874,52933.52883718934,-5215.0392538342576,-0.1281361712276467,1.043202915621414,-0.010126115483670756
2305799.9999952852,362923.18141157005,54810.560477076368,-5233.2050295143763,-0.13347449077498943,1.0423832374053572,-0.010058035536772942
2307599.9999951804,362678.12677816127,56686.092092989347,-5251.2480233524338,-0.13880754618392016,1.0415362288638266,-0.0099896915762947812
2309399.9999957043,362423.47748792591,58560.074529019876,-5269.1677621030885,-0.14413519715089632,1.0406619330647537,-0.0099210857991243618
2311199.9999952852,362159.24339502549,60432.458706019934,-5286.963776451682,-0.14945730376743799,1.0397603937853457,-0.0098522203905943885
2312999.9999951804,361885.43460475653,62303.195626699497,-5304.6356010297222,-0.15477372653421675,1.038831655505724,-0.0097830975242771696
2314799.99999539,361602.06147324492,64172.236373740743,-5322.1827743636813,-0.16008432635525879,1.0378757634058389,-0.0097137193620413596
2316599.9999952852,361309.13460684282,66039.532110354863,-5339.6048388475001,-0.16538896453906349,1.0368927633613505,-0.0096440880540266949
2318399.9999951804,361006.66486089857,67905.034084754763,-5356.901340751604,-0.17068750281081235,1.0358827019374262,-0.0095742057384781871
2320199.9999950756,360694.66333942988,69768.69362864476,-5374.0718301757952,-0.1759798033075482,1.0348456263855998,-0.0095040745418080597
2321999.9999952852,360373.14139409433,71630.462160215684,-5391.1158610442217,-0.18126572858612006,1.0337815846382834,-0.0094336965784956924
2323799.9999954947,360042.1106237871,73490.291183283523,-5408.0329910648188,-0.18654514162014663,1.0326906253053916,-0.0093630739511377965
2325599.99999539,359701.58287356707,75348.132290383801,-5424.822781725099,-0.1918179058081792,1.0315727976687499,-0.0092922087503550729
2327399.9999955995,359351.57023389463,77203.937163879367,-5441.4847982695774,-0.19708388497619259,1.0304281516775657,-0.0092211030547782076
2329199.9999951804,358992.08504018548,79057.657575445628,-5458.0186096628395,-0.20234294337544179,1.0292567379449475,-0.0091497589311020765
2330999.99999539,358623.13987147139,80909.245390215248,-5474.4237885943921,-0.20759494569351161,1.0280586077415141,-0.0090781784339658347
2332799.9999952852,358244.74755025672,82758.652564669712,-5490.6999114277323,-0.21283975704759128,1.0268338129929406,-0.0090063636060786888
2334599.999995809,357856.92114125931,84605.831150242069,-5506.8465582003801,-0.21807724299392578,1.0255824062738814,-0.0089343164781303455
2336399.9999960186,357459.67395101656,86450.733292562785,-5522.8633125854349,-0.22330726952487845,1.0243044408047166,-0.008862039068875123
2338199.9999962281,357053.01952670334,88293.311234482375,-5538.7497618863499,-0.22852970307667544,1.0229999704457846,-0.008789533385073425
2339999.999995809,356636.9716556514,90133.517315741308,-5554.5054970026004,-0.23374441052761569,1.0216690496938809,-0.0087168014215686495
2341799.9999957043,356211.54436414025,91971.30397592498,-5570.1301124237107,-0.23895125920556298,1.0203117336764558,-0.0086438451612397566
2343599.9999959138,355776.75191706384,93806.623753494016,-5585.6232061898145,-0.24415011688429078,1.0189280781486243,-0.0085706665751127745
2345399.9999954947,355332.60881709628,95639.429287110426,-5600.9843798722504,-0.24934085178630624,1.0175181394885986,-0.0084972676223867387
2347199.99999539,354879.12980322889,97469.673319426482,-5616.2132385746136,-0.25452333259262006,1.0160819746911443,-0.0084236502503642358
2348999.9999952852,354416.32985083322,99297.308694543812,-5631.3093908808869,-0.25969742843456467,1.0146196413659083,-0.0083498163946394387
2350799.9999954947,353944.22417014424,101122.28836195708,-5646.2724488580488,-0.26486300890394826,1.0131311977307564,-0.0082757679790304711
2352599.9999950756,353462.82820607908,102944.56537511249,-5661.1020280141038,-0.27001994404793805,1.0116167026093594,-0.0082015069157321732
2354399.9999949709,352972.15763663291,104764.0928954814,-5675.797747301569,-0.2751681043795291,1.0100762154243095,-0.0081270351052493816
2356199.9999948661,352472.22837271768,106580.82419106216,-5690.3592290755723,-0.2803073608722173,1.0085097961948171,-0.0080523544365601468
2357999.9999950756,351963.05655694276,108394.71263890158,-5704.7860990848803,-0.28543758496602561,1.0069175055310811,-0.007977466787118772
2359799.9999952852,351444.65856306331,110205.71172510987,-5719.0779864428905,-0.29055864856641483,1.0052994046308019,-0.0079023740229651664
2361599.9999948661,350917.05099505559,112013.77504624944,-5733.23452360991,-0.29567042404705518,1.0036555552745283,-0.0078270779987811047
2363399.9999950756,350380.25068567856,113818.85631237464,-5747.2553463882532,-0.30077278425724263,1.0019860198194457,-0.0077515805578802603
2365199.9999952852,349834.27469677251,115620.90934415496,-5761.1400938714005,-0.30586560251256684,1.000290861198591,-0.0076758835324484079
2366999.9999951804,349279.14031750144,117419.88807700807,-5774.8884084481688,-0.31094875260537325,0.99857014291368706,-0.0075999887434944971
2368799.9999957043,348714.86506361404,119215.74656166905,-5788.499935779033,-0.31602210880512605,0.99682392903118477,-0.0075238980009525707
2370599.9999955995,348141.46667716635,121008.43896336158,-5801.9743247623655,-0.32108554585480459,0.99505228417974612,-0.0074476131038467676
2372399.9999951804,347558.96312501503,122797.91956488817,-5815.3112275306548,-0.32613893897834934,0.99325527354394871,-0.0073711358402932282
2374199.99999539,346967.37259785569,124584.14276786016,-5828.5102994324889,-0.33118216388283067,0.9914329628597065,-0.007294467987582598
2375999.9999949709,346366.71351035038,126367.06309067627,-5841.5711989909532,-0.33621509675141648,0.98958541841307768,-0.0072176113124050563
2377799.9999951804,345757.00449888327,128146.63517366179,-5854.4935879151762,-0.34123761425654042,0.98771270703177638,-0.007140567570770682
2379599.9999947613,345138.26442203054,129922.81377605074,-5867.2771310520693,-0.34624959355001955,0.98581489608507566,-0.0070633385082832746
2381399.9999943422,344510.51235870959,131695.55377983925,-5879.9214963886343,-0.35125091227255245,0.98389205347659614,-0.0069859258601196964
2383199.9999942374,343873.76760757464,133464.81018991681,-5892.426355027229,-0.35624144855268802,0.98194424764095378,-0.0069083313511726007
2384999.999994447,343228.04968624201,135230.53813472518,-5904.7913811650442,-0.36122108100727213,0.97997154753990556,-0.0068305566961723253
2386799.9999946565,342573.37833065726,136992.6928665454,-5917.0162520713784,-0.36618968874082153,0.97797402265895861,-0.0067526035998279835
2388599.9999945518,341909.77349379467,138751.22976359582,-5929.1006480778706,-0.37114715134999643,0.97595174300195797,-0.0066744737568908159
2390399.9999950756,341237.25534464128,140506.10433127111,-5941.0442525626504,-0.37609334892562496,0.97390477908657791,-0.0065961688522562147
2392199.9999946565,340555.84426828701,142257.27220051878,-5952.8467519154392,-0.38102816204664641,0.97183320194320777,-0.0065176905611961785
2393999.9999948661,339865.5608633798,144004.68913305248,-5964.5078355493551,-0.38595147179330991,0.96973708310584172,-0.0064390405492877395
2395799.999994447,339166.42594304238,145748.31101760428,-5976.0271958523581,-0.390863159735099,0.96761649461352506,-0.0063602204727444128
2397599.9999949709,338458.46053215995,147488.09387542645,-5987.4045282009683,-0.39576310794470831,0.96547150900080259,-0.0062812319783334888
2399399.9999948661,337741.68586862151,149223.99385587266,-5998.6395309085901,-0.40065119898405521,0.96330219930018679,-0.0062020767037431991
2401199.999994447,337016.12340048037,150955.96724210063,-6009.7319052406983,-0.40552731591878954,0.96110863903227917,-0.0061227562774927927
2402999.9999946565,336281.79478573462,152683.97045023227,-6020.6813553871225,-0.41039134231435775,0.95889090220386897,-0.0060432723191399459
2404799.9999945518,335538.72189208813,154407.96002868668,-6031.4875884363992,-0.41524316223254631,0.95664906330598642,-0.0059636264394836731
2406599.9999950756,334786.92679478414,156127.89266201787,-6042.1503143788095,-0.42008266024069307,0.95438319730615917,-0.005883820240560801
2408399.9999955995,334026.43177700613,157843.72516873915,-6052.6692460718041,-0.42490972140395661,0.95209337964845109,-0.0058038553159208408
2410199.9999961234,333257.25932816876,159555.41450405109,-6063.0440992365247,-0.42972423129137843,0.94977968624715448,-0.0057237332506757648
2411999.9999960186,332479.43214331975,161262.91775998118,-6073.274592438439,-0.43452607597464848,0.94744219348387115,-0.0056434556216704203
2413799.9999965425,331692.97312164528,162966.19216750539,-6083.360447080192,-0.43931514203243149,0.94508097820191439,-0.0055630239975609187
2415599.9999961234,330897.90536692692,164665.19509440957,-6093.3013873694626,-0.44409131654270484,0.94269611770660611,-0.005482439939095223
2417399.9999960186,330094.2521847118,166359.88405026446,-6103.0971403292115,-0.44885448709508885,0.94028768975572652,-0.0054017049990581715
2419199.9999955995,329282.03708315332,168050.21668347754,-6112.7474357615192,-0.45360454178088755,0.93785577256101438,-0.0053208207225925236
2420999.9999961234,328461.28377061593,169736.15078522649,-6122.2520062518743,-0.45834136920246582,0.93540044477998963,-0.0052397886471937227
2422799.9999957043,327632.01615683344,171417.64428599551,-6131.6105871315158,-0.46306485846183237,0.93292178551843219,-0.0051586103030594153
2424599.9999962281,326794.25834924495,173094.65526200683,-6140.8229164959002,-0.46777489917701059,0.93041987431848039,-0.0050772872129640897
2426399.9999964377,325948.03465457633,174767.14193092656,-6149.8887351633002,-0.47247138146827505,0.92789479116242379,-0.0049958208926507803
2428199.9999966472,325093.36957641551,176435.06265570738,-6158.8077866790982,-0.47715419596723008,0.92534661646455985,-0.0049142128508306111
2429999.9999968568,324230.28781482024,178098.37594430533,-6167.5798172974746,-0.48182323381429709,0.9227754310691455,-0.0048324645893823683
2431799.9999964377,323358.81426570838,179757.04044987494,-6176.2045759663006,-0.4864783866575374,0.92018131624772537,-0.004750577603529922
2433599.9999969616,322478.97401848267,181411.01497430151,-6184.6818143295732,-0.49111954666083313,0.9175643536912329,-0.0046685533818550222
2435399.9999971711,321590.79235748714,183060.25846444949,-6193.0112866924028,-0.49574660649161778,0.91492462551351661,-0.0045863934066706392
2437199.9999970663,320694.29475927731,184704.73001636323,-6201.1927500276215,-0.50035945933092407,0.91226221424244014,-0.0045040991540012641
2438999.9999972759,319789.50689176668,186344.38887583156,-6209.225963963393,-0.50495799887321469,0.90957720281659626,-0.0044216720937422984
2440799.9999971711,318876.45461460762,187979.19443676315,-6217.1106907608028,-0.50954211932006843,0.90686967458570633,-0.0043391136899306572
2442599.9999973807,317955.16397676949,189609.10624464741,-6224.8466953167353,-0.51411171538813005,0.90413971330273024,-0.0042564254007599412
2444399.9999975902,317025.66121659271,191234.08399551726,-6232.4337451449792,-0.51866668230443569,0.90138740312334431,-0.0041736086788220824
2446199.9999977998,316087.97276036447,192854.087537566,-6239.8716103705328,-0.52320691580917633,0.89861282860106828,-0.0040906649712147769
2447999.9999973807,315142.12522216915,194469.07687053026,-6247.1600637137954,-0.52773231215219873,0.8958160746861864,-0.004007595719763093
2449799.9999966472,314188.14540148911,196079.0121489352,-6254.2988804926727,-0.53224276810032156,0.8929972267180456,-0.003924402361042933
2451599.9999965425,313226.0602833305,197683.85368096747,-6261.2878386049342,-0.53673818093240033,0.89015637042485074,-0.0038410863266280394
2453399.9999964377,312255.89703756495,199283.56192875517,-6268.1267185176366,-0.54121844843832978,0.88729359192115653,-0.0037576490432662734
2455199.9999960186,311277.68301753927,200878.09750985424,-6274.8153032621331,-0.54568346892142594,0.88440897770322846,-0.0036740919329925612
2456999.9999955995,310291.44575886952,202467.42119838245,-6281.3533784275278,-0.55013314119981527,0.8815026146449767,-0.0035904164132593572
2458799.999995809,309297.21297866228,204051.49392543526,-6287.7407321513419,-0.55456736460580969,0.87857458999517968,-0.0035066238971042242
2460599.99999539,308295.01257577323,205630.2767778922,-6293.9771551043432,-0.55898603898078059,0.87562499137778016,-0.003422715793403057
2462399.9999955995,307284.87262766802,207203.73100260404,-6300.0624404971595,-0.56338906468508776,0.872653906782203,-0.003338693506837985
2464199.999995809,306266.82139133767,208771.81800412829,-6305.9963840613073,-0.56777634258995147,0.86966142456564544,-0.0032545584382065876
2465999.99999539,305240.88730221166,210334.4993456871,-6311.7787840437732,-0.57214777407834361,0.86664763344948303,-0.0031703119845608
2467799.9999955995,304207.09897144639,211891.73675253318,-6317.4094412103295,-0.57650326105261374,0.86361262251093718,-0.0030859555392143889
2469599.9999954947,303165.48518766306,213443.49210853904,-6322.8881588241593,-0.58084270592315956,0.86055648118784223,-0.0030014904921154351
2471399.9999957043,302116.07491370442,214989.72746034554,-6328.2147426525289,-0.58516601161823789,0.85747929926880406,-0.0029169182298103211
2473199.9999952852,301058.89728752663,216530.40501528367,-6333.3890009513407,-0.58947308157636402,0.85438116689552057,-0.002832240135744435
2474999.9999951804,299993.98161940463,218065.48714474952,-6338.4107444689635,-0.59376381975396553,0.85126217455432396,-0.0027474575902649966
2476799.9999947613,298921.35739299207,219594.93638193407,-6343.2797864312179,-0.59803813061724387,0.84812241307903258,-0.0026625719709328735
2478599.9999946565,297841.05426283908,221118.71542470012,-6347.9959425438356,-0.6022959191484365,0.84496197364345993,-0.002577584652550704
2480399.9999945518,296753.10205431085,222636.78713497816,-6352.5590309837662,-0.60653709084234431,0.8417809477609749,-0.0024924970073823328
2482199.9999947613,295657.53076224856,224149.11453996276,-6356.9688723965373,-0.61076155170789581,0.83857942728040524,-0.0024073104052717226
2483999.9999946565,294554.37055077194,225655.66083171483,-6361.2252898891729,-0.61496920826525903,0.83535750438530487,-0.002322026213850917
2485799.9999948661,293443.65175092407,227156.38936972123,-6365.3281090318906,-0.61915996755122071,0.83211527158694043,-0.0022366457985801445
2487599.99999539,292325.40486111154,228651.26367961196,-6369.2771578490519,-0.62333373711382478,0.82885282172546493,-0.0021511705230040728
2489399.9999952852,291199.66054615634,230140.24745381318,-6373.0722668162362,-0.62749042501244034,0.82557024796706158,-0.0020656017488991452
2491199.9999954947,290066.4496349009,231623.30455407657,-6376.7132688621077,-0.63162993982305371,0.82226764379689354,-0.001979940836311163
2492999.9999947613,288925.80312148004,233100.39900916035,-6380.1999993582613,-0.63575219063003829,0.8189451030227668,-0.0018941891438709849
2494799.9999949709,287777.75216147956,234571.49501920311,-6383.5322961257989,-0.63985708703660693,0.81560271976391341,-0.001808348028722816
2496599.9999945518,286622.32807473047,236036.55695148389,-6386.7099994217551,-0.64394453915123018,0.81224058845913494,-0.0017224188469516606
2498399.999994447,285459.56234103499,237495.54934530339,-6389.7329519470413,-0.64801445759951282,0.80885880385437514,-0.0016364029534790025
2500199.9999940279,284289.48660123383,238948.43690999274,-6392.6009988388796,-0.65206675351689825,0.80545746100587479,-0.0015503017023584459
2501999.9999936088,283112.1326553204,240395.18452668606,-6395.3139876719415,-0.65610133855187835,0.8020366552747491,-0.0014641164468499771
2503799.999993504,281927.53246197948,241835.75724829151,-6397.871768455856,-0.66011812486418564,0.79859648232573077,-0.0013778485395994971
2505599.9999937136,280735.71813752031,243270.12030021529,-6400.2741936346047,-0.66411702512508841,0.79513703812418468,-0.001291499332772862
2507399.9999942374,279536.7219548031,244698.23908108319,-6402.5211180860415,-0.66809795251768633,0.79165841893311018,-0.0012050701781886925
2509199.9999941327,278330.57634362421,246120.07916173027,-6404.6123991191289,-0.67206082073238693,0.78816072131441206,-0.0011185624275555864
2510999.9999943422,277117.31388708821,247535.60628894487,-6406.5478964786325,-0.67600554397563672,0.78464404211853944,-0.0010319774324197353
2512799.9999939231,275896.96732369624,248944.78638244211,-6408.3274723398908,-0.67993203695978932,0.78110847849073883,-0.0009453165445226947
2514599.9999941327,274669.56954326387,250347.58553906722,-6409.9509913140328,-0.68384021491313074,0.77755412785942712,-0.00085858111571681815
2516399.9999940279,273435.15358941024,251743.97002937386,-6411.4183204435694,-0.68772999356866416,0.77398108794363718,-0.00077177249834756915
2518199.9999936088,272193.7526566179,253133.9063004879,-6412.7293292062677,-0.69160128917041475,0.77038945674474679,-0.00068489204524884004
2519999.999993504,270945.40008872055,254517.36097724913,-6413.88388951651,-0.69545401847494259,0.76677933254237585,-0.00059794110984091994
2521799.9999930849,269690.12937989854,255894.30086057368,-6414.8818757245535,-0.69928809874512454,0.76315081389755679,-0.00051092104640201961
2523599.9999936088,268427.97417195654,257264.69292995904,-6415.7231646198006,-0.70310344775547917,0.75950399964517157,-0.00042383321007918764
2525399.9999938183,267158.96825532394,258628.50434188356,-6416.4076354311374,-0.70689998378607033,0.75583898889716694,-0.00033667895715713917
2527199.9999933993,265883.1455669541,259985.70243160953,-6416.9351698300634,-0.71067762562589731,0.75215588103683129,-0.00024945964511064491
2528999.9999932945,264600.54018827563,261336.254714854,-6417.3056519331449,-0.7144362925759169,0.74845477571324426,-0.00016217663266198962
2530799.9999931897,263311.18634670414,262680.12888568558,-6417.5189683035396,-0.71817590444157853,0.7447357728460291,-7.4831280080252721e-05
2532599.9999930849,262015.11841320526,264017.29281862994,-6417.5750079544232,-0.72189638153707802,0.74099897261872116,1.2575050790607906e-05
2534399.9999932945,260712.37090134525,265347.71456916584,-6417.4736623517838,-0.72559764468514099,0.73724447547644689,0.00010004099640237043
2536199.9999928754,259402.97846787798,266671.36237266357,-6417.2148254178146,-0.72927961521248807,0.73347238212806143,0.00018756519127144603
2537999.9999927706,258086.97590932893,267988.20464740496,-6416.798393534099,-0.73294221495665302,0.72968279353675458,0.00027514626801732696
2539799.9999932945,256764.39816286121,269298.20999322104,-6416.2242655453774,-0.73658536626063664,0.725875810923028,0.0003627828571144626
2541599.9999928754,255435.2803062429,270601.34719111666,-6415.4923427642416,-0.74020899197029677,0.72205153576508596,0.00045047358670758676
2543399.9999930849,254099.65755333647,271897.58520726295,-6414.6025289734143,-0.74381301544391509,0.71821006978636548,0.0005382170827230823
2545199.9999929802,252757.56525767501,273186.89318904653,-6413.5547304325783,-0.74739736053967309,0.71435151496635296,0.00062601196844736982
2546999.9999928754,251409.0389080368,274469.24046894902,-6412.3488558808531,-0.75096195162491486,0.71047597352839842,0.00071385686463398975
2548799.9999930849,250054.11412914144,275744.59656342084,-6410.9848165425738,-0.75450671357150556,0.70658354794227896,0.00080175038927454494
2550599.9999936088,248692.82668082617,277012.9311732566,-6409.4625261325991,-0.75803157175537073,0.70267434092240755,0.00088969115747127535
2552399.999993504,247325.21245722944,278274.21418396221,-6407.7819008618744,-0.76153645205602838,0.69874845542607966,0.00097767778131027834
2554199.9999937136,245951.30748426972,279528.41566767253,-6405.9428594409073,-0.7650212808604433,0.69480599464684334,0.0010657088698452979
2555999.9999939231,244571.14792063946,280775.50588181807,-6403.9453230876998,-0.76848598505784771,0.69084706201798107,0.0011537830288558763
2557799.999994447,243184.77005585091,282015.45527051511,-6401.7892155323543,-0.77193049204215369,0.68687176120753912,0.0012418988607969265
2559599.9999946565,241792.21031039589,283248.23446403403,-6399.4744630248597,-0.77535472970903319,0.68288019611944439,0.0013300549646140642
2561399.9999939231,240393.50523385699,284473.81428010855,-6397.0009943400364,-0.77875862645812488,0.67887247088875824,0.0014182499356907251
2563199.9999938183,238988.69150302812,285692.16572517995,-6394.368740782068,-0.78214211119506927,0.67484868987698154,0.0015064823657943767
2564999.9999937136,237577.80592347271,286903.25999265187,-6391.5776361956177,-0.7855051133252553,0.67080895767721904,0.00159475084280768
2566799.9999936088,236160.88542688743,288107.0684648187,-6388.6276169697348,-0.78884756275778456,0.66675337910734334,0.0016830539507257088
2568599.9999938183,234737.96707068398,289303.56271284091,-6385.518622045859,-0.7921693899040203,0.66268205920953371,0.001771390269513978
2570399.9999933993,233309.08803806172,290492.71449634101,-6382.2505929274375,-0.79547052567509924,0.65859510325122261,0.0018597583749383143
2572199.9999936088,231874.28563441601,291674.49576604599,-6378.8234736814275,-0.79875090148791006,0.65449261671558479,0.0019481568386225767
2573999.9999938183,230433.59728916283,292848.87866189779,-6375.2372109520948,-0.80201044925850962,0.65037470530752728,0.0020365842277720253
2575799.9999937136,228987.06055428446,294015.83551393269,-6371.4917539680055,-0.80524910140323291,0.64624147495031836,0.0021250391051018634
2577599.9999932945,227534.71310227335,295175.33884360519,-6367.587054547228,-0.80846679084105488,0.64209303178050936,0.0022135200288027151
2579399.999993504,226076.59272503632,296327.36136429763,-6363.523067104762,-0.81166345099370085,0.63792948214562473,0.0023020255524477864
2581199.9999930849,224612.73733592994,297471.87597938452,-6359.2997486691929,-0.8148390157789851,0.63375093261079829,0.0023905542247118472
2582999.9999929802,223143.1849650869,298608.85578559752,-6354.9170588809893,-0.8179934196188795,0.62955748994626437,0.0024791045894989689
2584799.9999928754,221667.97376109808,299738.27407136641,-6350.3749600085785,-0.82112659743364591,0.62534926113301859,0.0025676751856855656
2586599.9999927706,220187.14198902645,300860.10431804584,-6345.6734169543197,-0.82423848464399363,0.62112635335801225,0.0026562645470872212
2588399.9999926658,218700.72802950762,301974.32020027656,-6340.8123972636195,-0.82732901717084828,0.61688887401246606,0.0027448712023607322
2590199.9999922467,217208.77037852217,303080.89558584744,-6335.7918711365182,-0.83039813143375441,0.61263693069210634,0.0028334936748674981
2591999.999992142,215711.3076453821,304179.80453689303,-6330.6118114335595,-0.83344576435298945,0.60837063119232848,0.0029221304826446723
