0,42164.169000000002,0,0,0,3.074660121114078,0
899.99999947613105,42073.395217739533,2765.2088389418905,0.00048798118471067163,-0.20164710177641176,3.0680427346852559,1.1578822929402166e-06
1799.9999998952262,41801.464724317084,5518.5135395972302,0.0022162336892262483,-0.40242596918874451,3.0482159686880843,2.7557828643404556e-06
2699.9999996856786,41349.548353213919,8248.0598080134805,0.0055791518114806267,-0.60147215163650791,3.0152651700818951,4.7894165380818555e-06
3599.9999994761311,40719.591869537559,10942.095628473046,0.010965415270073694,-0.79792864582524758,2.969332182692118,7.2503470914897363e-06
4499.9999992665835,39914.307606356662,13589.021847960879,0.018754196981751192,-0.99094958214025952,2.9106147402308484,1.0125866813544005e-05
5399.9999990570359,38937.162801853425,16177.442116083264,0.029311275669570369,-1.1797038647994882,2.8393656193884009,1.3398906290126499e-05
6299.9999988474883,37792.364688109694,18696.211952727015,0.042985082815074453,-1.3633787493163407,2.7558915565315951,1.7047979616545791e-05
7199.9999989522621,36484.84239332781,21134.486737913005,0.060102718260501578,-1.541183342379616,2.6605519323166003,2.1047170401303718e-05
8099.9999987427145,35020.225735642962,23481.768413546317,0.080965973560726295,-1.7123520088652731,2.5537572296958966,2.5366163878409216e-05
8999.9999985331669,33404.820996394759,25727.950700236419,0.10584740691887494,-1.8761476716268159,2.4359672714958638,2.9970330192167143e-05
9899.9999983236194,31645.583778714943,27863.362628985589,0.13498651781009907,-2.0318649894125502,2.3076892450522823,3.4820863375937057e-05
10799.999998114072,29750.089065208336,29878.810203462079,0.16858607319225494,-2.1788333993665749,2.1694755219785775,3.9874979748129602e-05
11699.999998533167,27726.498602964286,31765.616011484548,0.20680864004655103,-2.3164200107331299,2.0219212822168076,4.5086178335338692e-05
12599.999998637941,25583.525759946449,33515.656610470462,0.24977338064974847,-2.444032336786488,1.8656619527053628,5.040456453451263e-05
13499.999999057036,23330.397991256123,35121.397535634496,0.29755316768410728,-2.5611208537244088,1.7013704706327011,5.5777236631974321e-05
14399.999998847488,20976.817096771087,36575.92576130118,0.35017207447762305,-2.6671813738929306,1.5297543844301678,6.1148732885911319e-05
15299.999998637941,18532.917415498836,37872.979494524276,0.40760329370269205,-2.7617572242552018,1.3515528030734845,6.6461535050569781e-05
16199.999998742715,16009.222163297392,39006.975151791608,0.4697675321326199,-2.8444412189420198,1.1675332087898584,7.1656622132988917e-05
17099.999998218846,13416.598089605897,39973.031412787277,0.53653192346915568,-2.9148774178813026,0.97848814606359391,7.6674066400325713e-05
17999.999998009298,10766.208639757473,40766.99024797068,0.60770949329634394,-2.9727626637298354,0.78523180068496079,8.1453661969388478e-05
18899.999998428393,8069.4658514862958,41385.434818006528,0.68305919993649722,-3.0178478894586567,0.58859648570256307,8.5935574880719698e-05
19799.999998533167,5337.9811744036924,41825.704177063693,0.76228656569869069,-3.0499391914671685,0.38942904827729635,9.0061002688911787e-05
20699.999998323619,2583.5154223887857,42085.904713759053,0.84504490160972512,-3.0688986632836075,0.18858721301287945,9.3772831055648326e-05
21599.999998742715,-182.07190563486853,42164.918276461933,0.93093711675484336,-3.0746449859137557,-0.013064120778866237,9.7016274797154427e-05
22499.99999916181,-2946.8737231206092,42062.406952162804,1.019518092934188,-3.0671537726033553,-0.21465661201845138,9.9739491378326729e-05
23399.999998637941,-5698.9866592408252,41778.814478893764,1.1102975950714313,-3.0464576666303755,-0.41532222523162876,0.00010189415579806454
24299.999998428393,-8426.5623447379057,41315.364283669558,1.2027436781491136,-3.0126461916787401,-0.61419697578566279,0.00010343598714744198
25199.999998847488,-11117.858437642026,40674.054158406616,1.2962865427382404,-2.9658653558956343,-0.81042465504581995,0.00010432521878579044
26099.999998637941,-13761.289183694014,39857.647599819313,1.3903227859484728,-2.9063170117705139,-1.0031605202805571,0.00010452700599198794
26999.999998742715,-16345.475312065721,38869.661843997274,1.4842199901988422,-2.8342579743555518,-1.1915749346110256,0.0001040117668891372
27899.999998847488,-18859.293002928211,37714.352662364523,1.5773215869047768,-2.7499989030002832,-1.3748569376856148,0.00010275545439474117
28799.999998637941,-21291.921763628376,36396.695973674097,1.6689519343806842,-2.6539029509092256,-1.5522177351255897,0.00010073975881763725
29699.999999057036,-23632.890981010372,34922.36635992091,1.7584215470616127,-2.5463841892575059,-1.7228940898013319,9.7952242366143024e-05
30599.999999476131,-25872.124950493333,33297.712584011133,1.8450324158669773,-2.427905813315546,-1.886151600470386,9.4386408270931603e-05
31499.999999266583,-27999.986206296555,31529.730205758187,1.9280833631622845,-2.2989781379199385,-2.0412878550993154,9.0041708331559789e-05
32399.999999371357,-30007.316952087775,29626.03142328473,2.0068753783779862,-2.160156391820645,-2.1876354444121788,8.4923493572008554e-05
33299.99999916181,-31885.478414601461,27594.812274853604,2.0807168853684619,-2.0120383209728581,-2.3245648229502072,7.9042913260307486e-05
34199.999999580905,-33626.387966200018,25444.817330963058,2.1489288980399643,-1.8552616104153652,-2.4514870066715813,7.2416767801002769e-05
35100,-35222.55384268691,23185.302044355645,2.2108500246563749,-1.6905011370813385,-2.5678560947137128,6.5067321155027531e-05
35999.999999790452,-36667.107321023461,20825.992909067725,2.2658412873403466,-1.5184660646256987,-2.6731716057524166,5.7022078255013218e-05
36899.999999895226,-37953.832218476215,18377.045598390636,2.3132907275623436,-1.3398967926621865,-2.7669806191708712,4.8313532641238891e-05
37799.999999685679,-39077.191576683421,15849.001283066371,2.3526177726170565,-1.1555617750393308,-2.8488797113898321,3.8978889262567058e-05
38699.999999476131,-40032.351437864105,13252.741283126537,2.3832773434755112,-0.96625421823608226,-2.9185166808848426,2.9059766759984435e-05
39599.999999266583,-40815.201595020473,10599.440277670275,2.4047636867553357,-0.77278867607640589,-2.9755920535425986,1.8601883304817301e-05
40499.999999371357,-41422.373237850159,7900.5182569563085,2.4166139179355222,-0.57599755400663999,-3.0198603628831568,7.6547294336239695e-06
41399.999998847488,-41851.253417290616,5167.5914266874443,2.4184112654336278,-0.37672753800145214,-3.0511311997235242,-3.7287690634745747e-06
42299.999999266583,-42099.996268482086,2412.4222656438674,2.409788007782522,-0.17583596249868999,-3.0692700270429349,-1.5492595619609498e-05
43199.999999371357,-42167.530941428558,-353.13102534566156,2.390428098364183,0.025812865571794345,-3.0741987564533093,-2.7577992391734602e-05
44099.99999916181,-42053.566210941841,-3117.1655055978149,2.3600694739818837,0.22735137402269637,-3.0658960842533429,-3.9923813041447288e-05
44999.999998952262,-41758.591740978787,-5867.7846597498083,2.3185060451080894,0.4279124461128106,-3.0443975852491936,-5.2466877046784158e-05
45899.999998742715,-41283.876000492339,-8593.149537172656,2.2655893671224896,0.62663313979418489,-3.0097955640779324,-6.5142324193878442e-05
46799.99999916181,-40631.460837491555,-11281.529655070399,2.2012299927657319,0.82265839042991817,-2.9622386644186589,-7.7883968082089874e-05
47699.999999580905,-39804.152737132012,-13921.353428928305,2.1253985075935158,1.0151446800056279,-2.9019312378248903,-9.0624647495295396e-05
48599.999999685679,-38805.510793442743,-16501.257945625031,2.0381262500472364,1.2032636595926185,-2.8291324741473103,-0.00010329657483235431
49499.999999476131,-37639.831451880549,-19010.137833716362,1.9395057199846266,1.3862057073493603,-2.74415529749256,-0.00011583168056616679
50399.999999266583,-36312.130080836789,-21437.193044443127,1.8296906789940637,1.5631834086104661,-2.6473650317046946,-0.00012816195301155518
51299.999999371357,-34828.119455403008,-23771.975322701448,1.7088959476366576,1.7334349420637718,-2.5391778411724006,-0.00014021977252458431
52199.999999790452,-33194.185239543673,-26004.433179946387,1.5773969045621068,1.8962273583539453,-2.4200589529612908,-0.00015193823940312849
53100.000000209548,-31417.358570998967,-28124.955171675556,1.4355286936231899,2.0508597367213999,-2.2905206675932162,-0.00016325149468487783
54000.000000628643,-29505.285863768317,-30124.411293704772,1.2836851456499163,2.1966662060794282,-2.1511201665683042,-0.00017409503305607877
54900.000000104774,-27466.1959642357,-31994.19231041642,1.1223174229843511,2.3330188168100214,-2.0024571262863162,-0.00018440600702684739
55799.999999895226,-25308.864779992531,-33726.246865540204,0.95193239333631752,2.4593302522410312,-1.8451711468065197,-0.00019412352167609261
56700,-23042.577562871062,-35313.116183575861,0.77309074433376002,2.5750563656327246,-1.6799390084682519,-0.00020318891897887518
57599.999999790452,-20677.088983349848,-36747.966236837463,0.58640484653588576,2.679698533345082,-1.5074717661963943,-0.00021154605103343237
58499.999999580905,-18222.581167119948,-38024.617232486766,0.39253637531918534,2.7728058133279094,-1.3285116938081893,-0.00021914154133952736
59400,-15689.619891078381,-39137.570280059779,0.19219370414906503,2.853976898504663,-1.1438290926126347,-0.00022592503325117181
60300.000000419095,-13089.109115066018,-40082.031132695163,-0.013870919827134679,2.9228618569951754,-0.95421897711289061,-0.00023184942486048754
61200.00000083819,-10432.244037863795,-40853.930898653685,-0.22486440585414158,2.9791636513669695,-0.76049765155891247,-0.00023687108954395153
62100.000000628643,-7730.4628995173262,-41449.943624176522,-0.43995604048293313,3.0226394294358894,-0.56349919359102696,-0.0002409500813782783
63000.000000419095,-4995.3977147197184,-41867.500678537181,-0.65828088726135447,3.0531015813249276,-0.36407185853753543,-0.00024405032477539199
63900.000000523869,-2238.8241732044762,-42104.801870719581,-0.87894334884688419,3.0704185574080398,-0.16307442170555325,-0.00024613978763792475
64800.000000314321,527.38909064907193,-42160.823253389484,-1.1010208776115884,3.0745154437077855,0.038627526419729441,-0.00024719063747218501
65700.000000104774,3291.3316417788647,-42035.321577420291,-1.3235678193540861,3.0653742919039231,0.24016531602645971,-0.00024717937992065113
66600.000000209548,6041.102565881336,-41728.835376122843,-1.5456193729272689,3.0430342023081516,0.44067094743716662,-0.00024608697925340294
67500.000000628643,8764.8617569489543,-41242.682675321965,-1.7661956502720053,3.0075911594423017,0.63928083852346995,-0.00024389896046041377
68400.000000733417,11450.880946937517,-40578.95533787048,-1.9843058200453623,2.9591976208099533,0.83513955349231939,-0.00024060549266008709
69300.00000083819,14087.594258930676,-39740.510065260605,-2.1989523181665538,2.8980618605229562,1.0274034968502241,-0.0002362014536328134
70200.000000628643,16663.648049009767,-38730.956099771211,-2.4091351069975153,2.8244470710042386,1.2152445551814939,-0.00023068647542345234
71100.000000733417,19167.949845579602,-37554.639673871206,-2.6138559681399198,2.7386702262699547,1.3978536725673054,-0.00022406497100787602
72000.00000083819,21589.716147991279,-36216.625282635789,-2.8121228097610032,2.6411007124499948,1.5744443420749492,-0.00021634614220780826
72900.000001257285,23918.518898847731,-34722.673853286826,-3.0029539734082715,2.5321587311194671,1.7442559996077229,-0.000207543969071541
73800.000001676381,26144.330415897362,-33079.217911778709,-3.1853825227506536,2.4123134829234605,1.9065573043643391,-0.00019767718112218241
74700.000002095476,28257.566593777075,-31293.333853185515,-3.3584604985016395,2.2820811394961042,2.0606492919722208,-0.0001867692109602743
75600.000001885928,30249.128188836406,-29372.711436676251,-3.5212631238916114,2.1420226127110951,2.2058683866180964,-0.00017484813083307372
76500.000001676381,32110.440011530416,-27325.620634822546,-3.6728929458808466,1.9927411309585452,2.3415892593640333,-0.00016194657287848648
77400.000001781154,33833.487850052203,-25160.875988509768,-3.8124838971811426,1.8348796337093505,2.4672275198215616,-0.00014810163392516256
78300.00000220025,35410.852970858956,-22887.798620822487,-3.93920526594095,1.669117995769565,2.5822422300018792,-0.000133354765781902
79200.000001676381,36835.744053261442,-20516.176067601784,-4.0522655608976459,1.4961700929233597,2.6861382300394463,-0.00011775165200327212
80100.000002095476,38102.026419759874,-18056.220095319761,-4.1509162601929681,1.3167807215807146,2.778468265850405,-0.00010134207221678209
81000.000001571607,39204.248419558928,-15518.522722937223,-4.2344554318432452,1.1317223883693368,2.8588349085069797,-8.4179755411413932e-05
81900.000001990702,40137.664886274863,-12914.010578114328,-4.3022312189574627,0.94179197927942881,2.9268922597677234,-6.6322223003645734e-05
82800.000002409797,40898.257535772609,-10253.89784924633,-4.353645178572517,0.74780732748903156,2.9823474342030227,-4.7830623335266115e-05
83700.00000220025,41482.752242233299,-7549.6379877894824,-4.3881554686748601,0.55060369115057339,3.0249618136241763,-2.8769558485797903e-05
84600.000001990702,41888.633108553127,-4812.8743846634188,-4.4052798762397085,0.35103015743013122,3.0545520679188187,-9.2069046520149368e-06
85500.000002095476,42114.15327037518,-2055.3902475697596,-4.4045986809719313,0.14994598927021544,3.0709909380775096,1.0786372747440544e-05
86400.00000220025,42158.342394040294,710.94212613623029,-4.385757350721204,-0.051783071042201118,3.0742077787081907,3.1136408480772883e-05
87300.000002305023,42021.010834101085,3474.2124563631951,-4.3484690646563244,-0.25328852526803008,3.0641888577002869,5.176663067093627e-05
88200.000002409797,41702.750433331428,6222.5237455271326,-4.2925170610671888,-0.45370285359828005,3.0409774119283695,7.2597957252443649e-05
89100.00000220025,41204.931963239724,8944.043481839115,-4.2177568070087004,-0.65216324416580274,3.0046734589464021,9.35489955696413e-05
90000.000001990702,40529.699214666194,11627.05457125682,-4.1241179866054516,-0.84781530263714844,2.9554333654250664,0.00011453624541958265
90900.000002409797,39679.959766069245,14260.005763626921,-4.0116063050658264,-1.0398167250124466,2.8934691743539718,0.00013547430606246786
91800.000002514571,38659.372470336959,16831.561363934732,-3.8803051043996089,-1.2273409186104833,2.8190476939492592,0.0001562760883607994
92700.000002305023,37472.331706618141,19330.65003152001,-3.7303767846492577,-1.409580557075256,2.7324893515747068,0.0001768530337858797
93600.000002409797,36123.948472050171,21746.512432205953,-3.562064024678067,-1.585751052454607,2.6341668180117344,0.00019711534220552689
94500.000001885928,34620.028392342174,24068.74755085857,-3.3756907931373403,-1.7550939304759601,2.5245034076735839,0.00021697221116036722
95400.000001676381,32967.046737885415,26287.357474781293,-3.1716631370710435,-1.9168800953170335,2.4039712608900561,0.00023633208978220477
96300.000001152512,31172.120565142151,28392.790433553808,-2.9504697351847748,-2.0704129683169774,2.2730893167777042,0.00025510295061882497
97200.000000942964,29242.978085944273,30375.981935014668,-2.7126821959139611,-2.2150314889685649,2.1324210839477167,0.00027319258328922428
98100.000001047738,27187.925409877695,32228.393799076399,-2.458955080825449,-2.3501129637081766,1.9825722194016697,0.00029050891359900057
99000.000000523869,25015.810794449644,33942.050932320781,-2.1900256277808099,-2.4750757509759431,1.824187925207595,0.00030696035192556356
99900.000000314321,22735.986548743283,35509.575687525685,-1.9067131450971846,-2.5893817710548697,1.6579501733685906,0.00032245617428407642
100800.00000010477,20358.26877621367,36924.219641583659,-1.6099180488310485,-2.6925388283705867,1.4845747722366329,0.00033690693867824477
101699.9999995809,17892.895103174531,38179.892675402261,-1.3006205071658787,-2.784102737547649,1.304808285009867,0.00035022493883556544
102600,15350.480585973706,39271.189217424886,-0.97987865930839124,-2.8636792428847264,1.1194248142837002,0.00036232469595650171
103499.99999947613,12741.972005414997,40193.411530736856,-0.64882637724427616,-2.9309257222248513,0.92922266781202378,0.00037312348773551717
104399.99999989523,10078.60069031887,40942.589965072664,-0.30867053066636624,-2.9855526692014109,0.73502091582957607,0.00038254191262224207
105300,7371.8341548431472,41515.500052405085,0.03931226455491147,-3.0273249447336066,0.53765586075104121,0.00039050448490558055
106200.00000010477,4633.3266788988003,41909.676401863551,0.39377944988623559,-3.0560627942798484,0.33797742879587905,0.00039694025510939707
107099.99999989523,1874.8690982225705,42123.423313637293,0.75332689229085392,-3.0716426247537796,0.13684550314658556,0.00040178344784527699
107999.99999937136,-891.66199847572148,42155.82207313821,1.1164938313147819,-3.0739975380822564,-0.06487378674737139,0.00040497410796840668
108899.99999947613,-3654.3554482721574,42006.734891773071,1.4817684083345461,-3.0631176188050024,-0.26631180364086016,0.00040645874442848831
109799.99999926658,-6401.3168260500115,41676.805477414258,1.8475937680176922,-3.0390499743946715,-0.46660115076528219,0.00040619096020228814
110699.99999937136,-9120.7196978811789,41167.456232120749,2.2123747180889182,-3.0018985280946131,-0.66487941561245245,0.00040413205617851239
111599.99999884749,-11800.856563618314,40480.882090564926,2.5744849144953981,-2.9518235652979259,-0.86029289054655522,0.00040025159672491347
112499.99999895226,-14430.189296090975,39620.041022651822,2.9322745359021489,-2.8890410352888671,-1.0520002559138955,0.00039452792508930836
113399.99999937136,-16997.398824082738,38588.641249760934,3.2840783927622992,-2.8138216121219473,-1.2391762069544587,0.0003869486177130467
114299.99999916181,-19491.433874949835,37391.125224978037,3.6282244156797301,-2.7264895185379272,-1.4210150108639443,0.00037751086778123414
115199.99999926658,-21901.558559423684,36032.650445777334,3.963042454798571,-2.6274211181819669,-1.5967339779726695,0.00036622178998350679
116099.99999874271,-24217.398569648274,34519.067196531621,4.2868733131829835,-2.5170432835330954,-1.7655768302252035,0.00035309864049792221
116999.99999884749,-26428.985831358394,32856.893298335584,4.598077941385605,-2.395831545525736,-1.9268169552987089,0.00033816894798280919
117899.99999895226,-28526.80137679166,31053.285999645723,4.895046706407097,-2.2643080349379319,-2.0797605293438286,0.00032147055378476134
118799.99999905704,-30501.816285657489,29116.011112780056,5.1762086574790054,-2.1230392235399154,-2.2237494972821574,0.00030305156123119263
119699.99999884749,-32345.530505311785,27053.409537792792,5.4400407057221347,-1.9726334756377786,-2.3581643970186605,0.00028297019591905145
120599.99999863794,-34050.009384112069,24874.361320940679,5.6850766389839515,-1.8137384210313559,-2.4824270156483985,0.00026129458048477773
121499.99999811407,-35607.917764842161,22588.247402040914,5.9099158973074868,-1.647038160879849,-2.5960028667278898,0.0002381024286491717
122399.9999975902,-37012.551493316438,20204.909216009517,6.1132320389509172,-1.4732503187189081,-2.6984034783212487,0.00021348066438711094
123299.99999738066,-38257.866207521329,17734.606324598615,6.2937808323490918,-1.2931229495972953,-2.7891884823082287,0.00018752497284075926
124199.99999748543,-39338.503285719155,15187.972261723507,6.4504079157615131,-1.1074313207766968,-2.8679674964123172,0.00016033929005746474
125099.9999975902,-40249.812846231282,12575.968777494871,6.5820559731279271,-0.91697457749973132,-2.9344017914555431,0.00013203523878969303
125999.9999980093,-40987.873698632313,9909.8386840090661,6.6877713804070575,-0.72257230857562893,-2.988205736852696,0.00010273151771628726
126899.99999779975,-41549.510164407162,7201.0575032713577,6.766710283943123,-0.52506102627694784,-3.0291480186763353,7.2553251187376463e-05
127799.99999727588,-41932.305697938449,4461.2841159817217,6.8181440786043161,-0.32529057486489743,-3.0570526255310004,4.1631306216874091e-05
128699.99999769498,-42134.613247094465,1702.3106335154207,6.8414642586610483,-0.12412048373271106,-3.0717995980508195,1.0101583270574872e-05
129599.99999811407,-42155.562312447488,-1063.9882856219569,6.8361866208706301,0.077583718961103512,-3.0733255392306491,-2.1895713084079336e-05
130499.9999975902,-41995.062678307113,-3825.7064888677564,6.8019548043520883,0.27895421890182981,-3.061623883782,-5.42168185045527e-05
131399.99999832362,-41653.804794115022,-6570.9575187083783,6.7385431553555684,0.47912463775998537,-3.0367449250407734,-8.6715162966390964e-05
132299.99999811407,-41133.25681170998,-9287.9256832157535,6.6458589114779301,0.67723374662666991,-2.9987955998620235,-0.00011924212959624927
133199.99999790452,-40435.658283896657,-11964.916869211042,6.5239437012139225,0.87242916094757139,-2.9479390318733962,-0.00015164781500024305
134099.99999769498,-39564.010557430105,-14590.40880456573,6.3729743609960323,1.0638709958705908,-2.8843938354202661,-0.00018378178638410068
134999.99999748543,-38522.063896565982,-17153.100600488458,6.1932630730250429,1.250735469967402,-2.8084331827038396,-0.00021549383253089441
135899.9999975902,-37314.301393638336,-19641.961345162854,5.9852568314361552,1.4322184409222243,-2.7203836380458042,-0.00024663470525175855
136799.9999980093,-35945.919732702503,-22046.277547356727,5.7495362463788826,1.6075388587305632,-2.6206237638692396,-0.00027705684844855276
137699.99999842839,-34422.806889910324,-24355.699221401006,5.4868136988903453,1.775942121379686,-2.5095825042362412,-0.00030661511198681283
138599.99999884749,-32751.516860513872,-26560.284423983288,5.1979308606527406,1.9367033193218486,-2.3877373522109031,-0.00033516744791900732
139499.99999895226,-30939.24152145649,-28650.542045835868,4.8838555960629968,2.0891303544612252,-2.2556123086892779,-0.00036257558657115386
140399.99999874271,-28993.779750165071,-30617.472673431897,4.5456782660584407,2.2325669201981233,-2.1137756411805508,-0.00038870569018597785
141299.99999916181,-26923.503924649562,-32452.60735097088,4.184607453887045,2.3663953301252274,-1.9628374513536253,-0.00041342898201756316
142199.99999926658,-24737.323960563528,-34148.04406221892,3.8019651382819908,2.4900391821358578,-1.8034470624025423,-0.00043662234860849061
143099.99999905704,-22444.649014678911,-35696.481796066757,3.3991813349061433,2.6029658478846263,-1.6362902353948812,-0.00045816891353410861
143999.99999884749,-20055.347039683653,-37091.252026451155,2.9777882365799977,2.7046887750731075,-1.462086227839607,-0.00047795858040379735
144899.99999863794,-17579.702354927344,-38326.347479107892,2.5394138793250147,2.7947695930439287,-1.2815847062684829,-0.00049588854340586132
145799.99999905704,-15028.371409129377,-39396.448061517745,2.0857753632833171,2.8728200124184768,-1.0955625254979229,-0.00051186376367818556
146699.99999947613,-12412.33693945971,-40296.943835143597,1.618671662706596,2.9385035096891325,-0.90482038935556142,-0.00052579740974595705
147599.99999926658,-9742.8607014127701,-41023.95493944121,1.1399760540373287,2.9915367898776193,-0.7101794055193813,-0.00053761126063210641
148499.99999905704,-7031.4349886419031,-41574.348370783184,0.65162819922134485,3.0316910199023024,-0.51247755043147358,-0.00054723607007858518
149399.99999916181,-4289.7331552317255,-41945.751543537881,0.15562592049671237,3.0587928270580558,-0.31256605981236874,-0.00055461189058531209
150299.99999926658,-1529.5593397822583,-42136.56257673871,-0.34598329919131215,3.0727250582054104,-0.11130575939630252,-0.0005596883561559741
151199.99999937136,1237.2023817652,-42145.95725717632,-0.85111105074263715,3.0734272958256024,0.090436647436336726,-0.00056242492267642274
152100.00000010477,3998.6392024842939,-41973.892647785717,-1.3576369313385528,3.0608961284420655,0.29179231949418771,-0.00056279106507012245
152999.99999989523,6742.8609099739324,-41621.107324886987,-1.8634176321913394,3.0351851740148326,0.49189402736829818,-0.00056076643051830967
153899.99999937136,9458.0511415222445,-41089.118240583084,-2.3662961478811391,2.9964048558847418,0.68987989872946531,-0.00055634094723119041
154799.99999916181,12132.518310990294,-40380.214224100768,-2.8641110605918034,2.9447219321637577,0.88489714026407684,-0.00054951488841187084
155699.9999995809,14754.746004902345,-39497.446149989089,-3.3547058622407171,2.8803587805460098,1.0761057212111893,-0.00054029889129077516
156599.99999968568,17313.442626059594,-38444.613815120967,-3.8359382735529124,2.8035924415861695,1.2626820020616376,-0.00052871393127950283
157500.00000010477,19797.590076575707,-37226.249577104951,-4.305689521207567,2.7147534243178981,1.4438222929749298,-0.00051479125145650092
158399.99999989523,22196.491248077164,-35847.598833357777,-4.7618735291617167,2.6142242800746152,1.61874632472143,-0.00049857224794400492
159300.00000031432,24499.816139929815,-34314.597414160904,-5.2024459897849855,2.5024379499860885,1.7867006188517893,-0.00048010831172875086
160200.00000073342,26697.646377259731,-32633.846002043538,-5.6254132707235405,2.3798758945081682,1.9469617402442516,-0.00045946062798007237
161100.00000052387,28780.517960761277,-30812.581675597939,-6.0288411243818363,2.2470660123375974,2.0988394196065538,-0.00043669993381712007
162000.00000094296,30739.462051234794,-28858.646706443178,-6.4108631610098659,2.1045803583216034,2.2416795314306612,-0.00041190623589414452
162900.00000104774,32566.043606185958,-26780.454753204438,-6.7696890486619337,1.9530326710949353,2.3748669139913372,-0.00038516848943249293
163800.00000083819,34252.39771760103,-24586.954585634259,-7.1036124091017996,1.7930757204034191,2.4978280203428209,-0.00035658424025225024
164700.00000094296,35791.263485111034,-22287.591502222702,-7.4110183755277372,1.6253984862781268,2.6100333882278628,-0.00032625923179468454
165600.00000136206,37176.015271937467,-19892.26662137164,-7.6903907801609126,1.4507231834369396,2.7109999178202218,-0.00029430697941565745
166500.00000146683,38400.691225729286,-17411.294201866618,-7.9403189463534067,1.2698021424997159,2.8002929487966401,-0.00026084831397027398
167400.00000157161,39460.018931828308,-14855.357188434851,-8.1595040567597081,1.0834145625012395,2.8775281272114701,-0.00022601089728616289
168300.00000136206,40349.438087863884,-12235.461182216895,-8.3467650730739891,0.8923631494507106,2.9423730542396345,-0.00018992871224136115
169200.00000178115,41065.120111245844,-9562.8870174898584,-8.501044187268846,0.6974706543026864,2.9945487105349975,-0.00015274152995597734
170100.00000157161,41603.984587261402,-6849.1421736245347,-8.6214117832353843,0.4995763271384549,3.0338306496909189,-0.00011459435729501982
171000.00000104774,41963.712497849396,-4105.9112026572793,-8.7070708942687762,0.29953230076933768,3.0600499566634003,-7.5636867237931145e-05
171900.00000115251,42142.756167355801,-1345.0054093272163,-8.7573611408076832,0.098199921046273037,3.0730939667476727,-3.6022815460534095e-05
172800.00000094296,42140.345887566102,1421.6879974168467,-8.7717621380025061,-0.10355396018662102,3.0729067425910883,4.0905537667652583e-06
173700.00000136206,41956.493196170275,4182.2570950481913,-8.7498963651796071,-0.30486071597878617,3.0594893075781666,4.4543109768845852e-05
174600.00000083819,41591.990793452562,6924.8165125751148,-8.6915314908477406,-0.50485367959928573,3.0328996346799593,8.5172442036779525e-05
175500.00000062864,41048.409098331409,9637.5586025369194,-8.5965821505046982,-0.70267187223422367,2.9932523910234816,0.00012581446900955878
176400.00000010477,40328.089462844677,12308.804247685997,-8.4651111772625942,-0.89746370339066972,2.940718439714348,0.00016630404549907026
177300.00000052387,39434.134069406246,14927.053132987252,-8.2973302864892915,-1.0883906318645065,2.8755241007881587,0.00020647556687310753
178200.00000062864,38370.392564197879,17481.03322235122,-8.0936002204239781,-1.2746307684940528,2.7979501752413087,0.00024616356696862833
179100.0000004191,37141.445471360741,19959.749275720111,-7.8544303566395959,-1.4553824089440337,2.7083307354123627,0.0002852033084221848
180000.00000052387,35752.584469080735,22352.530161683346,-7.5804777900623224,-1.6298674788970482,2.6070516875961345,0.00032343136319641343
180900.00000094296,34209.789611806344,24649.074773645963,-7.2725458977911108,-1.7973348778727927,2.4945491129569386,0.0003606861822328082
181800.00000104774,32519.703592087357,26839.496360129669,-6.9315823960603016,-1.9570637080624163,2.3713073934401772,0.00039680865360991924
182700.00000146683,30689.603148615846,28914.365079749899,-6.5586768991631619,-2.1083663745349952,2.2378571302983747,0.0004316426490178374
183600.00000125729,28727.367758405555,30864.748579217114,-6.1550579940287058,-2.2505915422487379,2.0947728651026338,0.00046503555858136956
184500.00000136206,26641.445721608688,32682.25045108686,-5.7220898352588359,-2.3831269395149235,1.9426706109396719,0.00049683881546017377
185400.00000146683,24440.817811840188,34359.046373576195,-5.2612682751903144,-2.5054019935487934,1.7822052061728637,0.00052690841113805663
186300.00000125729,22134.958625605675,35887.917801193784,-4.7742165318710548,-2.6168902885363359,1.6140675002757947,0.00055510540375216567
187200.00000136206,19733.795802067139,37262.283051581995,-4.2626804015210125,-2.7171118348924104,1.4389813839953509,0.00058129642164670879
188100.00000178115,17247.667297618067,38476.225649010208,-3.7285230207680113,-2.8056351394325394,1.2577006770808392,0.00060535416464592678
189000.00000220025,14687.276882075099,39524.519812473191,-3.1737191759989085,-2.8820790681400457,1.0710058855518747,0.00062715790592905718
189900.0000019907,12063.648060302537,40402.652969252551,-2.6003491609584102,-2.9461144926507505,0.87970084321005082,0.00064659399691170997
190800.00000178115,9388.0766038009042,41106.845201642362,-2.0105921759337937,-2.9974657135000311,0.68460925073498768,0.00066355637744572532
191700.00000157161,6672.0819177153489,41634.065534391877,-1.4067192676995735,-3.0359116531402455,0.48657112873805608,0.0006779470927383562
192600.0000019907,3927.3574252562121,41982.04500034832,-0.7910857977009591,-3.0612868139035498,0.28643919803097001,0.00068967681785579531
193500.00000146683,1165.720214778044,42149.286419086595,-0.16612343878849797,-3.0734819958848347,0.085075205034445434,0.000698665389134192
194400.00000094296,-1600.9398723377763,42135.070851648212,0.46566831384733437,-3.0724447717940824,-0.11665379458508002,0.00070484234082830515
195300.00000104774,-4360.711453938814,41939.46069629964,1.101731112051938,-3.0581797159788486,-0.31787917500996293,0.00070814744341653332
196200.00000083819,-7101.7129114395875,41563.299416511676,1.7394572067703111,-3.030748386767645,-0.51773448672767353,0.00070853123866328378
197100.00000094296,-9812.1435883125414,41008.20789741155,2.3761993826892356,-2.9902690616969765,-0.71535919567802275,0.00070595556480267249
198000.00000104774,-12480.334615215492,40276.577450033568,3.0092813524664188,-2.9369162269202551,-0.90990239531672856,0.0007003940636780636
198900.00000083819,-15094.799180443615,39371.559490358195,3.6360085992254514,-2.8709198227155599,-1.1005264780880917,0.00069183266047782952
199800.00000062864,-17644.28201073825,38297.051938379554,4.2536796341598402,-2.7925642484039881,-1.2864107488821184,0.00068027000567325946
200700.00000010477,-20117.807844705778,37057.68239909986,4.8595976295439236,-2.7021871312704451,-1.4667549643153348,0.00066571786827061895
201600.00000020955,-22504.728700497322,35658.788194462999,5.4510823811795817,-2.6001778646608296,-1.6407827831105266,0.00064820146930290616
202500.00000031432,-24794.769717513347,34106.393340851835,6.0254825378864592,-2.4869759223555961,-1.8077451112891232,0.00062775974498938776
203400.0000004191,-26978.07339333518,32407.182562662561,6.5801880349872208,-2.3630689560703226,-1.9669233289566639,0.0006044455296315012
204300.00000052387,-29045.242009890706,30568.47246240457,7.1126426520174819,-2.2289906851568362,-2.1176323835336262,0.0005783256497882695
205200,-30987.378065197619,28598.1799770783,7.6203566112686287,-2.0853185882843985,-2.2592237359737575,0.00054948092289751099
206099.99999979045,-32796.122555249116,26504.7882409577,8.1009191335044282,-1.9326714061923418,-2.3910881486347662,0.00051800605509465399
206999.9999995809,-34463.690911005498,24297.310032800076,8.5520108508254165,-1.7717064688265127,-2.5126583006452052,0.00048400943571835477
207899.99999937136,-35982.906467759742,21985.248936822925,8.9714159910342151,-1.6031168566068308,-2.6234112219468817,0.00044761282725126332
208799.99999916181,-37347.231305291461,19578.558403664021,9.3570342351072764,-1.4276284096919105,-2.7228705344186941,0.00040895095218162483
209699.9999995809,-38550.794332345751,17087.598885569103,9.7068921574183271,-1.2459965981926853,-2.810608491100159,0.00036817097988584691
210599.99999968568,-39588.416496777078,14523.093231669654,10.019154160865785,-1.05900326708288,-2.8862478051440474,0.00032543191837198165
211499.99999979045,-40455.63301787521,11896.080527798489,10.292132824906831,-0.86745326939181955,-2.9494632612649569,0.00028090391699653452
212399.99999926658,-41148.712540710912,9217.868593736217,10.524298587793419,-0.67217100327479018,-2.9999831027113983,0.00023476748775395413
213299.99999968568,-41664.67313845591,6499.9853256107072,10.714288695159446,-0.4739968666537549,-3.0375901886987631,0.00018721265304631792
214199.99999947613,-42001.295088568993,3754.1291236389839,10.860915350299393,-0.27378364688025764,-3.0621229172287983,0.00013843802918679535
215099.99999989523,-42157.130381343792,992.11856196982785,10.963173016104982,-0.07239285672519323,-3.0734759105784417,8.8649853635574944e-05
216000,-42131.508908853153,-1774.1584147601297,11.02024481783914,0.12930896273579898,-3.071600459947704,3.806096618447824e-05
216899.99999979045,-41924.541318892552,-4532.7956129521626,11.031508012563638,0.33045396125928134,-3.0565047283808791,-1.3110248155389914e-05
217799.99999989523,-41537.118517187329,-7271.9197737115937,10.996538492768412,0.53017670220782587,-3.0282537109290959,-6.4640945348166086e-05
218700.00000031432,-40970.907823465976,-9979.7416111775656,10.915114302440807,0.72761787414026058,-2.9869689525951251,-0.00011630492964928791
219600.00000010477,-40228.345799253941,-12644.606486090235,10.787218150219312,0.92192797554651917,-2.9328280254351995,-0.00016787377432240879
220500.00000020955,-39312.62777358375,-15255.044514280826,10.613038909946626,1.1122709584569079,-2.8660637667392006,-0.00021911794887463217
221400.00000062864,-38227.694117653286,-17799.819868440522,10.392972106973421,1.2978278136383654,-2.7869632819602033,-0.00026980794558756701
222300.00000104774,-36978.213323530304,-20267.9790833271,10.127619393057131,1.4778000838524947,-2.6958667163018339,-0.00031971539953444457
223200.00000083819,-35569.561958861355,-22648.898153807724,9.8177870183661629,1.6514132901107872,-2.5931658000467182,-0.00036861419626815507
224100.00000094296,-34007.8015783968,-24932.328229785675,9.4644833131769648,1.8179202568956219,-2.4793021733062539,-0.00041628156198582594
225000.0000004191,-32299.652703959226,-27108.439691127747,9.0689152005083908,1.9766043207462298,-2.3547654980777386,-0.00046249913080744648
225900.00000020955,-30452.465960146994,-29167.864450062756,8.6324837569961659,2.1267824112519094,-2.220091363688514,-0.00050705398535115553
226800,-28474.190512505185,-31101.736262411916,8.156778853890815,2.2678079886198224,-2.0758589960178502,-0.00054973966557631568
227700.0000004191,-26373.33992175031,-32901.728902595576,7.6435729036468842,2.3990738272934373,-1.9226887784584905,-0.00059035714250978036
228600.00000052387,-24158.955576569224,-34560.092017983719,7.0948137498167245,2.5200146321683201,-1.7612395961453917,-0.00062871575269668218
229500.00000062864,-21840.567837620867,-36069.684528491212,6.5126167315272978,2.6301094775654397,-1.5922060128082591,-0.00066463409033898845
230400.00000073342,-19428.155082857436,-37424.005404919379,5.8992559684370738,2.7288840567052444,-1.4163152938138945,-0.00069794085334058892
231300.00000052387,-16932.100812229906,-38617.221707309705,5.2571549048963764,2.8159127328592031,-1.2343242866548219,-0.00072847564050268552
232200.00000031432,-14363.148995062598,-39644.193758040616,4.5888761586681355,2.8908203828350985,-1.0470161720146058,-0.00075608969691346318
233100.0000004191,-11732.357861863671,-40500.497334335072,3.8971107249262289,2.9532840241403848,-0.8551970999299584,-0.00078064660469196238
233999.99999989523,-9051.0523338295261,-41182.442787313783,3.18466658468749,3.0030342187779442,-0.65969272499681475,-0.00080202291667618971
234899.99999937136,-6330.7752774077517,-41687.091006612951,2.4544567656269893,3.0398562474760604,-0.46134465418903808,-0.00082010873086000744
235799.99999979045,-3583.2378210688535,-42012.266150456606,1.7094869169601732,3.0635910482076216,-0.26100682454189172,-0.00083480820321018081
236699.9999995809,-820.26893840078696,-42156.565090747899,0.95284245215461361,3.0741359150175831,-0.059541825597473702,-0.00084603999713101419
237600.00000031432,1946.2355087051624,-42119.363530781586,0.18767531075737984,3.0714449537730575,0.14218281919250711,-0.00085373766799648899
238500.00000073342,4704.3640008549237,-41900.818763091687,-0.58280958897982693,3.0555292921908199,0.34329839260038353,-0.00085784998110855621
239400.00000052387,7442.2406912877959,-41501.869057200493,-1.3553681591534421,3.0264570431469049,0.54293873239618307,-0.00085834116212320591
240300.00000031432,10148.076583395021,-40924.229675696901,-2.1267311435669738,2.9843530209377556,0.7402439701886695,-0.00085519107889633287
241200.00000010477,12810.220337384773,-40170.385537157468,-2.8936182503109498,2.9293982116672761,0.93436424418691821,-0.00084839535418009741
242100.00000052387,15417.208500164201,-39243.580553089894,-3.6527523573063099,2.8618289996109025,1.124463370608034,-0.00083796540879681441
243000.00000062864,17957.814916519215,-38147.803690198227,-4.4008737213719149,2.7819361532144526,1.3097224558157698,-0.00082392843527811198
243900.00000010477,20421.09913792833,-36887.771807992445,-5.1347541372700114,2.6900635743426626,1.4893434355150414,-0.00080632730210987208
244800.00000052387,22796.453596149611,-35468.909350348287,-5.8512109781334045,2.5866068165261806,1.662552523741182,-0.00078522038914553968
245700.00000031432,25073.649324237977,-33897.32499036978,-6.5471210518100129,2.4720113795175123,1.8286035555242968,-0.00076068135522546767
246600.00000073342,27242.880073880286,-32179.785301848035,-7.21943422679941,2.3467707856120468,1.9867812119568848,-0.00073279883873815727
247500.00000115251,29294.804581447595,-30323.68560394389,-7.8651867514247273,2.2114244485788035,2.1364041093829034,-0.00070167609305194173
248400.00000094296,31220.586840559343,-28337.018080795151,-8.4815142206525831,2.0665553428057231,2.2768277421443748,-0.00066743055819732798
249300.00000136206,33011.934189254556,-26228.337323475302,-9.0656641290633253,1.9127874836276832,2.4074472647356253,-0.00063019337097349913
250200.00000146683,34661.133039109576,-24006.723456128391,-9.6150079529634436,1.7507832308772742,2.5277001006609514,-0.00059010881604017607
251100.00000125729,36161.082114388511,-21681.742982239979,-10.127052716793974,1.5812404258260571,2.6370683683077365,-0.00054733372019368474
252000.00000167638,37505.323039345749,-19263.407538961765,-10.59945198834248,1.4048893754783038,2.7350811120085483,-0.00050203679302423209
252900.00000209548,38688.06814290215,-16762.130744314753,-11.030016255876941,1.2224896979508157,2.8213163287800396,-0.00045439791723130208
253800.00000220025,39704.225375712194,-14188.68329898517,-11.416722648317869,1.0348270409759943,2.8954027831520994,-0.00040460739152199811
254700.00000230502,40549.420216915867,-11554.146562745449,-11.757723952176661,0.84270968979921224,2.9570216012502399,-0.00035286513019716864
255600.00000178115,41220.01448330532,-8869.8648013704315,-12.05135688980506,0.6469650789537319,3.0059076379153935,-0.00029937982319382366
256500.00000157161,41713.121965143204,-6147.3962935322324,-12.296149626959618,0.44843622189868948,3.0418506115162325,-0.00024436806029485116
257400.00000136206,42026.620813395981,-3398.4635414577592,-12.49082847571966,0.24797807642845937,3.0646960011730657,-0.00018805342438275459
258300.00000115251,42159.162635675202,-634.90276745830488,-12.634323770425627,0.046453859223503764,3.0743457035023316,-0.00013066555747869274
259200.00000157161,42110.17825734018,2131.3870670677002,-12.725774892041741,-0.15526867315664397,3.0707584459400787,-7.2439204465027783e-05
260100.00000136206,41879.880126944066,4888.4954961271815,-12.764534423400701,-0.35632096049832895,3.0539499553626031,-1.3613239231954772e-05
261000.00000115251,41469.26135607226,7624.5518440750548,-12.750171422196587,-0.55583737833994196,3.0239928815088102,4.5570322613955169e-05
261900.00000157161,40880.091399676196,10327.776323100828,-12.68247380085324,-0.75295896183453614,2.981016475866578,0.0001048673189242909
262800.00000136206,40114.908398578074,12986.53073546477,-12.561449809307863,-0.94683709976605157,2.9252060277996308,0.00016403243973231438
263700.00000115251,39177.008212590656,15589.368573935557,-12.387328618471654,-1.1366371838118425,2.8568020601576682,0.00022282022502679723
264600.00000157161,38070.430200386705,18125.084273553173,-12.160560008693617,-1.3215421952317234,2.7760992885987896,0.00028098605618172415
265500.00000167638,36799.939803241308,20582.761429677565,-11.881813170228243,-1.500756215694536,2.6834453488872452,0.0003382871370404603
266400.00000178115,35371.008007163677,22951.819771200084,-11.551974626687718,-1.6735078470654783,2.5792392976570655,0.00039448346016331267
267300.00000188593,33789.787774671167,25222.060681904612,-11.172145297313897,-1.8390535252834499,2.4639298933096647,0.00044933875393011471
268200.0000019907,32063.087548937008,27383.711075939758,-10.743636717421733,-1.9966807144020062,2.3380136645071223,0.00050262140662283412
269100.00000178115,30198.341939890397,29427.465446154198,-10.26796643830097,-2.1457109677901229,2.2020327741800161,0.00055410536410829597
270000.00000188593,28203.579718197569,31344.525902480629,-9.7468526318078208,-2.2855028433568303,2.0565726881214368,0.00060357099793665193
270900.00000230502,26087.389262074852,33126.640021591818,-9.1822079296018408,-2.4154546599327982,1.9022596585905209,0.00065080594101453134
271800.00000209548,23858.881595686078,34766.136356747287,-8.5761325247944029,-2.5350070839294605,1.7397580328668918,0.00069560588900678569
272700.00000251457,21527.651172371992,36255.957455553638,-7.9309065662199707,-2.6436455352713857,1.5697673977314173,0.00073777536594566134
273600.00000230502,19103.734597297625,37589.690225474114,-7.248981885528015,-2.7409024009804592,1.3930195738476445,0.00077712845259999956
274500.00000178115,16597.567425957517,38761.593545196971,-6.5329730795156014,-2.8263590489948092,1.2102754697716602,0.0008134894780828638
275400.00000157161,14019.939254965317,39766.622979201558,-5.7856479896620483,-2.8996476317861681,1.0223218111531862,0.0008466936743522569
276300.0000019907,11381.94728867525,40600.452497372746,-5.0099176094642255,-2.9604526725394775,0.82996775830499125,0.00087658779469660395
277200.00000209548,8694.9485781408712,41259.493106745169,-4.2088254507256186,-3.0085124269964214,0.63404142628369131,0.0009030306976062412
278100.00000157161,5970.511129238801,41740.908315018045,-3.3855363967771401,-3.0436200149411485,0.43538632167829466,0.00092589389782718023
279000.00000136206,3220.3641039150612,42042.626353174783,-2.5433250754783407,-3.0656243158339818,0.23485771231868283,0.00094506208639469694
279900.00000115251,456.34732867410082,42163.349106182701,-1.6855637791224869,-3.0744306246511286,0.033318945442944864,0.00096043362171162566
280800.00000125729,-2309.6396892249318,42102.557713774673,-0.81570995127401236,-3.0700010649214167,-0.16836227108422508,0.00097192099360796167
281700.00000104774,-5065.6889942956341,41860.51481375302,0.062706728386067292,-3.0523547567054456,-0.36931760671505526,0.00097945126162024641
282600.00000083819,-7799.9354705660935,41438.263417794835,0.94609764703001686,-3.0215677385456856,-0.56868185113480152,0.00098296646835623362
283500.00000062864,-10500.607938699504,40837.62242293125,1.8308289193921141,-2.9777726433933798,-0.76559664409504391,0.00098242402762612402
284400.00000104774,-13156.079851254417,40061.178778521389,2.7132353860103504,-2.9211581297583753,-0.95921417658497199,0.00097779708610124059
285300.00000052387,-15754.919366057362,39112.276342093523,3.5896349238847818,-2.8519680703530321,-1.1487008470809068,0.00096907485591444359
286200.00000125729,-18285.938596155192,37995.001464728972,4.4563430469797085,-2.770500501079368,-1.3332408579319133,0.00095626291417248471
287100.00000104774,-20738.241776167732,36714.165386042012,5.3096877487099716,-2.6771063361329963,-1.5120397326432184,0.00093938346425556836
288000.00000083819,-23101.272207832604,35275.283486567118,6.1460245733653309,-2.5721878527042263,-1.6843277437772743,0.00091847555206011808
288900.00000062864,-25364.85770835431,33684.55151799028,6.9617518478428195,-2.456196954112662,-1.849363231049538,0.00089359522991057198
289800.0000004191,-27519.254417074895,31948.818890927123,7.7533260407307196,-2.3296332173009655,-2.0064357988317965,0.00086481565950256216
290700.00000052387,-29555.18874350789,30075.559149749617,8.5172771806142595,-2.1930417343008655,-2.1548693770224996,0.00083222714529650882
291600.00000031432,-31463.897284119084,28072.837759218568,9.2502242700368402,-2.0470107569882123,-2.2940251325191889,0.00079593708960951873
292500.0000004191,-33237.164539780708,25949.277337437052,9.9488906226266689,-1.8921691551960118,-2.4233042189113911,0.0007560698610675294
293400.00000020955,-34867.358257495012,23714.020500805658,10.610119036833829,-1.7291837005561532,-2.5421503514646404,0.0007127665693663132
294300,-36347.462262286681,21376.690463438812,11.230886725918122,-1.5587561867637052,-2.650052197614496,0.00066618473999020377
295200.0000004191,-37671.106623616783,18947.349577822759,11.808319906537502,-1.3816204001917363,-2.7465455716840586,0.00061649788480118103
296100.00000052387,-38832.595030040247,16436.45599891181,12.339707951591102,-1.1985389544384988,-2.8312154247437209,0.00056389496606081729
297000.00000031432,-39826.929267634441,13854.818635335496,12.822517016340814,-1.0103000010125265,-2.9036976221806157,0.00050857975287023772
297899.99999979045,-40649.830680196108,11213.550615203992,13.254403033977795,-0.81771383297603806,-2.9636805003193651,0.00045077007219200674
298799.99999926658,-41297.758534120621,8524.0214414401908,13.633223992900996,-0.62160939448573316,-3.0109061967521509,0.00039069695735294513
299699.99999905704,-41767.92520244074,5797.8080637715057,13.957051401879886,-0.42283071291909924,-3.0451717484517733,0.00032860369968560813
300599.99999884749,-42058.30811042335,3046.6450636447021,14.224180861452361,-0.222233267960322,-3.0663299537944551,0.00026474480976300385
301499.99999895226,-42167.658391029508,282.37416506015154,14.43314166315284,-0.020680313173901149,-3.074289995053948,0.00019938489622281028
302399.99999905704,-42095.506213346001,-2483.1066937028168,14.582705344855651,0.18096083286960049,-3.0690178189986206,0.00013279747162782637
303299.99999916181,-41842.162765788649,-5237.8945317128864,14.671893142995163,0.38182251177360704,-3.050536274563628,6.526369454903954e-05
304199.9999995809,-41408.718884957008,-7970.1325086855813,14.6999822874799,0.58104045009744065,-3.0189250071985194,-2.9289417280468356e-06
305099.99999968568,-40797.040339192718,-10668.060899180326,14.666511096282557,0.77775746788106026,-2.9743201107716555,-7.1487963547800076e-05
305999.99999979045,-40009.759785513801,-13320.06765524217,14.571282835520568,0.97112715642932157,-2.9169135385619138,-0.00014011730445366829
306899.9999995809,-39050.265438432565,-15914.738321431823,14.414368319645144,1.1603175084512105,-2.8469522762565158,-0.00020851871549761516
307800,-37922.686496902978,-18440.905105952079,14.196107235498383,1.3445144865658356,-2.7647372803761452,-0.00027639318908884717
308700.0000004191,-36631.87539554161,-20887.694886766807,13.917108182774772,1.522925514382433,-2.670622186936551,-0.00034344238690874366
309599.99999989523,-35183.386952577348,-23244.575958524434,13.578247430530032,1.694782876316681,-2.5650117955541356,-0.00040937006350745048
310499.99999968568,-33583.454500452528,-25501.403321491656,13.180666396451031,1.8593470119506406,-2.4483603351267318,-0.00047388347748939847
311400.00000010477,-31838.963112048219,-27648.462301672822,12.725767866391658,2.0159096898367719,-2.3211695191398412,-0.00053669478220166997
312300.00000083819,-29957.420025459691,-29676.51033618259,12.215210973187702,2.1637970488808014,-2.183986397870294,-0.00059752238941746308
313200.00000062864,-27946.922398123967,-31576.816735597415,11.650904963409523,2.3023724937626504,-2.0374010167543468,-0.00065609229918103405
314100.00000073342,-25816.122514762079,-33341.200264198756,11.035001781733584,2.4310394329304978,-1.8820438896972889,-0.00071213939005988324
315000.00000052387,-23574.190626960954,-34962.064348838037,10.36988751993006,2.5492438454457456,-1.7185832999748927,-0.00076540866326638059
315900.00000031432,-21230.775543076015,-36432.429802122169,9.6581727628941305,2.6564766683654519,-1.5477224370581328,-0.00081565643652368569
316800.00000104774,-18795.963164544944,-37745.964891056188,8.9026818876893312,2.752275992311954,-1.370196383340448,-0.00086265148192527636
317700.00000083819,-16280.233143182521,-38897.012628199947,8.106441367715906,2.8362290561720935,-1.1867689631920439,-0.00090617610341871247
318600.00000062864,-13694.413815400592,-39880.615180387795,7.27266712912997,2.9079740331287183,-0.9982294654314845,-0.00094602715019230391
319500.00000073342,-11049.635645643897,-40692.535266427018,6.4047510317519709,2.9672015984568283,-0.80538925590379118,-0.00098201696125901363
320400.00000052387,-8357.2833558426628,-41329.274464542206,5.5062465310190198,3.0136562730762555,-0.6090782928483216,-0.0010139742381123074
321300.00000031432,-5628.9469373224656,-41788.088348112542,4.5808535842947942,3.047137536659311,-0.41014155921728912,-0.0010417448421684609
322200.00000010477,-2876.371783986036,-42066.998375081093,3.632402880304253,3.0675007045669549,-0.20943542924566189,-0.0010651925136182282
323099.99999989523,-111.40813163677637,-42164.800485858868,2.6648394537783973,3.074657565021309,-0.0078239826925927819,-0.0010841995093488876
324000,2654.0399661128909,-42081.070365642969,1.6822057635626402,3.0685767729982278,0.19382471644879601,-0.0010986671573296916
324899.99999979045,5408.0658953461034,-41816.165348020681,0.68862431400523072,3.0492839988573737,0.39464235995555719,-0.0011085163253518222
325799.99999989523,8138.8117797078339,-41371.222949086623,-0.31172011253645432,3.0168618306435171,0.59376413991909505,-0.0011136878025173136
326700,10834.519561170217,-40748.156037772562,-1.3145985200770014,2.9714494302168579,0.79033247891216452,-0.001114142591872845
327599.99999979045,13483.581676031014,-39949.644658968318,-2.3157559918996484,2.9132419441950286,0.98350073190958698,-0.0011098621132532033
328499.99999989523,16074.591083560497,-38979.124545156468,-3.3109301224985614,2.8424896721224782,1.172436842054227,-0.0011008483155334884
329400.00000031432,18596.390437905156,-37840.772364921533,-4.2958695095917339,2.7594969952472592,1.3563269347527833,-0.0010871236979944198
330300.00000010477,21038.120188454977,-36539.487771812266,-5.2663522238750771,2.6646210704338888,1.5343788341728501,-0.0010687312408474085
331199.99999989523,23389.265412747427,-35080.87232256306,-6.2182041801763521,2.5582702941924662,1.7058254875778196,-0.0010457342452166167
332100.00000031432,25639.701151033958,-33471.205368433497,-7.1473173182011598,2.4409025443873,1.869928280385827,-0.0010182160835512395
332999.99999979045,27779.736062850199,-31717.417018424716,-8.0496675193077465,2.3130232068720233,2.0259802285802531,-0.00098627986163295038
333899.9999995809,29800.154229761163,-29827.058276784752,-8.921332186551119,2.1751829946102901,2.1733090353934319,-0.00095004799347081503
334799.99999937136,31692.254884460854,-27808.268513367264,-9.758507394748241,2.0279755709775609,2.3112799959997083,-0.00090966169156402456
335699.99999884749,33447.889930385638,-25669.740380473915,-10.557524550469434,1.8720349857001461,2.4392987401069854,-0.0008652803743944594
336599.99999926658,35059.499071158898,-23420.682340161056,-11.314866481569942,1.708032935590037,2.5568137991007447,-0.00081708099405317536
337499.99999937136,36520.142391454567,-21070.778977489008,-12.027182882537629,1.5366758630966497,2.6633189860578583,-0.00076525728736799754
338399.99999947613,37823.530273531578,-18630.14923730804,-12.691305059951292,1.3587019029507335,2.758355580100889,-0.00071001895321213876
339299.99999989523,38964.050490526526,-16109.302805426902,-13.304259899934145,1.1748776932552798,2.8415143034603414,-0.00065159076059087659
340200,39936.792378023158,-13519.094800538185,-13.863283005216475,0.98599506340711274,2.912437084063535,-0.0005902115911033801
341100.00000010477,40737.567976181868,-10870.678974981311,-14.365830943360482,0.79286761353797797,2.9708185958388054,-0.00052613342017363094
342000.00000052387,41362.930047412672,-8175.4596391399573,-14.809592550688551,0.5963272013686185,3.0164075698912787,-0.00045962024199546489
342900.00000062864,41810.186897481981,-5445.0425090273611,-15.192499245748284,0.39722035123658384,3.0490078714143287,-0.00039094694292039658
343800.0000004191,42077.413936391313,-2691.1846875249935,-15.512734308184946,0.19640460082704869,3.0684793378498201,-0.00032039812838947261
344700.00000020955,42163.461928429169,74.255999173607449,-15.768741082600947,-0.0052551980879443315,3.0747383747902735,-0.00024826690891922967
345600,42067.961898043744,2839.3720837170226,-15.959230072766198,-0.20689060829397105,3.0677583073946306,-0.00017485365092074383
346500.0000004191,41791.326672806375,5592.2577574656434,-16.083184898877168,-0.40763335043964971,3.0475694861695133,-0.00010046469759288765
347400.00000020955,41334.749058362453,8321.0601391062555,-16.139867091612281,-0.60661904281417933,3.0142591469686675,-2.5411066515088492e-05
348300.00000031432,40700.196652184895,11014.030328297096,-16.128819706426459,-0.80299092420759044,2.9679710259314098,4.9992871047397925e-05
349200.0000004191,39890.403323545586,13659.573984047724,-16.049869742870044,-0.99590354091979627,2.9089047315758627,0.00012543072193576605
350099.99999989523,38908.857396190193,16246.301237022848,-15.903129362818399,-1.1845263840889673,2.8373148769090588,0.00020058540855059324
350999.99999968568,37759.7865825716,18763.075721015663,-15.688995904209516,-1.3680474617979561,2.7535099752972672,0.00027514050580882619
351899.99999979045,36448.139743945365,21199.062492232653,-15.408150694989583,-1.5456767892364707,2.6578511056689602,0.00034878157083637312
352799.99999989523,34979.565548173552,23543.77465472732,-15.061556675329101,-1.7166497838448316,2.5507503524122255,0.00042119745997502899
353699.99999968568,33360.388120147058,25787.118482323491,-14.650454842481899,-1.8802305503419465,2.432669026975244,0.00049208162681790076
354599.99999947613,31597.579789710941,27919.436844815504,-14.176359537895934,-2.0357150418239067,2.3041156788681985,0.00056113339543267262
355499.99999926658,29698.731058103269,29931.550748973466,-13.641052602435634,-2.1824340833242011,2.1656439049019736,0.00062805920296905089
356399.99999968568,27672.017907563699,31814.798823510231,-13.046576428472481,-2.3197562455823602,2.0178499657257452,0.00069257380642114951
357299.99999947613,25526.166601168814,33561.074572139689,-12.395225945364954,-2.4470905563917489,1.861370220321356,0.00075440144816110158
358199.99999989523,23270.416107760549,35162.861249512636,-11.689539572639729,-2.563889039116293,1.6968783881881009,0.00081327697593406418
359099.99999968568,20914.478342668866,36613.264185841763,-10.932289193089007,-2.6696490658305323,1.5250826529915995,0.00086894691204335306
359999.99999947613,18468.49635800032,37906.040451482979,-10.126469181710862,-2.7639155172820016,1.3467226172723215,0.00092117046884861468
360899.99999926658,15943.000694452225,39035.62570925914,-9.2752845510095359,-2.8462827386714831,1.1625661234902436,0.00096972050626307799
361799.99999905704,13348.864060382844,39997.158154767516,-8.3821382592533134,-2.9163962840349411,0.9734059532969328,0.0010143844289755947
362699.99999884749,10697.254541937757,40786.499435216465,-7.4506177402478917,-2.9739544412649539,0.78005641969594708,0.0010549650209252354
363599.99999863794,7999.5875394709401,41400.25245913105,-6.4844807100965802,-3.0187095313585321,0.58334986612951578,0.0010912812155433756
364499.99999874271,5267.4766390025316,41835.776018451979,-5.4876403102076416,-3.0504689761081032,0.38413308752360287,0.0011231688007627492
365399.99999853317,2512.6836354471775,42091.196159487372,-4.4641496477650016,-3.0690961295036403,0.18326368892379771,0.0011504810584420024
366299.99999895226,-252.93210161587297,42165.41425599646,-3.4181857838431822,-3.0745108693058363,-0.018393604513365504,0.0011730893387523781
367199.99999905704,-3017.4646622549531,42058.111743874739,-2.3540332422998129,-3.0666899456718255,-0.21997066752019617,0.0011908835699163134
368099.99999853317,-5769.0128534042178,41769.751500969098,-1.2760670813122856,-3.0456670854460328,-0.4205997118649018,0.0012037727049828734
368999.99999832362,-8495.7314372960409,41301.575860616009,-0.18873559137552179,-3.011532851081876,-0.61941702305488888,0.001211685106890855
369899.99999842839,-11185.882118764399,40655.601270582192,0.90345732060724482,-2.9644342548361364,-0.81556667964110341,0.0012145688734887623
370799.99999884749,-13827.88408926684,39834.609616572459,1.9959700187050615,-2.9045741294252765,-1.0082042410516452,0.0012123921042177395
371699.99999832362,-16410.363888805499,38842.136248788491,3.0842412367430145,-2.8322102577531378,-1.1965003864341126,0.0012051431096545585
372599.99999842839,-18922.204390559953,37682.454755817125,4.1637083458795816,-2.7476542647627702,-1.3796444901246356,0.0011928305647059174
373499.99999821885,-21352.592657371279,36360.558566215062,5.229825723901925,-2.6512702771267822,-1.5568481152648306,0.0011754836057138889
374399.9999980093,-23691.066516358373,34882.139435697783,6.2780831980083782,-2.5434733548909616,-1.7273484141407629,0.0011531518706173059
375299.99999779975,-25927.559604725982,33253.562930777443,7.3040244900372464,-2.4247277030909586,-1.8904114170004858,0.001125905480686684
376199.9999975902,-28052.444717162263,31481.841003538859,8.303265621284595,-2.2955446702334523,-2.0453351967359801,0.0010938349611095334
377099.99999738066,-30056.575256612399,29574.601781263766,9.2715132158418943,-2.156480542701892,-2.1914528947315213,0.0010570510969220351
377999.99999779975,-31931.324613469245,27540.056698635763,10.204582644385917,-2.0081341444927157,-2.3281355948907163,0.0010156847198456204
378899.99999727588,-33668.623296532474,25386.96512148371,11.098415940975471,-1.8511442532857547,-2.4547950327580912,0.00096988642113967597
379799.99999675201,-35260.993669152231,23124.596599827611,11.949099430798181,-1.6861868430813287,-2.5708861288812068,0.00091982618477458203
380699.99999685679,-36701.58212121707,20762.69093497792,12.752880985285456,-1.5139721670997732,-2.6759093339479652,0.00086569293595431919
381599.99999664724,-37984.188549936473,18311.416224569843,13.506186831363511,-1.3352416931450206,-2.7694127763724055,0.00080769399975997983
382499.99999675201,-39103.293026887441,15781.325056592328,14.20563783470929,-1.1507649041730139,-2.8509942033920002,0.00074605446528026333
383399.99999685679,-40054.079524200322,13183.309063739855,14.848065163403922,-0.96133597974506235,-2.9203027064666762,0.00068101645239902417
384299.99999727588,-40832.456608342422,10528.552020075451,15.430525248515645,-0.76777037189691344,-2.9770402244249428,0.00061283827891091323
385199.99999769498,-41435.075010397952,7828.4816870324075,15.950313950068232,-0.57090129075707663,-3.0209628178913861,0.00054179352760707147
386099.99999779975,-41859.341998375501,5094.7206173129616,16.404979838709341,-0.37157611532459905,-3.0518817097918984,0.00046817001457838316
386999.99999790452,-42103.432491232314,2339.0361289191128,16.79233650541234,-0.17065274503933042,-3.0696640878053021,0.00039226866169607465
387899.99999769498,-42166.296868380923,-426.71033153066071,17.110473814549689,0.031004091771293658,-3.0742336656847367,0.00031440227801356766
388799.99999811407,-42047.66544355845,-3190.6142277950785,17.357768022270779,0.23252655732781952,-3.0655710014897424,0.00023489425602875102
389699.99999821885,-41748.04958508633,-5940.7791385916053,17.532890684996779,0.43304743447263289,-3.0437135717308728,0.00015407719087098777
390599.99999863794,-41268.739479373158,-8665.3679326474248,17.634816294830454,0.63170385323319411,-3.0087556014979464,7.2291430430125762e-05
391499.99999905704,-40611.798548730607,-11352.653672548598,17.662828581904936,0.82764099639019695,-2.9608476516559317,-1.0116433336411814e-05
392399.99999853317,-39780.054550634988,-13991.070036680323,17.616525436503228,1.0200157688769365,-2.9001959653276583,-9.2795121880250733e-05
393299.9999980093,-38777.087392173205,-16569.261059601617,17.49582241118128,1.2080004166870564,-2.827061576319021,-0.00017539026623174378
394199.99999779975,-37607.213721150227,-19076.129947677739,17.300954773236789,1.3907860778300922,-2.7417591841117566,-0.00025754603017576693
395099.99999727588,-36275.46835654325,-21500.8867841387,17.032478088348963,1.5675862520796922,-2.6446558000784433,-0.00033890675043313077
395999.99999706633,-34787.582633862417,-23833.09492276661,16.691267323456032,1.737640175180641,-2.5361691704519811,-0.00041911858350966751
396899.99999654246,-33149.959768708672,-26062.715852654943,16.278514469679223,1.9002160819590594,-2.4167659835421911,-0.00049783114844566961
397799.99999664724,-31369.647330858414,-28180.152366457944,15.795724690365235,2.0546143464124156,-2.2869598678333882,-0.00057469915659215853
398699.99999675201,-29454.306962500988,-30176.289823629279,15.244711014260313,2.2001704838495697,-2.1473091905527824,-0.00064938401839604643
399599.99999654246,-27412.181452026576,-32042.535357078123,14.627587593646085,2.3362580042694221,-1.9984146646297034,-0.00072155541941437413
400499.99999633292,-25252.059314026621,-33770.854839735097,13.946761561661406,2.4622911037968076,-1.840916774787601,-0.00079089285690076287
401399.99999643769,-22983.237026789302,-35353.807454897578,13.204923528098883,2.5777271829425383,-1.6754930335240166,-0.00085708712944928503
402299.99999622814,-20615.479085963118,-36784.57772506983,12.405036758611439,2.6820691811926234,-1.5028550782507613,-0.00091984177275118793
403199.99999633292,-18158.97603510648,-38057.004866223113,11.5503250856049,2.7748677182664983,-1.3237456210043395,-0.00097887443513401825
404099.99999612337,-15624.300673855911,-39165.609327348968,10.644259615443879,2.8557230318134819,-1.1389352650535221,-0.0010339181862192945
404999.9999955995,-13022.362601410017,-40105.616417681958,9.6905442846254743,2.9242867043611573,-0.94921919960295809,-0.0010847227538398952
405899.99999570427,-10364.361310793496,-40872.976905450741,8.6931003394851576,2.980263170927087,-0.75541378802305592,-0.0011310556834464251
406799.99999580905,-7661.7380359094059,-41464.384501699824,7.6560498123417107,3.0234110008226258,-0.55835306408373786,-0.0011727034153191068
407699.99999591382,-4926.1265332408948,-41877.290159242853,6.5836980609409581,3.0535439483417606,-0.35888514923661596,-0.00120947227563957
408599.99999570427,-2169.3030333382485,-42109.913114901457,5.4805154598217785,3.0705317668550283,-0.15786860791692592,-0.0012411893769874046
409499.99999518041,596.86443545491409,-42161.248629838956,4.351118322153523,3.0743007827477147,0.043831244499345799,-0.0012677034249226516
410399.99999528518,3360.467132291255,-42031.072391393383,3.2002491384052192,3.064834226252187,0.24534606520971552,-0.0012888854274287881
411299.99999538995,6109.6068685094988,-41719.941556050217,2.0327562247243312,3.0421723174013873,0.44580822225320987,-0.001304629304363954
412199.99999549473,8832.4472486555223,-41229.192427027112,0.85357286477105421,3.0064121063418754,0.64435453269894594,-0.0013148523947027913
413099.9999955995,11517.264653775197,-40560.934773690438,-0.33230395674903446,2.9577070682584981,0.84012998361300473,-0.0013194958594591371
413999.99999538995,14152.498749371785,-39718.042816062261,-1.5198351352857815,2.896266454352157,1.0322914198150079,-0.001318524978783168
414899.99999549473,16726.802301860542,-38704.142910913783,-2.7039612476440902,2.8223544013046657,1.2200111824996056,-0.0013119293421134744
415799.99999591382,19229.090084863768,-37523.59799160633,-3.879624475338562,2.7362888028405781,1.4024806825812746,-0.0012997229306902125
416699.99999633292,21648.586663565286,-36181.48882792901,-5.0417905531653204,2.6384399480620218,1.5789138930937663,-0.0012819440922039152
417599.99999612337,23974.872853093282,-34683.592183972869,-6.1854706475832355,2.5292289321351387,1.7485507455197973,-0.0012586554077679676
418499.99999591382,26197.930649345668,-33036.355965732779,-7.3057430685944844,2.4091258459471785,1.9106604150919941,-0.0012299434518276973
419399.99999633292,28308.186426466575,-31246.871472293453,-8.3977747140876708,2.2786477530157359,2.0645444797947126,-0.0011959184462424584
420299.99999612337,30296.552222274564,-29322.842866397859,-9.4568421562606577,2.1383564621189075,2.2095399397752864,-0.0011567138100907119
421199.99999654246,32154.464941187365,-27272.553984976345,-10.478352282295972,1.98885610450743,2.3450220844856249,-0.0011124856069767832
422099.99999664724,33873.923276369766,-25104.832659238862,-11.457862383617803,1.830790528175221,2.4704071928648634,-0.0010634118928419965
422999.99999675201,35447.522222240143,-22829.012669154788,-12.391099621965898,1.6648405184361101,2.5851550569600223,-0.0010096919666026959
423899.99999717111,36868.48500587482,-20454.893517115783,-13.273979775232711,1.4917208584583974,2.6887713163057416,-0.00095154552736019602
424799.99999696156,38130.692303988391,-17992.698193419707,-14.102625182972236,1.3121772425475329,2.7808095932001451,-0.00088921174194185875
425699.99999738066,39228.708627569984,-15453.029099828589,-14.873381818401244,1.1269830545198154,2.8608734201751012,-0.00082294822650795627
426599.99999779975,40157.805742405639,-12846.822354940141,-15.582835400574684,0.93693602771325124,2.9286179499892864,-0.00075302994758610507
427499.99999790452,40913.983043486383,-10185.300643824528,-16.227826488396996,0.74285479871667703,2.9837514421425659,-0.00067974804654309239
428399.9999980093,41493.984783045955,-7479.9248375968273,-16.805464482502487,0.54557537150517521,3.0260365186194784,-0.00060340859326460839
429299.99999779975,41895.314080280194,-4742.3445959247674,-17.31314047413403,0.34594750773605804,3.0552911836725887,-0.00052433127472804463
430199.99999790452,42116.243657221414,-1984.3481476681052,-17.748538889017315,0.14483105764529433,3.0713896036897337,-0.00044284802379786198
431099.99999769498,42155.823250276146,782.18850642900065,-18.109647870112656,-0.056907750484481927,3.0742626435887979,-0.00035930159512306234
431999.99999811407,42013.883670365161,3545.3527827654439,-18.394768359933508,-0.2584000485470852,3.0638981579193261,-0.00027404409351986447
432899.99999790452,41691.037492888259,6293.2468314094212,-18.602521836780202,-0.45877807513296848,3.0403410354769989,-0.0001874354626932228
433799.99999738066,41188.676376470525,9014.0388056369829,-18.731856677752496,-0.65717891752958058,3.0036929975458522,-9.9841939625913489e-05
434699.99999717111,40508.965023280252,11696.013824755695,-18.782053116547129,-0.85274823020460888,2.9541121509025698,-1.1634482709096091e-05
435599.99999727588,39654.831809293595,14327.624427178578,-18.752726777641925,-1.0446439149451363,2.8918122978568688,7.6812819856099767e-05
436499.99999675201,38629.956126977318,16897.540292678281,-18.643830772179314,-1.2320397465464972,2.8170620066275056,0.00016512435414921012
437399.99999654246,37438.752490129169,19394.697033842847,-18.455656346626402,-1.4141289295171564,2.7301834458745771,0.00025292459042714697
438299.99999696156,36086.351479724995,21808.343820421374,-18.188832083078719,-1.5901275686486971,2.6315509893171374,0.00033983969073121326
439199.99999706633,34578.577611908557,24128.089646932982,-17.844321657039419,-1.7592780397332093,2.5215895965121136,0.00042549910749100262
440099.99999654246,32921.924214954168,26343.948057485359,-17.423420161516471,-1.9208522469956535,2.4007729762614809,0.00050953716645766635
440999.99999664724,31123.525435502837,28446.380113922456,-16.927749017077673,-2.0741547517998113,2.2696215415275907,0.00059159462611672691
441899.99999643769,29191.125496302706,30426.335428627812,-16.35924949296351,-2.2185257597685255,2.1287001648464026,0.00067132020678735231
442799.99999685679,27133.045323146416,32275.291102930012,-15.720174865103203,-2.3533439548986825,1.978615742864694,0.00074837208327606852
443699.99999696156,24958.146708189204,33985.288378500576,-15.013081253782724,-2.4780291668079086,1.8200145822028784,0.00082241933346363508
444599.99999706633,22675.794136975688,35548.96687257052,-14.240817175012586,-2.5920448618729099,1.6535796159050999,0.00089314333758068443
445499.99999717111,20295.814469702687,36959.596226053902,-13.406511861287424,-2.6949004459675665,1.4800274643148028,0.00096023912108306143
446399.99999696156,17828.454632077981,38211.105045929085,-12.513562399200064,-2.7861533703057071,1.3001053516192695,0.0010234166360662863
447299.99999706633,15284.33749960615,39298.107013561174,-11.565619742207076,-2.8654110311695469,1.1145878913559655,0.0010824019756833733
448199.99999779975,12674.416176660336,40215.924041862541,-10.566573665630974,-2.9323324550988215,0.92427375542876622,0.0011369385163223476
449099.99999821885,10009.926855576225,40960.606389414112,-9.5205367270771131,-2.986629762927496,0.72998223998841238,0.0011867879833861829
449999.9999980093,7302.340455093843,41528.94964451233,-8.4318273016427803,-3.0280694063778215,0.53254974254651855,0.0012317314367009619
450899.99999842839,4563.3132483519294,41918.50850358123,-7.3049517668281938,-3.0564731717256026,0.33282616547942323,0.001271570172015454
451799.99999884749,1804.6367080299995,42127.607283173944,-6.144585920668141,-3.0717189460954772,0.13167126234632956,0.0013061265355426485
452699.99999832362,-961.81324183722427,42155.34712601942,-4.9555557020080387,-3.0737412434600224,-0.070049059322965498,0.0013352446497521761
453599.99999842839,-3724.1273436947913,42001.609864903432,-3.7428172957055974,-3.0625314876278287,-0.27146646261140917,0.0013587910485959895
454499.99999853317,-6470.4142488535581,41667.058528720074,-2.51143671609884,-3.0381380509750819,-0.47171391542787539,0.0013766552209594617
455399.99999895226,-9188.8517045392764,41153.134488360156,-1.2665689341189215,-3.0006660486218495,-0.66992942133779287,0.0013887500623720082
456299.99999842839,-11867.737432498554,40462.051254345541,-0.013436645151076213,-2.9502768887727804,-0.86525972862867029,0.0013950122348129125
457199.99999884749,-14495.53951212114,39596.78494695558,1.242691254429134,-2.8871875805720704,-1.0568640040096333,0.0013954024354326765
458099.99999863794,-17060.946001466808,38561.061491581917,2.4965213771988317,-2.8116698031479448,-1.2439174515036144,0.0013899055751182387
458999.99999905704,-19552.913650873728,37359.340574466674,3.7427576928848434,-2.7240487382402381,-1.4256148658945689,0.0013785308683602934
459899.99999916181,-21960.715427031442,35996.796450508009,4.9761234011770688,-2.6247016729347394,-1.6011741000781687,0.0013613118359080247
460799.99999926658,-24273.986706479431,34479.29566066937,6.1913827824785272,-2.5140563765543376,-1.7698394359134457,0.0013383062216487636
461699.99999968568,-26482.769893892106,32813.371772514685,7.3833629280490314,-2.3925892598630916,-1.9308848405855246,0.0013095958252200841
462599.99999947613,-28577.557286012961,31006.197250085759,8.5469752804590371,-2.2608233242374713,-2.0836170952381936,0.0012752862515938539
463499.99999926658,-30549.332013761879,29065.552558068026,9.6772369199821124,-2.1193259084031872,-2.2273787834655199,0.0012355065781252293
464399.99999937136,-32389.606853698209,26999.792657332862,10.769291505911815,-1.9687062441789649,-2.3615511242271165,0.0011904089398465864
465299.99999884749,-34090.460762935996,24817.811021503629,11.818429810697666,-1.8096128307113546,-2.485556638338752,0.0011401680326633618
466199.99999895226,-35644.572979178185,22529.00132504481,12.820109773442264,-1.642730638249174,-2.5988616367945907,0.0010849805337272702
467099.99999937136,-37045.254520953815,20143.216991231595,13.769975987181304,-1.4687781553085775,-2.7009785187195008,0.0010250644385616156
467999.99999979045,-38286.476973134726,17670.7287494593,14.663878557062272,-1.2885042902815753,-2.7914678704269176,0.0009606583131568083
468899.9999995809,-39362.89842028758,15122.180401800751,15.497891244503853,-1.102685142250708,-2.8699403554574321,0.00089202046011966545
469799.99999937136,-40269.886422613745,12508.542979158841,16.268328823765891,-0.91212065436949563,-2.9360583878693651,0.00081942799745004385
470699.99999916181,-41003.537928776001,9841.0675012240863,16.971763566774442,-0.71763116565039275,-2.9895375810732552,0.00074317584959510217
471599.9999995809,-41560.69604775546,7131.2365290686648,17.605040782383384,-0.52005387515364587,-3.0301479665881388,0.00066357565021082931
472499.99999937136,-41938.963603457378,4390.7147349228571,18.165293326759603,-0.32023923516490999,-3.0577149772675858,0.00058095455772616252
473399.99999916181,-42136.71341963399,1631.2986772932893,18.649955012716404,-0.11904728727552337,-3.0721201913335348,0.00049565398464746261
474299.99999895226,-42153.095285028961,-1135.1339666409749,19.056772833900485,0.082656040102256786,-3.073301833771545,0.0004080282444781568
475199.99999905704,-41988.039575811454,-3896.6755201886458,19.383817937457696,0.28400265872436437,-3.0612550336572619,0.00031844311950149454
476099.99999979045,-41642.257518872335,-6641.4395428237322,19.629495273379295,0.48412605479691584,-3.0360318364834553,0.00022727435517180545
476999.99999989523,-41117.238097780362,-9357.6119655770763,19.792551858320856,0.68216501472211244,-2.9977409718985877,0.00013490608750051715
477899.99999968568,-40415.241613379738,-12033.501918167882,19.872083597327851,0.8772673271780187,-2.9465473780104783,4.1729210594983577e-05
478799.99999947613,-39539.289930449449,-14657.592009798855,19.867540611780395,1.0685934442620648,-2.8826714848132582,-5.1860306493157265e-05
479699.99999895226,-38493.15345500211,-17218.587855790491,19.778731033447379,1.2553200866853527,-2.8063882602301482,-0.00014546314459021022
480599.99999905704,-37281.33489275958,-19705.466653095245,19.605823230717448,1.4366437788429256,-2.7180260226636124,-0.00023867839164243624
481499.99999916181,-35909.049871399991,-22107.524565947646,19.349346443505624,1.6117842965767506,-2.6179650262370497,-0.00033110532108279902
482399.99999926658,-34382.204496528597,-24414.422754552023,19.010189810827892,1.7799880157006625,-2.5066358239389293,-0.00042234518226603508
483299.99999937136,-32707.369948811873,-26616.231824402377,18.589599786303079,1.9405311453420744,-2.3845174165576277,-0.00051200299167366691
484199.99999916181,-30891.754226630277,-28703.474518579398,18.089175944785307,2.0927228334249381,-2.2521351950123836,-0.00059968931511842185
485099.99999863794,-28943.171154485728,-30667.166470224882,17.510865192292417,2.2359081312388374,-2.1100586847863485,-0.00068502203098862614
485999.99999842839,-26870.006793400491,-32498.854836913597,16.856954401672596,2.3694708043530999,-1.9588991022797533,-0.00076762806475340025
486899.99999853317,-24681.183395450335,-34190.654654872735,16.130061503760047,2.4928359782927125,-1.7993067332824308,-0.00084714508566011907
487799.99999895226,-22386.12105592226,-35735.282758185407,15.333125071925817,2.605472607882358,-1.6319681445494179,-0.00092322315693275502
488699.99999937136,-19994.69722501381,-37126.089118777556,14.469392445044868,2.7068957599007883,-1.4576032400433772,-0.00099552633130143122
489599.99999947613,-17517.20425174827,-38357.085472033497,13.542406441567502,2.7966686993002212,-1.2769621741666717,-0.0010637341841227288
490499.99999989523,-14964.305143133248,-39422.971103817785,12.55599072492334,2.8744047699919819,-1.0908221350455811,-0.0011275432768207876
491399.99999968568,-12346.987730958896,-40319.155687368351,11.514233887643323,2.9397690620725152,-0.89998401160723451,-0.0011866685438880792
492299.99999947613,-9676.5174259592295,-41041.779077509302,10.421472319593725,2.9924798586965822,-0.70526895727085603,-0.0012408445976195219
493199.99999926658,-6964.3887813005367,-41587.727967485705,9.2822719450607067,3.0323098555982257,-0.50751486616943053,-0.0012898269443406155
494099.99999968568,-4222.2760588777965,-41954.649341833247,8.1014089054268936,3.0590871482646,-0.30757277576453246,-0.0013333931072378364
495000.00000010477,-1461.9830169901816,-42140.960663980819,6.8838492767149937,3.0726959821129491,-0.10630321157751998,-0.0013713436508653659
495900.00000020955,1304.6078743892749,-42145.856754554887,5.6347279086907074,3.0730772622470841,0.095427511103133175,-0.001403503103163043
496799.99999968568,4065.586566807599,-41969.313327279589,4.3593264821713209,3.0602288201404373,0.29675101234362627,-0.0014297207710083286
497699.99999979045,6809.0666989298561,-41612.087165355864,3.0630508803333507,3.0342054357411898,0.49680058384997927,-0.0014498714459571188
498600.00000020955,9523.2367589249534,-41075.712938023178,1.7514079814728503,2.9951186147122626,0.69471491927717022,-0.0014638559971584489
499500.00000062864,12196.410950042829,-40362.496667180058,0.42998196344809808,2.9431361212607481,0.88964182443916195,-0.0014716018492473761
500400.0000004191,14817.079523122864,-39475.505870046174,-0.89558976798973366,2.8784812681933354,1.0807418901394246,-0.0014730633430469421
501300.00000052387,17373.958363345231,-38418.556417901957,-2.2196409230375331,2.801431966875005,1.2671921120167575,-0.0014682219776344643
502200.00000031432,19856.037605750254,-37196.196170806252,-3.5365008308095884,2.7123195412395105,1.4481894408293248,-0.0014570865328206964
503100.00000010477,22252.629091256531,-35813.685449022269,-4.8405190049014148,2.6115273100899614,1.6229542492785347,-0.0014396930715441171
504000.00000020955,24553.412438346881,-34276.974430250528,-6.1260896537837706,2.4994889440300874,1.7907336987800377,-0.0014161048221819279
504900.00000062864,26748.479535372186,-32592.677568904244,-7.3876760303767322,2.3766866039253793,1.9508049917392771,-0.0013864119413599936
505800.00000073342,28828.37726626611,-30768.045142677518,-8.6198345170488135,2.2436488684909799,2.1024784954466016,-0.0013507311582345387
506700.00000052387,30784.148279269888,-28810.932050247116,-9.8172383376487549,2.1009484600004393,2.2451007234671012,-0.0013092053017986576
507600.00000094296,32607.369621787257,-26729.763993713146,-10.974700792494133,1.9491997778630941,2.378057161386677,-0.0012620027132568907
508500.00000073342,34290.18906405208,-24533.501203669464,-12.087197907917782,1.789056251628846,2.5007749237513992,-0.0012093165463205012
509400.00000052387,35825.358980148732,-22231.599832947937,-13.149890417564993,1.6212075226948717,2.6127252323953152,-0.0011513639577820178
510300.00000031432,37206.267605571913,-19833.971223103075,-14.158144957592203,1.4463764697119612,2.7134257027728887,-0.0010883851927407687
511199.99999979045,38426.967557688986,-17350.939196358944,-15.107554396272908,1.2653160889742758,2.8024424298361672,-0.0010206425679710289
512099.99999989523,39482.201490606916,-14793.19555882165,-15.993957206275269,1.0788062435130339,2.8793918639423728,-0.00094841935786480359
513000,40367.424765273347,-12171.754024469166,-16.813455788080795,0.88765029636238268,2.9439424679905151,-0.00087201858830189712
513899.99999979045,41078.825046807557,-9497.9027404097524,-17.562433671549353,0.69267164136243808,2.9958161492930677,-0.00079176174323431197
514800.00000020955,41613.338739281964,-6783.1556234687387,-18.237571516911213,0.49471014702724248,3.0347894595951495,-0.00070798738975544307
515700.00000062864,41968.664183394103,-4039.2027383306659,-18.835861839963957,0.29461853047645847,3.060694557799295,-0.00062104972830161588
516600.00000073342,42143.271568221404,-1277.8599038172633,-19.354622404729774,0.093258675241408157,3.0734199318666358,-0.00053131707351725111
517500.00000052387,42136.409508855395,1488.9822392272592,-19.791508219482992,-0.10850208983575758,3.0729108764420472,-0.00043917027290271547
518400.00000031432,41948.108263300106,4249.4094736009838,-20.144522083117888,-0.3097947340363576,3.0591697243551077,-0.00034500107036087153
519300.0000004191,41579.179576407761,6991.5353532321633,-20.412023637358494,-0.50975227493661557,3.0322558312240915,-0.00024921042151740749
520200.00000052387,41031.213152557495,9703.5524208059305,-20.592736883404829,-0.70751351828894615,2.9922853134283356,-0.00015220676854343327
521100.00000062864,40306.569771927563,12373.783086412062,-20.685756131136944,-0.90222677225862136,2.9394305406900898,-5.4404281636725242e-05
522000.00000104774,39408.371082183497,14990.729935277514,-20.69055035308994,-1.0930535190266841,2.8739193857569494,4.3778924697375034e-05
522900.00000083819,38340.486112237348,17543.125249378874,-20.606965924855551,-1.2791720280204961,2.7960342347646479,0.00014192259278262022
523800.00000062864,37107.514562204196,20019.979542190071,-20.435227739306875,-1.4597808961184078,2.7061107624064538,0.00023960613291784249
524700.00000104774,35714.766950071542,22410.628876840539,-20.175938689577652,-1.6341024980919936,2.6045364779566893,0.00033641043581998458
525600.00000083819,34168.241699053382,24704.780776647942,-19.830077523558661,-1.8013863333991222,2.4917490484394595,0.00043191967888373607
526500.00000031432,32474.599259610033,26892.558536931727,-19.398995077359604,-1.960912255463537,2.3682344059508575,0.00052572311864057932
527400.0000004191,30641.133386427464,28964.543733309587,-18.884408905227897,-2.1119935686010534,2.2345246480449115,0.00061741686100834792
528300.00000083819,28675.739697322802,30911.816746167577,-18.288396330562239,-2.253979979558562,2.0911957405597379,0.00070660560164648265
529200.00000125729,26586.881639162057,32725.995140533043,-17.613385945078637,-2.3862603920731789,1.9388650320998662,0.00079290432940060378
530100.00000167638,24383.554014398665,34399.269726720238,-16.862147594309853,-2.5082655318605434,1.7781885914453406,0.000875939985002987
531000.00000209548,22075.244229419819,35924.438145999178,-16.037780894353553,-2.6194703908258021,1.6098583796839296,0.00095535306773132807
531900.00000251457,19671.891425529386,37294.935843676016,-15.143702327732287,-2.7193964806164357,1.4345992688089615,0.0010307991833428966
532800.00000230502,17183.843673332845,38504.864293424936,-14.183630975891113,-2.8076138857403414,1.2531659199517771,0.0011019505264144224
533700.0000024098,14621.813407001409,39549.016356480919,-13.161572947244442,-2.8837431079080162,1.0663395340783504,0.001168497290948394
534600.00000188593,11996.831306041993,40422.898659740385,-12.081804574389722,-2.9474566932790691,0.87492449022617635,0.0012301490027613042
535500.0000019907,9320.1987989063346,41122.750908068949,-10.948854443837776,-2.9984806365573777,0.67974488390702803,0.0012866357686584348
536400.0000024098,6603.4394213159821,41645.562037071802,-9.7674843474748201,-3.0365955552017119,0.48164098255067211,0.0013377094364170929
537300.00000251457,3858.2492137725253,41989.083147135534,-8.5426692281307925,-3.0616376295166234,0.28146561131881181,0.0013831446614055594
538200.00000230502,1096.44637563929,42151.837159075316,-7.2795762068623819,-3.0734993043299506,0.080080485007220564,0.0014227398753041132
539100.00000178115,-1670.0795935164278,42133.125148785257,-5.983542788506063,-3.0721297491820527,-0.12164749728293221,0.0014563181528698893
540000.00000157161,-4429.4190653244286,41933.029336630192,-4.6600543306009383,-3.0575350752624,-0.32284998026346862,0.001483727973756249
540900.0000019907,-7169.6935349811665,41552.412717160267,-3.3147208770099019,-3.0297783080203917,-0.52266088660548338,0.0015048438764127831
541800.00000178115,-9879.1067321105493,40992.91533322991,-1.9532534559906383,-2.9889791157003929,-0.72022014102078835,0.0015195670019043318
542700.00000157161,-12545.995399816937,40256.947204649361,-0.58143992800961297,-2.9353132944678331,-0.91467737051785336,0.0015278255261585573
543600.00000136206,-15158.879479150963,39347.677947704127,0.79487949359152055,-2.8690120126830538,-1.1051955617673146,0.0015295749791915296
544500.00000146683,-17706.511516704166,38269.02312564649,2.1698369635026324,-2.7903608171369267,-1.2909546623577239,0.0015247984510188206
545400.00000157161,-20177.925068390803,37025.627390761452,3.5375618575767578,-2.6996984055440549,-1.4711551094382369,0.0015135066841014465
546300.00000167638,-22562.481899541686,35622.844486864225,4.8922056606609017,-2.5974151701839134,-1.6450212711879799,0.0014957380527553295
547200.00000178115,-24849.917769281277,34066.714201406343,6.2279667829835592,-2.4839515190604691,-1.8118047856332824,0.0014715584304064947
548100.00000220025,-27030.386608793779,32363.936362894321,7.5391152083910828,-2.3597959814316756,-1.9707877828788334,0.0014410609459282648
549000.00000261934,-29094.502898754836,30521.841997411932,8.8200168728996644,-2.2254831058905351,-2.121285976471603,0.0014043656306616434
549900.0000024098,-31033.382065788304,28548.361766558897,10.065157677474907,-2.0815911598186001,-2.2626516106509622,0.001361618957938735
550800.00000282889,-32838.678728233092,26451.991816030048,11.269167042475942,-1.9287396395603398,-2.3942762509743147,0.0013129932769870138
551700.00000230502,-34502.622604749733,24241.757205166497,12.426840895837341,-1.7675866036927006,-2.5155934045675914,0.0012586861439266152
552600.00000178115,-36018.05196688744,21927.173035566586,13.533164026816001,-1.5988258379873463,-2.6260809611673812,0.0011989195512620734
553500.00000157161,-37378.444454287433,19518.203486711416,14.583331691327157,-1.4231838672502108,-2.7252634415660424,0.0011339390591471286
554400.0000019907,-38577.945142886689,17025.218908940988,15.572770396755184,-1.241416825057029,-2.8127140453050692,0.0010640128302602306
555300.0000024098,-39611.391734279532,14458.951173188389,16.497157773423847,-1.0543071960152905,-2.8880564878589974,0.00098943057117453271
556200.00000251457,-40474.336764210129,11830.447457910108,17.352441454919063,-0.86266044383040119,-2.950966619751568,0.00091050238255385252
557100.00000230502,-41163.066728377671,9151.022684074851,18.134856881902117,-0.66730154069732628,-3.0011738200945071,0.00082755752135158455
558000.00000178115,-41674.618046340416,6432.2107982674315,18.840943953912483,-0.46907141276932973,-3.0384621587277461,0.00074094307801712584
558900.00000188593,-42006.789794296303,3685.7151151070102,19.467562453810761,-0.26882331727768144,-3.0626713219132222,0.00065102257224846174
559800.00000230502,-42158.153151849772,923.35794094838184,20.011906171831772,-0.067419167661909904,-3.0736972976267016,0.00055817447152745785
560700.00000209548,-42128.057525217875,-1842.9703152597253,20.471515664738689,0.13427417811258113,-3.0714928178034597,0.00046279063660401845
561600.00000188593,-41916.633318666667,-4601.3623265022197,20.844289585866406,0.33538865004711571,-3.0560675556184926,0.00036527469896882863
562500.0000019907,-41524.791343737226,-7339.9450843099567,21.128494524026031,0.53505870155373281,-3.0274880772159669,0.00026604037690587049
563400.00000178115,-40954.218871421726,-10046.93098896272,21.322773302941652,0.73242503329417141,-2.98587754847058,0.00016550973586311447
564300.00000157161,-40207.372343057861,-12710.668570141475,21.426151692802314,0.92663828910191914,-2.9314151981578522,6.4111400365673174e-05
565200.00000136206,-39287.466774907261,-15319.692608443787,21.438043493066079,1.1168627072508372,-2.8643355403202158,-3.7721274338586299e-05
566100.00000178115,-38198.461901000032,-17862.773455179169,21.358253954870527,1.3022797123494887,-2.7849273593151778,-0.0001395520630563255
567000.00000188593,-36945.045119426832,-20328.965325737594,21.186981517813432,1.4820914315731397,-2.6935324625207735,-0.00024094375457341219
567900.0000019907,-35532.611307033549,-22707.653381684613,20.924817843398422,1.655524121894234,-2.5905442056330141,-0.00034146005049811911
568800.00000178115,-33967.239603034548,-24988.599370879016,20.572746137516216,1.8218314916657496,-2.4764057980493526,-0.00044066746850015523
569700.00000220025,-32255.667246440164,-27161.98566078873,20.132137759528899,1.9802979047450182,-2.3516083946517834,-0.00053813724172927381
570600.00000230502,-30405.260600626931,-29218.457444247961,19.60474713035104,2.1302414512885162,-2.2166889837874493,-0.00063344720354388138
571500.00000272412,-28423.983464654997,-31149.162973551556,18.992704950563468,2.2710168749484989,-2.072228078734855,-0.00072618364974374224
572400.00000251457,-26320.362833174473,-32945.791617534851,18.298509760172177,2.4020183417378158,-1.9188472244299859,-0.00081594316760564797
573300.0000019907,-24103.452226036898,-34600.609608200946,17.525017866070346,2.5226820410640247,-1.7572063282064927,-0.00090233442411549963
574200.00000209548,-21782.79276675835,-36106.493301028459,16.675431684985316,2.6324886063218176,-1.5880008274880204,-0.00098497990367060208
575100.00000220025,-19368.372169217429,-37456.95981740678,15.753286549195794,2.7309653456371032,-1.4119587058877863,-0.0010635175874407618
576000.0000019907,-16870.581794147292,-38646.194944956602,14.762436025726497,2.817688273854869,-1.229837369294029,-0.0011376025669338674
576900.00000178115,-14300.171978638557,-39669.078162636288,13.707035819139103,2.8922839361773076,-1.0424203965303136,-0.0012069085835851223
577800.00000220025,-11668.205818104165,-40521.204691505591,12.591526323449241,2.9544310162916667,-0.8505141774286743,-0.0012711294877962292
578700.0000019907,-8986.011608287572,-41198.90447257366,11.420613903047084,3.0038617218217185,-0.65494445319586259,-0.0013299806106055166
579600.00000178115,-6265.1341220472159,-41699.25799773373,10.199250971655649,3.0403629416823841,-0.45655277155831892,-0.0013832000425434039
580500.00000157161,-3517.2849751303597,-42020.10891144316,8.932614975656989,3.0637771692632496,-0.25619287497623688,-0.001430549812962632
581400.00000136206,-754.2922490561474,-42160.073340967268,7.6260863542534123,3.0740031882533767,-0.054727033957529314,-0.0014718169657145102
582300.00000146683,2011.9503870230058,-42118.545906517735,6.2852255836689785,3.070996517408902,0.14697765709486921,-0.0015068145258860001
583200.00000094296,4769.5348420889241,-41895.702387290083,4.9157494036214473,3.0547696123320924,0.34805300611369316,-0.0015353823535702268
584100.00000136206,7506.5898572944143,-41492.499028423335,3.5235063194316214,3.0253918229629959,0.54763345727416002,-0.0015573878811571706
585000.00000209548,10211.332087148627,-40910.668492715158,2.1144515065534786,2.982989106837739,0.74485981363159448,-0.0015727267304792066
585900.00000251457,12872.116831962172,-40152.712470581107,0.69462120520612658,2.9277434988616147,0.93888293571728876,-0.0015813232076065818
586800.00000261934,15477.488178529491,-39221.89097885826,-0.72989327152995498,2.8598923395894555,1.1288673983821707,-0.0015831306727977876
587700.00000303844,18016.228339550973,-38122.20839244622,-2.1529718062989214,2.7797272649872831,1.3139950905804958,-0.0015781317840149387
588600.00000282889,20477.405971574877,-36858.396270768484,-3.5684919042293828,2.6875929619725181,1.4934687419641508,-0.0015663386128983692
589500.00000293367,22850.423282163596,-35435.893042718671,-4.9703551737301712,2.5838856941712431,1.6665153623767133,-0.0015477926325588437
590400.00000272412,25125.061694331216,-33860.820648961038,-6.352513730003305,2.469051604921404,1.832389577193672,-0.0015225645772160234
591300.00000251457,27291.525898007603,-32139.958227495317,-7.7089964218064333,2.3435848036350979,1.9903768459279747,-0.0014907541740764483
592200.00000230502,29340.486077071091,-30280.712965789189,-9.0339347551029245,2.2080252443914477,2.1397965484935928,-0.0014524897486183684
593100.00000209548,31263.11814230444,-28291.088235408508,-10.32158840847767,2.0629564051290785,2.2800049265537217,-0.0014079277047561649
594000.00000220025,33051.141786111308,-26179.649152556678,-11.566370222960717,1.9090027778470877,2.4103978663129628,-0.0013572518821453521
594900.0000019907,34696.856196594927,-23955.485711720041,-12.762870558452416,1.7468271805359299,2.5304135106976329,-0.0013006727933293676
595800.00000178115,36193.173281483621,-21628.173642949969,-13.905880914297498,1.5771279018384117,2.63953468981172,-0.0012384267437381608
596700.00000220025,37533.648247437479,-19207.733172579352,-14.990416703615891,1.4006356916087304,2.7372911582047581,-0.0011707748385382162
597600.00000230502,38712.507405220596,-16704.585864343993,-16.011739083301492,1.2181106103624968,2.8232616293222064,-0.0010980018805922284
598500.0000024098,39724.673086218419,-14129.509713791313,-16.965375749336847,1.0303387503401082,2.8970755986221866,-0.0010204151638684058
599400.00000282889,40565.785550888009,-11493.592709385885,-17.847140597156464,0.83812884388431452,2.9584149465091216,-0.00093834316803446515
600300.00000293367,41232.221800680752,-8808.1850514662056,-18.653152165544071,0.64230877322887769,3.0070153145184215,-0.00085213415962731868
601200.00000272412,41721.111211609066,-6084.850231509261,-19.379850783508179,0.44372199663309564,3.042667248698808,-0.00076215470570581455
602100.00000314321,42030.347918345062,-3335.315191078178,-20.024014341522093,0.24322390703938476,3.0652171049502082,-0.00066878810666478889
603000.00000356231,42158.599896023741,-571.41978400250275,-20.582772616440803,0.041678139739073479,3.0745677124389639,-0.00057243275531026702
603900.00000335276,42105.314703612799,2194.9342623876046,-21.053620092319367,-0.16004715649185214,3.0706787924590473,-0.00047350042856248641
604800.00000282889,41870.721859992722,4951.8346477243467,-21.434427214936708,-0.36108306716471428,3.0535671306677123,-0.00037241451981607143
605700.00000261934,41455.831844721106,7687.4098391295956,-21.723450030983141,-0.56056366243060762,3.0233065021696519,-0.00026960821966679469
606600.0000024098,40862.431729291995,10389.880232342044,-21.919338169882359,-0.75762973385871513,2.9800273499571381,-0.00016552265284583187
607500.00000188593,40093.077456284635,13047.608919994564,-22.021141132844928,-0.95143250194222084,2.923916218079178,-6.0604979164822436e-05
608400.0000019907,39151.082800794786,15649.151837934423,-22.028312859152379,-1.1411372775123449,2.8552149421701163,4.4693532920361087e-05
609300.0000024098,38040.505066204802,18183.307067642349,-21.940714549529442,-1.3259270607860145,2.7742196012698437,0.00014991945151691499
610200.00000251457,36766.127571710997,20639.163098695855,-21.758615733705799,-1.505006063684649,2.6812792352685508,0.00025461913749633098
611100.00000293367,35333.439009013426,23006.145833773429,-21.482693575173172,-1.6776031395223496,2.5767943337722179,0.00035834070286538472
612000.00000272412,33748.609765664965,25274.06412303089,-21.114030416775446,-1.8429751045028888,2.4612151036518126,0.0004606359623508412
612900.00000282889,32018.465302926008,27433.153657930823,-20.654109573860524,-2.0004099386431284,2.3350395218328841,0.00056106237090145145
613800.00000261934,30150.456725061867,29474.119001989264,-20.104809396367315,-2.1492298499272238,2.1988111834562254,0.00065918493726101668
614700.00000272412,28152.62864339738,31388.173612770992,-19.468395618660647,-2.2887941911228333,2.0531169530785389,0.00075457810695107451
615600.00000220025,26033.584502006808,33167.077649265331,-18.747512036368029,-2.4185022143207529,1.8985844312046769,0.00084682760498584677
616500.00000230502,23802.449482628599,34803.173437061843,-17.945169539504413,-2.5377956539851305,1.7358792448329623,0.00093553223209415465
617400.00000178115,21468.831187679651,36289.41840322363,-17.064733560330374,-2.64616112490289,1.5657021766049788,0.001020305604954117
618300.00000188593,19042.778230510314,37619.415374456614,-16.109909975004456,-2.7431323273896013,1.3887861420459711,0.0011007778348010307
619200.00000167638,16534.736951926185,38787.440078898377,-15.084729532855009,-2.8282920482323544,1.2058930309157756,0.0011765971356407043
620100.00000178115,13955.506413542314,39788.46575830724,-13.993530865590939,-2.9012739507005696,1.0178104236756644,0.0012474313565959763
621000.00000125729,11316.191892494613,40618.184767928702,-12.840942160054356,-2.9617641448051923,0.82534819944769477,0.0013129694308488911
621900.00000167638,8628.1570447296708,41273.027086249916,-11.631861558205012,-3.0095025322604596,0.62933504764235759,0.0013729227360167937
622800.00000178115,5902.9749908406075,41750.175639684516,-10.371436387934274,-3.0442839193445921,0.4306149017349688,0.0014270263589984539
623700.00000188593,3152.3784769201038,42047.578395321681,-9.0650412871438988,-3.0659588943526077,0.23004330625019551,0.001475040261413562
624600.00000230502,388.20936906473099,42163.957156345292,-7.7182553328149792,-3.0744344649712154,0.028483735737938748,0.0015167503396390301
625500.0000024098,-2377.6323170100773,42098.813029403173,-6.3368382651124477,-3.0696744534185338,-0.17319611966077436,0.0015519693754443226
626400.00000251457,-5133.2396401427295,41852.42853996472,-4.9267059028050255,-3.0516996476664446,-0.37412808676830667,0.001580537873315674
627300.00000230502,-7866.7499759494085,41425.866386409012,-3.4939048614319601,-3.0205877081160444,-0.57344724296825256,0.0016023247807214836
628200.0000024098,-10566.39607266993,40820.964838278982,-2.0445866731287143,-2.9764728301470647,-0.77029563605735374,0.0016172280884863153
629100.00000220025,-13220.556682306949,40040.329801422879,-0.58498142730098157,-2.9195451642011521,-0.96382597309118956,0.001625175308555826
630000.0000019907,-15817.806575964927,39087.323579501142,0.87862897047986055,-2.850049995529957,-1.1532052644040336,0.001626123827264457
630900.0000024098,-18346.965704916569,37966.050384252208,2.3399377959041492,-2.7682866873896037,-1.3376184055205647,0.001620061132334098
631800.00000282889,-20797.14730611382,36681.338656031825,3.7926406505218595,-2.6746073921091549,-1.5162716823765452,0.0016070049125915878
632700.00000261934,-23157.804747296137,35238.720269241516,5.2304626396828979,-2.5694155353997457,-1.6883961849891953,0.0015870030297334772
633600.00000272412,-25418.776913888887,33644.406708005336,6.6471854709361047,-2.4531640800413634,-1.8532511152112532,0.001560133361858366
634500.00000282889,-27570.331922754423,31905.262327179866,8.0366743453638794,-2.3263535772429189,-2.010126972930605,0.0015265035192320521
635400.00000230502,-29603.20900232342,30028.774796910038,9.392904543749081,-2.1895300127365402,-2.1583486090234114,0.0014862504327850662
636300.00000272412,-31508.658342872342,28023.022865118088,10.709987584242906,-2.0432824573056103,-2.2972781307348318,0.0014395398165683664
637200.00000220025,-33278.478736466932,25896.641589190604,11.982196832007695,-1.8882405326828238,-2.4263176462840144,0.0013865655061354074
638100.0000019907,-34905.052878385817,23658.785150157153,13.203992473351995,-1.7250717009972329,-2.5449118392782935,0.0013275486740862031
639000.00000146683,-36381.380134367195,21319.087454398858,14.370045715402728,-1.5544783926552601,-2.6525503585802048,0.0012627369263682648
639900.00000188593,-37701.106666522101,18887.620655013223,15.475262128753899,-1.3771949822450262,-2.7487700157063588,0.0011924032814783869
640800.0000019907,-38858.552765000488,16374.851802323346,16.514804012464573,-1.1939846277183814,-2.8331567784889633,0.0011168450369122406
641700.00000146683,-39848.73728829615,13791.597775999642,17.484111698029768,-1.005635983973955,-2.9053475537939843,0.0010363825259628754
642600.00000157161,-40667.399089618557,11148.978718563807,18.378923682910301,-0.81295980689899994,-2.9650317502358638,0.00095135777017226332
643500.0000019907,-41311.015340572347,8458.3701731815181,19.19529550329073,-0.61678546272469736,-3.0119526143039859,0.00086213303274176032
644400.00000209548,-41776.816680236734,5731.3541123310979,19.929617266423808,-0.41795735638385595,-3.0459083345621458,0.00076908927803321942
645300.00000188593,-42062.799118421251,2979.6690797763035,20.578629756115415,-0.21733129519310213,-3.0667529086568166,0.00067262454382974082
646200.0000019907,-42167.732642342984,215.15966029162192,21.139439036233021,-0.015770803614284557,-3.0743967693928984,0.00057315223326260157
647100.00000209548,-42091.166490357849,-2550.2744967210128,21.609529482024616,0.18585659429012702,-3.0688071672196102,0.00047109933419294431
648000.00000220025,-41833.431072092324,-5304.7298951868506,21.986775180952034,0.38668310966773256,-3.0500083076521358,0.00036690457351875656
648900.00000167638,-41395.63652537961,-8036.3504225477045,22.269449646018472,0.58584442411279958,-3.0180812429985124,0.00026101651517138822
649800.00000146683,-40779.667916685554,-10733.378373472206,22.45623379517609,0.78248340927881033,-2.9731635189839092,0.00015389161060906228
650700.00000125729,-39988.177108390002,-13384.205039299541,22.546222157763996,0.97575381417844975,-2.9154485781118415,4.599221134132146e-05
651600.00000167638,-39024.571325874931,-15977.420660455302,22.538927279141159,1.1648239053363361,-2.8451849223256143,-6.2215447648932381e-05
652500.00000178115,-37892.998480449816,-18501.863505763413,22.434282301034195,1.348880042564691,-2.7626750392331152,-0.00017026328311993037
653400.00000188593,-36598.329300002122,-20946.667901301786,22.232641704777155,1.5271301774504193,-2.6682740958635622,-0.00027768340915228072
654300.00000136206,-35146.136361577541,-23301.310959359856,21.93478021357453,1.6988072564236563,-2.5623884070084681,-0.00038401018164374405
655200.00000146683,-33542.670099263778,-25555.657848123872,21.541889856924506,1.8631725168810929,-2.4454736836683302,-0.00048878223392909961
656100.00000157161,-31794.831911252691,-27700.005370789873,21.055575213357582,2.0195186596264789,-2.3180330707877896,-0.00059154449251790726
657000.00000136206,-29910.144461074615,-29725.123702907291,20.477846848598336,2.1671728867592446,-2.1806149813271847,-0.0006918501654090604
657900.00000146683,-27896.719313663645,-31622.296086602535,19.811112980662003,2.3054997905071652,-2.0338107370123311,-0.00078926269311610465
658800.00000094296,-25763.222049984943,-33383.356312266624,19.058169411372148,2.4339040808413959,-1.8782520262881188,-0.00088335765380652539
659700.00000136206,-23518.83498792956,-35000.723847590161,18.222187761499157,2.5518331418541012,-1.7146081887900035,-0.00097372461538794571
660600.00000146683,-21173.217706124662,-36467.436431769347,17.306702074088037,2.6587794038093433,-1.5435833406308517,-0.0010599689249947378
661500.00000125729,-18736.465496374669,-37777.180031606105,16.315593829484683,2.7542825235192461,-1.3659133495867508,-0.0011417134302987894
662400.00000136206,-16219.065958561083,-38924.31600273896,15.25307545036536,2.8379313617783484,-1.1823626756513728,-0.001218600123959219
663300.00000146683,-13631.85390497144,-39903.905354819326,14.12367236174574,2.9093657506154336,-0.99372108897851863,-0.0012902917052596179
664200.00000157161,-10985.964774228682,-40711.730012008513,12.932203686408995,2.9682780425478916,-0.80080027962617806,-0.0013564730522727709
665100.0000019907,-8292.7867464934407,-41344.310980458686,11.683761655667796,3.014414435467025,-0.60443037287601742,-0.0014168525987564601
666000.00000209548,-5563.9117759969076,-41798.923340793517,10.383689828926032,3.0475760672073515,-0.40545636566842685,-0.0014711636098639165
666900.00000251457,-2811.0857353544006,-42073.608005023598,9.0375602085464291,3.0676198753751156,-0.2047344981141348,-0.0015191653518056146
667800.00000293367,-46.157905057707865,-42167.180182927172,7.6511493573616747,3.0744592183801345,-0.0031285768876447269,-0.0015606441502253338
668700.00000303844,2718.9699978735275,-42079.23452484257,6.2304136103031755,3.0680642551760284,0.19849373555441627,-0.0015954143333522721
669600.00000282889,5472.3950216547964,-41810.146914689321,4.7814634914802188,3.0484620816813122,0.39926464931067485,-0.0016233190556878014
670500.00000261934,8202.2641924856252,-41361.072905327434,3.3105374459929156,3.0157366231580602,0.59831997708593787,-0.0016442309987557233
671400.00000272412,10896.825519184442,-40733.942802510552,1.8239749983859423,2.9700282828327458,0.79480285010791718,-0.0016580529459177854
672300.00000220025,13544.478571579142,-39931.453417674245,0.32818945194954968,2.9115333480455581,0.98786740409961282,-0.0016647182287361638
673200.00000261934,16133.824428227606,-38957.056518699057,-1.1703597620199861,2.840503155852065,1.1766824204611588,-0.0016641910428367159
674100.0000024098,18653.71474316379,-37814.944037806337,-2.6651949467168099,2.7572430221846145,1.3604349044330881,-0.0016564666316697114
675000.00000282889,21093.299771986753,-36510.030081675868,-4.1498481242261143,2.6621109376571592,1.5383335885848541,-0.0016415713372579231
675900.00000261934,23442.075093117532,-35047.929841425241,-5.6178889887494883,2.5555160369360488,1.7096123423181204,-0.0016195625175105884
676800.0000024098,25689.92687650209,-33434.935468096504,-7.0629527404646772,2.43791684628059,1.8735334765337854,-0.0015905283300810468
677700.00000188593,27827.175461047304,-31677.989037068655,-8.4787676544500687,2.3098193180874986,2.0293909259475242,-0.0015545873836308012
678600.00000230502,29844.617080605589,-29784.652700818162,-9.8591822832065557,2.1717746595469087,2.1765132972401946,-0.0015118882575521899
679500.00000209548,31733.56353431274,-27763.076175454382,-11.198192160001025,2.0243769658978059,2.3142667679996762,-0.0014626088923124182
680400.00000220025,33485.879660522209,-25621.961671911908,-12.489965908666422,1.8682606662807095,2.4420578260218488,-0.0014069558521821954
681300.00000230502,35094.018415322505,-23370.526455823798,-13.728870621860851,1.704097795548394,2.5593358342799233,-0.0013451634640500561
682200.00000178115,36551.053428507053,-21018.463174666289,-14.909496414545975,1.5325951021135449,2.6655954121087828,-0.0012774928353451089
683100.00000125729,37850.708891438226,-18575.898121196835,-16.026680044078581,1.3544910041613052,2.7603786218076629,-0.0012042307549955072
684000.00000136206,38987.386634338058,-16053.347632867632,-17.075527483868516,1.1705524088195098,2.8432769500951105,-0.0011256884825660476
684900.00000146683,39956.190287704056,-13461.672798814849,-18.051435361445602,0.98157140685906885,2.9139330765705833,-0.0010422004302151433
685800.00000125729,40752.946419730048,-10812.03267058032,-18.950111165499603,0.78836185731220765,2.9720424211452876,-0.00095412274302105458
686700.00000073342,41374.222554562053,-8115.8361849058265,-19.767592130543346,0.59175587730627799,3.017354463366595,-0.00086183178389541556
687600.00000052387,41817.341994717601,-5384.6930017839695,-20.500262718011694,0.39260025205305826,3.049673827929567,-0.00076572252939928053
688500,42080.395381280447,-2630.3634811750353,-21.144870613892248,0.19175278142259533,3.0688611314412411,-0.0006662068837096182
689399.99999979045,42162.248945262778,135.29200797180317,-21.698541178411968,-0.0099214226298700494,3.0748335869696639,-0.00056371191717641332
690299.99999989523,42062.549409305655,2900.3642000030213,-22.158790276306075,-0.2115536696623162,3.0675653633554445,-0.00045867803799727396
691199.99999968568,41781.725522143461,5652.9462593968174,-22.523535435284959,-0.41227544013596523,3.047087697984272,-0.0003515571044056766
692099.99999979045,41320.986216437661,8381.1851085276194,-22.791105283089891,-0.61122213486373533,3.013488762339477,-0.00024281048516710152
692999.99999989523,40682.315399832871,11073.332508731364,-22.960247216994503,-0.80753680630929137,2.9669132810805006,-0.00013290707774657622
693899.99999968568,39868.463401299923,13717.795695832001,-23.030133274805788,-1.0003738570948746,2.9075619063054297,-2.2321291876360987e-05
694799.99999916181,38882.935109175465,16303.187344257731,-23.000364178709063,-1.1889026891161534,2.8356903497215722,8.8468992512820771e-05
695699.9999995809,37729.974851935294,18818.374643754392,-22.870971532593494,-1.3723112873965699,2.7516082765322092,0.000198984484180414
696599.99999968568,36414.548095493206,21252.527261394494,-22.642418163090255,-1.5498097220049587,2.655677966521917,0.00030874654670852669
697499.99999947613,34942.320020915759,23595.164017489053,-22.315596599767105,-1.7206335554548278,2.5483127471130054,0.00041727926452463175
698399.99999926658,33319.631091019946,25836.198036419763,-21.891825700406244,-1.8840471380939214,2.4299752064254183,0.00052411149828902361
699299.99999905704,31553.469705459691,27965.980196159468,-21.37284543436088,-2.0393467785883117,2.3011751937325591,0.00062877892159025938
700199.99999884749,29651.442062175618,29975.340688025772,-20.760809844187836,-2.1858637757340369,2.1624676160408174,0.0007308260301703061
701099.99999863794,27621.739358611248,31855.62850372434,-20.058278214853996,-2.3229672982514029,2.0144500406531618,0.00082980811488483723
701999.99999842839,25473.102474361593,33598.748681208905,-19.268204486839966,-2.4500671002919385,1.8577601141769933,0.00092529319002797241
702899.99999853317,23214.784285734426,35197.197151044507,-18.393924955988201,-2.5666160611476379,1.693072809073608,0.0010168638689063731
703799.99999895226,20856.509784345195,36644.093026943832,-17.439144314619369,-2.6721125378145607,1.5210975104165372,0.0011041191783182078
704699.99999905704,18408.434160655928,37933.208211690515,-16.407920087848989,-2.7661025210874652,1.3425749546978289,0.0011866763047827897
705599.99999916181,15881.099035400079,39058.994187419412,-15.304645530153245,-2.8481815857128439,1.1582740341150881,0.0012641722649734475
706499.99999926658,13285.38704215667,40016.605869188796,-14.134031059771376,-2.9179966258668077,0.96898848123912351,0.0013362654928956424
707399.99999968568,10632.474938026369,40801.922430468119,-12.90108430053559,-2.9752473693987964,0.7755334470269335,0.001402637337831102
708299.99999916181,7933.7854640424002,41411.565003369906,-11.611088823001174,-3.0196876638670083,0.57874198838513102,0.0014629934662222937
709199.9999995809,5200.9381314585826,41842.911187297075,-10.269581659019485,-3.0511265296447276,0.37946147815299375,0.001517065162452349
710100,2445.6992000682862,42094.106291350661,-8.8823297093429101,-3.069428974771709,0.17854995691881154,0.0015646105218967349
710999.99999979045,-320.0689989478746,42164.071277964082,-7.4553051128073662,-3.0745165692940084,-0.023127562224000781,0.0016054155327598981
711899.9999995809,-3084.4591369202744,42052.507363483819,-5.9946596989397856,-3.0663677759754862,-0.22470281714719847,0.0016392950412611939
712799.99999968568,-5835.5701433787362,41759.897261073005,-4.5066986289020692,-3.0450180364189645,-0.42530803276034107,0.0016660935964141457
713700.00000010477,-8561.5584344621293,41287.503061784293,-2.9978533288934393,-3.0105596123881404,-0.62407965450743141,0.0016856861710593096
714599.9999995809,-11250.688886070837,40637.360763342556,-1.4746538329264509,-2.9631411831072572,-0.82016206274497983,0.0016979787559923338
715500.00000031432,-13891.385349271643,39812.27146637001,0.056299359022079526,-2.9029672000432667,-1.0127112533295199,0.0017029088246717434
716400.00000073342,-16472.280447182653,38815.789287934669,1.5883637649178162,-2.8302970028567773,-1.2008984655020818,0.0017004456662219449
717300.00000083819,-18982.264499698904,37652.20603035071,3.1148836614910849,-2.7454436993175331,-1.3839137459746897,0.001690590585335557
718200.00000094296,-21410.53332379365,36326.532680264339,4.6292189377211654,-2.648772814666867,-1.5609694309345827,0.0016733769675823821
719100.00000136206,-23746.634713066644,34844.477818456915,6.1247739439682602,-2.5407007162835513,-1.7313035317586798,0.0016488702094436835
720000.00000083819,-25980.513403138852,33212.423031065249,7.5950262183064785,-2.4216928202393304,-1.8941830104383302,0.001617167512643021
720900.00000062864,-28102.554338267597,31437.39541935132,9.0335549737856269,-2.2922615867821254,-2.048906931344189,0.0015783975425239661
721800.00000010477,-30103.624022030937,29527.037349354952,10.434069203765199,-2.1529643149928139,-2.1948094735758019,0.0015327199512837827
722699.99999989523,-31975.109815079184,27489.573542019094,11.790435310380193,-2.0044007438781954,-2.331262793967265,0.0014803247662423719
723600.00000062864,-33708.956979986557,25333.775668106457,13.096704114803066,-1.847210471801281,-2.4576797262095282,0.0014214316447473804
724500.0000004191,-35297.703324611881,23068.924595449433,14.347137136154355,-1.6820702049222445,-2.5735163052740746,0.0013562889972696763
725400.00000020955,-36734.511308666646,20704.77042991943,15.536232032156024,-1.5096908448748696,-2.6782741072689276,0.0012851729801255751
726300.00000031432,-38013.197449366446,18251.490553888194,16.658747066113396,-1.3308144304570393,-2.7715023927340834,0.0012083863612658253
727200.00000010477,-39128.258915999148,15719.645826327369,17.709724498551108,-1.146210945234025,-2.8528000452964744,0.0011262572618790936
728100.00000052387,-40074.897201988344,13120.135120352668,18.684512797291692,-0.95667500381726323,-2.9218172974948597,0.0010391377771606432
729000.00000031432,-40849.038757312817,10464.148426339018,19.578787545596292,-0.76302243341333653,-2.9782572351536944,0.00094740248180459098
729900.00000010477,-41447.352510336052,7763.1186797389682,20.388570963668531,-0.56608676222718024,-3.0218770750436312,0.00085144682412617849
730800.00000020955,-41867.264187134439,5028.6725630212832,21.110249930332593,-0.36671563290762826,-3.05248920903415,0.00075168541636731127
731700.00000031432,-42106.967377218665,2272.5804684017012,21.740592424213396,-0.16576715466986339,-3.0699620109214867,0.00064855022741723675
732600.0000004191,-42165.431294998496,-493.29416446178578,22.276762298978174,0.03589379024554535,-3.0742204021574895,0.00054248868583092746
733500.00000052387,-42042.405201629765,-3257.0458998957297,22.716332311840535,0.23739926851500207,-3.0652461738348959,0.00043396170268916962
734400.00000031432,-41738.41947055878,-6006.7785443531193,23.05729534160756,0.43788203124343517,-3.0430780636667767,0.00032344162340948397
735300.00000010477,-41254.783291221051,-8730.6563399534916,23.29807373476114,0.63647924609701223,-3.0078115875352038,0.00021141011944363181
736199.99999989523,-40593.579021230922,-11416.954897659736,23.437526731371353,0.83233621024108351,-2.9595986263694982,9.8356030893695146e-05
737099.99999968568,-39757.653211422192,-14054.111649403345,23.47495593160918,1.0246100279125196,-2.8986467701655205,-1.5226828168532913e-05
737999.99999947613,-38750.604343913707,-16630.7755988237,23.410108774788615,1.2124732364920452,-2.8252184221382115,-0.00012884188945224033
738899.99999895226,-37576.767335075165,-19135.856162020737,23.243180014083276,1.3951173658142457,-2.7396296668775539,-0.00024199206324250543
739799.99999842839,-36241.194869237785,-21558.570887933402,22.974811180036124,1.5717564153441728,-2.6422489074171178,-0.00035418197200769803
740699.99999821885,-34749.635648962911,-23888.491843367203,22.606088038540062,1.7416302335404124,-2.5334952775946262,-0.00046492017233040983
741599.9999980093,-33108.509651815155,-26115.590474292945,22.138536058582595,1.9040077856914603,-2.4138368363926372,-0.00057372135396324621
742499.99999748543,-31324.880501017404,-28230.28074768962,21.574113915219073,2.0581902960049727,-2.2837885522179024,-0.00068010850469989734
743399.9999975902,-29406.42506772032,-30223.460389725751,20.915205062711326,2.2035142505969367,-2.1439100858248032,-0.00078361503053417478
744299.99999738066,-27361.400445750824,-32086.550033522901,20.164607426054431,2.3393542478666225,-1.9948033822591178,-0.00088378682067427085
745199.99999717111,-25198.608423498656,-33811.530128288337,19.325521258490664,2.4651256855740673,-1.837110080994627,-0.00098018424920583852
746099.99999696156,-22927.357624286589,-35390.975431691651,18.401535232579608,2.580287271771212,-1.6715087568114622,-0.0010723841038816464
746999.99999706633,-20557.423464957796,-36818.086951515957,17.396610829081805,2.6843433499663369,-1.4987120023579124,-0.0011599814349538733
747899.99999717111,-18099.006111198811,-38086.721193567224,16.315065101409797,2.7768460282439711,-1.3194633654027199,-0.0012425913165837444
748799.9999975902,-15562.686607959817,-39191.416592838388,15.161551896487552,2.8573971035170391,-1.1345341537395717,-0.0013198505144260096
749699.99999706633,-12959.381375993938,-40127.417013823062,13.941041620542174,2.9256497727254072,-0.94472012159614738,-0.0013914190533614137
750599.99999685679,-10300.295255509765,-40890.692224326951,12.658799635508693,2.9813101241229765,-0.75083805063939968,-0.001456981680324463
751499.99999633292,-7596.8733287520736,-41477.955243951066,11.320363397383909,3.0241384015411521,-0.55372224234899625,-0.0015162492164123144
752399.99999643769,-4860.7516864229665,-41886.676507158321,9.9315184182274709,3.0539500373142459,-0.35422093363295171,-0.0015689597948561696
753299.99999685679,-2103.7073932011804,-42115.094767331444,8.4982731784161842,3.0706164485376064,-0.15319265413306937,-0.0016148799796258811
754199.99999727588,662.39217419905276,-42162.224704716602,7.0268330778185595,3.0740655939583363,0.048497462304865978,-0.0016538057618554062
755099.99999738066,3425.6403726915655,-42027.861198905142,5.523573550974227,3.0642822886029162,0.24998139439620073,-0.0016855634301095278
755999.99999779975,6174.1425150694286,-41712.580249261431,3.9950124552960342,3.0413082748744884,0.4503919634808452,-0.0017100103117416185
756899.99999821885,8896.0670427715359,-41217.736538701407,2.4477818531066964,3.0052420496984764,0.64886656055532899,-0.0017270353826493142
757799.99999832362,11579.69643573911,-40545.457650494471,0.88859930375933927,2.9562384483099593,0.84455085484869596,-0.0017365597433055613
758699.99999842839,14213.47764334776,-39698.634960067888,-0.67576121455528926,2.8945079861520093,1.0366024683069941,-0.001738536959239795
759599.99999821885,16786.071805123327,-38680.911243865638,-2.2384986220323992,2.8203159618006333,1.2241945992118879,-0.001732953264589029
760499.99999832362,19286.403067758103,-37496.665052317308,-3.7928141816088208,2.7339813241851179,1.406519580888131,-0.001719827627918063
761399.99999874271,21703.706269720526,-36150.991918649575,-5.331940935162657,2.635875309164974,1.5827923588570825,-0.0016992116798998323
762299.99999853317,24027.573302197041,-34649.682478502902,-6.8491730156142445,2.5264198507589612,1.7522538724944405,-0.0016711895029869956
763199.99999863794,26247.99794619235,-32999.197590397183,-8.3378947112863067,2.4060857734250285,1.9141743265716074,-0.0016358772836085123
764099.99999874271,28355.418971851745,-31206.640577472332,-9.7916091457582066,2.2753907740135029,2.067856337029045,-0.0015934228283835605
764999.99999884749,30340.761345005179,-29279.726688690684,-11.203966471778473,2.1348972004075488,2.2126379396025944,-0.0015440049457204166
765899.99999895226,32195.475339625635,-27226.749924244334,-12.568791444244221,1.9852096372755712,2.347895446524662,-0.0014878326953579959
766799.99999874271,33911.573393471925,-25056.547364601378,-13.880110258569871,1.8269723089929153,2.4730461393165406,-0.0014251445087053178
767699.99999884749,35481.664554704839,-22778.461145916281,-15.132176545469942,1.6608663100520333,2.587550786440266,-0.001356207183104428
768599.99999863794,36898.986352262385,-20402.298267026174,-16.319496397134841,1.487606676402375,2.690915973473202,-0.0012813147546285755
769499.99999874271,38157.433975051812,-17938.288369690421,-17.436852335323778,1.3079393080092518,2.7826962372737318,-0.0012007872530255083
770399.99999853317,39251.586608919788,-15397.039708831669,-18.479326098698383,1.1226377584214924,2.8624959929711276,-0.0011149693449218994
771299.99999832362,40176.73083865246,-12789.493465792961,-19.442320169141016,0.93249990251399373,2.9299712468648251,-0.001024228869697131
772199.99999779975,40928.880994883759,-10126.876634775166,-20.3215779279721,0.73834449921989154,2.984831086326678,-0.00092895527514936095
773099.99999790452,41504.796369348187,-7420.6536603608365,-21.113202365464065,0.54100766227818309,3.0268389409846894,-0.00082955795863070073
773999.99999769498,41901.995215397939,-4682.4770585238894,-21.813673253556047,0.3413392560157873,3.0558136090023509,-0.00072646452143330128
774899.99999748543,42118.765480166883,-1924.1372027677178,-22.419862716335736,0.14019922949921496,3.0716300444303526,-0.00062011894263280158
775799.9999975902,42154.172213279198,842.48847693630273,-22.92904912008699,-0.061546092779486763,3.0742199015146126,-0.0005109796812270927
776699.9999980093,42008.061624236245,3605.4866733456693,-23.33892922607307,-0.26302774832113124,3.0635718338485352,-0.00039951771428391902
777599.99999842839,41681.06176989949,6352.9595457908299,-23.647628553272973,-0.46337788644917921,3.0397315469529151,-0.00028621451914635017
778499.99999790452,41174.579867920424,9073.0759966081532,-23.853709902653716,-0.66173351349769116,3.0028016039389294,-0.00017156000870977329
779399.99999832362,40490.796244948855,11754.122672582542,-23.95618000578915,-0.85724021808608653,2.9529409848759678,-5.6050428021452015e-05
780299.99999874271,39632.654953296878,14384.554434478803,-23.95449426528516,-1.0490558576109339,2.8903644023174984,5.9813777225041425e-05
781199.99999916181,38603.851086177703,16953.04412908612,-23.848559568604788,-1.236354193748453,2.8153413751979421,0.00017553011336939657
782099.99999863794,37408.81485596166,19448.531402391396,-23.638735158526764,-1.4183284577798321,2.7281950658349139,0.00029059620142100862
782999.99999811407,36052.69249375254,21860.270376772125,-23.325831554997347,-1.5941948327043329,2.6293008843406644,0.00040451194183644518
783899.99999821885,34541.324065628491,24177.875954502833,-22.911107532563996,-1.7631958346959202,2.5190848674638477,0.00051678167070058048
784799.99999769498,32881.218296242725,26391.368566358487,-22.396265165050298,-1.9246035805900152,2.3980218385579617,0.00062691629886031967
785699.99999811407,31079.524497576625,28491.217182676177,-21.78344295274713,-2.0777229279965508,2.2666333559029086,0.00073443542539430797
786599.99999790452,29144.001752839013,30468.380362844324,-21.075207068610069,-2.221894471632019,2.1254854604233322,0.00083886941444726157
787499.9999980093,27082.985450783122,32314.345215827125,-20.274540747224041,-2.3564973865261649,1.9751862298652845,0.00093976142901955968
788399.99999811407,24905.351354745042,34021.16405620773,-19.384831873404398,-2.4809521023500154,1.8163831529913459,0.0010366694106054288
789299.99999853317,22620.477331887123,35581.488632157321,-18.40985881151942,-2.5947227998326459,1.6497603330685762,0.0011291679980087411
790199.99999895226,20238.202928834591,36988.601757703887,-17.353774542106745,-2.6973197170414251,1.4760355343517042,0.0012168503761041743
791099.99999905704,17768.786953591818,38236.446225859727,-16.221089165899663,-2.7883012565403984,1.29595708334448,0.0012993300474202904
791999.99999916181,15222.863257613284,39319.650870190781,-15.016650852508064,-2.8672758838051027,1.11030063909673,0.0013762425186140468
792899.99999895226,12611.39490596321,40233.553666128704,-13.745625312076683,-2.9339038090186089,0.91986584635483881,0.0014472468949325279
793799.99999905704,9945.626933105139,40974.221773141602,-12.413473875375365,-2.9878984451057988,0.72547288607486582,0.001512027376023875
794699.99999947613,7237.0378919573704,41538.468431109781,-11.025930275622194,-3.0290276357694901,0.52795893853213882,0.001570294646814597
795599.99999926658,4497.2904035353149,41923.866640345826,-9.5889762281719211,-3.0571146484788212,0.32817457422442703,0.0016217871578149449
796499.99999874271,1738.1809133534111,42128.759567704976,-8.1088159060325733,-3.0720389283197593,0.1269800876662682,0.0016662722897420124
797399.99999853317,-1028.4111164610747,42152.267632072617,-6.5918494237885206,-3.0737366094169545,-0.074758209184410312,0.0017035473974700756
798299.99999832362,-3790.5743603827218,41994.292242193718,-5.0446454407209034,-3.0622007820769257,-0.27617171787387934,0.0017334407292157405
799199.99999811407,-6536.4169237102842,41655.516171647068,-3.473912988190536,-3.0374815146687104,-0.47639329386824431,0.0017558122174986235
800099.99999853317,-9254.1175397622956,41137.400569194739,-1.8864726475363522,-2.9996856302371016,-0.67456097909297086,0.0017705541384665448
800999.99999895226,-11931.976452673038,40442.178620488608,-0.28922719686211118,-2.948976239134419,-0.86982171077910431,0.0017775916370955248
801899.99999937136,-14558.465780793138,39572.845886085939,1.3108681597551379,-2.8855720296038916,-1.0613349917211221,0.0017768831162133334
802799.99999916181,-17122.279122511616,38533.147362722913,2.9068358444636164,-2.8097463198416541,-1.2482765046498026,0.0017684204876409434
803699.99999926658,-19612.380215832643,37327.561317610212,4.4917061292515346,-2.7218258752563238,-1.4298416570505532,0.0017522292843780874
804599.99999937136,-22018.050414601723,35961.279976108432,6.0585473882045617,-2.6221894968601238,-1.605249039239625,0.0017283686332042188
805499.99999947613,-24328.934805262212,34440.187136236549,7.6004962695971763,-2.5112663862035416,-1.773743782968364,0.001696931087403715
806399.9999995809,-26535.086750326136,32770.832812381923,9.1107876521280087,-2.389534294354295,-1.9346008050842018,0.0016580423197924414
807300,-28627.010671873675,30960.405016252793,10.582784262358526,-2.2575174628137211,-2.0871279227585582,0.001611860676578908
808200.0000004191,-30595.702887562726,29016.698800888382,12.010005825427058,-2.1157843655386879,-2.2306688267301444,0.0015585765930569574
809099.99999989523,-32432.690335788862,26948.082691046679,13.386157633257111,-1.9649452610343445,-2.3646059007682259,0.001498411872085667
809999.99999937136,-34130.067014531203,24763.462650091144,14.705158401258251,-1.8056495654181945,-2.4883628746681969,0.0014316188269877976
810899.99999947613,-35680.527974779252,22472.243743959276,15.961167289672083,-1.6385830581018519,-2.6014072992709223,0.0013584792909012784
811799.9999995809,-37077.400730032008,20084.289660675808,17.148609975229657,-1.4644649315683933,-2.7032528334818746,0.0012793034945956338
812700,-38314.673948901873,17609.880253593459,18.262203657755823,-1.284044697422009,-2.7934613336499763,0.0011944288150772633
813599.99999979045,-39387.023298156069,15059.667306362937,19.296980878844067,-1.098098963055218,-2.8716447356660439,0.001104218398445515
814499.9999995809,-40289.83433742381,12444.628687393175,20.248312051205453,-0.90742809107287226,-2.9374667225890896,0.0010090596596797131
815399.99999968568,-41019.222355342783,9776.02111278546,21.111926579615432,-0.71285275735072129,-2.9906441697509734,0.00090936266409900207
816299.99999979045,-41572.049068353146,7065.331712063411,21.883932473780799,-0.51521042181631993,-3.030948361560494,0.00080555839488862782
817199.99999926658,-41945.936111341856,4324.2285980807892,22.560834354636615,-0.3153517265671642,-3.0582059747923922,0.00069809691185953151
818099.99999937136,-42139.275259381822,1564.5106545189446,23.139549757461076,-0.11413683683365482,-3.072299823863915,0.00058744540775040031
818999.99999916181,-42151.235335136727,-1201.9432222519947,23.617423638630928,0.08756825798418684,-3.0731693647088605,0.00047408617018882443
819899.99999863794,-41981.765776309752,-3963.225245053799,23.992241012766559,0.28889546995954513,-3.0608109552982272,0.0003585144561955388
820799.99999874271,-41631.59684343484,-6707.4499713282403,24.262237638875117,0.48897834671557511,-3.0352778712890123,0.00024123628983249389
821699.99999853317,-41102.236470679578,-9422.8054371955113,24.426108693625274,0.68695579824499897,-2.9966800769200987,0.00012276619332482128
822599.99999832362,-40395.963768669179,-12097.60399350509,24.483015378290553,0.88197580209917004,-2.9451837517480923,3.6248621950187088e-06
823499.99999779975,-39515.819212408933,-14720.332587223334,24.432589411722823,1.0731990681860688,-2.8810105755868851,-0.00011566320144869051
824399.9999975902,-38465.591551087105,-17279.702305758161,24.274935379630364,1.2598026498240538,-2.8044367743043548,-0.00023457208561008467
825299.99999706633,-37249.801501635491,-19764.696946376909,24.010630918910206,1.4409834836542077,-2.7157919309807874,-0.00035257688005406224
826199.99999717111,-35873.682289760771,-22164.620421338612,23.640724729263884,1.6159618445514246,-2.6154575670895421,-0.00046915608945642586
827099.99999727588,-34343.157132225759,-24469.142772722902,23.166732419520557,1.7839846990118218,-2.503865500573434,-0.00058379403253213096
827999.99999738066,-32664.813744121398,-26668.344625265752,22.590630204174325,1.9443289444685041,-2.3814959869767596,-0.00069598321402925749
828899.99999779975,-30845.875992591955,-28752.759863149582,21.914846484141435,2.0963045189158191,-2.2488756525574405,-0.00080522665450052922
829799.99999790452,-28894.172814900725,-30713.416357384223,21.142251354730586,2.2392573682083943,-2.1065752280524856,-0.00091104016493219128
830699.99999769498,-26818.104532504542,-32541.874570056891,20.27614409516163,2.3725722583955022,-1.9552070927782201,-0.001012954553720009
831599.99999748543,-24626.606709024458,-34230.26386572652,19.320238706862678,2.4956754207630212,-1.7954226399269178,-0.0011105177541538898
832499.99999727588,-22329.11170856957,-35771.31637424606,18.278647577382387,2.6080370182952168,-1.6279094745379794,-0.0012032968618206148
833399.99999706633,-19935.508118296799,-37158.398261479124,17.155863354698141,2.709173423172571,-1.4533884561494936,-0.0012908800725389094
834299.99999685679,-17456.098209720469,-38385.538273591264,15.956739125262095,2.7986492956055145,-1.2726105988930787,-0.0013728785124546496
835199.99999696156,-14901.553619313061,-39447.453433306677,14.686466995017945,2.8760794552378961,-1.0863538422127592,-0.0014489279530750172
836099.99999706633,-12282.869446466899,-40339.571774429714,13.350555183644977,2.9411305369326413,-0.89541970664312942,-0.0015186904047337338
836999.99999717111,-9611.3169551332376,-41058.052022491109,11.954803738512041,2.9935224243209038,-0.70062984820082341,-0.0015818555835132363
837899.99999727588,-6898.3950931259133,-41599.800132561933,10.505278989923717,3.0330294547197463,-0.50282252693724483,-0.0016381422468042229
838799.99999738066,-4155.7810262692137,-41962.482617100432,9.008286861971861,3.0594813906013623,-0.30284900395344294,-0.0016872993940450505
839699.99999717111,-1395.2799092075209,-42144.536603798842,7.4703451669010033,3.0727641532977157,-0.10156988295584268,-0.0017291073293016364
840599.99999727588,1371.2259003107438,-42145.176581964333,5.8981550038405155,3.0728203159578333,0.1001485886771513,-0.0017633785833342838
841499.99999675201,4131.8279516176399,-41964.39780776159,4.2985713974250785,3.0596493536125693,0.30143824251708828,-0.0017899586929165201
842399.99999685679,6874.6429458791372,-41602.976353273734,2.6785732887425437,3.033307649244589,0.50143272167441921,-0.0018087268361742298
843299.99999727588,9587.8638527601706,-41062.465799839752,1.0452330335473321,2.9939082558676056,0.69927120432802337,-0.0018195963222820573
844199.99999769498,12259.810719653362,-40345.1905885335,-0.59431448388657881,2.9416204155008723,0.89410210523864297,-0.0018225149351924525
845099.99999811407,14878.980935803405,-39454.236055418274,-2.2329029783871492,2.8766688369801829,1.0850867380279707,-0.0018174651307405086
845999.99999790452,17434.098736588199,-38393.435194897182,-3.8633660014154865,2.7993327356716784,1.2714029226637464,-0.0018044640871768592
846899.99999832362,19914.16374272784,-37167.352204630624,-5.478568161379437,2.7099446388792421,1.4522485232681088,-0.00178356360949781
847799.99999874271,22308.498312114851,-35781.262887583078,-7.0714361867406135,2.6088889623345857,1.6268449001019825,-0.0017548498884472417
848699.99999916181,24606.793516583813,-34241.131988419475,-8.6349897117178145,2.4966003632718943,1.7944402620820308,-0.0017184431153708258
849599.99999926658,26799.153537752918,-32553.587562954297,-10.162371650683209,2.3735618771506859,1.954312904838587,-0.0016744969546129539
850499.99999937136,28876.138291433315,-30725.892489604452,-11.646878034472968,2.2403028458373186,2.1057743204209576,-0.0016231978756249628
851399.99999947613,30828.804094197869,-28765.913247059063,-13.081987181610558,2.0973966461716445,2.2481721650332296,-0.0015647643475283758
852299.9999995809,32648.742200365039,-26682.086089375818,-14.46138808451636,1.9454582283622914,2.3808930722322641,-0.0014994458992594354
853200,34328.115044116537,-24483.380760789085,-15.779007892436834,1.7851414744715035,2.5033652994717603,-0.0014275220488968029
854100.0000004191,35859.690024301795,-22179.261911824946,-17.029038371019155,1.617136388671133,2.6150611960658861,-0.0013493011065733632
855000.00000083819,37236.870692416276,-19779.648374164412,-18.205961231926782,1.4421661306634079,2.7154994823038141,-0.0012651188554502692
855900.00000062864,38453.725201464244,-17294.870478615649,-19.304572219591861,1.2609839056396701,2.804247329232187,-0.0011753371163167117
856800.00000104774,39505.011900910256,-14735.625584566769,-20.320003860171131,1.0743697230023201,2.8809222306185145,-0.0010803422010428161
857700.00000115251,40386.201953341792,-12112.93203843387,-21.247746763983269,0.88312703967735318,2.9451936579035998,-0.00098054326207741983
858600.00000062864,41093.498890738134,-9438.0817256238406,-22.083669405138469,0.6880792999996459,2.9967844920308573,-0.00087637054348823555
859500.00000010477,41623.85501293213,-6722.5914418784068,-22.824036283058717,0.49006638864535124,3.0354722249236312,-0.00076827354146672951
860400.00000020955,41974.9845589588,-3978.1532949394173,-23.465524388810888,0.28994101201586697,3.0610899254337562,-0.00065671908197020542
861300.00000062864,42145.373596593003,-1216.5843410372684,-24.005237908304828,0.088565023025968262,3.0735269656551325,-0.0005421893231177294
862200.0000004191,42134.28658500687,1550.2243230002025,-24.440721097055196,-0.11319429454660895,3.0727295042053631,-0.00042517969080174326
863100.00000020955,41941.769580677224,4310.3587997532413,-24.769969271069268,-0.31446796659994497,3.0587007241966164,-0.00030619675584467554
864000.00000031432,41568.650071804084,7051.9337224437459,-24.991437862350402,-0.51438907648436005,3.0315008247313995,-0.00018575606246648435
864900.0000004191,41016.53344247715,9763.1434740048353,-25.104049502525239,-0.71209650508822997,2.9912467659371798,-6.4379916483150047e-05
865800.00000020955,40287.79608078397,12432.313064249727,-25.107199101211762,-0.90673864637417689,2.9381117685128197,5.7404857031673393e-05
866700.00000062864,39385.575158321975,15047.948452131113,-25.000756895948726,-1.097477082718777,2.8723245697429163,0.00017906917739439043
867600.00000073342,38313.755129977064,17598.786078179091,-24.78506945930107,-1.2834902028062254,2.7941684395129349,0.00030008398281532964
868500.00000052387,37076.95100414937,20073.84141912005,-24.460958656914659,-1.4639767482441977,2.7039799599711754,0.0004199225072380804
869400.00000031432,35680.488462046967,22462.45633126075,-24.029718559490171,-1.6381592717571816,2.6021475745746203,0.000538062548692649
870300.00000010477,34130.380910589192,24754.344986330772,-23.493110320982613,-1.8052874925198978,2.4891099127047824,0.00065398871980829369
871199.9999995809,32433.303565809802,26939.638204085368,-22.85335504259546,-1.9646415342414731,2.3653538969572505,0.00076719467098120984
872099.99999968568,30596.564677574661,29008.925989016105,-22.113124650734761,-2.1155350318389865,2.2314126412405395,0.00087718527662845945
872999.99999916181,28628.074033142984,30953.29807300153,-21.275530831811427,-2.257318092145062,2.087863149783693,0.00098347877438157978
873899.9999995809,26536.308847217846,32764.382321070414,-20.344112058249461,-2.3893800981400282,1.9353238249875631,0.0010856088497654926
874799.99999937136,24330.277228588155,34434.38078885396,-19.32281877724985,-2.5111523412095695,1.7744517980809609,0.0011831266549889282
875699.99999916181,22019.479334005682,35956.103323464471,-18.215996804089716,-2.6221104734657121,1.605940090760011,0.0012756027558013356
876599.9999995809,19613.866414781147,37322.998526305862,-17.028369005464484,-2.7217767668451289,1.4305146229147236,0.0013626289961131848
877500,17123.797923781902,38529.181957935172,-15.765015346307854,-2.8097221702092576,1.2489310787974477,0.001443820273147696
878400.00000010477,14559.996854037818,39569.461470323331,-14.431351376517133,-2.8855681560708382,1.0619716442495666,0.0015188162160738731
879299.99999989523,11933.503516941682,40439.35954711894,-13.033105254880795,-2.9489883482453343,0.87044163028686905,0.0015872827604311549
880200,9255.627959635387,41135.1325582758,-11.576293406870855,-2.9997099236239619,0.6751659977307396,0.0016489136118593012
881100.00000010477,6537.9012253500532,41653.786848366828,-10.067194917621213,-3.0375147822305246,0.4769857978727764,0.0017034315931568158
881999.99999989523,3792.025663484038,41993.09159053972,-8.512324765342818,-3.0622404806649071,0.27675454437303543,0.0017505898692007798
882900.00000031432,1029.824504003341,42151.588349938473,-6.918406007045192,-3.0737809249203991,0.075334532150427611,0.0017901730446796291
883799.99999979045,-1736.8090660459739,42128.597315490617,-5.2923410446172685,-3.0720868196784883,-0.1264068792976423,0.0018219981299614581
884699.9999995809,-4495.9631473328291,41924.220177064759,-3.6411820665077697,-3.0571658725196929,-0.32760100518912827,0.0018459153719189386
885599.99999937136,-7235.7584171232202,41539.339633909542,-1.9721008208563482,-3.0290827521514982,-0.5273815770877357,0.0018618089457084269
886499.99999884749,-9944.3992883100364,40975.615539734114,-0.29235781869813027,-2.9879588011814913,-0.72488847414534974,0.0018695975055403136
887399.99999926658,-12610.224701372028,40235.47769889034,1.3907288953484147,-2.9339715046336616,-0.91927142664046158,0.001869234592083813
888299.99999937136,-15221.758307797698,39322.115353778281,3.0698152606036464,-2.8673537172792707,-1.1096936742110359,0.0018607088951553832
889199.99999979045,-17767.75787982325,38239.463397458727,4.7375629071971286,-2.7883926524036804,-1.2953355667690636,0.0018440443709101535
890099.99999989523,-20237.263681833512,36992.185384974378,6.3866708883061563,-2.6974286375068388,-1.4753980888528528,0.0018193002131911195
891000,-22619.645633311247,35585.653406437457,8.009907330451556,-2.5948536416627488,-1.649106295089283,0.0017865706792448074
891899.99999979045,-24904.649036456809,34025.924918725956,9.6001408552250993,-2.4811095817131341,-1.8157126403203538,0.0017459847706567679
892799.9999995809,-27082.43868785122,32319.716629790604,11.150371652703193,-2.3566864142454231,-1.9745001913391849,0.0016977057706134941
893699.99999905704,-29143.64117698374,30474.375552786703,12.653762072495585,-2.2221200219770889,-2.1247857059887538,0.0016419306392042796
894599.99999884749,-31079.385196948006,28497.847350360291,14.103666610017548,-2.0779899033722491,-2.2659225670270908,0.0015788892686465271
895499.99999926658,-32881.339686155043,26398.642113018152,15.49366115676156,-1.9249166760122995,-2.3973035576984238,0.0015088436010087627
896399.99999937136,-34541.749644736279,24185.797714570566,16.817571396584711,-1.7635594041479368,-2.5183634677615259,0.0014320866109805101
897299.99999884749,-36053.469475308084,21868.84089663835,18.069500230378807,-1.5946127614908074,-2.6285815191603659,0.0013489411564076366
898199.99999895226,-37409.993696785139,19457.74625914677,19.243854104995314,-1.418804042096407,-2.7274836004419951,0.001259758700092112
899099.99999842839,-38605.484901086951,16962.893336592304,20.335368132079942,-1.2368900323762835,-2.8146443005558131,0.0011649179064519264
899999.99999884749,-39634.798846106845,14395.021919526402,21.339129897011233,-1.0496537557751728,-2.889688734365774,0.0010648231157754245
900899.99999832362,-40493.506555832391,11765.185855419142,22.250601830627421,-0.85790110708163658,-2.9522941505467633,0.00095990270160194841
901799.99999874271,-41177.913358564649,9084.7054704043803,23.065642063396396,-0.66245738657367026,-3.0021913168907677,0.00085060731329808861
902699.99999853317,-41685.0747557219,6365.1188826943689,23.78052363617288,-0.46416375362223283,-3.0391656752182508,0.00073740801106746373
903599.99999895226,-42012.809076140678,3618.1323484222567,24.391951995745472,-0.26387360989437814,-3.0630582626149061,0.00062079429577404028
904499.99999874271,-42159.706844702501,855.56991339151227,24.897080664921393,-0.062448931980101798,-3.0737663937861406,0.0005012720416892575
905399.99999884749,-42125.136835638703,-1910.6774642117023,25.293525015637368,0.13924343462841132,-3.0712441023248624,0.00037936133639776553
906299.99999926658,-41909.248778103742,-4668.7030615695594,25.579374055715483,0.34033550144327285,-3.055502338465693,0.00025559423670351057
907199.99999937136,-41512.97270598013,-7406.635613128693,25.753200162366404,0.53996186853250649,-3.0266089226587041,0.00013051244763200468
908099.99999916181,-40938.014951924852,-10112.690385625454,25.81406669578854,0.73726344565502733,-2.9846882548704343,4.6649336365030305e-06
908999.9999995809,-40186.850802976303,-12775.219878076579,25.761533435479326,0.93139114637456744,-2.9299207807753338,-0.00012139452741702978
909899.99999937136,-39262.713853323425,-15382.763922289594,25.595659794275534,1.1215095387978908,-2.8625422173330555,-0.00024710983583683249
910799.99999916181,-38169.582088755727,-17924.099003685402,25.317005772868697,1.3068004397881878,-2.7828425401728434,-0.00037192509653024045
911699.99999895226,-36912.160776541125,-20388.286540328743,24.926630631549745,1.4864664335161579,-2.6911647380762984,-0.00049528716444969037
912599.99999842839,-35495.862222419426,-22764.719952552838,24.426089266420117,1.6597343020871569,-2.5879033389850123,-0.00061664819661866126
913499.99999821885,-33926.782486906697,-25043.170301529539,23.817426291896567,1.8258583520338778,-2.4735027142013251,-0.00073546819477703302
914399.99999832362,-32211.675161328465,-27213.830302655781,23.103167845382139,1.9841236224662693,-2.3484551680695946,-0.00085121752321288863
915299.99999874271,-30357.922312382176,-29267.356529743472,22.286311141907692,2.1338489614085363,-2.2132988210567062,-0.00096337938633822573
916199.99999884749,-28373.502727662413,-31194.909618689173,21.37031182532969,2.2743899563253662,-2.0686152958928941,-0.001071452249862378
917099.99999832362,-26266.957586068129,-32988.192312119179,20.359069167968237,2.405141707241766,-1.9150272158304589,-0.0011749521911147644
917999.99999842839,-24047.353709794086,-34639.485168556326,19.256909193058011,2.5255414295647221,-1.7531955264820354,-0.0012734151632887063
918899.99999853317,-21724.244563657197,-36141.679779717881,18.068565807778125,2.6350708751925143,-1.5838166533697655,-0.0013663991597673468
919799.99999863794,-19307.629149368713,-37488.309369114773,16.799160032257156,2.7332585626685471,-1.4076195059992216,-0.001453486266983365
920699.99999937136,-16807.908988359355,-38673.57662579626,15.454177438506651,2.8196818057431483,-1.2253623426260163,-0.001534284593774931
921599.99999979045,-14235.843374111166,-39692.378658576796,14.039443912951553,2.8939685320171353,-1.0378295089561498,-0.0016084300676949426
922499.9999995809,-11602.503079369559,-40540.328966125497,12.561099862220546,2.9557988840854454,-0.8458280643348336,-0.0016755880900850241
923399.99999968568,-8919.2227234157581,-41213.776324296901,11.025572995796379,3.0049065960452839,-0.65018431041071045,-0.0017354550426835846
924299.99999979045,-6197.5520134811422,-41709.820508606674,9.439549827235707,3.0410801394435687,-0.45174023789682549,-0.0017877596400024036
925199.99999926658,-3449.2060517228151,-42026.324790421691,7.8099460244434651,3.0641636342466509,-0.25134990538122692,-0.0018322641235896692
926099.99999905704,-686.0149244278681,-42161.925149111674,6.1438757543466807,3.0740575206809457,-0.049875765964364271,-0.0018687652947510069
926999.99999947613,2080.1271905542794,-42116.036159221672,4.4486201801136263,3.0707189890125961,0.15181504110602442,-0.001897095383264823
927899.99999926658,4837.3131992640965,-41888.853531617591,2.7315952475482295,3.0541621657751588,0.35285441935233675,-0.0019171227512092032
928799.99999874271,7573.6743343480312,-41481.353294328721,1.0003189064582185,3.0244580554356784,0.5523770488789117,-0.0019287524312799236
929699.99999884749,10277.431225079057,-40895.287616954847,-0.73762207175830874,2.981734237797669,0.74952410765503352,-0.0019319264995521679
930599.99999895226,12936.944581395916,-40133.177299271396,-2.4746055349581497,2.9261743226461405,0.94344696479695134,-0.0019266242836120495
931499.99999874271,15540.765290128084,-39198.300952042126,-4.2030075121005543,2.8580171636611382,1.133310831214503,-0.0019128624072868405
932399.99999884749,18077.683695104162,-38094.680916618083,-5.9152357416094965,2.7775558349635032,1.3182983510570512,-0.0018906946735393131
933299.99999895226,20536.777839851547,-36827.065989354152,-7.6037630148339463,2.6851363750593151,1.4976131179002585,-0.0018602117878004942
934199.99999874271,22907.460488436092,-35400.911016400212,-9.2611602072116028,2.5811563029006654,1.6704831022942517,-0.0018215409241300563
935099.99999821885,25179.524708676665,-33822.353449373506,-10.880128848150859,2.4660629125870042,1.8361639750003684,-0.0017748451371080273
935999.9999980093,27343.187821298459,-32098.186963415803,-12.453533091830158,2.3403513540229,1.9939423116407515,-0.0017203226228091355
936899.99999779975,29389.133524258839,-30235.83225363183,-13.974430953233007,2.204562507897279,2.1431386648844843,-0.0016582058326847146
937799.99999790452,31308.552026419537,-28243.305121526202,-15.436104690176181,2.0592806630247447,2.2831104920974057,-0.0015887604440281877
938699.9999980093,33093.177992645375,-26129.182008898224,-16.832090186193607,1.9051310074299013,2.4132549240264658,-0.0015122841922333473
939599.99999811407,34735.326162983889,-23902.563102965712,-18.156205231292308,1.7427769420997816,2.533011364490624,-0.0014291055690225231
940499.99999853317,36227.924471130929,-21573.033190559556,-19.40257656696976,1.5729172302749099,2.6418639083035504,-0.0013395823927283041
941399.99999863794,37564.544528302446,-19150.620422310258,-20.565665589363338,1.3962829939214276,2.7393435676219271,-0.0012441002562833306
942299.99999874271,38739.429344422766,-16645.753155102208,-21.640292606776363,1.2136345695705326,2.8250302973213506,-0.0011430708588857012
943199.99999884749,39747.518155920705,-14069.215075670747,-22.621659541134314,1.0257582382440646,2.898554809798024,-0.0010369302287916349
944099.99999863794,40584.468262872273,-11432.098780282833,-23.50537098718911,0.83346284215955657,2.9596001720225993,-0.00092613684374476875
944999.99999905704,41246.673774086354,-8745.7580207341762,-24.287453535506948,0.63757630349426264,3.0079031773609053,-0.0008111696570895871
945899.99999916181,41731.28117944816,-6021.7588257853049,-24.964373277919783,0.4389420604206779,3.0432554861799228,-0.00069252603778810712
946799.99999926658,42036.201686088338,-3271.8296881995616,-25.533051427097416,0.23841543425833389,3.065504530510216,-0.00057071963189260066
947699.99999905704,42160.120257541581,-507.81105878787093,-25.990877976091031,0.036859945338564348,3.0745541782219377,-0.00044627815540474776
948599.99999916181,42102.501320856652,2258.3956595926998,-26.335723346086692,-0.16485640833887619,3.0703651540519914,-0.00031974112655562607
949499.99999895226,41863.591113754839,5014.8793735851004,-26.565947967638266,-0.36586489180336695,3.0529552153412256,-0.00019165754799742435
950399.99999874271,41444.416662057345,7749.7706211629074,-26.680409758433644,-0.56529977888635696,3.022399081665629,-6.2583547392133202e-05
951299.99999853317,40846.781390739365,10451.292709538136,-26.678469461846035,-0.76230208520658982,2.978828118508829,6.692001270597656e-05
952199.99999863794,40073.257385384328,13107.812466830495,-26.55999382443493,-0.95602327354502636,2.9224297761092508,0.00019628994649542028
953099.99999842839,39127.174339946941,15707.890369320086,-26.325356597389352,-1.1456289141584566,2.8534467860200889,0.00032496316703742935
953999.99999853317,38012.605232867623,18240.329848868354,-25.975437356466355,-1.3303022856871602,2.7721761183793108,0.00045237910960542758
954899.9999980093,36734.348800330125,20694.225543138702,-25.511618145819057,-1.5092478992421612,2.6789677048505278,0.00057798214480615936
955799.99999811407,35297.908868851773,23059.010311166905,-24.935777955125605,-1.6816949326184116,2.5742229317293379,0.00070122397276475878
956699.99999790452,33709.470656642436,25324.50076797785,-24.250285059508059,-1.8469005565526131,2.4583929111710545,0.00082156598598094631
957599.99999769498,31975.87412192328,27480.941187879384,-23.457987245320709,-2.0041531419358858,2.3319765362350018,0.00093848159313700546
958499.99999717111,30104.584493113784,29519.045549554947,-22.56219996993384,-2.152775331310365,2.1955183295945759,0.0010514584920090224
959399.9999975902,28103.660092646129,31430.037564714461,-21.566692498600187,-2.2921269629849461,2.04960609409311,0.0011600008829829942
960299.9999980093,25981.717611617056,33205.688495757306,-20.475672085104968,-2.4216078334615347,1.8948683766587604,0.0012636316125114483
961199.99999811407,23747.894965049454,34838.35262136424,-19.293766253098525,-2.5406602877683864,1.7319717551095157,0.0013618942385594732
962099.99999821885,21411.811899843182,36321.000182147451,-18.026003258021245,-2.6487716253531577,1.5616179604822995,0.0014543550084006181
962999.99999832362,18983.528526778922,37647.247665107781,-16.677790812887039,-2.745476311141851,1.3845408474846881,0.0015406047403368991
963899.99999842839,16473.501953510106,38811.385298621768,-15.254893166624742,-2.8303579823309692,1.201503226088898,0.0016202606014459071
964799.99999884749,13892.541205976637,39808.401639063755,-13.763406631731971,-2.9030512421820749,1.0132935680660087,0.0016929677737754329
965699.99999895226,11251.760636214412,40634.005141843518,-12.209733666416245,-2.9632432329591314,0.82072260303717193,0.0017584010018330595
966599.99999937136,8562.5320083318293,41284.642627021261,-10.600555615044355,-3.010674981438171,0.6246198181731889,0.00181626601508622
967499.99999916181,5836.4354937054268,41757.514552963628,-8.9428042361570625,-3.0451425106828847,0.4258298785419492,0.0018663008189400338
968399.9999995809,3085.2097514712568,42050.587042650979,-7.2436321170625355,-3.0664977140745706,0.22520898109413673,0.0019082768496754743
969299.99999968568,320.70135466154039,42162.600601298422,-5.5103821266225008,-3.0746489871756641,0.023621161418913357,0.0019419999876951501
970200.00000010477,-2445.186263396085,42093.075496841913,-3.7505560083968232,-3.0695616154276584,-0.17806543385853946,0.0019673114258413164
971100.00000020955,-5200.5440867542011,41842.3137757433,-1.971782267849757,-3.0512579157729069,-0.37898229026794072,0.0019840883887657203
972000.00000031432,-7933.5088214388024,41411.39790837394,-0.18178347353448332,-3.0198171319002154,-0.57826426978582579,0.0019922447009514833
972900.00000073342,-10632.313986642932,40802.186071014461,1.6116568785649739,-2.9753750837643289,-0.77505333861339598,0.001991731201136931
973800.00000146683,-13285.340584779326,40017.304085863158,3.4007278067773075,-2.9181235730908206,-0.96850226322343813,0.0019825360018882747
974700.00000125729,-15881.167123664547,39060.13405640328,5.177624446373156,-2.848309547752645,-1.1577782581004803,0.0019646845935988263
975600.00000104774,-18408.618792953966,37934.799742089926,6.9345816849927067,-2.7662340283933609,-1.3420665707292414,0.0019382397927688198
976500.00000115251,-20856.815549830448,36646.148748130589,8.6639076682578846,-2.6722508029940464,-1.5205739859796552,0.001903301535372249
977400.00000157161,-23215.218939585306,35199.731598412844,10.358017058448704,-2.5667648945145949,-1.6925322372163769,0.0018600065164236204
978300.00000136206,-25473.677431681812,33601.777789613028,12.009463896058628,-2.4502308089185174,-1.8572013082045438,0.00180852767770598
979200.00000115251,-27622.470094956563,31859.168919178275,13.610973941600827,-2.3231505704875817,-2.0138726130509066,0.0017490735457058669
980100.00000157161,-29652.348395970927,29979.409022988828,15.155476343402821,-2.186071554458954,-2.1618720385537005,0.0016818874232699371
981000.0000019907,-31554.575966279954,27970.592237026493,16.636134518544161,-2.0395841254287754,-2.3005628378590215,0.0016072464379638122
981900.00000209548,-33320.966164041063,25841.367922699465,18.046376116864547,-1.8843190917870469,-2.4293483628553485,0.001525460450888079
982800.00000157161,-34943.917261266673,23600.903414611686,19.379921938066456,-1.7209449878156184,-2.5476746231794092,0.001436870830435993
983700.00000167638,-36416.445116374918,21258.844540532034,20.630813689930406,-1.5501651943916757,-2.6550326617807829,0.0013418490950875307
984600.00000209548,-37732.213178504033,18825.274103696927,21.793440460371414,-1.3727149121519375,-2.7509607360323765,0.0012407954308132193
985500.00000251457,-38885.559715583848,16310.668478155792,22.862563808617018,-1.1893579980667253,-2.8350462966888164,0.0011341370869766038
986400.00000293367,-39871.522134807383,13725.852523826779,23.833341356452259,-1.0008836804235726,-2.9069277552816701,0.0010223266567061433
987300.00000335276,-40685.85829692788,11081.953009641949,24.701348781595094,-0.80810316585911313,-2.9662960329143924,0.0009058402468847005
988200.00000282889,-41325.064734434338,8390.3507424854779,25.462600117055167,-0.611846152734286,-3.012895884027476,0.00078517554315143945
989100.00000293367,-41786.391696275285,5662.6316009257425,26.113566265506936,-0.41295726522345683,-3.0465269895984481,0.00066084977526169938
990000.00000303844,-42067.854949921821,2910.5367089897004,26.651191635287311,-0.21229242511749644,-3.0670448148042317,0.00053339758977353623
990900.00000251457,-42168.244299075879,145.91192710986883,27.072908826857784,-0.010715174095627382,-3.0743612281479922,0.00040336883447654708
991800.00000293367,-42087.12877348339,-2619.343103394323,27.37665128662189,0.19090703646145607,-3.0684448788856105,0.00027132626178089781
992700.00000335276,-41824.858471496278,-5373.3261293296264,27.560863858075241,0.39170657128683717,-3.0493213313180485,0.000137843158534474
993600.00000345754,-41382.563047497009,-8104.1834881257428,27.624511171726382,0.59081933969084022,-3.0170729553219036,3.5009076465401104e-06
994500.00000356231,-40762.146849158104,-10800.161089736883,27.567083811553278,0.78738850827529261,-2.9718385734006811,-0.00013111350899037839
995400.0000039814,-39966.280726080069,-13449.654973748182,27.388602210986782,0.98056818311664318,-2.9138128657246591,-0.00026541005834785047
996300.0000044005,-38998.39054406884,-16041.261223726331,27.089618236569454,1.1695270456078053,-2.8432455355366679,-0.00039879824536994941
997200.00000387663,-37862.642455157584,-18563.825021121229,26.671214427219454,1.3534519261410869,-2.760440238444672,-0.00053068973275098325
998100.00000429573,-36563.92497921249,-21006.48864274428,26.135000863845402,1.5315513013703264,-2.6657532795347776,-0.00066050098072580055
999000.00000377186,-35107.827990256112,-23358.738159484081,25.483109663727863,1.7030586973827795,-2.5595920849584846,-0.00078765589251665298
999900.00000324799,-33500.61867241688,-25610.448687808901,24.718187089929174,1.8672359879318248,-2.4424134525974996,-0.00091158845472671327
1000800.0000030384,-31749.214571396267,-27751.92795122019,23.843383296977485,2.0233765699781876,-2.3147215908683814,-0.0010317453557717388
1001700.0000034575,-29861.153844844601,-29773.957990055678,22.862339733941848,2.1708084046929268,-2.1770659531062191,-0.0011475885685776224
1002600.0000029337,-27844.562844059885,-31667.83483166873,21.77917424656011,2.3088969101403705,-2.0300388771034532,-0.001258597881412891
1003500.0000030384,-25708.12115167885,-33425.40596289168,20.598463924369657,2.4370476940310732,-1.874273038838109,-0.0013642733616377495
1004400.0000034575,-23461.024255098237,-35039.105414457379,19.325225776835136,2.5547091125832071,-1.7104387334642428,-0.0014641377347060171
1005300.000003248,-21112.943987561659,-36501.986335621972,17.964895306014419,2.6613746465342412,-1.5392409931750708,-0.0015577386644447411
1006200.0000030384,-18673.986915098063,-37807.750906462112,16.523303075853924,2.7565850831095191,-1.3614165549420087,-0.0016446509188908012
1007100.0000028289,-16154.650857999095,-38950.777453708877,15.006649393351372,2.8399304941072625,-1.177730691916312,-0.0017244784071900048
1008000.0000026193,-13565.779724168659,-39926.144660591941,13.421477217827487,2.911052002068637,-0.9889739214659361,-0.0017968560750312851
1008900.0000030384,-10918.516848128924,-40729.652764782644,11.774643430491123,2.9696433267814224,-0.79595860402900276,-0.0018614516469478131
1009800.0000028289,-8224.2570496997432,-41357.841648810543,10.073288615013242,3.0154521051322809,-0.5995154484451326,-0.0019179672050853103
1010700.0000029337,-5494.5975897931958,-41808.005753558056,8.3248054819468909,3.0482809792511243,-0.40048993675925754,-0.0019661405966943405
1011600.0000024098,-2741.2882754405437,-42078.205738848184,6.5368061203580075,3.0679884474247272,-0.19973868693311786,-0.0020057466625989814
1012500.0000025146,23.819113468273592,-42167.276851235954,4.7170882130992036,3.0744894749003882,0.0018742339145269762,-0.0020365982824069135
1013400.000002305,2788.8218164604355,-42074.833956278635,2.8736004094501317,3.0677558615024618,0.20348102680032484,-0.0020585472321530012
1014300.0000027241,5541.8173303865942,-41801.273217401038,1.0144069946741421,3.0478163648012973,0.40421389603755759,-0.002071484852879028
1015200.0000025146,8270.9546211209836,-41347.770412943268,-0.85234793870640257,3.0147565782665389,0.6032087824375002,-0.0020753425288015698
1016100.000002305,10964.485142857662,-40716.275896670224,-2.7184766829788551,2.9687185648338126,0.79960908243858031,-0.0020700919758753875
1017000.0000024098,13610.813395780422,-39909.506227225043,-4.575784266893816,2.9099002477821876,0.9925693335522302,-0.0020557453418835179
1017900.0000028289,16198.546839581961,-38930.932499032657,-6.4161048219383687,2.8385545613248278,1.181258852847707,-0.0020323551205349392
1018800.000003248,18716.544928911091,-37784.765428053499,-8.2313377838945492,2.7549883648290998,1.364865311460532,-0.0020000138826304545
1019700.0000030384,21153.967072819596,-36475.937252728101,-10.013483775680999,2.6595611250774192,1.5425982307412271,-0.0019588538279803986
1020600.0000028289,23500.319305692374,-35010.080528655941,-11.754680007762447,2.5526833722950193,1.7136923846024059,-0.001909046162363755
1021500.000003248,25745.499465159057,-33393.503910889725,-13.447235037906607,2.4348149367764886,1.8774110932088985,-0.0018508003044372891
1022400.0000030384,27879.840682671125,-31633.16503055071,-15.083662739137445,2.3064629738651909,2.0330493938977963,-0.0017843629279767788
1023300.0000037719,29894.153023000315,-29736.640562728291,-16.656715347922717,2.1681797843173718,2.1799370774416502,-0.0017100168443638967
1024200.0000035623,31779.763047115288,-27712.093650626546,-18.159415416563878,2.0205604420294394,2.3174415732559197,-0.0016280797327083291
1025100.0000033528,33528.551183581796,-25568.238779383675,-19.585086577364486,1.8642402358812042,2.444970675215608,-0.0015389027222432654
1026000.0000034575,35132.986698494948,-23314.30429369941,-20.927382951429617,1.6998919397828267,2.5619750927988658,-0.0014428688354267689
1026900.0000035623,36586.160143003632,-20959.992694055098,-22.180317102226383,1.528222920679349,2.667950818757963,-0.0013403912978625862
1027800.0000036671,37881.813130851937,-18515.438886500564,-23.3382864119163,1.3499720971929747,2.762441302563448,-0.001231911722667697
1028700.0000034575,39014.365313476868,-15991.166572018727,-24.396097767570584,1.1659067623859294,2.8450394199563553,-0.0011178981774198975
1029600.000003248,39978.938442448278,-13398.042951747335,-25.348990460595239,0.97681928341733826,2.9153892305520301,-0.00099884314139584828
1030500.0000033528,40771.377408405948,-10747.231955460926,-26.192657198627515,0.78352369313947112,2.973187515379573,-0.00087526136221816909
1031400.0000031432,41388.268169828843,-8050.1461887841997,-26.923263146746052,0.58685218781331738,3.0181850879908492,-0.00074768762057505448
1032300.0000029337,41826.952495706755,-5318.3977935749845,-27.537462922031754,0.38765154505487942,3.0501878735431953,-0.00061667441165578303
1033200.0000027241,42085.539451391036,-2563.7484555169426,-28.032415464189771,0.18677947902020173,3.0690577506278598,-0.00048278955390715074
1034100.0000025146,42162.913582923342,201.9412442337518,-28.40579672659284,-0.01489905286445586,3.0747131525034748,-0.00034661373409647801
1035000.0000029337,42058.739761195306,2966.7629098689863,-28.655810132831373,-0.2165155753662443,3.0671294248263914,-0.00020873799903204412
1035900.0000027241,41773.46466551796,5718.8116121743424,-28.781194754920545,-0.41720183620369755,3.0463389382917341,-6.9761204894232343e-05
1036800.0000031432,41308.314897393175,8446.2371846036203,-28.781231182021056,-0.61609354857136611,3.0124309554120203,6.9712567045866818e-05
1037700.0000029337,40665.291735674604,11137.295257112966,-28.655745051497842,-0.81233411521689003,2.9655512521443614,0.00020907661479484699
1038600.0000033528,39847.162547863198,13780.397872403995,-28.40510823042634,-1.0050783227155895,2.9059014953371465,0.00034772423252647875
1039500.0000034575,38857.448903907374,16364.163403023527,-28.03023764230284,-1.1934959853677003,2.8337383792751369,0.00048505132583874505
1040400.000003248,37700.411432066743,18877.465606679249,-27.532591742688766,-1.3767755267979627,2.7493725241108593,0.00062045901713584663
1041300.0000033528,36381.031487350672,21309.481576755436,-26.914164659106191,-1.5541274814598114,2.6531671412349853,0.00075335622857488347
1042200.0000031432,34904.989714798612,23649.738381383213,-26.17747802263364,-1.7247879008834166,2.5455364715062805,0.00088316223166262219
1043100.0000026193,33278.641588069338,25888.158210538099,-25.32557052035844,-1.888021651397723,2.4269440021438498,0.0010093091538541771
1044000.0000027241,31508.990037617856,28015.101814929949,-24.361985216721219,-2.0431255874408221,2.2979004705655166,0.0011312444303754467
1044900.0000028289,29603.655290543087,30021.410048880727,-23.290754700430575,-2.1894315866367617,2.1589616640431606,0.0012484331907871265
1045800.000003248,27570.84203236537,31898.443359926652,-22.116384109086823,-2.3263094350372513,2.010726023203385,0.0013603605713949274
1046700.0000033528,25419.304058570553,33638.119022484243,-20.843832117821329,-2.4531695476126099,1.8538320616213904,0.0014665339417905424
1047600.0000037719,23158.30654474839,35232.945980916658,-19.478489959550028,-2.5694655140345457,1.6889556109335377,0.0015664850375142817
1048500.0000035623,20797.586117618812,36676.05713201264,-18.026158577049888,-2.6746964572207723,1.5168069048150929,0.0016597719885593552
1049400.0000033528,18347.308881849011,37961.238921406068,-16.493023993610795,-2.7684091953647534,1.3381275131944919,0.0017459812358818841
1050300.0000034575,15818.026601924634,39082.958112965505,-14.885631017786796,-2.8502001970545772,1.1536871413315017,0.001824729326891372
1051200.0000035623,13220.631219584648,40036.385623188486,-13.21085538893189,-2.9197173215062331,0.9642803070387983,0.0018956645827018985
1052100.0000039814,10566.307897263856,40817.417318444677,-11.475874477869759,-2.9766613363782595,0.77072291006849958,0.0019584686301205782
1053000.0000037719,7866.4868100027506,41422.691677918388,-9.6881366798471227,-3.0207872060209855,0.57384871003446647,0.0020128577913138112
1053900.000004191,5132.7938661138951,41849.604255308965,-7.8553296116534996,-3.0519051452401476,0.37450572617740785,0.0020585843259860498
1054800.0000042957,2377.0006092406156,42096.318866833892,-5.9853472741420806,-3.0698814332789048,0.17355257756277298,0.0020954375199948843
1055700.0000044005,-389.02652365472454,42161.775467654981,-4.0862562918978265,-3.0746389852706622,-0.028145223390580003,0.0021232446167695749
1056600.0000045053,-3153.377336231862,42045.694676279491,-2.166261395144558,-3.0661576782565159,-0.22971900549564794,0.0021418715870986471
1057500.00000461,-5904.1491938717054,41748.578931419397,-0.23367027951366753,-3.0444744307070319,-0.43030068640192276,0.0021512237345447309
1058400.0000044005,-8629.498302184873,41271.710276711863,1.7031420019970247,-3.009683035311852,-0.62902651631490503,0.0021512461340926817
1059300.000004191,-11317.690730164917,40617.144782912561,3.6357689703696447,-2.9619337458620203,-0.82504080218059173,0.002141923902521809
1060200.0000039814,-13957.152944011097,39787.703634692902,5.5558088138028774,-2.9014326203505219,-1.0174995951591022,0.002123282299704864
1061100.0000044005,-16536.521648437953,38786.960919210309,7.4549005012736549,-2.828440623167598,-1.2055743264816803,0.0020953866608272136
1062000.0000038766,-19044.692701092903,37619.228176489858,9.3247597504152129,-2.7432724909504071,-1.3884553745388177,0.0020583421604043911
1062900.0000039814,-21470.868925246257,36289.535765281646,11.15721472534147,-2.646295366191691,-1.5653555504198613,0.00201229340917396
1063800.0000034575,-23804.606558636537,34803.611150457204,12.94424127335879,-2.5379272065384799,-1.7355134827931975,0.0019574238868042609
1064700.0000029337,-26035.860202728178,33167.854177406414,14.677997601305117,-2.4186349747494478,-1.898196892264447,0.0018939552123893497
1065600.0000030384,-28155.026026916028,31389.309467246785,16.350858208129779,-2.28893261925761,-2.052705737383369,0.0018221462571467403
1066500.0000028289,-30152.983069933223,29475.636040338355,17.955446953678628,-2.1493788533524785,-2.1983752208988627,0.0017422921031057647
1067400.000003248,-32021.132461823177,27435.074295693878,19.484669127825978,-2.0005747424429878,-2.3345786435137095,0.0016547228523312663
1068300.0000036671,-33751.434381616942,25276.41050567618,20.931742374200539,-1.8431611111577424,-2.4607300918183559,0.0015598022926545021
1069200.0000037719,-35336.442611966602,23008.938962766275,22.290226356674463,-1.6778157803619382,-2.5762869504672232,0.0014579264249897628
1070100.000003248,-36769.336534361872,20642.421948358391,23.554051040001394,-1.5052506465570576,-2.6807522273934148,0.0013495218586690397
1071000.0000036671,-38043.950428485557,18187.047696968479,24.717543468500946,-1.3262086163444302,-2.7736766823219163,0.0012350440813695307
1071900.0000037719,-39154.79994664769,15653.386549086161,25.775452928467097,-1.1414604100438319,-2.8546607493845282,0.001114975611050652
1072800.000003248,-40097.105667977223,13052.34544887302,26.72297440630766,-0.95180124582107339,-2.9233562470976326,0.00098982403545132031
1073700.0000030384,-40866.813614439649,10395.121010868392,27.555770229482526,-0.75804742059755914,-2.9794678673064534,0.00086011994768741737
1074600.0000028289,-41460.612646852031,7693.151356048952,28.269989803358943,-0.56103280224391927,-3.0227544373160464,0.00072641478529138139
1075500.000003248,-41875.948673624938,4958.0669004473421,28.862287367117929,-0.36160524627926705,-3.0530299504686678,0.00058927857897335108
1076400.0000027241,-42111.035602934724,2201.6403422052117,29.329837681173601,-0.16062295484121125,-3.0701643602519426,0.00044929762028902368
1077300.0000031432,-42164.86300060396,-564.26398855710988,29.670349587110127,0.041049210270688481,-3.0740841352919115,0.00030707205321627311
1078200.0000029337,-42037.200412966013,-3327.7411314811279,29.882077362938475,0.24254343985250804,-3.0647725723306967,0.00016321340063216148
1079100.0000030384,-41728.598343340345,-6076.8967078995911,29.963829829971623,0.44299270474637037,-3.0422698663900203,1.8342029358617979e-05
1080000.0000031432,-41240.385873900792,-8799.8980611185925,29.914977151413943,0.64153447813633202,-3.0066729375136259,-0.00012691543535406344
1080900.0000026193,-40574.664945462049,-11485.025139499139,29.735455284870532,0.83731443935435834,-2.9581350149556793,-0.00027192873976721987
1081800.0000030384,-39734.301315127523,-14120.720906236096,29.42576804989617,1.0294901436179793,-2.8968649801875439,-0.00041606666805679747
1082700.0000031432,-38722.912239405821,-16695.641026957219,28.986986784992471,1.2172346397094671,-2.8231264720802773,-0.00055869973493399741
1083600.0000035623,-37544.850921603116,-19198.70267294758,28.420747569268727,1.3997400238990576,-2.7372367569516789,-0.00069920289830772552
1084500.0000036671,-36205.187803591944,-21619.13218241998,27.729246001018346,1.5762209114281842,-2.6395653691565175,-0.00083695827983660122
1085400.0000037719,-34709.688768214779,-23946.511412447311,26.915229524228831,1.7459178134104198,-2.5305325268755281,-0.00097135788519403467
1086300.0000035623,-33064.790357016966,-26170.822554945058,25.981987314493068,1.9081004026535771,-2.410607330554579,-0.0011018063114921603
1087200.0000030384,-31277.572098871897,-28282.491243925997,24.933337735603196,2.0620706557961723,-2.2803057507807747,-0.0012277234311184001
1088100.0000025146,-29355.726075646027,-30272.427754816144,23.773613398462182,2.2071658571909492,-2.1401884146205301,-0.0013485470384590231
1089000.0000026193,-27307.523847121436,-32132.0661289487,22.507643857094831,2.3427614522954747,-1.9908581991732466,-0.0014637354465545634
1089900.0000027241,-25141.780887511268,-33853.401042761085,21.140736000032035,2.4682737373140737,-1.8329576433110057,-0.0015727700186554227
1090800.0000022002,-22867.818671962559,-35429.022276721989,19.678652193580241,2.5831623744049201,-1.6671661875837116,-0.001675157620624634
1091700.000002305,-20495.424579603499,-36852.146627536778,18.127586257567348,2.6869327209167482,-1.4941972543510831,-0.0017704329784528521
1092600.0000024098,-18034.809802760268,-38116.647116098691,16.494137377566197,2.7791379617642757,-1.3147951819150221,-0.0018581609247895941
1093500.0000022002,-15496.565413618096,-39217.079384970704,14.785282040797616,2.8593810370652184,-1.1297320236600887,-0.0019379385205197084
1094400.0000026193,-12891.616792593524,-40148.705157429475,13.008344125088625,2.9273163555828221,-0.9398042271023106,-0.002009397035708451
1095300.0000027241,-10231.176631250528,-40907.512652974729,11.170963285464737,2.982651286198347,-0.74582920839716926,-0.0020722037755357106
1096200.0000022002,-7526.6966701792726,-41490.233886891969,9.281061754900259,3.0251474220382373,-0.54864183405821787,-0.0021260637394445478
1097100.0000016764,-4789.8184195936064,-41894.358762140553,7.3468097423016534,3.05462161049268,-0.34909082802295255,-0.0021707211006251181
1098000.0000017812,-2032.3230547163475,-42118.145900861673,5.3765895799589778,3.0709467452298167,-0.14803511815444381,-0.0022059604963426361
1098900.0000012573,733.91928296112656,-42160.630166306779,3.3789588054487334,3.0740523165882845,0.053659860881401393,-0.0022316081204579517
1099800.0000010477,3497.0005924568281,-42021.626844432576,1.3626123357294591,3.0639247180981539,0.2551258947028972,-0.0022475326119097807
1100700.0000008382,6245.026262856315,-41701.732463365573,-0.66365604824203683,3.0406073075534459,0.45549572683540346,-0.0022536457338111194
1101600.0000006286,8966.1662785076915,-41202.322250232144,-2.69099274083786,3.0042002226301445,0.65390679314514399,-0.0022499028406486282
1102500.0000001048,11648.706148293029,-40525.544234149776,-4.710523675872758,2.9548599517358896,0.84950493613266143,-0.002236303132152481
1103400.0000002095,14281.097336623774,-39674.310021615551,-6.7133938214119979,2.892798662059747,1.0414480828205639,-0.0022128896942526272
1104300,16852.006977137564,-38652.282286066002,-8.690806612909828,2.8182832879299671,1.2289098702293852,-0.0021797493290934273
1105200.0000001048,19350.366672339605,-37463.859019031923,-10.634063149437942,2.7316343830019267,1.4110832040761125,-0.002137012177107738
1106100.0000005239,21765.420140313458,-36114.154620799287,-12.534600945867545,2.6332247420198707,1.5871837332758472,-0.0020848511358126597
1107000.0000006286,24086.769529381174,-34608.977903239414,-14.384032080085053,2.5234777975083453,1.7564532272002489,-0.0020234810804429138
1107900.0000004191,26304.420191034744,-32954.807101714629,-16.174180551944556,2.4028657985086701,1.9181628404326401,-0.0019531578926743559
1108800.0000002095,28408.823714017733,-31158.762007503781,-17.897118680669433,2.2719077795249421,2.0716162506873492,-0.0018741773045543818
1109700,30390.919041675999,-29228.573336715635,-19.545202383332001,2.1311673281611463,2.2161526569732715,-0.0017868735650418955
1110600.0000004191,32242.171494966802,-27172.549466443757,-21.111105177936725,1.98125016099496,2.3511496251077522,-0.0016916179371636384
1111500.0000002095,33954.609522114828,-24999.540694225259,-22.587850753015328,1.822801519064307,2.4760257675879953,-0.0015888170349017984
1112400.0000003143,35520.859044966324,-22718.90114267591,-23.96884398686452,1.6565033918348491,2.5902432484049913,-0.0014789110072217684
1113300.0000004191,36934.175216160947,-20340.448515780037,-25.247900251506096,1.4830715846712874,2.6933100993032428,-0.001362371580450204
1114200.0000008382,38188.47148151548,-17874.421844670527,-26.419272903580534,1.3032526398167543,2.7847823398373448,-0.0012396999669006732
1115100.000000943,39278.345805828045,-15331.43742535441,-27.477678832369467,1.1178206255845877,2.8642658909289875,-0.0011114246505482181
1116000.0000010477,40199.103958639593,-12722.443121586528,-28.418321967083141,0.92757380632375752,2.9314182744119903,-0.00097809905904288697
1116900.0000011525,40946.779751309208,-10058.671244738895,-29.236914638474246,0.73333120852956124,2.9859500906621039,-0.00084029913316666929
1117800.000000943,41518.152143415122,-7351.5902038735076,-29.929696711781354,0.53592909710691627,3.0276262683375927,-0.00069862080385634971
1118700.0000007334,41910.759143442461,-4612.8551335776929,-30.493452411978666,0.33621737683782998,3.0562670807478627,-0.0005536773875796482
1119600.0000005239,42122.908442258624,-1854.2577170428108,-30.925524771453681,0.13505593482880693,3.0717489243385385,-0.00040609691136536089
1120500.0000003143,42153.684734447583,912.32458597570826,-31.223827643305714,-0.066689060854261697,3.0740048559738056,-0.00025651937839527098
1121400.0000001048,42002.953694600386,3674.9796819937947,-31.386855230846738,-0.26814889007863046,3.0630248865580634,-0.00010559398588118953
1122299.9999998952,41671.362590947916,6421.8121459816184,-31.41368909638663,-0.46845602170890055,3.038856029639438,4.6023693673345188e-05
1123200,41160.337533009755,9140.9944507578384,-31.304002620771051,-0.66674784996623271,3.001602104666524,0.00019767455551966489
1124100.0000004191,40472.077364259821,11820.81791309624,-31.058062897755946,-0.8621704107690602,2.9514232956036213,0.00034869881877719778
1125000.0000005239,39609.544225903759,14449.74313017971,-30.676730056755485,-1.0538820615679811,2.8885354667019376,0.00049843888338306746
1125900.000000943,38576.450828994784,17016.449698254441,-30.161454017405408,-1.2410571094975791,2.8132092380304461,0.00064624217652587508
1126800.0000004191,37377.244494959748,19509.884980846185,-29.514268693791266,-1.4228893708622121,2.725768825033537,0.00079146397566590143
1127700.0000002095,36017.08802110346,21919.311745756768,-28.737783668576572,-1.5985956487341244,2.6265906461282773,0.00093347019805003204
1128600,34501.837469013939,24234.354426641316,-27.835173381679454,-1.7674191107971542,2.5161017053741817,0.0010716401428051941
1129499.9999997905,32838.016955576684,26445.043844445889,-26.810163872368776,-1.9286325553454289,2.3947777559286396,0.0012053691761118523
1130399.9999995809,31032.790563123745,28541.860175361446,-25.667017136232847,-2.0815415497820609,2.2631412526976202,0.0013340713469696117
1131300,29093.931486601745,30515.773985306569,-24.410513162793738,-2.2254874283785249,2.1217591027056946,0.0014571819228188952
1132200.0000004191,27029.788554859439,32358.285148827334,-23.04592973371561,-2.3598501358863162,1.9712402231289883,0.0015741598339638174
1133100.0000005239,24849.250260526642,34061.459493701514,-21.579020061947794,-2.4840509052874862,1.8122329167641684,0.0016844900169906427
1134000.0000003143,22561.706462480026,35617.963001989345,-20.015988373287449,-2.5975547571941586,1.6454220768827148,0.0017876856465222563
1134900.0000004191,20177.00792028962,37021.093424865408,-18.363463531160981,-2.6998728103424727,1.4715262331091343,0.0018832902460973074
1135800.0000008382,17705.4238451417,38264.809167834443,-16.628470824332766,-2.7905643925738368,1.2912944518180942,0.0019708796686898826
1136700.000000943,15157.597639677795,39343.755329212952,-14.818402030982332,-2.8692389436178938,1.1055031036923033,0.0020500639388898755
1137600.0000010477,12544.501016838194,40253.286776713969,-12.940983886215738,-2.935557701143845,0.91495251239536035,0.0021204889487105721
1138500.0000014668,9877.3867104103265,40989.488155944098,-11.004245098217185,-2.9892351622155191,0.72046349998660253,0.002181837999287374
1139400.000000943,7167.7399730504458,41549.190750042457,-9.0164820482910173,-3.0300403141578087,0.52287384349195531,0.0022338331822496713
1140300.0000007334,4427.2290606198821,41929.986118261695,-6.9862233134266702,-3.0577976294897131,0.32303465728746461,0.0022762365949926971
1141200.0000008382,1667.654946084044,42130.236447970259,-4.9221931844483064,-3.0723878200923709,0.12180671920519257,0.0023088513840985327
1142100.000000943,-1099.0995468430781,42149.081582729785,-2.8332743158955944,-3.0737483478636971,-0.07994324558805993,0.0023315226131301694
1143000.0000007334,-3861.1209537121972,41986.442692877434,-0.72846967944119423,-3.0618736894175509,-0.28134630549879991,0.0023441379508827289
1143900.0000008382,-6606.5165157185138,41643.022573500377,1.3831360273350068,-3.0368153537631803,-0.48153507289816405,0.0023466281774409902
1144800.0000006286,-9323.4654172358605,41120.302570096268,3.4924153344984976,-2.9986816530564755,-0.67964744593344695,0.0023389675059684771
1145700.0000004191,-12000.269716746949,40420.536145411425,5.5902371675848288,-2.9476372275081468,-0.87483032716829989,0.0023211737192778098
1146600.0000002095,-14625.404736138085,39546.739116707009,7.6675060515993927,-2.8839023267127026,-1.0662433017589479,0.0022933081208372291
1147500.0000003143,-17187.568696738923,38502.676606129986,9.7152011891694112,-2.8077518506678323,-1.2530622596030083,0.0022554753008186346
1148400.0000001048,-19675.731380548874,37292.846764583424,11.724415241241951,-2.719514155068719,-1.434482945199673,0.0022078227187187775
1149300.0000002095,-22079.181621740954,35922.461334579326,13.686392658142255,-2.6195696258508931,-1.6097244209340664,0.002150540104593591
1150200,-24387.573401584403,34397.423147280642,15.592567381319746,-2.508349030135764,-1.7780324272033099,0.002083858682356316
1151099.9999997905,-26590.970374595719,32724.300639152578,17.434599778292949,-2.386331650025729,-1.938682626824493,0.0020080502184787368
1151999.9999998952,-28679.888610725837,30910.29951214734,19.204412636533686,-2.2540432085040734,-2.0909837180671511,0.0019234259012287946
1152900,-30645.337382002574,28963.231656095701,20.894226075368113,-2.1120535963053548,-2.2342804038706161,0.0018303350556090909
1153800.0000001048,-32478.857821591395,26891.481464694349,22.496591233065406,-1.9609744095360822,-2.3679562048100919,0.001729163699826656
1154699.9999998952,-34172.5592826141,24703.96969740494,24.004422583370545,-1.801456309331938,-2.4914361033642352,0.0016203329502301094
1155599.9999996857,-35719.153246706563,22410.115039187775,25.411028752612335,-1.6341862147833197,-2.6041890087187611,0.0015042972817302181
1156499.9999994761,-37111.984633339416,20019.793529928535,26.710141706879632,-1.4598843417836127,-2.7057300314427741,0.001381542651740191
1157399.9999992666,-38345.060381333155,17543.296033357659,27.895944193982913,-1.279301100268752,-2.7956225588830339,0.001252584495591818
1158299.999999057,-39413.075178592204,14991.28393212224,28.963095326120019,-1.0932138635069935,-2.8734801224702484,0.0011179656022075447
1159199.9999988475,-40311.434232277556,12374.743237691875,29.906754200566571,-0.9024236232037689,-2.9389680493193326,0.000978253878866978
1160099.9999992666,-41036.272982458591,9704.9373128841125,30.722601462172015,-0.7077515448081042,-2.9918048912937847,0.00083404001428934161
1160999.999999057,-41584.473674277637,6993.3584190785241,31.406858718131321,-0.51003543840669452,-3.0317636255706679,0.00068593504991100993
1161899.9999991618,-41953.678725538186,4251.6782693240875,31.956305733981544,-0.31012615830143753,-3.0586726223215939,0.0005345678674111452
1162799.9999995809,-42142.300823723461,1491.6978365941893,32.368295329406031,-0.10888394929163948,-3.0724163748907265,0.00038058260405351605
1163700,-42149.529718356091,-1274.7033979687744,32.640765921429725,0.092825247046277828,-3.0729359901468949,0.00022463600375014341
1164600.0000001048,-41975.335676680836,-4035.6185272479629,32.772251657846823,0.2941335095529975,-3.0602294368030494,6.7394713981152438e-05
1165500.0000005239,-41620.469588436186,-6779.1644186292306,32.761890096835799,0.49417466291438533,-3.0343515507530467,-9.0467462422512621e-05
1166400.0000012573,-41086.459721091414,-9493.5327993749597,32.609427396216425,0.69208799454635284,-2.995413797571266,-0.0002482723505676963
1167300.0000010477,-40375.60513947998,-12167.041025804927,32.315220985906947,0.88702194851677874,-2.9435837931914683,-0.00040534021373453822
1168200.0000014668,-39490.965814129238,-14788.18232146696,31.88023970093456,1.0781377810778108,-2.8790845844930315,-0.00056099258173401042
1169100.0000015716,-38436.349468555818,-17345.675241455418,31.306061366799995,1.2646131603240369,-2.8021936933735376,-0.00071455508682953972
1170000.0000013621,-37216.295212087207,-19828.512188485409,30.59486782969779,1.4456456974604914,-2.7132419275769588,-0.00086536030052505202
1170900.0000014668,-35836.054033019333,-22226.006749201431,29.74943743758412,1.6204563929694351,-2.6126119635719194,-0.0010127505608858907
1171800.000000943,-34301.566236916398,-24527.839650258451,28.773134986151248,1.7882929831939409,-2.5007367074752227,-0.0011560807814102142
1172700.0000010477,-32619.435914589816,-26724.103154780281,27.669899143165516,1.9484331743522714,-2.378097439975241,-0.0012947212331867926
1173600.0000014668,-30796.902568141431,-28805.343677030603,26.444227392807267,2.1001877478355531,-2.2452217543940631,-0.0014280602886406341
1174500.0000015716,-28841.809994708383,-30762.602465540116,25.101158524911543,2.2429035258766961,-2.102681294927323,-0.0015555071187116245
1175400.0000010477,-26762.572573497233,-32587.454158629516,23.646252724895572,2.3759661832589924,-1.9510893054552645,-0.0016764943313606511
1176300.0000005239,-24568.139091357523,-34272.043056222959,22.085569316298635,2.4988028936054656,-1.7910979985781892,-0.0017904805405949565
1177200.0000003143,-22267.954271722836,-35809.116941620799,20.425642231359458,2.6108847980079832,-1.6233957567064747,-0.0018969528532493895
1178100.0000004191,-19871.918163632519,-37192.058315310351,18.673453283773078,2.7117292857963515,-1.4487041764712445,-0.001995429261289591
1179000.0000002095,-17390.343568664091,-38414.912902209689,16.836403337602633,2.8009020771743027,-1.2677749692940585,-0.002085460926069164
1179900.0000003143,-14833.911675109588,-39472.415314716192,14.922281465939633,2.8780190989634762,-1.0813867303709215,-0.0021666343412058958
1180800.0000001048,-12213.626116908394,-40360.011746019489,12.939232235246385,2.9427481441125019,-0.89034159187702555,-0.0022385733590136471
1181700.0000002095,-9540.7656251571716,-41073.879610293254,10.895721222114565,2.9948103087035607,-0.69546177261420039,-0.0023009410675545079
1182600.0000003143,-6826.835498088225,-41610.944033557527,8.8004989200681383,3.0339811992630645,-0.49758604059394018,-0.0023534415037292995
1183500.0000004191,-4083.5180835648357,-41968.89112894766,6.6625631785002337,3.0600919053832905,-0.29756610276095447,-0.0023958211896192723
1184400.0000002095,-1322.6224997185134,-42146.177994917532,4.4911203479511617,3.0730297330337146,-0.096262938393616687,-0.0024278704794143255
1185300.0000003143,1443.9662054699445,-42142.039394727028,2.2955452947358874,3.0727386954135305,0.10545690906880517,-0.0024494247059690909
1186200.0000001048,4204.3382114906653,-41956.491085573813,0.085340489341785314,3.0592197589571195,0.30672506384436027,-0.0024603651168743647
1187100.0000002095,6946.6102100056705,-41590.329784033122,-2.1299056630440725,3.0325308434709206,0.50667505931779822,-0.0024606195922374993
1188000,9658.9765617726607,-41045.12976769606,-4.3405610234882603,2.9927865763761727,0.70444607049800301,-0.0024501631375852414
1188900.0000001048,12329.760139562335,-40323.236124915631,-6.5369922751239091,2.9401578019387768,0.89918662370973212,-0.0024290181476104484
1189799.9999998952,14947.462605208355,-39427.754685269043,-8.7096076002371472,2.8748708479038947,1.090058265030132,-0.0023972544382785156
1190699.9999993714,17500.813928144245,-38362.538670375172,-10.848899289581997,2.7972065524889227,1.2762391733129188,-0.0023549890467738244
1191599.9999997905,19978.820920295013,-37132.172123759286,-12.945486066307677,2.7074990560960384,1.4569277012933637,-0.0023023858006438946
1192499.9999998952,22370.81456965275,-35741.950197229293,-14.990154910920406,2.6061343634875191,1.6313458288331768,-0.0022396546595709931
1193399.9999993714,24666.495994017045,-34197.856366821201,-16.973902206099808,2.4935486818531576,1.7987425152428764,-0.0021670508340270946
1194299.9999988475,26855.980795208714,-32506.53668461592,-18.887973985484848,2.3702265426250602,1.9583969346413683,-0.0020848736873142907
1195199.9999992666,28929.84162468871,-30675.271179266219,-20.723905096160259,2.2366987153684366,2.1096215805689496,-0.0019934654285821037
1196099.999999057,30879.148779192401,-28711.942529866916,-22.473557091778048,2.0935399229288274,2.2517652266519419,-0.0018932096054720159
1196999.9999991618,32695.50866853966,-26625.002130669745,-24.129154695209561,1.9413663664838032,2.3842157318538009,-0.0017845294049623306
1197899.9999992666,34371.099958011626,-24423.433722418438,-25.683320634679983,1.7808330733805482,2.5064026759638125,-0.0016678857741336847
1198799.9999987427,35898.707258491544,-22116.714720953507,-27.129108720862316,1.6126310773319981,2.6177998161499958,-0.0015437753704012516
1199699.9999988475,37271.752205983044,-19714.775420696511,-28.460035005034413,1.4374844439482606,2.7179273531079446,-0.0014127283531126804
1200599.9999986379,38484.321793835428,-17227.95625782248,-29.670106877365196,1.2561471550842014,2.8063539969245905,-0.0012753060287860219
1201499.999999057,39531.193851070922,-14666.963291162674,-30.753849993135454,1.0693998635114872,2.8826988249677776,-0.0011320983606514688
1202399.9999994761,40407.859538884593,-12042.822124701699,-31.706332893142218,0.87804653420316037,2.9466329225525869,-0.0009837213565931154
1203299.9999995809,41110.542783882447,-9366.8304412138223,-32.523189228622513,0.68291098453974386,2.9978808005170627,-0.0008308143464517922
1204200,41636.216555770843,-6650.5093667446063,-33.200637488903027,0.4848333393877382,3.0362215830362054,-0.00067403716224272733
1205100.0000001048,41982.615921338584,-3905.5538749815037,-33.73549815151074,0.28466641621104777,3.0614899607471919,-0.00051406723413554515
1205999.9999995809,42148.247820376499,-1143.7824360163106,-34.125208186909319,0.083272055035293058,3.073576905247573,-0.00035159661463953922
1206900,42132.397519047357,1622.9138720788842,-34.367832857360632,-0.11848259090574413,3.0724301417282689,-0.00018732894412449292
1207799.9999997905,41935.131713521543,4382.6225494861565,-34.462074761967401,-0.31972878648583108,3.0580543777443547,-2.1976372005605724e-05
1208699.9999998952,41557.298270292733,7123.4609860617011,-34.407280097475429,-0.51959995547363735,3.030511287097819,0.00014374355608228858
1209599.9999996857,41000.522603880752,9833.6276195626069,-34.203442106457352,-0.71723541058276974,2.9899192488280915,0.00030911102852807047
1210499.9999991618,40267.200706138305,12501.452766601093,-33.851201705222032,-0.91178406017077585,2.9364528422730034,0.00047340710498235784
1211399.9999989523,39360.488855652424,15115.448887805194,-33.351845289488359,-1.1024080742599456,2.8703421001864178,0.00063591684629323974
1212299.9999993714,38284.29005474013,17664.360064364402,-32.70729973279429,-1.2882864936801277,2.7918715232709852,0.00079593242366017775
1213199.9999991618,37043.237249141166,20137.210486165652,-31.920124600889483,-1.4686187677928029,2.7013788600280875,0.00095275619485141541
1214099.9999989523,35642.673396105456,22523.351748113044,-30.993501613584606,-1.6426282059700206,2.599253656592504,0.0011057037350317243
1214999.9999993714,34088.628477800572,24812.508725333446,-29.931221408601452,-1.809565326089932,2.4859355834934891,0.0012541068079446307
1215899.9999991618,32387.793551988452,26994.823848307256,-28.737667662496623,-1.968711086957152,2.3619125459227348,0.0013973162661980341
1216799.9999989523,30547.491944077501,29060.899591741996,-27.417798632929777,-2.1193799910054159,2.2277185849822039,0.0015347048688418915
1217699.9999984284,28575.647718683838,31001.838972848102,-25.977126212741052,-2.2609230422925983,2.0839315798766069,0.0016656700030368633
1218599.9999982188,26480.751552770318,32809.283902457166,-24.421692577547645,-2.392730548261266,1.9311707598588828,0.0017896362995371597
1219499.999997695,24271.824168299416,34475.451209820603,-22.758044535939508,-2.514234752070998,1.7700940373713046,0.0019060581300391398
1220399.9999977998,21958.377467810005,35993.16619772702,-20.99320568278976,-2.6249122849040911,1.601395172788165,0.0020144219766471527
1221299.9999975902,19550.373560488875,37355.893566205305,-19.134646490906597,-2.7242864262952882,1.425800784411575,0.0021142486622280666
1222199.9999973807,17058.181828322886,38557.765590005678,-17.190252449460331,-2.8119291639514374,1.2440672146296881,0.0022050954334783121
1223099.9999971711,14492.534246391413,39593.607408001393,-15.168290408361218,-2.8874630425527372,1.0569772678771701,0.00228655788638343
1223999.9999972759,11864.479126718505,40458.959329195102,-13.077373255499307,-2.950562794424787,0.86533683281201079,0.0023582717268431992
1224899.999996752,9185.3335061712642,41150.096048405503,-10.926423095005616,-3.0009567441330098,0.66997140487572282,0.0024199143581310123
1225799.9999971711,6466.6343586288021,41664.042697295488,-8.724633064725305,-3.0384279814415964,0.47172252249558938,0.0024712062890967302
1226699.9999972759,3720.0888789137312,41998.58765036289,-6.4814279863859277,-3.0628152966579996,0.2714441351180199,0.0025119123561445304
1227599.9999973807,957.52401368000528,42152.292041057852,-4.2064239857738004,-3.0740138749997041,0.069998916011908621,0.0025418427546935129
1228499.9999974854,-1809.1645132255508,42124.495938999593,-1.9093872799464602,-3.0719757463425617,-0.13174546192759426,0.0025608538750398514
1229399.9999975902,-4568.0634712540177,41915.321164901638,0.3998077000628647,-3.0567099886106601,-0.33292007189131234,0.0025688489393773674
1230299.9999980093,-7307.2934633418172,41525.670731171362,2.7112206675634809,-3.0282826839295982,-0.53265848369168034,0.0025657784373125229
1231199.9999984284,-10015.060117415356,40957.224911089623,5.0148881407734445,-2.9868166277896142,-0.73010050299504914,0.0025516403581922215
1232099.9999982188,-12679.704905954133,40212.433953793916,7.3008662211338384,-2.9324907925446282,-0.92439588277321882,0.0025264802194180495
1232999.999997695,-15289.755374917646,39294.507476640028,9.559273306971054,-2.865539547654393,-1.1147079908409983,0.0024903908908521801
1233899.9999977998,-17833.974560377304,38207.400582780603,11.78033255576962,-2.7862516402957196,-1.3002174171481276,0.0024435122164142538
1234799.9999982188,-20301.409375238993,36955.796768453903,13.954413909758575,-2.6949689412128803,-1.4801255048123576,0.0023860304350407317
1235699.9999986379,-22681.43777311606,35545.087688738633,16.072075519338792,-2.5920849610135623,-1.6536577907084296,0.0023181774036530691
1236599.9999984284,-24963.814473829167,33981.349873753643,18.124104377580409,-2.4780431438306891,-1.820067339814466,0.0022402296260490544
1237499.9999991618,-27138.715059313232,32271.318493714964,20.101555998332941,-2.3533349457540633,-1.978637959326526,0.0021525070922299139
1238399.9999992666,-29196.778230190928,30422.358303741727,21.995792951651204,-2.2184977078121091,-2.1286872772414518,0.0020553719345311511
1239299.9999993714,-31129.146081299874,28442.43186586666,23.79852212989146,-2.0741123308464089,-2.2695696751092029,0.0019492269054133995
1240199.9999994761,-32927.502185257843,26340.065213826336,25.501830553352299,-1.9208007645829113,-2.4006790596515595,0.0018345136853954171
1241099.9999995809,-34584.107339593669,24124.311097912789,27.098219582168586,-1.7592233211263981,-2.5214514628286393,0.0017117110283816695
1242000,-36091.832823291741,21804.709968895655,28.580637390771912,-1.5900758246683178,-2.631367459266464,0.0015813327528628822
1242899.9999997905,-37444.191015451172,19391.248878069167,29.942509564935083,-1.4140866104863885,-2.7299543904923325,0.0014439255885825906
1243800.0000002095,-38635.363257799436,16894.318451861869,31.177767707169899,-1.2320133849232966,-2.8167883875706963,0.0013000668872862249
1244700.0000003143,-39660.22482239698,14324.668162180862,32.280875912848508,-1.0446399625678264,-2.8914961822676606,0.0011503622097738964
1245599.9999997905,-40514.366902777823,11693.360043633682,33.246855033327826,-0.85277289171280479,-2.9537567010367964,0.00099544279752584227
1246500.0000002095,-41194.115519332598,9011.7210829797386,34.071304611868761,-0.65723798453054982,-3.0033024341269954,0.00083596294137691532
1247400,-41696.547261314648,6291.2944951973877,34.750422405081842,-0.45887676756047296,-3.0399205744150359,0.0006725972591428035
1248299.9999994761,-42019.501810552843,3543.7900513732029,35.281021425688706,-0.25854286447163566,-3.0634539222123269,0.00050603789107507471
1249199.9999992666,-42161.591180465926,781.0337194957815,35.660544422868824,-0.057098330009919596,-3.073801551441627,0.00033699162761745169
1250099.9999993714,-42122.205640515051,-1985.0831882137052,35.887075752578795,0.1445900509195234,-3.0709192352190602,0.00016617697984866358
1250999.9999991618,-41901.516300495452,-4742.6551476218237,35.959350590776126,0.345654483648209,-3.0548196291562708,-5.6787959865434684e-06
1251899.9999995809,-41500.474342687543,-7479.8136123761806,35.876761451784674,0.54522988764478153,-3.0255722116527402,-0.00017784270810260289
1252799.9999993714,-40920.806909255683,-10184.778025434571,35.63936198755006,0.74245760700173891,-2.9833029818174546,-0.0003495790605123102
1253699.9999991618,-40165.009657426643,-12845.906475227603,35.247868051499495,0.93648909485764809,-2.9281939159873813,-0.00052015249749071569
1254599.9999992666,-39236.336021027673,-15451.745732264973,34.703656022502948,1.1264895527666927,-2.8604821856608043,-0.00068883104728305192
1255499.999999057,-38138.783220904363,-17991.080484379348,34.008758393174901,1.3116415120301643,-2.7804591399012843,-0.00085488915649279101
1256399.9999991618,-36877.075080942835,-20452.981557718711,33.165856633299619,1.4911483417246887,-2.6884690562558715,-0.0010176107047826196
1257299.9999989523,-35456.641733094046,-22826.852895790587,32.178271357695479,1.6642376670598735,-2.58490766613092,-0.0011762919885537769
1258199.999999057,-33883.596280386293,-25102.477132274274,31.049949818633923,1.8301646862910133,-2.4702204594778947,-0.0013302446664012024
1259099.9999991618,-32164.708536928727,-27270.059522937292,29.785450775950324,1.9882153692427784,-2.3449007772543324,-0.0014787986543659591
1259999.9999992666,-30307.37594064997,-29320.270078734615,28.389926782497398,2.1377095260514531,-2.2094876984029561,-0.0016213049638135076
1260899.9999993714,-28319.59177028319,-31244.283704488465,26.869103946779713,2.2780037319376221,-2.0645637306821012,-0.0017571384718670601
1261799.9999991618,-26209.910797833101,-33033.818176242465,25.229259234622539,2.4084940958627814,-1.9107523146521992,-0.0018857006156756558
1262699.9999992666,-23987.412523559749,-34681.169791862783,23.477195383322812,2.528618860980075,-1.7487151512764134,-0.0020064220011682685
1263599.9999987427,-21661.662157312545,-36179.246536588864,21.620213515338381,2.6378608252595575,-1.5791493648294832,-0.002118764916497397
1264499.9999985332,-19242.669493574336,-37521.598634149675,19.666083526379524,2.7357495727306667,-1.4027845116281221,-0.0022222257414093601
1265399.9999986379,-16740.845878242693,-38702.446333786982,17.623012364405689,2.8218635042657758,-1.2203794488191273,-0.0023163372410764443
1266299.9999987427,-14166.959441045146,-39716.704822341635,15.499610300035544,2.8958316596254092,-1.0327190757378251,-0.0024006707344237273
1267199.9999988475,-11532.088775019192,-40560.006155532967,13.30485529777205,2.9573353228238068,-0.84061096094013776,-0.002474838126073665
1268099.9999989523,-8847.575282294596,-41228.718103104475,11.048055633129028,3.0061094028974309,-0.64488187081295434,-0.0025384937896034284
1268999.9999987427,-6124.9743767714263,-41719.959832655426,8.7388108829967557,3.0419435843520732,-0.44637421362583335,-0.0025913362908407244
1269899.9999991618,-3376.0057514126561,-42031.614361482323,6.3869714367023098,3.0646832418971584,-0.24594241418198221,-0.0026331099391070549
1270799.9999986379,-612.50294537561535,-42162.337718444935,4.0025967060318779,3.0742301150152977,-0.04444923627592845,-0.002663606154109658
1271699.9999984284,2153.637608703114,-42111.564780218272,1.5959121734431785,3.0705427395678431,0.1572379337984576,-0.0026826646374770034
1272599.9999985332,4910.5077968747391,-41879.511750219353,-0.82273450579076024,3.0536366339533552,0.35825082357323024,-0.0026901743372417623
1273499.9999983236,7646.2390968804366,-41467.175272912718,-3.2429181759666701,3.023584239152544,0.55772401592604659,-0.0026860741955974589
1274399.9999987427,10349.053697390611,-40876.328182830541,-5.6541814350723456,2.9805146125166631,0.75479867997144034,-0.0026703536708105454
1275299.9999985332,13007.315213977621,-40109.511909819914,-8.0460802387848673,2.9246128768149267,0.94862627294552937,-0.0026430530258178091
1276199.9999986379,15609.578818238972,-39170.025567077231,-10.408229673375654,2.856119426466774,1.1383721995109113,-0.0026042633776447448
1277099.9999984284,18144.640527326177,-38061.911776358487,-12.730349648410012,2.7753288949532453,1.3232194098722931,-0.002554126503925975
1277999.9999982188,20601.585470696074,-36789.939283871528,-15.002310316442502,2.6825888873738317,1.5023719231796402,-0.0024928344043775685
1278899.9999980093,22969.834907231638,-35359.582446594191,-17.214176982914754,2.5782984840590371,1.6750582595322041,-0.0024206286175176336
1279799.9999977998,25239.191794673246,-33776.997676945663,-19.356254291364646,2.4629065217704085,1.840534766022198,-0.0023377992948248089
1280699.9999982188,27399.884719357848,-32048.996943870639,-21.419129471991916,2.3369096597762691,1.9980888227282281,-0.0022446840363100182
1281599.9999986379,29442.609982755566,-30183.018454934107,-23.393714428471352,2.2008502400367131,2.1470419137613321,-0.0021416664940791313
1282499.9999984284,31358.571682004418,-28187.094633238223,-25.271286474981395,2.0553139499478998,2.2867525514675955,-0.0020291747509747931
1283399.9999985332,33139.519602344342,-26069.817531290042,-27.043527516856223,1.9009272981560883,2.4166190405157502,-0.0019076794837584194
1284299.9999980093,34777.784746301608,-23840.301847219707,-28.702561473687275,1.7383549156380165,2.5360820691343786,-0.0017776919224008752
1285199.9999977998,36266.312374463341,-21508.145672318133,-30.240989793291099,1.5682966915712586,2.6446271184346215,-0.001639761615507224
1286099.9999972759,37598.692386701739,-19083.389172989664,-31.651924859713883,1.3914847589021129,2.7417866774231427,-0.0014944740165201299
1286999.9999970663,38769.18693557581,-16576.471357517938,-32.929021161413566,1.2086803406513038,2.8271422559110322,-0.0013424479025655686
1287899.9999971711,39772.755139948596,-13998.185132131475,-34.066504062264549,1.0206704719147321,2.9003261858079243,-0.0011843326410587575
1288799.9999966472,40605.074797647452,-11359.630835789854,-35.059196049159326,0.82826461138982033,2.9610232035409099,-0.0010208053183445578
1289699.999996752,41262.561007912373,-8672.1684397910776,-35.902540343272051,0.63229115598791241,3.0089718072062275,-0.00085256774432329618
1290599.9999962281,41742.381613398269,-5947.3686507470284,-36.592621758303601,0.43359387589085369,3.0439653819839707,-0.00068034335013566366
1291499.9999963329,42042.469409403231,-3196.9630778110109,-37.126184732118567,0.23302828172232476,3.0658530900988152,-0.00050487399098955276
1292399.9999961234,42161.531054019921,-432.79374026356408,-37.500648436393817,0.031457943885561578,3.074540520574546,-0.00032691667324224739
1293299.9999959138,42099.052653024206,2333.2379317955338,-37.714118917941754,-0.17024922489343033,3.0699900969357832,-0.00014724021691149081
1294199.9999963329,41855.301987243365,5089.2223353611562,-37.765398210052133,-0.37122470436506622,3.0522212405446076,3.3378128072633443e-05
1295099.9999964377,41431.327377476606,7823.2929711359466,-37.653990384136449,-0.57060310443947815,3.0213102892280159,0.00021415609801715276
1295999.9999965425,40828.953188906838,10523.677546202123,-37.380104517667313,-0.76752589036909213,2.9773901713269959,0.0003943098495112262
1296899.9999966472,40050.771996075702,13178.74866321125,-36.944654569451146,-0.96114507808067562,2.9206498366673661,0.0005730573951548255
1297799.9999964377,39100.133440669051,15777.073893687224,-36.349256167325493,-1.1506268850065677,2.8513334467428271,0.00074962202723591386
1298699.9999962281,37981.129828079029,18307.465018248935,-35.596220324505374,-1.335155320672923,2.7697393273782778,0.00092323571467881711
1299599.9999960186,36698.578527816797,20759.026212376823,-34.688544117686448,-1.5139357009799415,2.6762186885149704,0.0010931424582524142
1300499.999995809,35258.001250235851,23121.200980082365,-33.629898369086391,-1.6861980718182317,2.5711741162817017,0.0012586015905736514
1301399.9999959138,33665.600285829954,25383.81763403253,-32.424612386653848,-1.8512005273631513,2.4550578435108887,0.0014188910071225287
1302299.9999960186,31928.231816070092,27537.133114271164,-31.077655836417552,-2.008232407894686,2.3283698065070446,0.0015733103138978019
1303199.9999961234,30053.376400415305,29571.874972257679,-29.59461782048194,-2.1566173644839624,2.1916554955576446,0.0017211838796254931
1304099.9999959138,28049.106773373915,31479.281326747216,-27.9816832584069,-2.295716276386472,2.0455036088126928,0.001861863778862132
1304999.9999960186,25924.053082906688,33251.138627061504,-26.245606670260589,-2.4249300090712245,1.890543518979767,0.0019947326142162568
1305899.9999961234,23687.36572910882,34879.817050655482,-24.393683483630483,-2.543702000159108,1.7274425643119189,0.0021192062050855464
1306799.9999959138,21348.675953647773,36358.303391360583,-22.433718982229223,-2.6515206626704497,1.5569031747680169,0.0022347361322552243
1307699.9999957043,18918.054349043749,37680.231293337623,-20.373995030374786,-2.7479215948642719,1.3796598456058562,0.0023408121274199351
1308599.9999954947,16405.96747619224,38839.908693389887,-18.223234725867258,-2.8324895864927013,1.1964759721038101,0.0024369642969865085
1309499.9999952852,13823.232769141303,39832.342358730602,-15.990565127884203,-2.9048604130669107,1.008140558452304,0.0025227651711453446
1310399.9999947613,11180.971922411483,40653.259412051048,-13.685478221789584,-2.9647224100737595,0.81546481507492363,0.0025978315693395968
1311299.9999951804,8490.5629580024033,41299.125750438252,-11.317790286063323,-3.0118178201563737,0.61927865880686672,0.0026618262741750125
1312199.9999952852,5763.5912011380751,41767.161272396683,-8.8975998563771235,-3.0459439068420719,0.42042713271736348,0.0027144595060341285
1313099.9999950756,3011.7993401182775,42055.351857062073,-6.4352444365452257,-3.0669538305906725,0.21976675847866173,0.0027554901930270269
1313999.9999954947,247.03681597190624,42162.458033665229,-3.9412561692861581,-3.0747572825162961,0.018161839340772198,0.0027847270299388538
1314899.9999952852,-2518.7912399135862,42088.020307824117,-1.4263166580595392,-3.0693208732406601,-0.18351927021125938,0.0028020293219236441
1315799.99999539,-5273.7753291594227,41832.36112146885,1.0987888920616096,-3.0506682751111036,-0.38440791400026608,0.0028073076095886367
1316699.9999951804,-8006.0529007503947,41396.583436966379,3.6232179732349095,-3.0188801170535666,-0.58363888300888378,0.0028005240723961329
1317599.9999946565,-10703.85947931378,40782.565951927209,6.1361173544395466,-2.9740936325272833,-0.78035415041824419,0.002781692709121601
1318499.999994447,-13355.579359220334,39992.954965247198,8.6266697166903654,-2.9165020621117046,-0.97370657452912024,0.002750879294487829
1319399.9999945518,-15949.795646305558,39031.152932760357,11.084140143655958,-2.8463538135938711,-1.1628635534463172,0.0027082011125393371
1320299.9999943422,-18475.339440984946,37901.303760497343,13.497922277022047,-2.7639513831630893,-1.347010616291987,0.0026538264680857392
1321199.9999941327,-20921.337949155346,36608.274897903269,15.85758393743385,-2.6696500424018965,-1.5253549351936806,0.0025879739784664948
1322099.9999942374,-23277.261301076349,35157.636314537362,18.152912003664845,-2.5638562973380155,-1.6971287418657903,0.0025109116492757562
1322999.9999940279,-25532.967881736105,33555.636452311832,20.373956362622685,-2.4470261264714792,-1.8615926343332285,0.0024229557384760425
1323899.999994447,-27678.747990948639,31809.175248026186,22.511072755651657,-2.3196630049099451,-2.0180387604564132,0.0023244694136612346
1324799.9999948661,-29705.365615365165,29925.77436416507,24.554964308937098,-2.1823157249119625,-2.165793862326518,0.0022158612098337983
1325699.9999949709,-31604.098165276519,27913.544735618321,26.496721603047348,-2.0355760209359759,-2.3042221707963595,0.0020975832936521764
1326599.9999950756,-33366.773984727435,25781.151587291577,28.327861091059788,-1.8800760107439674,-2.4327281362218662,0.0019701295429045084
1327499.9999954947,-34985.807476942035,23537.777075968759,30.040361705093751,-1.7164854639845488,-2.5507589839736773,0.0018340334501473295
1328399.9999949709,-36454.231700469049,21193.080713853553,31.626699502644282,-1.5455089099621937,-2.6578070842985206,0.001689865859833835
1329299.999994447,-37765.728300020914,18757.157737354613,33.079880211065657,-1.3678825967248156,-2.7534121267740992,0.0015382325487290898
1330199.9999945518,-38914.654631178819,16240.495621361335,34.393469520093795,-1.1843713162476763,-2.8371630892870905,0.0013797716617986329
1331099.9999946565,-39896.067973089841,13653.928919026881,35.561621006100978,-0.99576510898095771,-2.9086999940425469,0.00121515101467096
1331999.999994447,-40705.746731503503,11008.5926080605,36.579101578993708,-0.8028758610595762,-2.9677154437364104,0.0010450652738625056
1332899.9999942374,-41340.208533803154,8315.8741603964409,37.441314338042744,-0.60653381004428741,-3.0139559309892543,0.00087023302828275059
1333799.9999943422,-41796.725142466348,5587.3645419295362,38.144318746398106,-0.40758397427337295,-3.0472229159546504,0.00069139376499008538
1334699.999994447,-42073.334127396658,2834.8083460253279,38.68484804689551,-0.20688252063787813,-3.0673736680368959,0.00050930476199039832
1335599.9999945518,-42168.847247715486,70.053272615563856,39.060323849865661,-0.0052930861355632419,-3.0743218683841373,0.0003247379113793739
1336499.9999946565,-42082.855507451881,-2695.0008197487782,39.268867834310875,0.19631693035347492,-3.0680379708156069,0.00013847648715014209
1337399.9999941327,-41815.730866842081,-5448.4530800133034,39.309310521073279,0.39708009101882163,-3.0485493200753782,-4.8688129267201454e-05
1338299.9999945518,-41368.624600414172,-8178.4528387328337,39.181197084534723,0.5961326416925764,-3.0159400269621806,-0.00023595975269042319
1339199.9999946565,-40743.462315135061,-10873.250532738168,38.884790184013283,0.79261821552180689,-2.9703506014565209,-0.00042254071089637416
1340099.999994447,-39942.935644452788,-13521.248221953463,38.421069807713515,0.98569150646545778,-2.9119773451070561,-0.00060763516502355898
1340999.9999942374,-38970.490657564405,-16111.049438573951,37.791730132019026,1.1745218939644049,-2.8410715056024545,-0.00079045241757601313
1341899.9999943422,-37830.313035956337,-18631.508165331405,36.999173415161216,1.3582970042612681,-2.7579381973298069,-0.00097021019588920058
1342799.9999938183,-36527.310077833637,-21071.776743434351,36.046500950992261,1.5362261941253554,-2.6629350922929316,-0.0011461378993849474
1343699.9999932945,-35067.089604540917,-23421.352506039169,34.937501118671726,1.7075439423807415,-2.5564708866953607,-0.0013174797987856748
1344599.9999933993,-33455.935864757979,-25670.12292605648,33.676634581283999,1.8715131340992532,-2.4390035500245881,-0.001483498175054974
1345499.9999931897,-31700.782540032673,-27808.409089491492,32.269016693604243,2.0274282239219228,-2.3110383639968815,-0.0016434763875049468
1346399.9999932945,-29809.18295145758,-29827.00732657098,30.720397175318503,2.1746182664684426,-2.1731257584100958,-0.0017967218621574035
1347299.9999933993,-27789.277615402767,-31717.228792670547,29.037137143709764,2.3124497988141295,-2.025858954428593,-0.0019425689884254621
1348199.999993504,-25649.759271022886,-33470.936851431994,27.226183579894286,2.4403295643648173,-1.8698714239661269,-0.0020803819165125075
1349099.9999932945,-23399.835530578228,-35080.58209350361,25.295041324117307,2.5577070660229873,-1.7058341758856088,-0.0022095572463203834
1349999.9999937136,-21049.189313958836,-36539.23483764194,23.251742703864728,2.664076937452172,-1.5344528804879227,-0.0023295265992556696
1350899.9999938183,-18607.937241269927,-37840.614972046482,21.104814908775573,2.7589811220025382,-1.3564648446803287,-0.0024397590646067966
1351799.9999942374,-16086.586140351281,-38979.119018803423,18.863245210818405,2.8420108506306732,-1.1726358489961466,-0.0025397635134968102
1352699.9999940279,-13495.987886566609,-39949.844285363411,16.536444180973348,2.9128084087162125,-0.98375686207482516,-0.0026290907709081825
1353599.9999938183,-10847.292729358329,-40748.610017753053,14.134206999117001,2.9710686853389174,-0.79064064366760289,-0.0027073356394471237
1354499.9999942374,-8151.9013421796262,-41371.975445171091,11.666673027718247,3.0165404967198155,-0.59411825326564205,-0.0027741387650980632
1355399.9999946565,-5421.4157808126447,-41817.254647598842,9.144283776681613,3.049027678567926,-0.39503547773514247,-0.0028291883374436627
1356299.9999941327,-2667.5895613551343,-42082.528178488443,6.5777394128849593,3.0683899420931153,-0.19424919331257781,-0.0028722216154602109
1357199.9999942374,97.722929961246166,-42166.651389177525,3.9779539729608802,3.0745434895079122,0.0073763225686134786,-0.002903026269800886
1358099.9999946565,2862.6174553381634,-42069.259416304521,1.3560094691816029,3.0674613859174706,0.20897311208204372,-0.0029214415320801845
1358999.9999947613,5615.1911780403279,-41790.768813023235,-1.276890957742999,3.047173685941666,0.40967327617070409,-0.002927359142370817
1359899.9999948661,8343.593923867069,-41332.375811788406,-3.9094706497793799,3.0137673139521031,0.60861271549896745,-0.0029207240854327325
1360799.9999949709,11036.079211530669,-40696.051227052594,-6.5304275949062447,2.9673856983452978,0.80493485551655397,-0.0029015351067885938
1361699.99999539,13681.054855167851,-39884.532016467296,-9.1284829638423997,2.9082281610661904,0.99779434107646092,-0.0028698450004296027
1362599.9999951804,16267.132895259225,-38901.309540591472,-11.692429787447166,2.8365490652064489,1.1863606826078026,-0.0028257606608345807
1363499.9999952852,18783.178672701775,-37750.614562417963,-14.211181590163804,2.7526567236487334,1.3698218401004822,-0.0027694428927537056
1364399.99999539,21218.358795501117,-36437.399063049816,-16.673820722159817,2.6569120743321886,1.5473877264016502,-0.0027011059744509206
1365299.9999951804,23562.187823364315,-34967.314940797769,-19.069646199251927,2.5497271271021242,1.7182936168644682,-0.0026210169708525493
1366199.9999946565,25804.57345185745,-33346.689689962797,-21.388220809323013,2.4315631892638065,1.8818034492307694,-0.0025294947955451
1367099.9999947613,27935.860000018594,-31582.499166109672,-23.619417258863798,2.3029288777658166,2.0372129992786001,-0.0024269090225539206
1367999.9999945518,29946.870012760202,-29682.337558235948,-25.753463134837659,2.1643779269587604,2.1838529183431366,-0.0023136784509979491
1368899.9999949709,31828.943814741768,-27654.38468236191,-27.780984478983878,2.0165068004664537,2.3210916207063583,-0.0021902694267289073
1369799.9999950756,33573.976814314039,-25507.370765152093,-29.693047727326597,1.8599521196609334,2.4483380061150624,-0.00205719392962566
1370699.9999954947,35174.454429658399,-23250.538839090917,-31.481199842229454,1.6953879178007261,2.5650440080889134,-0.0019150074337151597
1371599.9999952852,36623.484457437567,-20893.604942709782,-33.137506406774563,1.5235227341322544,2.6707069549419402,-0.001764306552775778
1372499.9999950756,37914.82677004399,-18446.716266742482,-34.654587520897351,1.3450965584018029,2.7648717352728558,-0.0016057264818490865
1373399.9999948661,39042.920190312667,-15920.40746028102,-36.025651296320085,1.1608776415399933,2.8471327569969023,-0.0014399382504813219
1374299.9999946565,40002.90644687102,-13325.555259236144,-37.244524807232345,0.9716591844776632,2.9171356929773999,-0.0012676458008931031
1375199.9999947613,40790.651099627517,-10673.331641637549,-38.305682338225999,0.77825592009900901,2.9745790053370129,-0.001089582907393279
1376099.9999942374,41402.761342979946,-7975.1557250453679,-39.204270789706158,0.58150060408582971,3.0192152418586127,-0.00090650995442559227
1376999.9999937136,41836.600620301302,-5242.644583168506,-39.936132133094283,0.38224042758704702,3.0508520997839592,-0.00071921058822372176
1377899.999993504,42090.299976793322,-2487.5632258370169,-40.497822796988217,0.18133336950195403,3.0693532518436424,-0.00052848826157738944
1378799.9999936088,42162.766109029042,278.22605903227935,-40.886629903322117,-0.02035549718590704,3.074638931618948,-0.00033516268813887451
1379699.9999933993,42053.68607605571,3042.814780355488,-41.10058427880027,-0.22195772897754215,3.0666862757978102,-0.0001400662240828705
1380599.999993504,41763.528651086293,5794.2995269131243,-41.138470184198177,-0.4226052502088351,3.045529421897613,5.5959806089095617e-05
1381499.9999939231,41293.542308605269,8520.8332140674083,-40.999831717256733,-0.62143408848104842,3.0112593611538574,0.00025206882046348224
1382399.9999940279,40645.749856977767,11210.676093615244,-40.684975866446095,-0.8175880926832878,2.9640235473576486,0.00044741271145411969
1383299.999994447,39822.939736690867,13852.24630919118,-40.194972202115444,-1.0102226178835909,2.9040252631263495,0.00064114558147947761
1384199.9999945518,38828.654026548647,16434.169760031386,-39.53164921197488,-1.1985081599362695,2.8315227466787727,0.00083242746437160514
1385099.9999949709,37667.173203137303,18945.329084728779,-38.697587297436591,-1.3816339262072204,2.7468280823740128,0.0010204280179574707
1385999.999994447,36343.497726158319,21374.911530447833,-37.696108469223951,-1.5588113254404548,2.6503058602338498,0.0012043301699539806
1386899.9999942374,34863.326516056128,23712.455530050356,-36.53126278193308,-1.7292773639267731,2.5423716091930051,0.0013833337035598729
1387799.9999946565,33233.032433247878,25947.895751067503,-35.207811582501016,-1.8922979308455135,2.4234900119270617,0.0015566587647312649
1388699.999994447,31459.634852726824,28071.606449622748,-33.731207640906753,-2.0471709606678918,2.2941729079582496,0.0017235492782501974
1389599.9999945518,29550.769443710382,30074.442945440893,-32.107572245128857,-2.1932294592432879,2.1549770928878851,0.0018832762584218379
1390499.9999946565,27514.655306346143,31947.781011142324,-30.34366938108068,-2.3298443784858671,2.0065019246867073,0.0020351409982516801
1391399.999994447,25360.059585006486,33683.554034255343,-28.446877094444595,-2.4564273293040415,1.8493867456070892,0.0021784781258879196
1392299.9999939231,23096.259718726178,35274.287778309415,-26.425156167585843,-2.5724331200451793,1.6843081312800905,0.0023126585144591333
1393199.9999943422,20733.003486332756,36713.132596215713,-24.287016245059306,-2.6773621096558484,1.511976978354804,0.0024370920333459611
1394099.999994447,18280.467037077,37993.892945241139,-22.041479573315232,-2.7707623644467545,1.3331354444818948,0.0025512301283046037
1394999.9999942374,15749.211047357801,39111.054100668298,-19.698042476906831,-2.8522316108135843,1.1485537508059496,0.0026545682216885555
1395899.9999940279,13150.135233615347,40059.805924820117,-17.266634776208367,-2.9214189732998328,0.95902686368461654,0.0027466479202625403
1396799.9999938183,10494.431392879953,40836.063604063893,-14.757577301202424,-2.9780264914545724,0.76537106811218591,0.0028270590225839914
1397699.9999936088,7793.5351838371953,41436.485257667788,-12.181537695438571,-3.0218104082944177,0.56842044837611594,0.0028954413168788442
1398599.9999933993,5059.0768501815046,41858.486344054741,-9.5494846961845585,-3.0525822247598291,0.36902329070142165,0.0029514861619484669
1399499.9999931897,2302.8311051782812,42100.250799659872,-6.8726410949459131,-3.0702095152673938,0.16803842392298651,0.002994937844140557
1400399.9999936088,-463.33361559123597,42160.738862872888,-4.1624355731154914,-3.0746165007331587,-0.033668486611934202,0.0030255947047378088
1401299.9999933993,-3227.5062925728066,42039.691547189403,-1.4304536423102288,-3.0657843763109343,-0.23522867421671884,0.0030433100326121162
1402199.999993504,-5977.7846660498253,41737.631745317565,1.311612132763698,-3.0437513924001629,-0.43577402141137134,0.0030479927187662759
1403099.9999939231,-8702.3265194136056,41255.86195840103,4.0520123702974704,-3.0086126884138302,-0.63444080625514632,0.0030396076695073022
1403999.9999937136,-11389.400716029593,40596.458660316886,6.7789913840976297,-2.960519879983353,-0.83037343070730585,0.0030181759768956326
1404899.9999931897,-14027.437751480174,39762.263320729959,9.480837737465496,-2.8996804013157229,-1.0227281134299722,0.0029837748456128291
1405799.9999939231,-16605.079605690273,38756.870125752626,12.145934622787733,-2.8263566055635017,-1.2106765311013377,0.0029365372767136957
1406699.9999940279,-19111.228664645649,37584.610456471601,14.762809833800981,-2.7408646276694602,-1.3934093912330143,0.0028766515101473151
1407599.9999941327,-21535.095537132136,36250.53417871493,17.320185152909584,-2.6435730136840898,-1.5701399235596849,0.0028043602280054315
1408499.9999939231,-23866.245516340165,34760.387841440475,19.807024895631237,-2.5349011238003567,-1.7401072715767663,0.0027199595229173675
1409399.9999943422,-26094.643515254691,33120.589867259601,22.212583433524244,-2.4153173153717313,-1.9025797715930406,0.0026237976358146182
1410299.999994447,-28210.697260486213,31338.202855427702,24.526451468366961,-2.2853369148931111,-2.0568581034691271,0.002516273469539216
1411199.9999942374,-30205.298580852941,29420.903103304492,26.738600882768843,-2.1455199869020789,-2.2022783010153901,0.0023978348842767449
1412099.9999946565,-32069.86259545639,27376.947489588518,28.839427956238364,-1.9964689104942532,-2.3382146077618589,0.0022689767832004574
1412999.9999941327,-33796.364632011544,25215.137868866292,30.819794760273961,-1.8388257746100889,-2.4640821657532226,0.0021302389974448659
1413899.9999936088,-35377.374736659025,22944.783110292385,32.671068577986205,-1.6732696020318558,-2.5793395272880417,0.0019822039786454478
1414799.9999943422,-36806.089602319218,20575.658971831177,34.385159152309946,-1.5005134162968801,-2.6834909770752997,0.0018254943111841206
1415699.9999938183,-38076.361789163784,18117.965980548175,35.954553615191188,-1.3213011641907728,-2.7760886557164435,0.0016607700552431685
1416599.9999932945,-39182.726130428404,15582.285466456935,37.372348972307279,-1.1364045047858746,-2.8567344768939895,0.0014887259303098886
1417499.9999937136,-40120.423179271311,12979.533992853914,38.632281968418134,-0.94661948291860276,-2.9250818279495192,0.0013100883552811977
1418399.999993504,-40885.419617235384,10320.916356900514,39.72875623118334,-0.75276309991890267,-2.9808370482929192,0.0011256123569615322
1419299.9999939231,-41474.42554385824,7617.8773344619767,40.65686659013577,-0.55566979438162112,-3.0237606800352004,0.00093607835872859936
1420199.9999933993,-41884.908554376772,4882.0524415864011,41.412420442328262,-0.35618785289675342,-3.05366848433653,0.00074228886809136975
1421099.9999938183,-42115.104568568968,2125.2178488639443,41.991956108930147,-0.15517576067960989,-3.0704322210586796,0.00054506507254417115
1421999.9999945518,-42164.025349231633,-640.76025981953035,42.392758082826603,0.046501486686177915,-3.0739801875228725,0.00034524336404395358
1422899.9999946565,-42031.462692309447,-3403.9767304158117,42.612869127815742,0.24797609927726125,-3.0642975153368557,0.00014367180284114841
1423799.9999947613,-41717.989265006276,-6152.538635005415,42.651099172100949,0.44838121863554115,-3.0414262238237018,-5.8793461876418748e-05
1424699.9999942374,-41224.956092812288,-8874.6163982944345,42.50703096626723,0.64685463727857373,-3.0054650303522394,-0.00026129179878095585
1425599.9999937136,-40554.486706144002,-11558.494655163833,42.181022488400579,0.8425424976194652,-2.956568918546965,-0.00046296171464418456
1426499.9999938183,-39709.467975108695,-14192.622601272429,41.674206091434925,1.0346029532014998,-2.8949484666135619,-0.00066294447116132572
1427399.9999942374,-38693.537670897786,-16765.663637613899,40.988484402267311,1.2222097780149794,-2.8208689386981862,-0.00086038768437994486
1428299.9999940279,-37511.068809274628,-19266.544089222574,40.126522995861492,1.4045559081715611,-2.7346491433846447,-0.0010544488912609109
1429199.999993504,-36167.150838169553,-21684.500802319355,39.091739876419503,1.5808569019765584,-2.6366600638574385,-0.0012442990697856386
1430099.9999939231,-34667.567756445766,-24009.127399987741,37.88829181869481,1.7503543026735593,-2.5273232660306757,-0.0014291260972311834
1430999.9999940279,-33018.773260359354,-26230.419001575061,36.521057634077152,1.9123188899547265,-2.4071090915786333,-0.0016081381332006103
1431899.999994447,-31227.86300750915,-28338.815238401749,34.995618421462403,2.0660538083058713,-2.2765346422620412,-0.0017805669163196238
1432799.9999948661,-29302.544136500586,-30325.241350033873,33.318234903594607,2.2108975567011435,-2.1361615654282482,-0.001945670959750726
1433699.9999943422,-27251.102157312049,-32181.147208631242,31.495821932545578,2.3462268287354124,-1.9865936488282909,-0.0021027386357807378
1434599.9999947613,-25082.365351916658,-33898.544100181061,29.535920268046958,2.4714591908724954,-1.828474234651656,-0.0022510911383657453
1435499.9999951804,-22805.666859071083,-35470.039086786652,27.446665763959601,2.5860555860965118,-1.6624834651599754,-0.0023900853120205289
1436399.9999952852,-20430.804571769586,-36888.866832175889,25.236756057399464,2.6895226544260047,-1.4893353689754336,-0.0025191163403094517
1437299.9999947613,-17967.999038875409,-38148.918732748083,22.915414910469412,2.7814148587859857,-1.3097748016699182,-0.0026376202837084194
1438199.9999945518,-15427.849539664334,-39244.76923624998,20.492354333955483,2.8613364075738787,-1.1245742526473996,-0.0027450764597378649
1439099.9999940279,-12821.288534856045,-40171.699226234712,17.977734654136015,2.9289429649106835,-0.93453053287019094,-0.0028410096574767092
1439999.9999938183,-10159.534661536512,-40925.716383334373,15.38212264890096,2.9839431419126869,-0.74046135537088165,-0.0029249921810896697
1440899.9999939231,-7454.0444997654058,-41503.572421778983,12.716447936273104,3.0260997613526772,-0.54320182493278102,-0.0029966457150063515
1441799.9999937136,-4716.4632992218212,-41902.777133384945,9.9919577609789201,3.0552308905041521,-0.34360085049226569,-0.0030556430056956196
1442699.999993504,-1958.5748793323121,-42121.609173774144,7.2201703489202629,3.0712106371170389,-0.14251749569851718,-0.0031017093541412053
1443599.9999939231,807.74907479561944,-42159.123541064633,4.4128270097264863,3.0739697045828871,0.059182716229233545,-0.0031346239132496847
1444499.9999937136,3570.6000989451454,-42015.155714970038,1.5818431694369626,3.0634957036306294,0.26063152719352778,-0.0031542207846821605
1445399.999993504,6318.0842268015731,-41690.322435773342,-1.2607415121715382,3.0398332187394601,0.46096168440678736,-0.0031603899096304638
1446299.9999932945,9038.3731964006347,-41186.019117182033,-4.1028137109040799,3.0030836285321234,0.65931067693972034,-0.0031530777471833848
1447199.9999933993,11719.75539374276,-40504.413903225977,-6.9322375298601697,2.9534046806184162,0.85482445445367239,-0.0031322877346799958
1448099.9999931897,14350.686300446301,-39648.438393304037,-9.7369059015642669,2.8910098224136331,1.0466611109169222,-0.003098080523912067
1448999.9999932945,16919.838235578471,-38621.775071840937,-12.504792105272415,2.8161672904045849,1.233994517765622,-0.0030505739872183665
1449899.9999933993,19416.149162047353,-37428.8414999589,-15.224001175051136,2.7291989619161479,1.4160178895042628,-0.0029899429880504698
1450799.999993504,21828.870362681308,-36074.771331018739,-17.882821002314955,2.6304789738133487,1.5919472672599424,-0.0029164189107546185
1451699.9999932945,24147.612764421359,-34565.392236664113,-20.469772898622011,2.5204321144395103,1.7610249038556163,-0.0028302889455848229
1452599.9999937136,26362.391722579694,-32907.200831706272,-22.973661411216149,2.3995319952730516,1.9225225364217073,-0.0027318951254941587
1453499.9999938183,28463.670051646597,-31107.334718460781,-25.383623145975992,2.2682990111926746,2.0757445307285125,-0.0026216331136942662
1454399.9999939231,30442.39914269463,-29173.541753072077,-27.689174402995558,2.1272980969709732,2.2200308853579278,-0.0024999507408426744
1455299.9999937136,32290.057963629086,-27114.146684531144,-29.880257372138985,1.9771362911684816,2.3547600806772913,-0.0023673462946598505
1456199.999993504,33998.689788715034,-24938.015299839546,-31.947284684354287,1.8184601173728747,2.4793517612815372,-0.0022243665651031099
1457099.9999929802,35560.93649155568,-22654.516236412783,-33.881182093642337,1.651952794763246,2.5932692397242434,-0.0020716046513134453
1457999.9999930849,36970.070257180014,-20273.480622820636,-35.673429083260089,1.4783312899884955,2.6960218109743224,-0.0019096975380243403
1458899.999993504,38220.022571297741,-17805.159730231662,-37.316097186901914,1.2983432238976202,2.7871668672591379,-0.0017393234519602039
1459799.9999939231,39305.410366804441,-15260.180812476545,-38.801885837701448,1.1127636463224162,2.8663118046068279,-0.0015611990098300637
1460699.9999937136,40221.559215547073,-12649.501322289349,-40.124155564524948,0.92239169279433708,2.9331157130199959,-0.0013760761713767346
1461599.9999931897,40964.523461814562,-9984.3617088698684,-41.276958361913685,0.72804713832954471,2.987290842864319,-0.0011847390132486704
1462499.9999926658,41531.103212571179,-7276.2370020627832,-42.255065080588857,0.53056686339118042,3.0286038414356766,-0.00098800034040814563
1463399.9999924563,41918.858114472867,-4536.7873847745368,-43.053989703552944,0.33080124682935841,3.0568767547835747,-0.00078669815222269057
1464299.9999922467,42126.117856861259,-1777.8079756687357,-43.670010381834821,0.12961050204565489,3.0719877905459301,-0.00058169198237939036
1465199.9999926658,42151.989358334104,988.82197231541113,-44.100187128129264,-0.072139028617279749,3.0738718388931705,-0.00037385913092292169
1466099.9999927706,41996.360605249902,3751.1902243949212,-44.342376076623871,-0.27357860428331415,3.0625207494563265,-0.00016409080896052794
1466999.9999931897,41659.901127356025,6497.4028661245957,-44.395240242339867,-0.47384082614370981,3.0379833633253757,4.6711785721277192e-05
1467899.9999932945,41144.059109014364,9215.6355136478069,-44.258256724042781,-0.67206337072900491,3.000365300150313,0.00025764144086729972
1468799.9999927706,40451.055149228581,11894.18422843623,-43.931720318306049,-0.86739270113552636,2.949828501423104,0.00046778893147818773
1469699.9999931897,39583.872695055579,14521.515917757228,-43.416743524387456,-1.0589877404037338,2.8865905318157221,0.00067624703175993479
1470599.9999932945,38546.245199348057,17086.317976169419,-42.715252945358444,-1.2460234893670992,2.8109236423366752,0.00088211451605936303
1471499.9999933993,37342.64004331702,19577.547006718625,-41.829982094266597,-1.4276945773752561,2.7231535982688708,0.0010845001342807443
1472399.9999938183,35978.239305680945,21984.476365923772,-40.7644606447858,-1.6032187273952525,2.6236582778255206,0.0012825265399671812
1473299.9999936088,34458.917457801799,24296.742347304764,-39.523000175168811,-1.7718401221376521,2.5128660472534685,0.0014753341548700216
1474199.9999937136,32791.216072171148,26504.388815276961,-38.110676463341804,-1.9328326576239023,2.3912539186625592,0.0016620849537711492
1475099.999993504,30982.315669975356,28597.910070134029,-36.533308427295594,-2.0855030683202314,2.2593454996302702,0.00184196615073132
1475999.9999936088,29040.00480625837,30568.291793136494,-34.797433787430215,-2.229193912915894,2.1177087416248543,0.0020141937735995256
1476899.9999937136,26972.646545874955,32407.049866258261,-32.910281577046504,-2.3632864058199501,1.9669534982616592,0.0021780161089912731
1477799.9999931897,24789.142459775168,34106.266918412875,-30.879741611466294,-2.4872030835929704,1.8077289026737482,0.0023327170046585103
1478699.9999936088,22498.894296697203,35658.626435900609,-28.71433105116466,-2.6004102944678857,1.6407205751382721,0.0024776190148787292
1479599.9999937136,20111.763512546375,37057.444277963303,-26.423158223503041,-2.7024204993085563,1.4666476740889494,0.0026120863744469921
1480499.9999941327,17638.028796222112,38296.697486012279,-24.015883829433452,-2.7927943757982243,1.2862598004838526,0.0027355277910060642
1481399.9999942374,15088.341813935309,39371.050234238028,-21.502679742778174,-2.8711427146400208,1.1003337715892454,0.0028473990413653864
1482299.9999946565,12473.681326366795,40275.876831054877,-18.894185548203854,-2.9371281010281245,0.90967027532831413,0.0029472053629339256
1483199.999994447,9805.3059105277625,41007.281654229904,-16.201463041393154,-2.9904663726868503,0.71509042202486228,0.0030345036284325074
1484099.9999945518,7094.7054495432421,41562.115948782164,-13.435948850013958,-3.030927849131444,0.51743220539963852,0.0031089042963505266
1484999.9999943422,4353.5516451567446,41937.991398627513,-10.609405427639853,-3.0583383254750767,0.31754689139026493,0.003170073127120707
1485899.9999941327,1593.6477252376746,42133.290425224106,-7.7338705926878175,-3.0725798271880183,0.11629534738531021,0.0032177326591518842
1486799.9999942374,-1173.1224106823504,42147.173160223254,-4.8216058580016519,-3.0735911217646477,-0.085455670341537546,0.0032516634375219654
1487699.9999940279,-3934.8453931427202,41979.581064537138,-1.8850437710535299,-3.0613679851192566,-0.28683725524141518,0.0032717049903844427
1488599.999993504,-6679.629725081074,41631.237176518734,1.0632655219480442,-3.0359632213006424,-0.4869820999411858,0.003277756549009447
1489499.9999929802,-9395.6570187740581,41103.642987559884,4.0107082306882544,-2.9974864352792232,-0.68502823843737171,0.0032697775080991098
1490399.9999930849,-12071.232924136131,40399.071958301196,6.9446611791873787,-2.9461035596765774,-0.88012276602698258,0.0032477876246633573
1491299.9999931897,-14694.837515345791,39520.559704652253,9.8525461189716843,-2.8820361375093899,-1.0714255197801907,0.0032118669546216203
1492199.9999936088,-17255.174932077451,38471.890892408257,12.72188387700387,-2.8055603637569289,-1.2581127044858824,0.0031621555273947154
1493099.9999940279,-19741.22204205309,37257.582902172144,15.540348083288535,-2.7170058902727439,-1.4393804468414926,0.0030988527601757822
1493999.999993504,-22142.275925591952,35882.866333573453,18.295818257420184,-2.6167543991328204,-1.6144482631387718,0.0030222166145611831
1494899.9999939231,-24447.999987740666,34353.662424617913,20.976432037147113,-2.5052379500509785,-1.7825624260656698,0.002932562498837517
1495799.9999940279,-26648.468455616679,32676.557509971924,23.570636273372376,-2.3829371110279247,-1.9429992127669971,0.0028302619223600357
1496699.9999938183,-28734.209127252172,30858.774595801708,26.067236837814811,-2.2503788780662157,-2.0950680242538922,0.0027157409062561178
1497599.9999942374,-30696.244143993394,28908.142198542955,28.455446878557876,-2.1081343948994142,-2.2381143594129007,0.0025894781589452863
1498499.9999946565,-32526.128620404335,26833.060582016937,30.724933325789113,-1.9568164827618288,-2.3715226314148454,0.0024520030247546444
1499399.9999950756,-34215.98697840987,24642.465526677861,32.865861463368915,-1.7970769901957637,-2.4947188152965651,0.0023038932140477708
1500299.9999948661,-35758.546814070272,22345.789802829946,34.868937356043084,-1.6296039756772189,-2.6071729141946931,0.0021457723260195302
1501199.9999943422,-37147.170163845876,19952.92250101464,36.725447965490332,-1.4551187344831047,-2.7084012345602329,0.0019783071743672675
1502099.999994447,-38375.882023729675,17474.166413029638,38.427298767366409,-1.2743726841519796,-2.7979684597449106,0.0018022049290055537
1502999.9999945518,-39439.396006516516,14920.193643774122,39.967048717119624,-1.0881441219078787,-2.8754895137189336,0.0016182100863745396
1503899.9999943422,-40333.137034354018,12301.999630589571,41.337942425287444,-0.89723486713713108,-2.9406312075862839,0.0014271012807728386
1504799.9999947613,-41053.260959852982,9630.8557869204978,42.533939392185189,-0.70246680490627367,-2.9931136613184086,0.0012296879521970028
1505699.9999945518,-41596.671035225176,6918.2609802547604,43.549740180543957,-0.50467834597223704,-3.0327114950675607,0.001026806885960413
1506599.9999943422,-41961.031168607056,4175.8920221581466,44.380809430592684,-0.30472081635066933,-3.0592547858807158,0.00081931863711265731
1507499.9999947613,-42144.775901419627,1415.553419576655,45.023395604767543,-0.10345479466566895,-3.0726297852654025,0.00060810385810854475
1508399.9999945518,-42147.117072614623,-1350.8734060216091,45.474547389949862,0.098253587650614371,-3.0727793954000759,0.0003940595452601538
1509299.9999946565,-41968.047142769894,-4111.4812415075248,45.732126695283419,0.29953636948658985,-3.0597034023001388,0.00017809521828957819
1510199.9999941327,-41608.339163194018,-6854.3882791258047,45.794818183907346,0.49952748707238176,-3.0334584651318073,-3.8870946577435459e-05
1511099.9999939231,-41069.54339305481,-9567.7892157386268,45.66213531139492,0.69736649249536886,-2.9941578621495064,-0.00025591601677652431
1511999.9999940279,-40353.980582099335,-12240.005997658265,45.334422845378931,0.89220224518392144,-2.94197099476821,-0.00047211621694960776
1512899.9999941327,-39464.731947511245,-14859.538020484551,44.812855863175322,1.0831965626875981,-2.8771226520486706,-0.00068655084103007888
1513799.9999939231,-38405.625889852708,-17415.111557911972,44.099435235830079,1.2695278145307094,-2.7998920390290158,-0.00089830614515499802
1514699.9999940279,-37181.221503001339,-19895.728216794098,43.19697962128388,1.4503944446428496,-2.710611573016573,-0.001106479205463108
1515599.999993504,-35796.788958927616,-22290.712191497772,42.109114012865554,1.6250184061193869,-2.6096654537943813,-0.0013101817227318419
1516499.9999929802,-34258.286835347739,-24589.75615212175,40.840254885408008,1.7926484965608931,-2.4974880127093928,-0.0015085437608699764
1517399.9999927706,-32572.336501070036,-26782.965533506806,39.395592019801462,1.9525635773075198,-2.3745618489661995,-0.0017007174005795624
1518299.9999922467,-30746.193656908912,-28860.9010613422,37.781067079525542,2.1040756649324357,-2.2414157601606353,-0.0018858802952651486
1519199.9999923515,-28787.717155495899,-30814.619327229546,36.003349035218285,2.246532881556254,-2.0986224758919931,-0.0020632391142329479
1520099.9999927706,-26705.335239037322,-32635.711233725295,34.069806550799726,2.3793222511830798,-1.9467962043911269,-0.002232032858935347
1520999.9999922467,-24508.0093307278,-34316.338154969577,31.988477444031403,2.501872331013947,-1.7865900018160679,-0.0023915360401958775
1521899.9999920372,-22205.195530969311,-35849.265657332748,29.768035349384071,2.6136556665625634,-1.6186929749577823,-0.0025410617042989723
1522799.9999918276,-19806.803998646945,-37227.894623457978,27.417753740553088,2.714191059270215,-1.4438273301940683,-0.0026799642956089006
1523699.9999913038,-17323.156372888338,-38446.28966086929,24.947467447700244,2.8030456380164299,-1.2627452797029042,-0.0028076423468859656
1524599.9999917229,-14764.941416714506,-39499.204668650935,22.367531828972837,2.8798367253044357,-1.0762258178344626,-0.0029235409877556968
1525499.999992142,-12143.169095065445,-40382.105441775442,19.688779787964915,2.9442334892832553,-0.8850713828113177,-0.0030271542620296261
1526399.9999916181,-9469.1232449218842,-41091.189233003766,16.922476773981487,2.9959583756517509,-0.69010441494919095,-0.0031180272485696516
1527299.9999917229,-6754.3130598630114,-41623.401173609804,14.080273965680822,3.0347883120726094,-0.49216382732831632,-0.0031957579781294997
1528199.9999924563,-4010.423613724292,-41976.447479931965,11.174159842841064,3.0605556795512476,-0.29210140505136228,-0.0032599991405188123
1529099.9999928754,-1249.2656003437378,-42148.805396809694,8.2164103008715355,3.0731490469456322,-0.090778145793256187,-0.0033104595787648411
1529999.9999932945,1517.2754789915207,-42139.729826159884,5.2195375186130963,3.0725136645335622,0.11093944161620883,-0.003346905565673546
1530899.9999933993,4277.2904570933797,-41949.256610836514,2.1962377825818828,3.0586517141356788,0.31218306438305998,-0.0033691618595166413
1531799.9999931897,7018.8977618703684,-41578.202458338666,-0.84066154332582788,3.0316223143312784,0.51208638346023783,-0.0033771125362245546
1532699.9999936088,9730.2945708308616,-41028.161501591625,-3.8782556948041718,2.9915412802261034,0.70978874526715985,-0.0033707015954141635
1533599.9999930849,12399.807628754457,-40301.498512705788,-6.9036166151464426,2.9385806386050719,0.9044388905232924,-0.0033499333380128931
1534499.999993504,15015.943545303937,-39401.338788280751,-9.9038473286735123,2.8729678995211798,1.095198626678078,-0.0033148725130022769
1535399.9999932945,17567.438293565552,-38331.554762708744,-12.866136301690567,2.7949850881688185,1.281246443383343,-0.0032656442313174902
1536299.9999930849,20043.305762587133,-37096.749387833472,-15.777811656823786,2.7049675396164861,1.4617810600416543,-0.0032024336441331108
1537199.9999928754,22432.885102443659,-35702.236363214804,-18.626394970327766,2.6033024623727963,1.6360248860792193,-0.0031254853836776421
1538099.9999929802,24725.886678143455,-34154.017295845006,-21.399654462423971,2.4904272764260313,1.8032273802422369,-0.0030351027643283363
1538999.9999930849,26912.436430156329,-32458.755887103933,-24.08565736148897,2.3668277328414233,1.9626682938558611,-0.0029316467421245346
1539899.9999931897,28983.118448032168,-30623.749257669897,-26.672821223524203,2.2330358230071492,2.1136607836227683,-0.0028155346313542334
1540799.9999932945,30929.015569396146,-28656.896536064778,-29.149963984959307,2.0896274867728999,2.2555543799797526,-0.002687238577782415
1541699.9999937136,32741.747831011373,-26566.664844098061,-31.506352533907332,1.9372201293352109,2.3877377981100634,-0.0025472837888434849
1542599.9999931897,34413.508598320877,-24362.052833927788,-33.731749573592325,1.776469958337924,2.5096415787281097,-0.0023962465230741841
1543499.9999929802,35937.09823377421,-22052.551913482934,-35.816458585014921,1.6080691513862033,2.6207405482721819,-0.0022347518406704361
1544399.9999933993,37305.955129536953,-19648.105362911385,-37.751366639770453,1.4327428690087167,2.7205560856635098,-0.0020634711225935884
1545299.999993504,38514.18399386447,-17159.065493861384,-39.527984887110847,1.2512461244119137,2.8086581874905736,-0.0018831193635413623
1546199.9999932945,39556.581264070424,-14596.149037699124,-41.138486510793932,1.0643605238760012,2.8846673223428887,-0.0016944522477445531
1547099.9999927706,40428.65752933755,-11970.390968898768,-42.575741955338366,0.87289089310307044,2.9482560658263588,-0.0014982630195285766
1547999.9999922467,41126.656871414278,-9293.0969589221477,-43.833351248038539,0.67766180401289011,2.9991505096518103,-0.0012953791613061485
1548899.9999923515,41647.573041261385,-6575.7946631935656,-44.905673251512276,0.47951401698422952,3.0371314389635935,-0.0010866588935687347
1549799.999992142,41989.162400571571,-3830.1840613757336,-45.787851690005766,0.27930085478558014,3.0620352729036862,-0.00087298751406758698
1550699.9999922467,42149.95357701015,-1068.0870437596107,-46.475837820306644,0.077884522397597772,3.0737547648865156,-0.00065527359239704543
1551599.9999917229,42129.253786957306,1698.6035045024121,-46.966409614170942,-0.12386760882215794,3.0722394594362634,-0.00043444504169036464
1552499.9999915133,41927.15180463373,4457.9749362448501,-47.257187361163076,-0.32508673909199681,3.0574959042747745,-0.00021144508474303271
1553399.9999919324,41544.517563114066,7198.1461453465945,-47.346645599280883,-0.52490638227918796,3.0295876168270914,1.2771862744463259e-05
1554299.9999914085,40982.998392895381,9907.3187270646249,-47.234121312056942,-0.72246609661771255,2.9886348057678744,0.00023724437133556623
1555199.999991199,40245.011910215209,12573.827795657464,-46.919818343498498,-0.91691518958114082,2.934813848685323,0.00046100821987937746
1556099.9999906751,39333.735593776822,15186.192199758882,-46.404808003297234,-1.1074163781140969,2.8683565288392487,0.00068310063578177105
1556999.9999907799,38253.093087846057,17733.163962226634,-45.691025853040742,-1.2931493917446284,2.7895490339034446,0.00090256453601153649
1557899.9999908847,37007.737299849163,20203.776698519414,-44.781264686619046,-1.4733145008202033,2.6987307217428862,0.0011184527453485845
1558799.9999903608,35603.030356403346,22587.392833975915,-43.679163728369417,-1.6471359569573292,2.5962926579282275,0.0013298321740467013
1559699.9999904656,34045.020508510039,24873.749401288565,-42.389194097024841,-1.8138653299467469,2.4826759316023117,0.0015357879338947847
1560599.9999905704,32340.416091895589,27053.002215993867,-40.916640605481639,-1.9727847265547789,2.3583697573852023,0.0017354273730793358
1561499.9999909895,30496.556638758175,29115.768264367336,-39.267579964276059,-2.1232098793129928,2.2239093702573185,0.0019278840136310721
1562399.9999907799,28521.38128496478,31053.166092878913,-37.448855502370655,-2.2644930900677451,2.0798737238120144,0.0021123213711957073
1563299.9999908847,26423.394581816963,32856.854057708035,-35.468048494537101,-2.3960260180897031,1.9268829996946739,0.0022879366431825606
1564199.9999909895,24211.629890476543,34519.066234997692,-33.333446250935594,-2.5172422982940601,1.765595941054436,0.0024539642459038137
1565099.9999910942,21895.610490363921,36032.645865714163,-31.054007087384122,-2.6276199804230025,1.5967070194102464,0.0026096791880395971
1565999.9999908847,19485.308579064786,37391.076178367897,-28.639322340765386,-2.7266837777717483,1.4209434476980016,0.002754400264760746
1566899.9999906751,16991.1023352462,38588.508459897159,-26.099575592955148,-2.8140071159736539,1.2390620518278415,0.0028874930591933894
1567799.9999910942,14423.731236405938,39619.787249355068,-23.445499290383793,-2.8892139726395034,1.0518460145724524,0.003008372738021715
1568699.9999905704,11794.249819982799,40480.472549151695,-20.688328946821873,-2.9519805000787183,0.86010150538390506,0.0031165066297270507
1569599.9999903608,9113.980067524908,41166.858962448125,-17.839755110009904,-3.002036424310051,0.66465420911596373,0.0032114165752237635
1570499.9999901513,6394.4626551213605,41675.991659366489,-14.911873342369356,-3.0391662131119501,0.46634577128871391,0.0032926810392362375
1571399.999990256,3647.4072457538487,42005.679115903869,-11.917132399070589,-3.0632100088507106,0.26603017263969819,0.0033599369750663645
1572299.9999900465,884.64205251974931,42154.50256343418,-8.8682808449546631,-3.0740643213750163,0.064570049628159376,0.0034128814341151874
1573199.9999904656,-1881.9371161085353,42121.822108123975,-5.778312336333645,-3.0716824778248184,-0.13716702370032618,0.0034512729134922792
1574099.999990256,-4640.4180956624396,41907.779492803995,-2.6604098211099227,-3.056074827169514,-0.33831227542765319,0.0034749324357646562
1574999.9999900465,-7378.9236930825082,41513.297488737022,0.47211112718013021,-3.0273086983873365,-0.53799948263470776,0.0034837443566272572
1575899.9999904656,-10085.662853989388,40940.075918710085,3.6058595654183674,-2.9855081122354554,-0.73536870721683334,0.0034776568966304474
1576799.999990256,-12748.981457553111,40190.584330554666,6.7274267873690867,-2.930853247873225,-0.92957000501655895,0.0034566823950544284
1577699.9999906751,-15357.412541322876,39268.051344973661,9.8234440560767808,-2.8635796659787345,-1.1197670936883553,0.0034208972846266734
1578599.9999907799,-17899.725688987535,38176.450736331448,12.88064015311986,-2.7839772925690052,-1.3051409596310302,0.0033704417875665459
1579499.999990256,-20364.97542424616,36920.484290943801,15.885898561180271,-2.6923891667418998,-1.4848933923469876,0.0033055193339557145
1580399.9999906751,-22742.548364131089,35505.56152546512,18.826313988282504,-2.5892099583727854,-1.6582504280315771,0.0032263957051968752
1581299.9999904656,-25022.208922966358,33937.776361759199,21.689247981169544,-2.4748842628446996,-1.8244656869573277,0.0031333979070315532
1582199.9999899417,-27194.143409897275,32223.880835156848,24.462383436738506,-2.3499046785092914,-1.9828235930011104,0.0030269127758144345
1583099.9999903608,-29249.002283501184,30371.255974993812,27.133777718965455,-2.2148096771336712,-2.1326424578881471,0.0029073853256122392
1583999.9999904656,-31177.940399490239,28387.879977608452,29.691914173132343,-2.0701812762573453,-2.2732774180371598,0.0027753168433002117
1584899.9999908847,-32972.655092036053,26282.293793799927,32.125751833587195,-1.916642522545372,-2.4041232122503602,0.0026312627390801414
1585799.9999906751,-34625.421894253755,24063.564308335346,34.42477307056938,-1.754854799300857,-2.5246167859761188,0.0024758301638657092
1586699.9999907799,-36129.127773178741,21741.245242173693,36.57902900882489,-1.5855149678950291,-2.6342397130001993,0.0023096754022525561
1587599.9999905704,-37477.301709469451,19325.335979694952,38.57918248547881,-1.4093523581053304,-2.7325204221756523,0.0021335010549596652
1588499.9999903608,-38664.1425172776,16826.238463971513,40.416548399277588,-1.2271256180329286,-2.8190362215991458,0.0019480530208203493
1589399.9999904656,-39684.543763435395,14254.712377815515,42.083131247259438,-1.0396194397117942,-2.8934151100394385,0.001754117293946599
1590299.9999899417,-40534.115690360901,11621.828792554448,43.571659702519717,-0.84764117389813387,-2.9553373687651816,0.0015525165894801165
1591199.9999903608,-41209.204052160341,8938.9224717469697,44.875618091128565,-0.65201734789102728,-3.0045369273287896,0.0013441068118547849
1592099.9999907799,-41706.905771954698,6217.5430747401506,45.989274612623937,-0.45359010441294734,-3.040802496793126,0.0011297733841766084
1592999.9999908847,-42025.08137086944,3469.4054197979285,46.907706213168836,-0.25321357333381306,-3.0639784670092913,0.00091042745103025926
1593899.9999903608,-42162.364103799766,706.33906497414148,47.626819983040228,-0.051750195160392212,-3.0739655634606802,0.00068700197480314165
1594799.9999904656,-42118.165771283726,-2059.7626046078408,48.143371002489189,0.14993298989941273,-3.0707212616992408,0.0004604477404624585
1595699.9999899417,-41892.679182484491,-4816.9935351001477,48.454976554141844,0.35096806921008605,-3.054259957822163,0.00023172928863013272
1596599.9999903608,-41486.877260343128,-7553.4862346331875,48.560126653311848,0.55048998872698784,-3.0246528946076467,1.8207909286947179e-06
1597499.9999901513,-40902.508797838105,-10257.462789657189,48.458190844373668,0.74764026694241703,-2.9820278442242079,-0.00022829810891095983
1598399.999990256,-40142.090878012437,-12917.285528092329,48.14942124577626,0.94157068177053471,-2.9265685486818263,-0.00045764647673789198
1599299.9999903608,-39208.898001461806,-15521.507036916761,47.634951829661233,1.1314469092301169,-2.8585139214322965,-0.00068524626802750842
1600199.9999907799,-38106.947960823025,-18058.919375103018,46.916793944714307,1.3164521025399292,-2.7781570131902211,-0.00091012649283533117
1601099.999991199,-36840.984530126792,-20518.602241827935,45.997828106128338,1.4957903943690072,-2.6858437470734526,-0.0011313273451849682
1601999.9999913038,-35416.457040458765,-22889.969908801857,44.881792090646961,1.6686903085763176,-2.5819714283783659,-0.001347904280401806
1602899.9999910942,-33839.49693077174,-25162.816712551008,43.573265391576363,1.8344080668431406,-2.4669870355259826,-0.0015589320226172922
1603799.9999905704,-32116.891375603322,-27327.360911668991,42.077650105060663,1.9922307762799152,-2.3413852996052578,-0.0017635084852742613
1604699.9999903608,-30256.054103434726,-29374.286722443314,40.401148334092582,2.1414794847011245,-2.2057065807611616,-0.0019607585880303505
1605599.9999904656,-28264.993530005573,-31294.784355283602,38.55073621039913,2.2815120909103932,-2.0605345503946504,-0.0021498379541109642
1606499.999990256,-26152.278341634388,-33080.587882354877,36.534134647891022,2.4117260979013317,-1.9064936888742157,-0.0023299364727459907
1607399.9999900465,-23927.000673304632,-34724.010775812152,34.359776953864056,2.5315611975085734,-1.7442466091202729,-0.0025002817120253588
1608299.9999901513,-21598.737041253109,-36217.978961701105,32.036773441771537,2.6405016754216835,-1.5744912174742163,-0.0026601421678723812
1609199.9999899417,-19177.507204069996,-37556.061245029363,29.574873207083151,2.7380786261936154,-1.3979577242697296,-0.0028088303356187424
1610099.9999900465,-16673.731103311919,-38732.496990881453,26.984423207005523,2.8238719699687111,-1.215405514819319,-0.0029457055936229614
1610999.9999904656,-14098.184095684661,-39742.22092351492,24.276324848107532,2.8975122609297164,-1.0276198959624714,-0.003070176885711227
1611899.9999908847,-11461.950649326087,-40580.884949272775,21.461988249078342,2.9586822806082269,-0.83540873043149133,-0.0031817051936609466
1612799.9999909895,-8776.3767047518813,-41244.876905609963,18.553284375321365,3.0071184088874139,-0.63959897333678839,-0.003279805790421678
1613699.9999910942,-6053.0209010677418,-41731.336154589088,15.56249524374255,3.0426117666396961,-0.44103312508881831,-0.0033640502662889782
1614599.999991199,-3303.6048878436577,-42038.165950083509,12.502262418858001,3.0650091246805333,-0.24056561653986255,-0.0034340683209993805
1615499.9999909895,-539.96291727370533,-42164.042528451253,9.3855339942167237,3.0742135751657367,-0.039059140282772936,-0.0034895493169582546
1616399.9999907799,2226.0090577129713,-42108.420878386576,6.2255102872723729,3.0701849619482116,0.16261905565064294,-0.0035302435888737373
1617299.999990256,4982.4045591528684,-41871.537164230751,3.0355884712033041,3.0529400677274827,0.36360089579432348,-0.0035559635066733718
1618199.9999906751,7717.3578282990475,-41454.407789370751,-0.17069364967889411,3.0225525566982476,0.56302121209357714,-0.0035665842897230219
1619099.9999910942,10419.09489089303,-40858.825103643183,-3.3797144647656268,2.9791526726471971,0.76002146758595746,-0.0035620445708493117
1619999.9999915133,13075.984259553905,-40087.349767458487,-6.5778257986796751,2.9229266930838089,0.95375345548689539,-0.0035423467100409601
1620899.9999916181,15676.587025886663,-39143.299805558432,-9.7514103109171906,2.8541161414692673,1.1433829555556643,-0.0035075568577765388
1621799.9999917229,18209.706136578516,-38030.736395178472,-12.88693884096735,2.7730167604911888,1.3280933325935023,-0.0034578047688826052
1622699.9999915133,20664.434640643805,-36754.446447233349,-15.97102747555086,2.6799772503715054,1.5070890613503283,-0.0033932833680046241
1623599.9999916181,23030.202700444162,-35319.922051932765,-18.990494117596711,2.5753977771684147,1.6795991624653526,-0.0033142480679528175
1624499.9999914085,25296.823147211653,-33733.336885111428,-21.932414316080507,2.4597282578975017,1.8448805331588802,-0.0032210158429935801
1625399.9999908847,27454.535412496058,-32001.519658838926,-24.784176174142122,2.3334664284281583,2.0022211600602144,-0.0031139640578751104
1626299.9999903608,29494.047613980463,-30131.924746801731,-27.533534078599462,2.1971557035958931,2.1509431976774209,-0.0029935290553206972
1627199.9999907799,31406.576628503699,-28132.600102318491,-30.168661054458241,2.0513828381165,2.2904058999785502,-0.0028602045036314173
1628099.999991199,33183.885970940013,-26012.15261304066,-32.678199520738367,1.8967753988634846,2.4200083915306974,-0.0027145395071678196
1628999.9999909895,34818.321324023702,-23779.711031295781,-35.051310249346308,1.7339990587616956,2.5391922665958169,-0.0025571364819122798
1629899.9999910942,36302.843555822517,-21444.886646275019,-37.277719306605995,1.563754724593601,2.6474440040078506,-0.0023886488000931217
1630799.9999915133,37631.059074867633,-19017.731880844865,-39.347762761809577,1.3867755122725782,2.7442971866734314,-0.0022097782093999951
1631699.9999913038,38797.247405041337,-16508.696975089464,-41.252428981893537,1.2038235816685243,2.8293345169345154,-0.0020212720313908723
1632599.9999910942,39796.385855937544,-13928.584945431021,-42.983398311703041,1.0156868450473744,2.9021896186270539,-0.0018239201463181619
1633499.9999905704,40624.171173775219,-11288.505033456828,-44.533079938456986,0.82317556504287481,2.9625486174169082,-0.0016185517746254861
1634399.9999909895,41277.038091169816,-8599.8248208680507,-45.894645780597415,0.6271188553289061,3.0101514934807683,-0.0014060320637612482
1635299.9999914085,41752.174684497069,-5874.1212522926498,-47.062061211292409,0.42836110191099214,3.0447931999626379,-0.0011872584953166842
1636199.9999918276,42047.534486211967,-3123.1307330954423,-48.030112485031957,0.22775831748983938,3.0663245435077577,-0.00096315712311491656
1637099.9999916181,42161.84528849506,-358.69856187671411,-48.794430700070613,0.026174448063088048,3.0746528224211027,-0.00073467866155101666
1637999.9999914085,42094.614608282493,2407.2721112816225,-49.35151218277398,-0.17552235411766837,3.0697422204901308,-0.00050279443945292271
1638899.999991199,41846.131788765822,5162.8715643688902,-49.698735175387945,-0.37646347385810408,3.0516139549035541,-0.00026849223958735799
1639799.9999916181,41417.466730199812,7896.2348110125258,-49.834372736127335,-0.57578357722311524,3.0203461780055023,-3.2772042857598984e-05
1640699.9999914085,40810.465259151613,10595.592695648224,-49.757601773817548,-0.77262433907404626,2.9760736338141505,0.00020335830025809207
1641599.9999908847,40027.741152002825,13249.322592756133,-49.46850816227618,-0.9661381405867252,2.918987070710354,0.00043888745263029289
1642499.9999903608,39072.664853611008,15845.998450996954,-48.968087893708862,-1.1554917179306878,2.8493324135112714,0.00067280500231355728
1643399.9999907799,37949.34893833183,18374.439991270385,-48.258244256184312,-1.3398697483061441,2.7674096985729491,0.00090410588328590014
1644299.999991199,36662.630380930241,20823.760835210298,-47.341781039154597,-1.5184783572008489,2.6735717770109475,0.0011317947820192076
1645199.9999916181,35218.049705677047,23183.415377162684,-46.222391783263873,-1.6905485334202395,2.5682227911413871,0.0013548905099688066
1646099.9999920372,33621.827114955362,25443.244173646413,-44.904645122563096,-1.8553394356144524,2.451816431607388,0.0015724303184283725
1646999.999992142,31880.835692680055,27593.517674124243,-43.393966274496997,-2.0121415776669456,2.3248539821695138,0.0017834741367346708
1647899.9999922467,30002.571800273065,29624.978099363547,-41.696614757263127,-2.1602798790275481,2.1878821607288863,0.0019871087132407716
1648799.9999920372,27995.122795721491,31528.879285331936,-39.819658433751478,-2.2991165669119131,2.0414907660402055,0.0021824516395324641
1649699.9999915133,25867.132208862586,33297.024328728745,-37.770943990381369,-2.4280539185932444,1.8863101397235826,0.0023686552401378769
1650599.9999916181,23627.762524758797,34921.800868776074,-35.559063982018607,-2.5465368318773849,1.7230084545158317,0.0025449103098034126
1651499.9999914085,21286.655743546205,36396.213848898384,-33.193320596694747,-2.6540552124759,1.5522888408801825,0.0027104496811167903
1652399.9999908847,18853.891863326684,37713.91563412347,-30.683686277211386,-2.7501461693031097,1.3748863624842429,0.0028645516085619312
1653299.9999909895,16339.945485477372,38869.233337074198,-28.040761393321723,-2.8343960070087335,1.1915648548964157,0.0030065429523979319
1654199.9999910942,13755.640726908681,39857.193240210909,-25.275729149875556,-2.9064420075543431,1.0031136407668177,0.0031358021490732781
1655099.9999915133,11112.104614109778,40673.542216951057,-22.400307909117128,-2.9659739936936544,0.81034413405854444,0.0032517619564220754
1655999.9999916181,8420.7191810935074,41314.766048111698,-19.426701159102883,-3.012735666728835,0.61408634935664175,0.003353911960596416
1656899.9999917229,5693.0724603968129,41778.104561494481,-16.367545329719007,-3.0465257131696553,0.41518532990028151,0.003441800834959775
1657799.999992142,2940.908586512418,42061.563524913225,-13.235855693686474,-3.0671986750751827,0.21449751021463548,0.0035150383408596277
1658699.9999922467,176.07722926328515,42163.923241781777,-10.044970592471833,-3.0746655802079945,0.012887029115211262,0.0035732970618216702
1659599.9999926658,-2589.5174426411804,42084.743812756926,-6.8084942105293713,-3.0688943291644191,-0.18877799236643628,0.0036163138642263601
1660499.9999927706,-5343.9680231976999,41824.367037545555,-3.5402381756478842,-3.0499098374107558,-0.38962919030906734,0.0036438910776162327
1661399.999993504,-8075.4151617962152,41383.914948565798,-0.25416220867860606,-3.0177939314375903,-0.58880170030617618,0.0036558973901601867
1662299.9999932945,-10772.098632763546,40765.284984057813,3.0356858800840389,-2.9726849994118174,-0.78543788434845585,0.0036522684550493695
1663199.9999930849,-13422.408006703159,39971.141814617717,6.3152306410475125,-2.9147773971859876,-0.978691029322732,0.0036330072055527039
1664099.999993504,-16014.932653260546,39004.905865648871,9.5704295571595566,-2.8443206126257117,-1.1677289972844025,0.0035981838771472685
1664999.9999932945,-18538.510891719285,37870.738581423037,12.787333512627908,-2.7616181914764666,-1.3517378139613339,0.0035479357369733243
1665899.9999930849,-20982.278082222514,36573.524487109295,15.952146903473196,-2.6670264288006584,-1.529925180204541,0.003482466521348461
1666799.9999928754,-23335.713417884679,35118.85013898804,19.051287088465106,-2.5609528325204831,-1.7015238887147417,0.0034020455843623899
1667699.9999926658,-25588.685243231335,33512.980043420546,22.071442957005701,-2.4438543649364264,-1.8657951331188043,0.0033070067609570525
1668599.9999924563,-27731.494691989999,31762.829651957203,24.999632345963587,-2.316235470084961,-2.0220316941067122,0.0031977469496036037
1669499.9999922467,-29754.917454993294,29875.935550348044,27.823258055290676,-2.1786458955941685,-2.1695609886405345,0.0030747244209165894
1670399.9999923515,-31650.243499153046,27860.422969762258,30.530162221259616,-2.0316783185009499,-2.3077479690052867,0.0029384568596555888
1671299.9999927706,-33409.314565752087,25724.970760822325,33.108678811332219,-1.8759657854233722,-2.435997859024297,0.0027895191487718831
1672199.9999931897,-35024.559284417366,23478.77398435181,35.547684010548849,-1.7121789784796422,-2.5537587153810146,0.0026285409054653298
1673099.9999932945,-36489.02575470697,21131.504276931613,37.836644286139148,-1.5410233186743818,-2.6605238031568543,0.0024562037798880739
1673999.9999933993,-37796.411451488151,18693.268166482827,39.965661917469738,-1.3632359197383954,-2.7558337750406912,0.0022732385286903982
1674899.9999931897,-38941.090323587028,16174.563524365896,41.92551779085646,-1.1795824062399973,-2.8392786446749869,0.0020804218768296599
1675799.9999926658,-39918.136978594062,13586.234325378529,43.707711289519054,-0.9908536086870775,-2.9104995463505645,0.0018785731802310986
1676699.9999924563,-40723.347837881229,10939.423935089939,45.304497086466988,-0.79786215183828113,-2.9691902726595187,0.001668550905822442
1677599.9999919324,-41353.259180839006,8245.5271114659354,46.708918696650422,-0.60143895006079839,-3.0150985843036748,0.0014512489433598551
1678499.9999923515,-41805.162000146578,5516.14092534474,47.914838643378332,-0.40242962483667416,-3.0480272864976024,0.0012275927650138487
1679399.9999924563,-42077.113600628414,2763.0148362330397,48.916965098369587,-0.20169086182023363,-3.0678350672218713,0.00099853545159335998
1680299.9999922467,-42167.94590132375,-1.9999005969078496,49.710874901217416,-8.6720407017236954e-05,-3.0744370945838759,0.00076505359963970055
1681199.9999920372,-42077.270398851055,-2767.00123828089,50.293032841823504,0.20151508532328335,-3.0678053704539825,0.00052814313050629827
1682099.9999915133,-41805.479777372202,-5520.0875556092233,50.660807135693894,0.40224691978643606,-3.0479688395447671,0.00028881501799613382
1682999.9999913038,-41353.746157827329,-8249.4088667622491,50.812481024905892,0.60124495710288539,-3.0150132536466079,4.8090953150909107e-05
1683899.9999914085,-40724.015997060764,-10943.217790542863,50.747260455327137,0.79765289338292855,-2.9690807920423414,-0.0001930010338428068
1684799.999991199,-39919.001659777481,-13589.920074457283,50.465277802048575,0.99062562524452591,-2.9103694400144859,-0.00043343097686735697
1685699.9999906751,-38942.169700154438,-16178.124453177243,49.967591627243998,1.1793328786093167,-2.8391321283560886,-0.00067217138286085917
1686599.9999904656,-37797.72590610171,-18696.691623882816,49.256182474302129,1.362962772078022,-2.7556756379529701,-0.00090820162720009782
1687499.999990256,-36490.597173564485,-21134.78212825122,48.333944720746906,1.5407252997513865,-2.6603592745257525,-0.0011405123164701426
1688399.9999903608,-35026.410284677106,-23481.902947646318,47.204674524202886,1.7118557196168327,-2.5535933190528946,-0.0013681096009400245
1689299.9999898369,-33411.46768847046,-25727.95259808988,45.873053919881578,1.8756178321883785,-2.4358372611709038,-0.0015900194169124141
1690199.9999893131,-31652.720378105645,-27863.26455053905,44.344631132323201,2.0313071369432771,-2.3075978224587792,-0.0018052916425393812
1691099.9999891035,-29757.737996320902,-29878.648768637446,42.625797200076192,2.1782538516755849,-2.1694267792171678,-0.0020130041471610799
1691999.9999892083,-27734.676283567693,-31765.431208193793,40.723759004933157,2.3158257836852427,-2.0219185930496093,-0.0022122667190074903
1692899.9999889988,-25592.242017647353,-33515.491097270926,38.64650883133163,2.4434310398638122,-1.8657078600089827,-0.0024022248533175244
1693799.9999887892,-23339.655584605745,-35121.295848115813,36.402790579053196,2.5605205650807656,-1.7014665883658124,-0.0025820633858892887
1694699.9999882653,-20986.611354032601,-36575.933440162895,34.002062788552173,2.6665904973755525,-1.5299013174462832,-0.0027510099554584138
1695599.9999886844,-18543.236012618901,-37873.142148320068,31.454458624311652,2.7611843309798689,-1.3517500885421667,-0.0029083382817016428
1696499.9999891035,-16020.045053398007,-39007.337476585155,28.770743009140261,2.8438948771240904,-1.1677792820385517,-0.003053371243690831
1697399.9999892083,-13427.897581179288,-39973.636196827632,25.962267068694803,2.9143660154395117,-0.9787803321871702,-0.0031854837478013064
1698299.9999889988,-10777.949643489039,-40767.877378142373,23.040920098913698,2.972294227668014,-0.78556633449302038,-0.0033041053720161591
1699199.9999887892,-8081.606283124559,-41386.640319149345,20.019079259827038,3.0174299073058872,-0.58896855970894801,-0.0034087227762350574
1700099.9999885797,-5350.4725152802612,-41827.259306548345,16.909557209372526,3.0495784395532217,-0.38983288893182483,-0.0034988818691311005
1700999.9999880558,-2596.303436401055,-42087.835135803936,13.725547898117284,3.068601046803511,-0.18901618460876621,-0.0035741897232360862
1701899.9999881606,169.04632212798549,-42167.243342505251,10.480570754973721,3.0744153957806248,0.012617387285503458,-0.0036343162310530468
1702799.999987951,2933.673571407252,-42065.139107501811,7.1884135093837935,3.0669959634434822,0.21420006781342085,-0.0036789954961753322
1703699.9999880558,5685.6777762909705,-41781.958813315367,3.8630738660747217,3.0463741597855973,0.41486423421022972,-0.0037080269552725842
1704599.9999881606,8413.2122505649077,-41318.918242943502,0.51870031257506199,3.0126382066123258,0.61374612953455432,-0.0037212762270571846
1705499.9999882653,11104.535145726481,-40678.007426550554,-2.8304677287621902,2.9659327723987641,0.80998957907376556,-0.0037186756867850046
1706399.9999877415,13748.05999712815,-39861.982155898004,-6.1701601363209058,2.9064583643580533,1.0027496763376644,-0.0037002247651815819
1707299.9999875319,16332.405616964126,-38874.352199987617,-9.486136473098334,2.8344704798338589,1.1911964232884897,-0.0036659899722608353
1708199.9999882653,18846.44511292809,-37719.366272014493,-12.764246264400864,2.7502785203443079,1.374518308616145,-0.003616104647533148
1709099.9999886844,21279.353818940745,-36401.993813080371,-15.990488921272837,2.6542444727371057,1.5519258083578826,-0.0035507684392614485
1709999.9999881606,23620.655951545185,-34927.90365833875,-19.151073094886659,2.5467813619560933,1.722654795086356,-0.0034702465155528211
1710899.9999876367,25860.269764483288,-33303.439685258687,-22.232475190295055,2.4283514824341199,1.8859698388409156,-0.0033748685116425006
1711799.9999880558,27988.551012242177,-31535.593546876917,-25.221496812498529,2.2994644154043389,2.0411673857225123,-0.0032650272180908325
1712699.9999878462,29996.334532944111,-29631.97460879412,-28.105320912571358,2.1606748406333822,2.1875788000068379,-0.0031411770152214432
1713599.9999882653,31874.973789378899,-27600.777199104639,-30.871566436534845,2.0125801504420635,2.3245732576792997,-0.0030038320580575871
1714499.9999883701,33616.378155964507,-25450.745347249431,-33.508341199426766,1.8558178788135937,2.4515604755647553,-0.00285356421991231
1715399.9999884749,35213.0478305094,-23191.135125556906,-36.004292828519702,1.6910629539181683,2.5679932668704084,-0.0026910007984387333
1716299.999987951,36658.106186086443,-20831.674788794939,-38.348657519022396,1.5190247883938002,2.6733699093422967,-0.0025168219929741428
1717199.9999874271,37945.329444559742,-18382.522857632674,-40.531306432893388,1.3404442181804161,2.7672363170964327,-0.0023317581584825584
1718099.9999875319,39069.173526033126,-15854.224348966041,-42.542789519017134,1.1560903049184073,2.8491880052400931,-0.0021365868453473019
1718999.9999876367,40024.797965576778,-13257.665333674007,-44.374376577713903,0.96675701533561942,2.9188718391568913,-0.0019321296328710094
1719899.9999871128,40808.086793479837,-10604.026015640588,-46.01809538950107,0.77325979204824324,2.9759875607477282,-0.0017192487656032061
1720799.9999872176,41415.666285919302,-7904.7325376074314,-47.466766732248765,0.57643203107760432,3.0202890847627493,-0.0014988436030947462
1721699.9999873224,41844.91950623002,-5171.4077388344494,-48.71403611644709,0.37712148280825852,3.051585559397739,-0.0012718468960948627
1722599.9999874271,42093.997581810938,-2415.8210511889683,-49.75440210368177,0.17618659030982572,3.0697421872082917,-0.0010392209000668301
1723499.9999878462,42161.827661826166,350.16222559678039,-50.583241055213691,-0.02550721712804974,3.0746808024673884,-0.00080195334237514397
1724399.9999876367,42048.11752554548,3114.6320579833064,-51.196828191732635,-0.22709125956063381,3.0663802029483045,-0.00056105325838062619
1725299.9999880558,41753.356820915185,5865.6850114028812,-51.592354855079449,-0.42769735547521481,3.0448762348718406,-0.00031754671273477483
1726199.9999878462,41278.814931158653,8591.4755255449072,-51.767941870754498,-0.62646156554609334,3.0102616311198229,-7.2472427392052826e-05
1727099.9999873224,40626.535477274425,11280.266959399272,-51.72264894421204,-0.82252791834525274,2.962685603573,0.00017312266828830596
1727999.9999867985,39799.327483721179,13920.482143876723,-51.456480023187531,-1.015052098833662,2.9023531918569714,0.00041818794111939133
1728899.9999869033,38800.75324672024,16500.753242588569,-50.970384590810433,-1.2032050850933982,2.8295243716609857,0.00066167359166796266
1729799.9999873224,37635.112959785809,19009.970701948434,-50.266254868672554,-1.386176717400573,2.7445129268850219,0.0009025352037156278
1730699.9999871128,36307.426162457974,21437.331084733552,-49.346918928103584,-1.5631791847359098,2.6476850906719349,0.0011397382840509724
1731599.9999872176,34823.410089128425,23772.383585787702,-48.216129724442048,-1.7334504142047327,2.5394579611408536,0.0013722627710440252
1732499.9999870081,33189.455027735443,26005.075004544018,-46.878550104161761,-1.8962573471224733,2.4202976999925494,0.0015991074876581573
1733399.9999874271,31412.596772725778,28125.793021858142,-45.339733826839989,-2.0508990908560247,2.2907175202580001,0.0018192945214361904
1734299.9999875319,29500.486314998205,30125.407557585026,-43.606102696481784,-2.196709930343947,2.15127547366323,0.0020318735067962682
1735199.9999876367,27461.356879104496,31995.310062197877,-41.684919881351476,-2.3330621888270202,2.002572045666426,0.0022359257924908851
1736099.9999871128,25303.988465415376,33727.450553856979,-39.584259548683178,-2.4593689242592824,1.845247569633172,0.0024305684727162044
1736999.9999872176,23037.670034913463,35314.372257889241,-37.312972931099083,-2.5750864511750291,1.6799794701085085,0.0026149582649634649
1737899.9999876367,20672.159520523186,36749.243682695313,-34.880650992143728,-2.6797166760897073,1.5074793484775117,0.0027882952150080575
1738799.9999877415,18217.641813066151,38025.888014682751,-32.297583830339157,-2.7728092380236857,1.3284899216613422,0.002949826214609986
1739699.9999881606,15684.684911713464,39138.809695817457,-29.57471700704205,-2.8539634443153488,1.1437818275182157,0.003098848315196192
1740599.999987951,13084.194439531817,40083.218065829431,-26.723605002300818,-2.9228299931947195,0.95415031138497641,0.0032347118223443566
1741499.9999880558,10427.366686637555,40855.047982094882,-23.756361966711896,-2.9791124768067303,0.76041180541104736,0.0033568231595084395
1742399.9999884749,7725.6404236670805,41450.977310449773,-20.685610028405222,-3.0225686568902499,0.56340041818631914,0.003464647486161643
1743299.999987951,4990.6476633976454,41868.44122540456,-17.524425349702149,-3.0530115085765122,0.36396434744407996,0.0035577110608810783
1744199.9999877415,2234.1635765340034,42105.643254257804,-14.286282160994983,-3.0703100274447324,0.16296223069304305,0.0036356033390285833
1745099.9999881606,-531.94419157550465,42161.563011637983,-10.984995051903438,-3.0743897958188278,-0.038740548371582598,0.0036979787949136802
1745999.999987951,-3295.7666088661063,42035.96059756224,-7.6346597447312545,-3.0652333062002639,-0.24027558361450721,0.0037445584617356318
1746899.9999883701,-6045.4045416857243,41729.377635628582,-4.2495925920024646,-3.0428800399708025,-0.44077518531772758,0.0037751311826455195
1747799.9999881606,-8769.0199753362758,41243.134947244325,-0.84426911064072951,-3.00742630089381,-0.63937611510271597,0.0037895545668116593
1748699.9999885797,-11454.886998718768,40579.326868967495,2.5667382398624241,-2.9590248037538038,-0.83522330443142057,0.0037877556472190443
1749599.9999886844,-14091.442288298873,39740.812240861407,5.9688227097939803,-2.8978840199961855,-1.0274735373467192,0.0037697312367926381
1750499.9999884749,-16667.334910982132,38731.202098222166,9.3474061163841888,-2.8242672825652244,-1.2152990842298521,0.0037355479815735565
1751399.999987951,-19171.475204141916,37554.844124142088,12.6880015992223,-2.7384916539865367,-1.3978912688468834,0.0036853421105827807
1752299.9999880558,-21593.082540056897,36216.803923868072,15.97627602499781,-2.6409265620188838,-1.574463954502332,0.0036193188833368727
1753199.9999881606,-23921.731748131861,34722.843210221246,19.198111743738941,-2.5319922092924751,-1.7442569326249489,0.0035377517377483264
1754099.9999876367,-26147.398018207725,33079.394982533646,22.339667460385289,-2.4121577628868462,-1.9065392007351298,0.0034409811416081706
1754999.9999877415,-28260.500077626311,31293.535809731748,25.387437940516971,-2.2819393318900909,-2.0606121144995324,0.0033294131526845276
1755899.9999872176,-30251.941443863892,29372.955348673731,28.328312273937385,-2.1418977425105283,-2.2058123992429493,0.0032035176944741929
1756799.9999866937,-32113.149604545888,27325.923204868748,31.149630486447908,-1.9926361185988466,-2.3415150099373339,0.0030638265536288832
1757699.9999861699,-33836.1129219383,25161.253306072442,33.839238206081454,-1.8347972800935417,-2.4671358247094979,0.0029109311094934428
1758599.999985646,-35413.415125219435,22888.265924048599,36.385539179344462,-1.6690609693668272,-2.5821341617539861,0.0027454798045430909
1759499.9999851221,-36838.267233673556,20516.747513897684,38.777545398781257,-1.4961409179630039,-2.6860151080908694,0.0025681753670957382
1760399.9999849126,-38104.536769562554,18056.908551165448,41.004924618531895,-1.3167817670323954,-2.7783316497749366,0.0023797717989812203
1761299.9999850173,-39206.774141656191,15519.339539477685,43.058045063109347,-1.1317558542364583,-2.8586865948151825,0.0021810711406944471
1762199.9999851221,-40140.23608004766,12914.965388548564,44.928017126143459,-0.94185988188659964,-2.9267342800727043,0.001972920028947655
1763099.9999855412,-40900.906026512537,10254.998350025224,46.606731887504203,-0.74791148018023912,-2.9821820551643072,0.0017562060609742664
1763999.9999850173,-41485.511387337436,7550.8897306309445,48.086896270964061,-0.55074568172818361,-3.0247915366305675,0.0015318539828095958
1764899.9999848078,-41891.537582955076,4814.2805645473627,49.362064708019908,-0.35121132082201095,-3.0543796276610826,0.0013008217160806286
1765799.9999852269,-42117.238825022614,2056.9514927188829,50.426667149908361,-0.15016737566776472,-3.0708192984337597,0.0010640962435187282
1766699.9999850173,-42161.645583462858,-709.22795113249526,51.276033321697817,0.051520731701882094,-3.074040124479565,0.00082268936989337237
1767599.9999851221,-42024.568710877618,-3472.3504503833356,51.906413118711313,0.2529848633262059,-3.0640285808664216,0.00057763337495180802
1768499.9999849126,-41706.600205182207,-6220.5221441430676,52.314993041430832,0.4533579014620755,-3.0408280909970022,0.00032997658133446586
1769399.9999843887,-41209.110611152806,-8941.9138171402028,52.499908614507241,0.65177747998289237,-3.0045388302759992,8.0778852992999183e-05
1770299.9999841792,-40534.243072679034,-11624.811794672807,52.460252728945889,0.84738969306663658,-2.955317285720533,-0.00016889295412557046
1771199.9999845983,-39684.904063169633,-14257.668333843381,52.196079876009122,1.0393527659747697,-2.8933755737299642,-0.00041796957032727333
1772099.9999840744,-38664.750837396896,-16829.151288413046,51.708406256344013,1.2268406717496845,-2.8189805193809288,-0.00066538389901510885
1772999.9999835505,-37478.175652160709,-19328.1928549199,50.999205761422878,1.4090466799054144,-2.7324525008994494,-0.00091007559438210093
1773899.9999830266,-36130.286836872525,-21744.037156437793,50.071401850168627,1.5851868194829062,-2.6341640654022584,-0.001150995607006566
1774799.9999828171,-34626.886786440788,-24066.286490816732,48.928855353421,1.7545032440098698,-2.5245383213386066,-0.0013871106807850744
1775699.9999829219,-32974.44697834921,-26284.946029076036,47.576348262587409,1.9162674829300625,-2.4040471151857039,-0.0016174077804084099
1776599.9999827123,-31180.080119150934,-28390.466780250325,46.019563571700822,2.0697835663211319,-2.2732090001593579,-0.0018408984312099884
1777499.9999828171,-29251.50953488189,-30373.78664387648,44.265061254746733,2.2143910100916209,-2.1325870053399512,-0.002056622953452806
1778399.9999829219,-27197.035952870378,-32226.369356729665,42.320250495758074,2.3494676477930785,-1.9827862159778982,-0.0022636545711321233
1779299.9999827123,-25025.501800005262,-33940.241189693836,40.193358276452365,2.4744322987774234,-1.8244511740665861,-0.0024611033801777075
1780199.9999831314,-22746.253179200532,-35508.025226283316,37.893394463492882,2.5887472606473261,-1.6582631109033497,-0.0026481201580063553
1781099.9999829219,-20369.099691575957,-36922.973075420465,35.430113550651818,2.6919206154719548,-1.4849370237400203,-0.0028238999980936177
1781999.999982398,-17904.272259995985,-38178.993894422005,32.813973203653944,2.7835083409231802,-1.3052186077204142,-0.0029876857555350069
1782899.9999818741,-15362.379150534496,-39270.68058586563,30.056089801460665,2.8631162165656243,-1.1198810572514779,-0.00313877128759659
1783799.9999813503,-12754.360375126955,-40193.333061677644,27.168191160361054,2.9304015176652825,-0.92972174995465517,-0.0032765044761440998
1784699.999981455,-10091.440661456425,-40942.978477768316,24.162566633529917,2.9850744895725398,-0.73555882652265281,-0.0034002900196582176
1785599.9999815598,-7385.0812059088312,-41516.388346354543,21.052014815868215,3.0268995959723113,-0.53822768196091653,-0.0035095919822383964
1786499.9999813503,-4646.9303990801318,-41911.092458304665,17.849789059328934,3.0556965360871091,-0.33857738176098151,-0.003603936089797337
1787399.9999817694,-1888.7737410678267,-42125.389551213317,14.56954103838163,3.0713410261188212,-0.13746701857327751,-0.0036829117633643271
1788299.9999812455,877.51682664445286,-42158.35467665772,11.22526262188158,3.073765341462384,0.064237974349506996,-0.0037461738807956424
1789199.9999813503,3640.0339914359606,-42009.843236576045,7.8312262569595719,3.0629586173815491,0.26566953997402237,-0.0037934442606708954
1790099.9999811407,6386.8862734729564,-41680.491667271504,4.4019241783684677,3.0389669064176954,0.46596072522938653,-0.0038245128610498802
1790999.9999812455,9106.2491974781133,-41171.714767529644,0.9520066371180762,3.0018929920749904,0.66424940778176211,-0.0038392386896307397
1791899.9999810359,11786.416166119692,-40485.699682006343,-2.5037805322761888,2.9518959593598009,0.85968200259260907,-0.0038375504209929401
1792799.999981455,14415.84885630021,-39625.396559652843,-5.9506587908396327,2.8891905233526041,1.0514171353494834,-0.0038194467193117792
1793699.9999818741,16983.226884233271,-38594.50593255007,-9.3738799070648806,2.8140461188364938,1.2386292643114851,-0.0037849962655533685
1794599.9999819789,19477.496561445911,-37397.462858703555,-12.758788882111713,2.7267857538625466,1.4205122376176367,-0.0037343374896591053
1795499.9999817694,21887.918507695165,-36039.417900209563,-16.090886493030936,2.6277846321605685,1.59628276895593,-0.0036676780094076584
1796399.9999818741,24204.113923164772,-34526.215014769114,-19.355891201650795,2.5174685497903715,1.7651838170861562,-0.0035852937789284836
1797299.9999822932,26416.109312729383,-32864.366458591503,-22.539800159763804,2.3963120729093346,1.9264878539552539,-0.0034875279512562914
1798199.999982398,28514.379482379249,-31061.02479854885,-25.628949074911173,2.2648365035467126,2.0795000080823716,-0.0033747894597000679
1799099.9999821885,30489.8886104872,-29123.952157618787,-28.610070672324113,2.1236076422208146,2.223561068574146,-0.0032475513244631044
1799999.9999826076,32334.129217256334,-27061.486824011532,-31.470351511671613,1.9732333567445979,2.3580503365973846,-0.0031063486916472595
1800899.9999820837,34039.158855158195,-24882.507376988484,-34.197486909402564,1.8143609682667488,2.4823883110680178,-0.0029517766133896717
1801799.9999825028,35597.634387833612,-22596.39445046055,-36.779733780504948,1.6476744633261853,2.5960391985534352,-0.0027844875756484967
1802699.9999822932,37002.843660438819,-20212.990356278595,-39.205961103575362,1.4738915481105734,2.6985132326766972,-0.0026051887872079512
1803599.9999827123,38248.734476446079,-17742.556673200776,-41.465697882366335,1.293760552719007,2.7893687964879064,-0.0024146392353141862
1804499.9999821885,39329.940708434893,-15195.730048671454,-43.549178326095166,1.1080572035808107,2.8682143349103701,-0.002213646523507301
1805399.9999819789,40241.805462075055,-12583.476351339827,-45.447384112574397,0.91758127427553071,2.9347100510879822,-0.0020030634993019069
1806299.9999817694,40980.401167703079,-9917.0434192720713,-47.152083508712536,0.72315313285147065,2.9885693772395157,-0.001783784687615815
1807199.9999818741,41542.54652880806,-7207.9125741968555,-48.655867209189438,0.52561019833892342,3.0295602146864908,-0.0015567425403768781
1808099.9999816646,41925.820244912567,-4467.7491303355191,-49.952180719074263,0.32580332342668689,3.0575059369224982,-0.001322903517645244
1808999.9999811407,42128.571451590382,-1708.3521092270059,-51.035353138982813,0.12459311903583606,3.0722861515024671,-0.0010832640147930186
1809899.9999815598,42149.9268326612,1058.3966273664955,-51.900622223251922,-0.077153763424193625,3.0738372174973634,-0.00083884615089632221
1810799.9999813503,41989.79437362295,3820.5835818931118,-52.54415558622005,-0.2785683739745265,3.0621525163508396,-0.00059069343707056484
1811699.999981455,41648.863741820765,6566.3149855506535,-52.963067969925106,-0.47878321695360293,3.0372824752362027,-0.00033986633835633896
1812599.9999815598,41128.603291948959,9283.7680463435681,-53.155434470599275,-0.67693599445619212,2.9993343430228907,-8.7437752373090922e-05
1813499.9999813503,40431.253711446858,11961.241898927423,-53.120299668320506,-0.87217332687214233,2.9484717201703394,0.0001655115795381346
1814399.9999811407,39559.818334122516,14587.208018652709,-52.857682603313052,-1.0636544330528721,2.8849138449041618,0.00041789770717848989
1815299.9999812455,38518.05016550533,17150.359884650465,-52.368577567483563,-1.2505547543275577,2.8089346391545575,0.00066863813201358294
1816199.9999810359,37310.435679906484,19639.661673213388,-51.654950699052996,-1.4320695063895172,2.7208615189433805,0.00091665647189383115
1817099.9999811407,35942.175454262651,22044.395786692523,-50.719732382356533,-1.6074171448801404,2.6210739742693079,0.001160887110181026
1817999.9999806168,34419.161734859183,24354.208989157654,-49.566805483382375,-1.7758427280761111,2.5100019257814581,0.0014002798055247517
1818899.9999807216,32747.953017800912,26559.156983412235,-48.200989453645875,-1.9366211647539826,2.388123864388743,0.0016338042443318594
1819799.9999801978,30935.745779612414,28649.74719640124,-46.628020383552816,-2.0890603304217872,2.2559647839591852,0.0018604545106482434
1820699.9999796739,28990.343449065542,30616.97963743292,-44.854527062424282,-2.2325040422400373,2.1140939139126615,0.0020792534578335407
1821599.99997915,26920.122783464092,32452.385613389004,-42.888003167425445,-2.366334877124403,1.9631222637184949,0.0022892569577141041
1822499.9999789405,24733.99777753912,34148.064159703194,-40.736775685148494,-2.4899768229725368,1.8036999886969298,0.0024895580104153264
1823399.9999784166,22441.381270787409,35696.716020654283,-38.409969709319704,-2.6028977511170441,1.6365135892180611,0.0026792906951122928
1824299.9999778927,20052.144404449977,37091.67504502814,-35.917469751488284,-2.7046117004659638,1.4622829542739355,0.0028576339453014262
1825199.9999776832,17576.5741191048,38326.936849887723,-33.269877747246419,-2.7946809628012388,1.2817582632549533,0.0030238151302559389
1826099.9999771593,15025.328870219631,39397.184636946171,-30.47846793465963,-2.8727179609930622,1.0957167587289949,0.0031771134275956313
1826999.9999772641,12409.392737100481,40297.812056820818,-27.555138783436806,-2.9383869126400857,0.90495940285149823,0.0033168629730284662
1827899.9999776832,9740.0281492755366,41024.943010755364,-24.512362211814228,-2.9914052711917103,0.71030743355677939,0.0034424557718102044
1828799.999977788,7028.7274098293519,41575.448316728565,-21.36313028578925,-3.0315449392895251,0.51259883342080514,0.0035533443608819432
1829699.9999778927,4287.1632279047881,41946.959164019798,-18.120899634981178,-3.0586332488152523,0.31268472646640383,0.0036490442097068866
1830599.9999773689,1527.1384866643789,42137.877296386396,-14.799533842026282,-3.0725537032643184,0.11142571921284139,0.0037291358489730847
1831499.999977788,-1239.4645646820998,42147.381884181108,-11.413244022862369,-3.0732464794970547,-0.090311800463419231,0.003793266719004811
1832399.9999785214,-4000.7354388573758,41975.433051831169,-7.9765278998799065,-3.0607086863295261,-0.29165938816100356,0.0038411527287340501
1833299.9999783118,-6744.7866798813884,41622.772048723491,-4.5041075821956449,-3.0349943789740239,-0.49175027859414705,0.0038725795197692243
1834199.9999784166,-9459.8050351051352,41090.918057880393,-1.0108663430866804,-2.996214328778894,-0.68972311474392745,0.0038874034292764484
1835099.9999782071,-12134.102297099675,40382.161659320402,2.4882153153809354,-2.9445355493432754,-0.88472565361916533,0.0038855521475093338
1835999.9999783118,-14756.165621554232,39499.554972636419,5.9781240656798831,-2.8801805806307303,-1.0759184345317168,0.0038670250673790039
1836899.9999787309,-17314.707086232527,38446.898522931428,9.4438783245841886,-2.8034265341345908,-1.2624783927576599,0.0038318933242458947
1837799.9999788357,-19798.71228869709,37228.724883509763,12.870592724785636,-2.7146039028287765,-1.4436024038026332,0.0037802995256765162
1838699.9999786261,-22197.48776816703,35850.279165839027,16.243542203107836,-2.6140951408986783,-1.6185107425572149,0.0037124571721451529
1839599.9999781023,-24500.707047872624,34317.496439831499,19.548225429408454,-2.5023330191789879,-1.7864504424015029,0.0036286497710304563
1840499.9999778927,-26698.455096739544,32636.976182863287,22.770427298252628,-2.3797987633695845,-1.9466985394742102,0.0035292296476914986
1841399.9999779975,-28781.271022746343,30815.953864615356,25.896280219057115,-2.2470199827597979,-2.0985651882881839,0.0034146164585051888
1842299.9999781023,-30740.188808151324,28862.269793786829,28.912323931580342,-2.1045683986044055,-2.2413966347052035,0.003285295412410042
1843199.9999785214,-32566.775920591252,26784.335351382502,31.805563602995687,-1.9530573812281218,-2.3745780340125249,0.0031418152079539527
1844099.9999783118,-34253.16961571401,24591.096772637342,34.563525928299079,-1.7931393076914313,-2.4975361005066525,0.0029847856957864174
1844999.9999784166,-35792.110796714478,22291.996610159233,37.174313025752589,-1.6255027497319452,-2.6097415786206599,0.0028148752750810947
1845899.9999782071,-37176.975258624145,19896.933075005469,39.626653852622077,-1.450869506400807,-2.7107115229081642,0.0026328080372723215
1846799.9999776832,-38401.802207296874,17416.217399840527,41.909952958868686,-1.2699914920064459,-2.800011378742139,0.0024393606672603574
1847699.9999771593,-39461.319912923296,14860.529429401538,44.014336340046825,-1.0836474944532937,-2.8772568534136931,0.0022353591170362771
1848599.9999772641,-40350.968392448733,12240.871625962955,45.930694198260959,-0.89263981780150881,-2.9421155698605594,0.0020216750659403952
1849499.9999767402,-41066.919024159091,9568.5216878331667,47.650720427421433,-0.69779082363940581,-2.9943084959319961,0.0017992221829265292
1850399.9999765307,-41606.091012262033,6854.9839744197452,49.166948658060583,-0.49993938553837763,-3.0336111431889781,0.001568952206162907
1851299.9999769498,-41966.164623654011,4111.9399708060855,50.472784689659484,-0.29993727373336176,-3.0598545295877297,0.0013318508589454494
1852199.9999770545,-42145.591146774481,1351.197991519266,51.562535182665791,-0.098645484740773615,-3.0729259024454256,0.0010889336185806143
1853099.9999771593,-42143.599529012186,-1415.3576674092565,52.4314324872458,0.103069468698572,-3.0727692185942166,0.0008412413558975604
1853999.9999775784,-41960.199662352556,-4175.8178871122591,53.075655491784197,0.30433928965645318,-3.0593853796202848,0.00058983586621214458
1854899.9999770545,-41596.182307121759,-6918.2999873521558,53.492346409103625,0.50429763576966236,-3.032832221577431,0.00033579531007463964
1855799.9999771593,-41053.115651819229,-9630.9988811517196,53.679623427646547,0.70208384934450785,-2.9932242591765101,8.0209582465955368e-05
1856699.9999769498,-40333.33852979901,-12302.23786580944,53.636589167799379,0.89684666004040869,-2.9407321861257425,-0.00017582436615218842
1857599.9999770545,-39439.950317389477,-14920.518877274551,53.363334914472517,1.0877478474965243,-2.8755821335840817,-0.00043120724095249344
1858499.9999765307,-38376.797563538275,-17474.571955414965,52.860940603216186,1.2739658455043925,-2.7980546905518175,-0.00068484212235193063
1859399.9999766354,-37148.457402899709,-19953.403734135863,52.131470560209422,1.4546992742040417,-2.7084836901527014,-0.00093563917636962652
1860299.9999767402,-35760.217835559881,-22346.344719940073,51.177965018945358,1.6291703831392181,-2.6072547680340454,-0.0011825203327638476
1861199.999976845,-34218.05494467487,-24643.095190036634,50.004427442974787,1.7966283929585714,-2.4948036982277153,-0.0014244239143243658
1862099.9999763211,-32528.607166722581,-26833.769480408231,48.615807718288998,1.9563527191500896,-2.3716145149625323,-0.0016603091942609869
1862999.9999761116,-30699.146707710792,-28908.938504968402,47.017981274902333,2.1076560663746307,-2.2382174273375521,-0.0018891608654792267
1863899.999975902,-28737.548249412968,-30859.670293451029,45.217724242732118,2.2498873780824304,-2.0951865374376117,-0.0021099933995652751
1864799.9999760068,-26652.255061957429,-32677.568400909971,43.222684733298017,2.3824346308659856,-1.9431373704190826,-0.0023218552798046849
1865699.9999757973,-24452.242682173703,-34354.808007774533,41.041350381103676,2.5047274605364511,-1.7827242282026721,-0.0025238330885119869
1866599.9999755877,-22146.980301884985,-35884.169568300116,38.683012272132586,2.6162396097487068,-1.6146373772672242,-0.0027150554327877315
1867499.9999756925,-19746.390040943657,-37259.069854770394,36.157725421326326,2.7164911862323806,-1.4396000832365603,-0.0028946966911540415
1868399.9999757973,-17260.804280802255,-38473.590266684405,33.476265969118998,2.8050507222719472,-1.2583655049910123,-0.0030619805654426816
1869299.9999755877,-14700.921230076103,-39522.502290551027,30.650085266995845,2.8815370272592262,-1.0717134606878302,-0.0032161834238612439
1870199.9999760068,-12077.758916988896,-40401.289996240375,27.69126105111398,2.9456208251454412,-0.88044707975470016,-0.0033566374206167138
1871099.9999767402,-9402.6078231871343,-41106.169468875705,24.612445931424581,2.9970261695453901,-0.68538935632403564,-0.0034827333781513236
1871999.9999771593,-6686.9823281978934,-41634.105106050745,21.42681337779614,3.0355316314633187,-0.48737961625809539,-0.0035939234218331974
1872899.9999775784,-3942.5711977738165,-41982.822699362594,18.148001460252068,3.0609712537903326,-0.28726991456318346,-0.0036897233544301495
1873799.9999776832,-1181.1873189913799,-42150.819248147491,14.790054572232151,3.0732352687949924,-0.085921377765600451,-0.0037697147609514281
1874699.999977788,1585.2831046014919,-42137.369462504219,11.367363381695275,3.0722705754624609,0.11579949342202436,-0.0038335468349681746
1875599.9999778927,4344.9316756978815,-41942.528926564912,7.8946032702842803,3.058080974511411,0.31702454517230716,-0.0038809379185010509
1876499.9999776832,7085.8790272098722,-41567.133908486394,4.3866715190653185,3.0307271600114967,0.51688769977316518,-0.0039116767490187301
1877399.999977788,9796.3259375577036,-41012.797815034326,0.85862349492871082,2.9903264673192775,0.71452867790601093,-0.0039256234081975058
1878299.9999778927,12464.604095727334,-40281.904307568599,-2.6743918629925245,2.9370523783971567,0.90909669653668057,-0.0039227099679704095
1879199.9999776832,15079.226322784476,-39377.597105103254,-6.1971970141003867,2.8711337861964741,1.0997541284725356,-0.0039029408312382125
1880099.9999771593,17628.93602437614,-38303.766516115589,-9.6946509564161918,2.7928540209267809,1.2856801072605286,-0.0038663927652023843
1880999.9999769498,20102.755656150577,-37065.032757872614,-13.151714251444881,2.7025496422599997,1.4660740616014998,-0.0038132146268896748
1881899.9999767402,22490.033999099807,-35666.726132463511,-16.553513664227705,2.6006090022647785,1.6401591645117781,-0.0037436267816229308
1882799.9999765307,24780.492043183582,-34114.8641412828,-19.885406146210137,2.4874705847762146,1.8071856825153687,-0.0036579202162419647
1883699.9999763211,26964.267277246596,-32416.125636129942,-23.133041882329657,2.3636211281058523,1.9664342100762278,-0.0035564553502327287
1884599.9999767402,29031.956195822011,-30577.822115117659,-26.282426135448613,2.2295935387388459,2.1172187753486802,-0.0034396605490077865
1885499.999976845,30974.654831100219,-28607.86629252127,-29.319979610940276,2.0859646052117404,2.2588898031076599,-0.0033080303453029772
1886399.9999772641,32783.997153605706,-26514.738058836818,-32.232597111175245,1.9333525204545434,2.3908369232474551,-0.0031621233742297936
1887299.9999773689,34452.191146615485,-24307.448002304918,-35.007704183390693,1.7724142249263046,2.5124916103898327,-0.0030025600314869095
1888199.9999771593,35972.052423731169,-21995.498622574654,-37.633311556101461,1.6038425799579723,2.6233296448043326,-0.002830019862042094
1889099.9999769498,37337.035226289765,-19588.843418724828,-40.098067101032861,1.4283633845235617,2.722873382432843,-0.0026452386904441284
1889999.9999773689,38541.260668207273,-17097.844027676681,-42.391305096617387,1.2467322482634513,2.8106938240504444,-0.0024490055041150273
1890899.999977788,39579.542108839662,-14533.225592144108,-44.503092582993837,1.0597313338662795,2.886412474539275,-0.0022421591016229458
1891799.9999782071,40447.407542088993,-11906.030548848023,-46.42427260301222,0.86816598281616564,2.9497029838190962,-0.0020255845192734402
1892699.9999783118,41141.118899391644,-9227.5710468983834,-48.146504128100297,0.67286123996383984,3.0002925616863254,-0.0018002092514729539
1893599.9999787309,41657.688187205931,-6509.3801878740451,-49.662298501211659,0.47465829108939184,3.0379631605232618,-0.0015669992794155071
1894499.9999788357,41994.890381868696,-3763.1623230402124,-50.965052216853152,0.2744108308678278,3.0625524200486014,-0.0013269549269135823
1895399.9999792548,42151.273033149919,-1000.7425916632624,-52.049075909348957,0.072981374927468853,3.0739543704103616,-0.0010811065585044836
1896299.9999796739,42126.162528070403,1765.9840463541373,-52.909619398014044,-0.12876246523666082,3.0721198900012237,-0.00083051014152470863
1897199.9999794643,41919.66699243019,4525.1040920047326,-53.542892689637675,-0.32995173022249852,3.0570569163300183,-0.00057624268918838695
1898099.9999789405,41532.675814217109,7264.7368655941491,-53.946082832279217,-0.5297198659476795,3.0288304088407156,-0.00031939760628542092
1898999.9999793596,40966.85579323861,9973.0857141957076,-54.117366542675654,-0.72720646524120058,2.9875620641071041,-6.1079958997434052e-05
1899899.99997915,40224.64393717613,12638.488846252163,-54.055918551609167,-0.92156098136045361,2.9334297850481734,0.00019759830962404553
1900799.9999795691,39309.236927673686,15249.469602790752,-53.761915626574151,-1.1119463993194394,2.8666669061105345,0.00045552319957825924
1901699.9999790452,38224.577317203824,17794.785890633586,-53.236536250821011,-1.297542844830478,2.7875611791142578,0.0007115834817243593
1902599.9999794643,36975.336499399215,20263.478629167363,-52.48195595702213,-1.477551119916906,2.6964535231712881,0.00096467551778829934
1903499.9999792548,35566.894550816505,22644.918936415983,-51.501338342758935,-1.6511961451378698,2.5937365461333446,0.0012137080442263613
1904399.9999793596,34005.317006635763,24928.853913297022,-50.298821794877782,-1.8177302981334966,2.4798528424419053,0.0014576069045884935
1905299.9999794643,32297.328697477842,27105.450775527723,-48.879501995646535,-1.9764366302779348,2.3552930769586964,0.0016953197037294703
1906199.9999798834,30450.28474191645,29165.339181551029,-47.249410275880528,-2.126631950492698,2.2205938619532897,0.0019258203671132285
1907099.9999803025,28472.13883308784,31099.651554009102,-45.415487918933074,-2.2676697616118706,2.0763354375858594,0.0021481135830016384
1907999.999980093,26371.408952128739,32900.061230829248,-43.385556525437607,-2.3989430375388099,1.9231391657660826,0.0023612391091342899
1908899.9999798834,24157.140656359752,34558.818282262095,-41.168284568115759,-2.5198868294821679,1.761664848326868,0.0025642759253529557
1909799.9999796739,21838.868106490034,36068.782836576778,-38.773150288712735,-2.6299806900407532,1.5926078815910936,0.0027563462139748363
1910699.999980093,19426.572995055714,37423.455778013617,-36.210401093555021,-2.7287509054370691,1.4166962592044001,0.0029366191517974406
1911599.9999798834,16930.641561240598,38617.006681051374,-33.491009633049835,-2.815772526228788,1.234687436726448,0.0031043144972185185
1912499.9999799882,14361.819858381028,39644.298872020379,-30.626626735799864,-2.8906711887805492,1.0473650700489405,0.0032587059589196912
1913399.9999797787,11731.16749827115,40500.911495254375,-27.629531435478896,-2.9531247187470875,0.85553564388048087,0.0033991243299679422
1914299.9999795691,9050.01003514474,41183.158507611653,-24.512578267495876,-3.0028645111896588,0.66002500203533887,0.0035249603768833576
1915199.9999796739,6329.8902217577961,41688.104507713848,-21.289142093318176,-3.0396766806379705,0.46167479630563724,0.0036356674699578382
1916099.99997915,3582.5183365688254,42013.577338958923,-17.97306067928546,-3.0634029767558881,0.26133886823856328,0.0037307639448275723
1916999.9999792548,819.72177612934195,42158.177413459336,-14.57857525322971,-3.0739414618187419,0.059879577772747467,0.0038098351860917055
1917899.9999787309,-1946.6058240810921,42121.283711271411,-11.120269350624087,-3.0712469466954726,-0.14183590227415543,0.0038725354226989968
1918799.99997915,-4704.5557846135507,41903.056436013714,-7.6130061368090685,-3.0553311839387858,-0.34293931470552336,0.0039185892297319298
1919699.9999792548,-7442.2556092384566,41504.436311844409,-4.0718645523207124,-3.0262628168329724,-0.54256504893957236,0.003947792728433183
1920599.9999796739,-10147.920085745536,40927.140524357834,-0.51207447847991272,-2.984167084500005,-0.73985386309373224,0.003960014480813975
1921499.9999794643,-12809.901987978294,40173.655325511849,3.0510487320691748,-2.9292252844181323,-0.93395657743600613,0.0039551960739810949
1922399.9999798834,-15416.742208043539,39247.225327387969,6.602170139767936,-2.8616739940292057,-1.1240377268381807,0.0039333523920927066
1923299.9999796739,-17957.219053151901,38151.839542353548,10.126001168822508,-2.7818040554868038,-1.3092791529443122,0.0038945715745086892
1924199.999980093,-20420.396555957752,36892.214210468337,13.607365423328831,-2.6899593263708703,-1.4888835250774486,0.0038390146598646711
1925099.9999798834,-22795.671524642396,35473.772511024603,17.031263996702322,-2.5865352032813456,-1.6620777699334435,0.0037669149179196323
1925999.9999803025,-25072.819195581415,33902.621216649241,20.382940084831311,-2.4719769224251515,-1.828116400039594,0.003678576870770868
1926899.999980093,-27242.037228710684,32185.524422082275,23.647942536104615,-2.346777646695684,-1.9862847219785473,0.00357437500877591
1927799.9999805121,-29293.987916713544,30329.874423850131,26.812188152738038,-2.2114763446854084,-2.1359019149055603,0.0034547522045704714
1928699.9999806168,-31219.838369656791,28343.65991376467,29.862022392742119,-2.0666554734157039,-2.2763239618828153,0.0033202178338404926
1929599.9999807216,-33011.298547625869,26235.431588739331,32.784278279592684,-1.9129384721852483,-2.4069464246270669,0.0031713456086815816
1930499.9999811407,-34660.656948828648,24014.265346017357,35.566333223488115,-1.7509870798206637,-2.5272070475113568,0.0030087711339006223
1931399.9999812455,-36160.813807520601,21689.723217299281,38.196163521320415,-1.581498486501921,-2.6365881800755524,0.0028331891963473002
1932299.9999810359,-37505.311662696986,19271.81220275371,40.662396307962617,-1.405202331908356,-2.7346190077821304,0.0026453507982367574
1933199.999981455,-38688.363160304114,16770.941186121097,42.954358726824289,-1.2228575629312655,-2.8208775808913971,0.00244605994734457
1934099.9999818741,-39704.875962102145,14197.876133937138,45.062124093152065,-1.0352491658130785,-2.894992632098214,0.0022361702192285294
1934999.9999816646,-40550.474671993616,11563.693736262903,46.976554885163701,-0.84318478426567434,-2.9566451763348565,0.0020165811034185354
1935899.9999820837,-41221.519668955123,8879.7337146516238,48.689342348477894,-0.6474912401201568,-3.0055698845826275,0.0017882341512534552
1936799.9999821885,-41715.122767457789,6157.55001009446,50.193042542877784,-0.44901097212589319,-3.0415562258710178,0.0015521089426585929
1937699.9999826076,-42029.15964638428,3408.8610288905579,51.481108696644654,-0.24859840598749783,-3.0644493731331806,0.0013092188865012008
1938599.9999827123,-42162.278982809352,645.49920089834563,52.547919702709187,-0.047116274310367967,-3.0741508682721208,0.0010606068760450403
1939499.9999825028,-42113.908258801537,-2120.639967379745,53.388804653789983,0.15456810012600544,-3.0706190441336241,0.00080734081525147769
1940399.9999822932,-41884.256211885237,-4877.6491020421545,54.000063296882239,0.35558653995087491,-3.0538692012858411,0.00055050903725148306
1941299.999982398,-41474.311921490313,-7613.6602170277847,54.378982322977734,0.55507375176757534,-3.02397353910801,0.00029121563443177995
1942199.9999821885,-40885.840535474963,-10316.89580051094,54.523847422879612,0.7521710519506708,-2.9810608415667996,3.0575719730641043e-05
1943099.9999822932,-40121.375654367148,-12975.719511149931,54.43395105463398,0.9460300634701333,-2.9253159190632365,-0.00023028936034456664
1943999.9999820837,-39184.208409506493,-15578.686255565062,54.109595888721991,1.1358163670235988,-2.8569788090967578,-0.00049025683935465057
1944899.9999821885,-38078.373278237508,-18114.591449356565,53.55209391579902,1.3207130920347752,-2.7763437390093806,-0.00074820735225655528
1945799.9999822932,-36808.630704652605,-20572.519227716301,52.763761221522685,1.4999244304552446,-2.68375785592514,-0.001003029741551065
1946699.9999820837,-35380.446594391316,-22941.889419464536,51.747908448470248,1.6726790598133932,-2.5796197290002998,-0.0012536258297478854
1947599.9999825028,-33799.968775312715,-25212.503071325656,50.508826985403594,1.8382334600069619,-2.4643776307951022,-0.0014989151366341632
1948499.9999819789,-32074.000532824615,-27374.586320032144,49.051770948805036,1.995875109142776,-2.3385276058064961,-0.0017378395204197803
1949399.9999820837,-30209.971313246653,-29418.832452898674,47.382935016262543,2.1449255468858714,-2.2026113330655037,-0.0019693677261472509
1950299.9999825028,-28215.904753717241,-31336.4419325852,45.509428231625343,2.2847432890637749,-2.0572137944365889,-0.0021924998172729287
1951199.9999819789,-26100.384150657603,-33119.160252116366,43.439243873022598,2.4147265838734135,-1.9029607568474376,-0.0024062714757032795
1952099.9999817694,-23872.515516303738,-34759.313449018926,41.181225509618315,2.5343159973362051,-1.7405160793908456,-0.0026097581512813627
1952999.9999815598,-21541.888404769532,-36249.841108655717,38.745029413397312,2.6429968157426966,-1.5705788585475777,-0.002802079041064086
1953899.9999813503,-19118.534652093076,-37584.326737984033,36.141083462552416,2.7403012565607119,-1.393880422056706,-0.0029824008842956151
1954799.9999817694,-16612.88521641984,-38757.025369823124,33.380542718392071,2.8258104777383579,-1.2111811849764036,-0.0031499415560447075
1955699.9999815598,-14035.725312566818,-39762.888276641992,30.475241874018778,2.8991563767081918,-1.0232673820441449,-0.0033039734439987856
1956599.9999816646,-11398.148007428561,-40597.584700115651,27.437644747062397,2.9600231723758021,-0.8309476883964676,-0.0034438265960516808
1957499.999981455,-8711.5065130826461,-41257.520486724745,24.280791071866336,3.0081487621982208,-0.63504974581986118,-0.0035688916231439317
1958399.9999812455,-5987.3653442565947,-41739.853565439415,21.0182407734242,3.0433258497783506,-0.43641660656669395,-0.0036786223476583113
1959299.9999816646,-3237.4505759409744,-42042.50619079743,17.664015987981504,3.0654028374533437,-0.23590311179350079,-0.0037725381848040941
1960199.9999820837,-473.59940574875617,-42164.173903480179,14.232541065562659,3.0742844804320568,-0.034372219391694207,-0.0038502262477555296
1961099.9999818741,2292.2907726096842,-42104.331169675344,10.738580794983031,3.0699322996814673,0.16730870390005004,-0.0039113431680424075
1961999.9999819789,5048.3135546308386,-41863.23367222838,7.1971771256724146,3.0523647515897427,0.36827160948744436,-0.0039556166231100205
1962899.9999817694,7782.6047446336252,-41441.917245849647,3.6235846600505215,3.0216571538105232,0.56765149681431781,-0.0039828465647668062
1963799.9999815598,10483.393413035918,-40842.193458573587,0.033205158734412585,2.977941367389457,0.76459013198153214,-0.0039929061436997136
1964699.9999813503,13139.052549103579,-40066.641858566662,-3.5584786360792053,2.9214052364784568,0.9582397375855326,-0.0039857423255497239
1965599.9999817694,15738.149102723813,-39118.598918772783,-7.1359695938003656,2.8522917878934013,1.1477666388640291,-0.0039613761959664132
1966499.9999815598,18269.493195295905,-38002.143727559065,-10.683822917358867,2.770898193889447,1.3323548502371094,-0.0039199029529878877
1967399.9999810359,20722.186306449221,-36722.080477610682,-14.18671273743152,2.6775745018045716,1.5112095882504262,-0.0038614915858992062
1968299.999981455,23085.66819955,-35283.917838046742,-17.629498256003782,2.5727221365896247,1.6835606937100784,-0.0037863842414406308
1969199.9999818741,25349.762399594223,-33693.845294426428,-20.997289178984907,2.4567921822079923,1.8486659494603219,-0.003694895279182102
1970099.9999819789,27504.720038656615,-31958.70654795106,-24.275510176165284,2.3302834483633115,2.0058142803358239,-0.0035874100182674094
1970999.999982398,29541.261860469876,-30085.970097310863,-27.449964065139948,2.1937403313549466,2.1543288200627932,-0.0034643831798525019
1971899.9999821885,31450.618207278105,-28083.697128857624,-30.506893453097128,2.047750478027778,2.2935698321471554,-0.0033263370302767906
1972799.9999826076,33224.566831466436,-25960.506835735607,-33.433040594475543,1.8929422614256657,2.4229374731608755,-0.0031738592297795277
1973699.9999827123,34855.468337928251,-23725.539344049532,-36.215705155639654,1.729982080964342,2.5418743841349292,-0.0030076003957867073
1974599.9999828171,36336.299134869769,-21388.416373183572,-38.842799682393341,1.5595714962485721,2.6498681009633214,-0.0028282713867135438
1975499.9999829219,37660.681730502896,-18959.19981701225,-41.302902493673301,1.3824442080373915,2.7464532717556343,-0.0026366403166957018
1976399.9999830266,38822.912246611108,-16448.348423829433,-43.58530776750667,1.1993628992488357,2.8312136714946097,-0.0024335293117114325
1977299.9999828171,39817.985033610486,-13866.672753666877,-45.68007259990447,1.0111159489994948,2.9037840053303592,-0.0022198110181393103
1978199.9999826076,40641.614276824446,-11225.288608521807,-47.578060816147023,0.8185140339487369,2.9638514922032648,-0.0019964048767761589
1979099.9999830266,41290.252496464425,-8535.5691448272482,-49.270983323652288,0.62238663227250968,3.0111572214174114,-0.0017642731773612693
1979999.9999831314,41761.105863746561,-5809.0958699452067,-50.751434821751211,0.42357844508873976,3.0454972762490509,-0.001524416909009764
1980899.9999829219,42052.146266563737,-3057.6087265366459,-52.012926695922744,0.22294575035324293,3.0667236194951726,-0.0012778714230978845
1981799.999983341,42162.120067952921,-292.95549164022987,-53.04991592860133,0.021352705962042799,3.0747447366131695,-0.0010257019282695365
1982699.9999837601,42090.553520456124,2472.9592844506224,-53.857829884611689,-0.18033238129596979,3.069526033590535,-0.00076899883837714365
1983599.9999841792,41837.754813772844,5228.2255984261865,-54.433086856149409,-0.38124080601556631,3.0510899877742403,-0.00050887299313249015
1984499.9999849126,41404.812744631432,7960.9793316797495,-54.773112255313194,-0.58050721578677522,3.0195160507852394,-0.00024645077604631255
1985399.999984703,40793.592016462571,10659.453387698291,-54.876350375847814,-0.77727334797877468,2.974940304062986,1.7130846814843494e-05
1986299.9999851221,40006.725185662362,13312.028421125871,-54.742271663459498,-0.97069173625437244,2.9175548683168544,0.00028072934385233551
1987199.9999852269,39047.601298326641,15907.282901961888,-54.371375455874279,-1.1599293678513161,2.8476070701966711,0.00054320166182627737
1988099.9999850173,37920.351255759531,18434.042347232942,-53.76518817918538,-1.3441712791755758,2.7653983691427593,0.00080340927584845242
1988999.9999844935,36629.829982890878,20881.427465389901,-52.926257007746081,-1.5226240709396139,2.6712830500372364,0.0010602232158445169
1989899.9999842839,35181.595472387038,23238.901026545376,-51.858139018787249,-1.6945193290730198,2.5656666872185259,0.0013125290463735259
1990799.999984703,33581.884800470609,25496.313245966252,-50.565385897332732,-1.8591169358106376,2.4490043871427334,0.0015592317741742665
1991699.9999851221,31837.587217526048,27643.945490526727,-49.05352426612896,-2.0157082570436815,2.3217988175054307,0.0017992606602529819
1992599.9999852269,29956.214426887749,29672.552123548274,-47.329031732688563,-2.1636191924920425,2.1845980313920115,0.0020315739142704758
1993499.9999850173,27945.868189179717,31573.400297448905,-45.39930877586729,-2.3022130748719447,2.0379930967622584,0.0022551632485791266
1994399.9999851221,25815.205385262361,33338.307533529551,-43.272646599955088,-2.4308934064628933,1.8826155412374683,0.0024690582728574472
1995299.9999852269,23573.40070371619,34959.676915035001,-40.958191122350591,-2.549106420558835,1.7191346245229424,0.0026723307089875194
1996199.9999850173,21230.107094664691,36430.529761584359,-38.465903244121428,-2.6563434583822745,1.5482544489977443,0.0028640984109074142
1997099.9999851221,18795.414175136113,37744.535631368344,-35.80651560038433,-2.7521431504831768,1.3707109221209437,0.0030435291716714996
1997999.9999855412,16279.804767180363,38896.039525394539,-32.991485990747186,-2.8360933936926194,1.1872685839620378,0.0032098443030546607
1998899.9999859603,13694.109746392043,39880.086184163236,-30.032947689746582,-2.9078331158799267,0.99871731285116783,0.0033623219749229628
1999799.9999857508,11049.461402104254,40692.4413690031,-26.943656866510249,-2.9670538208915862,0.8058689238159229,0.0035003003013989245
2000699.9999861699,8357.245503559705,41329.610040161875,-23.736937339150309,-3.0135009074844419,0.60955367391671367,0.0036231801629405835
2001599.999985646,5629.0522985777761,41788.851349803474,-20.426622930801322,-3.046974756485155,0.41061669089953445,0.0037304277532420127
2002499.9999860651,2876.6266133793679,42068.190396951424,-17.026997628861672,-3.0673315824854197,0.20991433733052922,0.0038215768438239041
2003399.9999864842,111.81732463866959,42166.426682580342,-13.552733874678253,-3.0744840457046432,0.0083105298165340874,0.0038962307557864366
2004299.9999859603,-2653.4736330794699,42083.139240460769,-10.018829185052242,-3.068401622341983,-0.19332697497249787,0.0039540640340287878
2005199.9999860651,-5407.3424856635074,41818.688414667282,-6.4405414003393284,-3.0491107313591601,-0.39413031025617612,0.0039948238167895299
2006099.9999864842,-8137.9348191086156,41374.214280588101,-2.8333228686247556,-3.0166946174881812,-0.59323522744018709,0.0040183308953986429
2006999.9999859603,-10833.496583599042,40751.631716131342,0.78724620777298859,-2.9712929909400656,-0.78978481004901879,0.0040244804614131234
2007899.9999860651,-13482.424668827656,39953.622140278407,4.4055249629513691,-2.9131014250200793,-0.98293315646936652,0.0040132425377167377
2008799.9999861699,-16073.316805734388,38983.621963487909,8.0058792714724039,-2.8423705148201788,-1.1718490138132946,0.0039846620922155997
2009699.9999862746,-18595.020627278285,37845.807788842576,11.572749142327263,-2.7594047997259294,-1.3557193508339072,0.0039388588338874399
2010599.9999860651,-21036.681643940345,36545.078434561241,15.090715771613294,-2.6645614547702858,-1.5337528521918742,0.0038760266918975422
2011499.9999864842,-23387.789945797052,35087.033849092884,18.54456799374185,-2.5582487558971341,-1.7051833204368168,0.0037964329797416886
2012399.9999869033,-25638.225412752152,33477.951018459789,21.919367823331321,-2.4409243262650486,-1.8692729698327402,0.0037004172481862048
2013299.9999873224,-27778.301264493024,31724.756954239016,25.200514846822141,-2.3130931698984418,-2.0253155997722256,0.0035883898308258695
2014199.9999867985,-29798.805736737457,29834.998893338114,28.373809151718547,-2.1753055021156662,-2.1726396322156276,0.003460830088918578
2015099.9999869033,-31691.041729855591,27816.811817890593,31.4255125639733,-2.0281543845082188,-2.3106110019063113,0.0033182843614052485
2015999.9999870081,-33446.864226733218,25678.883463204576,34.342407882046459,-1.8722731766044138,-2.4386358845024363,0.0031613636303672466
2016899.9999867985,-35058.715353686297,23430.416932214237,37.111855909435327,-1.7083328127594133,-2.5561632533578407,0.0029907409093967562
2017799.9999869033,-36519.656912835482,21081.091092649356,39.721850010891011,-1.5370389170442085,-2.6626872523602656,0.0028071483666496505
2018699.9999866937,-37823.400243226031,18641.018935508277,42.161067953087091,-1.3591287690993143,-2.7577493743309502,0.0026113741952746763
2019599.9999867985,-38964.333297964426,16120.70404884458,44.418920836121927,-1.175368132148144,-2.8409404366707798,0.0024042592423679605
2020499.999986589,-39937.544802027973,13530.995423074568,46.485598873188088,-0.98654795892075231,-2.9119023442882455,0.0021866934128768139
2021399.9999870081,-40738.845401756211,10883.040753834692,48.352113850385479,-0.79348098759983965,-2.9703296332272542,0.0019596118613526194
2022299.9999871128,-41364.785701485831,8188.2384727394628,50.010338057945503,-0.59699824460884565,-3.0159707872859154,0.0017239909901002066
2023199.9999872176,-41812.671121073588,5458.1886805681943,51.453039550360295,-0.39794546700770633,-3.048629322718563,0.0014808442680330626
2024099.9999876367,-42080.573500179788,2704.6432224891387,52.673913561761516,-0.19717946202009254,-3.0681646355515921,0.001231217890444899
2024999.9999871128,-42167.339404598773,-60.544892033820744,53.667609951854274,0.0044355814690257515,-3.0744926082026245,0.00097618629720941526
2025899.9999869033,-42072.595097477439,-2825.4725175805943,54.429756565631479,0.20603181427711048,-3.0675859726587671,0.00071684756754511144
2026799.9999870081,-41796.748152285785,-5578.2376008341926,54.956978394453401,0.406741462954607,-3.047474428508314,0.00045431871370090973
2027699.9999867985,-41340.985703306258,-8306.9904125757312,55.24691246676602,0.60570056613310097,-3.0142445155143669,0.00018973089149126348
2028599.9999869033,-40707.269337896898,-10999.984560923953,55.298218398733376,0.80205269488283992,-2.9680392410531988,-7.5775451664712059e-05
2029499.9999870081,-39898.326656388934,-13645.627545713363,55.110584556843506,0.9949526395072763,-2.9090574643295288,-0.00034105546839388379
2030399.9999871128,-38917.63953174925,-16232.530663189276,54.684729808097835,1.1835700488038021,-2.8375530397506417,-0.00060496482432327743
2031299.9999869033,-37769.429124143571,-18749.558023559592,54.022400847684779,1.3670930044295224,-2.7538337235289418,-0.00086636460905791782
2032199.9999873224,-36458.637709931892,-21185.874487873763,53.126365113529822,1.5447315162257875,-2.6582598479113342,-0.0011241262258776992
2033099.9999877415,-34990.907411824162,-23530.99229831545,52.000399321360092,1.7157209220068872,-2.551242769422231,-0.0013771362371880903
2033999.9999872176,-33372.555913213262,-25774.816221804791,50.649273663701464,1.8793251786719853,-2.4332430972395662,-0.0016243011471095607
2034899.9999873224,-31610.549260964228,-27907.687006444823,49.078731736767523,2.034840030028445,-2.3047687093736373,-0.00186455210019539
2035799.9999871128,-29712.471890248933,-29920.422944502425,47.295466294704255,2.1815960363019866,-2.1663725664536697,-0.0020968494740336041
2036699.9999875319,-27686.49397590771,-31804.359396958174,45.307090912980087,2.318961454794501,-2.0186503307998569,-0.002320187349894743
2037599.9999876367,-25541.336275431331,-33551.386078841701,43.122107702272984,2.4463449570920801,-1.8622378028712925,-0.0025335978389648735
2038499.9999877415,-23286.232591982647,-35153.981970110581,40.749871188217391,2.5631981730146731,-1.6978081844972983,-0.0027361552486815078
2039399.9999875319,-20930.890040881066,-36605.247681184235,38.200548531254455,2.6690180489079789,-1.5260691822996166,-0.0029269800690795243
2040299.999987951,-18485.447271892557,-37898.935150360034,35.485076236421456,2.7633490113928105,-1.3477599624349539,-0.0031052427642786272
2041199.9999880558,-15960.430845449962,-39029.474532872038,32.615113555847067,2.8457849264178319,-1.1636479711125085,-0.0032701673515437625
2042099.9999884749,-13366.709928529284,-39991.99817917739,29.602992757322419,2.915970846221271,-0.97452563296528882,-0.0034210347546448196
2042999.999988894,-10715.449528942043,-40782.361586864725,26.461666495919534,2.9736045358452188,-0.78120694320708439,-0.0035571859157656539
2043899.9999889988,-8018.0624490881492,-41397.161246428979,23.204652488794878,3.018437773457205,-0.58452396674312179,-0.0036780246544434667
2044799.9999894178,-5286.1601724119009,-41833.749299511022,19.845975733953146,3.0502774186086525,-0.38532325973674403,-0.0037830202611022845
2045699.9999892083,-2531.5029061968494,-42090.244945587561,16.400108532596441,3.0689862438203273,-0.18446222987959879,-0.0038717098141102016
2046599.9999893131,234.0510342158901,-42165.542553386513,12.881908531782637,3.0744835263548462,0.017194551209780494,-0.0039437002120697
2047499.9999887892,2998.5962464932963,-42059.316436498695,9.3065550924729212,3.0667453972577978,0.21877906507087128,-0.0039986699117133505
2048399.9999892083,5750.2314845805176,-41772.022276076183,5.689484205638899,3.045804946443619,0.41942357970959782,-0.0040363703655689935
2049299.9999893131,8477.1108633025597,-41304.895184487883,2.0463222822983376,3.0117520833879681,0.61826438020442409,-0.0040566271526951067
2050199.9999891035,11167.494855505434,-40659.944414999562,-1.607180970925691,2.9647331537889694,0.81444548440275533,-0.0040593407989119494
2051099.9999892083,13809.800816592211,-39839.944742517233,-5.2552202491456059,2.904950313998595,1.0071223244761554,-0.00404448728245235
2051999.9999886844,16392.652838412021,-38848.424553009187,-8.8820026595578287,2.8326606659251667,1.1954653799947479,-0.0040121182235732045
2052899.9999884749,18904.93072930253,-37689.650686810724,-12.471815775519122,2.7481751556432652,1.3786637478010131,-0.0039623607570881359
2053799.9999882653,21335.817885810957,-36368.610108129891,-16.009095415813178,2.651857240907058,1.5559286316752696,-0.0038954170883856794
2054699.9999880558,23674.847871738955,-34890.98847160679,-19.478492894581677,2.5441213326395733,1.7264967384293504,-0.0038115637342942101
2055599.9999875319,25911.949488834067,-33263.145683902207,-22.864941437695403,2.4254310174329259,1.8896335647669775,-0.0037111504516835793
2056499.9999873224,28037.490160574485,-31492.088555357124,-26.153721508713872,2.2962970678675627,2.044636561939289,-0.003594598856971192
2057399.9999867985,30042.31742246389,-29585.440671575019,-29.330524739130979,2.157275249986355,2.1908381631596825,-0.0034624007419598781
2058299.9999869033,31917.798360329485,-27551.409599069699,-32.381516222505802,2.0089639361070311,2.3276086622248289,-0.0033151160907106533
2059199.9999873224,33655.85680879125,-25398.751579395434,-35.293394879596683,1.8520015340901188,2.4543589296247181,-0.0031533708048574875
2060099.9999871128,35249.008161158221,-23136.733853254227,-38.053451653440071,1.6870637432389799,2.5705429552477241,-0.0029778541440848762
2060999.9999875319,36690.391641657086,-20775.094768926578,-40.649625286023387,1.5148606479524167,2.6756602067327742,-0.0027893158893197456
2061899.9999876367,37973.799879764192,-18324.001876489299,-43.070555395939131,1.3361336636981387,2.7692577916803525,-0.0025885632400445618
2062799.9999874271,39093.70568729267,-15794.008146623593,-45.30563267102778,1.1516523453241669,2.8509324163463154,-0.0023764574524280861
2063699.9999875319,40045.285900817522,-13196.006529693237,-47.345045913332875,0.96221107335409684,2.9203321306411776,-0.0021539102311804738
2064599.9999873224,40824.442189670888,-10541.183051518747,-49.179825724542596,0.76862563253661931,2.9771578519813158,-0.0019218798871239774
2065499.9999874271,41427.818747427234,-7840.9686221757001,-50.801884645578255,0.57172969548700681,3.0211646618115733,-0.0016813672711705444
2066399.9999869033,41852.816776271917,-5106.9898033636127,-52.204053527953434,0.3723712293418156,3.0521628679860076,-0.0014334115020996402
2067299.9999863794,42097.605712850658,-2351.0187030446436,-53.380113986108974,0.17140883778300112,3.0700188290488608,-0.0011790854997916003
2068199.9999864842,42161.131135556898,415.07774195905591,-54.32482673762307,-0.030291942465520638,3.0746555358319387,-0.00091949134484291609
2069099.9999862746,42043.119325895619,3179.3889017949,-55.033955699677463,-0.23186237641877722,3.0660529481809933,-0.00065575548092840111
2069999.9999866937,41744.07845965062,5930.0117966279777,-55.504287707915786,-0.43243428132106704,3.0442480848704698,-0.00038902377916794263
2070899.9999861699,41265.296423843363,8655.1023824515287,-55.733647733744391,-0.63114377336472016,3.0093348662737034,-0.00012045649054087286
2071799.999985646,40608.835265515525,11342.926613528616,-55.720909521232159,-0.82713499830249748,2.9614637101259125,0.00014877689531964607
2072699.9999860651,39777.522299805103,13981.911009212421,-55.466001562053506,-1.0195638258651816,2.9008408823246707,0.00041750285478248312
2073599.9999858555,38774.937916409501,16560.69252897866,-54.969908369444234,-1.2076014934379855,2.827727605608823,0.00068454907385173691
2074499.9999859603,37605.400129190173,19068.167554484877,-54.234667022639385,-1.3904381840873619,2.7424389294205489,0.00094874970466537144
2075399.9999860651,36273.94594949051,21493.53972776841,-53.263358989765507,-1.5672865204198283,2.6453423669181317,0.001208950602430499
2076299.9999861699,34786.309652052245,23826.366474510309,-52.060097253039729,-1.7373849615984125,2.5368563043030208,0.001464014517700712
2077199.999986589,33148.89803527297,26056.603990700383,-50.630008793413303,-1.9000010871862343,2.4174481900640341,0.0017128262132113312
2078099.9999866937,31368.762784710714,28174.650500832649,-48.97921251684992,-2.054434753699621,2.2876325122998447,0.0019542974773379056
2078999.9999867985,29453.570052663017,30171.387610689089,-47.114792720339274,-2.2000211108876204,2.1479685725934217,0.0021873720080877531
2079899.9999872176,27411.567393920239,32038.219564646937,-45.044768232677427,-2.3361334638471596,1.999058066917208,0.0024110301404683503
2080799.9999870081,25251.548205531646,33767.110238369452,-42.778057386476711,-2.4621859686591581,1.8415424846168489,0.0026242933929054458
2081699.9999867985,22982.813805066511,35350.617725204051,-40.324438972987721,-2.5776361512821939,1.6761003355408937,0.0028262288124652384
2082599.9999869033,20615.133340908535,36781.926341922626,-37.694509400700198,-2.6819872371022013,1.503444219673179,0.0030159530954278774
2083499.9999870081,18158.701687754165,38054.875936705852,-34.899636245930552,-2.7747902827517952,1.3243177506537804,0.0031926364673477638
2084399.9999871128,15624.095514817334,39163.988367976322,-31.95190842450836,-2.8556461008028378,1.139492347042997,0.0033555063057577311
2085299.9999869033,13022.227721691073,40104.491039256936,-28.864083228351433,-2.9242069691682469,0.94976390568469937,0.0035038504911084401
2086199.9999866937,10364.300430079007,40872.337394297865,-25.649530466913241,-2.98017811845419,0.75594937098892101,0.0036370204743591478
2087099.9999871128,7661.7567433662198,41464.224281515548,-22.322173984190368,-3.0233189908596221,0.55888321563906407,0.0037544340502225419
2087999.9999869033,4926.231485362955,41877.606116197683,-18.896430825037015,-3.0534442656320571,0.35941384813624211,0.0038555778273963964
2088899.9999873224,2169.5010989575367,42110.705786095932,-15.387148287625127,-3.0704246473284287,0.15839996031831138,0.0039400093897162085
2089799.9999874271,-596.56702703831661,42162.522244699125,-11.809539209557389,-3.0741874130144167,-0.043293165664845625,0.0040073591401597278
2090699.9999875319,-3360.0656364983856,42032.834770368929,-8.1791157105276167,-3.0647167169810006,-0.24479737890500253,0.0040573318251140647
2091599.9999876367,-6109.0988395592876,41722.203868651595,-4.5116217208267635,-3.0420536514644638,-0.44524539169626975,0.0040897077341621986
2092499.9999874271,-8831.8332890089187,41231.968817723064,-0.82296457975059345,-3.006296063474049,-0.64377450659614044,0.0041043435734052945
2093399.9999875319,-11516.549092233296,40564.24186597651,2.8708540178388935,-2.9575981284570751,-0.83953032365089042,0.0041011730109839903
2094299.9999870081,-14151.690217779473,39721.899110667619,6.5538074005864511,-2.8961696829484169,-1.0316704103985788,0.0040802068942374517
2095199.9999867985,-16725.91420730266,38708.568092327339,10.209913366199979,-2.8222753187401954,-1.2193679210322399,0.0040415331392814257
2096099.9999869033,-19228.140954581017,37528.612164502643,13.823303364279722,-2.736233242888745,-1.4018151475194494,0.0039853162946788239
2096999.9999863794,-21647.600358767555,36187.111703037648,17.378291145965822,-2.6384139081872715,-1.57822698877831,0.0039117967819940428
2097899.9999864842,-23973.878652916104,34689.842230048831,20.859440599425614,-2.5292384195068722,-1.747844323545549,0.0038212898166045061
2098799.9999862746,-26196.963182402906,33043.249561572695,24.251632446083633,-2.4091767238558357,-1.909937270625899,0.0037141840144896306
2099699.9999863794,-28307.285477758884,31254.42206486698,27.540129570727736,-2.2787455903158778,-2.0638083252853248,0.003590939689849598
2100599.9999867985,-30295.762404160374,29331.060164325187,30.71064066167347,-2.1385063898676062,-2.2087953559865321,0.0034520868518533028
2101499.999986589,-32153.835231989724,27281.44321401967,33.74938192440176,-1.9890626835855936,-2.3442744501735104,0.0032982229080484949
2102399.9999873224,-33873.506462047902,25114.393871768363,36.643136612744236,-1.8310576289140017,-2.4696625969986723,0.0031300100832032775
2103299.9999871128,-35447.374218315752,22839.240161513058,39.379312078841643,-1.6651712175211371,-2.5844201933557129,0.0029481725667407713
2104199.9999869033,-36868.66410796556,20465.775331030709,41.945994179932526,-1.4921173524225968,-2.6880533658904331,0.0027534933961999158
2105099.9999866937,-38131.258363504305,18004.215735116752,44.331998732049342,-1.3126407810495908,-2.7801160954595603,0.0025468110939607862
2105999.9999867985,-39229.722175566836,15465.156881010345,46.526919850457674,-1.1275138941436624,-2.8602121373203158,0.002329016067646442
2106899.9999869033,-40159.327083762262,12859.527852973622,48.521174938561572,-0.93753340621630776,-2.9279967273238352,0.0021010467913398913
2107799.9999863794,-40916.071336063411,10198.544290620257,50.306046155485127,-0.74351693024147247,-2.9831780675186859,0.0018638857816968943
2108699.9999864842,-41496.697122249017,7493.6601318534786,51.873718174742422,-0.54629946190832313,-3.025518584201913,0.0016185553864112342
2109599.9999869033,-41898.704605202642,4756.5183418560418,53.217312066718499,-0.34672978954826272,-3.0548359527864934,0.0013661134039449335
2110499.9999866937,-42120.362696940043,1998.9008125926709,54.330915178490855,-0.14566684316815237,-3.0710038855359607,0.0011076485504604343
2111399.9999861699,-42160.716526344506,-767.32233907944772,55.209606871228168,0.056024000783514757,-3.0739526782272772,0.00084427579410404675
2112299.9999859603,-42019.591566311807,-3530.2438494017579,55.849480002985509,0.25747464248331592,-3.0636695133182812,0.00057713157703207635
2113199.9999863794,-41697.594404312913,-6277.9705467098238,56.247658068766221,0.45781799393117933,-3.0401985183910836,0.00030736894500757727
2114099.9999864842,-41196.110152131056,-8998.6745368250777,56.402307924941141,0.65619171060599535,-3.003640579506647,3.6152604655640656e-05
2114999.9999862746,-40517.296503900172,-11680.644113379471,56.312648040295102,0.8517419033977125,-2.954152910088824,-0.00023534607053862832
2115899.9999860651,-39664.074468616731,-14312.334166879868,55.978952236640097,1.0436268142851906,-2.8919483772074681,-0.00050595406353208733
2116799.9999861699,-38640.11581695365,-16882.415879019842,55.402548903404714,1.2310204401519136,-2.8172945881349176,-0.0007745017452397637
2117699.999986589,-37449.827296693824,-19379.825487306382,54.585815688979537,1.4131160890250209,-2.7305127411152221,-0.0010398278926850631
2118599.9999870081,-36098.33168273051,-21793.811913959042,53.532169689334047,1.5891298536712253,-2.631976245141836,-0.0013007846727641386
2119499.9999871128,-34591.445743330449,-24113.983050952029,52.246053174312536,1.7583039873322188,-2.5221091146955628,-0.0015562425700275497
2120399.999986589,-32935.65521822279,-26330.350500418645,50.73291491229012,1.9199101669203704,-2.4013841464127328,-0.0018050952372533323
2121299.9999870081,-31138.086913712181,-28433.372581052623,48.99918716982306,2.0732526298311398,-2.2703208853624015,-0.0020462642484438223
2122199.9999864842,-29206.478046109933,-30413.995402430697,47.052258494525276,2.2176711698976539,-2.129483390519439,-0.0022787037324495611
2123099.9999869033,-27149.142937490731,-32263.691862076939,44.900442369276057,2.3525439818745038,-1.9794778070352159,-0.0025014048710796035
2123999.9999870081,-24974.937250501713,-33974.498349278889,42.552941913359611,2.4772903386797882,-1.8209497589422943,-0.0027134002369361317
2124899.9999874271,-22693.219866759271,-35539.049048652312,40.019810730642185,2.5913730935766877,-1.6545815699391846,-0.0029137679584619711
2125799.9999878462,-20313.812617113919,-36950.607653316889,37.311910116386322,2.6943009934195894,-1.4810893274669137,-0.0031016356894297305
2126699.9999882653,-17846.958005714048,-38203.096378908907,34.440862771377063,2.7856307950281098,-1.301219800451894,-0.0032761843693640677
2127599.9999880558,-15303.275128826548,-39291.122138459417,31.419003240304008,2.8649691744830021,-1.115747225392925,-0.0034366517570991301
2128499.9999884749,-12693.713962204676,-40209.999774479496,28.259325266453001,2.9319744217910597,-0.9254699734877504,-0.0035823357237605917
2129399.9999882653,-10029.508239611063,-40955.772237158548,24.975426316753175,2.9863579128288267,-0.73120711505174851,-0.0037125972896803788
2130299.9999880558,-7322.1270885507183,-41525.227636631287,21.581449468463738,3.0278853533267927,-0.5337948933545057,-0.0038268633947553931
2131199.9999878462,-4583.2256678218746,-41915.913082025931,18.092022947579562,3.056377788548164,-0.33408312572357829,-0.003924629388578427
2132099.9999876367,-1824.5949919822249,-42126.145256758093,14.522197541679459,3.0717123749992701,-0.1329315454206646,-0.0040054612315180487
2132999.9999874271,941.88882103965955,-42155.017679764627,10.887382177285243,3.0738229105277712,0.068793898481865845,-0.0040689973968288185
2133899.9999872176,3704.315678369971,-42002.404624128088,7.2032779116522914,3.0627001207525355,0.27022476858448474,-0.0041149504667456838
2134799.9999873224,6450.7927818434773,-41668.961674606493,3.4858106366480111,3.0383917005031051,0.47049387689264538,-0.0041431084157336068
2135699.9999874271,9169.4958260225649,-41156.122922891504,-0.2489372313709653,3.0010021102075752,0.66873901729338647,-0.0041533355761975794
2136599.9999875319,11848.719907183484,-40466.094811184397,-3.984795792295365,2.9506921280232787,0.8641066769487038,-0.0041455732829648109
2137499.999987951,14476.929914981793,-39601.846651837746,-7.705577130731621,2.8876781597517605,1.0557557099909072,-0.0041198401942216089
2138399.9999883701,17042.810196697901,-38567.097863333292,-11.39514492947823,2.8122313094871418,1.2428609582380357,-0.0040762322881295375
2139299.9999884749,19535.31327827417,-37366.30197774632,-15.037483933228703,2.724676215024973,1.4246168032383877,-0.0040149225355651979
2140199.999988894,21943.707438639485,-36004.627485028243,-18.616768980659831,2.6253896527925269,1.6002406348536768,-0.0039361602505583815
2141099.9999889988,24257.62291596238,-34487.935604608916,-22.117433291713297,2.5147989188870006,1.7689762202915946,-0.0038402701218855709
2141999.9999894178,26467.096570010002,-32822.755068470346,-25.524235758315442,2.3933799923341512,1.9300969608204677,-0.0037276509294634913
2142899.999988894,28562.614785499238,-31016.254036923441,-28.822326923318556,2.2616554893721834,2.0829090205327301,-0.0035987739516673118
2143799.9999889988,30535.154459359739,-29076.209247449558,-31.997313414270359,2.1201924160317454,2.2267543157525571,-0.0034541810686628421
2144699.9999887892,32376.22185718915,-27010.972559940001,-35.035320502819303,1.9695997308630135,2.3610133494736414,-0.0032944825713332937
2145599.999988894,34077.889212910079,-24829.435006960732,-37.923052592322584,1.8105257256608409,2.4851078816745882,-0.003120354681649634
2146499.9999889988,35632.828882318594,-22540.9885313181,-40.647851329139684,1.6436552373996163,2.5985034217299212,-0.0029325367956483917
2147399.9999891035,37034.344921040756,-20155.485557883672,-43.197751120276642,1.4697067020069683,2.7007115334827896,-0.0027318284576179786
2148299.9999892083,38276.401942363744,-17683.196581909626,-45.561531807207437,1.2894290631728738,2.7912919424306351,-0.0025190860767072263
2149199.9999889988,39353.65113274529,-15134.765953780869,-47.728768272863498,1.1035985492231806,2.8698544360845131,-0.0022952193969684983
2150099.9999891035,40261.453314530394,-12521.16604380687,-49.689876769771516,0.91301533135622426,2.9360605493970651,-0.0020611877320155809
2150999.999988894,40995.89894884378,-9853.6500010100299,-51.436157749211674,0.71850007876224986,2.9896250273831395,-0.0018179959781170342
2151899.9999889988,41553.82500167835,-7143.7032837274828,-52.95983501742937,0.52089042352242154,3.0303170592275586,-0.001566690416407171
2152799.9999884749,41932.828589465244,-4402.9942019797372,-54.25409101363099,0.32103735273238165,3.0579612776631593,-0.0013083543206329346
2153699.9999882653,42131.277354092934,-1643.3236469294059,-55.313098063431269,0.119801540604267,3.0724385198413779,-0.0010441033813317483
2154599.9999877415,42148.31651329025,1123.4257356296607,-56.132045428090073,-0.081950360721588039,3.0736863456081451,-0.00077508096541160866
2155499.9999875319,41983.872560987671,3885.3407444008462,-56.707162025159306,-0.28334945826115709,3.0616993111822213,-0.00050245322404467261
2156399.9999873224,41638.653598314959,6630.5289425943902,-57.035734680897747,-0.48352836475570915,3.0365289966706226,-0.00022740406929597381
2157299.9999871128,41114.146293559555,9347.1699050457119,-57.116121812147831,-0.6816249405086513,2.9982837871480239,4.8869964361990243e-05
2158199.9999875319,40412.609482727181,12023.566152585396,-56.947762437929853,-0.87678601288238833,2.9471284080088487,0.00032516495149132244
2159099.9999876367,39537.06444139345,14648.193549910164,-56.531180450306827,-1.0681710569937601,2.8832832167079285,0.0006002748776427003
2159999.9999880558,38491.281861353367,17209.750976848827,-55.86798408804777,-1.2549558235761744,2.8070232532363346,0.0008729969910091246
2160899.9999875319,37279.765600842416,19697.209013957869,-54.960860585926191,-1.4363358949301877,2.7186770542819199,0.0011421371738088478
2161799.9999870081,35907.733261365916,22099.857481461564,-53.813565983098421,-1.6115301570255696,2.6186252349132584,0.0014065153116877634
2162699.9999874271,34381.093692581911,24407.351579569153,-52.430910117499202,-1.7797841691810503,2.5072988451955935,0.00166497062796539
2163599.9999875319,32706.421515754322,26609.756454486607,-50.818736846695238,-1.9403734183170218,2.3851775083923319,0.0019163669559051947
2164499.9999873224,30890.928767279984,28697.59000502963,-48.983899554841187,-2.092606444105289,2.2527873482481171,0.0021595979200078751
2165399.9999867985,28942.433801334184,30661.863720622678,-46.934232056782577,-2.2358278196048431,2.1106987156259218,0.0023935919934977212
2166299.999986589,26869.327574325544,32494.121392799625,-44.678515011640513,-2.369420975746606,1.9595237236123548,0.0026173174042959644
2167199.9999863794,24680.537468819206,34186.475520386251,-42.22643800730404,-2.4928108564678273,1.799913602783078,0.0028297868590605384
2168099.9999867985,22385.488798627044,35731.641265735721,-39.588557474728994,-2.605466394050159,1.6325558871762083,0.0030300620594457791
2168999.9999869033,19994.06418408794,37122.967797581325,-36.776250655733328,-2.7069027926693154,1.4581714449834318,0.0032172579825474989
2169899.9999870081,17516.560947463877,38354.466905861031,-33.801665816395165,-2.796683611838489,1.2775113651187231,0.0033905469044634468
2170799.9999871128,14963.646738415324,39420.838747868533,-30.677668976714632,-2.8744226395744445,1.0913537151943236,0.0035491621435342373
2171699.9999872176,12346.313564731556,40317.494627313376,-27.417787396720119,-2.9397855482323769,0.9005001838795772,0.0036924015062822437
2172599.9999870081,9675.8304368738591,41040.576703614781,-24.036150105522427,-2.9924913256782104,0.7057726230271516,0.0038196304195282247
2173499.9999867985,6963.6948226790673,41586.974550938736,-20.547425751142946,-3.032313476110716,0.50800950402897005,0.0039302847361166867
2174399.9999862746,4221.5831360231714,41954.338493180127,-16.966758087839914,-3.0590809853525642,0.30806230482917996,0.0040238732031296623
2175299.9999863794,1461.3004516947726,42141.089663922772,-13.309699380769091,-3.0726790471042196,0.10679184168118894,0.0040999795855448254
2176199.9999858555,-1305.2703091426856,42146.426744666787,-9.5921420771333867,-3.0730495469677828,-0.094935436503967602,0.0041582644385531444
2177099.999985646,-4066.2195380934918,41970.329357646209,-5.8302490168137622,-3.0601913027213667,-0.29625117775473836,0.0041984665259504322
2177999.9999857508,-6809.6621875046139,41613.558097365785,-2.0403825499035371,-3.0341600598818061,-0.49628886198170147,0.0042204038817402504
2178899.9999855412,-9523.7889111096738,41077.651204606933,1.7609671494474568,-2.9950682430051065,-0.69418752704645725,0.0042239745154754229
2179799.9999859603,-12196.916881193272,40364.917894431397,5.5572542579998396,-2.9430844637176907,-0.88909547030948599,0.0042091567622219491
2180699.9999863794,-14817.540033667698,39478.428374567571,9.3319496051696991,-2.8784327882568395,-1.0801739076666683,0.0041760092796509808
2181599.9999867985,-17374.378565520008,38422.000590711032,13.06861284110675,-2.8013917672791577,-1.2666005774293772,0.0041246706960140107
2182499.9999872176,-19856.42744397145,37200.183762041554,16.750964118639896,-2.7122932326173803,-1.4475732716665279,0.0040553589136674032
2183399.9999876367,-22253.003734415561,35818.238774612953,20.362955002360234,-2.6115208659521323,-1.6223132811121315,0.003968370073801541
2184299.9999880558,-24553.792534994896,34282.115521421336,23.888838288738516,-2.4995085458776409,-1.7900687383410165,0.0038640771892592515
2185199.9999881606,-26748.89133158922,32598.427281619483,27.313236457038425,-2.3767384800793945,-1.9501178457992281,0.0037429284527643802
2186099.9999882653,-28828.852574961755,30774.422253344233,30.62120845009412,-2.2437391309207082,-2.1017719743885692,0.0036054452293607917
2186999.9999886844,-30784.724301362097,28817.952361094824,33.798314509828252,-2.1010829431849967,-2.244378619716529,0.0034522197424938822
2187899.9999887892,-32608.088623056901,26737.439471157977,36.830678796821637,-1.9493838836177311,-2.3773242034831723,0.0032839124641424041
2188799.999988894,-34291.097924845904,24541.839158520492,39.705049534067633,-1.7892948026226694,-2.500036708156582,0.0031012492202646537
2189699.9999883701,-35826.508608005373,22240.6021846277,42.408856418314627,-1.621504629616723,-2.6119881334607817,0.0029050180242329604
2190599.9999878462,-37207.712243178124,19843.633843020038,44.930265070310689,-1.4467354133712207,-2.7126967646430482,0.0026960656508856783
2191499.9999882653,-38428.763990802188,17361.251357114754,47.258228283846321,-1.2657392206496239,-2.8017292422531028,0.0024752939662798113
2192399.9999880558,-39484.408169743154,14804.13951369797,49.3825338633727,-1.0792949064003641,-2.8787024247557875,0.002243656028474224
2193299.9999878462,-40370.100874521842,12183.304697839527,51.293848871260145,-0.88820476746461663,-2.9432850367178371,0.0020021519732078743
2194199.9999882653,-41082.029526841448,9510.0275588306667,52.983760068157132,-0.6932910964223491,-2.9951990942204083,0.0017518247042959852
2195099.9999880558,-41617.129286748393,6795.8144977062148,54.444810393795592,-0.49539264936119798,-3.0342211020224483,0.0014937554054771864
2195999.9999884749,-41973.096255345328,4052.3481641365479,55.670531344836007,-0.29536104115972012,-3.0601830174655542,0.0012290588902863803
2196899.999988894,-42148.397402227027,1291.43721748916,56.65547108943862,-0.094057086773591481,-3.0729729761898872,0.00095887881320098954
2197799.9999893131,-42142.277184379069,-1475.0344783912215,57.395218226432938,0.10765289919050842,-3.0725357771680133,0.00068438275756693744
2198699.9999887892,-41954.760821002936,-4235.158975552371,57.886421071352906,0.30890082636745853,-3.0588731243892373,0.00040675722388273743
2199599.999988894,-41586.654211343346,-6977.05548034199,58.126802396511337,0.50882056167225709,-3.0320436241694977,0.00012720253716972559
2200499.9999883701,-41039.540497158872,-9688.9214605946145,58.115169557595024,0.70655165334853542,-2.9921625381195454,-0.0001530723023256864
2201399.9999891035,-40315.773279066205,-12359.083447032282,57.851419969405107,0.90124303332350997,-2.9394012923552988,-0.00043285480805343584
2202299.9999892083,-39418.466523812967,-14976.047253805429,57.336541903725319,1.0920566778242518,-2.8739867455622141,-0.00071093420806506461
2203199.9999889988,-38351.481193384869,-17528.547461670674,56.572610605685327,1.2781712148425473,-2.7962002180788197,-0.00098610664209701731
2204099.9999887892,-37119.408662075999,-20005.595904977268,55.562779745015959,1.4587854595624574,-2.7063762867351469,-0.0012571803280969607
2204999.9999885797,-35727.550988997726,-22396.52897296974,54.311268238960551,1.6331218639085041,-2.6049013502846772,-0.0015229806782561164
2205899.9999883701,-34181.898130692614,-24691.053519034518,52.823342502275942,1.8004298651309167,-2.4922119715276256,-0.0017823553425324618
2206799.9999884749,-32489.102188982932,-26879.291182860885,51.105294196925755,1.9599891191616241,-2.3687930029933675,-0.0020341791585125387
2207699.999988894,-30656.448808655008,-28951.820927429781,49.164413579675589,2.1111126042431709,-2.2351755044779273,-0.0022773589857127811
2208599.9999893131,-28691.825843204166,-30899.719614242236,47.008958556464805,2.2531495818929845,-2.0919344610060238,-0.0025108384044404781
2209499.9999894178,-26603.689425308155,-32714.600437754903,44.648119576865277,2.3854884020812732,-1.9396863111421787,-0.0027336022586789189
2210399.9999895226,-24401.027585414999,-34388.649055157592,42.091980515171372,2.5075591406024764,-1.7790862960762346,-0.0029446810237988611
2211299.9999896274,-22093.321582589171,-35914.65724933819,39.351475713460154,2.6188360567421451,-1.6108256414336179,-0.0031431549796198106
2212199.9999894178,-19690.505101944695,-37286.053989729626,36.438343355818944,2.7188398612980946,-1.4356285830568492,-0.0033281581721911714
2213099.9999895226,-17202.921500350374,-38496.93374995765,33.365075378755641,2.8071397845942929,-1.2542492500111486,-0.0034988821465189988
2213999.9999896274,-14641.279290715176,-39542.081957826558,30.144864139135677,2.8833554353404272,-1.0674684187072854,-0.0036545794339331579
2214899.9999900465,-12016.606042760055,-40416.997475002929,26.791546049980351,2.9471584427859918,-0.87609015114150102,-0.0037945667802082748
2215799.9999898369,-9340.2009128305999,-41117.91200193618,23.319542441381156,2.9982738744911526,-0.6809383327886841,-0.0039182280996740686
2216699.9999896274,-6623.5859912155211,-41641.806329838713,19.743797878012053,3.0364814239611979,-0.48285312393747309,-0.0040250171436617193
2217599.9999894178,-3878.4566975026814,-41986.423362784029,16.079716222647221,3.0616163624907089,-0.28268734133059825,-0.0041144598709231912
2218499.999988894,-1116.6314231086999,-42150.277859182126,12.343094699292802,3.0735702514848247,-0.081302784690267874,-0.0041861565109221673
2219399.9999893131,1649.9993662401259,-42132.662848460728,8.5500562300070939,3.0722914120153817,0.12043347629331046,-0.00423978331129781
2220299.9999894178,4409.5243234582094,-41933.65269407782,4.7169803672616224,3.0577851494969912,0.3216528366090009,-0.0042750939617154839
2221199.9999892083,7150.062521601807,-41554.102791611789,0.86043306945095133,3.030113732665308,0.52148889851696523,-0.0042919206892603383
2222099.9999889988,9859.8146214158969,-40995.645900433148,-3.0029043540319389,2.9893961267629736,0.71908120434280376,-0.0042901750204136146
2222999.9999891035,12527.11368294686,-40260.685127159457,-6.8563068244745793,2.9358074822859743,0.91357894323246025,-0.0042698482070529986
2223899.999988894,15140.475407744771,-39352.383591785983,-10.683077306802474,2.8695783815785707,1.1041446162544832,-0.0042310113153718716
2224799.9999886844,17688.647606007555,-38274.650816263194,-14.466618566655805,2.7909938462203678,1.2899576448167458,-0.0041738149776599474
2225699.9999881606,20160.658651435046,-37032.125901449603,-18.190504534038993,2.7003921100625394,1.4702179050728588,-0.004098488808866884
2226599.9999882653,22545.864738782439,-35630.15755732698,-21.838551007780477,2.598163162697972,1.6441491748139678,-0.0040053404907811115
2227499.9999880558,24833.99571810411,-34074.781082574082,-25.394885370330822,2.4847470704266876,1.8110024763652317,-0.0038947545289153584
2228399.9999881606,27015.199334672041,-32372.692378609085,-28.844015060616883,2.3606320809749026,1.9700593030297646,-0.0037671906871059131
2229299.9999882653,29080.08365516449,-30531.219127133496,-32.170894474251043,2.2263525214241207,2.1206347131072261,-0.0036231821081629729
2230199.9999886844,31019.757521631425,-28558.289240408765,-35.360990048894976,2.082486497354922,2.2620802799677238,-0.0034633331279853028
2231099.9999887892,32825.868843746845,-26462.396730872249,-38.400343239519266,1.9296534039253515,2.3937868844114418,-0.0032883167934927696
2231999.9999882653,34490.640574117286,-24252.565139102524,-41.275631136650816,1.7685112590372978,2.5151873380504122,-0.0030988720944072107
2232899.9999877415,36006.904206671956,-21938.308681402836,-43.974224467311416,1.5997538703530945,2.6257588261077003,-0.0028958009207609441
2233799.9999878462,37368.130652947177,-19529.591287076724,-46.48424273511403,1.4241078485514558,2.7250251591090371,-0.0026799647588484831
2234699.9999873224,38568.458365078819,-17036.783702045905,-48.794606271960383,1.242329479675675,2.8125588239607104,-0.0024522811388818025
2235599.9999877415,39602.718592914156,-14470.618824554842,-50.89508500034988,1.0552014686167228,2.8879828262577028,-0.0022137198464335355
2236499.9999872176,40466.45764659399,-11842.145505026258,-52.776343663393057,0.86352957059640845,2.9509723144849414,-0.0019652989156455605
2237399.9999873224,41155.956093748166,-9162.6809536434412,-54.429983379811027,0.66813912105170692,3.0012559809754316,-0.0017080804138972377
2238299.9999877415,41668.244784055154,-6443.7620196537555,-55.848579296202864,0.46987148309448862,3.0386172318185229,-0.001443166038555819
2239199.9999875319,42001.117649964719,-3697.0955076840419,-57.025714208477694,0.26958042451912034,3.0628951219795777,-0.00117169253709722
2240099.999987951,42153.141220447338,-934.50775621269179,-57.956007988147604,0.068128440695675349,3.0739850510010256,-0.000894826967259897
2240999.9999877415,42123.660805638334,1832.1062844158348,-58.635142670635602,-0.13361695941528873,3.0718392161648302,-0.00061376181521917135
2241899.9999878462,41912.803328659138,4590.8342945150071,-59.059883098565031,-0.33478699107012966,3.0564668213182289,-0.00032970998410348102
2242799.999987951,41521.476789624518,7329.7978810894165,-59.228092997598992,-0.53451533594727529,3.0279340401812984,-4.3899674131519353e-05
2243699.9999883701,40951.366364261601,10037.203749235783,-59.138746404924113,-0.73194187578690229,2.9863637342087146,0.00024243083284298863
2244599.9999881606,40204.927153840137,12701.394498440848,-58.791934366924451,-0.92621639920293264,2.9319349261063539,0.00052803846356435714
2245499.9999882653,39285.37361410162,15310.898846112495,-58.188866847497444,-1.1165022672284661,2.864882030897586,0.00081168070202957234
2246399.9999880558,38196.665714918323,17854.481035721034,-57.331869806836323,-1.3019800198482183,2.7854938481862068,0.0010921209742064436
2247299.9999881606,36943.491878764216,20321.189251588177,-56.22437741976362,-1.4818509104576125,2.6941123190023468,0.0013681340518739097
2248199.9999876367,35531.248787272045,22700.402788125073,-54.870919439528727,-1.6553403497473806,2.5911310536337799,0.0016385114488055579
2249099.9999877415,33966.018119836459,24981.877819825124,-53.277103703375019,-1.8217012476713967,2.4769936350180348,0.001902066791379202
2249999.9999875319,32254.540353114513,27155.791518543156,-51.449593842411502,-1.9802172348608171,2.3521917070277278,0.0021576411324660937
2250899.9999870081,30404.18570665902,29212.784377195476,-49.396082229938415,-2.1302057530456131,2.2172628538311447,0.0024041081879666859
2251799.9999864842,28422.922376767565,31144.000526245043,-47.125258267640326,-2.2710209987328183,2.0727882806893185,0.0026403794650693702
2252699.999986589,26319.282192618579,32941.12587656168,-44.646772116497431,-2.4020567078371435,1.9193903060027366,0.0028654092546971533
2253599.9999873224,24102.323841681318,34596.423925331066,-41.971194005732578,-2.5227487691953345,1.757729675398787,0.0030781994593578918
2254499.9999877415,21781.593826382956,36102.769067809779,-39.109969284342881,-2.6325776553613092,1.5885027097793285,0.003277804226989272
2255399.9999878462,19367.085313981202,37453.6772758894,-36.075369393772093,-2.7310706604298955,1.4124382992762818,0.0034633343627128161
2256299.999987951,16869.195064039388,38643.334005186298,-32.880438981569291,-2.8178039347244854,1.2302947567260198,0.003633961489969236
2257199.9999880558,14298.678624739028,39666.619209526536,-29.538939399498137,-2.8924043074716463,1.0428565447910725,0.0037889219345093204
2258099.9999881606,11666.603983823972,40519.129360439627,-26.065288835850335,-2.9545508899921562,0.85093089047246318,0.0039275203075513484
2258999.999987951,8984.3038778089231,41197.196374771556,-22.474499366349555,-3.0039764523793524,0.65534430205982153,0.0040491327658123992
2259899.9999880558,6263.3269613454459,41697.903370029977,-18.782111216927973,-3.0404685678783117,0.45693900343426197,0.0041532099293161888
2260799.9999875319,3515.3880691811601,42019.097176326715,-15.004124582642074,-3.0638705198906724,0.25656930285253848,0.0042392794398991782
2261699.999987951,752.3177450958691,42159.397560245052,-11.156929276500204,-3.0740819684908196,0.055097909087109445,0.00430694814892743
2262599.9999877415,-2013.9886907210032,42118.203113148338,-7.2572326202649426,-3.0710593731609008,-0.14660778515163,0.0043559039223081929
2263499.9999878462,-4771.6223747183194,41895.693786467236,-3.3219858432194878,-3.0548161706594641,-0.34767944066170825,0.0043859170577319655
2264399.999987951,-7508.7121539942982,41492.83006109183,0.63169057785421756,-3.0254227072858186,-0.5472515096226156,0.0043968413087319717
2265299.9999877415,-10213.475691156586,40911.348756605701,4.5865823545282343,-2.983005926162849,-0.74446496146334207,0.0043886145154001955
2266199.9999875319,-12874.270167370167,40153.755499847553,8.5254571982613818,-2.927748811160988,-0.93847097831195903,0.0043612588423981042
2267099.9999876367,-15479.642377025553,39223.313887291566,12.431140671534811,-2.8598895901702632,-1.1284346050099425,0.0043148806280339244
2267999.9999871128,-18018.377998427004,38124.031389237723,16.286591730014127,-2.7797207013958292,-1.3135383380488521,0.0042496698498316081
2268899.9999875319,-20479.549838752981,36860.642052479299,20.074977628388609,-2.6875875269640961,-1.4929856388262119,0.0041658992133673982
2269799.9999873224,-22852.564813985457,35438.586092194862,23.779747804992713,-2.583886900586827,-1.6660043539038571,0.0040639228739372656
2270699.9999871128,-25127.20951621464,33863.98643649312,27.384706500414925,-2.4690653940101379,-1.831850031658161,0.0039441747993486168
2271599.9999872176,-27293.694117681032,32143.622352391671,30.874083707300851,-2.3436173917114704,-1.9898091172124395,0.0038071667865965018
2272499.999987951,-29342.694460911618,30284.900249080038,34.232604201272693,-2.2080829608754442,-2.1392020148410023,0.0036534861432650769
2273399.9999877415,-31265.392138347172,28295.821794223411,37.445554331123198,-2.0630455265591179,-2.279386003686354,0.003483793047268674
2274299.9999881606,-33053.512407360089,26184.949463899684,40.498846312884183,-1.9091293608222302,-2.409757995727869,0.0032988175972790282
2275199.9999882653,-34699.35974616585,23961.369707568741,43.379079702353451,-1.7469968990041689,-2.5297571219881085,0.0030993565712151348
2276099.9999886844,-36195.850939295233,21634.653844517212,46.073599856207501,-1.5773458915679923,-2.6388671390155753,0.002886269904532284
2276999.9999887892,-37536.545516788879,19214.816898381043,48.570553079647219,-1.4009064064835417,-2.7366186429649595,0.0026604769077194627
2277899.9999882653,-38715.673442615371,16712.274513847104,50.858938276026414,-1.2184376925453362,-2.8225910837798747,0.0024229522368810533
2278799.9999880558,-39728.159918934565,14137.798158333184,52.928654859267844,-1.0307249182852545,-2.8964145698574599,0.002174721636464478
2279699.9999884749,-40569.647201779095,11502.468803861235,54.770546733238774,-0.83857580057490666,-2.9577714556635817,0.0019168574726584568
2280599.999988894,-41236.513341253616,8817.629274214858,56.376442169862329,-0.64281713626603298,-3.0063977060223355,0.0016504740750165037
2281499.9999886844,-41725.887762085869,6094.8354668247948,57.739189415693154,-0.44429125198810981,-3.0420840309795567,0.001376722906240965
2282399.9999887892,-42035.663617991988,3345.8066528105601,58.852687883093175,-0.24385238678246804,-3.0646767864018916,0.0010967875796189812
2283299.9999892083,-42164.506863846269,582.37508849574363,59.711914789574458,-0.042363024433672125,-3.0740786362174521,0.00081187874679706932
2284199.9999893131,-42111.862012051613,-2183.5648707502278,60.31294715085221,0.15930981073188685,-3.070248973815485,0.00052322887451673402
2285099.9999897322,-41877.954543727275,-4940.1079335231361,60.652979031468746,0.36029827861678537,-3.0532041004092925,0.00023208693208453922
2285999.9999895226,-41463.789965587297,-7675.3890661358937,60.730333979134187,0.55973745087406601,-3.0230171596241009,-6.0286985650062245e-05
2286899.9999899417,-40871.149513586373,-10377.63454388114,60.544472600883743,0.7567690286610449,-2.9798178282983105,-0.00035262708241583425
2287799.9999897322,-40102.582526393373,-13035.212585756046,60.095995245470199,0.950545030740091,-2.9237917650740468,-0.00064366730341887759
2288699.9999898369,-39161.395511788534,-15636.683413348946,59.386639784114067,1.1402314403898526,-2.855179818343331,-0.00093214678059393434
2289599.9999896274,-38051.63796209218,-18170.848466913969,58.419274502187861,1.3250117917201614,-2.7742769975129087,-0.001216815251905171
2290499.9999900465,-36778.084969302901,-20626.798605638269,57.19788612929775,1.5040906828156262,-2.681431211148444,-0.0014964384362136376
2291399.9999898369,-35346.216723606049,-22993.961056275795,55.727563066707319,1.6766971985304315,-2.5770417779596611,-0.0017698033380026854
2292299.999990256,-33762.194966923511,-25262.144939690286,54.014473869617063,1.8420882305016448,-2.4615577157135138,-0.0020357234632120864
2293199.9999897322,-32032.836525482711,-27421.58513686448,52.065841099807074,1.9995516769697024,-2.3354758169787164,-0.0022930439192991431
2294099.9999892083,-30165.584003937922,-29462.984354361583,49.889910628727954,2.14840951215111,-2.1993385175896405,-0.0025406463836005946
2294999.9999896274,-28168.473793533874,-31377.553164820634,47.495916550478185,2.2880207087342397,-2.0537315688267794,-0.0027774539138981096
2295899.9999894178,-26050.101523099875,-33157.04786771076,44.894041847144521,2.4177840021292143,-1.8992815225954058,-0.00300243558272198
2296799.9999892083,-23819.585082126287,-34793.806020407639,42.09537495071703,2.5371404854398638,-1.7366530389325376,-0.0032146109173618802
2297699.9999893131,-21486.525404421125,-36280.779456847151,39.111862422662703,2.6455760217196893,-1.5665460295090616,-0.0034130541229722877
2298599.9999891035,-19060.965162124627,-37611.564670448621,35.956257931309388,2.7426234643974565,-1.3896926479902829,-0.0035968980730291386
2299499.999988894,-16553.34554771406,-38780.43042633705,32.642067744284304,2.8278646759000146,-1.2068541401696469,-0.0037653380496181204
2300399.9999889988,-13974.461335888091,-39782.342478760133,29.183492976437442,2.9009323352884695,-1.0188175678517388,-0.0039176352168705103
2301299.9999891035,-11335.41442176583,-40612.985286795229,25.595368844517065,2.9615115269775729,-0.82639242081441799,-0.0040531198125489274
2302199.9999892083,-8647.5660201075571,-41268.780639624289,21.893101167559827,3.0093411039376603,-0.63040713034679874,-0.0041711940448854483
2303099.9999889988,-5922.487751694548,-41746.903102329925,18.092600411500175,3.0442148187616462,-0.43170550090193405,-0.0042713346809691109
2303999.9999894178,-3171.9118055562526,-42045.29222132478,14.210213529730641,3.0659822180437679,-0.2311430736922776,-0.0043530953166167228
2304899.9999895226,-407.68042345036656,-42162.66142994503,10.262653934780506,3.0745492956339739,-0.029583440282233357,-0.0044161083167593655
2305799.9999899417,2358.3051164390195,-42098.503621622425,6.2669298431758351,3.0698789023092381,0.17210548081610624,-0.0044600864194873271
2306699.9999897322,5114.1357521203818,-41853.093361158033,2.2402713622604962,3.0519909096488762,0.37305518514583286,-0.0044848239956431285
2307599.9999901513,7847.9459512125914,-41427.485725582723,-1.7999434349019534,3.0209621274508232,0.57240032798584861,-0.0044901979597154369
2308499.9999905704,10547.964812671018,-40823.511781045905,-5.8362630571084466,2.9769259751386765,0.76928245471299639,-0.0044761683276174644
2309399.9999906751,13202.566781790256,-40043.770712688711,-9.8512375131902701,2.9200719083991138,0.96285370295562689,-0.0044427784198664165
2310299.9999910942,15800.321736462554,-39091.618641252506,-13.827493248269379,2.8506446035363679,1.1522804587677751,-0.0043901547092604735
2311199.999991199,18330.044222508521,-37971.15417908151,-17.74780776937115,2.7689429034308577,1.3367469505076552,-0.0043185063145450842
2312099.9999916181,20780.841648013011,-36687.200780293075,-21.595183677342018,2.6753185291629742,1.5154587664581249,-0.0042281241424101763
2312999.9999920372,23142.161203248139,-35245.28597040251,-25.352921752002423,2.5701745636050974,1.6876462790812179,-0.0041193796826093226
2313899.9999924563,25403.835322274736,-33651.617538416984,-29.004692809278655,2.4539637131331329,1.8525679624276825,-0.003992723461682883
2314799.9999925611,27556.125480473005,-31913.056798425809,-32.534608011623739,2.3271863553699079,2.0095135876509351,-0.0038486831629040517
2315699.9999926658,29589.764145401266,-30037.089032224376,-35.92728734520486,2.1903883812073812,2.1578072832855111,-0.0036878614209559721
2316599.9999930849,31495.994691714623,-28031.791247279678,-39.167925962023354,2.0441588410161566,2.2968104464874921,-0.0035109333020941426
2317499.999993504,33266.609113060971,-25905.797387773975,-42.242358116127605,1.8891274051974316,2.4259244930756267,-0.0033186434812566873
2318399.9999932945,34893.98337478967,-23668.261141226998,-45.137118437443021,1.7259616495715298,2.5445934350304054,-0.0031118031281914924
2319299.9999937136,36371.11024751958,-21328.816507271753,-47.839500275070584,1.5553641778401575,2.6523062738525245,-0.002891286517010185
2320199.999993504,37691.629473322464,-18897.53631409071,-50.337610853749922,1.3780695947234509,2.7485991990536367,-0.0026580273756248263
2321099.9999936088,38849.855160463674,-16384.888821759738,-52.620423061650271,1.1948413399795295,2.8330575842881589,-0.0024130149872144042
2321999.9999933993,39840.80025786507,-13801.692648806831,-54.677823598584474,1.0064684005695792,2.9053177703793271,-0.0021572900650481137
2322899.999993504,40660.198029820305,-11159.070172636932,-56.500657333727389,0.81376191196108461,2.9650686295554034,-0.0018919404138750626
2323799.9999936088,41304.520421497495,-8468.3996403471574,-58.080767656447151,0.61755166579920873,3.0120529030240544,-0.0016180963992613467
2324699.9999933993,41770.993248950603,-5741.2661666234844,-59.411032679141321,0.41868253678903733,3.04606830715595,-0.0013369262402859164
2325599.9999938183,42057.608141330973,-2989.4118442606605,-60.485397128436666,0.21801084517140307,3.0669684030977624,-0.0010496311456108293
2326499.9999942374,42163.131185203034,-224.68518983914902,-61.298899791613131,0.016400670936289864,3.074663226238123,-0.00075744031254355859
2327399.9999940279,42087.108237243025,2541.0098796077459,-61.847696412397532,-0.18527986604458352,3.0691196731236938,-0.00046160580566268974
2328299.9999941327,41829.866878628476,5295.765308676675,-62.129077928914668,-0.38616234328425025,3.0503616439110504,-0.0001633973348622808
2329199.9999945518,41392.515004797482,8027.7201719593832,-62.14148397195104,-0.58538177350789755,3.0184699398991275,0.00013590304718188206
2330099.9999943422,40776.936057353421,10725.111745993574,-61.884511563713104,-0.78208032837228492,2.9735819166144375,0.00043500631145298232
2330999.9999941327,39985.780914275158,13376.326169422169,-61.358918963411547,-0.97541103247534489,2.9158908935782297,0.00073262186505502244
2331899.9999945518,39022.456477295738,15969.948450460208,-60.566624628348301,-1.1645414101782967,2.8456453235145664,0.0010274629888282335
2332799.9999940279,37891.111007179585,18494.811615741626,-59.510701280075985,-1.3486570702922982,2.7631477246008793,0.0013182522827389661
2333699.999993504,36596.616256601752,20940.044816020316,-58.195365064018283,-1.5269652152165396,2.6687533792695901,0.001603727103743623
2334599.9999929802,35144.546495900926,23295.120132447504,-56.625959836113253,-1.6986980558525873,2.5628688063795209,0.0018826449718327475
2335499.9999927706,33541.154505242528,25549.897923637312,-54.808936597282717,-1.86311612062354,2.4459500119848405,0.0021537889299181562
2336399.9999925611,31793.34464832037,27694.670491888337,-52.751828139564083,-2.0195114423833926,2.3185005269632475,0.0024159728348197088
2337299.9999926658,29908.643130146502,29720.203900533124,-50.463218959892856,-2.1672106108783322,2.1810692388565855,0.0026680465612789945
2338199.9999924563,27895.165582308251,31617.777740206267,-47.95271054837859,-2.3055776758993978,2.0342480282703397,0.0029089010949817301
2339099.9999925611,25761.582097108243,33379.222693942866,-45.230882138549454,-2.4340168900412462,1.8786692185996883,0.0031374734948468961
2339999.9999926658,23517.079879559107,34996.955718264311,-42.309247071185524,-2.5519752775742242,1.7150028513463695,0.0033527516986250855
2340899.9999924563,21171.323664756281,36464.012702561609,-39.200204906269754,-2.658945019217672,1.5439537977598274,0.0035537791492396878
2341799.9999922467,18734.414074971774,37774.078460133824,-35.916989460184475,-2.7544656419464548,1.3662587195280103,0.0037396592160794878
2342699.9999917229,16216.844100739481,38921.513918719291,-32.473612970196974,-2.8381260040240037,1.1826828920043893,0.0039095593852313346
2343599.9999918276,13629.453885006322,39901.380397791138,-28.884806593358945,-2.9095660668868231,0.99401690311527058,0.0040627151935154759
2344499.9999925611,10983.384023052628,40709.460859893123,-25.165957505741765,-2.9684784455285467,0.801073243577204,0.0041984338796187681
2345399.9999923515,8290.0275603263926,41342.27805388486,-21.333042839968819,-3.0146097312923921,0.60468280185495926,0.0043160977289554295
2346299.9999924563,5560.9808972971032,41797.109467186499,-17.402560748728277,-3.0477615809599934,0.40569127927919835,0.0044151670882435923
2347199.9999922467,2807.9938393449397,42071.99901769236,-13.391458938060188,-3.0677915670549183,0.20495554286626164,0.004495183027120756
2348099.9999923515,42.918976014325224,42165.765443782584,-9.3170609509616202,-3.074613786345175,0.0033399294747893746,0.0045557696289383245
2348999.999992142,-2722.3393704905225,42078.007351637782,-5.1969905728552019,-3.0681992236279774,-0.19828748101727811,0.0045966358931551279
2349899.9999919324,-5475.8764186804055,41809.104900488215,-1.0490946972201864,-3.048575869482292,-0.39905860810162724,0.0046175772361406187
2350799.9999920372,-8205.838192575733,41360.218118835,3.1086349693395445,-3.0158285916158816,-0.59810911162658698,0.0046184765798542408
2351699.9999924563,-10900.472560014347,40733.281860748502,7.2581409935108612,-2.9700987606359535,-0.79458211535423651,0.0045993050216388137
2352599.9999925611,-13548.179823715818,39930.997425438603,11.381379713553498,-2.9115836321242536,-0.98763189688277953,0.0045601220816376461
2353499.9999923515,-16137.562653766048,38956.820875084071,15.460400779598141,-2.8405354877740674,-1.1764275284515378,0.0045010755274934337
2354399.9999927706,-18657.475135342134,37814.948104851523,19.477426339572517,-2.7572605397369183,-1.3601564521016674,0.0044224007793013265
2355299.9999928754,-21097.070719595227,36510.296733956216,23.414929493003008,-2.6621176034155321,-1.5380279737327729,0.0043244199009665318
2356199.9999923515,-23445.848890720445,35048.484888230079,27.255711674233019,-2.5555165440502452,-1.7092766624650386,0.0042075401857800988
2357099.9999927706,-25693.700331296233,33435.806972458027,30.982978577150305,-2.4379165044590279,-1.8731656394968512,0.0040722523472491497
2357999.9999931897,-27830.950386564204,31679.206545618326,34.580414261304291,-2.309823922355243,-2.0289897420365448,0.003919128328665979
2358899.9999936088,-29848.40066728181,29786.246399648771,38.032253144330618,-2.1717903447290774,-2.1760785507566558,0.0037488187444724964
2359799.9999937136,-31737.368591341048,27765.075984395444,41.323349521181115,-2.0244100498136537,-2.3137992663673721,0.0035620499703580021
2360699.999993504,-33489.724701947693,25624.396316727758,44.439244311901042,-1.8683174867830243,-2.441559423665546,0.0033596208990291075
2361599.9999932945,-35097.927607247773,23373.422519892829,47.366228752369665,-1.7041845438840895,-2.5588094319447614,0.0031423993792821354
2362499.9999930849,-36555.056382396317,21021.844166769319,50.091404733836342,-1.5327176576803714,-2.6650449303739481,0.002911318358532367
2363399.999993504,-37854.840309132131,18579.783581513293,52.602741555738575,-1.3546547746525652,-2.7598089494357261,0.0026673717469854774
2364299.9999929802,-38991.685812811302,16057.752298885021,54.889128826190436,-1.1707621796331427,-2.8426938684076868,0.0024116100257419869
2365199.9999933993,-39960.700500812207,13466.605832988183,56.940425323779102,-0.98183120205277408,-2.9133431620632084,0.0021451356161852433
2366099.999993504,-40757.714173379463,10817.497003873847,58.747503564773325,-0.78867481799985772,-2.9714529273571801,0.0018690980374925234
2366999.9999932945,-41379.296744598381,8121.8279664706834,60.302289945324169,-0.59212415848676514,-3.0167731856984012,0.0015846888684447873
2367899.9999933993,-41822.772981409871,5391.2011758008948,61.597800264206043,-0.39302494082098732,-3.0491089542145917,0.0012931365385429388
2368799.9999941327,-42086.234000097873,2637.369503535052,62.628170484189042,-0.19223383858427556,-3.0683210816866633,0.00099570097156114314
2369699.9999939231,-42168.545475783678,-127.81429512367745,63.388682618662514,0.0093851954600485121,-3.0743268459731854,0.00069366810287164451
2370599.9999937136,-42069.352527015406,-2892.4485586322812,63.875785638838245,0.21096463873664681,-3.0671003101929699,0.00038834429244712332
2371499.9999938183,-41789.081252803167,-5644.6338840983635,64.087111308306575,0.41163712201559188,-3.046672436014711,8.1050661073660052e-05
2372399.9999936088,-41328.936919059684,-8372.5242962568518,64.021484897934087,0.61053915314908347,-3.0131309538011521,-0.00022688263045407699
2373299.9999943422,-40690.898797176305,-11064.378199030532,63.678930734014237,0.8068148254296581,-2.9666199897455785,-0.00053412213527211116
2374199.9999941327,-39877.711683657464,-13708.608857309262,63.060672564726104,0.99961949234142522,-2.9073394520194582,-0.00083933687983516869
2375099.9999942374,-38892.874124146889,-16293.834252785568,62.169128743410489,1.1881233974730918,-2.8355441775165819,-0.0011412041117740391
2375999.9999946565,-37740.623405976345,-18808.926035218046,61.007902260214316,1.3715152394106886,-2.7515428437301539,-0.0014384150050596215
2376899.9999947613,-36425.917372490891,-21243.057404850599,59.581765663283342,1.5490056597415593,-2.6556966494871515,-0.0017296803040502417
2377799.9999945518,-34954.413137643925,-23585.749706046088,57.896640935635631,1.7198306382146491,-2.5484177700889021,-0.0020137358813870983
2378699.9999946565,-33332.442793033137,-25826.917528655918,55.959574418017176,1.8832547802729493,-2.4301675933934246,-0.0022893481862063044
2379599.9999947613,-31566.986213204407,-27956.912121923673,53.77870689032909,2.0385744827465482,-2.3014547443647184,-0.0025553195597291622
2380499.9999945518,-29665.641067498509,-29966.56294456272,51.363238932015165,2.1851209648371173,-2.1628329057919378,-0.0028104933972407935
2381399.9999940279,-27636.590171321564,-31847.217162758072,48.723391716070964,2.3222631506263984,-2.0148984446794227,-0.003053759133632589
2382299.9999938183,-25488.566311915201,-33590.776930253262,45.870363399670794,2.4494103909450682,-1.8582878539780323,-0.0032840570320220026
2383199.9999942374,-23230.81470695711,-35189.734281982863,42.816281308887397,2.5660150122130165,-1.6936750210377485,-0.0035003827541627524
2384099.9999946565,-20873.053249423709,-36637.203498040508,39.574150113332642,2.671574681683222,-1.5217683338230463,-0.0037017916941500836
2384999.9999947613,-18425.430705805571,-37926.950797604892,36.157796207842942,2.7656345787055625,-1.343307636951053,-0.0038874030569149808
2385899.9999942374,-15898.483055738136,-39053.421227504972,32.581808551315362,2.8477893619772168,-1.1590610511678363,-0.004056403663112859
2386799.9999940279,-13303.08815066114,-40011.762634189676,28.86147620256013,2.9176849244887104,-0.96982166914526813,-0.0042080514647885514
2387699.9999941327,-10650.418900809371,-40797.846607882333,25.012722841212646,2.9750199278668221,-0.77640414282248948,-0.0043416787555860042
2388599.9999939231,-7951.8951785581557,-41408.286314470286,21.052038535752924,3.0195471097642712,-0.57964117599659259,-0.0044566950625590171
2389499.9999943422,-5219.134642773849,-41840.451134929448,16.996409047015458,3.0510743582578645,-0.38037993711181023,-0.0045525897067835476
2390399.9999947613,-2463.9027148376017,-42092.478043628413,12.863242997975105,3.0694655480661095,-0.17947840912528332,-0.0046289340207702791
2391299.9999951804,301.93809625877026,-42163.2796806107,8.6702971957182839,3.0746411351424299,0.022198309068398561,-0.0046853832138819959
2392199.9999949709,3066.4792937562443,-42052.549079248121,4.435600436612865,3.0665785066769109,0.2237817330596801,-0.0047216778771597074
2393099.9999957043,5817.8177022458049,-41760.761027302542,0.17737611406665899,3.0453120847756603,0.42440373932812703,-0.0047376451210030717
2393999.9999951804,8544.1067372234756,-41289.170057878182,-4.0860359967092537,3.0109331834581061,0.6232003093242825,-0.0047331993406405795
2394899.9999952852,11233.607472949272,-40639.805072134368,-8.3362585330918915,2.963589619035206,0.81931525923279969,-0.0047083426064839003
2395799.99999539,13874.739208134624,-39815.460625713538,-12.554955456828399,2.9034850761563988,1.0119039333233668,-0.0046631646774152047
2396699.9999951804,16456.129379620157,-38819.684907433781,-16.723910851458797,2.8308782315983811,1.2001368497765235,-0.0045978426373802627
2397599.9999952852,18966.662574896527,-37656.764464495551,-20.82510721618344,2.7460816397753729,1.3832032806323251,-0.004512640156827355
2398499.99999539,21395.528423482527,-36331.705747117114,-24.840802906793005,2.6494603853440197,1.56031474964448,-0.0044079063831828262
2399399.9999954947,23732.268190077077,-34850.213539655451,-28.753608440921646,2.5414305078790806,1.7307084349649255,-0.0042840744647198985
2400299.9999949709,25966.819837686759,-33218.666384447919,-32.546561292117524,2.4224572064800269,1.8936504596133654,-0.0041416597156335652
2401199.99999539,28089.561389843846,-31444.089091964033,-36.203198892943554,2.2930528312697769,2.0484390571519309,-0.0039812574298553755
2402099.9999951804,30091.352374140268,-29534.122478622332,-39.707629484454387,2.1537746722483098,2.1944075965939596,-0.0038035403556844725
2402999.9999955995,31963.573212488969,-27496.990428798457,-43.044600586758214,2.0052225527077336,2.3309274566726126,-0.0036092558398176785
2403899.9999950756,33698.162339172806,-25341.464464573946,-46.199564716104483,1.8480362407681497,2.4574107334770425,-0.0033992226575968228
2404799.9999948661,35287.650929321768,-23076.825937736412,-49.158742145104178,1.6828926875597661,2.5733127729046807,-0.0031743275403888658
2405699.9999943422,36725.195054979406,-20712.826042494773,-51.909180382918109,1.5105031066928367,2.6781345146366902,-0.002935521419205972
2406599.9999941327,38004.605154290926,-18259.643795263539,-54.438810168759034,1.3316099058448723,2.7714246393607946,-0.0026838153990206399
2407499.9999945518,39120.372672958925,-15727.842181855873,-56.736497718940626,1.1469834852133456,2.8527815090704838,-0.00242027648371814
2408399.9999943422,40067.693770779653,-13128.322653944042,-58.792093023259952,0.95741891621095732,2.921854892749324,-0.0021460230700525006
2409299.999994447,40842.489994667827,-10472.278159036528,-60.596473998777796,0.76373251392711594,2.9783474703957857,-0.0018622202292408469
2410199.9999942374,41441.425817229239,-7771.1449417311196,-62.141586292561577,0.56675832075005961,3.0220161081870183,-0.0015700748005926836
2411099.9999940279,41861.922982562479,-5036.5532798147278,-63.420478606904048,0.36734451310042315,3.0526729006955384,-0.0012708303137874924
2411999.9999938183,42102.171585914883,-2280.277403875652,-64.42733337692168,0.16634974939790459,3.0701859749760501,-0.0009657617653961657
2412899.9999936088,42161.137847057689,485.81520573765931,-65.157492693124482,-0.0353605266498919,3.074480053757346,-0.00065617026936432997
2413799.9999937136,42038.568542287685,3249.8149150873128,-65.607479359746065,-0.23691781077701846,3.0655367753291194,-0.00034337760489132558
2414699.9999938183,41734.992077530951,5999.8212147522763,-65.775013009256455,-0.43745427561338507,3.0433947689754342,-2.8720682978956796e-05
2415599.9999939231,41251.716198200622,8723.9939524576457,-65.659021208036123,-0.63610650441153549,3.0081494857423716,0.00028645404547354735
2416499.9999943422,40590.822345518631,11410.604307857931,-65.2596455109516,-0.83201920570958177,2.9599527853227978,0.00060079621907033751
2417399.9999941327,39755.156686708986,14048.085276724587,-64.578242442374943,-1.0243488921195592,2.8990122810985026,0.0009129572097387582
2418299.9999939231,38748.3178507665,16625.081475836894,-63.617379394780393,-1.212267509646997,2.8255904456576997,0.0012215957632558607
2419199.9999937136,37574.64143295557,19130.498015491517,-62.380825466111318,-1.3949659992489687,2.7400034813633134,0.0015253836114044307
2420099.9999938183,36239.18132419794,21553.548266721977,-60.873537260846774,-1.5716577781729615,2.642619960002349,0.0018230110402223322
2420999.9999939231,34747.687953348548,23883.800293513061,-59.101639711445287,-1.7415821244572167,2.5338592378360638,0.0021131923921277451
2421899.9999940279,33106.583528907329,26111.221766058374,-57.072401980639583,-1.9040074512839287,2.4141896522369448,0.0023946714850426047
2422799.999993504,31322.934391663715,28226.223151061971,-54.79420853438026,-2.0582344563824431,2.2841265078955,0.002666226928909807
2423699.9999929802,29404.420589583962,30219.699003427533,-52.276525476896545,-2.2035991337092264,2.1442298605511732,0.0029266773229797887
2424599.9999924563,27359.302815247651,32083.067168677269,-49.529862276491365,-2.339475633497345,1.995102108308886,0.0031748863145591023
2425499.9999928754,25196.386835770765,33808.305741025455,-46.565728998971473,-2.4652789593217181,1.8373853998481391,0.0034097675034029306
2426399.9999926658,22924.985584006208,35387.987602154215,-43.39658921819548,-2.5804674893365949,1.6717588716749892,0.0036302891719868454
2427299.9999927706,20554.879046052421,36815.312413958389,-40.035808729697074,-2.6845453123207426,1.498935724124336,0.0038354788267152625
2428199.9999925611,18096.272151394158,38084.135899507819,-36.497600294153258,-2.777064366288406,1.3196601510452115,0.0040244275279160153
2429099.9999920372,15559.750818575605,39188.996307027104,-32.796964568776637,-2.8576263718143515,1.1347041342395545,0.0041962939926280121
2429999.9999915133,12956.236363343296,40125.137929667122,-28.949627465598581,-2.9258845505985813,0.94486411770378431,0.0043503084489100426
2430899.9999913038,10296.938455290305,40888.531585063727,-24.971974153825816,-2.9815451220658278,0.75095757523993023,0.004485776222484297
2431799.9999910942,7593.3068353080143,41475.891961791051,-20.880979970289516,-3.0243685710250943,0.55381948696196881,0.004602081034623515
2432699.999991199,4856.9819904675287,41884.691761135851,-16.694138489148845,-3.0541706809827285,0.35429873912148818,0.0046986879912799184
2433599.9999909895,2099.7450150081104,42113.172568659982,-12.429387061547786,-3.0708233281664454,0.15325446405304652,0.0047751462421923808
2434499.9999914085,-666.53314881507424,42160.352411966051,-8.1050300955595915,-3.0742550329504961,-0.048447665473319253,0.0048310912908262676
2435399.9999915133,-3429.9428338691791,42026.029968153838,-3.7396604560151179,-3.0644512659277101,-0.2499391686282077,0.0048662469350584953
2436299.9999916181,-6178.5869614058247,41710.785405964984,0.64792074971988223,-3.0414545074875434,-0.45035250274547939,0.0048804268223225306
2437199.9999914085,-8900.6322757291073,41215.977857393482,5.0387855727430697,-3.005364060520944,-0.64882480358403849,0.0048735356026203425
2438099.9999915133,-11584.360313076197,40543.739530156759,9.4139614970811891,-2.9563356171334148,-0.84450160576678956,0.0048455696669472753
2438999.9999913038,-14218.217859677707,39696.966489323451,13.754514170542478,-2.8945805815277845,-1.0365405253283568,0.0047966174606957918
2439899.9999917229,-16790.866705166878,38679.30614364471,18.041630245555716,-2.8203651517903952,-1.2241148900566043,0.0047268593648289465
2440799.9999915133,-19291.232443734119,37495.141501262166,22.256699885612722,-2.7340091654762531,-1.4064172994208477,0.0046365671416534159
2441699.9999919324,-21708.552157034821,36149.572247789605,26.381398618899347,-2.6358847130674281,-1.582663101865472,0.0045261029439795141
2442599.9999920372,-24032.420720107875,34648.392751356929,30.397768059135398,-2.5264145271627929,-1.7520937705258584,0.0043959178925062929
2443499.9999924563,-26252.835582669661,32998.067067112082,34.288295194129716,-2.4060701529288591,-1.9139801665685496,0.004246550226366501
2444399.9999925611,-28360.23979040399,31205.701072763979,38.035989790071163,-2.2753699096527344,-2.0676256730058049,0.0040786230385456536
2445299.9999926658,-30345.563094371657,29279.011836730067,41.624459599089796,-2.1348766510416195,-2.212369187968009,0.0038928416073428012
2446199.9999924563,-32200.260949588264,27226.294367315131,45.03798297444272,-1.9851953353144547,-2.3475879630282743,0.0036899903406901881
2447099.9999922467,-33916.351248495899,25056.385878407684,48.261578574116697,-1.8269704151630928,-2.4727002754699101,0.0034709293503189954
2447999.9999923515,-35486.448627700513,22778.627730097996,51.281071820273283,-1.6608830593001622,-2.5871679228852047,0.0032365906758257011
2448899.999992142,-36903.796201950965,20402.825209687242,54.083157808969474,-1.4876482177889556,-2.6904985296590986,0.0029879741800942525
2449799.9999919324,-38162.294594323954,17939.205320279321,56.655460392136085,-1.3080115434351709,-2.7822476560042979,0.0027261431380650411
2450699.9999917229,-39256.528132396452,15398.372769437747,58.986587153406902,-1.1227461833208161,-2.862020700286632,0.0024522195436431616
2451599.9999918276,-40181.788105771615,12791.26433745621,61.066180047057102,-0.93264945357290985,-2.9294745872493211,0.0021673791582197868
2452499.9999916181,-40934.09298268288,10129.101827739245,62.884961471548209,-0.73853941208872331,-2.9843192349135297,0.0018728463265654752
2453399.9999917229,-41510.205502770077,7423.343793968781,64.434775585243443,-0.54125134332687741,-3.0263187943339593,0.001569888584817016
2454299.9999915133,-41907.646569783588,4685.6362672301166,65.708624678867622,-0.34163417131237733,-3.0552926568560328,0.0012598110881722924
2455199.9999913038,-42124.705892339342,1927.7626668674841,66.700700469925948,-0.14054681409583863,-3.071116225273494,0.00094395088124910563
2456099.9999917229,-42160.449321153726,-838.40686518515076,67.40641017393385,0.061145503041105664,-3.0737214452779993,0.00062367104002690661
2456999.9999918276,-42014.722856083281,-3600.9664957909313,67.822397255520812,0.26257496047590756,-3.0630970953731116,0.00030035471090321229
2457899.9999913038,-41688.153305748441,-6348.0258952092099,67.946556780948441,0.4628748686949013,-3.0392888340769773,-2.4600928844379319e-05
2458799.9999914085,-41182.14559481071,-9067.7613627678675,67.778045307313164,0.66118338761654794,-3.0023990040941628,-0.00034979076162921683
2459699.9999915133,-40498.876734805766,-11748.466653218138,67.317285278117339,0.85664722423256201,-2.9525861946152956,-0.00067380784374669394
2460599.9999919324,-39641.286478734975,-14378.603320738364,66.565963913416837,1.0484252954605122,-2.8900645631759456,-0.00099524952146639147
2461499.9999920372,-38613.064704848832,-16946.850329484558,65.527026607355495,1.2356923381275791,-2.8151029203063187,-0.0013127235191495784
2462399.999992142,-37418.635576406581,-19442.152747528162,64.204664864167725,1.4176424529419025,-2.7280235802648329,-0.0016248539775387107
2463299.9999916181,-36063.138552655495,-21853.769290736422,62.604298837392221,1.5934925656181573,-2.629200983189957,-0.001930287414103996
2464199.9999917229,-34552.406319101821,-24171.31854119691,60.732554539149362,1.7624857925279085,-2.5190600934526435,-0.0022276985842695439
2465099.999992142,-32892.939748719116,-26384.823606706712,58.597235842194671,1.9238946939771748,-2.398074582144428,-0.0025157962148050204
2465999.9999925611,-31091.87998158898,-28484.755065071113,56.207291376837617,2.0770244038078571,-2.2667647998574481,-0.0027933285900786494
2466899.9999929802,-29156.977752498839,-30462.071987101896,53.572776480099833,2.2212156203453106,-2.1256955489648877,-0.0030590889652539195
2467799.9999933993,-27096.560091315154,-32308.260870227834,50.704810355724575,2.3558474464460781,-1.9754736642623048,-0.0033119207849574952
2468699.9999931897,-24919.494546429476,-34015.372306507299,47.615528642358193,2.4803400657665335,-1.8167454126895266,-0.0035507226844520524
2469599.9999929802,-22635.151065336824,-35576.055242938266,44.318031569058789,2.5941572448199985,-1.6501937216776303,-0.0037744532545266446
2470499.9999930849,-20253.361718686378,-36983.588664496863,40.826327954494126,2.6968086483489353,-1.4765352494924344,-0.0039821355470619629
2471399.9999925611,-17784.37842632892,-38231.910576734779,37.155275272463058,2.7878519588872108,-1.2965173089394328,-0.0041728613040444848
2472299.9999926658,-15238.828853857634,-39315.644165160847,33.320516022341316,2.8668947913852563,-1.1109146565492418,-0.0043457948925716
2473199.9999927706,-12627.670702144689,-40230.120999489758,29.338410727630233,2.933596393078072,-0.92052616333233306,-0.0045001769262441879
2474099.9999928754,-9962.1445508545366,-40971.401200453649,25.225967798732817,2.9876691223739811,-0.72617137874219695,-0.0046353275601714993
2474999.9999926658,-7253.7254810952845,-41536.290468861494,21.000770594981081,3.028879699214563,-0.52868700420460213,-0.0047506494434688077
2475899.9999930849,-4514.0736690243129,-41922.353907425488,16.680901974758488,3.0570502215980553,-0.32892329018012845,-0.0048456303172760857
2476799.9999928754,-1754.9841884073624,-42127.926568976116,12.284866697747182,3.072058943184659,-0.12774037413602435,-0.0049198452458021026
2477699.9999926658,1011.6638008353555,-42152.120690682066,7.8315119515308265,3.0738408088055373,0.07399542760103936,-0.0049729584720153317
2478599.9999924563,3773.9582171582333,-41994.829574649717,3.3399464102569287,3.06238774476649,0.27541535498283826,-0.0050047248881503904
2479499.9999922467,6520.0053787542383,-41656.728101426903,-1.1705418646440218,3.0377487027654464,0.47565195192105142,-0.0050149911154345672
2480399.9999920372,9237.9812560648443,-41139.26987075834,-5.6805683221717578,3.000029456840176,0.67384280988621215,-0.005003696187834793
2481299.9999924563,11916.182427590635,-40444.680981214791,-10.170735250497135,2.9493921540543249,0.86913429061411029,-0.0049708718366384417
2482199.9999928754,14543.076518729355,-39575.950475862606,-14.621715177523143,2.8860546207998636,1.0606852116410608,-0.0049166423746829181
2483099.9999926658,17107.351911784019,-38536.817492789567,-19.014333994576663,2.8102894274829304,1.2476704789891626,-0.004841224180621352
2483999.9999930849,19597.966511165174,-37331.755173398502,-23.329653444239561,2.7224227154291878,1.4292846510155426,-0.0047449247852524145
2484899.9999931897,22004.19533199503,-35965.951407445325,-27.549052581178003,2.6228327917874688,1.6047454162868418,-0.0046281415647861429
2485799.9999929802,24315.676737734146,-34445.286485007397,-31.654307909419167,2.5119484976107431,1.7732969725347913,-0.0044913600460043026
2486699.9999924563,26522.457105389389,-32776.307758969204,-35.627671815192087,2.3902473567680333,1.9342132903322808,-0.0043351518314193463
2487599.9999925611,28615.033724691311,-30966.201430486595,-39.451948956963442,2.2582535140238926,2.086801247180643,-0.0041601721541657897
2488499.9999929802,30584.395752398083,-29022.761576107019,-43.110570296444841,2.1165354711065985,2.2304036188040435,-0.0039671570734340529
2489399.9999933993,32422.063042270798,-26954.356551957728,-46.587664449091406,1.9657036308320583,2.3644019144354909,-0.0037569203232851994
2490299.9999931897,34120.122684050075,-24769.892919123111,-49.868126050975597,1.8064076600047416,2.4882190438487681,-0.003530349829006945
2491199.9999936088,35671.263093226495,-22478.7770455424,-52.937680849712592,1.639333682646378,2.601321804548002,-0.0032884039066985193
2492099.9999933993,37068.805492570515,-20090.874570207168,-55.782947218187786,1.4652013173278893,2.7032231775083218,-0.0030321071653889027
2492999.999993504,38306.732677649401,-17616.467866161915,-58.391493884700864,1.2847605687833195,2.7934844236408614,-0.0027625461261413611
2493899.9999929802,39379.714909433009,-15066.211736825804,-60.751893569617188,1.0987885911207664,2.8717169696141864,-0.0024808645832699833
2494799.9999927706,40283.132853318471,-12451.087487358142,-62.853772364552434,0.90808633315992782,2.9375840772604422,-0.0021882587232244523
2495699.9999925611,41013.097443115817,-9782.3556137291616,-64.6878545993671,0.71347508376120983,2.9908022878545375,-0.0018859720278339097
2496599.9999920372,41566.466600333901,-7071.5072853348483,-66.246003042333214,0.51579293010701921,3.0311426363601099,-0.0015752899815978379
2497499.999992142,41940.858732260291,-4330.2148387407478,-67.521254257452554,0.31589114490387804,3.0584316302592662,-0.0012575346074269638
2498399.9999922467,42134.662950860387,-1570.2815081112469,-68.507848970821627,0.11463051901531782,3.072551988949451,-0.00093405885640480914
2499299.9999926658,42147.045973937944,1196.4094119261574,-69.201257336461936,-0.087122346180274382,3.073443141113843,-0.00060624087381489205
2500199.9999930849,41977.955676865764,3957.9457339961828,-69.598198992795844,-0.28849876944854969,3.0611014779715582,-0.00027547816849714078
2501099.9999931897,41628.121282023494,6702.4376701607598,-69.696657838568896,-0.4886317284100738,3.0355803616776038,5.6818290940422074e-05
2501999.9999932945,41099.050185941349,9418.069016222129,-69.495891470898826,-0.68665958946435768,2.9969898890634021,0.00038923002644866147
2502899.9999937136,40393.021439413722,12093.148014912986,-68.996435256766304,-0.88172981351805391,2.9454964119971532,0.00072033702308909448
2503799.999993504,39513.07591031777,14716.157676260775,-68.200101029665163,-1.0730026215198483,2.8813218166675068,0.0010487236985707916
2504699.9999932945,38463.003167710114,17275.805352317566,-67.109970420729482,-1.2596546052064088,2.8047425647018982,0.0013729848470027894
2505599.9999937136,37247.325151029778,19761.071330194987,-65.730382865009474,-1.4408822660544709,2.7160885008318472,0.0016917315300860269
2506499.9999941327,35871.276692108331,22161.256251687555,-64.066918338624106,-1.6159054686746361,2.6157414320569488,0.0020035968946083105
2507399.9999945518,34340.782968808373,24466.027161534606,-62.126374896646126,-1.783970794425761,2.504133484026168,0.0023072418946178562
2508299.9999943422,32662.433994541101,26665.461971417317,-59.916741116573526,-1.9443547799269756,2.3817452421667613,0.0026013608948397557
2509199.9999938183,30843.456247721602,28750.092160327367,-57.447163556821408,-2.0963670275698361,2.2491036850372064,0.0028846871363184326
2510099.9999936088,28891.681565385381,30710.943523144553,-54.727909366798244,-2.239353174462793,2.1067799188158221,0.0031559980442115816
2510999.9999940279,26815.513433034779,32539.574794471093,-51.77032419766271,-2.3726977073133089,1.9553867223800245,0.0034141203596096538
2511899.999993504,24623.890821206107,34228.113977125991,-48.586785589334546,-2.4958266108828693,1.7955759137535046,0.0036579350773508403
2512799.9999939231,22326.249698903852,35769.292238504269,-45.190651979762642,-2.608209840068743,1.6280355472030494,0.0038863821762417229
2513699.9999943422,19932.482430884913,37156.475193880673,-41.596207593281072,-2.7093636024002405,1.4534869558672738,0.0040984651211704096
2514599.999994447,17452.895191556618,38383.691475948195,-37.818603358519439,-2.7988524435377262,1.2726816493952577,0.0042932551272012722
2515499.9999948661,14898.1635979285,39445.658448848233,-33.87379410674923,-2.876291125324018,1.0863980811715679,0.0044698951688570861
2516399.9999946565,12279.286755284969,40337.804956399275,-29.778472291736971,-2.9413462881890897,0.89543829909160888,0.0046276037208069975
2517299.999994447,9607.5398946226142,41056.29101327328,-25.549998450391939,-2.9937378910623003,0.70062449282041783,0.0047656782175780274
2518199.9999948661,6894.4258280725562,41598.024343718811,-21.20632869889879,-3.033240421616715,0.5027954539504319,0.0048834982170918861
2519099.9999946565,4151.6254221310655,41960.673701851789,-16.765939522930836,-3.0596838717988075,0.30280296359614245,0.0049805282552587374
2519999.999994447,1390.9472825586286,42142.678916416284,-12.247750114317567,-3.0729544742388271,0.10150812157878651,0.0050563203783042261
2520899.9999948661,-1375.7230969012571,42143.257608710446,-7.6710426073512012,-3.0729951955658557,-0.10022236434522312,0.0051105163372600401
2521799.9999946565,-4136.4745202013919,41962.408560135198,-3.0553804964817335,-3.0598059846939365,-0.30151991438319697,0.0051428494315877479
2522699.9999947613,-6879.4214023493469,41600.911711443347,1.5794744671301657,-3.0334437745848182,-0.50151782250017618,0.0051531459878488145
2523599.9999945518,-9592.7549538148614,41060.324794162727,6.2136465077744374,-2.9940222373733927,-0.69935499320030081,0.0051413264591554046
2524499.9999946565,-12264.79405239822,40342.9766060986,10.827230902753097,-2.9417112936228063,-0.89417965568620106,0.0051074061328521278
2525399.9999947613,-14884.035546308811,39451.956964314282,15.400379486515059,-2.8767363780968882,-1.0851530364719242,0.0050514954343475566
2526299.9999948661,-17439.203800642739,38391.10337418985,19.913386264323961,-2.7993774648731105,-1.271452976509365,0.0049737998167322869
2527199.9999946565,-19919.299254852496,37164.984475396785,24.346772728520879,-2.7099678562981229,-1.4522774756425192,0.0048746192278364209
2528099.9999947613,-22313.645787038808,35778.88033574602,28.681372504602994,-2.6088927410804921,-1.6268481492801772,0.0047543471488166664
2528999.9999948661,-24611.936676493369,34238.759680771138,32.898414933377211,-2.4965875280977556,-1.7944135818848284,0.0046134692013860418
2529899.9999949709,-26804.278970184347,32551.254156518164,36.979607208373977,-2.3735359632381297,-1.9542525629528469,0.0044525613236464602
2530799.9999947613,-28881.236062233209,30723.629736203769,40.907214682941785,-2.2402680375922039,-2.1056771914506429,0.0042722875177956948
2531699.9999942374,-30833.868297154353,28763.75539946949,44.664138954172437,-2.0973576966497789,-2.2480358348473914,0.0040733971769959286
2532599.9999940279,-32653.771428233129,26680.069216058084,48.23399336041372,-1.9454203603936384,-2.3807159304405174,0.0038567220013097469
2533499.9999938183,-34333.112757998169,24481.541989662881,51.601175513353702,-1.7851102659254949,-2.503146616402053,0.0036231725171986247
2534399.9999939231,-35864.664818221761,22177.638606786975,54.750936538523433,-1.6171176434507128,-2.6148011822483825,0.003373734215992903
2535299.9999940279,-37241.836432697288,19778.277272500258,57.669446665566177,-1.4421657391262837,-2.715199327450454,0.003109463332377447
2536199.999994447,-38458.701041071858,17293.786795720385,60.343856874852676,-1.2610076968387052,-2.8039092194981508,0.0028314822834611003
2537099.9999942374,-39510.022151947829,14734.86212779774,62.762356282463983,-1.0744233139377888,-2.880549342034314,0.0025409747946820464
2537999.9999943422,-40391.275832834297,12112.518316152535,64.914225025715467,-0.88321568283995611,-2.9447901265706968,0.0022391807350727513
2538899.9999938183,-41098.670122883945,9438.0431124980896,66.78988235920572,-0.68820773603462204,-2.9963553597376142,0.0019273906937675553
2539799.9999936088,-41629.161305197507,6722.948395446283,68.380929781259539,-0.4902387061592155,-3.0350233617331677,0.0016069403210299945
2540699.9999937136,-41980.466956323238,3978.9206537782211,69.680188960658171,-0.29016051906058649,-3.060627930239133,0.0012792044671001833
2541599.9999938183,-42151.075726758594,1217.7707228418535,70.681734312237325,-0.08883413378410962,-3.0730590466957732,0.00094559114604368969
2542499.9999939231,-42140.25380979773,-1548.6170155856173,71.380920075308538,0.11287415531318715,-3.0722633420644581,0.0006075353536155962
2543399.9999933993,-41948.048070704121,-4308.3357278447238,71.774401768815821,0.31409643685450883,-3.0582443202445075,0.00026649277183636284
2544299.999993504,-41575.285824865547,-7049.5073362701405,71.860151944223304,0.51396690815689383,-3.0310623384900586,-7.606661467679125e-05
2545199.9999929802,-41023.571268561223,-9760.3335715301855,71.637470162361751,0.71162558901127515,-2.9908343452224404,-0.0004186649551026547
2546099.9999930849,-40295.278573855467,-12429.146710022624,71.10698716452309,0.90622201217537435,-2.9377333761619244,-0.00075982299975514006
2546999.9999928754,-39393.541683660391,-15044.459725630199,70.270663222416118,1.0969188711227462,-2.8719878114423638,-0.0010980665629899769
2547899.9999932945,-38322.240843577121,-17595.015684246569,69.131780679901112,1.2828956128200815,-2.7938803963636216,-0.0014319329588432207
2548799.9999937136,-37085.985935864039,-20069.83613827276,67.69493073049,1.4633519581059606,-2.7037470304827749,-0.0017599773776593418
2549699.9999938183,-35690.096678853988,-22458.268339138911,65.965994487963911,1.6375113366661944,-2.601975329550168,-0.0020807791797667831
2550599.9999942374,-34140.579779999287,-24750.031052101454,63.952118441158682,1.8046242211125618,-2.4890029665651632,-0.0023929480778711191
2551499.9999940279,-32444.103142092947,-26935.258776846153,61.661684408596905,1.9639713460468682,-2.365315799016503,-0.0026951301821499349
2552399.999994447,-30607.967221367973,-29004.544199530486,59.104274113239626,2.1148667995669901,-2.2314457892778834,-0.0029860138848876094
2553299.9999945518,-28640.07367736279,-30948.978669303273,56.290628558687736,2.256660972252527,-2.0879687281062891,-0.0032643355567334
2554199.9999946565,-26548.89142617062,-32760.190553584962,53.232602356509837,2.3887433530877544,-1.935501769111434,-0.0035288850347724725
2555099.999994447,-24343.420256661619,-34430.381286811011,49.943113224902774,2.5105451588449559,-1.7747007855522938,-0.0037785108767660501
2555999.9999948661,-22033.152157388384,-35952.358966007807,46.436086868889475,2.6215417862214379,-1.6062575599492377,-0.0040121253608545859
2556899.9999952852,-19628.030526143888,-37319.569342819872,42.726397492138908,2.7212550757012441,-1.4308968187760445,-0.004228709209000342
2557799.9999957043,-17138.407419691615,-38526.124088267592,38.829804172931262,2.809255378009945,-1.2493731234579373,-0.00442731601592694
2558699.9999961234,-14574.999044362397,-39566.826194515736,34.762883406532588,2.8851634131122674,-1.0624676320727364,-0.0046070763628719277
2559599.9999965425,-11948.839668231327,-40437.192410241943,30.542958090879214,2.9486519140197633,-0.87098474472574405,-0.0047672015997404149
2560499.9999969616,-9271.2341527659701,-41133.472610258788,26.188023262535722,2.9994470479389661,-0.67574864685777336,-0.00490698727930205
2561399.9999973807,-6553.709307394719,-41652.666013753733,21.716668902896231,3.0373296082643058,-0.4775997651925451,-0.0050258162285529706
2562299.9999974854,-3807.9642781878006,-41992.534178811104,17.148000151251011,3.0621359718712724,-0.27739115163964945,-0.0051231612437583557
2563199.9999979045,-1045.8201800128079,-42151.610716113195,12.501555262318426,3.0737588172657468,-0.075984810383687221,-0.0051985873975295294
2564099.999997695,1720.8308037534612,-42129.207677174403,7.797221674205904,3.0721476000519483,0.12575201548758522,-0.0052517539474673438
2564999.9999977998,4480.0766491216391,-41925.418588278553,3.0551505244223836,3.0573087833414601,0.32695058281819633,-0.0052824158381977546
2565899.9999975902,7220.0368016274633,-41541.118114781821,-1.7043299758638102,3.0293058217244697,0.52674439468204248,-0.0052904247894434092
2566799.9999973807,9928.9133760610021,-40977.958355055998,-6.4608019845564622,2.9882588985131253,0.72427293994500241,-0.0052757299656338774
2567699.9999977998,12595.041997286406,-40238.361779692954,-11.193845864132879,2.9343444171886488,0.91868540778088326,-0.0052383782234532664
2568599.9999982188,15206.942077712831,-39325.510844580247,-15.8831280568055,2.8677942489676145,1.1091443620112136,-0.0051785139362432279
2569499.9999983236,17753.366311189904,-38243.334320445836,-20.50848861540927,2.7888947394642938,1.2948293589619531,-0.0050963783956273385
2570399.9999987427,20223.349166521319,-36996.490396796813,-25.050028007476744,2.6979854785889739,1.4749404927614878,-0.0049923087927386213
2571299.9999988475,22606.254159761211,-35590.346638586831,-29.488192797273665,2.5954578393583945,1.6487018517006855,-0.0048667367839378079
2572199.9999992666,24891.819724280253,-34030.956870068629,-33.803859879094901,2.4817532910605045,1.8153648721783913,-0.0047201866463119331
2573099.9999996857,27070.203450735287,-32325.035099758305,-37.978418844383796,2.3573614951421065,1.9742115733466425,-0.0045532730322538585
2573999.9999997905,29132.024526831643,-30479.926587825852,-41.993852166640181,2.2228181913146092,2.1245576597972295,-0.004366698332120624
2574899.9999992666,31068.404180444311,-28503.576188061877,-45.832812834611111,2.0787028836640484,2.2657554777354947,-0.004161249657334852
2575799.9999987427,32871.003957585956,-26404.494096006434,-49.478699111656816,1.9256363365482791,2.3971968121542973,-0.0039377954568755617
2576699.9999982188,34532.061657858801,-24191.719164055325,-52.915726075847502,1.7642778922270477,2.5183155119127285,-0.0036972817836253167
2577599.9999980093,36044.424786838827,-21874.779927921092,-56.12899366229562,1.5953226209964282,2.6285899323506361,-0.0034407282258270013
2578499.9999984284,37401.581370060747,-19463.653524357196,-59.104550894105614,1.4194983172063804,2.7275451840379814,-0.0031692235230700891
2579399.9999985332,38597.687997467423,-16968.722679645613,-61.829456029431014,1.237562354518311,2.8147551780703743,-0.0028839208867247829
2580299.9999986379,39627.594985275296,-14400.730940239857,-64.291832385022516,1.0502984131672759,2.8898444596895008,-0.0025860330441451291
2581199.9999987427,40486.868534037756,-11770.736363913698,-66.480919569671684,0.85851309540804266,2.9524898214591104,-0.002276827031650937
2582099.9999982188,41171.809797761583,-9090.0638582047741,-68.387119930988689,0.66303244300448538,3.002421689902552,-0.0019576187581318975
2582999.9999986379,41679.470783124518,-6370.2563626574938,-70.002040023364515,0.46469837130414304,3.0394252798543508,-0.0016297673624010285
2583899.9999984284,42007.667002302587,-3623.0251255721532,-71.318526897575822,0.26436503835914288,3.0633415111392606,-0.0012946693942337609
2584799.9999979045,42154.986840113626,-860.19923048544126,-72.330699102175416,0.06289516055282629,3.074067684932889,-0.00095375283787968814
2585699.999997695,42120.797583824824,1906.3253526022906,-73.033972232728161,-0.13884370511702651,3.071557916278381,-0.00060847101141574332
2586599.9999981141,41905.248098960074,4664.6370019952383,-73.425078948220147,-0.33998289824808686,3.0558233217970838,-0.00026029636528524609
2587499.9999982188,41509.26813942119,7402.8597368505525,-73.502083371716438,-0.53965639509390018,3.0269319619979562,8.9285791788338138e-05
2588399.9999986379,40934.564294937503,10109.204354770935,-73.264389821625983,-0.73700453600949878,2.9850085386568779,0.00043878361307488588
2589299.9999987427,40183.612597718013,12772.01917464603,-72.712745844581661,-0.93117772289035239,2.9302338490979563,0.00078670505024739984
2590199.9999988475,39259.647817771816,15379.840192794552,-71.849239546889649,-1.1213400727451084,2.8628439997393507,0.0011315641818634302
2591099.9999986379,38166.649499136081,17921.440412886204,-70.677291247039179,-1.3066730101116979,2.7831293828961914,0.0014718875036559224
2591999.9999984284,36909.324791648141,20385.878161355584,-69.201639489520744,-1.4863787847940821,2.6914334209703306,0.0018062201569511763
