0,384400,0,0,0,1.0183034106336974,0
1800.0000002095476,384395.62996204261,1832.9391934703267,-1.017899380246322e-19,-0.0048555885296311533,1.0182918340869831,-1.7612644966957535e-22
3599.9999997904524,384382.51994753763,3665.8367108913822,6.8678679309003189e-20,-0.0097110666563924343,1.0182571047100744,4.6759068373595741e-22
5400,384360.67025455844,5498.6508790182825,2.2913673318857857e-19,-0.014566323984843008,1.0181992232925872,-3.5732562158161226e-22
7199.9999995809048,384330.08137991175,7331.3400242283924,-5.5003536733343731e-19,-0.019421250118541327,1.0181181911505996,-4.9661924372222487e-22
8999.9999994761311,384290.75401908299,9163.8624775753797,-1.2608634660380166e-18,-0.024275734673433726,1.0180140101265018,-4.4073316861839439e-22
10799.999999057036,384242.68906627287,10996.17657236678,-3.1743714680370601e-18,-0.029129667271437166,1.0178866825890962,-2.5422350409709125e-21
12599.999998952262,384185.88761431584,12828.240648055069,-7.0076299657194396e-18,-0.03398293755074705,1.0177362114333808,-1.130171073742075e-21
14399.99999916181,384120.35095469438,14660.013049266399,-6.8657794243976163e-18,-0.038835435163264202,1.0175626000805866,1.6807928425439383e-21
16199.999999057036,384046.08057753003,16491.452126554446,-3.0759102828818422e-18,-0.04368704977659188,1.0173658524781539,1.5567691455063141e-21
17999.999999580905,383963.07817146799,18322.516239436136,3.0489423024544074e-18,-0.048537671082077613,1.0171459730994239,4.7484489741701852e-21
19799.999999476131,383871.34562377696,20153.163754040499,1.0387112233938981e-17,-0.053387188788584942,1.0169029669439096,4.2517217978650315e-21
21600,383770.88502012461,21983.353048037428,2.3120839303890941e-17,-0.05823549263554996,1.0166368395366958,1.031499249897741e-20
23399.999999895226,383661.6986447341,23813.042507518487,4.1723153821083685e-17,-0.063082472384718286,1.0163475969288527,9.7686404137723484e-21
25200.000000104774,383543.78898011672,25642.190531846962,6.2228392298953124e-17,-0.067928017832993515,1.016035245696735,1.037261313199931e-20
27000,383417.15870721941,27470.755531148963,7.9203837148838861e-17,-0.072772018805790456,1.0156997929423628,9.8190348996076731e-21
28799.999999580905,383281.81070522626,29298.695929521717,1.0087938247642183e-16,-0.077614365165534549,1.0153412462929048,1.3892321049176489e-20
30599.999999476131,383137.7480514929,31125.970165788953,1.2605774668107936e-16,-0.082454946813662999,1.0149596139004984,1.5971253475375497e-20
32399.999999685679,382984.97402156348,32952.536693271613,1.5191403830037396e-16,-0.087293653690016834,1.0145549044422975,1.1641482287909261e-20
34199.999999266583,382823.49208911374,34778.353980729211,1.704476993995522e-16,-0.092130375775335088,1.0141271271203194,1.115035231277507e-20
35999.999998847488,382653.30592570442,36603.380515199533,1.8799127135963457e-16,-0.096965003098777425,1.0136762916607951,1.104737689375905e-20
37799.999998742715,382474.41940081288,38427.574801510345,2.1208582156377699e-16,-0.10179742573663042,1.0132024083142499,1.5304585178576505e-20
39599.999998952262,382286.83658176503,40250.895363086674,2.4474077016539072e-16,-0.10662753381444576,1.0127054878553239,2.1515643862425526e-20
41399.99999916181,382090.5617336657,42073.30074273346,2.812995302797881e-16,-0.11145521750911455,1.0121855415825884,2.2850064906653924e-20
43199.999998742715,381885.59931924421,43894.749504205633,3.2756888074287522e-16,-0.11628036705302543,1.0116425813181376,2.4983554158227539e-20
44999.999998952262,381671.95399859612,45715.200234412128,3.6690103518557881e-16,-0.12110287273990383,1.0110766194069001,2.3033539399561025e-20
46799.999998533167,381449.63062950759,47534.611540643542,4.1222553348157929e-16,-0.12592262491746792,1.0104876687175033,2.8243775830008127e-20
48599.999998428393,381218.63426681014,49352.942056064727,4.6321181875393341e-16,-0.13073951400197792,1.0098757426405629,3.1855091368127835e-20
50399.999998323619,380978.97016270208,51170.150437016717,5.1504882639250434e-16,-0.13555343047109034,1.0092408550895313,2.9204005521682219e-20
52199.999997904524,380730.64376644447,52986.195365512554,5.6549055127673365e-16,-0.14036426487046838,1.0085830204998967,3.1021038453550006e-20
53999.999998428393,380473.66072403698,54801.035551552464,6.3545531529917385e-16,-0.14517190781991504,1.0079022538283182,4.3141547981120601e-20
55799.999998637941,380208.02687864454,56614.629730078515,7.0315388155348168e-16,-0.14997625000530618,1.0071985705537636,3.1161889429522605e-20
57599.999998218846,379933.74827002001,58426.936665187335,7.5969145072502506e-16,-0.15477718218975042,1.0064719866759753,3.200005296488401e-20
59399.999998428393,379650.83113425755,60237.91515163624,8.0305533532285496e-16,-0.1595745952175783,1.0057225187148189,1.5107479733836571e-20
61199.999998323619,379359.2819041335,62047.524012622038,8.3180644702271455e-16,-0.16436838000845946,1.0049501837111854,2.0590055826090381e-20
62999.999998218846,379059.10720858781,63855.722103180749,8.7800293217223819e-16,-0.169158427566407,1.0041549992256136,2.5475350579880061e-20
64799.999998428393,378750.31387256924,65662.46831104673,9.2614472823821706e-16,-0.17394462898205479,1.0033369833378878,3.3351510267300705e-20
66599.999998637941,378432.90891716199,67467.721555923592,9.7801839883920908e-16,-0.17872687543072563,1.0024961546473676,2.2293928847262313e-20
68399.99999916181,378106.89955912763,69271.44079218246,1.0203669198170214e-15,-0.18350505817957879,1.0016325322717781,2.3896002821682834e-20
70199.999998742715,377772.29321109498,71073.585007830145,1.0527546808201382e-15,-0.18827906858487684,1.000746135847707,1.4168261970403648e-20
71999.999998952262,377429.09748073964,72874.11322896395,1.070854034728078e-15,-0.19304879810378739,0.99983698552843903,1.2852622762783699e-21
73799.999998533167,377077.32017152593,74672.984515805656,1.0711114847000827e-15,-0.19781413828387553,0.99890510198591598,5.5811662854788557e-21
75599.999998742715,376716.96928153204,76470.157968864471,1.0813341375774066e-15,-0.20257498077943109,0.99795050640762506,2.0520491488357707e-21
77399.999998323619,376348.05300428456,78265.59272466664,1.0869371586736515e-15,-0.20733121734015583,0.99697322049881243,5.1801657016510172e-21
79199.999998533167,375970.57972760283,80059.247961542904,1.1166053546722004e-15,-0.21208273982649395,0.99597326647941697,2.3608090041938964e-20
80999.999998114072,375584.55803422595,81851.082896539214,1.159465817857383e-15,-0.21682944020144967,0.99495066708573576,2.2611971064317216e-20
82799.999998323619,375189.99670093332,83641.056789609444,1.1941122937870794e-15,-0.22157121054169315,0.99390544556809357,2.0954059437990836e-20
84599.999998533167,374786.90469887684,85429.128942050127,1.2452354433420731e-15,-0.22630794303341431,0.99283762569171907,2.9249152223314782e-20
86399.999998742715,374375.29119318456,87215.258698342484,1.2970034998302996e-15,-0.23103952997720226,0.99174723173570145,3.3357944724176812e-20
88199.999998323619,373955.16554282932,88999.405446771634,1.3547006194132652e-15,-0.23576586378968634,0.99063428849263557,2.1499431524474143e-20
89999.999998218846,373526.537300008,90781.528622055994,1.3940150439018767e-15,-0.24048683701050041,0.98949882126698485,1.8073685844265368e-20
91799.999998428393,373089.41621037625,92561.587704323436,1.4365547934912558e-15,-0.24520234229957122,0.98834085587569287,3.6250898202819545e-20
93599.999998637941,372643.81221273227,94339.542220451345,1.5101900711791615e-15,-0.24991227244066896,0.98716041864735626,3.6390927825609486e-20
95399.999998533167,372189.73543887399,96115.351744694141,1.5700875036903735e-15,-0.25461652034306903,0.98595753642184125,3.7570895852476324e-20
97199.999998114072,371727.19621310831,97888.975900630569,1.6193185812602301e-15,-0.25931497904671025,0.98473223654898445,1.5980632267651242e-20
98999.999997694977,371256.2050520872,99660.374361769515,1.6627994979166468e-15,-0.26400754172379953,0.98348454688815812,3.1667227412383251e-20
100799.99999821885,370776.77266451239,101429.50685264856,1.7282909960437448e-15,-0.26869410168172281,0.98221449580748621,4.3447358912350195e-20
102599.99999842839,370288.90995141142,103196.33314784463,1.826981049960668e-15,-0.27337455236042485,0.9809221121845807,5.6255866615914533e-20
104399.99999832362,369792.62800534989,104960.81307492545,1.9379240274837264e-15,-0.27804878734022526,0.97960742540445112,5.9923496163166916e-20
106199.99999821885,369287.9381102476,106722.90651508039,2.068436197313227e-15,-0.28271670034349222,0.97827046535901629,8.7981566790113258e-20
107999.99999779975,368774.85174120899,108482.57340370728,2.2270147181718612e-15,-0.28737818523619602,0.97691126244665882,8.4911655334050449e-20
109799.99999738066,368253.38056411518,110239.77373182522,2.3791401765204519e-15,-0.29203313603165137,0.97552984757114203,7.4825290236414506e-20
111599.9999975902,367723.53643550433,111994.46754646405,2.4967039186602336e-15,-0.29668144689155013,0.974126252141293,5.9783719157197939e-20
113399.99999717111,367185.33140271821,113746.61495023576,2.5959511800034103e-15,-0.3013230121248241,0.97270050807139152,5.0125092110743156e-20
115199.99999706633,366638.77770267811,115496.1761053745,2.6902814977461689e-15,-0.30595772619834966,0.97125264777792841,5.6200248618342334e-20
116999.99999727588,366083.88776230195,117243.11123233149,2.8082165169703169e-15,-0.31058548373322453,0.96978270418070789,6.8615128511483342e-20
118799.99999748543,365520.67419820395,118987.38061078123,2.9144462666412059e-15,-0.31520617950743168,0.96829071070205475,5.9962605049112466e-20
120599.99999769498,364949.14981603262,120728.94458169557,3.0450385658172652e-15,-0.31981970846133662,0.9667767012650581,7.8042375636179011e-20
122399.9999975902,364369.3276106774,122467.76354671322,3.1967750349084925e-15,-0.32442596569601473,0.96524071029411951,9.3428667924602165e-20
124199.99999811407,363781.2207652455,124203.79797123256,3.379457544078283e-15,-0.32902484648144659,0.96368277271224545,9.344430022401157e-20
125999.9999980093,363184.84265183605,125937.00838211628,3.552491653401608e-15,-0.33361624625043546,0.9621029239430926,1.0392337614854e-19
127799.99999790452,362580.20683008857,127667.35537198211,3.7425019270979717e-15,-0.33820006060997521,0.96050119990712857,1.1070880294485988e-19
129599.99999748543,361967.32704757521,129394.79959802968,3.9509570308303119e-15,-0.34277618533813986,0.95887763702266482,1.168006412460158e-19
131399.99999706633,361346.21723927488,131119.30178355431,4.1723816126085191e-15,-0.34734451638809771,0.95723227220447016,1.2716205554800727e-19
133199.99999727588,360716.89152711077,132840.82271923291,4.4082504831539145e-15,-0.35190494989151511,0.95556514286254168,1.3097842123291925e-19
134999.99999748543,360079.36422025959,134559.32326229382,4.6388209213673434e-15,-0.35645738215635775,0.95387628690292281,1.216320052219742e-19
136799.9999980093,359433.64981399896,136274.76433967528,4.8408558642102101e-15,-0.36100170967525813,0.95216574272465293,9.7540936741822019e-20
138599.99999790452,358779.76299013302,137987.10694687651,5.0022322014486875e-15,-0.36553782912247185,0.95043354922089374,7.2307134878498341e-20
140399.99999779975,358117.71861594362,139696.31215074964,5.1337450905362143e-15,-0.37006563736127335,0.94867974577614966,7.1012154460966104e-20
142199.9999980093,357447.53174415993,141402.34108954284,5.268219188013778e-15,-0.37458503144406957,0.94690437226619084,7.2083621012155e-20
143999.9999975902,356769.21761298343,143105.15497286539,5.4117957470004283e-15,-0.37909590861231002,0.94510746905811516,8.6804314130683217e-20
145799.99999748543,356082.79164499132,144804.71508447226,5.5748301786012769e-15,-0.38359816630386062,0.94328907700744513,9.6696823022338521e-20
147599.99999706633,355388.26944758964,146500.98278112253,5.7657429087197466e-15,-0.38809170214997973,0.94144923745932951,1.0659407401567755e-19
149399.99999696156,354685.66681183741,148193.91949549183,5.9519045542586383e-15,-0.39257641398303428,0.93958799224542533,1.1484521265210844e-19
151199.99999685679,353974.99971292977,149883.48673498663,6.1719541669481619e-15,-0.39705219983335954,0.93770538368518064,1.4008767134742597e-19
152999.99999675201,353256.28430922102,151569.64608411634,6.4079421941825052e-15,-0.4015189579355421,0.93580145458324637,1.2049973201916972e-19
154799.99999696156,352529.53694187879,153252.3592052875,6.6485125933376586e-15,-0.40597658673052267,0.93387624822855753,1.4490070653515374e-19
156599.99999717111,351794.77413522033,154931.58783804011,6.9152719810469562e-15,-0.41042498486357437,0.93192980839522666,1.6040854408903075e-19
158399.99999675201,351052.01259553828,156607.29380178577,7.1935839697641611e-15,-0.41486405119155673,0.9299621793394296,1.5115432181145817e-19
160199.99999633292,350301.26921079954,158279.43899646102,7.4966649567447281e-15,-0.41929368478464474,0.92797340579861343,1.8665753766663896e-19
161999.99999685679,349542.5610503084,159947.98540326106,7.8298169702361183e-15,-0.42371378492827377,0.92596353299060252,1.8939562904655999e-19
163799.99999675201,348775.90536524594,161612.89508348977,8.1656071990582045e-15,-0.42812425112009261,0.92393260661502163,1.7678339044579467e-19
165599.99999696156,348001.31958667969,163274.1301829287,8.5035765603578729e-15,-0.43252498308153869,0.92188067284803077,2.0452256596822539e-19
167399.99999622814,347218.82132684457,164931.65292905975,8.8627412034864085e-15,-0.43691588075047783,0.91980777834571525,2.0145316820476661e-19
169199.99999643769,346428.42837666272,166585.42563636179,9.2131008295081228e-15,-0.44129684429523852,0.91771397023751422,1.9454433853177768e-19
170999.99999633292,345630.15870760276,168235.41070236007,9.5850994063352303e-15,-0.44566777410414443,0.91559929613114721,2.1268943703885783e-19
172799.99999591382,344824.03046990593,169881.57061138301,9.9763377180297492e-15,-0.45002857079546726,0.91346380410791927,2.1774466035091057e-19
174599.99999612337,344010.06199216982,171523.86793538483,1.036256957022798e-14,-0.45437913521960627,0.9113075427216103,1.8542899491361641e-19
176399.9999960186,343188.27178188087,173162.26533287548,1.0715569637826423e-14,-0.45871936845625239,0.90913056099989098,2.2364054872196453e-19
178199.9999955995,342358.67852399236,174796.7255518052,1.1115448655850543e-14,-0.46304917182203065,0.90693290844055363,2.1282383099993882e-19
179999.99999518041,341521.30108073098,176427.21142991696,1.1488112609526741e-14,-0.46736844687143336,0.90471463501100424,2.00741006130324e-19
181799.99999476131,340676.15849156422,178053.68589482043,1.1837929124333191e-14,-0.47167709539701691,0.90247579114816789,1.9121532054775481e-19
183599.99999434222,339823.26997234306,179676.1119656658,1.2215844703959311e-14,-0.47597501943383363,0.90021642775622446,2.2649609375309289e-19
185399.99999392312,338962.65491520503,181294.45275332546,1.2606366986845076e-14,-0.48026212125991652,0.89793659620635069,2.0112141608081547e-19
187199.99999413267,338094.33288772055,182908.67146202223,1.296348029781549e-14,-0.48453830340058907,0.8956363483344536,1.797679276816649e-19
188999.99999402789,337218.32363315695,184518.73138883544,1.326715225963648e-14,-0.48880346862715968,0.89331573644187912,1.7802295708542076e-19
190799.99999423744,336334.64706895081,186124.5959265386,1.3596731303941547e-14,-0.49305751996443664,0.89097481329135797,1.7601825880504425e-19
192599.99999413267,335443.32328753185,187726.22856208755,1.3893102028192609e-14,-0.49730036068672356,0.88861363210919042,1.3301357718610212e-19
194399.99999465654,334544.37255452829,189323.59287987789,1.4154991090978906e-14,-0.50153189432645007,0.88623224658049171,1.5165539100847711e-19
196199.99999518041,333637.81530954759,190916.6525603398,1.4411185501096857e-14,-0.505752024670448,0.88383071085126041,1.4162696217897832e-19
197999.99999476131,332723.67216526705,192505.37138158482,1.4659442840312755e-14,-0.50996065576431537,0.88140907952597125,1.2766126958975238e-19
199799.99999497086,331801.96390584757,194089.71322215415,1.4917907214913891e-14,-0.51415769191969307,0.87896740766336823,1.4096344179195467e-19
201599.99999549473,330872.71148822585,195669.64205875772,1.5163000633128663e-14,-0.51834303770827939,0.87650575077989501,1.390817724196493e-19
203399.99999507563,329935.9360413457,197245.12196765793,1.5390119901570059e-14,-0.52251659796549543,0.87402416484765177,1.3249807271682676e-19
205199.99999497086,328991.65886397986,198816.11712833616,1.5611986751441908e-14,-0.52667827780019549,0.87152270628862949,1.1172621483852804e-19
206999.99999455176,328039.90142657346,200382.59182038764,1.5783789481161651e-14,-0.53082798258644326,0.86900143197959046,6.2732887694209559e-20
208799.99999413267,327080.6853688116,201944.51042758196,1.5876653996124245e-14,-0.53496561797426756,0.86646039924562535,4.3176367553499581e-20
210599.99999402789,326114.03250025504,203501.83743678854,1.594156369824012e-14,-0.53909108988681453,0.8638996658618403,2.4065752422546906e-20
212399.99999455176,325139.96479944844,205054.53743944212,1.6021788834563812e-14,-0.54320430452423496,0.8613192900509884,7.8533074894344926e-20
214199.99999476131,324158.50441413332,206602.57513121766,1.6170361199661266e-14,-0.54730516836281695,0.85871933048404114,7.2590907848635123e-20
215999.99999434222,323169.67365984758,208145.91531427656,1.6320987730636343e-14,-0.55139358816093986,0.85609984627647262,7.9561002554654665e-20
217799.99999392312,322173.49501930387,209684.52289821833,1.6464445866084908e-14,-0.55546947096159383,0.85346089698661598,6.9360409203561363e-20
219599.99999381835,321169.99114244635,211218.36289998234,1.6592004209801607e-14,-0.5595327240921194,0.85080254261581112,7.5395888356269712e-20
221399.99999402789,320159.1848458118,212747.40044484174,1.6671741597421468e-14,-0.56358325516684316,0.84812484360671636,4.2346110202732336e-21
223199.99999392312,319141.09911227878,214271.60076680317,1.6656958841376947e-14,-0.56762097208813256,0.8454278608426391,-1.2573434944602723e-21
224999.99999381835,318115.75708996132,215790.92921027922,1.6640797535079231e-14,-0.57164578305083036,0.8427116556446077,-6.2935038254020424e-21
226799.99999402789,317083.18209172861,217305.3512307879,1.6622137161809441e-14,-0.57565759654410475,0.83997628977010119,-3.8327402092074323e-20
228599.99999392312,316043.39759562671,218814.83239434878,1.652887852030113e-14,-0.57965632134984946,0.83722182541416079,-6.334765024191425e-20
230399.99999381835,314996.42724282504,220319.33838048737,1.6390460943430455e-14,-0.58364186655064465,0.83444832520395629,-9.2722612915962334e-20
232199.99999339925,313942.29483849322,221818.8349809607,1.6244022248253704e-14,-0.5876141415263797,0.83165585220110361,-7.2312822623358719e-20
233999.99999329448,312881.02434995136,223313.28810240823,1.6102858544111267e-14,-0.5915730559612763,0.82884446989676863,-9.351328344881874e-20
235799.99999350403,311812.63990723534,224802.66376554099,1.596176835643231e-14,-0.59551851984173998,0.82601424221316166,-8.2998747112681597e-20
237599.99999308493,310737.16580273164,226286.92810569072,1.5830696503825424e-14,-0.5994504434578144,0.8231652335025722,-6.6096753546527122e-20
239399.99999298016,309654.62648885488,227766.04737602687,1.5707363823765408e-14,-0.60336873741170272,0.82029750854121597,-7.1396934138176051e-20
241199.9999931897,308565.04657928611,229239.98794582981,1.5589416102966556e-14,-0.60727331261319684,0.81741113253251474,-6.7708267159721241e-20
242999.99999339925,307468.4508476982,230708.7163022504,1.5485504461260029e-14,-0.61116408028433467,0.81450617110372059,-3.8610688685573892e-20
244799.9999936088,306364.86422743642,232172.19905074511,1.5366610040640201e-14,-0.61504095196055364,0.81158269030506947,-1.0598852146521459e-19
246599.99999350403,305254.31181089819,233630.40291591288,1.518842121612864e-14,-0.61890383949291061,0.80864075660813861,-8.977907176521884e-20
248399.99999339925,304136.81884856184,235083.29474277969,1.5062740441631658e-14,-0.62275265505147914,0.80568043690327062,-8.1053376080204966e-20
250199.9999936088,303012.41074839199,236530.84149755581,1.496683193512988e-14,-0.6265873111273611,0.80270179849800305,-1.6732718682837073e-20
251999.99999381835,301881.11307618342,237973.01026720065,1.494589968586027e-14,-0.63040772053153071,0.79970490911797654,5.4862036370237866e-21
253799.99999371357,300742.95155454619,239409.76826075217,1.498969234884213e-14,-0.63421379639835684,0.79668983690424588,3.9741886514225992e-20
255599.99999423744,299597.95206097647,240841.08281175458,1.5037442117594218e-14,-0.63800545219203453,0.79365665040817124,9.2766937616104149e-21
257399.99999444699,298446.1406300189,242266.92137554166,1.5075534733212252e-14,-0.64178260169938917,0.79060541859714439,1.4679086532781122e-20
259199.99999465654,297287.54345001024,243687.25153332212,1.5093233302621877e-14,-0.64554515904069731,0.78753621084596392,8.899415907755676e-23
260999.99999455176,296122.18686404347,245102.04099096614,1.5059643318853399e-14,-0.64929303866647237,0.78444909693938969,-3.4254654926994457e-20
262799.99999413267,294950.09736882191,246511.25758042213,1.5006441057011922e-14,-0.65302615536121833,0.78134414706910826,-2.4941790096930293e-20
264599.99999434222,293771.30161342683,247914.86926119181,1.4964752579533524e-14,-0.6567444242473377,0.77822143183046111,-1.7508804066167567e-20
266399.99999455176,292585.82640055311,249312.8441188545,1.4918973899585886e-14,-0.66044776078122147,0.77508102222572683,-3.7434069762117025e-20
268199.99999444699,291393.69868453249,250705.15036744761,1.4826330305000018e-14,-0.6641360807595541,0.7719229896588814,-8.3028036193132577e-20
269999.99999465654,290194.94557012618,252091.7563508607,1.4675692066530187e-14,-0.66780930032300967,0.7687474059323981,-7.7160326255727338e-20
271799.99999486608,288989.5943134682,253472.6305417307,1.45289710936183e-14,-0.67146733595332331,0.76555434324974769,-8.9659662051710372e-20
273599.99999476131,287777.67232087365,254847.74154284515,1.4366653080238863e-14,-0.67511010447700603,0.76234387421224203,-8.0937341527226287e-20
275399.99999434222,286559.20714758238,256217.05808857232,1.4215511641160205e-14,-0.67873752306913782,0.75911607181570628,-8.3169127318070775e-20
277199.99999486608,285334.22649715445,257580.54904552345,1.405614178024617e-14,-0.68234950925511972,0.7558710094488742,-7.3533188033293718e-20
278999.99999507563,284102.75822245335,258938.18341146511,1.3917306502533923e-14,-0.68594598090779313,0.75260876089599749,-6.3960008311180035e-20
280799.99999528518,282864.83032339439,260289.93031784554,1.3782976396243971e-14,-0.68952685625413035,0.74932940033087736,-6.7413576835268804e-20
282599.99999486608,281620.47094671184,261635.75903003771,1.3660918608441699e-14,-0.69309205387588113,0.74603300231624869,-7.5097866021744483e-20
284399.99999538995,280369.70838460332,262975.63894879707,1.3562369796053433e-14,-0.69664149271343301,0.74271964180019123,-4.2090747466969388e-20
286199.9999955995,279112.57107616792,264309.53960872057,1.3506453737214072e-14,-0.70017509206173023,0.73938939411993665,-3.5389896285700926e-20
287999.99999549473,277849.08760505001,265637.43068079662,1.3422916656555005e-14,-0.70369277157702548,0.73604233499562677,-2.6268831380110391e-20
289799.99999507563,276579.28669873229,266959.28197312955,1.333895012737905e-14,-0.70719445127880365,0.73267854052844061,-6.661428350355543e-20
291599.9999955995,275303.19722802256,268275.06343146251,1.3282330158106019e-14,-0.71068005155116376,0.72929808719923805,-1.0410818378062461e-20
293399.99999518041,274020.84820835292,269584.74513785727,1.3283101136236805e-14,-0.71414949313932319,0.72590105187199783,-1.6720577612717115e-20
295199.99999538995,272732.26879541716,270888.2973151824,1.3271540955026445e-14,-0.71760269716150626,0.72248751178226189,-3.1508981381435681e-21
296999.99999528518,271437.4882882727,272185.69032393582,1.3248042149063101e-14,-0.72103958510052746,0.71905754454535387,-2.0118174567067018e-20
298799.99999580905,270136.53612540674,273476.89466622786,1.3195753089122718e-14,-0.72446007881434515,0.71561122814595746,-2.573497653874896e-20
300599.99999570427,268829.44188751274,274761.88098300877,1.3106882072261368e-14,-0.72786410052871009,0.71214864094546759,-6.3499973641266915e-20
302399.99999528518,267516.23529355403,276040.62005798396,1.2993276716449184e-14,-0.73125157284754572,0.70866986167157076,-7.965535065985291e-20
304199.99999518041,266196.94620141183,277313.08281694609,1.2901736652284508e-14,-0.73462241875117351,0.70517496941995261,-2.8325530253656967e-21
305999.99999538995,264871.60460785287,278579.24032781733,1.2921787063420997e-14,-0.73797656159642511,0.70166404365422086,5.5346441789898428e-20
307799.99999497086,263540.2406474615,279839.06380169839,1.3076903188633721e-14,-0.74131392511942407,0.69813716420306737,1.361185075584227e-19
309599.99999423744,262202.8845912377,281092.5245941999,1.3292547157708353e-14,-0.74463443343911107,0.69459441125656274,8.7608201499398174e-20
311399.99999413267,260859.56684608059,282339.59420591232,1.3473782123423695e-14,-0.74793801105848823,0.69103586536478279,9.1465668402780476e-20
313199.99999402789,259510.31795506968,283580.24428214919,1.3636167553622783e-14,-0.75122458286393967,0.68746160743855556,8.1695296217846403e-20
314999.99999392312,258155.16859612099,284814.44661420735,1.379642341888301e-14,-0.75449407412857072,0.68387171874589925,9.3601590367553162e-20
316799.99999350403,256794.14958141118,286042.1731398995,1.3955355827323188e-14,-0.7577464105136168,0.68026628091049957,9.2431382691984537e-20
318599.99999339925,255427.29185584202,287263.39594493748,1.4132544720207462e-14,-0.76098151807210779,0.67664537590764129,8.7840436972841523e-20
320399.99999329448,254054.62649798859,288478.08726208156,1.4263028296206647e-14,-0.76419932324661888,0.67300908606671761,4.9201897980672495e-20
322199.99999350403,252676.18471755667,289686.21947341296,1.4321146928139241e-14,-0.76739975287528472,0.66935749406449729,2.8723494732761792e-20
323999.99999339925,251291.9978566629,290887.76510920329,1.4332570559473333e-14,-0.77058273418880729,0.66569068292851541,-1.3123228638812421e-20
325799.99999298016,249902.09738746373,292082.69685000327,1.4319113575902964e-14,-0.77374819481598933,0.66200873603079091,-1.0621828471706526e-20
327599.99999287538,248506.51491140173,293270.98752727156,1.4303964019289267e-14,-0.77689606278539969,0.65831173708583179,-5.8393116494684944e-21
329399.99999277061,247105.28216010082,294452.61012261326,1.429531188623926e-14,-0.78002626652335427,0.65459977015300685,3.7118254605537697e-20
331199.99999266583,245698.4309933325,295627.53776952421,1.4327877636472177e-14,-0.78313873485854102,0.65087291963115412,-4.1630284902493268e-20
332999.99999287538,244285.99339826626,296795.74375401059,1.4267947201800817e-14,-0.78623339702365824,0.64713127025660133,-4.2468886594367663e-21
334799.99999245629,242868.00149009941,297957.20151407609,1.431027893927169e-14,-0.78931018265405484,0.64337490710483003,4.5104773292050759e-20
336599.99999203719,241444.48750910399,299111.88464215939,1.4416083889590572e-14,-0.79236902179419211,0.63960391558265306,6.5798322625179182e-20
338399.99999224674,240015.48382142981,300259.76688445965,1.4568660204258457e-14,-0.79540984489585176,0.63581838143034308,1.0066911098263297e-19
340199.99999182764,238581.02291876683,301400.82214123092,1.4771075046120875e-14,-0.79843258281891749,0.63201839072073729,9.363134037359452e-20
341999.99999203719,237141.13741568115,302535.0244689121,1.495037846726095e-14,-0.80143716683702027,0.62820402985218138,1.4222512750125126e-19
343799.9999916181,235695.86005164275,303662.34807852114,1.5214778821658627e-14,-0.80442352863328159,0.62437538555390015,1.8097742633937262e-19
345599.99999151332,234245.22368699935,304782.76733882364,1.5531083947563767e-14,-0.80739160030870649,0.62053254487533271,1.6857388430288191e-19
347399.99999140855,232789.26130509714,305896.25677466806,1.5816833957379175e-14,-0.81034131437777557,0.61667559519174975,1.3263727756905885e-19
349199.9999916181,231328.00600976491,307002.79106893827,1.6076523044560731e-14,-0.81327260377361665,0.61280462419758852,1.5708875694983847e-19
350999.99999151332,229861.49102622794,308102.34506186401,1.6366456380309885e-14,-0.81618540184617916,0.60891971990887417,1.3853417532497125e-19
352799.99999172287,228389.74969764362,309194.89375363209,1.6592372892732556e-14,-0.81907964236914887,0.60502097065404359,1.1985801016685461e-19
354599.9999916181,226912.81548747426,310280.41230260441,1.6781988166490654e-14,-0.8219552595352293,0.6011084650802303,1.0958829599871857e-19
356399.99999214197,225430.7219760938,311358.87602784275,1.7018291951995808e-14,-0.82481218796282896,0.59718229214427387,1.8400298538775537e-19
358199.99999172287,223943.50286285678,312430.26040759671,1.7330843409811413e-14,-0.82765036269205883,0.59324254111820274,1.3237144261429586e-19
359999.99999224674,222451.191961217,313494.54108284262,1.7565021264502494e-14,-0.83046971919410328,0.58928930157630299,1.3515980823464438e-19
361799.99999245629,220953.82320263871,314551.693854463,1.7826600301104612e-14,-0.83327019336374752,0.5853226634054769,1.8042637547335142e-19
363599.99999266583,219451.43063227861,315601.69468634063,1.8155477757080364e-14,-0.83605172152758034,0.58134271679380933,1.9150940517971589e-19
365399.9999931897,217944.04841000604,316644.51970462571,1.8509506555171242e-14,-0.83881424044204467,0.57734955223326667,1.9759064565911101e-19
367199.99999371357,216431.71080922661,317680.14519856696,1.8846428682088199e-14,-0.8415576872956454,0.57334326051657891,1.9821736931985888e-19
368999.99999392312,214914.45221605193,318708.54762108845,1.92419260875389e-14,-0.84428199971047579,0.56932393273504323,2.5759100753335851e-19
370799.99999413267,213392.30712788293,319729.70358975005,1.9707046461641885e-14,-0.84698711574476004,0.56529166027477162,2.7102032676756602e-19
372599.99999465654,211865.31015349861,320743.58988668123,2.0178058515138826e-14,-0.84967297389267971,0.56124653481692355,2.7515720907395879e-19
374399.99999486608,210333.49601264647,321750.18345887284,2.0620991161657649e-14,-0.85233951308514555,0.55718864833662129,2.0496519421297071e-19
376199.99999413267,208796.89953450818,322749.46141920344,2.1053489432027891e-14,-0.8549866726925186,0.55311809309888849,2.5170412107473954e-19
377999.99999434222,207255.55565527524,323741.40104800364,2.1561614142162894e-14,-0.85761439252875016,0.54903496165222321,3.0977316285180665e-19
379799.99999423744,205709.49942107641,324725.97979115573,2.2079475625337618e-14,-0.86022261284635071,0.54493934683635614,2.7944247768505062e-19
381599.99999413267,204158.76598439954,325703.17526241636,2.2525324435027903e-14,-0.86281127434254357,0.54083134177277115,2.0832841551273005e-19
383399.99999402789,202603.39060424708,326672.96524330886,2.2890654601063848e-14,-0.86538031815897476,0.53671103986511681,2.0218116950480312e-19
385199.99999392312,201043.40864488314,327635.32768390886,2.3224216278115136e-14,-0.86792968588380126,0.53257853479588768,1.8553314350446476e-19
386999.99999381835,199478.85557552738,328590.24070303584,2.3624861232766606e-14,-0.87045931955219247,0.528433920525613,2.6027859936165678e-19
388799.99999339925,197909.76696969013,329537.68258867139,2.4053505388382161e-14,-0.87296916164744076,0.52427729129109557,2.3706351939448743e-19
390599.99999329448,196336.17850307559,330477.63179923058,2.4491626562972323e-14,-0.8754591551043297,0.52010874159985632,2.7766057671475627e-19
392399.99999287538,194758.12595479304,331410.06696283288,2.5055504047036158e-14,-0.87792924330720246,0.51592836623334504,3.3560293141632827e-19
394199.99999245629,193175.64520459686,332334.96687895432,2.5743803195613936e-14,-0.8803793700943362,0.51173626023962704,4.2733383145849205e-19
395999.99999203719,191588.77223342631,333252.31051810371,2.6454676080133634e-14,-0.88280947975708735,0.5075325189348131,3.6882235490111602e-19
397799.99999193242,189997.54312149686,334162.07702293526,2.7093870518712208e-14,-0.88521951704283885,0.50331723789800509,3.4606409701136349e-19
399599.99999214197,188401.99404822988,335064.24570828391,2.7720242317899088e-14,-0.88760942715509294,0.49909051297110801,3.5255250063780409e-19
401399.99999235151,186802.16129210879,335958.79606126272,2.8305653881187795e-14,-0.88997915575372732,0.49485244025844921,3.398343631226696e-19
403199.99999224674,185198.08122855198,336845.70774247183,2.8961414924574681e-14,-0.89232864895820141,0.49060311612114338,4.2463940514806407e-19
404999.99999214197,183589.7903292175,337724.96058637527,2.973813951419988e-14,-0.89465785334855041,0.48634263717525161,4.1361662653126427e-19
406799.99999235151,181977.32516156457,338596.53460153751,3.0428019750997481e-14,-0.89696671596601607,0.482071100290619,3.5372838696057597e-19
408599.99999193242,180360.72238868033,339460.40997073107,3.106316753183061e-14,-0.89925518431332974,0.47778860259041672,3.187901953512949e-19
410399.99999214197,178740.01876612564,340316.56705262861,3.1629102633633063e-14,-0.90152320635919425,0.47349524144278393,3.0017303592703278e-19
412199.99999235151,177115.25114421433,341164.98638058268,3.220239657491627e-14,-0.9037707305350523,0.46919111446686912,3.0372506932338294e-19
413999.99999287538,175486.45646495852,342005.64866425219,3.2793251309209777e-14,-0.9059977057393952,0.46487631952473418,3.412907289284273e-19
415799.99999308493,173853.67176278928,342838.53478922794,3.3407857947026337e-14,-0.90820408133677,0.46055095472326757,3.5008378848303978e-19
417599.99999298016,172216.93416192819,343663.62581838871,3.4010991471650169e-14,-0.91038980716137319,0.4562151184072169,3.3133636145067491e-19
419399.99999350403,170576.28087633141,344480.90299191297,3.4674306829636961e-14,-0.91255483351708,0.45186890915904537,4.1175714877752198e-19
421199.99999371357,168931.7492100432,345290.34772711445,3.5412835588561698e-14,-0.91469911117701108,0.44751242579986528,3.5428358454222613e-19
422999.9999936088,167283.37655471743,346091.94161968422,3.6047973798590098e-14,-0.91682259138682076,0.44314576738287337,3.6656619789014007e-19
424799.99999350403,165631.20038888013,346885.66644403903,3.6672196674537964e-14,-0.91892522586561942,0.43876903319139554,3.2398701639635327e-19
426599.99999339925,163975.2582779596,347671.50415330433,3.7253368560406445e-14,-0.92100696680593286,0.43438232273897009,3.3434767976934282e-19
428399.99999329448,162315.58787303392,348449.43687992421,3.7858465956512724e-14,-0.92306776687531256,0.42998573576602672,3.302852521231267e-19
430199.99999381835,160652.22690937904,349219.44693634217,3.8480242102073292e-14,-0.92510757921814124,0.42557937223604181,3.5365436317523578e-19
431999.99999371357,158985.2132079897,349981.51681430545,3.9142559732080109e-14,-0.92712635745379168,0.42116333233956688,3.7648234402679521e-19
433799.99999423744,157314.58467037184,350735.62918726547,3.9745133164464448e-14,-0.92912405568298251,0.41673771648043312,3.2002714874082853e-19
435599.99999413267,155640.37928255703,351481.76690853987,4.0286238919318134e-14,-0.93110062848291286,0.41230262528638617,2.9499291621275795e-19
437399.99999402789,153962.63511034127,352219.9130134724,4.0797189416926887e-14,-0.93305603091298106,0.40785815959647415,2.6043342248178412e-19
439199.9999936088,152281.39030057774,352950.05071884324,4.1240989989804712e-14,-0.93499021851322417,0.40340442046447106,2.1687806915734591e-19
440999.9999931897,150596.6830795288,353672.1634236002,4.1547357259349104e-14,-0.93690314730625301,0.39894150915451149,8.8323084173079952e-20
442799.99999339925,148908.55175178137,354386.23470932076,4.1742133169820335e-14,-0.93879477379847887,0.39446952713821831,9.0437413271710154e-20
444599.99999298016,147217.03470120853,355092.24833981448,4.1829761496276064e-14,-0.94066505497906117,0.38998857609724719,-4.4849185109247347e-20
446399.9999931897,145522.17038658605,355790.1882629696,4.1696715729120721e-14,-0.9425139483247934,0.38549875791167787,-1.0692192734102825e-19
448199.99999308493,143823.99734489,356480.03860937525,4.14117658313277e-14,-0.94434141179645648,0.38100017466874847,-2.0450029054746276e-19
449999.99999298016,142122.55418701476,357161.78369409562,4.1056483842306427e-14,-0.94614740384352414,0.37649292865151146,-2.3278421616473389e-19
451799.99999287538,140417.87959865091,357835.4080163028,4.0654117317382717e-14,-0.9479318834031798,0.37197712234116054,-2.5996451037875179e-19
453599.99999277061,138710.01233869966,358500.89625991334,4.0203224553345026e-14,-0.94969480990201105,0.36745285841282899,-2.3802172597655984e-19
455399.99999266583,136998.99123909618,359158.23329366051,3.9754112312767653e-14,-0.95143614325619863,0.36292023973512266,-2.4371881419470276e-19
457199.99999287538,135284.85520251055,359807.40417198342,3.9250748253388384e-14,-0.95315584387387031,0.35837936936402898,-3.1291787281530324e-19
458999.99999308493,133567.64320370523,360448.39413450932,3.8719966372842111e-14,-0.95485387265373123,0.35383035054651413,-2.8313384425760792e-19
460799.99999266583,131847.39428727518,361081.18860692513,3.8248738613116587e-14,-0.95653019098737202,0.34927328671453395,-2.2130160422219436e-19
462599.99999287538,130124.1475652786,361705.77320183988,3.7859506015329022e-14,-0.95818476076155201,0.3447082814787612,-2.1429478491318359e-19
464399.99999277061,128397.94222007602,362322.13371774572,3.7441061871120071e-14,-0.95981754435545186,0.34013543863610302,-2.2546377977160382e-19
466199.99999298016,126668.81749945965,362930.25614078948,3.7059562120418783e-14,-0.96142850464536,0.33555486215680125,-1.7708650307160146e-19
467999.99999287538,124936.81271918048,363530.12664386566,3.6719571794018871e-14,-0.96301760500227418,0.33096665619112481,-2.3864148929866722e-19
469799.99999339925,123201.9672586666,364121.73158812011,3.6250922754228424e-14,-0.96458480929588197,0.32637092505802706,-2.6933047955150379e-19
471599.9999936088,121464.32056395046,364705.05752193776,3.5828570524816288e-14,-0.96613008189188421,0.32176777325290234,-2.0518762885678136e-19
473399.99999350403,119723.91214395946,365280.09118222492,3.5490414923904764e-14,-0.96765338765538533,0.31715730543775755,-1.6884933087374684e-19
475199.99999402789,117980.78156909384,365846.81949485833,3.5178964372747618e-14,-0.96915469195208792,0.31253962643744609,-1.7927348560884451e-19
476999.9999936088,116234.9684741838,366405.22957372392,3.4836710328332598e-14,-0.97063396064574348,0.30791484124750051,-1.9167632165370919e-19
478799.9999931897,114486.51255314914,366955.30872246175,3.4505455199971008e-14,-0.97209116010277596,0.30328305501998609,-1.694510621609792e-19
480599.99999339925,112735.45355955831,367497.04443425627,3.4190223535199111e-14,-0.97352625719172592,0.29864437306498187,-1.3835567051890354e-19
482399.99999329448,110981.83130819851,368030.42439136218,3.3921437459329871e-14,-0.97493921928199723,0.29399890085473995,-1.6245894072891974e-19
484199.9999931897,109225.68567080803,368555.43646643648,3.3658527963967925e-14,-0.97633001424738008,0.28934674401237909,-1.2205422501488989e-19
485999.99999339925,107467.05657626149,369072.06872245931,3.3407116694278743e-14,-0.97769861046584583,0.28468800831237756,-2.0502572498851578e-19
487799.99999329448,105705.98401092603,369580.30941263872,3.2974762100411799e-14,-0.9790449768192927,0.28002279968151478,-2.8553089572510526e-19
489599.99999287538,103942.50801630579,370080.14698111074,3.2519055878909273e-14,-0.98036908269540024,0.27535122419263236,-2.5416927484476953e-19
491399.99999277061,102176.66868785118,370571.57006326754,3.2095824164312397e-14,-0.9816708979885016,0.27067338806147878,-2.0676246022514184e-19
493199.99999235151,100408.50617605785,371054.56748545473,3.1664716664299627e-14,-0.9829503930987783,0.26598939764962204,-2.7279725529776017e-19
494999.99999224674,98638.060682651776,371529.12826602906,3.1149131764375708e-14,-0.98420753893506241,0.26129935945434302,-2.8871884808597709e-19
496799.99999245629,96865.372462337924,371995.24161487375,3.0626836292125574e-14,-0.98544230691355572,0.25660338011326717,-3.5706822227229844e-19
498599.99999266583,95090.481821025081,372452.89693389169,3.003976346378118e-14,-0.98665466895913156,0.25190156639966321,-2.721526217145382e-19
500399.99999287538,93313.429114025887,372902.08381747163,2.9592041636156173e-14,-0.98784459750657461,0.24719402521767353,-2.6888729538938433e-19
502199.99999308493,91534.254746110048,373342.79205247108,2.913074780349022e-14,-0.98901206550053045,0.24248086360245702,-1.9350966452209974e-19
503999.99999298016,89752.999170566851,373775.01161845931,2.8793296121021174e-14,-0.99015704639615287,0.2377621887177033,-1.7381809149718634e-19
505799.99999350403,87969.702886760599,374198.73268831102,2.8513968927655417e-14,-0.99127951416067717,0.23303810784915846,-1.4200100935143892e-19
507599.99999371357,86184.406442104577,374613.94562773325,2.8244521995150384e-14,-0.99237944327216454,0.22830872840985367,-1.0763197635262413e-19
509399.99999329448,84397.150429424917,375020.6409959101,2.7990953622987282e-14,-0.99345680872121178,0.22357415793312202,-1.3933275959689536e-19
511199.99999350403,82607.975483848757,375418.80954619928,2.7723360990822204e-14,-0.99451158601279299,0.21883450406435548,-1.5551092164250137e-19
512999.99999371357,80816.922286626854,375808.44222526322,2.7341231296889511e-14,-0.99554375116396465,0.21408987457113052,-2.7002351172574376e-19
514799.99999392312,79024.031560741016,376189.53017406829,2.688822185878252e-14,-0.99655328070650362,0.20934037733157207,-2.1636747024219119e-19
516599.99999350403,77229.344071565865,376562.06472773297,2.6499449155130597e-14,-0.99754015168651389,0.20458612033610682,-2.1735191354876202e-19
518399.99999371357,75432.900623397552,376926.03741625202,2.6148319239307371e-14,-0.99850434166633817,0.19982721167826725,-1.78192872598178e-19
520199.99999329448,73634.742063426893,377281.43996368354,2.5927700665478797e-14,-0.99944582872240728,0.19506375956521713,-1.089823963411544e-19
521999.9999931897,71834.909275032769,377628.26428950881,2.574755496426773e-14,-1.000364591448845,0.19029587229998493,-6.7531589267252199e-20
523799.99999339925,70033.443181173192,377966.50250794878,2.5623874557090957e-14,-1.0012606089556522,0.18552365829044692,-7.2365864585971153e-20
525599.99999329448,68230.384742152572,378296.14692841261,2.5493688239819738e-14,-1.0021338608698951,0.18074722604341287,-5.5051303747424463e-20
527399.99999381835,66425.774952965075,378617.19005598192,2.5364582838727505e-14,-1.0029843273369963,0.17596668415758829,-1.1210649114965281e-19
529199.99999339925,64619.654846419129,378929.62459085207,2.5136813529235873e-14,-1.0038119890192452,0.1711821413318515,-1.6100808150085629e-19
530999.99999329448,62812.06548715329,379233.44342939748,2.4852189731803618e-14,-1.0046168270986222,0.16639370634940054,-1.8168695612232234e-19
532799.9999931897,61003.047974406247,379528.63966367458,2.4372263164770561e-14,-1.0053988232754865,0.16160148808509228,-3.3366010389087409e-19
534599.99999371357,59192.643438977371,379815.20658193878,2.3818565526747644e-14,-1.0061579597699386,0.15680559549739023,-2.9671492284706647e-19
536399.99999329448,57380.893045332989,380093.13766831299,2.3328538321991787e-14,-1.0068942193209527,0.15200613763394349,-2.6490403193791949e-19
538199.9999931897,55567.83798595945,380362.42660367792,2.2857249137017964e-14,-1.0076075851887232,0.14720322361662846,-2.5148107543061027e-19
539999.99999339925,53753.519484307712,380623.06726520404,2.2445909129154008e-14,-1.0082980411534317,0.14239696264934906,-1.9042350021370148e-19
541799.9999936088,51937.978792782698,380875.05372666864,2.2125062002133448e-14,-1.0089655715160883,0.13758746401271046,-1.717964203762817e-19
543599.99999381835,50121.257191085067,381118.38025869138,2.1805236670710642e-14,-1.0096101610991481,0.13277483705962628,-1.6437714681382754e-19
545399.99999371357,48303.395985991228,381353.0413287612,2.1540104890908699e-14,-1.0102317952465891,0.12795919121473553,-1.7317267817255704e-19
547199.99999392312,46484.43650986522,381579.03160143388,2.11864249522177e-14,-1.0108304598244364,0.1231406359704607,-2.0927572637871942e-19
548999.99999350403,44664.420120854789,381796.3459383141,2.0811016729062436e-14,-1.0114061412207072,0.11831928088752748,-1.9094166409806092e-19
550799.99999339925,42843.388199655434,382004.97939844744,2.0556950161487514e-14,-1.0119588263464572,0.11349523558639198,-1.0486535410205706e-19
552599.9999936088,41021.382151043174,382204.92723813368,2.0397020086634049e-14,-1.0124885026352795,0.10866860975130119,-8.1617761347328514e-20
554399.99999350403,39198.443402581295,382396.18491109234,2.0254355068101129e-14,-1.01299515804375,0.10383951312686744,-9.0737882258487506e-20
556199.99999371357,37374.613401460301,382578.74806880008,2.0163648630869423e-14,-1.0134787810523163,0.099008055509696838,-1.7425416596647971e-20
557999.9999936088,35549.933616718787,382752.6125602565,2.0162695959103324e-14,-1.0139393606646778,0.094174346754272734,9.1398492968410007e-21
559799.99999350403,33724.445535489649,382917.77443236444,2.0154989073574071e-14,-1.0143768864087956,0.089338496763011588,-5.0003215357363763e-20
561599.99999371357,31898.190663787409,383074.22992984636,2.0015136668053744e-14,-1.0147913483366684,0.08450061548834864,-8.3342699670124886e-20
563399.99999392312,30071.21052521504,383221.97549536929,1.9878351658838834e-14,-1.0151827370246629,0.079660812929312305,-2.9310145444793706e-20
565199.99999444699,28243.546659295622,383361.00776968314,1.9700617196533856e-14,-1.015551043573883,0.074819199127104427,-1.8314179904724148e-19
566999.99999465654,26415.240622026369,383491.32359157916,1.9386741368967357e-14,-1.0158962596100585,0.06997588416656797,-1.6267419052430856e-19
568799.99999486608,24586.333983245113,383612.91999809316,1.9174585053314943e-14,-1.0162183772840838,0.065130978169210749,-1.0722172238486736e-19
570599.99999507563,22756.868326745607,383725.79422449134,1.9020141666344446e-14,-1.0165173892719794,0.060284591293510735,-5.5847646172009533e-20
572399.9999955995,20926.885248746596,383829.94370437326,1.8984852011259818e-14,-1.0167932887751634,0.055436833730860717,2.2601680672446164e-20
574199.99999580905,19096.42635772474,383925.36606968229,1.9034092392763899e-14,-1.0170460695204844,0.050587815705125473,5.4316598461954548e-20
575999.9999960186,17265.533272785109,384012.05915080488,1.9109471370398027e-14,-1.0172757257604796,0.045737647468325378,9.0301456604084943e-20
577799.99999622814,15434.247622534127,384090.02097662073,1.9206634813412593e-14,-1.0174822522735076,0.040886439297650366,2.1718095659673034e-20
579599.99999612337,13602.611045103658,384159.24977450463,1.9210908297925323e-14,-1.0176656443637575,0.036034301495524099,3.0216728582792024e-20
581399.99999538995,11770.665186613267,384219.74397039914,1.9260922564643124e-14,-1.017825897861439,0.031181344385530173,-7.5697908683519948e-21
583199.99999591382,9938.4516982271125,384271.50218890363,1.929593505644013e-14,-1.0179630091230134,0.026327678304615711,3.0445115246754316e-20
584999.99999612337,8106.0122403977884,384314.52325314685,1.9437393408573949e-14,-1.0180769750308656,0.021473413614333532,1.0191234783062371e-19
586799.99999633292,6273.3884765670518,384348.8061849777,1.9660610539189271e-14,-1.0181677929938031,0.016618660684154955,1.6986205689193302e-19
588599.99999654246,4440.6220751174924,384374.35020490352,2.0016507279038985e-14,-1.0182354609468953,0.011763529896639938,2.0308247716483139e-19
590399.99999706633,2607.7547073742262,384391.1547321328,2.0355402578998969e-14,-1.0182799773515816,0.0069081316421433772,1.979554457628239e-19
592199.99999727588,774.82804758304246,384399.21938457881,2.0737391900374451e-14,-1.0183013411956878,0.0020525763187573265,1.6481041266229047e-19
593999.99999748543,-1058.1162294195772,384398.5439788794,2.0964548981047892e-14,-1.0182995519934739,-0.0028030256738614686,6.1107829965339355e-20
595799.99999769498,-2891.0364480060884,384389.12853039225,2.1002932245296233e-14,-1.0182746097856239,-0.0076585639339606564,1.8541311106157612e-20
597599.9999975902,-4723.8909332238463,384370.97325319692,2.0995848569991935e-14,-1.0182265151392507,-0.012513928061575728,-8.1348309394189611e-22
599399.99999748543,-6556.6380116538749,384344.07856008841,2.1022764047282511e-14,-1.018155269147879,-0.017369007660805017,5.3619788998257299e-20
601199.99999738066,-8389.2360123161307,384308.44506256894,2.1141638290771846e-14,-1.0180608734314212,-0.022223692342207745,8.668090518067388e-20
602999.99999696156,-10221.643267047652,384264.07357084693,2.1310958607551974e-14,-1.0179433301361804,-0.027077871723805776,9.0972607856812041e-20
604799.99999622814,-12053.818112827834,384210.96509379201,2.1435511114886608e-14,-1.0178026419347244,-0.031931435437243472,8.288692495410798e-20
606599.99999643769,-13885.718892441111,384149.12083890056,2.1563363765398852e-14,-1.0176388120258,-0.036784273129543112,1.0191279648911051e-19
608399.9999960186,-15717.303952963663,384078.54221235769,2.1799507960826577e-14,-1.0174518441344926,-0.041636274459096283,1.4671197724987759e-19
610199.99999622814,-17548.531650819335,383999.23081886437,2.2124577266354004e-14,-1.0172417425117697,-0.046487329109057063,2.4917347257897738e-19
611999.99999612337,-19379.360348584563,383911.18846175645,2.2550082968417764e-14,-1.0170085119348027,-0.05133732677887818,2.4160249304674436e-19
613799.9999960186,-21209.748419307412,383814.41714282607,2.2972100742973484e-14,-1.0167521577064813,-0.056186157195752609,2.5545571197149548e-19
615599.9999955995,-23039.654245202208,383708.91906237713,2.3498540859778673e-14,-1.0164726856555704,-0.061033710111155312,3.6524968694901956e-19
617399.99999580905,-24869.036220676233,383594.6966190614,2.4216978330926438e-14,-1.016170102136273,-0.065879875308861219,4.4246848210429663e-19
619199.9999960186,-26697.852750457878,383471.75240998907,2.5007315301358254e-14,-1.0158444140285221,-0.070724542599986756,4.1719821643165127e-19
620999.9999955995,-28526.062252554188,383340.08923056081,2.5847515914913624e-14,-1.0154956287375354,-0.075567601830824352,5.0326443673189502e-19
622799.99999580905,-30353.623160044041,383199.71007432468,2.6751226334729939e-14,-1.0151237541934395,-0.08040894288759301,5.17782274654013e-19
624599.9999960186,-32180.493919486478,383050.6181330916,2.7694526762480272e-14,-1.014728798851573,-0.085248455692221448,4.9950720297879206e-19
626399.99999591382,-34006.63299282096,382892.81679680792,2.8561643910351046e-14,-1.0143107716921493,-0.0900860302073824,4.3450010512203756e-19
628199.99999580905,-35831.998859692969,382726.30965335725,2.9360817971337842e-14,-1.0138696822197319,-0.094921556442652918,4.6673817966057913e-19
629999.9999960186,-37656.55001749401,382551.10048854147,3.0190662821926921e-14,-1.0134055404631859,-0.09975492445462078,4.4695133078934199e-19
631799.99999591382,-39480.244980662108,382367.19328616111,3.1051333143049895e-14,-1.0129183569758839,-0.10458602434503099,5.2218277964130671e-19
633599.99999612337,-41303.042284412935,382174.59222765738,3.2027648203559818e-14,-1.01240814283477,-0.1094147462706702,5.6258918079108195e-19
635399.99999633292,-43124.900483896592,381973.30169218965,3.3022853725144406e-14,-1.0118749096405517,-0.11424098044113296,5.4196636860544779e-19
637199.9999955995,-44945.778154604996,381763.3262566076,3.3999430711727804e-14,-1.0113186695176366,-0.11906461711990059,5.3670772616193295e-19
638999.99999518041,-46765.633896552637,381544.67069497722,3.5021222459951447e-14,-1.0107394351128713,-0.12388554663541641,5.6882542896080528e-19
640799.99999476131,-48584.426331626724,381317.33997887373,3.6041525022659702e-14,-1.0101372195963192,-0.12870365937406639,5.6021704652856078e-19
642599.99999465654,-50402.114106293229,381081.33927706967,3.7058286135715877e-14,-1.0095120366604309,-0.13351884578734718,5.7340982198235633e-19
644399.99999486608,-52218.655891759779,380836.67395551357,3.8055902186332698e-14,-1.0088639005199931,-0.13833099639229793,5.325280741512963e-19
646199.99999507563,-54034.010385526992,380583.34957712929,3.8923792107094991e-14,-1.0081928259115953,-0.14314000177561007,4.0884829275861651e-19
647999.99999497086,-55848.136311466937,380321.37190181168,3.9676656713512405e-14,-1.0074988280936152,-0.14794575259383444,4.477424562125526e-19
649799.99999549473,-57660.992422600837,380050.74688603112,4.0535035339578348e-14,-1.0067819228451729,-0.1527481395807406,5.6269418008464253e-19
651599.99999538995,-59472.537499381644,379771.48068308405,4.1495392222168294e-14,-1.0060421264667989,-0.15754705354276638,5.1537014977073202e-19
653399.9999955995,-61282.730353451065,379483.57964253367,4.2350411788189003e-14,-1.0052794557789424,-0.16234238536897097,4.253479915609354e-19
655199.99999580905,-63091.52982650543,379187.05031037505,4.3107662202305844e-14,-1.0044939281224203,-0.16713402602803074,4.1261101835262748e-19
656999.99999538995,-64898.89479123467,378881.89942890365,4.3880185355534129e-14,-1.0036855613580609,-0.171921866570726,4.3347692440404465e-19
658799.99999528518,-66704.784154560519,378568.1339361727,4.4667722089689118e-14,-1.0028543738652704,-0.17670579813851955,4.3646656615229243e-19
660599.99999518041,-68509.156855911773,378245.76096627774,4.5474308420337328e-14,-1.0020003845427834,-0.18148571195898816,4.394369652082352e-19
662399.99999507563,-70311.97186931294,377914.7878490052,4.6302988575038523e-14,-1.0011236128077352,-0.18626149935135478,4.5713557111775133e-19
664199.99999528518,-72113.188204623686,377575.2221096034,4.7153261870540857e-14,-1.0002240785950525,-0.19103305172977214,4.8555626557103095e-19
665999.99999518041,-73912.76490699804,377227.07146889158,4.8043437643023239e-14,-0.99930180235774413,-0.19580026060189068,4.804576334703399e-19
667799.99999538995,-75710.661060432103,376870.34384258202,4.8841692326466534e-14,-0.99835680506510682,-0.20056301757825618,4.0126115279857232e-19
669599.99999528518,-77506.835785419869,376505.04734173889,4.9557461532729888e-14,-0.99738910820393478,-0.2053212143660999,3.9313876335718641e-19
671399.99999518041,-79301.24824303198,376131.19027196954,5.0261000459608269e-14,-0.99639873377638366,-0.21007474278014382,4.0813321800231353e-19
673199.99999507563,-81093.857633829524,375748.78113363578,5.1037151040559553e-14,-0.9953857043005282,-0.21482349473972268,4.5963634029869384e-19
674999.99999497086,-82884.623199259455,375357.82862157212,5.1766442555636021e-14,-0.99435004280961292,-0.2195673622724808,3.7337111585764119e-19
676799.99999549473,-84673.504223227035,374958.34162474493,5.2495617317244147e-14,-0.99329177285115422,-0.22430623751853793,4.2144045540093718e-19
678599.99999507563,-86460.460030770366,374550.32922655571,5.3193509459147053e-14,-0.99221091848773801,-0.22904001272697769,3.6251835303426172e-19
680399.99999528518,-88245.449993527465,374133.80070360738,5.3896855767458693e-14,-0.99110750429375816,-0.23376858027033004,4.3227988741384194e-19
682199.99999486608,-90028.433525112618,373708.7655267574,5.4613753978943699e-14,-0.98998155535820109,-0.2384918326323229,3.8418308052967588e-19
683999.99999507563,-91809.37008725568,373275.23335968918,5.534390560725382e-14,-0.98883309728086455,-0.24320966242414671,3.4754811999175075e-19
685799.99999528518,-93588.219185978582,372833.21405981999,5.593530027749519e-14,-0.98766215617476028,-0.2479219623743236,3.4859832027161783e-19
687599.99999486608,-95364.940375293634,372382.71767742233,5.6514706112555869e-14,-0.98646875866378791,-0.25262862533850655,2.6462010376030446e-19
689399.99999444699,-97139.493258773975,371923.75445521291,5.6983122808453086e-14,-0.98525293188164331,-0.25732954430363841,2.15425406354995e-19
691199.99999434222,-98911.837488649617,371456.33482857351,5.7376898154333272e-14,-0.9840147034724096,-0.2620246123855578,2.0861082902613237e-19
692999.99999455176,-100681.93276715909,370980.46942521352,5.7694352075445764e-14,-0.98275410158965693,-0.26671372283257949,1.5514802519684378e-19
694799.99999444699,-102449.73884733771,370496.1690649683,5.7938409595037938e-14,-0.98147115489591408,-0.27139676902758231,1.436731267075313e-19
696599.99999402789,-104215.21553477597,370003.44475932524,5.8296798703802424e-14,-0.98016589256140541,-0.2760736444926683,2.4831553883276289e-19
698399.99999455176,-105978.3226891563,369502.30771098053,5.8763711483990665e-14,-0.97883834426288563,-0.28074424289323191,2.8513660751921396e-19
700199.99999476131,-107739.02022138536,368992.76931465988,5.9252374984342633e-14,-0.97748854018580733,-0.28540845803036546,2.5176473114422395e-19
701999.99999434222,-109497.26809860158,368474.8411557104,5.9598291664801892e-14,-0.97611651102059438,-0.29006618385412219,1.3711534070661127e-19
703799.99999423744,-111253.02634435658,367948.53501002135,5.9839491205891533e-14,-0.97472228796242777,-0.29471731446399901,1.5634123015989042e-19
705599.99999413267,-113006.25503771083,367413.86284429353,6.0154598383023202e-14,-0.97330590271196538,-0.29936174410653849,2.0767122723741881e-19
707399.99999465654,-114756.91431642459,366870.83681508299,6.0482058313678769e-14,-0.9718673874728031,-0.30399936718378434,1.7480153537602897e-19
709199.99999518041,-116504.96437523789,366319.4692693284,6.0825039890924317e-14,-0.97040677495287564,-0.30863007824872363,2.2498386856613831e-19
710999.99999538995,-118250.36546867038,365759.77274349588,6.1205079518704123e-14,-0.96892409836218873,-0.3132537720127036,1.9557056555615499e-19
712799.99999528518,-119993.07791138765,365191.75996345811,6.1569743435565281e-14,-0.96741939141249988,-0.31787034334640207,2.0194246882182831e-19
714599.99999549473,-121733.06208012642,364615.44384386559,6.1891020913636115e-14,-0.96589268831565289,-0.32247968728492865,1.6409454338204722e-19
716399.99999507563,-123470.27841229891,364030.83748860814,6.2237828060492651e-14,-0.96434402378480111,-0.32708169902412693,1.9534120740707582e-19
718199.99999528518,-125204.68740999945,363437.95418948185,6.2621187310928803e-14,-0.96277343303087348,-0.33167627393118654,2.1858779492854046e-19
719999.99999518041,-126936.24963704484,362836.8074271896,6.2952093866767617e-14,-0.96118095176522622,-0.33626330753680617,1.1912425605606826e-19
721799.99999507563,-128664.92572353924,362227.41086978791,6.3184819040624909e-14,-0.95956661619553085,-0.34084269554728336,1.4697329625031608e-19
723599.99999528518,-130390.67636496459,361609.77837298531,6.3498194872448611e-14,-0.95793046302656326,-0.34541433384210662,2.0280627535799649e-19
725399.99999549473,-132113.46232275531,360983.92397995142,6.3879678974277912e-14,-0.95627252945969388,-0.34997811847547716,2.0949330162928809e-19
727199.99999570427,-133833.24442577295,360349.86192079494,6.4159592247195344e-14,-0.95459285319151066,-0.3545339456802159,1.0558770789524981e-19
728999.99999528518,-135549.9835712112,359707.60661223507,6.4386027080791227e-14,-0.95289147241294814,-0.35908171187015997,1.3517798216858729e-19
730799.99999486608,-137263.64072614379,359057.17265702103,6.4607215525005617e-14,-0.95116842580774463,-0.36362131364426459,1.6874801221084096e-19
732599.99999444699,-138974.17692743603,358398.57484395936,6.4870157984868287e-14,-0.94942375255251799,-0.36815264778636708,1.5358865958317156e-19
734399.99999465654,-140681.55328301573,357731.82814743445,6.5049101925685865e-14,-0.94765749231549579,-0.37267561126855492,3.027670810801817e-20
736199.99999486608,-142385.73097188509,357056.94772741193,6.5098725962085537e-14,-0.94586968525652426,-0.37719010125119712,-6.7048386603490947e-22
737999.99999444699,-144086.67124598313,356373.94892871985,6.5058464361771019e-14,-0.94406037202516468,-0.38169601508787654,4.0844457495690705e-21
739799.99999434222,-145784.33543167589,355682.84728044545,6.5115302216564865e-14,-0.94222959375909254,-0.38619325032933877,4.8719840974716961e-20
741599.99999423744,-147478.68492920737,354983.65849615115,6.5189676938518477e-14,-0.94037739208467019,-0.390681704722039,3.9189051684104396e-20
743399.99999413267,-149169.68121431951,354276.39847322204,6.5262542612668924e-14,-0.93850380911522191,-0.39516127621243025,6.1359017952814065e-20
745199.99999434222,-150857.28583896617,353561.08329257049,6.5388326567629078e-14,-0.93660888745024751,-0.39963186294885727,7.4793443733954748e-20
746999.99999455176,-152541.460432052,352837.72921832901,6.5551030609821514e-14,-0.934692670174611,-0.4040933632835127,1.1157445940392273e-19
748799.99999413267,-154222.16670018435,352106.3526975381,6.5784815128584387e-14,-0.93275520085771457,-0.40854567577442968,1.3618553701538355e-19
750599.99999465654,-155899.36643048914,351366.9703589186,6.6071793835123459e-14,-0.93079652355024034,-0.41298869919294007,2.1129882024459573e-19
752399.99999455176,-157573.02148733108,350619.59901430848,6.6450876196937715e-14,-0.92881668278796581,-0.41742233251498784,1.5186785701863278e-19
754199.99999413267,-159243.09381716067,349864.25565654266,6.6761968986224157e-14,-0.92681572358613928,-0.42184647493396715,2.1302804962766785e-19
755999.99999434222,-160909.54544849281,349100.95745943073,6.7169406155993141e-14,-0.92479369143942503,-0.42626102586066739,2.4157211933621021e-19
757799.99999423744,-162572.33849029618,348329.72177850467,6.7554770364216474e-14,-0.92275063232388232,-0.43066588491900515,1.8277438970393788e-19
759599.99999413267,-164231.43513619626,347550.56614909915,6.7895736085020845e-14,-0.92068659269188158,-0.43506095195716066,1.9678831878812302e-19
761399.99999402789,-165886.79766341476,346763.50828682812,6.8208904427617593e-14,-0.91860161947336705,-0.43944612704476488,1.3179704914201076e-19
763199.99999392312,-167538.38843432802,345968.56608685665,6.8477263384854485e-14,-0.91649576007392497,-0.44382131047702977,1.618037105920091e-19
764999.99999381835,-169186.16989668633,345165.75762379816,6.8841498653574297e-14,-0.91436906237451454,-0.44818640277532945,2.469390665318705e-19
766799.99999434222,-170830.10458532692,344355.10115088837,6.9211886874880612e-14,-0.91222157472927745,-0.45254130469173798,1.300921975945233e-19
768599.99999455176,-172470.15512176912,343536.61510018719,6.9473545364528111e-14,-0.91005334596607501,-0.45688591720795602,1.4030260231895902e-19
770399.99999444699,-174106.28421595696,342710.31808172981,6.9748188277965304e-14,-0.90786442538423617,-0.4612201415399283,1.4734769951580006e-19
772199.99999402789,-175738.45466756338,341876.22888286528,6.9969142223665121e-14,-0.90565486275280804,-0.46554387914129641,1.0765276312912156e-19
773999.99999392312,-177366.62936639215,341034.36646804312,7.0164614196413469e-14,-0.90342470830999,-0.46985703170446769,9.5946617624599464e-20
775799.99999381835,-178990.77129250221,340184.74997875746,7.0374535336835129e-14,-0.90117401276298359,-0.47415950116093863,1.1692506367249012e-19
777599.99999339925,-180610.84351789378,339327.39873267949,7.0594650761770729e-14,-0.89890282728569926,-0.47845118968576755,1.0749844596732986e-19
779399.99999298016,-182226.80920710432,338462.33222334296,7.0809625938691101e-14,-0.89661120351791801,-0.48273199969914982,1.3229499069632116e-19
781199.99999224674,-183838.63161795825,337589.57011974801,7.1010823953589175e-14,-0.89429919356424314,-0.48700183386840434,1.0904442517852114e-19
782999.99999214197,-185446.27410301581,336709.13226557855,7.1178771795898989e-14,-0.89196684999203046,-0.49126059511181192,4.8682227994170077e-20
784799.99999140855,-187049.70010883102,335821.03867961268,7.126478219521147e-14,-0.88961422583246985,-0.49550818659665047,2.0541214566449674e-20
786599.99999130378,-188648.87317910654,334925.30955399037,7.1319773226349843e-14,-0.8872413745760025,-0.49974451174755058,3.5924401762740315e-20
788399.99999088468,-190243.75695299541,334021.96525515395,7.1348904480430455e-14,-0.88484835017480734,-0.50396947424199934,1.4951341705679699e-20
790199.99999046559,-191834.31516796007,333111.02632225462,7.131835660325949e-14,-0.88243520703858291,-0.50818297801791001,-6.6790811892098171e-20
791999.99999067513,-193420.51166004152,332192.51346698281,7.1178287395362563e-14,-0.88000200003409379,-0.51238492727434104,-8.8293660328841841e-20
793799.999991199,-195002.3103635865,331266.44757373561,7.0993452356876451e-14,-0.8775487844856199,-0.51657522647076659,-6.0951882168719454e-20
795599.99999172287,-196579.67531334341,330332.84969840996,7.089697576251352e-14,-0.87507561617175489,-0.52075378033263497,-5.0184326085746105e-20
797399.99999193242,-198152.57064459292,329391.74106832367,7.0753565404636618e-14,-0.87258255132520135,-0.52492049385170991,-9.2744198936779515e-20
799199.99999214197,-199720.96059457635,328443.14308136964,7.0569106617556951e-14,-0.87006964663052522,-0.52907527228985629,-8.8149651596101248e-20
800999.99999235151,-201284.80950306641,327487.0773056678,7.0398854413771315e-14,-0.86753695922323526,-0.53321802118055261,-7.6991207870703827e-20
802799.99999287538,-202844.08181313763,326523.56547909608,7.0235132753220073e-14,-0.8649845466885433,-0.5373486463309316,-1.2070195963873371e-19
804599.99999308493,-204398.74207135208,325552.62950918544,7.0078383250301637e-14,-0.8624124670610851,-0.54146705382227123,-5.3313758129063354e-20
806399.9999936088,-205948.75492988271,324574.29147180461,6.9966848608760455e-14,-0.85982077882143293,-0.54557315001562134,-2.9097315404700593e-20
808199.99999350403,-207494.08514549318,323588.57361180393,6.9875568658578032e-14,-0.8572095408978051,-0.54966684154909873,-8.7208670042641612e-20
809999.99999339925,-209034.69758258617,322595.49834108847,6.9714486287339379e-14,-0.85457881266095959,-0.55374803534596528,-7.127154761402e-20
811799.99999329448,-210570.55721261093,321595.08823898062,6.9585416394014188e-14,-0.85192865392515482,-0.55781663861305708,-4.9601317131873596e-20
813599.9999931897,-212101.62911449792,320587.36605195329,6.9576212652968298e-14,-0.84925912494744371,-0.56187255884193277,6.6631328949663776e-20
815399.99999277061,-213627.87847623817,319572.35469260771,6.9688888501760471e-14,-0.84657028642496457,-0.56591570381306311,6.8332299559683611e-20
817199.99999329448,-215149.2705966144,318550.07723851124,6.9744981671607947e-14,-0.84386219949186236,-0.56994598160041421,-2.0622350077665544e-21
818999.99999350403,-216665.77088286116,317520.55693376745,6.9762350796985962e-14,-0.84113492572345006,-0.57396330056524758,-9.1366229809326831e-21
820799.99999339925,-218177.34485434662,316483.81718656077,6.9758064886264053e-14,-0.83838852712970169,-0.57796756936587512,1.340176658280967e-20
822599.9999936088,-219683.95814304386,315439.88156881178,6.9703157818508635e-14,-0.83562306615434012,-0.58195869695890812,-6.8618105479920928e-20
824399.99999350403,-221185.57649283862,314388.77381665568,6.9600761455204281e-14,-0.83283860567610413,-0.5859365925974217,-4.5129867530625226e-20
826199.99999371357,-222682.16576189737,313330.51782880386,6.9491272127159115e-14,-0.83003520900441063,-0.58990116583722885,-1.066067469296363e-19
827999.9999936088,-224173.69192178923,312265.13766716485,6.9326775559591395e-14,-0.8272129398809942,-0.59385232653455478,-1.0223988243703474e-19
829799.99999381835,-225660.12106059041,311192.65755463828,6.913576934473221e-14,-0.82437186247407102,-0.5977899848542606,-9.8400455194848057e-20
831599.99999339925,-227141.41938047548,310113.10187684547,6.8978715731594271e-14,-0.82151204138291412,-0.601714051263462,-1.108490951061721e-19
833399.99999298016,-228617.55320175324,309026.49517922162,6.8756614604687461e-14,-0.81863354163015756,-0.60562443654222076,-1.324842226914481e-19
835199.99999350403,-230088.48896251642,307932.86216723785,6.8522541021426016e-14,-0.81573642866238161,-0.60952105178261706,-1.0491320294114945e-19
836999.99999371357,-231554.19321713483,306832.22770753881,6.8348377035330406e-14,-0.81282076835312811,-0.61340380838475683,-7.8184752764276815e-20
838799.99999329448,-233014.63263984595,305724.61682529253,6.8230666500594504e-14,-0.80988662699587588,-0.61727261806628431,-6.5674887298255161e-20
840599.9999931897,-234469.77402545061,304610.05470363324,6.8097113116172356e-14,-0.806934071302571,-0.62112739286422591,-6.9907611636452738e-20
842399.99999339925,-235919.5842883476,303488.56668439519,6.7967720886124646e-14,-0.80396316840556448,-0.62496804513243054,-9.1843264024328308e-20
844199.99999329448,-237364.03046397268,302360.17826702871,6.7740246794102845e-14,-0.80097398585474699,-0.6287944875453827,-1.6584784369279293e-19
845999.99999350403,-238803.07971050535,301224.91510726977,6.7383481173688375e-14,-0.79796659161401862,-0.63260663310272391,-1.9766701065811222e-19
847799.99999402789,-240236.69930827952,300082.80301759468,6.7063440627867047e-14,-0.79494105406249604,-0.63640439512769331,-1.4364037590467091e-19
849599.99999423744,-241664.8566608383,298933.867966405,6.6877787243324805e-14,-0.79189744199235368,-0.64018768726991748,-7.5503193572546092e-20
851399.99999476131,-243087.51929679856,297778.13607652811,6.6758732201166724e-14,-0.78883582460485147,-0.64395642351035409,-4.7591944921404006e-20
853199.99999465654,-244504.6548684171,296615.63362638018,6.6672783096566539e-14,-0.78575627151341387,-0.64771051815749148,-3.4743447546119915e-20
854999.99999455176,-245916.23115466224,295446.38704747451,6.6655614708440017e-14,-0.78265885273703384,-0.65144988585548658,3.0682574928195845e-20
856799.99999507563,-247322.21606123052,294270.42292438284,6.6778367203565826e-14,-0.77954363870016308,-0.65517444158420679,8.4126990610295461e-20
858599.99999497086,-248722.57761960611,293087.76799553121,6.6966328553520053e-14,-0.77641070023482905,-0.65888410065674263,1.2375599625524589e-19
860399.99999518041,-250117.28399038341,291898.44915042672,6.7146911559267448e-14,-0.77326010857327943,-0.66257877872820459,8.6249318019863045e-20
862199.99999476131,-251506.30346145798,290702.4934311831,6.7282274186616772e-14,-0.77009193535203058,-0.66625839179093505,8.5608658566639765e-20
863999.99999434222,-252889.60445132156,289499.92802971229,6.7430233690102385e-14,-0.76690625260442458,-0.66992285618323322,8.6024425484877705e-20
865799.99999455176,-254267.15550849383,288290.78028818534,6.7571573194146719e-14,-0.76370313276185098,-0.67357208858785378,4.6290359426071469e-20
867599.99999507563,-255638.92531133414,287075.07769921632,6.7632271075351387e-14,-0.76048264865423243,-0.67720600603150471,4.3557858464869995e-20
869399.99999528518,-257004.88266956439,285852.84790454473,6.7709834615514528e-14,-0.75724487350653646,-0.68082452588888276,5.1328369008726113e-20
871199.99999549473,-258364.99652571534,284624.11869374226,6.7807761640855374e-14,-0.75398988093535002,-0.68442756588650577,4.3959098774012816e-20
872999.99999476131,-259719.23595451508,283388.91800476064,6.7903100358215127e-14,-0.75071774495032761,-0.68801504410109116,4.868424102471749e-20
874799.99999497086,-261067.57016574507,282147.2739213336,6.8025010008227343e-14,-0.74742853994731184,-0.69158687896712323,9.0446108533399516e-20
876599.99999518041,-262409.96850192221,280899.21467509196,6.8169596738568257e-14,-0.74412234071393524,-0.69514298927071161,3.4702651185827709e-20
878399.99999538995,-263746.40044119023,279644.76864291896,6.8239327131070548e-14,-0.74079922242261509,-0.69868329415725206,4.3902329773687757e-20
880199.99999497086,-265076.83559657895,278383.96434764442,6.8309992655860941e-14,-0.73745926063238987,-0.70220771312946118,3.1466243461285805e-20
881999.99999455176,-266401.2437183779,277116.8304558096,6.8356214664439944e-14,-0.73410253128300218,-0.70571616605366905,-1.5877881477461897e-20
883799.99999444699,-267719.59469394863,275843.39577782707,6.834201877858204e-14,-0.73072911069531932,-0.70920857315931785,-1.7835943230299528e-20
885599.99999465654,-269031.85854808625,274563.68926763919,6.8307686953665271e-14,-0.72733907557042821,-0.71268485503992163,-4.9577328578535045e-21
887399.99999455176,-270338.0054435333,273277.74002223805,6.8316530969983507e-14,-0.72393250298836631,-0.71614493265442725,3.319678779820904e-20
889199.99999444699,-271638.00568262552,271985.57728006045,6.8404565708956423e-14,-0.72050947040386826,-0.71958872733157331,7.3161442686950503e-20
890999.99999434222,-272931.82970735757,270687.23042091297,6.8589850133629153e-14,-0.71707005564616699,-0.72301616077006525,1.2257297505144718e-19
892799.99999455176,-274219.44810063136,269382.72896472173,6.8760557268188129e-14,-0.71361433691568243,-0.72642715504188404,8.0212829677704702e-20
894599.99999476131,-275500.83158541052,268072.10257239395,6.8902027535573935e-14,-0.7101423927863042,-0.72982163259004273,1.080966555502573e-19
896399.99999434222,-276775.95102654793,266755.38104399043,6.9112820042414077e-14,-0.70665430220054715,-0.73319951623342772,1.087087044436009e-19
898199.99999423744,-278044.77743252635,265432.59431691066,6.933794817591048e-14,-0.7031501444647501,-0.73656072917141324,1.3012781182531984e-19
899999.99999413267,-279307.28195397143,264103.77246742224,6.9563070332908451e-14,-0.69962999925312286,-0.73990519497991991,1.2118393894709029e-19
901799.99999402789,-280563.43588534725,262768.94570891513,6.9790380259665197e-14,-0.69609394660311863,-0.74323283761590586,1.596325679829762e-19
903599.99999423744,-281813.21066556597,261428.14439125452,7.0147763913804635e-14,-0.69254206691372755,-0.74654358141898469,2.5327037157922178e-19
905399.99999444699,-283056.57787862449,260081.39900010309,7.0600539268734461e-14,-0.68897444094367499,-0.7498373511131089,2.8304341786023371e-19
907199.99999465654,-284293.50925418967,258728.74015629265,7.1118295879722537e-14,-0.68539114980975857,-0.75311407180812051,2.9931472222266644e-19
908999.99999455176,-285523.97666793742,257370.19861546409,7.1626144778603524e-14,-0.68179227498589734,-0.75637366900065184,2.9231084627636198e-19
910799.99999476131,-286747.95214307163,256005.8052664024,7.2162573348844279e-14,-0.67817789829871644,-0.75961606857814501,3.4515568075673625e-19
912599.99999434222,-287965.40784973127,254635.59113169342,7.2781871962467523e-14,-0.67454810192929071,-0.76284119681728579,3.5972863962265087e-19
914399.99999423744,-289176.31610726228,253259.58736518232,7.3440737811112387e-14,-0.67090296840641062,-0.76604898039001956,3.6886465197011339e-19
916199.99999476131,-290380.64938354352,251877.82525271658,7.4138055389414108e-14,-0.66724258060854813,-0.76923934636176594,3.9577411599123289e-19
917999.99999465654,-291578.3802949338,250490.3362122429,7.4843537191284532e-14,-0.6635670217641163,-0.77241222219127792,3.8113956313409138e-19
919799.99999486608,-292769.48160929873,249097.15179032314,7.551491216438075e-14,-0.65987637544224143,-0.77556753573866244,3.8789127079698518e-19
921599.99999476131,-293953.92624428135,247698.30366412632,7.6234667501950483e-14,-0.65617072555803491,-0.77870521526079706,3.9797950187470682e-19
923399.99999497086,-295131.68726965296,246293.82363868444,7.6951958193902128e-14,-0.65245015636532766,-0.78182518941755741,3.9202490643542342e-19
925199.99999455176,-296302.73790617427,244883.7436482429,7.7690967412483267e-14,-0.64871475246024524,-0.7849273872688024,4.2332176665305845e-19
926999.99999476131,-297467.05152839964,243468.0957529085,7.8420905352454763e-14,-0.64496459877233092,-0.78801173828179993,4.003985579283387e-19
928799.99999528518,-298624.60166342248,242046.91214014494,7.9106537067874869e-14,-0.64119978056850324,-0.79107817232790634,3.7189926432745547e-19
930599.99999486608,-299775.36199126951,240620.22512433544,7.9767496282918659e-14,-0.63742038345190255,-0.79412661968360865,3.6181677161478667e-19
932399.99999444699,-300919.30634756864,239188.06714349802,8.0382075871494558e-14,-0.63362649335318366,-0.79715701103759218,3.4223716608869022e-19
934199.99999434222,-302056.40872294136,237750.4707600004,8.0992745921351895e-14,-0.62981819653241589,-0.80016927748913091,3.3175387822133009e-19
935999.99999423744,-303186.64326284704,236307.46866077583,8.1579209915921243e-14,-0.62599557957964924,-0.80316335054767818,3.2397961232649879e-19
937799.99999413267,-304309.98426939594,234859.09365503868,8.2128831569483952e-14,-0.6221587294088663,-0.80613916213766545,3.0236620165272221e-19
939599.99999371357,-305426.40620094998,233405.37867479521,8.2702550587928553e-14,-0.61830773325933397,-0.80909664459744535,3.2261651209898037e-19
941399.9999936088,-306535.88367381081,231946.35677265984,8.3284314873444306e-14,-0.61444267868981783,-0.812035730683765,3.143119621190497e-19
943199.9999931897,-307638.39146152674,230482.06112276181,8.3850531130401563e-14,-0.61056365358098752,-0.81495635356992857,3.2907224295111284e-19
944999.99999308493,-308733.90449695091,229012.52501802909,8.4471863464010033e-14,-0.60667074612821692,-0.81785844685125231,3.5168111527591702e-19
946799.99999266583,-309822.3978710536,227537.78187177182,8.5132082787536972e-14,-0.60276404484578239,-0.82074194454191396,3.863523848813723e-19
948599.99999256106,-310903.84683517582,226057.86521466289,8.5839210343655635e-14,-0.5988436385588618,-0.82360678108092522,4.1296805225874439e-19
950399.99999245629,-311978.22680017393,224572.80869589283,8.6625314685528309e-14,-0.59490961640659457,-0.82645289132986632,4.4333177906130053e-19
952199.99999266583,-313045.51333826431,223082.64608064678,8.7418586973102686e-14,-0.5909620678353994,-0.82928021057777146,4.2693838623037663e-19
953999.99999287538,-314105.68218248925,221587.41125083549,8.8204821066742658e-14,-0.587001082600908,-0.83208867453971591,4.2908086364687928e-19
955799.99999245629,-315158.70922752592,220087.13820399193,8.9011077227085949e-14,-0.58302675076504595,-0.83487821935895357,4.6549284803314747e-19
957599.99999203719,-316204.57053099718,218581.86105140595,8.9873588643314034e-14,-0.57903916269108668,-0.83764878161039713,4.8142271491822412e-19
959399.9999916181,-317243.24231330887,217071.61401834336,9.0740185626612196e-14,-0.57503840904423542,-0.84040029830018148,4.8493066488363688e-19
961199.999991199,-318274.70095826051,215556.43144317501,9.160050094724607e-14,-0.57102458078932206,-0.8431327068672827,4.7635023819119189e-19
962999.99999077991,-319298.92301364231,214036.34777651011,9.2475072990046492e-14,-0.5669977691885002,-0.84584594518510192,4.6513481052996278e-19
964799.99999098945,-320315.88519206824,212511.3975799632,9.3333398775508026e-14,-0.56295806579798857,-0.84853995156366846,4.8583215598093757e-19
966599.99999151332,-321325.56437082379,210981.61552638497,9.4217681723094161e-14,-0.55890556246867651,-0.85121466474923835,4.8508885385832905e-19
968399.99999109423,-322327.937592317,209447.036399217,9.5089387834630494e-14,-0.55484035134441656,-0.85387002392549249,4.9984972791390524e-19
970199.99999098945,-323322.98206614825,207907.69508933631,9.5993388924091467e-14,-0.55076252485366584,-0.8565059687190113,5.0342663019594758e-19
971999.99999088468,-324310.67516802682,206363.62659668841,9.6892312251364044e-14,-0.54667217571381288,-0.85912243919641185,5.0139445190737261e-19
973799.99999077991,-325290.99444073235,204814.86602882508,9.7800090817437291e-14,-0.54256939692730133,-0.86171937586689473,5.0216238113307055e-19
975599.99999098945,-326263.91759517795,203261.44859922619,9.8695694313131739e-14,-0.53845428177718624,-0.86429671968505717,4.9641023747564831e-19
977399.99999088468,-327229.42250953609,201703.40962869985,9.9544226373059347e-14,-0.5343269238308449,-0.86685441204857627,4.5850564234975267e-19
979199.99999077991,-328187.48723139352,200140.78454194663,1.0036377074885752e-13,-0.53018741693087035,-0.86939239480392128,4.475145508466881e-19
980999.99999067513,-329138.08997739607,198573.60886810595,1.0115088439534108e-13,-0.52603585519652396,-0.87191061024541272,4.3085496382829935e-19
982799.99999088468,-330081.20913393854,197001.91823963227,1.0194532070686088e-13,-0.52187233302075486,-0.87440900111704689,4.6736931745284092e-19
984599.99999109423,-331016.82325714716,195425.74839233834,1.0279425570249276e-13,-0.51769694507031638,-0.87688751061245029,4.5775095332615796e-19
986399.99999067513,-331944.91107370844,193845.13516403647,1.0360269282433637e-13,-0.51350978628216537,-0.87934608237707823,4.5737993410220577e-19
988199.99999057036,-332865.45148216782,192260.11449232232,1.0443221085629413e-13,-0.50931095185759268,-0.88178466051164983,4.6097322005898527e-19
989999.99999046559,-333778.4235521325,190670.72241592227,1.0525128769727255e-13,-0.50510053726579163,-0.88420318957004163,4.5275030750013805e-19
991799.99999067513,-334683.80652568152,189076.9950722736,1.0607817289624532e-13,-0.50087863823744816,-0.88660161456301778,4.6703153531172054e-19
993599.99999088468,-335581.57981690869,187478.96869832565,1.0692334254776971e-13,-0.49664535076686123,-0.88897988095702507,4.5707706776867746e-19
995399.99999046559,-336471.7230130267,185876.67962861835,1.0774922083340877e-13,-0.49240077110685593,-0.89133793467711442,4.7053828493351287e-19
997199.99999098945,-337354.21587561059,184270.1642930223,1.0864493101495051e-13,-0.48814499576279585,-0.89367572211023349,5.2217475544636994e-19
998999.999991199,-338229.03833888291,182659.45921984481,1.0959363633697816e-13,-0.48387812150080861,-0.89599319010068645,5.1385019945640533e-19
1000799.9999914085,-339096.17051211017,181044.60103150122,1.1051886586669197e-13,-0.47960024533632167,-0.89829028595648086,5.2403145541447045e-19
1002599.9999913038,-339955.59267939458,179425.62644486493,1.1150508034831382e-13,-0.47531146453498913,-0.90056695744877868,5.6690590689458294e-19
1004399.999991199,-340807.28530011419,177802.57227045443,1.1252728511085768e-13,-0.47101187661053673,-0.90282315281305714,5.5498694366071185e-19
1006199.9999907799,-341651.229009356,176175.47541161472,1.1351461506578374e-13,-0.46670157932259565,-0.90505882075026334,5.4619773066583212e-19
1007999.9999909895,-342487.40461885458,174544.37286271018,1.1451323957577358e-13,-0.46238067067191257,-0.90727391042929184,5.4215547625103772e-19
1009799.9999905704,-343315.79311583162,172909.30171139617,1.154695522602185e-13,-0.45804924890636961,-0.90946837148391957,5.2583283618732322e-19
1011599.9999907799,-344136.37566595519,171270.29913283416,1.1642598841478476e-13,-0.45370741250565927,-0.91164215402063875,5.2221529347999633e-19
1013399.9999906751,-344949.13361131516,169627.40239366743,1.1735496838883205e-13,-0.44935526019181454,-0.91379520861329611,5.0501894048443992e-19
1015199.999990256,-345754.04847228003,167980.64884835453,1.1829608017188038e-13,-0.44499289091949906,-0.91592748630800913,5.3843104263617966e-19
1016999.9999907799,-346551.10194802668,166330.07593804382,1.1925543921614724e-13,-0.4406204038730227,-0.91803893862457686,5.0236883306414263e-19
1018799.9999903608,-347340.27591529826,164675.72119316261,1.2014091792831282e-13,-0.4362378984732026,-0.92012951755317807,4.8458326781031488e-19
1020599.9999908847,-348121.55243136489,163017.62222726806,1.2097199854985983e-13,-0.4318454743610729,-0.9221991755622253,4.4297245208342729e-19
1022399.9999901513,-348894.91373163526,161355.81674206298,1.2179634156638069e-13,-0.42744323141117119,-0.92424786559203009,4.7592291136072642e-19
1024199.9999906751,-349660.34223311598,159690.34252003604,1.2267917798274679e-13,-0.42303126971204369,-0.92627554106397292,4.9107314940239228e-19
1025999.999990256,-350417.82053154422,158021.23743062827,1.23530813028977e-13,-0.41860968958257777,-0.9282821558729013,4.6723700883577162e-19
1027799.9999898369,-351167.33140447026,156348.53942356151,1.2436696928436473e-13,-0.41417859155433268,-0.93026766439530129,4.6395206728586706e-19
1029599.9999903608,-351908.85781079583,154672.28652977277,1.2517103145278405e-13,-0.40973807637401194,-0.93223202148807049,4.2402254345167201e-19
1031399.9999899417,-352642.38288976636,152992.51686373021,1.2594620997895543e-13,-0.4052882450095982,-0.93417518248585019,4.5048525956144109e-19
1033199.9999901513,-353367.88996372581,151309.26861721085,1.267513438138472e-13,-0.4008291986338724,-0.93609710320832273,4.3760249340491186e-19
1034999.9999906751,-354085.36253689852,149622.58006203268,1.2756148033222585e-13,-0.39636103863164807,-0.93799773995698599,4.5773911171291316e-19
1036799.999991199,-354794.78429596091,147932.48954877825,1.2839998861350784e-13,-0.3918838665963929,-0.93987704951666562,4.7448071195560562e-19
1038599.9999910942,-355496.13911070226,146239.03550525379,1.2923857847102148e-13,-0.38739778432614524,-0.94173498915726639,4.6220138937376834e-19
1040399.9999916181,-356189.41103483102,144542.25643452533,1.3007710913606101e-13,-0.38290289381831261,-0.94357151663590899,4.6615811785861315e-19
1042199.9999915133,-356874.58430502511,142842.19091723446,1.3089405022123764e-13,-0.37839929727580535,-0.94538659019441462,4.3364867042013673e-19
1043999.9999917229,-357551.6433428842,141138.87760682681,1.3164934097234858e-13,-0.37388709709439677,-0.94718016856447218,3.8658702106182376e-19
1045799.9999919324,-358220.57275410683,139432.35523155521,1.3232783847498842e-13,-0.36936639586802983,-0.94895221096546367,3.5114411879702717e-19
1047599.9999924563,-358881.35732936888,137722.66259229474,1.329592766338901e-13,-0.36483729638302975,-0.95070267710679079,3.464744753855098e-19
1049399.9999920372,-359533.98204403248,136009.83856331854,1.3359219714560175e-13,-0.36029990162015874,-0.95243152718709989,3.6012700215119256e-19
1051199.9999925611,-360178.43205997493,134293.92208752144,1.342550578329525e-13,-0.35575431474196156,-0.9541387218991314,3.6076927133307396e-19
1052999.9999927706,-360814.69272403273,132574.95218049746,1.3490848157568529e-13,-0.35120063910356919,-0.95582422242559473,3.6233336498141866e-19
1054799.9999923515,-361442.74956950441,130852.96792659821,1.3556669540796109e-13,-0.34663897824225631,-0.95748799044315025,3.6150418930117392e-19
1056599.9999922467,-362062.58831659402,129128.00847767385,1.3621922543943037e-13,-0.34206943587410604,-0.95912998812358663,3.6987246073839269e-19
1058399.9999918276,-362674.19487186684,127400.11305457537,1.3687256457695239e-13,-0.33749211589799005,-0.96075017813237773,3.6711359245926834e-19
1060199.9999920372,-363277.5553295805,125669.32094344987,1.3750722181623678e-13,-0.33290712238575365,-0.96234852363220491,3.304434820893859e-19
1061999.9999922467,-363872.65597099764,123935.67149767916,1.3809579601731166e-13,-0.32831455958735239,-0.96392498828113893,3.2460545514972996e-19
1063799.9999924563,-364459.48326533224,122199.20413519595,1.3866973790715474e-13,-0.32371453192374072,-0.96547953623515059,3.1267631800590119e-19
1065599.9999929802,-365038.0238699675,120459.9583378317,1.3921068442413095e-13,-0.31910714398514667,-0.96701213214868309,2.9055130722965876e-19
1067399.999993504,-365608.2646306266,118717.97365081133,1.397162190721588e-13,-0.31449250052973216,-0.96852274117510551,2.7623937121631814e-19
1069199.9999933993,-366170.19258158491,116973.289682146,1.4022584222180075e-13,-0.309870706481983,-0.9700113289672746,2.8390422549588606e-19
1070999.9999936088,-366723.79494661477,115225.94609970295,1.4073418752295087e-13,-0.30524186692494915,-0.97147786168004113,2.6648682381166933e-19
1072799.9999938183,-367269.0591384428,113475.98263287598,1.412306057532587e-13,-0.30060608710466868,-0.97292230596880658,2.9362076248077812e-19
1074599.9999933993,-367805.97275920893,111723.43907120189,1.4178015346565817e-13,-0.29596347242650339,-0.97434462899074137,3.2248244190826174e-19
1076399.9999932945,-368334.52360141609,109968.35526126625,1.4235893787697999e-13,-0.29131412844694016,-0.97574479840730477,3.2082078781663463e-19
1078199.9999928754,-368854.69964731211,108210.77110871293,1.4293699380829185e-13,-0.28665816087891682,-0.97712278238260131,3.249278574591224e-19
1079999.9999930849,-369366.48906990775,106450.7265748651,1.4353104726227743e-13,-0.28199567558286837,-0.97847854958608205,3.489114671819741e-19
1081799.9999929802,-369869.88023238705,104688.26167874777,1.4414480375959677e-13,-0.2773267785720876,-0.97981206919097796,3.2852878795308095e-19
1083599.9999931897,-370364.86168941797,102923.41649257066,1.4473074603279905e-13,-0.27265157600075668,-0.98112331087777715,3.2597029102007501e-19
1085399.9999933993,-370851.42218651902,101156.23114392126,1.4531494321917173e-13,-0.26797017416975755,-0.98241224483254574,3.2517498661587382e-19
1087199.9999936088,-371329.55066084152,99386.745813011978,1.458841487648484e-13,-0.26328267951937956,-0.98367884174899589,3.0339848131559273e-19
1088999.999993504,-371799.23624110548,97615.000732904926,1.4642267377673319e-13,-0.25858919862991414,-0.98492307282832114,2.925476006199017e-19
1090799.9999940279,-372260.46824829245,95841.036186925281,1.4695885126298732e-13,-0.25388983821480399,-0.98614490978102776,2.8868379814187348e-19
1092599.9999942374,-372713.23619524727,94064.892510166348,1.4746799830648652e-13,-0.24918470512462898,-0.98734432482588541,2.7655975246203223e-19
1094399.999994447,-373157.52978743659,92286.610086615299,1.4795287162952578e-13,-0.24447390633949229,-0.98852129069192918,2.6304115038237194e-19
1096199.9999946565,-373593.33892304014,90506.229348743596,1.4842576612595799e-13,-0.23975754896793594,-0.98967578061870698,2.5776390206978108e-19
1097999.9999948661,-374020.65369304788,88723.790777138638,1.489039202541469e-13,-0.23503574024596371,-0.99080776835653472,2.5818942053694918e-19
1099799.999994447,-374439.46438148728,86939.334899616093,1.4936009938507446e-13,-0.23030858753469099,-0.9919172281670986,2.5403606471433846e-19
1101599.9999946565,-374849.76146623207,85152.902287761681,1.4982669146412181e-13,-0.22557619831118328,-0.99300413482559668,2.650471192741444e-19
1103399.9999948661,-375251.53561814589,83364.533560597221,1.5031420128433285e-13,-0.22083868017816782,-0.99406846361847334,2.8207043972819152e-19
1105199.9999947613,-375644.77770215744,81574.269379975274,1.5082320957891226e-13,-0.21609614085183323,-0.99511019034626236,2.7886455623942684e-19
1106999.9999949709,-376029.47877725912,79782.150450495508,1.5131479665630229e-13,-0.21134868816160846,-0.99612929132358807,2.6242283271824705e-19
1108799.9999945518,-376405.63009630493,77988.217520494611,1.5179380138932211e-13,-0.20659643005278502,-0.99712574337862947,2.675723416124806e-19
1110599.999994447,-376773.2231069337,76192.511377732415,1.5227921759989589e-13,-0.20183947457508905,-0.99809952385556144,2.6813865609697514e-19
1112399.9999946565,-377132.24945124838,74395.072850842436,1.5275312628604504e-13,-0.19707792988652414,-0.99905061061371181,2.5644166377351323e-19
1114199.9999948661,-377482.70096604945,72595.94280825663,1.5322855974793488e-13,-0.19231190425052305,-0.99997898202817359,2.7047310041102464e-19
1115999.9999950756,-377824.56968309765,70795.162156912484,1.5370739622755981e-13,-0.1875415060325219,-1.0008846169905052,2.6109665144465066e-19
1117799.9999952852,-378157.84782936698,68992.771840937028,1.5417468256048879e-13,-0.18276684369647528,-1.0017674949093984,2.6118231027924593e-19
1119599.9999954947,-378482.52782715525,67188.812841044404,1.5463109227880553e-13,-0.17798802580325904,-1.0026275957109707,2.4246126574668052e-19
1121399.9999957043,-378798.60229422513,65383.326173777132,1.5506697014159179e-13,-0.17320516100866162,-1.003464899839144,2.5303852885311339e-19
1123199.9999962281,-379106.06404404697,63576.352890159564,1.5550136457716083e-13,-0.168418358059816,-1.0042793882562788,2.3149325940764012e-19
1124999.999995809,-379404.90608565608,61767.934076594393,1.559199513306346e-13,-0.16362772579757495,-1.005071042442806,2.3359334575620812e-19
1126799.9999963329,-379695.12162466039,59958.110848809913,1.5634028092755514e-13,-0.15883337314047674,-1.0058398443998899,2.2951348865665542e-19
1128599.9999959138,-379976.70406214561,58146.924358518678,1.5675676855571197e-13,-0.15403540910238483,-1.0065857766465276,2.2800052425966055e-19
1130399.9999954947,-380249.64699594805,56334.415785570047,1.5715960995111757e-13,-0.14923394277169869,-1.0073088222229263,2.1973921855638645e-19
1132199.99999539,-380513.94422018994,54520.62634078753,1.5754807670152612e-13,-0.14442908331887133,-1.0080089646892643,2.1092602178439418e-19
1133999.9999952852,-380769.5897255335,52705.597264375079,1.579306315206008e-13,-0.13962093999218589,-1.0086861881263722,2.1438707941582452e-19
1135799.9999948661,-381016.5776993481,50889.369824798057,1.5831677285166249e-13,-0.13480962211479233,-1.0093404771361729,2.131534310916244e-19
1137599.9999950756,-381254.90252599929,49071.98531664542,1.5869047629832348e-13,-0.12999523907904401,-1.0099718168424425,2.0257124015948975e-19
1139399.9999946565,-381484.55878658744,47253.485062606036,1.5904105553345073e-13,-0.12517790035173276,-1.0105801928901246,1.8608257391719807e-19
1141199.9999951804,-381705.54125957482,45433.910408662108,1.5937010711404957e-13,-0.12035771546135621,-1.0111655914469875,1.7797062661024049e-19
1142999.99999539,-381917.84492038906,43613.302727217095,1.5969016305916677e-13,-0.1155347940064041,-1.0117279992025758,1.7963658527179772e-19
1144799.9999949709,-382121.46494184423,41791.703413798874,1.6000226403947702e-13,-0.11070924564662389,-1.0122674033693255,1.6328838444065985e-19
1146599.9999945518,-382316.39669430623,39969.153885498112,1.6029879870447082e-13,-0.10588118009888486,-1.0127837916830016,1.6405140676458676e-19
1148399.999994447,-382502.63574569934,38145.695580778549,1.6059825543213514e-13,-0.10105070713667508,-1.0132771524027131,1.6701205975902868e-19
1150199.9999943422,-382680.17786144634,36321.369960165721,1.6088199882350101e-13,-0.096217936591925596,-1.0137474743107593,1.5017046990503211e-19
1151999.9999945518,-382849.01900480973,34496.21850296019,1.6114020987888762e-13,-0.091382978346304197,-1.0141947467135315,1.3774441661976508e-19
1153799.9999941327,-383009.15533681161,32670.282708049843,1.6138628279631735e-13,-0.086545942333366765,-1.0146189594412987,1.3516310144787323e-19
1155599.9999946565,-383160.58321654081,30843.604090469027,1.6163462785765793e-13,-0.081706938529442122,-1.0150201028490244,1.4068165552388288e-19
1157399.9999948661,-383303.29920091532,29016.224184159844,1.6189046314126073e-13,-0.076866076960947494,-1.0153981678157353,1.435125489782498e-19
1159199.9999947613,-383437.30004498904,27188.184538478145,1.6214718703198444e-13,-0.072023467695131974,-1.0157531457453346,1.4270950117232957e-19
1160999.9999946565,-383562.5827020469,25359.526716743192,1.6239969631703605e-13,-0.067179220836234788,-1.0160850285668521,1.3963893346774603e-19
1162799.9999945518,-383679.1443235231,23530.292297339874,1.6264569821124049e-13,-0.062333446528405174,-1.0163938087342332,1.3279056099493121e-19
1164599.9999947613,-383786.9822591939,21700.522870949939,1.6288080211687567e-13,-0.057486254948367746,-1.0166794792268432,1.2803044655068755e-19
1166399.9999946565,-383886.0940571191,19870.260041517718,1.6310821044913091e-13,-0.052637756307980399,-1.0169420335493129,1.2570915875784957e-19
1168199.9999948661,-383976.47746381711,18039.545423319461,1.6333540392726544e-13,-0.04778806084647113,-1.0171814657320082,1.2749413913551194e-19
1169999.99999539,-384058.13042426133,16208.420640814862,1.6356557681871463e-13,-0.042937278830044619,-1.0173977703310142,1.2785299941073512e-19
1171799.9999952852,-384131.05108187109,14376.927329144528,1.6379245169418959e-13,-0.038085520553200046,-1.0175909424281175,1.2449828413166651e-19
1173599.9999951804,-384195.2377786797,12545.107130324595,1.6401459015655602e-13,-0.033232896328650417,-1.0177609776312422,1.2321450897227776e-19
1175399.9999947613,-384250.68905526801,10713.001694734716,1.6423347744627414e-13,-0.028379516491264276,-1.0179078720742807,1.2023563814619173e-19
1177199.9999949709,-384297.40365087742,8880.6526776646951,1.6444648825192355e-13,-0.023525491388917488,-1.0180316224173933,1.1596096323006223e-19
1178999.9999948661,-384335.38050333492,7048.1017419910513,1.6465398906192285e-13,-0.018670931389583686,-1.0181322258468051,1.1426233433932642e-19
1180799.9999950756,-384364.61874917254,5215.3905538139916,1.6485802824482334e-13,-0.013815946869776262,-1.0182096800751297,1.1167047680531779e-19
1182599.9999952852,-384385.11772359477,3382.5607837131611,1.6505721136164227e-13,-0.008960648217874994,-1.0182639833412741,1.097025221875053e-19
1184399.9999951804,-384396.87696051702,1549.6541050300061,1.6525301892063241e-13,-0.0041051458295759012,-1.0182951344105484,1.0799241168536681e-19
1186199.99999539,-384399.89619257633,-283.28780827979216,1.6544561680060812e-13,0.00075044989779791656,-1.0183031325746865,1.0596477983416454e-19
1187999.9999952852,-384394.1753511235,-2116.2232803048546,1.6563420902554997e-13,0.0056060285617425352,-1.018287977651831,1.0354377459253963e-19
1189799.9999951804,-384379.71456623223,-3949.1106360714643,1.6581865350646802e-13,0.010461479762237973,-1.0182496699865573,1.0160518406978323e-19
1191599.99999539,-384356.51416669128,-5781.9082015216345,1.6599917014134672e-13,0.015316693101690058,-1.018188210449853,9.8441932156656575e-20
1193399.9999959138,-384324.57468000572,-7614.5743042532858,1.6617449552307172e-13,0.020171558186891259,-1.0181036004391151,9.6216873165533057e-20
1195199.9999964377,-384283.89683238382,-9447.0672748987236,1.6634489055018705e-13,0.025025964632672343,-1.0179958418781223,9.4393967116389074e-20
1196999.9999960186,-384234.48154873861,-11279.34544741131,1.6651363227556721e-13,0.029879802062661838,-1.0178649372170356,9.3248740297306482e-20
1198799.9999965425,-384176.32995257818,-13111.367163040173,1.6668001794682869e-13,0.03473296011981529,-1.017710889432109,9.0478404231380806e-20
1200599.9999964377,-384109.44336613372,-14943.090765855026,1.6683925129644117e-13,0.039585328454560038,-1.0175337020260278,8.7529264304996642e-20
1202399.9999966472,-384033.82331016997,-16774.474608973454,1.669957367624168e-13,0.044436796741292015,-1.0173333790274104,8.6034468717744492e-20
1204199.9999968568,-383949.47150405537,-18605.477052244347,1.671496661445e-13,0.049287254672238871,-1.017109924990987,8.5974838755242961e-20
1205999.999996752,-383856.3898657253,-20436.056463601926,1.6729707726156496e-13,0.054136591961046886,-1.0168633449975073,7.8733408713944615e-20
1207799.9999972759,-383754.5805115134,-22266.171222385565,1.6743426965588799e-13,0.058984698351575285,-1.0165936446532922,7.5858168969756451e-20
1209599.9999968568,-383644.04575633467,-24095.779715948211,1.6756564042656937e-13,0.063831463608911898,-1.0163008300907184,7.0753935849442293e-20
1211399.9999964377,-383524.78811336396,-25924.840345476227,1.676922152555358e-13,0.068676777534790373,-1.0159849079673684,6.9381852262914913e-20
1213199.9999957043,-383396.81029417604,-27753.311523429235,1.6781765518094721e-13,0.073520529960808045,-1.0156458854663997,6.8681419803478562e-20
1214999.9999952852,-383260.11520856002,-29581.151676483478,1.6794326393699721e-13,0.078362610756222861,-1.0152837702960533,6.9782097083190738e-20
1216799.9999948661,-383114.70596455765,-31408.319244943494,1.6806592064081505e-13,0.083202909826395416,-1.0148985706897566,6.7588869273479128e-20
1218599.9999947613,-382960.58586829074,-33234.772685067102,1.6818182218539446e-13,0.088041317118947415,-1.0144902954056665,6.4716168216378275e-20
1220399.9999946565,-382797.75842401368,-35060.470468446561,1.6829117694159581e-13,0.092877722622122752,-1.0140589537268065,5.7296008772985409e-20
1222199.9999948661,-382626.22733388701,-36885.371084698781,1.683907709497019e-13,0.097712016371914068,-1.013604555460466,5.0337346857204994e-20
1223999.99999539,-382445.99649800669,-38709.433041079821,1.6848161368859341e-13,0.10254408845104108,-1.0131271109382824,4.9389421950020548e-20
1225799.9999952852,-382257.07001434424,-40532.614863277937,1.6856629964514749e-13,0.10737382899105204,-1.012626631016079,4.6173330345832275e-20
1227599.9999954947,-382059.45217842888,-42354.87509851205,1.6864784095138968e-13,0.11220112818053113,-1.012103127073023,4.313922513819069e-20
1229399.99999539,-381853.14748354902,-44176.172313581497,1.6872727492557924e-13,0.11702587625993272,-1.0115566110121617,4.4524752381694169e-20
1231199.9999952852,-381638.1606204065,-45996.465098099347,1.6879838459689324e-13,0.12184796353014642,-1.0109870952595015,2.737539866969905e-20
1232999.9999951804,-381414.49647714361,-47815.712064191459,1.6884532398577598e-13,0.12666728035169972,-1.0103945927640847,2.6057489924312919e-20
1234799.9999957043,-381182.16013910965,-49633.871848430434,1.6889844232572974e-13,0.1314837171498815,-1.0097791169973716,2.8873953528734441e-20
1236599.9999955995,-380941.15688906045,-51450.903110333995,1.6894393310520878e-13,0.13629716441076356,-1.0091406819537627,2.1053030045657724e-20
1238399.9999954947,-380691.49220661022,-53266.76453666592,1.6898192859419844e-13,0.14110751269259486,-1.0084793021491525,2.1817977314946975e-20
1240199.99999539,-380433.17176836921,-55081.414840300946,1.6902263352946104e-13,0.14591465262279393,-1.0077949926212926,2.1921517004600519e-20
1241999.9999952852,-380166.20144775225,-56894.812761652211,1.6905877190785209e-13,0.15071847490173068,-1.0070877689292843,2.0991882829743424e-20
1243799.9999951804,-379890.58731487027,-58706.917069454103,1.6908056223083687e-13,0.15551887030479977,-1.0063576471532889,5.7412711909059665e-21
1245599.9999950756,-379606.3356363104,-60517.686562237643,1.6909525656390484e-13,0.1603157296863299,-1.0056046438939505,6.0076601921643067e-21
1247399.9999946565,-379313.45287513122,-62327.080068365482,1.6910488855014926e-13,0.16510894397967518,-1.0048287762723787,-2.4057723021580238e-21
1249199.9999942374,-379011.94569057238,-64135.056447896532,1.6909474674040965e-13,0.16989840420215579,-1.0040300619293796,-8.1978118883452581e-21
1250999.999994447,-378701.82093783858,-65941.574593833415,1.6907040499351299e-13,0.17468400145836224,-1.0032085190248865,-2.0409999991920356e-20
1252799.9999946565,-378383.08566831256,-67746.593430894238,1.6902927826510579e-13,0.17946562693690149,-1.0023641662385243,-2.3947903861293558e-20
1254599.9999945518,-378055.74712915457,-69550.071917947571,1.689884206179042e-13,0.1842431719168478,-1.0014970227685436,-1.7750439378127361e-20
1256399.999994447,-377719.81276295212,-71351.969049921303,1.6895806545628488e-13,0.18901652777279906,-1.0006071083308943,-1.5976626652859038e-20
1258199.9999949709,-377375.29020769772,-73152.24385784351,1.6893365799324193e-13,0.19378558597498452,-0.99969444315917322,-1.3213732011612358e-20
1259999.9999951804,-377022.18729695491,-74950.855408041476,1.6889298106179965e-13,0.19855023808714442,-0.9987590480050581,-3.8109708562828135e-20
1261799.9999947613,-376660.51205928955,-76747.762805190665,1.6881363386094541e-13,0.20331037577460612,-0.99780094413679965,-4.7767085760470942e-20
1263599.9999952852,-376290.27271777182,-78542.925194689655,1.6871834664035671e-13,0.20806589081057486,-0.99682015333790575,-6.3586343975190566e-20
1265399.9999954947,-375911.47769073996,-80336.301758911766,1.685939289863325e-13,0.21281667506620508,-0.99581669790916227,-6.7006587224369202e-20
1267199.99999539,-375524.1355908126,-82127.8517220785,1.6846951264281698e-13,0.21756262052350991,-0.99479060066601865,-7.2648982481473412e-20
1268999.9999949709,-375128.25522495888,-83917.53434985863,1.6833097308552539e-13,0.2223036192742992,-0.99374188493877535,-8.9513427916207944e-20
1270799.9999945518,-374723.84559427813,-85705.30895039902,1.6818805937035933e-13,0.22703956352291074,-0.99267057457199315,-7.6604505982827714e-20
1272599.9999950756,-374310.91589357576,-87491.134876175973,1.6805093283473794e-13,0.23177034559111351,-0.99157669392337899,-7.6672135287415586e-20
1274399.9999949709,-373889.47551195306,-89274.971521482832,1.6790645348062318e-13,0.23649585791145389,-0.99046026786533925,-8.1159234969167038e-20
1276199.9999948661,-373459.53403147461,-91056.778328194792,1.6775539220618492e-13,0.24121599304252489,-0.98932132178145715,-9.0475865037691296e-20
1277999.9999947613,-373021.10122771363,-92836.514783389124,1.6760455072429009e-13,0.24593064366266421,-0.988159881567932,-7.6447130147965957e-20
1279799.9999946565,-372574.18706934358,-94614.14042108976,1.6745226078371978e-13,0.25063970257457346,-0.98697597363250267,-8.8097033854326217e-20
1281599.9999945518,-372118.8017177367,-96389.614823881275,1.6728987587597699e-13,0.25534306270959567,-0.98576962489337716,-9.3668442194176069e-20
1283399.999994447,-371654.95552700496,-98162.897622735967,1.6709524234315333e-13,0.26004061712725651,-0.98454086277934982,-1.1832211924344201e-19
1285199.9999949709,-371182.65904347226,-99933.948499076447,1.6688200454824067e-13,0.26473225902072789,-0.9832897152283917,-1.2035972240714028e-19
1286999.9999951804,-370701.92300586915,-101702.72718403937,1.6670280259726338e-13,0.26941788171487757,-0.98201621068817879,-9.2352433511374672e-20
1288799.9999950756,-370212.75834469468,-103469.19346090504,1.6653425886423299e-13,0.27409737867270634,-0.98072037811439261,-9.6353925639658544e-20
1290599.9999946565,-369715.17618202406,-105233.30716576545,1.6636904707744883e-13,0.27877064349711611,-0.97940224697021727,-9.5135177968496705e-20
1292399.9999945518,-369209.18783124053,-106995.02818847416,1.6622730088722971e-13,0.28343756993342795,-0.97806184722562151,-5.8349573147234256e-20
1294199.9999947613,-368694.80479696178,-108754.31647290628,1.6611904409719322e-13,0.28809805187006959,-0.97669920935717036,-7.8070202565022217e-20
1295999.9999952852,-368172.03877464344,-110511.13201835653,1.6597643030084799e-13,0.29275198334227881,-0.97531436434697105,-8.038315588620228e-20
1297799.999995809,-367640.90165043087,-112265.43488005087,1.6580103792647159e-13,0.2973992585334595,-0.97390734368228282,-1.310460469701959e-19
1299599.99999539,-367101.40550107206,-114017.18516949165,1.6558911656372885e-13,0.30203977177609642,-0.97247817935528302,-9.195538532592006e-20
1301399.9999959138,-366553.56259251403,-115766.34305900669,1.6542692981594458e-13,0.30667341756380456,-0.97102690385935408,-9.6544071157046398e-20
1303199.9999954947,-365997.3853815138,-117512.86877654547,1.6527492792327196e-13,0.31130009053754543,-0.96955355019334633,-7.5880964129746692e-20
1304999.9999960186,-365432.88651336171,-119256.72261295783,1.6514968191431519e-13,0.3159196855049079,-0.96805815185554722,-7.3395752047461743e-20
1306799.9999959138,-364860.07882340165,-120997.86491720066,1.6501735003194407e-13,0.32053209742741012,-0.96654074284771307,-6.3168812882078323e-20
1308599.9999961234,-364278.975335314,-122736.2561016809,1.649077365989852e-13,0.32513722143465462,-0.96500135767051454,-5.3529403157753302e-20
1310399.9999963329,-363689.58926162642,-124471.85664065671,1.647885225521968e-13,0.32973495282009208,-0.96344003132489187,-6.0024947763310936e-20
1312199.9999959138,-363091.93400347506,-126204.62707101063,1.6465952762549343e-13,0.33432518704306957,-0.96185679931142609,-9.3702263295515552e-20
1313999.9999954947,-362486.02314945991,-127934.52799559358,1.6450280626202965e-13,0.33890781973768902,-0.9602516976273,-8.5200875236612476e-20
1315799.9999957043,-361871.87047593266,-129661.5200823304,1.6434473781650656e-13,0.34348274671043871,-0.95862476276706499,-8.9784595131777343e-20
1317599.9999959138,-361249.48994697712,-131385.56406432015,1.6415314341644612e-13,0.34804986394045739,-0.95697603172259016,-1.2137578399150002e-19
1319399.9999954947,-360618.89571395773,-133106.62074116128,1.6393029865947779e-13,0.35260906758304561,-0.95530554198186379,-1.2263860948165201e-19
1321199.9999960186,-359980.10211405507,-134824.65098293521,1.6365327046449604e-13,0.35716025398021883,-0.95361333152511363,-1.7067488407490009e-19
1322999.9999962281,-359333.12367180374,-136539.61572600657,1.6334854015010505e-13,0.36170331964958069,-0.95189943882888262,-1.6987879101199049e-19
1324799.9999961234,-358677.97509766073,-138251.47597694647,1.6301946443623911e-13,0.36623816129471731,-0.9501639028622344,-1.8833792477331309e-19
1326599.9999960186,-358014.67128745455,-139960.19281393706,1.6268886255782089e-13,0.37076467580891814,-0.9484067630852967,-1.9876781769435304e-19
1328399.9999955995,-357343.22732288798,-141665.72738546474,1.6232216849800193e-13,0.37528276027171276,-0.94662805945059103,-1.934567237957972e-19
1330199.9999954947,-356663.65847030852,-143368.04091348869,1.6198733783847934e-13,0.37979231195726643,-0.94482783239977686,-1.8614228264841723e-19
1331999.99999539,-355975.98018105637,-145067.09469254166,1.6168435013523725e-13,0.38429322833199586,-0.94300612286457164,-1.4365214157850463e-19
1333799.9999949709,-355280.20809110458,-146762.85009067328,1.6144213800908553e-13,0.38878540705707043,-0.94116297226579848,-1.2754184748741425e-19
1335599.9999951804,-354576.35801968811,-148455.26855279563,1.6121759773969929e-13,0.39326874599727346,-0.9392984225097547,-1.3312927102151943e-19
1337399.9999957043,-353864.44597034244,-150144.31159813993,1.6098543317822391e-13,0.39774314321426452,-0.9374125159909642,-1.2823679528025975e-19
1339199.9999962281,-353144.4881298439,-151829.94082285173,1.6077069736634289e-13,0.40220849697345507,-0.9355052955893679,-1.1173563423730032e-19
1340999.999995809,-352416.50086817233,-153512.11790009358,1.6055484918793021e-13,0.4066647057442801,-0.93357680467022641,-1.2110447986814706e-19
1342799.9999957043,-351680.5007371321,-155190.80458323818,1.6032477440077754e-13,0.41111166820865741,-0.93162708708046671,-1.2944074837817767e-19
1344599.9999955995,-350936.50447115593,-156865.96270398711,1.6010908850160153e-13,0.41554928325600354,-0.92965618715081078,-1.1595631427400679e-19
1346399.9999954947,-350184.5289864369,-158537.55417438014,1.5989607632709349e-13,0.41997744998855618,-0.9276641496934791,-1.2052978597620946e-19
1348199.9999950756,-349424.5913807872,-160205.5409871247,1.5965672812758906e-13,0.42439606772224853,-0.92565102000181165,-1.4391874929772458e-19
1349999.9999949709,-348656.70893251296,-161869.88521807283,1.594129826180359e-13,0.42880503599326864,-0.92361684384729092,-1.1798029118573723e-19
1351799.9999948661,-347880.89910111303,-163530.549024687,1.5914058875735621e-13,0.43320425455399758,-0.92156166748139268,-1.9015214408068011e-19
1353599.9999950756,-347097.17952588759,-165187.49464906412,1.5881626239489549e-13,0.43759362338101826,-0.91948553763189977,-1.7324095405801424e-19
1355399.9999949709,-346305.56802663038,-166840.68441646817,1.5846201432326754e-13,0.44197304267123011,-0.9173885015047345,-2.2742342079584935e-19
1357199.9999951804,-345506.08260177728,-168490.08073923487,1.5803245638037325e-13,0.44634241285219117,-0.91527060677905392,-2.5229588560650627e-19
1358999.9999950756,-344698.741429449,-170135.64611458316,1.5755870772234955e-13,0.4507016345763219,-0.91313190161001601,-2.7722058868944806e-19
1360799.9999952852,-343883.56286583608,-171777.34312795658,1.5706857262559713e-13,0.45505060872975522,-0.91097243462449562,-2.7393200010838293e-19
1362599.9999948661,-343060.56544605299,-173415.13445129132,1.5655810449882086e-13,0.45938923642775009,-0.90879225492335325,-2.862572081058065e-19
1364399.9999950756,-342229.7678818425,-175048.9828476148,1.5601043272203281e-13,0.46371741902687258,-0.90659141207534799,-3.1064461114971865e-19
1366199.9999949709,-341391.18906354997,-176678.85116712374,1.5545019183217801e-13,0.46803505811460644,-0.90436995612237159,-3.0057313954937959e-19
1367999.9999945518,-340544.84805791074,-178304.70235157566,1.5492627589225182e-13,0.47234205552098601,-0.90212793757358456,-2.5698148103499988e-19
1369799.9999947613,-339690.76410760946,-179926.4994350854,1.5446306140465407e-13,0.47663831332070744,-0.89986540740425103,-2.4784031405208865e-19
1371599.9999946565,-338828.9566322969,-181544.20554219233,1.5403920033225916e-13,0.48092373382800835,-0.89758241705842989,-2.3759995435094203e-19
1373399.9999948661,-337959.44522657263,-183157.78389170553,1.5363554768446032e-13,0.485198219606853,-0.89527901844363378,-2.0002439084523274e-19
1375199.99999539,-337082.24966053903,-184767.19779564685,1.5326901105843308e-13,0.4894616734681343,-0.89295526393229319,-2.103716386669151e-19
1376999.9999955995,-336197.38987905812,-186372.4106606509,1.5291268301131987e-13,0.49371399847337888,-0.89061120635978908,-1.8281625743952397e-19
1378799.9999954947,-335304.88600134349,-187973.38598871807,1.5258913541840101e-13,0.49795509793674664,-0.88824689902337395,-1.6159865084303433e-19
1380599.9999957043,-334404.7583196694,-189570.08737952419,1.5231449682763952e-13,0.50218487543114509,-0.8858623956787508,-1.3075682772755727e-19
1382399.9999952852,-333497.02730071312,-191162.47852802902,1.5211103022319071e-13,0.50640323478189664,-0.88345775054362807,-9.3177600905353473e-20
1384199.9999948661,-332581.71358329273,-192750.52322850563,1.5196577827786412e-13,0.51061008007741093,-0.88103301829172831,-7.4109303510695042e-20
1385999.9999950756,-331658.83797847689,-194334.18537430454,1.5180009463397923e-13,0.51480531566856236,-0.87858825405307628,-1.1535395792913462e-19
1387799.9999949709,-330728.42146995704,-195913.42895723169,1.516064928781125e-13,0.51898884616703911,-0.87612351341498895,-1.1062513227347709e-19
1389599.9999951804,-329790.48521229537,-197488.21807056232,1.5143802508443973e-13,0.52316057645333058,-0.87363885241743144,-8.3709758973949929e-20
1391399.99999539,-328845.05053153535,-199058.51690799903,1.5126688536937441e-13,0.52732041167396504,-0.87113432755463616,-1.158827550535904e-19
1393199.9999952852,-327892.13892406935,-200624.28976559025,1.5103629892195543e-13,0.53146825724659075,-0.86860999577210063,-1.3043217980236116e-19
1394999.999995809,-326931.77205570263,-202185.50104325265,1.5079323756871169e-13,0.53560401886401288,-0.86606591446411019,-1.4944184219586875e-19
1396799.9999960186,-325963.97176257073,-203742.11524327283,1.5051259199171486e-13,0.53972760249021978,-0.86350214147616666,-1.6401139355224336e-19
1398599.9999955995,-324988.7600497948,-205294.09697252759,1.5026653994152639e-13,0.54383891436626786,-0.86091873510142936,-8.2295603076511053e-20
1400399.9999951804,-324006.15909033408,-206841.41094430088,1.5014072199448364e-13,0.54793786101509445,-0.85831575407767025,-8.4705670516985817e-20
1402199.9999957043,-323016.19122516119,-208384.02197797495,1.4998022578681334e-13,0.5520243492406971,-0.85569325758774151,-8.945245500451075e-20
1403999.9999962281,-322018.87896337593,-209921.89499887946,1.498167728067101e-13,0.55609828612773726,-0.85305130525987616,-9.5784246849387514e-20
1405799.999995809,-321014.24498140189,-211454.99503958091,1.4964012739066345e-13,0.56015957904495428,-0.85038995716556065,-9.2977754770530613e-20
1407599.99999539,-320002.31212103693,-212983.28724285791,1.4944205908535705e-13,0.56420813565304684,-0.84770927381437,-1.1901809922005043e-19
1409399.9999949709,-318983.10339059093,-214506.73685994366,1.4923528691872956e-13,0.56824386390001802,-0.84500931615698183,-9.2916204230748038e-20
1411199.9999951804,-317956.64196328062,-216025.30925295287,1.4907129001134018e-13,0.57226667202760351,-0.84229014558092208,-8.1237921358145667e-20
1412999.99999539,-316922.95117799699,-217538.96989374212,1.4889167443243401e-13,0.57627646856825443,-0.83955182391260219,-9.4575556332858608e-20
1414799.9999955995,-315882.05453780532,-219047.68436615393,1.4871035164522175e-13,0.58027316235107917,-0.83679441341334238,-1.0309416026998153e-19
1416599.9999951804,-314833.97570981295,-220551.41836620698,1.4853027924231675e-13,0.58425666250235064,-0.83401797677902167,-9.2744869121181282e-20
1418399.9999950756,-313778.73852359375,-222050.13770435777,1.4834659684047361e-13,0.58822687845149468,-0.83122257713590353,-1.1807899948345174e-19
1420199.9999946565,-312716.3669723355,-223543.80830385542,1.4813526245849981e-13,0.5921837199267318,-0.82840827804367922,-1.0056071189011372e-19
1421999.9999945518,-311646.88521076238,-225032.39620369903,1.479397855604566e-13,0.59612709696291488,-0.82557514348995897,-9.5934287121025271e-20
1423799.999994447,-310570.31755590765,-226515.86755754743,1.4777743911686909e-13,0.60005691989863785,-0.82272323789232504,-7.7130925269511538e-20
1425599.9999946565,-309486.68848527368,-227994.18863628476,1.476275946950801e-13,0.60397309938303279,-0.81985262609344967,-1.1133851490542439e-19
1427399.9999948661,-308396.0226373839,-229467.3258272513,1.4745233339763237e-13,0.60787554637373131,-0.81696337336256308,-8.6552859489776586e-20
1429199.9999947613,-307298.34481090761,-230935.24563545713,1.4727281995611513e-13,0.61176417214008294,-0.81405554539313663,-1.1072281033012683e-19
1430999.9999946565,-306193.67996356671,-232397.91468505457,1.4707165352961796e-13,0.61563888826705271,-0.81112920829997937,-1.1867478906284762e-19
1432799.9999942374,-305082.0532120617,-233855.2997194264,1.4687766260648965e-13,0.61949960665545578,-0.80818442861904516,-1.4629687936254521e-19
1434599.9999947613,-303963.48983073112,-235307.36760294143,1.4663161288301938e-13,0.62334623952660817,-0.80522127330388882,-1.122629676709669e-19
1436399.9999943422,-302838.01525348978,-236754.08531845559,1.4643356530106956e-13,0.62717869941570636,-0.80223980973078923,-1.0014941076890378e-19
1438199.9999948661,-301705.65506897209,-238195.41997359804,1.4630181392062285e-13,0.63099689918848023,-0.79924010568588855,-5.7925981175021293e-20
1439999.9999950756,-300566.4350241099,-239631.33879614907,1.4623718749400994e-13,0.63480075202894914,-0.79622222937467269,-4.5635328635815684e-21
1441799.9999952852,-299420.38102130732,-241061.80913767588,1.462278044224606e-13,0.6385901714490535,-0.79318624941448346,-4.6572478073586516e-20
1443599.9999948661,-298267.51911877468,-242486.79847310961,1.4614125810703766e-13,0.64236507128753217,-0.79013223483540451,-5.0304724807500533e-20
1445399.9999947613,-297107.87552835944,-243906.27440342942,1.4605509797405059e-13,0.6461253657170356,-0.78706025507451605,-5.2053213359519132e-20
1447199.9999943422,-295941.47661709966,-245320.20465373798,1.4595911090410953e-13,0.64987096923902532,-0.78397037998001007,-6.1117946558612577e-20
1448999.9999945518,-294768.34890485473,-246728.557076169,1.4582733754701543e-13,0.65360179669147911,-0.78086267980491009,-5.5452301600068265e-20
1450799.9999941327,-293588.51906578511,-248131.2996481075,1.4573422744979261e-13,0.65731776324417246,-0.77773722521099908,-6.3579446827264004e-20
1452599.9999940279,-292402.01392474037,-249528.40047651727,1.4563170289415719e-13,0.66101878441014461,-0.77459408725924228,-5.2528308669775924e-20
1454399.9999936088,-291208.86045980424,-250919.82779490596,1.4556740230117294e-13,0.66470477603765987,-0.77143333741653453,-2.423843917662052e-20
1456199.999993504,-290009.0857993504,-252305.54996680867,1.4551825757394369e-13,0.66837565431943458,-0.76825504754790097,1.7836463585078839e-20
1457999.9999933993,-288802.71722248633,-253685.53548525245,1.455363659737673e-13,0.67203133579121777,-0.76505928991767069,-9.2131449256484779e-21
1459799.9999936088,-287589.78215826704,-255059.7529736695,1.4555565471260744e-13,0.6756717373342116,-0.76184613718739347,5.3781455335981293e-20
1461599.9999931897,-286370.30818577722,-256428.17118582368,1.4566303807663232e-13,0.67929677617487483,-0.75861566241606049,7.1582324653183448e-20
1463399.9999937136,-285144.32303106511,-257790.75900925789,1.4581835447452981e-13,0.68290636989405951,-0.75536793905197752,1.0725112575109621e-19
1465199.9999936088,-283911.85457019811,-259147.48546187204,1.4601940284548745e-13,0.68650043641794056,-0.75210304094086455,1.3957548487378472e-19
1466999.9999938183,-282672.9308253015,-260498.31969634266,1.4628894453207107e-13,0.69007889402972555,-0.74882104231535829,1.5177222123834005e-19
1468799.9999933993,-281427.57996609015,-261843.23099842193,1.4649819989502635e-13,0.69364166136515193,-0.74552201779907079,1.1697464632128936e-19
1470599.9999929802,-280175.8303076665,-263182.18878934137,1.4665565424475695e-13,0.69718865741884828,-0.74220604240075605,6.045802495297234e-20
1472399.9999925611,-278917.71031112177,-264515.16262515465,1.4675114435217561e-13,0.70071980154259905,-0.7388731915159038,5.345221660091579e-20
1474199.9999924563,-277653.2485819087,-265842.12219848135,1.4689518773064724e-13,0.70423501344996042,-0.73552354092242689,1.2015153133648409e-19
1475999.9999923515,-276382.47387017187,-267163.03733815398,1.4709956948957694e-13,0.70773421321532815,-0.73215716678154019,1.0006221781900942e-19
1477799.9999922467,-275105.41506945988,-268477.87801058294,1.4730373907821366e-13,0.71121732127754955,-0.72877414563434095,1.1660269494085664e-19
1479599.999992142,-273822.10121622309,-269786.61432027235,1.4747024652002768e-13,0.71468425844129346,-0.72537455440048804,7.7796557298932212e-20
1481399.9999923515,-272532.56148893334,-271089.21651072276,1.4761223216868375e-13,0.71813494587944116,-0.72195847037586336,9.786093787123399e-20
1483199.9999925611,-271236.82520770171,-272385.65496481938,1.4773774869249392e-13,0.72156930513411133,-0.7185259712315627,1.9823006993018135e-20
1484999.9999927706,-269934.9218337856,-273675.90020533727,1.4776972475634753e-13,0.72498725811800335,-0.71507713501258774,-8.0499461026085472e-21
1486799.9999932945,-268626.88096827496,-274959.92289625236,1.4776164059350643e-13,0.72838872711786751,-0.71161204013436674,-2.8653975878429012e-21
1488599.999993504,-267312.73235237162,-276237.69384246878,1.4771645349939684e-13,0.7317736347937831,-0.70813076538349407,-2.5451658308399637e-20
1490399.9999933993,-265992.50586578809,-277509.18399139709,1.4764095682178634e-13,0.73514190418333691,-0.70463338991349,-5.2999714703725904e-20
1492199.9999936088,-264666.23152617109,-278774.36443349678,1.4748540670865583e-13,0.73849345870306671,-0.70111999324327257,-1.4080289337441997e-19
1493999.9999931897,-263333.93948927266,-280033.20640212344,1.4717867288823865e-13,0.74182822214804855,-0.69759065525760877,-1.7131384414799618e-19
1495799.9999927706,-261995.66004713968,-281285.68127525318,1.4684381361470175e-13,0.74514611869647307,-0.69404545620232316,-2.0438550417114869e-19
1497599.9999929802,-260651.42362764568,-282531.76057591033,1.4644557448670681e-13,0.74844707291076895,-0.69048447668305291,-2.212088740136001e-19
1499399.9999925611,-259301.26079536843,-283771.41597136395,1.4602233989484681e-13,0.75173100973548501,-0.68690779766757504,-2.3616701128548727e-19
1501199.9999924563,-257945.20224825374,-285004.61927622021,1.4556238423398916e-13,0.75499785450547197,-0.68331550047696943,-2.8825660880567475e-19
1502999.9999923515,-256583.27881901735,-286231.34245111974,1.4503592184711332e-13,0.75824753294243752,-0.67970766678932937,-2.9252070149131564e-19
1504799.9999922467,-255215.52147378362,-287451.55760399177,1.4451677295891852e-13,0.76147997115826982,-0.67608437863615933,-2.9000233123569376e-19
1506599.999992142,-253841.96131120843,-288665.2369908446,1.4398473183188484e-13,0.7646950956571269,-0.67244571840004663,-2.9647038780782557e-19
1508399.9999920372,-252462.62956167478,-289872.35301647504,1.4348774960272901e-13,0.76789283333731984,-0.66879176881253699,-2.5558653756829937e-19
1510199.9999919324,-251077.55758714452,-291072.87823460315,1.4303391069915956e-13,0.7710731114916668,-0.66512261295373443,-2.3470727237736805e-19
1511999.9999918276,-249686.77687960013,-292266.78534923214,1.4259569275212363e-13,0.77423585781109738,-0.66143833424817899,-2.710425167233958e-19
1513799.9999914085,-248290.31906159534,-293454.04721417732,1.4208212699819775e-13,0.7773810003834043,-0.65773901646630206,-2.9420452725923443e-19
1515599.9999913038,-246888.21588382218,-294634.636835151,1.4153993881791701e-13,0.78050846769876736,-0.65402474371798447,-3.2573453273691809e-19
1517399.9999915133,-245480.49922579073,-295808.52736917516,1.4093183642604e-13,0.78361818864819643,-0.65029560045435419,-3.2864300676627904e-19
1519199.9999910942,-244067.20109530987,-296975.6921250415,1.40373764619033e-13,0.78671009252474744,-0.64655167146641168,-2.808585281203507e-19
1520999.9999906751,-242648.35362583195,-298136.1045655121,1.3977557166612463e-13,0.78978410902936036,-0.64279304187799635,-3.7490673503273568e-19
1522799.999991199,-241223.9890770902,-299289.73830677272,1.3910793705446166e-13,0.79284016826940007,-0.63901979714747592,-3.4797560394829149e-19
1524599.9999914085,-239794.13983557696,-300436.56711806759,1.385566995393874e-13,0.79587820075769766,-0.63523202306901061,-2.1397410980079249e-19
1526399.9999919324,-238358.8384113175,-301576.56492431619,1.381737288820828e-13,0.79889813741947924,-0.63142980576400898,-2.2705265241634268e-19
1528199.9999918276,-236918.11743927127,-302709.70580498548,1.3774774582606103e-13,0.8018999095893754,-0.62761323168484018,-2.2749859099040971e-19
1529999.9999917229,-235472.00967672316,-303835.96399616287,1.3729852293435059e-13,0.80488344901691877,-0.6237823876079206,-3.1322677136622899e-19
1531799.9999919324,-234020.54800328132,-304955.31389053754,1.3678181234482799e-13,0.80784868786649111,-0.61993736063371063,-2.7418549548517638e-19
1533599.999992142,-232563.76542102901,-306067.73003729439,1.3633787830204761e-13,0.81079555871704023,-0.61607823818711516,-2.5469839572088643e-19
1535399.9999926658,-231101.69505244898,-307173.18714371591,1.3581054377583558e-13,0.81372399456632927,-0.61220510801198835,-3.6657018398063117e-19
1537199.9999922467,-229634.37014154374,-308271.66007434233,1.3514743481793719e-13,0.81663392882870589,-0.60831805817409779,-3.7134798895459996e-19
1538999.999992142,-228161.82404974799,-309363.12385404686,1.3451401364215068e-13,0.81952529534325214,-0.60441717705029552,-3.2800622140734022e-19
1540799.9999920372,-226684.09025843139,-310447.55366614618,1.3392263736472011e-13,0.82239802836877951,-0.60050255333515212,-2.9914153946089509e-19
1542599.9999919324,-225201.2023669653,-311524.92485385906,1.3340804449838625e-13,0.82525206258769002,-0.59657427603583302,-2.8523690513980758e-19
1544399.9999918276,-223713.19409141559,-312595.21292125562,1.3291165059206187e-13,0.82808733310849258,-0.59263243446863567,-2.5694311904527796e-19
1546199.9999917229,-222220.09926471862,-313658.39353312925,1.3248274204835289e-13,0.83090377546546479,-0.5886771182594549,-2.0642402873521566e-19
1547999.9999919324,-220721.95183485409,-314714.4425163074,1.3214911915704975e-13,0.83370132562212507,-0.58470841733894607,-1.5955481012317551e-19
1549799.9999918276,-219218.78586590663,-315763.33585890854,1.3190830467896591e-13,0.83647991996926008,-0.58072642194533231,-9.0131958983208297e-20
1551599.9999917229,-217710.63553473735,-316805.04971268406,1.3171627171612317e-13,0.83923949533113462,-0.57673122261559051,-1.2342212309668154e-19
1553399.9999916181,-216197.53513201035,-317839.5603922882,1.3149089134021506e-13,0.84197998896355453,-0.5727229101881719,-1.2884397749903862e-19
1555199.9999915133,-214679.51906101231,-318866.84437610302,1.3129399090107433e-13,0.84470133855605034,-0.56870157579987068,-6.9409938236556312e-20
1556999.9999914085,-213156.62183691803,-319886.87830674357,1.3115608384778831e-13,0.84740348223322126,-0.56466731088388145,-8.1436032088655609e-20
1558799.9999916181,-211628.8780853702,-320899.63899201248,1.3105322744383191e-13,0.85008635855725734,-0.56062020716603567,-4.822857016511314e-20
1560599.9999918276,-210096.32254287548,-321905.10340463655,1.3098714929446946e-13,0.85274990652724647,-0.55656035666585291,-5.1399489388272576e-20
1562399.9999917229,-208558.99005518854,-322903.24868334783,1.3088504025891265e-13,0.85539406558203668,-0.55248785169225778,-7.4146006523544415e-20
1564199.9999922467,-207016.91557595681,-323894.05213375733,1.3076751344025854e-13,0.85801877560254869,-0.54840278483999083,-6.1565912259130536e-20
1565999.9999924563,-205470.13416771416,-324877.49122771563,1.3065314837534271e-13,0.86062397691008441,-0.54430524899224031,-3.4857703078085836e-20
1567799.9999926658,-203918.68099943071,-325853.54360489582,1.3058049324130227e-13,0.8632096102705199,-0.54019533731415226,-5.8967508287313671e-20
1569599.9999931897,-202362.5913461835,-326822.18707299011,1.3049922839152582e-13,0.8657756168948274,-0.53607314325195732,-4.8307376978498312e-20
1571399.9999927706,-200801.90058950381,-327783.39960750763,1.3037481477537162e-13,0.868321938438537,-0.53193876053389133,-6.0581698260293267e-20
1573199.9999923515,-199236.64421409002,-328737.1593538131,1.3023777462129778e-13,0.87084851700713828,-0.52779228316148641,-1.2467079424365175e-19
1574999.9999919324,-197666.85780923977,-329683.44462623476,1.3004863679376119e-13,0.87335529515371724,-0.52363380541336746,-6.7813006958713967e-20
1576799.9999918276,-196092.57706657122,-330622.23390945379,1.2990323848838019e-13,0.87584221588263855,-0.51946342183921235,-8.5414090947636958e-20
1578599.9999920372,-194513.83778044974,-331553.50585824624,1.2974897806850778e-13,0.87830922264885813,-0.51528122726088377,-6.7626703731619729e-20
1580399.9999919324,-192930.67584703481,-332477.23929806607,1.2964227496058128e-13,0.88075625935947255,-0.51108731676990571,-6.6063974756970256e-20
1582199.9999918276,-191343.12726227369,-333393.41322622425,1.2953698225813543e-13,0.88318327037683875,-0.50688178572214571,-5.6907882940025791e-20
1583999.9999914085,-189751.22812251683,-334302.0068115269,1.2945871646404846e-13,0.88559020051761672,-0.50266472973944609,-5.5855801392075152e-20
1585799.9999909895,-188155.01462237904,-335202.99939551001,1.2934942006555432e-13,0.88797699505604188,-0.49843624470396092,-9.2697253156505364e-20
1587599.9999908847,-186554.52305453626,-336096.37049254548,1.2923019523539419e-13,0.89034359972420252,-0.49419642675761405,-4.0674989905665797e-20
1589399.9999907799,-184949.78980968089,-336982.09978987643,1.2908272433998159e-13,0.89268996071213513,-0.48994537230198187,-1.065921646789261e-19
1591199.9999909895,-183340.85137420092,-337860.1671489132,1.2890515519573413e-13,0.8950160246712594,-0.48568317799214461,-9.7606235314757255e-20
1592999.9999905704,-181727.74433097785,-338730.55260479514,1.2876571174971799e-13,0.89732173871321463,-0.48140994073880244,-6.4612152146578285e-20
1594799.9999910942,-180110.50535608947,-339593.23636817822,1.2865323719098684e-13,0.89960705041459732,-0.47712575769953863,-1.6600348809068544e-20
1596599.9999913038,-178489.1712214743,-340448.19882380386,1.2867911290633824e-13,0.90187190781316784,-0.47283072628587808,1.7408154767148141e-20
1598399.9999915133,-176863.77879096832,-341295.42053262284,1.2872447903911828e-13,0.90411625941347828,-0.46852494415278878,1.031023857473401e-19
1600199.9999914085,-175234.36502159908,-342134.88223110855,1.2889968394466984e-13,0.90634005418505315,-0.46420850920211032,8.165988310735173e-20
1601999.9999913038,-173600.96696052395,-342966.56483284704,1.2905458306639544e-13,0.90854324156659949,-0.45988151957444223,1.1060453336980194e-19
1603799.9999908847,-171963.62174674153,-343790.4494276545,1.2929016772902213e-13,0.91072577146367306,-0.45554407365367855,1.2383590525624161e-19
1605599.9999907799,-170322.36660788173,-344606.51728321321,1.2958116812197451e-13,0.91288759425301025,-0.45119627005850327,2.1763100893436516e-19
1607399.9999903608,-168677.23886156909,-345414.74984438694,1.2994910035166132e-13,0.9150286607807111,-0.44683820764600379,2.1445708875597739e-19
1609199.999990256,-167028.27591259766,-346215.12873462704,1.3030582971322491e-13,0.91714892236596768,-0.4424699855041852,1.6854643780075326e-19
1610999.9999901513,-165375.51525337738,-347007.63575574639,1.3063740197365335e-13,0.91924833080046786,-0.43809170295315386,2.1941375695086432e-19
1612799.9999897322,-163718.99446291194,-347792.25288842677,1.3105750681464646e-13,0.92132683834973217,-0.43370345954240802,2.6856135334767544e-19
1614599.999990256,-162058.75120427704,-348568.96229340881,1.3158856465631592e-13,0.92338439775627357,-0.42930535504416051,3.1759720636961759e-19
1616399.9999907799,-160394.82322714152,-349337.74631030782,1.3216763471170841e-13,0.92542096223645232,-0.42489748946001477,3.4086530353736384e-19
1618199.9999906751,-158727.2483645748,-350098.58745912812,1.3281516448596623e-13,0.92743648548449709,-0.42047996301250773,3.9379013505547325e-19
1619999.9999908847,-157056.06453134189,-350851.46844102867,1.335057030394022e-13,0.92943092167452668,-0.41605287614059505,4.1937270688272657e-19
1621799.9999910942,-155381.30972548373,-351596.37213760259,1.3425605407846164e-13,0.93140422545864088,-0.41161632950383598,3.7939875221195179e-19
1623599.9999906751,-153703.02202619161,-352333.28161185043,1.3493469775377961e-13,0.93335635196950284,-0.40717042397676256,3.8376692305938006e-19
1625399.999991199,-152021.23959135544,-353062.18010924634,1.3557097289339368e-13,0.93528725682316405,-0.40271526064238561,3.246725630831103e-19
1627199.9999907799,-150336.00066098743,-353783.05105625209,1.3614500756313006e-13,0.9371968961151198,-0.39825094080126361,3.3744956091748682e-19
1628999.9999909895,-148647.34355091944,-354495.87806304474,1.3675163508100848e-13,0.93908522642754388,-0.39377756595480617,3.5767575430613238e-19
1630799.999991199,-146955.30665666508,-355200.64492185356,1.3741473365694611e-13,0.94095220482487885,-0.38929523781550773,3.8635231241739484e-19
1632599.9999910942,-145259.92845000466,-355897.33560842206,1.3809979617076367e-13,0.94279778885770948,-0.38480405829789621,3.4761908311850127e-19
1634399.9999906751,-143561.24747892356,-356585.93428202777,1.3862724485923664e-13,0.94462193656281679,-0.38030412951837389,2.6375324648334995e-19
1636199.9999908847,-141859.3023651102,-357266.42528649495,1.3915862774875078e-13,0.94642460646585824,-0.37579555378858659,3.1597286727209429e-19
1637999.9999904656,-140154.13180699467,-357938.79314897861,1.3972553171048878e-13,0.94820575757814696,-0.37127843362347557,3.1546960306536192e-19
1639799.9999909895,-138445.77457335585,-358603.02258251357,1.4034481934185504e-13,0.94996534940340638,-0.36675287172434029,3.8293811030967475e-19
1641599.999991199,-136734.26950822875,-359259.09848407714,1.4106413329232142e-13,0.95170334193263695,-0.36221897099183931,4.1277794157792181e-19
1643399.9999910942,-135019.65552563715,-359907.00593665446,1.4183675348485911e-13,0.95341969564958495,-0.35767683451203675,4.2373971126507494e-19
1645199.9999916181,-133301.9716100246,-360546.73020904651,1.4256401786189517e-13,0.95511437153024026,-0.35312656555754413,4.1931958302300843e-19
1646999.9999915133,-131581.25681736111,-361178.25675547338,1.4328529063590178e-13,0.95678733104177971,-0.34856826759045051,3.5467853175303115e-19
1648799.9999914085,-129857.55027099643,-361801.57121712057,1.4385375846576239e-13,0.95843853614666341,-0.34400204425133996,3.2843380303395276e-19
1650599.9999916181,-128130.89116227344,-362416.65942189249,1.4444060496934173e-13,0.96006794930198469,-0.33942799936091461,3.0105651466257954e-19
1652399.9999918276,-126401.31875035187,-363023.50738448557,1.4498546762862794e-13,0.96167553345966184,-0.33484623691952836,3.1640739394730079e-19
1654199.9999923515,-124668.87236046087,-363622.10130701662,1.4549072825964461e-13,0.96326125206810576,-0.33025686110255797,2.5413846636609061e-19
1655999.9999928754,-122933.59138298189,-364212.42757934163,1.4594671540480446e-13,0.96482506907305765,-0.32565997625797399,2.4514717916521998e-19
1657799.9999927706,-121195.51527379973,-364794.4727789436,1.463682294758101e-13,0.96636694891730124,-0.32105568690726877,2.4357705820775565e-19
1659599.9999923515,-119454.68355081494,-365368.22367211484,1.4685096648503684e-13,0.96788685654378559,-0.31644409773622001,3.3997191304015213e-19
1661399.9999925611,-117711.13579463359,-365933.66721370467,1.4735633732061515e-13,0.96938475739496288,-0.31182531359671661,2.2192144779675019e-19
1663199.9999927706,-115964.91164833802,-366490.79054720566,1.477367786220816e-13,0.97086061741301388,-0.30719943950615103,1.7190916050700172e-19
1664999.9999926658,-114216.05081638029,-367039.58100512909,1.4810385637433278e-13,0.97231440304084593,-0.30256658064448838,2.5700822629253378e-19
1666799.9999928754,-112464.59306190963,-367580.02610984753,1.4856961853524114e-13,0.9737460812243196,-0.2979268423471883,2.798451615411083e-19
1668599.9999933993,-110710.57820751182,-368112.11357335222,1.4907496666900864e-13,0.97515561941161077,-0.29328033010716126,2.7151531076271759e-19
1670399.9999929802,-108954.04613531857,-368635.83129724197,1.4958748816697138e-13,0.97654298555317876,-0.28862714957505897,3.0314833968414873e-19
1672199.9999928754,-107195.03678217228,-369151.16737417568,1.5013148028639296e-13,0.97790814810561599,-0.28396740654646607,3.2505133564367518e-19
1673999.9999927706,-105433.59014298307,-369658.11008686142,1.5083774606780032e-13,0.97925107602896855,-0.27930120697079258,4.3075088389213161e-19
1675799.9999929802,-103669.74626730506,-370156.64790907182,1.5163904934045473e-13,0.98057173878942538,-0.27462865694220434,4.3296595477940157e-19
1677599.9999925611,-101903.5452606261,-370646.76950528193,1.5243163076034255e-13,0.98187010635836003,-0.26994986270304033,4.6892191698155784e-19
1679399.9999924563,-100135.02727980127,-371128.4637319484,1.5335091178281118e-13,0.98314614921572085,-0.26526493063171436,5.6311609629826445e-19
1681199.9999923515,-98364.232535871794,-371601.71963671932,1.5431153847575826e-13,0.98439983834793399,-0.26057396725018367,4.9776552701860691e-19
1682999.9999928754,-96591.201290551136,-372066.52645939606,1.5526120578312942e-13,0.98563114525045448,-0.25587707921463937,5.0393177507316481e-19
1684799.9999927706,-94815.973858457175,-372522.87363134825,1.5615525619301549e-13,0.98684004192621666,-0.25117437332142029,4.9001634065247733e-19
1686599.9999926658,-93038.59060221877,-372970.75077679945,1.5702630143945926e-13,0.9880265008890371,-0.24646595649405109,4.8755292748306201e-19
1688399.9999928754,-91259.091933990654,-373410.14771241887,1.5785957901686557e-13,0.98919049516253643,-0.24175193578725246,4.4258613849497638e-19
1690199.9999927706,-89477.518314381785,-373841.05444760295,1.5858404586290913e-13,0.99033199828088159,-0.23703241838410496,4.0238391786868342e-19
1691999.9999929802,-87693.910250270696,-374263.46118500747,1.5934402380696002e-13,0.99145098429019951,-0.23230751159025967,4.4763887459833915e-19
1693799.9999931897,-85908.308295809577,-374677.358320306,1.6016965384024028e-13,0.99254742774793381,-0.22757732283659965,5.0325580482611476e-19
1695599.9999933993,-84120.753050273313,-375082.73644270998,1.6108851269057357e-13,0.99362130372422519,-0.2228419596735407,4.9694576548858663e-19
1697399.9999939231,-82331.285156775964,-375479.58633525542,1.6199553046716595e-13,0.99467258780266921,-0.21810152976763272,5.1989514263968316e-19
1699199.999993504,-80539.945303532702,-375867.8989745311,1.6289718364744988e-13,0.99570125607959459,-0.21335614090490068,4.655657261128524e-19
1700999.9999937136,-78746.774218469742,-376247.66553185723,1.6368192823002969e-13,0.99670728516719009,-0.2086059009765677,3.9592638868012829e-19
1702799.9999939231,-76951.812673779874,-376618.87737229519,1.6440849344140778e-13,0.99769065219087905,-0.20385091799112165,3.9960362905481033e-19
1704599.9999941327,-75155.101480891492,-376981.52605572826,1.6510026688870062e-13,0.9986513347921816,-0.19909130006098896,3.7424573863378644e-19
1706399.9999937136,-73356.681492503587,-377335.60333644052,1.6581751591209069e-13,0.9995893111275993,-0.19432715540792428,3.9014454469880729e-19
1708199.9999939231,-71556.593597763713,-377681.10116407851,1.6651652595281068e-13,1.0005045598711628,-0.18955859235023764,4.078376629442597e-19
1709999.9999938183,-69754.878726002979,-378018.01168291509,1.6721252294396001e-13,1.0013970602124822,-0.18478571931268781,3.4123053417604898e-19
1711799.9999940279,-67951.577842196639,-378346.32723273069,1.6783675704964958e-13,1.0022667918590811,-0.18000864481445802,3.6339537902357486e-19
1713599.9999942374,-66146.731947923385,-378666.04034862411,1.6852573073982785e-13,1.0031137350358965,-0.17522747747169606,4.3396107235136172e-19
1715399.9999941327,-64340.382080592368,-378977.14376116998,1.693967620546357e-13,1.0039378704856947,-0.17044232599546758,5.1981450479893822e-19
1717199.9999943422,-62532.569310193066,-379279.63039698149,1.7038253722477878e-13,1.0047391794705609,-0.16565329918314589,5.5254378931514942e-19
1718999.9999945518,-60723.334741174018,-379573.49337838317,1.7145382931955887e-13,1.0055176437710354,-0.16086050592338877,6.1434446792472225e-19
1720799.999994447,-58912.719510144459,-379858.72602380672,1.725184256666244e-13,1.006273245687161,-0.15606405519004996,6.0119668090308944e-19
1722599.9999943422,-57100.764784664461,-380135.32184798125,1.7357838455039365e-13,1.0070059680389849,-0.151264056038974,6.0118844019134832e-19
1724399.9999945518,-55287.511762948787,-380403.27456197655,1.7458411256475182e-13,1.0077157941666746,-0.14646061760721235,5.2668452928130964e-19
1726199.999994447,-53473.001673110033,-380662.57807332557,1.7556058249652212e-13,1.0084027079308442,-0.1416538491110175,5.2662577946331598e-19
1727999.9999943422,-51657.275771523317,-380913.22648626578,1.7651631332894969e-13,1.0090666937131931,-0.13684385984151196,5.4638659899339192e-19
1729799.9999942374,-49840.375341949024,-381155.21410185966,1.775261272428513e-13,1.0097077364168252,-0.13203075916236356,5.9823410223874412e-19
1731599.999994447,-48022.341694959752,-381388.53541807138,1.7857049724329467e-13,1.0103258214664443,-0.12721465650826727,5.4813150258574846e-19
1733399.9999949709,-46203.216166979902,-381613.18512989534,1.7955543971478991e-13,1.0109209348087083,-0.12239566138240217,5.2508901777509143e-19
1735199.9999945518,-44383.040120773665,-381829.1581293146,1.8053422586756648e-13,1.0114930629121113,-0.11757388335772259,5.5899208955704629e-19
1736999.999994447,-42561.854940226447,-382036.44950592954,1.8150427433073145e-13,1.0120421927686503,-0.11274943206313481,5.6243182448396837e-19
1738799.9999943422,-40739.702033629183,-382235.05454655318,1.8248874391817492e-13,1.0125683118927473,-0.10792241719219714,5.3884804239509974e-19
1740599.9999942374,-38916.62283135717,-382424.96873549238,1.8341150042036197e-13,1.0130714083220076,-0.10309294849697101,4.9476650028460309e-19
1742399.999994447,-37092.658784274368,-382606.18775471783,1.8428284927366065e-13,1.0135514706176605,-0.09826113578379346,4.5538896447183305e-19
1744199.9999940279,-35267.851364502298,-382778.70748378948,1.8511924514447769e-13,1.0140084878643572,-0.093427088915314718,4.560694585021923e-19
1745999.9999939231,-33442.242061705125,-382942.52400022,1.8595890228939748e-13,1.0144424496711486,-0.088590917800656671,4.8025958749852201e-19
1747799.9999941327,-31615.872384664533,-383097.63357931696,1.8681926633978776e-13,1.0148533461710529,-0.08375273239958482,4.4737124395682106e-19
1749599.9999940279,-29788.783860163137,-383244.03269430221,1.8768578626573265e-13,1.0152411680213784,-0.078912642719550438,5.5560385026229046e-19
1751399.9999942374,-27961.01802975572,-383381.71801657579,1.8864368984412462e-13,1.0156059064044243,-0.074070758807137399,5.3060115981406977e-19
1753199.999994447,-26132.616451742098,-383510.68641555455,1.8961960865009855e-13,1.0159475530270494,-0.069227190753288578,5.3448663321978138e-19
1754999.9999943422,-24303.620698420797,-383630.93495889119,1.9060494596363676e-13,1.0162661001212525,-0.064382048686029952,5.7966110626504201e-19
1756799.9999942374,-22474.072355643864,-383742.4609124983,1.9166633539785579e-13,1.0165615404442385,-0.059535442769292256,6.431139005582916e-19
1758599.999994447,-20644.013021084917,-383845.26174065669,1.9283056234602568e-13,1.0168338672787034,-0.054687483198322139,5.9778324381015274e-19
1760399.9999943422,-18813.484305162325,-383939.33510596183,1.9387376872658587e-13,1.0170830744326922,-0.049838280202128007,5.3736722251652896e-19
1762199.9999942374,-16982.527828353654,-384024.67886948172,1.9493572841226072e-13,1.0173091562400183,-0.044987944036366023,6.5700226470666906e-19
1763999.999994447,-15151.185220944993,-384101.29109076184,1.9611024854208923e-13,1.0175121075602789,-0.040136584982675645,6.1739519387597301e-19
1765799.9999943422,-13319.498122228028,-384169.17002786917,1.9720481111554405e-13,1.0176919237789654,-0.035284313346552819,6.8195519855562513e-19
1767599.9999939231,-11487.50817952195,-384228.31413743499,1.9835866629439524e-13,1.0178486008075833,-0.030431239454759083,6.537572593458317e-19
1769399.999993504,-9655.257045981165,-384278.72207472753,1.9959840660676391e-13,1.0179821350838418,-0.025577473649513779,7.1370352682520413e-19
1771199.9999937136,-7822.7863807762196,-384320.39269363525,2.0085072427663673e-13,1.018092523571607,-0.020723126288973479,6.5532355270411772e-19
1772999.9999939231,-5990.137849472354,-384353.32504667249,2.0204434143825995e-13,1.0181797637609182,-0.015868307748234736,6.4358643975552672e-19
1774799.999994447,-4157.3531205422114,-384377.51838506287,2.0310998735821807e-13,1.0182438536682148,-0.011013128410096053,5.1684952446115006e-19
1776599.9999943422,-2324.4738667590132,-384392.97215871472,2.0399575321454039e-13,1.0182847918362627,-0.0061576986687484434,4.6969691408516056e-19
1778399.9999948661,-491.54176099016564,-384399.68601626676,2.0478896787599822e-13,1.0183025773342802,-0.0013021289186324768,4.2156993102011484e-19
1780199.9999950756,1341.4015207043001,-384397.65980506031,2.0558798825595507e-13,1.018297209757864,0.0035534704373538194,4.8044484698254532e-19
1781999.9999949709,3174.3143024970941,-384386.89357117127,2.0642918297159552e-13,1.0182686892290722,0.00840898899692895,4.6188627728649735e-19
1783799.9999951804,5007.154910475836,-384367.38755938684,2.0725801503848887e-13,1.0182170163963631,0.013264316362884153,4.2300735759400387e-19
1785599.9999950756,6839.8816708795985,-384339.1422132196,2.0803879140454174e-13,1.0181421924346321,0.018119342138411869,4.0610415800507419e-19
1787399.9999952852,8672.452913782603,-384302.15817486995,2.0872873981453614e-13,1.0180442190451162,0.022973955936864132,3.5084799074347268e-19
1789199.999995809,10504.826972057759,-384256.43628523831,2.0942222103936674e-13,1.0179230984554193,0.027828047379006869,4.2010643148965044e-19
1790999.99999539,12336.962181882764,-384201.97758393554,2.1020079833820241e-13,1.0177788334195459,0.032681506094360657,4.5902059910657011e-19
1792799.9999959138,14168.816887891091,-384138.7833091339,2.110857710375111e-13,1.0176114272175039,0.037534221734846052,5.0209214300470814e-19
1794599.999995809,16000.34943773122,-384066.85489773098,2.1197022415321914e-13,1.0174208836557406,0.042386083960370483,4.7527569113838626e-19
1796399.9999957043,17831.518188971204,-383986.19398512394,2.128014283514873e-13,1.0172072070665361,0.047236982457119221,4.832829618932173e-19
1798199.9999959138,19662.281506316413,-383896.80240529706,2.1366009263269977e-13,1.016970402308252,0.052086806930184568,4.4809789230934114e-19
1799999.9999961234,21492.597764037502,-383798.68219072808,2.1444798679053549e-13,1.0167104747650668,0.05693544710999817,3.941392326698531e-19
1801799.9999966472,23322.425346123906,-383691.83557237923,2.1513564938199626e-13,1.01642743034696,0.061782792752737299,3.473251874462577e-19
1803599.9999965425,25151.722647477593,-383576.26497964293,2.1578828547751811e-13,1.0161212754895672,0.066628733643487259,3.6900541104166525e-19
1805399.9999964377,26980.448075806617,-383451.97304022231,2.164655858378944e-13,1.0157920171538666,0.071473159601257802,4.0131593587210055e-19
1807199.9999963329,28808.560051433178,-383318.96258014132,2.1719824199749273e-13,1.0154396628261961,0.07631596047847429,4.1520743036454973e-19
1808999.9999959138,30636.01700873526,-383177.23662364879,2.1801878852475116e-13,1.0150642205180116,0.081157026164796892,4.6071117183216895e-19
1810799.9999964377,32462.77739774411,-383026.79839309258,2.1883465680131613e-13,1.0146656987655434,0.085996246591352604,4.7361851272413877e-19
1812599.9999963329,34288.799682251156,-382867.65130908118,2.1970330953263193e-13,1.0142441066302317,0.090833511725719782,4.7612134536004059e-19
1814399.9999965425,36114.042345119604,-382699.79899004474,2.2053431970850628e-13,1.0137994536975594,0.095668711585999364,4.689967743621197e-19
1816199.999996752,37938.463885595142,-382523.2452524571,2.2130116395648691e-13,1.0133317500776415,0.10050173623369113,4.3029238186250762e-19
1817999.9999963329,39762.022821180261,-382337.99411068601,2.2200598784535082e-13,1.0128410064048283,0.10533247577865786,3.4156720572529232e-19
1819799.9999965425,41584.677691100711,-382144.04977663537,2.2269564032056957e-13,1.0123272338367586,0.11016082038830911,4.2211791773938095e-19
1821599.9999964377,43406.387052690276,-381941.4166601185,2.2340561188031871e-13,1.0117904440553458,0.11498666027802376,3.9157953767474584e-19
1823399.9999969616,45227.109486960784,-381730.09936826688,2.2411696288183377e-13,1.0112306492652139,0.11980988572590584,3.7328166869649071e-19
1825199.9999968568,47046.803595137259,-381510.10270591802,2.2478051728285819e-13,1.0106478621947228,0.1246303870636053,3.0809080688021604e-19
1826999.999996752,48865.42800328842,-381281.43167508527,2.2537662798338994e-13,1.0100420960945711,0.12944805468858489,3.5576345005917406e-19
1828799.9999963329,50682.94136121749,-381044.09147508239,2.2604491794296783e-13,1.0094133647381145,0.13426277906118197,3.9710402193794604e-19
1830599.9999959138,52499.302344817806,-380798.08750222472,2.2672750499894956e-13,1.0087616824205832,0.13907445071084809,3.4871527560622906e-19
1832399.9999961234,54314.469656183355,-380543.42534980382,2.2734364749693956e-13,1.0080870639590112,0.14388296023644281,3.4443277166335259e-19
1834199.9999963329,56128.402023007897,-380280.11080818868,2.2798676309790691e-13,1.0073895246925031,0.14868819830464056,3.4960103982610728e-19
1835999.9999965425,57941.058202365472,-380008.14986429666,2.2857312796230648e-13,1.0066690804808369,0.15349005565994714,3.1565385559178878e-19
1837799.9999964377,59752.396979586658,-379727.54870175204,2.2917249941075902e-13,1.0059257477048795,0.15828842312172137,3.2285047829630091e-19
1839599.9999966472,61562.37717107014,-379438.31370045792,2.2975577938729812e-13,1.0051595432654574,0.16308319159162366,2.9754083936214423e-19
1841399.9999971711,63370.957623389979,-379140.45143673086,2.3027690989804683e-13,1.0043704845837074,0.16787425205125178,3.0060639899697856e-19
1843199.9999973807,65178.097214382891,-378833.9686831428,2.3088974785251286e-13,1.0035585896006602,0.17266149556501989,3.5890795316556482e-19
1844999.9999969616,66983.754855001855,-378518.87240821723,2.3153820269545513e-13,1.002723876776441,0.1774448132850697,3.8068057633078671e-19
1846799.9999968568,68787.88949098294,-378195.16977612948,2.3223671074589919e-13,1.0018663650894672,0.18222409645568607,3.9204049117613595e-19
1848599.9999964377,70590.460101206772,-377862.86814699852,2.3293869471625012e-13,1.0009860740372261,0.1869992364089558,3.8899052484972636e-19
1850399.9999963329,72391.425701301006,-377521.97507624229,2.3358684948717762e-13,1.000083023634567,0.19177012457431175,3.4539620474268809e-19
1852199.9999962281,74190.745342625596,-377172.49831476092,2.3415502681535634e-13,0.99915723441418458,0.1965366524758437,2.9703640721102559e-19
1853999.999996752,75988.3781148821,-376814.44580844074,2.3468073585614447e-13,0.99820872742530398,0.20129871173921141,3.1571445884313317e-19
1855799.9999969616,77784.283144469751,-376447.82569848147,2.3521480948319018e-13,0.99723752423455503,0.20605619408728912,2.5303383055271091e-19
1857599.9999971711,79578.419598064967,-376072.64632069343,2.357770409979089e-13,0.99624364692410061,0.21080899134964901,3.7476916786065082e-19
1859399.9999970663,81370.746682498371,-375688.91620550992,2.3645789041711461e-13,0.9952271180916753,0.21555699546223367,3.995330977550691e-19
1861199.9999972759,83161.223646295228,-375296.64407765854,2.3714348436342677e-13,0.99418796084971361,0.2203000984714385,3.0936225384906806e-19
1862999.9999974854,84949.809779110088,-374895.83885628829,2.3762823422085462e-13,0.99312619882568531,0.22503819253261281,2.0114999702853217e-19
1864799.999997695,86736.464414044764,-374486.50965446577,2.380077098530745e-13,0.99204185616076468,0.22977116991620133,2.5498269425688059e-19
1866599.9999975902,88521.146927613328,-374068.6657791863,2.3842522496930227e-13,0.99093495750985283,0.23449892300765091,2.459519492437384e-19
1868399.9999971711,90303.816741996561,-373642.31673085032,2.3896867632429201e-13,0.98980552804019983,0.23922134431338252,3.5857945688848609e-19
1870199.9999970663,92084.433325032092,-373207.47220325936,2.3972148961874777e-13,0.98865359343138637,0.24393832646076596,5.4852489600066444e-19
1871999.9999972759,93862.956191092904,-372764.14208340738,2.4073148780991891e-13,0.98747917987477396,0.24864976220044599,5.4705466727405709e-19
1873799.9999974854,95639.344901710909,-372312.33645133663,2.4164512870962802e-13,0.98628231407312417,0.25335554440799468,4.7908848624227106e-19
1875599.9999970663,97413.559066649628,-371852.06557987997,2.4254638725841292e-13,0.98506302323991279,0.25805556608675401,5.048205125629745e-19
1877399.9999972759,99185.558346831443,-371383.33993389795,2.4337819312831872e-13,0.98382133509731229,0.26274972037558891,4.3076565491832495e-19
1879199.9999974854,100955.30245196336,-370906.17017089197,2.4414956389030035e-13,0.98255727787781488,0.26743790054259781,4.5061139585024235e-19
1880999.9999970663,102722.75114291138,-370420.56714039895,2.449022438519356e-13,0.98127088032262988,0.27211999999140385,3.7752280176409751e-19
1882799.9999969616,104487.86423417897,-369926.5418833064,2.4559103623431305e-13,0.97996217167986555,0.27679591226771905,3.5719177754704828e-19
1884599.9999968568,106250.60159202659,-369424.10563236731,2.4624842660353903e-13,0.97863118170589658,0.28146553105436412,3.4097564443823857e-19
1886399.999996752,108010.92313741449,-368913.26981138409,2.4681781894615934e-13,0.97727794066320262,0.28612875017906281,3.147445882312408e-19
1888199.9999963329,109768.78884575401,-368394.0460352783,2.4742543520588503e-13,0.97590247932055063,0.29078546361378432,3.4396498931203252e-19
1889999.9999959138,111524.15874884211,-367866.44610952749,2.4796602329583879e-13,0.97450482895150436,0.29543556547986699,2.6732044950741848e-19
1891799.9999961234,113276.99293551012,-367330.48202996294,2.4840416506364144e-13,0.97308502133388819,0.30007895004973772,2.2277906424019205e-19
1893599.9999960186,115027.25155078826,-366786.16598303651,2.4883127678930076e-13,0.9716430887504941,0.30471551174469758,2.8457122995524386e-19
1895399.9999965425,116774.89480010426,-366233.5103445304,2.4934010032119047e-13,0.97017906398566489,0.30934514514604605,2.2070600931995433e-19
1897199.9999970663,118519.88294669583,-365672.527680361,2.4974504661653917e-13,0.96869298032742257,0.31396774498822438,2.4775278185523387e-19
1898999.9999972759,120262.17631493206,-365103.23074554,2.5016668547325305e-13,0.96718487156471367,0.31858320616761626,1.9099641933992239e-19
1900799.9999968568,122001.73528978569,-364525.63248434156,2.5048161335059277e-13,0.96565477198785821,0.32319142374114834,1.75924399591018e-19
1902599.9999970663,123738.52032025713,-363939.74602916965,2.5080153583119334e-13,0.96410271638554335,0.327792292935361,2.057288889857311e-19
1904399.9999966472,125472.49191613337,-363345.58470163861,2.5118802423929073e-13,0.96252874004768918,0.33238570913782306,2.2571039306631413e-19
1906199.9999965425,127203.61065294538,-362743.16201090819,2.5155358808169424e-13,0.96093287876103672,0.33697156791026345,1.7719562881083193e-19
1907999.9999961234,128931.8371699617,-362132.49165436183,2.5191001471982171e-13,0.95931516881094669,0.34154976498325695,2.510966593935889e-19
1909799.9999966472,130657.13217355257,-361513.58751643426,2.5238954231955555e-13,0.95767564697828822,0.34612019626513607,2.9443176345321881e-19
1911599.9999965425,132379.45643473559,-360886.46366948599,2.5295609370648545e-13,0.95601435054176298,0.35068275783548725,3.2545087178850688e-19
1913399.999996752,134098.77079367996,-360251.13437219389,2.5354285373228924e-13,0.95433131727363885,0.355237345957086,3.5798905458294769e-19
1915199.9999966472,135815.03615786423,-359607.61407021579,2.5416937606569339e-13,0.9526265854415078,0.35978385707101501,3.3898433112008887e-19
1916999.9999968568,137528.21350545326,-358955.91739493929,2.5481060213090268e-13,0.95090019380497204,0.36432218780560932,4.4229301856785737e-19
1918799.9999964377,139238.26388309812,-358296.05916431086,2.5564764920986741e-13,0.9491521816178452,0.36885223497062891,5.1285250515002138e-19
1920599.9999960186,140945.14841002561,-357628.05438128422,2.5657237062665348e-13,0.94738258862403668,0.37337389556809342,5.3552863574363105e-19
1922399.9999955995,142648.82827702747,-356951.9182341962,2.5750090594346787e-13,0.94559145505854858,0.37788706678960177,5.0543670707382106e-19
1924199.9999951804,144349.26474757306,-356267.66609633883,2.5838277554308819e-13,0.94377882164634375,0.38239164601928172,4.4863737270305373e-19
1925999.99999539,146046.41915965191,-355575.3135252202,2.592364296163893e-13,0.94194472960038655,0.38688753083867072,5.3175453605770618e-19
1927799.9999949709,147740.25292385422,-354874.87626335392,2.6024506417635311e-13,0.94008922062373446,0.39137461902162995,5.983244370294733e-19
1929599.9999948661,149430.72752843564,-354166.37023619219,2.6131616428137222e-13,0.93821233690406125,0.39585280854776245,5.7112060324935237e-19
1931399.99999539,151117.80453772866,-353449.81155275466,2.6230078888078134e-13,0.93631412111532542,0.40032199759820392,5.378406272969705e-19
1933199.9999955995,152801.44559179246,-352725.21650580235,2.6324642587160842e-13,0.93439461641823018,0.40478208455469644,5.4690647000567813e-19
1934999.999995809,154481.61241020408,-351992.60157022899,2.6428898181486691e-13,0.9324538664559604,0.40923296800962927,6.2006738697860297e-19
1936799.9999960186,156158.26679093565,-351251.98340353224,2.6539686273151709e-13,0.9304919153554313,0.41367454676306709,6.1830457151858441e-19
1938599.9999959138,157831.37061164287,-350503.37884526374,2.6659708000564306e-13,0.92850880772583377,0.41810671982616093,7.2552745044448754e-19
1940399.999995809,159500.88583154921,-349746.80491618707,2.6790776770398123e-13,0.92650458865640162,0.42252938642614213,7.4736141200106041e-19
1942199.9999957043,161166.77449099501,-348982.2788184738,2.6924644047856263e-13,0.9244793037169331,0.42694244600512526,7.2120634488470775e-19
1943999.9999955995,162828.9987127682,-348209.81793510908,2.7065809301985725e-13,0.92243299895621078,0.43134579822363561,8.2475124517561708e-19
1945799.9999954947,164487.52070316664,-347429.43982939888,2.7210751403664613e-13,0.92036572090070456,0.43573934296342176,7.9191178104788105e-19
1947599.99999539,166142.30275211151,-346641.16224492562,2.734934744942391e-13,0.91827751655444578,0.44012298032775676,7.382437539181963e-19
1949399.9999955995,167793.30723535595,-345845.00310450222,2.7483188411135721e-13,0.91616843339626375,0.44449661064728824,7.1848837043877424e-19
1951199.9999961234,169440.4966142152,-345040.98051029589,2.7614680139625034e-13,0.9140385193801096,0.44886013447932416,7.4323777236505974e-19
1952999.9999960186,171083.83343581849,-344229.11274372571,2.7753622652717164e-13,0.91188782293478132,0.45321345260850004,7.8183993929305215e-19
1954799.9999952852,172723.28033593704,-343409.41826407763,2.7898534243818202e-13,0.90971639296026519,0.45755646605427092,8.1143880056060185e-19
1956599.9999954947,174358.80003972165,-342581.91570811335,2.8039718730345175e-13,0.9075242788266914,0.4618890760728645,7.3565542453506212e-19
1958399.9999950756,175990.35535908237,-341746.62389140337,2.8171153095363159e-13,0.90531153037786605,0.46621118415033957,7.3708228828269155e-19
1960199.9999946565,177617.90919794337,-340903.56180567812,2.8303969999113427e-13,0.90307819792425703,0.47052269201650748,7.5118901961689068e-19
1961999.9999948661,179241.42455149052,-340052.74861918029,2.8438848859887006e-13,0.90082433224392666,0.47482350164293796,7.6572411577805661e-19
1963799.9999950756,180860.86450534788,-339194.20367710927,2.8583688424173197e-13,0.8985499845837065,0.47911351524077822,8.5369182985504101e-19
1965599.9999949709,182476.19223813093,-338327.94650029746,2.8736271384876035e-13,0.8962552066556928,0.48339263526751719,8.8739079390098209e-19
1967399.9999951804,184087.37102274626,-337453.99678450555,2.890056551772697e-13,0.89394005063538129,0.48766076443042683,9.0837036497104966e-19
1969199.9999950756,185694.364225447,-336572.37440093112,2.9066623914913759e-13,0.89160456916301212,0.49191780568406063,9.4371465981917059e-19
1970999.9999949709,187297.13530823882,-335683.09939491068,2.9235450485070771e-13,0.88924881534013134,0.49616366223662856,9.6013463551799246e-19
1972799.9999945518,188895.64782885526,-334786.19198592741,2.9420768162563667e-13,0.88687284272961231,0.5003982375499304,1.0898324095324754e-18
1974599.999994447,190489.86544272644,-333881.67256651074,2.9613146280483621e-13,0.88447670535274092,0.50462143534457005,1.022661314026168e-18
1976399.9999949709,192079.75190238198,-332969.56170256471,2.9794057534252549e-13,0.88206045769008545,0.50883315959837694,9.9312605609615912e-19
1978199.9999951804,193665.27105799742,-332049.8801330814,2.9975143933068038e-13,0.87962415468073374,0.51303331454785062,1.0361261934781041e-18
1979999.9999950756,195246.3868594357,-331122.64876897522,3.0159847638910668e-13,0.87716785171921163,0.51722180469356871,1.0020001693757192e-18
1981799.9999946565,196823.06335720551,-330187.88869251375,3.0345652541906671e-13,0.87469160465397189,0.5213985348027278,1.0392049348386289e-18
1983599.9999951804,198395.26470345911,-329245.62115671195,3.0534081844588143e-13,0.87219546978578777,0.52556340991178607,1.0638327241125675e-18
1985399.9999950756,199962.95514992945,-328295.86758657935,3.0726378492909778e-13,0.86967950387106097,0.52971633532099649,1.0527644145332737e-18
1987199.9999943422,201526.09905237818,-327338.64957646525,3.0911955769687283e-13,0.86714376411478356,0.53385721660619467,1.0263509392676304e-18
1988999.9999942374,203084.6608704523,-326373.98889011418,3.1088131358889925e-13,0.86458830817068777,0.53798595961841289,9.5530319319149288e-19
1990799.9999938183,204638.60516645253,-325401.90746143542,3.1264646063889427e-13,0.86201319414328792,0.54210247048062199,1.0341454823547927e-18
1992599.9999943422,206187.89660956012,-324422.42739188153,3.1450300682033507e-13,0.85941848058092962,0.54620665559892678,1.0284669757870372e-18
1994399.9999948661,207732.49997288643,-323435.57095229358,3.1634320658560367e-13,0.85680422648068288,0.55029842165475051,1.038989456391927e-18
1996199.9999950756,209272.38013663035,-322441.36058092804,3.1824146500725305e-13,0.85417049128311018,0.5543776756131984,1.0488586695600715e-18
1997999.9999949709,210807.50208864897,-321439.81888307881,3.2012086772808116e-13,0.85151733487127146,0.55844432472457117,1.0406711697890626e-18
1999799.9999945518,212337.83092503878,-320430.9686306963,3.2204259842340496e-13,0.84884481756971197,0.56249827652590434,1.0718203735619882e-18
2001599.999994447,213863.33185120366,-319414.83276168612,3.2398981913838115e-13,0.84615300014260109,0.56653943884379365,1.0976365696512697e-18
2003399.9999940279,215383.97018173363,-318391.43437999091,3.2596689686183933e-13,0.84344194379395498,0.57056771979407872,1.1038472668526581e-18
2005199.9999942374,216899.71134245052,-317360.79675422824,3.2795684025181057e-13,0.84071171016402435,0.57458302778725989,1.1106924181029878e-18
2006999.999994447,218410.5208696817,-316322.94331818091,3.2993078874968764e-13,0.83796236133059532,0.5785852715265758,1.0497905118896239e-18
2008799.9999946565,219916.36441219138,-315277.89766949374,3.3183374486553803e-13,0.83519395980553579,0.5825743600131158,1.049250210017416e-18
2010599.9999942374,221417.20773100379,-314225.68356980087,3.3370140307674472e-13,0.83240656853513406,0.58655020254535728,1.0598488338793102e-18
2012399.9999947613,222913.01670311563,-313166.3249421207,3.3556999074159642e-13,0.829600250893197,0.59051270872899508,9.9688849415102962e-19
2014199.9999952852,224403.75731753666,-312099.84587363544,3.3734867909308244e-13,0.82677507068841138,0.59446178846645437,9.6628237395101312e-19
2015999.999995809,225889.39567933156,-311026.27061285631,3.3912343324635637e-13,0.82393109215683813,0.59839735196760024,1.0048024954936425e-18
2017799.9999963329,227369.89800975544,-309945.62356950971,3.4097857591684319e-13,0.82106837996160775,0.6023193097500934,1.0415632399687632e-18
2019599.9999962281,228845.23064631643,-308857.92931449774,3.4284311283320496e-13,0.81818699919281823,0.60622757263955729,1.0007890287772617e-18
2021399.999995809,230315.36004465618,-307763.21257852553,3.4463516974960579e-13,0.81528701536389581,0.61012205177455869,9.8147302071569212e-19
2023199.9999963329,231780.25277935801,-306661.49825148174,3.4643360253627988e-13,0.81236849440995651,0.61400265860875103,1.0197778060879312e-18
2024999.9999965425,233239.87554245954,-305552.81138356437,3.4823881911496443e-13,0.80943150269078712,0.61786930490693204,9.8139912199399456e-19
2026799.9999964377,234694.195146543,-304437.17718297325,3.500810827241675e-13,0.80647610698473149,0.6217219027532308,1.0434814932497277e-18
2028599.9999963329,236143.17852522837,-303314.62101551332,3.5196210535371038e-13,0.80350237448764283,0.62556036455241348,1.0375286719380497e-18
2030399.9999965425,237586.79273317766,-302185.16840458818,3.539069088475275e-13,0.8005103728128633,0.62938460302989718,1.1072721425786742e-18
2032199.9999964377,239025.00494678874,-301048.84503067401,3.5585324630491882e-13,0.79750016998983198,0.63319453123358449,1.0766409527242398e-18
2033999.9999963329,240457.78246550704,-299905.67673029623,3.5777916312810386e-13,0.79447183446137515,0.63699006253734036,1.0592019637056076e-18
2035799.9999959138,241885.0927122625,-298755.68949568202,3.5968889489987089e-13,0.79142543508278174,0.64077111064214876,1.0720500317695112e-18
2037599.9999961234,243306.90323503214,-297598.90947349934,3.6165320683387285e-13,0.7883610411184675,0.64453758958025298,1.0982849766104249e-18
2039399.9999966472,244723.18170591356,-296435.36296560912,3.6366554051085362e-13,0.78527872224396278,0.64828941371270021,1.1321761974828503e-18
2041199.9999962281,246133.89592223443,-295265.07642818906,3.6568591739690796e-13,0.78217854854359847,0.6520264977322815,1.1029884719925405e-18
2042999.999995809,247539.01380945792,-294088.07646932866,3.6764851038263109e-13,0.77906059050412646,0.65574875667122845,1.0911147006031325e-18
2044799.9999957043,248938.50341969155,-292904.38985024334,3.6957285033069139e-13,0.77592491901794314,0.659456105897262,1.0243437146212759e-18
2046599.9999952852,250332.33293238076,-291714.04348471848,3.7138720559090038e-13,0.77277160538161382,0.66314846111543158,1.0226249881411584e-18
2048399.9999954947,251720.47065672261,-290517.06443706079,3.732706109662438e-13,0.7696007212904441,0.66682573837450665,1.0623004767512463e-18
2050199.9999950756,253102.88502981584,-289313.47992368642,3.7516875478813068e-13,0.76641233884268911,0.67048785406207789,1.0640724772110795e-18
2051999.9999949709,254479.54462056694,-288103.31730974879,3.7710651679391097e-13,0.76320653053062104,0.67413472491490434,1.085598928076853e-18
2053799.9999951804,255850.41812791626,-286886.60411066626,3.7900782688398788e-13,0.75998336924457222,0.67776626801421436,9.9706781903974501e-19
2055599.9999957043,257215.47438252534,-285663.36799065134,3.8080420319210619e-13,0.75674292826904466,0.68138240079017509,1.0057846714950722e-18
2057399.9999955995,258574.68234648925,-284433.63676298154,3.8261663837045156e-13,0.75348528128341996,0.68498304102113039,9.9369313263826324e-19
2059199.9999948661,259928.01111554817,-283197.43838801939,3.843685050403716e-13,0.75021050235672337,0.68856810683946046,9.1949158007068815e-19
2060999.999994447,261275.42991976455,-281954.8009725727,3.8603910716561541e-13,0.74691866594592193,0.69213751673337431,9.2524909113286223e-19
2062799.9999946565,262616.90812325076,-280705.75277013605,3.8771954987783529e-13,0.74360984689656551,0.69569118954618914,9.3950622136065648e-19
2064599.9999945518,263952.41522425652,-279450.32218083669,3.8941222770433527e-13,0.74028412044264746,0.69922904447656109,9.6277779096049016e-19
2066399.9999947613,265281.92085792619,-278188.53774886508,3.9113813656391061e-13,0.73694156219979101,0.70275100108578903,9.6477567035787716e-19
2068199.9999946565,266605.39479483425,-276920.42816384585,3.9288796860081718e-13,0.73358224816888862,0.70625697929393905,9.8943607196287182e-19
2069999.9999948661,267922.80694385676,-275646.02225811256,3.9459866722472509e-13,0.73020625472887801,0.70974689938744684,9.1882420797334108e-19
2071799.9999947613,269234.12735046225,-274365.34900834563,3.9632092761591396e-13,0.7268136586410826,0.71322068201459099,1.0001506041032436e-18
2073599.9999949709,270539.32619985659,-273078.43753253121,3.9810231309859277e-13,0.72340453704115293,0.71667824819382431,9.7854362757717402e-19
2075399.9999951804,271838.37381546031,-271785.31709144131,3.9986145842938333e-13,0.71997896744299139,0.72011951930974072,9.6849921265012711e-19
2077199.9999950756,273131.2406607726,-270486.01708681398,4.0154125748034977e-13,0.71653702773392836,0.72354441711801321,9.2852789917831151e-19
2078999.9999952852,274417.89734041126,-269180.56706029887,4.0317952928389557e-13,0.71307879617193159,0.72695286374814705,8.97325264520649e-19
2080799.999995809,275698.31459954643,-267868.99669402797,4.0475923397901101e-13,0.70960435138711664,0.7303447817019797,8.8909310864721738e-19
2082599.9999957043,276972.46332506026,-266551.33580945811,4.0638296736465496e-13,0.70611377237867834,0.73372009385675685,8.9806092452368374e-19
2084399.9999952852,278240.31454679859,-265227.6143660823,4.0802421703493089e-13,0.70260713851148249,0.73707872346844394,9.2799595589801428e-19
2086199.999995809,279501.83943869668,-263897.86246023234,4.0970897192270389e-13,0.69908452951288891,0.74042059417470929,9.4261218886925147e-19
2087999.9999960186,280757.00931654719,-262562.11032743595,4.1139810498051577e-13,0.69554602547899791,0.74374562998901195,9.4270708158883145e-19
2089799.9999962281,282005.79564186221,-261220.38833836492,4.1310192440640439e-13,0.69199170686391631,0.74705375531083307,9.3763526358213199e-19
2091599.9999964377,283248.17002129642,-259872.72699941765,4.1476749203295084e-13,0.68842165448130066,0.75034489492414613,9.0390166269989573e-19
2093399.9999966472,284484.10420670471,-258519.15695267293,4.1638976988263066e-13,0.68483594950423443,0.7536189739975705,9.1259067146173026e-19
2095199.9999965425,285713.57009689661,-257159.70897398805,4.1804595633212884e-13,0.68123467346018962,0.75687591808902099,9.2183202780229226e-19
2096999.9999961234,286936.5397373953,-255794.41397325881,4.1965017919215754e-13,0.67761790823171653,0.76011565314506435,8.6467908661486747e-19
2098799.9999960186,288152.98532206117,-254423.30299261695,4.2122465361178726e-13,0.67398573605166823,0.76333810550522441,8.7728677599743986e-19
2100599.9999962281,289362.87919268024,-253046.40720688243,4.2283718351609449e-13,0.67033823950439775,0.76654320190089198,9.0562595916185658e-19
2102399.999996752,290566.19383983308,-251663.75792260066,4.2441125491795813e-13,0.66667550152320909,0.76973086945762403,8.4086711593063966e-19
2104199.9999963329,291762.9019032396,-250275.38657766773,4.2595038644474159e-13,0.66299760538936259,0.77290103569605983,8.6850018102255068e-19
2105999.9999968568,292952.97617454221,-248881.32473809685,4.275383085222557e-13,0.6593046347235122,0.77605362853929094,9.1773670387730055e-19
2107799.9999970663,294136.38959427917,-247481.60410153656,4.2925741054527452e-13,0.65559667349502149,0.77918857630484517,9.8852702613831935e-19
2109599.9999972759,295313.11525555211,-246076.25649299723,4.3100150765274327e-13,0.65187380601064504,0.78230580771440228,9.7002834798993441e-19
2111399.9999974854,296483.12640327308,-244665.31386571779,4.3273299530469947e-13,0.64813611691682516,0.78540525189179777,9.7810129826775024e-19
2113199.999997695,297646.39643489633,-243248.80830030132,4.3445667227520617e-13,0.64438369119739969,0.7884868383649638,9.6555204916374488e-19
2114999.9999975902,298802.89890098339,-241826.77200404371,4.3620941156077835e-13,0.6406166141718258,0.79155049706742298,9.8219627849988567e-19
2116799.9999971711,299952.60750620422,-240399.23730971091,4.3794365328871869e-13,0.63683497149193979,0.79459615834094477,9.5225121170030062e-19
2118599.9999973807,301095.4961103918,-238966.23667421605,4.3966035253328325e-13,0.63303884913845254,0.79762375293833443,9.6356187699834139e-19
2120399.9999969616,302231.53872698778,-237527.80268057145,4.4137637787126428e-13,0.62922833342612106,0.80063321201931759,9.2209204540507489e-19
2122199.9999968568,303360.70952638122,-236083.96803370715,4.4302864253718571e-13,0.62540351099266966,0.80362446715938751,9.1121030404701113e-19
2123999.999996752,304482.98283450131,-234634.76556223552,4.4464898750460205e-13,0.62156446880346983,0.80659745034607255,9.1004314346395153e-19
2125799.9999969616,305598.33313454932,-233180.22821624466,4.4625317460975357e-13,0.61771129414568748,0.8095520939835269,8.4960619196397199e-19
2127599.9999971711,306706.73506680271,-231720.38906754777,4.4776106374330296e-13,0.61384407462894852,0.81248833089200934,8.3746951510692143e-19
2129399.9999970663,307808.16342916817,-230255.28130898307,4.4929070404210672e-13,0.60996289818348293,0.81540609430935174,8.5807915173220765e-19
2131199.9999972759,308902.59317905153,-228784.93825193262,4.5081855040634204e-13,0.60606785305355193,0.81830531789591066,8.6424385797086055e-19
2132999.9999974854,309989.99943239597,-227309.39332759008,4.5240653139757263e-13,0.60215902780080632,0.82118593573201992,9.080287037579686e-19
2134799.9999980093,311070.357464901,-225828.68008534142,4.5403730103368674e-13,0.59823651129999655,0.82404788232121651,9.0467350324535539e-19
2136599.9999979045,312143.64271210082,-224342.83219266933,4.5568751052897131e-13,0.59430039273871949,0.82689109259045368,9.6797767487443874e-19
2138399.9999977998,313209.83077105705,-222851.88343282347,4.5743334520219525e-13,0.59035076161124833,0.82971550189458221,9.8505913539674645e-19
2140199.999997695,314268.89740001812,-221355.86770527455,4.5918727967880115e-13,0.5863877077197327,0.8325210460154493,9.7327419015196917e-19
2141999.9999972759,315320.81851894897,-219854.81902498676,4.6093065845373881e-13,0.58241132117227468,0.83530766116329691,9.8153399078426816e-19
2143799.9999968568,316365.57021052303,-218348.77152101361,4.6270364054231871e-13,0.57842169237920527,0.83807528397939857,9.9857760088877166e-19
2145599.999996752,317403.12872034329,-216837.75943617889,4.6447264201750015e-13,0.5744189120522426,0.84082385153663708,9.7384869915673315e-19
2147399.9999966472,318433.47045751847,-215321.81712624826,4.6618917504342687e-13,0.57040307120229572,0.84355330134103568,9.1099779857947217e-19
2149199.9999962281,319456.57199496095,-213800.97905951025,4.6784596511236457e-13,0.56637426113835454,0.84626357133254226,9.1707032911413969e-19
2150999.999995809,320472.41007067543,-212275.27981487117,4.6948863313205114e-13,0.56233257346244336,0.84895459988844912,9.0471307198530201e-19
2152799.9999963329,321480.96158802783,-210744.75408143003,4.7114164680196717e-13,0.55827810006849388,0.85162632582410125,9.3778877070453137e-19
2154599.9999962281,322482.20361503487,-209209.43665957599,4.728268301232023e-13,0.55421093314525638,0.85427868839101584,9.3324730697934732e-19
2156399.999996752,323476.11338693433,-207669.36245708916,4.7448834159192353e-13,0.55013116516596516,0.85691162728369141,9.3862353805041653e-19
2158199.9999966472,324462.66830484103,-206124.5664911943,4.7618428876791223e-13,0.54603888889378194,0.8595250826360431,9.3049023922111391e-19
2159999.9999968568,325441.8459378655,-204575.08388527684,4.7788175924789468e-13,0.54193419737309712,0.86211899502702394,9.4850866292431413e-19
2161799.999996752,326413.62402228784,-203020.94987017376,4.7962967704251175e-13,0.53781718393294586,0.86469330547842849,9.9931977940265028e-19
2163599.9999969616,327377.98046314606,-201462.19978165854,4.8141104995474979e-13,0.53368794218034854,0.86724795545910405,9.6102864353280864e-19
2165399.9999971711,328334.89333376469,-199898.86906119439,4.8308710581003741e-13,0.52954656600230532,0.86978288688369976,9.0242266054627831e-19
2167199.999997695,329284.34087703883,-198330.99325386304,4.8471411430367925e-13,0.52539314956030925,0.87229804211607065,9.1644820451242027e-19
2168999.9999975902,330226.30150494858,-196758.60800917359,4.8638375056737768e-13,0.52122778729248953,0.87479336396798912,9.402312453280221e-19
2170799.9999971711,331160.75380040775,-195181.74907800634,4.8809303920441033e-13,0.51705057390551434,0.87726879570404659,9.5209661266475886e-19
2172599.9999970663,332087.67651716212,-193600.45231274731,4.8979326118815379e-13,0.51286160437494832,0.87972428104137712,9.4716511760775811e-19
2174399.9999966472,333007.04857945495,-192014.75366787871,4.9151733297573522e-13,0.50866097394681598,0.88215976414877562,9.4561665965945433e-19
2176199.9999962281,333918.84908371326,-190424.68919711132,4.9319149994487011e-13,0.50444877813000466,0.88457518965116455,9.0874643013582975e-19
2177999.9999961234,334823.05729858211,-188830.29505329719,4.9483665760323712e-13,0.5002251126960362,0.88697050262968624,9.0591516171848789e-19
2179799.9999966472,335719.65266535582,-187231.60748767541,4.9646252936728708e-13,0.49599007367706555,0.88934564862284049,8.7747586626912765e-19
2181599.9999962281,336608.61479745031,-185628.66285084747,4.9806936866575729e-13,0.49174375736846576,0.89170057362509003,9.1490091173263937e-19
2183399.999995809,337489.92348303413,-184021.49758807474,4.9972266205390058e-13,0.48748626031637132,0.8940352240938324,9.2292570928390047e-19
2185199.99999539,338363.55868387374,-182410.14824132217,5.0140904019004369e-13,0.48321767932309068,0.89634954694633728,9.5311462425773306e-19
2186999.9999955995,339229.500536473,-180794.65144718834,5.0309879359297145e-13,0.47893811144162385,0.89864348956276552,9.2822893309786632e-19
2188799.999995809,340087.72935157683,-179175.0439378414,5.0472745803959522e-13,0.47464765397814263,0.90091699978485473,8.72201024425983e-19
2190599.9999957043,340938.2256155503,-177551.3625384683,5.0627100002595531e-13,0.47034640448523124,0.90317002591957518,8.3977264561484244e-19
2192399.9999952852,341780.96999085392,-175923.64416635389,5.0779867993790289e-13,0.46603446075944771,0.90540251674038497,8.6931215188043662e-19
2194199.9999954947,342615.94331645948,-174291.92583005264,5.0931882304647518e-13,0.46171192083913126,0.90761442148833404,8.2045337514185661e-19
2195999.9999957043,343443.12660725747,-172656.24463056278,5.1076025908703258e-13,0.45737888300751001,0.90980568987049359,7.8828447956523034e-19
2197799.9999962281,344262.5010559517,-171016.6377576291,5.1215556123992471e-13,0.45303544578290833,0.91197627206497622,7.4658198759340771e-19
2199599.9999961234,345074.0480319151,-169373.14249201727,5.1351653410180546e-13,0.44868170792477186,0.91412611871790161,7.4677371372365085e-19
2201399.9999966472,345877.74908360711,-167725.79620066189,5.1484144040113181e-13,0.444317768420814,0.9162551809498034,7.1179587597424652e-19
2203199.9999965425,346673.58593683736,-166074.63634017773,5.1611553138034271e-13,0.4399437264963168,0.91836341035102964,7.1998188695890484e-19
2204999.9999961234,347461.54049694783,-164419.70045240939,5.1737146864483112e-13,0.43555968160234332,0.92045075898752204,6.7506600291586498e-19
2206799.9999966472,348241.59484872635,-162761.02616454705,5.185731593168542e-13,0.43116573341604175,0.92251717940058664,6.6035059695378395e-19
2208599.9999968568,349013.7312554933,-161098.65119110132,5.1975722902270212e-13,0.42676198184588043,0.92456262460447713,6.5581136324833827e-19
2210399.999996752,349777.93216142862,-159432.61332897586,5.2094383713583292e-13,0.42234852701859121,0.92658704809255332,6.673385549020667e-19
2212199.9999966472,350534.18019093678,-157762.95045878776,5.2211875372640129e-13,0.41792546928266994,0.92859040383560698,6.2593556844654612e-19
2213999.9999965425,351282.45814927714,-156089.70054350942,5.2323427403672165e-13,0.41349290920477694,0.93057264628352532,6.1302837517241064e-19
2215799.999996752,352022.7490230868,-154412.90162729763,5.2432226885566266e-13,0.40905094756663551,0.93253373036668064,5.9512488416322079e-19
2217599.9999966472,352755.03598020179,-152732.59183591261,5.253821405774609e-13,0.40459968536614266,0.93447361149545072,5.9704329176167729e-19
2219399.9999965425,353479.30237074842,-151048.80937425117,5.2647966408716199e-13,0.40013922381083511,0.93639224556311651,6.2783127387395711e-19
2221199.999996752,354195.53172725881,-149361.59252605657,5.2759435920503212e-13,0.39566966431711809,0.93828958894616366,6.1665883456706576e-19
2222999.9999966472,354903.70776459662,-147670.97965411932,5.2868356817021603e-13,0.3911911085107993,0.94016559850408798,5.9910271286589934e-19
2224799.9999962281,355603.81438099954,-145977.00919783177,5.2973172879456352e-13,0.38670365822061048,0.94202023158215509,5.6477702135590215e-19
2226599.9999961234,356295.83565845352,-144279.71967225423,5.3075385265988937e-13,0.3822074154757325,0.94385344601239396,5.789382812162474e-19
2228399.9999957043,356979.75586235721,-142579.14966893347,5.3182113778650317e-13,0.37770248250796523,0.94566520011270705,5.9439296966071305e-19
2230199.9999959138,357655.55944269168,-140875.33785304151,5.3290490271215618e-13,0.37318896174414617,0.94745545268997011,6.2201225873877609e-19
2231999.9999961234,358323.23103359743,-139168.32296442371,5.3402652900991787e-13,0.36866695580892883,0.94922416303890944,6.1887612177648933e-19
2233799.9999957043,358982.75545410579,-137458.14381579196,5.3513308714314591e-13,0.36413656751999579,0.95097129094404043,6.0326875701625922e-19
2235599.9999955995,359634.11770894338,-135744.83929062751,5.3621363846585572e-13,0.35959789988250102,0.95269679668179774,5.7459268988296132e-19
2237399.999995809,360277.30298809207,-134028.44834430682,5.3722737078174321e-13,0.35505105609205578,0.95440064101937383,5.5109227207896992e-19
2239199.9999960186,360912.29666733503,-132309.01000271359,5.3821935091164909e-13,0.35049613953104991,0.9560827852161573,5.5953676116533094e-19
2240999.9999959138,361539.08430888434,-130586.56336055195,5.3924125424087154e-13,0.34593325376418288,0.95774319102540462,5.6296901118273121e-19
2242799.9999954947,362157.65166139789,-128861.14758130131,5.4026024942107657e-13,0.34136250253834455,0.95938182069427858,5.6938331182582571e-19
2244599.99999539,362767.98466090899,-127132.80189462325,5.4126697252121632e-13,0.33678398977574753,0.96099863696631682,5.6327081937155849e-19
2246399.9999955995,363370.06943016249,-125401.56559822403,5.42251062962124e-13,0.33219781957885858,0.96259360307966213,5.3682943186851448e-19
2248199.9999961234,363963.89227967209,-123667.47805488139,5.4321220651632452e-13,0.32760409622252396,0.96416668276987738,5.4174106211345349e-19
2249999.9999963329,364549.43970755662,-121930.57869292238,5.4419165802194201e-13,0.32300292415523446,0.96571784026950158,5.5196274770840588e-19
2251799.9999959138,365126.69840015634,-120190.90700444789,5.4517006418182017e-13,0.31839440799442276,0.96724704030968567,5.4384222019991835e-19
2253599.9999961234,365695.65523275727,-118448.50254311293,5.4614861412435741e-13,0.31377865252058307,0.96875424812211397,5.3287495158922571e-19
2255399.9999957043,366256.29726854101,-116703.4049273423,5.4713040851406235e-13,0.30915576268578865,0.97023942943621855,5.5887030124577427e-19
2257199.9999955995,366808.61176070553,-114955.65383382233,5.4811465915957513e-13,0.30452584359645257,0.97170255048479892,5.2489838754394459e-19
2258999.9999961234,367352.58615124179,-113205.28900125371,5.4906113202026492e-13,0.29988900052326778,0.97314357800077922,5.1511309090815629e-19
2260799.9999963329,367888.20807167381,-111452.35022809428,5.4997260429867055e-13,0.29524533889522853,0.97456247921917194,4.9563027351250171e-19
2262599.9999959138,368415.46534343052,-109696.87737137926,5.5085774237469747e-13,0.29059496429650489,0.97595922187806117,4.8605015872739627e-19
2264399.9999954947,368934.34597857011,-107938.91034428839,5.5170321966325486e-13,0.28593798245999791,0.97733377422052192,4.5886051626219783e-19
2266199.99999539,369444.83817936265,-106178.48911750845,5.5251585885339546e-13,0.28127449927094883,0.97868610499351294,4.3434668083623983e-19
2267999.9999952852,369946.93033873703,-104415.65371776148,5.5328019570678606e-13,0.27660462076304049,0.98001618344906383,4.1654333265011152e-19
2269799.999995809,370440.61104077654,-102650.44422608396,5.5401821591950657e-13,0.2719284531138379,0.98132397934558502,4.083824547364877e-19
2271599.9999950756,370925.86906024732,-100882.90077954716,5.5475226796093405e-13,0.26724610264934728,0.98260946294661922,4.0026513637201854e-19
2273399.9999949709,371402.69336430385,-99113.063565105622,5.5546316247171778e-13,0.26255767582771844,0.98387260502536178,3.8518709730066772e-19
2275199.9999945518,371871.07311123708,-97340.972824119803,5.5614303326637353e-13,0.25786327925122698,0.98511337686133893,3.7172323719299962e-19
2276999.9999950756,372330.99765184522,-95566.668847273279,5.5680900156930688e-13,0.25316301965280885,0.98633175024404718,3.6696118908883845e-19
2278799.9999952852,372782.45652853342,-93790.191978019764,5.5744471590571825e-13,0.24845700390519171,0.98752769747055824,3.2553564190598187e-19
2280599.9999945518,373225.43947635154,-92011.582608656769,5.5802211411086294e-13,0.24374533901049394,0.98870119134827839,3.1890962088144616e-19
2282399.9999950756,373659.93642372987,-90230.881177278497,5.5858325160897755e-13,0.23902813209215321,0.98985220519689021,3.0343400763661438e-19
2284199.9999946565,374085.93749108148,-88448.128173444318,5.5914652026821045e-13,0.23430549040994147,0.99098071284465294,3.3066059413817304e-19
2285999.9999942374,374503.43299257482,-86663.364130997317,5.5973140232912298e-13,0.22957752134094178,0.99208668863309735,3.1653518418598404e-19
2287799.9999947613,374912.41343593027,-84876.629628745417,5.6029248193523255e-13,0.22484433238135221,0.9931701074164887,3.0148851627560359e-19
2289599.9999952852,375312.86952195887,-83087.965292517925,5.6083487848945983e-13,0.22010603115193414,0.99423094456060079,3.0013323540782444e-19
2291399.9999948661,375704.79214531637,-81297.411791984996,5.6135517291861252e-13,0.21536272538958626,0.99526917594471986,2.8238714767348165e-19
2293199.99999539,376088.17239529849,-79505.009836949437,5.6185365412914462e-13,0.21061452293752161,0.99628477796374482,2.6853439058359944e-19
2294999.9999949709,376463.00155464653,-77710.80018284671,5.6233108541865779e-13,0.20586153175983726,0.99727772752502752,2.6891952139716135e-19
2296799.9999951804,376829.2711011658,-75914.823623219272,5.627993599124585e-13,0.20110385992157911,0.99824800205265574,2.4730437580521278e-19
2298599.9999950756,377186.97270685033,-74117.120993837438,5.6322858859522197e-13,0.1963416155996569,0.99919557948514071,2.3181462836321311e-19
2300399.9999946565,377536.09823870886,-72317.733168728417,5.6365253454710635e-13,0.19157490707232613,1.0001204382775986,2.4964234999301245e-19
2302199.9999945518,377876.63975872437,-70516.701060313004,5.6409154713823736e-13,0.18680384271954939,1.0010225574016507,2.4105498884719866e-19
2303999.9999947613,378208.58952409128,-68714.0656181823,5.6451272696034206e-13,0.18202853101975661,1.001901916346041,2.2240954615572063e-19
2305799.9999952852,378531.93998725759,-66909.867828882969,5.6491474279974747e-13,0.17724908054927493,1.0027584951167603,2.2605989242763066e-19
2307599.9999951804,378846.68379608815,-65104.148715115414,5.6530689976867627e-13,0.17246559998020619,1.003592274237471,2.1303594486312234e-19
2309399.99999539,379152.81379438931,-63296.949332752323,5.6567776526242044e-13,0.16767819807252723,1.0044032347508971,2.0081882309976354e-19
2311199.9999959138,379450.32302175724,-61488.310771623612,5.6602031142829151e-13,0.16288698367617066,1.0051913582184244,1.8615612217399159e-19
2312999.999995809,379739.20471358462,-59678.274155598774,5.6634539946149358e-13,0.15809206573124207,1.0059566267201212,1.7350265806856957e-19
2314799.9999957043,380019.45230163774,-57866.880639079573,5.6664983534056112e-13,0.15329355325872929,1.0066990228562593,1.6168341307791533e-19
2316599.9999955995,380291.05941399391,-56054.171407304646,5.6693291515908967e-13,0.14849155536130967,1.0074185297471534,1.5041941528678372e-19
2318399.9999954947,380554.01987515006,-54240.187675642359,5.6720147183883022e-13,0.14368618122147553,1.0081151310334515,1.4858125612201895e-19
2320199.99999539,380808.32770616119,-52424.970688735055,5.6745679360643727e-13,0.138877540099269,1.0087888108764937,1.3305917180921323e-19
2321999.9999955995,381053.97712493764,-50608.561718381134,5.6770008609648336e-13,0.13406574132666976,1.0094395539591063,1.4228355099890281e-19
2323799.999995809,381290.96254607401,-48791.002064797154,5.6793885396911544e-13,0.1292508943109397,1.0100673454851483,1.2766359942504969e-19
2325599.9999957043,381519.27858122048,-46972.333053954724,5.681683838809824e-13,0.12443310852756777,1.01067217118049,1.2360891422609974e-19
2327399.9999955995,381738.92003923195,-45152.596036332732,5.6837947910417066e-13,0.11961249351696428,1.0112540172934124,1.1536582359520654e-19
2329199.9999951804,381949.88192604849,-43331.832387922288,5.6858108607911566e-13,0.11478915888712335,1.0118128705942893,1.0983546054422139e-19
2330999.999994447,382152.15944511245,-41510.083506754941,5.6876038200522126e-13,0.1099632143044256,1.0123487183766915,9.4284075738850677e-20
2332799.9999940279,382345.74799729628,-39687.390813411017,5.6893210297308491e-13,0.10513476949498544,1.0128615484571986,9.702867554735923e-20
2334599.9999936088,382530.64318095078,-37863.795750685931,5.6909430081186112e-13,0.10030393424376619,1.0133513491755217,8.4492399111407351e-20
2336399.999993504,382706.84079216392,-36039.339781146569,5.6924348317410066e-13,0.095470818388107434,1.013818109395195,8.2067745514496068e-20
2338199.9999933993,382874.33682469517,-34214.064387801314,5.693864361213028e-13,0.090635531819499807,1.014261818503398,7.6659270371536665e-20
2339999.9999929802,383033.12747018709,-32388.01107197248,5.6951723716757629e-13,0.085798184477948958,1.0146824664115159,6.8469380585194034e-20
2341799.9999928754,383183.20911827695,-30561.221351948945,5.6963388516207405e-13,0.080958886348405867,1.0150800435554357,6.0859725131135472e-20
2343599.9999930849,383324.57835657411,-28733.736763196914,5.697360339937816e-13,0.076117747461325796,1.0154545408954878,5.3236845289473292e-20
2345399.9999926658,383457.23197070899,-26905.598857994904,5.698314712578082e-13,0.071274877891700894,1.0158059499165737,4.9875168491560279e-20
2347199.9999928754,383581.16694461729,-25076.84920159556,5.6991062755655011e-13,0.066430387748892691,1.0161342626289234,3.7545417006070371e-20
2348999.9999927706,383696.38046035456,-23247.529374757225,5.6997269334685556e-13,0.061584387183338599,1.0164394715675973,3.10207372613412e-20
2350799.9999929802,383802.86989833455,-21417.680970354515,5.7002236113669718e-13,0.056736986377572816,1.0167215697931209,2.3433125975541145e-20
2352599.9999928754,383900.63283729547,-19587.345593864688,5.7005881524684459e-13,0.051888295547514798,1.0169805508913965,1.492455666891963e-20
2354399.9999927706,383989.66705441778,-17756.564861351166,5.7007744203997278e-13,0.047038424937127538,1.0172164089740154,5.9293218599150518e-21
2356199.9999923515,384069.97052533878,-15925.380399130709,5.7008721818768365e-13,0.042187484817535932,1.0174291386782934,3.9083997366686052e-21
2357999.9999922467,384141.54142421618,-14093.833842407515,5.700886615196914e-13,0.037335585483408207,1.0176187351674415,-2.7951445156661421e-21
2359799.999992142,384204.37812373502,-12261.966835213703,5.7007765350355296e-13,0.032482837252798547,1.0177851941305871,-1.0268314949447152e-20
2361599.9999920372,384258.47919518239,-10429.821028580902,5.7005159513750287e-13,0.027629350462303279,1.0179285117829642,-1.7132350144391079e-20
2363399.9999925611,384303.84340848273,-8597.4380791505519,5.7001412447268889e-13,0.022775235463379478,1.0180486848660142,-2.4825490857768154e-20
2365199.9999924563,384340.46973216219,-6764.8596508748424,5.6996234189901997e-13,0.017920602626851034,1.0181457106472884,-3.3045003838799254e-20
2366999.9999923515,384368.35733346088,-4932.1274107359532,5.6989540772877073e-13,0.013065562331568397,1.0182195869207462,-4.1407438777479919e-20
2368799.9999922467,384387.50557830703,-3099.2830291636728,5.6981373621553725e-13,0.0082102249655150519,1.0182703120066832,-4.9289327974833898e-20
2370599.999992142,384397.91403132863,-1266.3681791582158,5.6971884724743298e-13,0.0033547009234836636,1.0182978847517701,-5.6205001654967264e-20
2372399.9999917229,384399.58245586674,566.5754637742981,5.6961141284110713e-13,-0.0015008993930947226,1.0183023045290798,-6.3302126222139596e-20
2374199.9999919324,384392.51081398566,2399.5062252476864,5.6949093099583448e-13,-0.0063564655857558773,1.0182835712381166,-7.0505256802278728e-20
2375999.9999915133,384376.69926647795,4232.3824285523142,5.6935791095632408e-13,-0.011211887249880587,1.0182416853048333,-7.7166492727079221e-20
2377799.9999910942,384352.14817284932,6065.1624004858131,5.6921261581397275e-13,-0.016067053990140634,1.0181766476815848,-8.447166363825134e-20
2379599.9999909895,384318.85809130926,7897.8044695639783,5.6905420421861162e-13,-0.020921855415759319,1.0180884598471089,-9.2406413860305037e-20
2381399.999991199,384276.82977876847,9730.2669671106614,5.6888189871667197e-13,-0.025776181143398715,1.0179771238065181,-9.8943326289082358e-20
2383199.9999907799,384226.06419084186,11562.508227722126,5.6869745776529263e-13,-0.030629920798389752,1.0178426420913045,-1.0617725604191575e-19
2384999.9999909895,384166.56248175749,13394.486592824456,5.6850051956504528e-13,-0.03548296402415603,1.017685017759101,-1.132807407677897e-19
2386799.9999915133,384098.32600440166,15226.160408697493,5.6829194217248923e-13,-0.040335200476979131,1.017504254393802,-1.1662187941879182e-19
2388599.9999917229,384021.35631027893,17057.488028234555,5.6807356228734446e-13,-0.045186519830660202,1.0173003561054554,-1.2602737779284852e-19
2390399.9999916181,383935.65514945565,18888.427812484821,5.6783909758930895e-13,-0.050036811780605824,1.0170733275301134,-1.3427999882071464e-19
2392199.9999915133,383841.2244704999,20718.938131841103,5.6759223307061058e-13,-0.054885966046974571,1.0168231738296754,-1.4037346047313401e-19
2393999.9999917229,383738.06642044167,22548.977366701747,5.6733316128554818e-13,-0.059733872376430415,1.0165499006917769,-1.4753372300607536e-19
2395799.9999913038,383626.1833448438,24378.503906440048,5.6706011580964391e-13,-0.064580420539412556,1.0162535143299833,-1.5549092984004662e-19
2397599.999991199,383505.57778753672,26207.47615406078,5.6676993185223563e-13,-0.069425500342471025,1.0159340214830876,-1.6670289939193658e-19
2399399.9999914085,383376.25249070348,28035.852524530317,5.6646599358916953e-13,-0.074269001623842992,1.0155914294153301,-1.733986559811893e-19
2401199.9999916181,383238.21039484884,29863.591445537724,5.6614607151097199e-13,-0.079110814255468995,1.0152257459163214,-1.8310095646193862e-19
2402999.9999918276,383091.45463861135,31690.651360140164,5.6581019905787077e-13,-0.083950828150000711,1.0148369793005394,-1.9131067270379529e-19
2404799.9999920372,382935.98855874233,33516.990726884731,5.6546229588268196e-13,-0.088788933261123748,1.0144251384072813,-1.9604609983026745e-19
2406599.9999919324,382771.81569011288,35342.568019834325,5.6509492693120388e-13,-0.093625019583626207,1.0139902326006791,-2.1101908686063692e-19
2408399.9999915133,382598.93976552883,37167.341730820408,5.6470839732438213e-13,-0.098458977159366426,1.013532271769203,-2.1390647798527829e-19
2410199.9999917229,382417.3647155448,38991.270371269653,5.6431813088581909e-13,-0.10329069608211197,1.0130512663251776,-2.2032271612179778e-19
2411999.9999916181,382227.09466871951,40814.312469615099,5.6391045741078878e-13,-0.1081200664906814,1.0125472272054525,-2.3398322522745175e-19
2413799.9999915133,382028.13395118678,42636.426575720703,5.6347400462685627e-13,-0.1129469785806653,1.0120201658702708,-2.5206905707644543e-19
2415599.9999917229,381820.48708664114,44457.571260844212,5.6302292541744543e-13,-0.11777132260432802,1.0114700943032255,-2.4726876392594964e-19
2417399.9999916181,381604.1587964432,46277.705116795354,5.6257192207298222e-13,-0.12259298886837758,1.0108970250115425,-2.5194052704159972e-19
2419199.9999915133,381379.15399916505,48096.786759919851,5.6211454059668533e-13,-0.12741186774451946,1.0103009710248767,-2.5288311960329289e-19
2420999.9999917229,381145.47781069687,49914.77483009253,5.6166163811937086e-13,-0.13222784966678988,1.0096819458955895,-2.508012359732669e-19
2422799.9999916181,380903.13554419606,51731.627991234112,5.6119928103951016e-13,-0.13704082513292379,1.0090399636986189,-2.6900289749841212e-19
2424599.9999918276,380652.13270972035,53547.30493414466,5.6070919751103977e-13,-0.14185068471186169,1.0083750390305091,-2.748167553369665e-19
2426399.9999917229,380392.47501437727,55361.764375384679,5.6020249113427749e-13,-0.14665731904078572,1.0076871870097985,-2.9336414679780516e-19
2428199.9999913038,380124.16836198076,57174.965059780057,5.5967741477557711e-13,-0.15146061883175468,1.0069764232761185,-2.8790653756142738e-19
2429999.9999908847,379847.2188529587,58986.865761009685,5.5915565445933535e-13,-0.15626047487326103,1.0062427639899438,-2.9268249620685306e-19
2431799.9999910942,379561.63278421876,60797.42528247468,5.5862297511771117e-13,-0.16105677803253371,1.005486225832237,-3.0497139301720827e-19
2433599.9999906751,379267.41664926714,62606.602456623492,5.5807584543479112e-13,-0.16584941925375019,1.0047068260047689,-3.0617265768582152e-19
2435399.999990256,378964.57713759842,64414.356148819155,5.5752123895858391e-13,-0.17063828956828092,1.0039045822284927,-3.0284009314021443e-19
2437199.9999907799,378653.12113467429,66220.645257318087,5.5696866053844744e-13,-0.17542328009463359,1.0030795127434944,-3.101446701546876e-19
2438999.9999903608,378333.0557223839,68025.42871069978,5.5642424771850541e-13,-0.18020428203164338,1.0022316363102124,-2.8725146338461644e-19
2440799.999990256,378004.38817781629,69828.665474973415,5.5591110928997542e-13,-0.18498118667729971,1.0013609722061831,-2.8509846795138691e-19
2442599.9999901513,377667.12597394222,71630.31454962735,5.5539295020989103e-13,-0.18975388541828092,1.0004675402278429,-2.8810302694062028e-19
2444399.9999903608,377321.27677894343,73430.334971345626,5.5486881026904356e-13,-0.19452226973979922,0.99955136068876327,-3.023569411166531e-19
2446199.999990256,376966.84845652932,75228.685812349839,5.5431805495145699e-13,-0.19928623122120875,0.99861245442047697,-3.1455801375088499e-19
2447999.9999904656,376603.84906519396,77025.326184261576,5.5374616997521125e-13,-0.20404566154623638,0.99765084277051885,-3.192049286602743e-19
2449799.9999903608,376232.28685858019,78820.215236254124,5.5317611189692682e-13,-0.20880045249808654,0.99666654760338624,-3.1182248481601848e-19
2451599.999990256,375852.17028477829,80613.312158528017,5.526151325087381e-13,-0.21355049596864761,0.99565959129868264,-3.0606845931810225e-19
2453399.9999901513,375463.50798644393,82404.576181693759,5.5205353674186663e-13,-0.21829568395685758,0.99462999675142727,-3.1481175577186499e-19
2455199.9999900465,375066.30880062317,84193.966577637897,5.5149515784834958e-13,-0.22303590857099687,0.9935777873715943,-3.0414283328033664e-19
2456999.9999905704,374660.58175822633,85981.442661908746,5.5093958252187959e-13,-0.22777106203500933,0.992502987082719,-3.0932150531825555e-19
2458799.9999904656,374246.33608453639,87766.963791482995,5.50365791480227e-13,-0.23250103668258595,0.99140562032324409,-3.2484998264946738e-19
2460599.9999900465,373823.5811981234,89550.4893695715,5.4978128512882633e-13,-0.23722572496989472,0.99028571204364246,-3.244829471937514e-19
2462399.999990256,373392.32671099174,91331.978844878016,5.491932576838704e-13,-0.24194501947361821,0.9891432877068097,-3.4098255312839215e-19
2464199.9999904656,372952.58242860797,93111.391711519245,5.4855309068396104e-13,-0.24665881289074046,0.98797837328813587,-3.6832977601512332e-19
2465999.9999900465,372504.35834959609,94888.68751035961,5.4788553618688849e-13,-0.25136699804208418,0.98679099527469893,-3.7983635303934894e-19
2467799.999990256,372047.66466492391,96663.825832230214,5.4719601509184802e-13,-0.25606946788083768,0.98558118066311029,-3.8531714978631177e-19
2469599.9999904656,371582.51175849093,98436.766315576824,5.4649560941945736e-13,-0.26076611548632317,0.98434895696107194,-3.9487959305965947e-19
2471399.9999903608,371108.91020655568,100207.46864876444,5.4577740554079606e-13,-0.26545683407010295,0.98309435218585772,-4.1086647116888174e-19
2473199.9999908847,370626.87077714171,101975.89257228091,5.4504692902626591e-13,-0.2701415169818171,0.98181739486274022,-3.9713059535359541e-19
2474999.9999904656,370136.40443072363,103741.99787621608,5.4431840073511591e-13,-0.27482005770250373,0.98051811402681166,-4.0269654067683253e-19
2476799.9999900465,369637.52231875079,105505.74440567943,5.4358069884844311e-13,-0.27949234985895277,0.97919653921906724,-4.2398712533620357e-19
2478599.9999896274,369130.23578429589,107267.09205840011,5.4280680811553781e-13,-0.28415828721734732,0.97785270048812634,-4.434687373127056e-19
2480399.9999895226,368614.55636138609,109026.00078711528,5.4199928916988662e-13,-0.28881776368959067,0.97648662838846256,-4.5655504752339725e-19
2482199.9999894178,368090.49577514961,110782.43059908554,5.4117457938465302e-13,-0.29347067333202248,0.97509835398078903,-4.4207308951650355e-19
2483999.9999893131,367558.06594103726,112536.34155875535,5.4038368365095178e-13,-0.29811691035246729,0.97368790882999656,-4.4014553046124833e-19
2485799.999988894,367017.27896497934,114287.69378721513,5.3959146122032096e-13,-0.30275636910880716,0.97225532500557077,-4.4323136871820949e-19
2487599.9999894178,366468.14714249491,116036.44746510519,5.3877489903519685e-13,-0.30738894411667866,0.97080063507923187,-4.5562722520443119e-19
2489399.9999899417,365910.68295936083,117782.56283046342,5.3796347853932101e-13,-0.31201453004376656,0.96932387212670568,-4.4357885031191812e-19
2491199.9999901513,365344.89909065212,119526.00018182925,5.3713610976119686e-13,-0.31663302171802965,0.96782506972518256,-4.8064888031319341e-19
2492999.9999900465,364770.80840067076,121266.71987845082,5.3625078948772926e-13,-0.32124431412824828,0.96630426195313102,-4.9444230259672782e-19
2494799.9999896274,364188.42394240829,123004.68234193059,5.353739672063242e-13,-0.32584830242838364,0.96476148338886814,-4.9164230128424826e-19
2496599.9999892083,363597.75895744003,124739.84805652076,5.3447046949474196e-13,-0.33044488193836052,0.96319676911028529,-5.1538794959830979e-19
2498399.9999891035,362998.82687556319,126472.17757019927,5.3351333955613232e-13,-0.33503394814691828,0.96161015469388889,-5.3590688515685262e-19
2500199.9999886844,362391.64131482836,128201.63149460858,5.3253329758904048e-13,-0.33961539671144836,0.96000167621487864,-5.5283371332410666e-19
2501999.9999882653,361776.2160807639,129928.17050730471,5.3150875947804196e-13,-0.34418912346395175,0.95837137024509889,-5.7690842782519869e-19
2503799.9999884749,361152.56516591914,131651.75535300863,5.3044493355695163e-13,-0.34875502441435358,0.95671927385182509,-6.0102571343266384e-19
2505599.9999886844,360520.702750444,133372.34684200305,5.2933936031810482e-13,-0.35331299574625791,0.95504542459930108,-6.1998595051674661e-19
2507399.999988894,359880.64320097404,135089.90585325458,5.2822746647377052e-13,-0.35786293382521617,0.95334986054578308,-6.1580347666101929e-19
2509199.9999887892,359232.40107062127,136804.39333442232,5.2708556005029067e-13,-0.36240473519875233,0.95163262024351847,-6.4803762632266086e-19
2510999.9999889988,358575.99109815829,138515.7703040209,5.2594392897149064e-13,-0.36693829660209115,0.94989374273658234,-6.2152579551321174e-19
2512799.999988894,357911.42820857541,140223.99784995755,5.248079757046867e-13,-0.37146351495428387,0.94813326756235417,-6.467462782800316e-19
2514599.9999884749,357238.72751203808,141929.03713227942,5.2362735643962262e-13,-0.37598028736548461,0.94635123474875549,-6.6354093872359281e-19
2516399.9999889988,356557.90430322109,143630.84938482087,5.2239759237747553e-13,-0.38048851114131654,0.94454768481248508,-7.130050117626478e-19
2518199.9999885797,355868.97406258021,145329.39591202952,5.210916254886332e-13,-0.38498808377446153,0.94272265876239147,-7.1707299341937877e-19
2519999.9999881606,355171.95245402365,147024.63809480652,5.1980216266633934e-13,-0.38947890296013271,0.94087619809330147,-7.3370605378392249e-19
2521799.9999880558,354466.85532551183,148716.5373889629,5.1848091020819408e-13,-0.39396086659198426,0.93900834478760808,-7.1880470019557612e-19
2523599.9999882653,353753.69870878849,150405.05532589142,5.1715929591231614e-13,-0.39843387276389336,0.9371191413145612,-7.4032324219184362e-19
2525399.9999878462,353032.49881921062,152090.15351302008,5.1580322702990388e-13,-0.40289781977115779,0.93520863062981519,-7.7531983846532981e-19
2527199.9999883701,352303.27205404313,153771.79363780236,5.1441762726111737e-13,-0.40735260612107127,0.93327685617090927,-7.7213514412072359e-19
2528999.999987951,351566.03499434266,155449.93746333593,5.1297047346162284e-13,-0.4117981305213127,0.93132386186226479,-8.5327891612205994e-19
2530799.9999878462,350820.80440224579,157124.5468346393,5.1144402148132725e-13,-0.41623429189657524,0.92934969210799323,-8.4123924041550814e-19
2532599.9999874271,350067.59722207085,158795.58367609378,5.0995767296863531e-13,-0.42066098938179058,0.92735439179481971,-7.9255365815089687e-19
2534399.9999870081,349306.4305794792,160463.00999336012,5.0854939741540425e-13,-0.42507812232720449,0.92533800628986063,-7.6680881846790817e-19
2536199.999986589,348537.32178099913,162126.78787442521,5.0716105267261857e-13,-0.42948559030115185,0.92330058143936244,-7.8562998546302201e-19
2537999.9999861699,347760.28831381351,163786.8794900662,5.0574454035446985e-13,-0.43388329309128437,0.92124216356813615,-7.9299524095690221e-19
2539799.9999857508,346975.3478452657,165443.24709492124,5.0432776962812064e-13,-0.43827113070740781,0.91916279947825374,-7.8205828500667856e-19
2541599.9999859603,346182.51822221745,167095.8530288442,5.0289483913745497e-13,-0.44264900338507007,0.9170625364473437,-8.0335036433873501e-19
2543399.9999852269,345381.81747188006,168744.65971519594,5.0144556115732402e-13,-0.44701681158103507,0.91494142223079244,-8.0815891100636966e-19
2545199.9999844935,344573.26379935088,170389.62966597153,4.9998859887286309e-13,-0.45137445598686637,0.91279950505522134,-7.96022643166687e-19
2546999.9999843887,343756.87558836135,172030.72548020078,4.9857398885251507e-13,-0.45572183752468665,0.91063683362046377,-7.8341714253839979e-19
2548799.9999842839,342932.67140137631,173667.90984378461,4.9715708446531183e-13,-0.4600588573467489,0.90845345709983294,-7.9664460184617702e-19
2550599.9999844935,342100.66997809533,175301.14553251819,4.9569930176956369e-13,-0.46438541684344126,0.90624942513614859,-8.4523722483252811e-19
2552399.9999850173,341260.89023565914,176930.39541165912,4.942033173539492e-13,-0.46870141764214424,0.90402478784228646,-8.0774374841029281e-19
2554199.9999849126,340413.35126856196,178555.62243614037,4.9275935507132482e-13,-0.47300676160779515,0.90177959580094247,-7.8885044818320902e-19
2555999.9999851221,339558.07234676299,180176.78965420675,4.9135120517793577e-13,-0.47730135085252118,0.89951390005963239,-7.763216928492416e-19
2557799.9999853317,338695.07291684224,181793.86020517905,4.8996623857765542e-13,-0.4815850877297157,0.89722775213375494,-7.7974947877752658e-19
2559599.9999855412,337824.37260060315,183406.7973221218,4.8854782426578313e-13,-0.48585787484110726,0.89492120400288677,-7.962125514920193e-19
2561399.9999857508,336945.99119537207,185015.5643312897,4.8711474035621915e-13,-0.49011961503529067,0.89259430811157725,-8.0783605510027456e-19
2563199.999985646,336059.94867279648,186620.12465435642,4.8565612456845159e-13,-0.49437021141363341,0.8902471173661658,-8.0352201119447603e-19
2564999.9999855412,335166.26517870376,188220.44180865705,4.842182250731533e-13,-0.49860956733091716,0.88787968513440763,-7.8791990694028143e-19
2566799.9999851221,334264.96103277535,189816.4794077847,4.8279289114013204e-13,-0.50283758639691689,0.88549206524460911,-7.9991228247658222e-19
2568599.9999843887,333356.05672794819,191408.20116266661,4.8137073007171779e-13,-0.50705417247925388,0.88308431198404203,-7.4891691672230541e-19
2570399.9999845983,332439.57292937883,192995.57088336855,4.7998660474474224e-13,-0.51125922970817317,0.88065648009620301,-7.579999351167179e-19
2572199.9999848078,331515.53047556215,194578.5524771591,4.7865972979087354e-13,-0.51545266247141863,0.8782086247837706,-7.4479374772403888e-19
2573999.999984703,330583.95037640689,196157.1099518656,4.7736317652900955e-13,-0.51963437542312108,0.8757408017035152,-6.7788708578684375e-19
2575799.9999842839,329644.8538132403,197731.20741585008,4.7610987973056444e-13,-0.52380427348373371,0.87325306696630434,-7.1678444919279091e-19
2577599.9999841792,328698.26213800802,199300.80907935026,4.7479044426405266e-13,-0.52796226184358808,0.87074547713498807,-7.2880777135184235e-19
2579399.9999840744,327744.19687325746,200865.87925450623,4.7345334071577568e-13,-0.53210824596296136,0.86821808922435029,-7.5985586766271976e-19
2581199.9999845983,326782.67971138656,202426.38235660901,4.7209651667717625e-13,-0.5362421315753847,0.86567096069912441,-7.8026699006157549e-19
2582999.9999848078,325813.7325146884,203982.28290404606,4.7065285610532372e-13,-0.54036382468749933,0.8631041494741063,-8.2953456376869111e-19
2584799.999984703,324837.37731411564,205533.54552031439,4.6914774620763871e-13,-0.54447323158438921,0.86051771391088228,-8.3170274051211498e-19
2586599.9999845983,323853.63630885485,207080.13493468062,4.6766483177679289e-13,-0.54857025883133015,0.85791171281670431,-8.2377604645369138e-19
2588399.9999841792,322862.53186624276,208622.01598231777,4.6620054893704998e-13,-0.55265481327415111,0.85528620544426681,-7.817130512315352e-19
2590199.9999843887,321864.08652050607,210159.1536062728,4.6482987025286022e-13,-0.55672680204444736,0.85264125148836689,-7.5565077894125051e-19
2591999.9999842839,320858.32297369116,211691.51285603625,4.6352308314991683e-13,-0.56078613255579035,0.84997691108836704,-7.1678224473491507e-19
