0,384400000,0,0,0,1018.3034106336976,0
1800,384395629.96204048,1832939.1932073596,0,-4.8555885325890529,1018.2918340869787,0
3600,384382519.94752342,3665836.7110044612,0,-9.7110666640011942,1018.2571047100375,0
5400,384360670.25453013,5498650.8789286166,0,-14.566323995569688,1018.1992232925131,0
7200,384330081.37985563,7331340.0244122576,0,-19.421250133648119,1018.1181911504515,0
9000,384290754.01899695,9163862.4777304456,0,-24.275734692120391,1018.0140101262746,0
10800,384242689.06613767,10996176.572948305,0,-29.129667294910568,1017.8866825887393,0
12600,384185887.6141271,12828240.648868388,0,-33.982937578492496,1017.7362114328827,0
14400,384120350.95445603,14660013.049977919,0,-38.835435194399132,1017.5626000799571,0
16200,384046080.57722682,16491452.127395906,0,-43.687049811731519,1017.3658524773515,0
18000,383963078.17111987,18322516.239820119,0,-48.537671119667372,1017.1459730985026,0
19800,383871345.62335509,20153163.754473884,0,-53.387188829969212,1016.9029669427925,0
21600,383770885.01964903,21983353.048052669,0,-58.23549267949199,1016.636839535435,0
23400,383661698.64416736,23813042.507670499,0,-63.082472432690125,1016.3475969273504,0
25200,383543788.97947305,25642190.531806074,0,-67.928017884123904,1016.0352456950276,0
27000,383417158.70646995,27470755.531248692,0,-72.772018860965275,1015.6997929403748,0
28800,383281810.70434171,29298695.930043824,0,-77.614365225502752,1015.3412462905578,0
30600,383137748.05048639,31125970.166438457,0,-82.454946877645668,1014.9596138978268,0
32400,382984974.02044642,32952536.69382605,0,-87.293653757427492,1014.5549044393306,0
34200,382823492.08783436,34778353.981691204,0,-92.13037584750829,1014.1271271169201,0
36000,382653305.92425352,36603380.516553938,0,-96.965003175676131,1013.6762916569382,0
37800,382474419.3992148,38427574.802913532,0,-101.79742581734752,1013.2024083099992,0
39600,382286836.58004868,40250895.364192076,0,-106.62753389806679,1012.705487850756,0
41400,382090561.73181254,42073300.74367746,0,-111.45521759600426,1012.1855415776538,0
43200,381885599.31719393,43894749.505466036,0,-116.28036714445334,1011.6425813126749,0
45000,381671953.99640882,45715200.235404655,0,-121.10287283432615,1011.0766194010689,0
46800,381449630.62709612,47534611.542032391,0,-125.92262501664804,1010.4876687110722,0
48600,381218634.26420659,49352942.057521597,0,-130.73951410505069,1009.8757426336153,0
50400,380978970.15988839,51170150.438618474,0,-135.55343057826374,1009.2408550820189,0
52200,380730643.76336753,52986195.367583178,0,-140.36426498260502,1008.5830204916767,0
54000,380473660.72082394,54801035.553129122,0,-145.17190793446903,1007.9022538197278,0
55800,380208026.87526309,56614629.731361933,0,-149.97625012281424,1007.1985705447163,0
57600,379933748.26638311,58426936.666717611,0,-154.77718231164823,1006.4719866662399,0
59400,379650831.13043755,60237915.152900085,0,-159.57459534251154,1005.7225187045851,0
61200,379359281.90009356,62047524.013818167,0,-164.36838013695964,1004.9501837003529,0
63000,379059107.20428562,63855722.104521737,0,-169.15842769904285,1004.1549992140699,0
64800,378750313.8680647,65662468.312137239,0,-173.94462911778467,1003.3369833257902,0
66600,378432908.91244346,67467721.556802511,0,-178.72687556965823,1002.4961546346842,0
68400,378106899.55423611,69271440.792600766,0,-183.50505832106035,1001.6325322586149,0
70200,377772293.20589453,71073585.00849387,0,-188.27906873078391,1000.7461358337036,0
72000,377429097.47534007,72874113.229254812,0,-193.0487982524881,999.8369855138842,0
73800,377077320.16578978,74672984.516399354,0,-197.81413843716632,998.90510197044364,0
75600,376716969.27557999,76470157.969116807,0,-202.57498093561205,997.95050639155306,0
77400,376348052.99798363,78265592.725200087,0,-207.33121750088227,996.97322048178546,0
79200,375970579.72102422,80059247.961974695,0,-212.08273999075888,995.97326646162196,0
81000,375584558.02728534,81851082.89722693,0,-216.82944037020727,994.9506670669474,0
82800,375189996.69371521,83641056.790131167,0,-221.57121071383284,993.90544554853273,0
84600,374786904.69142729,85429128.942176193,0,-226.30794320833488,992.8376256715062,0
86400,374375291.18549627,87215258.698090523,0,-231.03953015495793,991.74723171481412,0
88200,373955165.53474963,88999405.446766809,0,-235.76586397194043,990.63428847066734,0
90000,373526537.29155493,90781528.622185156,0,-240.48683719696089,989.4988212439788,0
91800,373089416.20160252,92561587.704335585,0,-245.20234248958127,988.34085585178707,0
93600,372643812.20368403,94339542.22013922,0,-249.91227263368748,987.1604186226707,0
95400,372189735.42946649,96115351.744368568,0,-254.61652053992719,985.95753639614804,0
97200,371727196.20326179,97888975.900566638,0,-259.31497924814471,984.73223652206866,0
99000,371256205.04179186,99660374.361965001,0,-264.00754192981282,983.48454685998956,0
100800,370776772.65394974,101429506.85240078,0,-268.69410189046226,982.21449577854366,0
102600,370288909.94055635,103196333.14723222,0,-273.37455257210678,980.92211215479347,0
104400,369792627.9941119,104960813.07425343,0,-278.04878755566659,979.60742537357521,0
106200,369287938.0985443,106722906.51460767,0,-282.71670056338769,978.27046532683005,0
108000,368774851.72895253,108482573.40369959,0,-287.3781854612584,976.91126241292534,0
109800,368253380.55134541,110239773.73210625,0,-292.03313626142273,975.52984753596252,0
111600,367723536.42237657,111994467.54648663,0,-296.68144712458968,974.12625210507497,0
113400,367185331.38907516,113746614.95049016,0,-301.32301236244029,972.70050803371419,0
115200,366638777.6885711,115496176.10566387,0,-305.95772644003034,971.25264773892297,0
117000,366083887.74781781,117243111.23235811,0,-310.58548397818998,969.78270414059989,0
118800,365520674.18330908,118987380.61063109,0,-315.20617975591966,968.29071066074971,0
120600,364949149.80079228,120728944.5811519,0,-319.81970871278259,966.77670122272377,0
122400,364369327.59497738,122467763.54610236,0,-324.42596595129351,965.24071025044884,0
124200,363781220.74924129,124203797.97007722,0,-329.02484673930371,963.68277266764426,0
126000,363184842.63532823,125937008.38098322,0,-333.6162465123823,962.10292389702784,0
127800,362580206.81304568,127667355.37093642,0,-338.20006087619367,960.50119985951073,0
129600,361967327.02995616,129394799.59715836,0,-342.77618560887134,958.87763697338016,0
131400,361346217.22106421,131119301.78287043,0,-347.34451666338708,957.23227215347208,0
133200,360716891.50850028,132840822.71818703,0,-351.9049501699173,955.56514281033128,0
135000,360079364.20119911,134559323.26100704,0,-356.45738243820421,953.87628684936124,0
136800,359433649.79457444,136274764.3379038,0,-361.00170995991363,952.16574266996156,0
138600,358779762.97018951,137987106.94501352,0,-365.53782941098859,950.43354916465569,0
140400,358117718.59542346,139696312.14892206,0,-370.06563765399829,948.67974571820628,0
142200,357447531.72313285,141402341.08755022,0,-374.58503174048337,946.9043722067197,0
144000,356769217.59130979,143105154.97103736,0,-379.09590891329646,945.10746899673927,0
145800,356082791.62273526,144804715.08262327,0,-383.59816660893881,943.28907694432769,0
147600,355388269.42462844,146500982.77952853,0,-388.09170245989196,941.44923739413775,0
149400,354685666.78829193,148193919.49383315,0,-392.57641429694553,939.58799217847275,0
151200,353974999.68875295,149883486.73335344,0,-397.05220015152014,937.70538361633498,0
153000,353256284.28439945,151569646.08251724,0,-401.51895825798573,935.80145451246369,0
154800,352529536.9166134,153252359.2032373,0,-405.9765870559757,933.87624815636184,0
156600,351794774.10939896,154931587.83578309,0,-410.42498519269566,931.92980832131161,0
158400,351052012.5690065,156607293.79965067,0,-414.86405152522832,929.96217926337931,0
160200,350301269.18355334,158279438.99443063,0,-419.29368512283287,927.97340572040935,0
162000,349542561.02263933,159947985.40067467,0,-423.71378526923996,925.96353291100684,0
163800,348775905.33695889,161612895.08075982,0,-428.12425146494178,923.9326065335091,0
165600,348001319.55790871,163274130.1797511,0,-432.52498342947672,921.88067276494735,0
167400,347218821.29719144,164931652.92626226,0,-436.91588110370992,919.80777825999587,0
169200,346428428.34641534,166585425.63331449,0,-441.29684465210801,917.71397014991237,0
171000,345630158.67668968,168235410.69919345,0,-445.66777446500913,915.59929604146521,0
172800,344824030.43821615,169881570.60830399,0,-450.02857116088774,913.46380401585191,0
174600,344010061.95987606,171523867.93202347,0,-454.37913558861442,911.30754262760513,0
176400,343188271.74881381,173162265.32955244,0,-458.71936882970994,909.13056090348948,0
178200,342358678.49001598,174796725.54876384,0,-463.04917220059463,906.93290834138611,0
180000,341521301.0458864,176427211.42704996,0,-467.36844725483201,904.71463490916744,0
181800,340676158.45581758,178053685.89216745,0,-471.67709578536721,902.47579104356157,0
183600,339823269.93575746,179676111.96308008,0,-475.97501982675999,900.21642764900503,0
185400,338962654.87777269,181294452.75079978,0,-480.26212165741185,897.93659609648512,0
187200,338094332.84960753,182908671.45922521,0,-484.5383038017884,895.63634822237236,0
189000,337218323.59423929,184518731.38597849,0,-488.80346903263518,893.31573632724201,0
190800,336334647.02942926,186124595.92323959,0,-493.05752037318848,890.9748131746843,0
192600,335443323.24726957,187726228.55857894,0,-497.30036109938067,888.61363199010543,0
194400,334544372.51372677,189323592.8757872,0,-501.53189474203867,886.23224645951666,0
196200,333637815.26818079,190916652.55570364,0,-505.75202508907813,883.83071072831444,0
198000,332723672.12296039,192505371.37704173,0,-509.96065618769029,881.40907940004865,0
199800,331801963.86287427,194089713.21721271,0,-514.15769234652419,878.96740753518145,0
201600,330872711.44473875,195669642.05314699,0,-518.34303813786244,876.50575064983536,0
203400,329935935.99690098,197245121.96211305,0,-522.51659839979015,874.0241647145308,0
205200,328991658.8187589,198816117.12253445,0,-526.67827823835978,871.52270615291366,0
207000,328039901.38027662,200382591.81480405,0,-530.82798302974766,869.00143184047226,0
208800,327080685.32149655,201944510.42209631,0,-534.96561842240624,866.4603991032443,0
210600,326114032.45204699,203501837.43117711,0,-539.09109033920879,863.8996657165136,0
212400,325139964.75064677,205054537.43321109,0,-543.20430497958898,861.31928990349604,0
214200,324158504.36460507,206602575.12456688,0,-547.30516882167308,858.71933033401592,0
216000,323169673.60931802,208145915.30761981,0,-551.39358862440679,856.09984612317226,0
217800,322173494.9677614,209684522.89155206,0,-555.46947142967497,853.46089682999445,0
219600,321169991.08997923,211218362.89315054,0,-559.53272456441516,850.80254245608785,0
221400,320159184.7925691,212747400.4376024,0,-563.58325564272502,848.12484344427003,0
223200,319141099.05816311,214271600.75928798,0,-567.62097256796278,845.42786067719635,0
225000,318115757.03490537,215790929.20257109,0,-571.64578353484103,842.71165547597514,0
226800,317083182.03592569,217305351.2225872,0,-575.65759703151423,839.97628959877409,0
228600,316043397.53880978,218814832.38602871,0,-579.65632184165929,837.22182523941626,0
230400,314996427.18506491,220319338.37192798,0,-583.64186704655015,834.44832502596455,0
232200,313942294.7795828,221818834.97243762,0,-587.6141420271241,831.65585201929991,0
234000,312881024.29009831,223313288.09360829,0,-591.57305646604266,828.84446971168552,0
235800,311812639.84664428,224802663.75616387,0,-595.5185203497449,826.01424202532439,0
237600,310737165.74100316,226286928.09627408,0,-599.45044397049469,823.16523331090559,0
239400,309654626.42615443,227766047.36632442,0,-603.36873792841948,820.29750834614094,0
241200,308565046.51571876,229239987.93568346,0,-607.27331313354352,817.41113233429246,0
243000,307468450.78339845,230708716.29146755,0,-611.16408080781343,814.50617090268963,0
244800,306364864.16241395,232172199.0393028,0,-615.04095248711678,811.58269010123729,0
246600,305254311.74493706,233630402.90408432,0,-618.90384002329336,808.64075640091426,0
248400,304136818.78152049,235083294.73073277,0,-622.7526555861391,805.68043669226108,0
250200,303012410.68052357,236530841.48494828,0,-626.58731166540394,802.70179828386006,0
252000,301881113.00753468,237973010.25396156,0,-630.40772107278065,799.70490890080453,0
253800,300742951.48478985,239409768.24728215,0,-634.21379694388781,796.68983668315866,0
255600,299597951.99058807,240841082.79744402,0,-638.00545274024444,793.65665018440859,0
257400,298446140.55870277,242266921.36074838,0,-641.7826022512379,790.60541836990365,0
259200,297287543.37778991,243687251.5180034,0,-645.54515959608364,787.53621061528827,0
261000,296122186.79079258,245102040.97526181,0,-649.29303922577878,784.44909670492461,0
262800,294950097.2943421,246511257.56455451,0,-653.02615592504606,781.3441468303057,0
264600,293771301.5381552,247914869.2446225,0,-656.74442481427218,778.22143158845972,0
266400,292585826.32442874,249312844.10164514,0,-660.44776135143741,775.08102198034476,0
268200,291393698.60722965,250705150.3499659,0,-664.13608133403795,771.92298940923445,0
270000,290194945.49188244,252091756.33281499,0,-667.80930090100026,768.74740567909453,0
271800,288989594.23435295,253472630.52302912,0,-671.46733653458784,765.55434299295007,0
273600,287777672.24062836,254847741.52376834,0,-675.11010506230025,762.34387395124418,0
275400,286559207.0660944,256217058.06923011,0,-678.73752365876453,759.11607155018714,0
277200,285334226.41490841,257580549.02535975,0,-682.34950984761736,755.87100918009617,0
279000,284102758.1393699,258938183.39055887,0,-685.94598150338152,752.60876062372756,0
280800,282864830.23928684,260289930.29638976,0,-689.52685685333256,749.32940005459852,0
282600,281620470.86133939,261635759.00827757,0,-693.09205447935778,746.03300203530114,0
284400,280369708.29843968,262975638.926209,0,-696.64149331980832,742.71964151580653,0
286200,279112570.98908865,264309539.58542803,0,-700.1750926713413,739.38939383176125,0
288000,277849087.51672935,265637430.65712875,0,-703.69277219075559,736.04233470277381,0
289800,276579286.60909718,266959281.94914457,0,-707.19445189681767,732.67854023069356,0
291600,275303197.13756657,268275063.4066352,0,-710.68005217208122,729.29808689788058,0
293400,274020848.1164946,269584745.11276966,0,-714.14949376469644,725.90105156546542,0
295200,272732268.70256132,270888297.28940654,0,-717.60269779021235,722.48751147160317,0
297000,271437488.1941067,272185690.2977711,0,-721.03958573337047,719.0575442297162,0
298800,270136536.03046465,273476894.6391294,0,-724.46007944989015,715.61122782672965,0
300600,268829441.7912935,274761880.95545852,0,-727.86410116824482,712.1486406212988,0
302400,267516235.19590357,276040620.03011441,0,-731.2515734914308,708.66986134202659,0
304200,266196946.10258141,277313082.78849626,0,-734.62241939872672,705.17496908567443,0
306000,264871604.50791088,278579240.29870719,0,-737.97656224744492,701.66404331536296,0
307800,263540240.54609117,279839063.77221251,0,-741.31392577467409,698.13716385876614,0
309600,262202884.48825148,281092524.56449395,0,-744.63443409901288,694.59441090629537,0
311400,260859566.74176303,282339594.17570126,0,-747.93801172229598,691.03586500927668,0
313200,259510317.84954748,283580244.2512998,0,-751.2245835313098,687.46160707811953,0
315000,258155168.48938259,284814446.58271551,0,-754.49407479950105,683.87171838047652,0
316800,256794149.47320452,286042173.10797638,0,-757.74641118867521,680.26628053939578,0
318600,255427291.74640751,287263395.91235012,0,-760.98151875068743,676.64537553146533,0
320400,254054626.38714004,288478087.22897947,0,-764.19932392912347,673.00908568494924,0
322200,252676184.60559845,289686219.43951273,0,-767.39975356097159,669.3574936779155,0
324000,251291997.74331719,290887765.07473236,0,-770.5827348782874,665.69068253635623,0
325800,249902097.27245605,292082696.81517923,0,-773.74819550984694,662.00873563229982,0
327600,248506514.79508489,293270987.49177402,0,-776.89606348279358,658.3117366819157,0
329400,247105282.04246494,294452610.08643454,0,-780.02626722427294,654.59976974361041,0
331200,245698430.87432721,295627537.73269069,0,-783.1387355630618,650.87291921611654,0
333000,244285993.27814841,296795743.71629465,0,-786.23339773118516,647.13126983657412,0
334800,242868001.36842337,297957201.47582859,0,-789.3101833655254,643.37490667860322,0
336600,241444487.38593492,299111884.6033088,0,-792.36902250942308,639.60391515037031,0
338400,240015483.69702104,300259766.84478563,0,-795.40984561426626,635.8183809926461,0
340200,238581022.79283863,301400822.10094088,0,-798.43258354107274,632.01839027685617,0
342000,237141137.28862494,302535024.42768097,0,-801.43716756206163,628.20402940312363,0
343800,235695859.92295599,303662348.03672701,0,-804.42352936221619,624.37538509830472,0
345600,234245223.55700219,304782767.29620075,0,-807.39160104083692,620.53254441401748,0
347400,232789261.17378116,305896256.73120797,0,-810.34131511308578,616.67559472466178,0
349200,231328005.87740773,307002791.02441722,0,-813.27260451152006,612.80462372543275,0
351000,229861490.89234152,308102345.01663566,0,-816.18540258761766,608.91971943032775,0
352800,228389749.56263104,309194893.70738113,0,-819.0796431132926,605.02097017014376,0
354600,226912815.35115606,310280412.25545025,0,-821.95526028240022,601.10846459047002,0
356400,225430721.83886644,311358875.9794839,0,-824.81218871223416,597.18229164967249,0
358200,223943502.72401878,312430260.35852772,0,-827.65036344501254,593.24254061687066,0
360000,222451191.82141,313494541.03258997,0,-830.46971994935473,589.28930106990822,0
361800,220953823.06160882,314551693.80319548,0,-833.27019412174923,585.32266289331642,0
363600,219451430.49018401,315601694.63393557,0,-836.05172228801052,581.34271627627004,0
365400,217944048.2669304,316644519.6510148,0,-838.81424120472741,577.34955171053707,0
367200,216431710.66509211,317680145.14379376,0,-841.55768806070023,573.34325998842075,0
369000,214914452.07058352,318708547.56532788,0,-844.2820004783697,569.32393220069605,0
370800,213392306.98120719,319729703.53290331,0,-846.98711651523502,565.29165973453769,0
372600,211865310.00586957,320743589.82856816,0,-849.67297466526179,561.2465342714429,0
374400,210333495.86379406,321750183.39966077,0,-852.33951386028139,557.18864778514626,0
376200,208796899.38373169,322749461.3593334,0,-854.98667347137848,553.11809253952913,0
378000,207255555.50316921,323741400.98707294,0,-857.61439331027009,549.03496108652143,0
379800,205709499.26753467,324725979.72921747,0,-860.22261363067378,544.93934626399766,0
381600,204158765.82940051,325703175.19946903,0,-862.81127512966691,540.83134119366537,0
383400,202603390.44768459,326672965.17940241,0,-865.38031894903361,536.71103927894887,0
385200,201043408.48684803,327635327.61897087,0,-867.92968667660477,532.57853420286426,0
387000,199478855.41609174,328590240.63700676,0,-870.45932034758403,528.4339199258909,0
388800,197909766.80854934,329537682.52171957,0,-872.96916244586771,524.27729068383348,0
390600,196336178.3404789,330477631.73118943,0,-875.45915590535174,520.10874098568058,0
392400,194758125.79045129,331410066.893857,0,-877.92924411122874,515.92836561145498,0
394200,193175645.03853706,332334966.80900908,0,-880.37937090127605,511.73625961005939,0
396000,191588772.06549039,333252310.44726098,0,-882.80948056713203,507.53251829711496,0
397800,189997542.95193097,334162076.95103455,0,-885.21951785556325,503.3172372527934,0
399600,188401993.87752408,335064245.63503247,0,-887.6094279697204,499.09051231964571,0
401400,186802161.12015724,335958795.98670852,0,-889.97915657038448,494.85243960042055,0
403200,185198081.05511621,336845707.66673368,0,-892.32864977720158,490.60311545588149,0
405000,183589790.15425703,337724960.50945938,0,-894.65785416990957,486.34263650261397,0
406800,181977324.98517761,338596534.52337497,0,-896.96671678955045,482.0710996108304,0
408600,180360722.21038562,339460409.89156324,0,-899.25518513967677,477.78860190216596,0
410400,178740018.58646545,340316566.97215027,0,-901.52320718754333,473.49524074747217,0
412200,177115250.96324188,341164986.29875231,0,-903.77073136529168,469.19111376460074,0
414000,175486456.28294289,342005648.58091861,0,-905.99770657112163,464.87631881618643,0
415800,173853671.57935908,342838534.70456958,0,-908.20408217045372,460.5509540074197,0
417600,172216933.97700226,343663625.73243165,0,-910.3898079970802,456.21511768381833,0
419400,170576280.69026065,344480902.90446788,0,-912.55483435430585,451.86890842898902,0
421200,168931749.02255347,345290347.63830423,0,-914.69911201607761,447.51242506238822,0
423000,167283376.36548206,346091941.5296526,0,-916.82259222810455,443.14576663707317,0
424800,165631200.19798046,346885666.35272855,0,-918.9252267089654,438.76903243745141,0
426600,163975258.08546248,347671504.06066644,0,-921.00696765120699,434.38232197702206,0
428400,162315587.67896825,348449436.78592908,0,-923.06776772243109,429.9857349961145,0
430200,160652226.71430764,349219446.84071463,0,-925.1075800663707,425.57937145961898,0
432000,158985213.01120269,349981516.71735829,0,-927.12635830395493,421.16333155471557,0
433800,157314584.47242728,350735629.08873051,0,-929.12405653436451,416.73771568859434,0
435600,155640379.08294582,351481766.80863112,0,-931.10062933607423,412.30262448617424,0
437400,153962634.90904897,352219912.91217893,0,-933.05603176788668,407.85815878781324,0
439200,152281390.09748891,352950050.61619759,0,-934.99021936995348,403.40441964701768,0
441000,150596682.87461117,353672163.31959718,0,-936.90314816478622,398.94150832814245,0
442800,148908551.54548618,354386234.60375166,0,-938.79477465825676,394.46952630409049,0
444600,147217034.49303785,355092248.23287219,0,-940.66505584058586,389.9885752540041,0
446400,145522170.17717117,355790188.15437621,0,-942.51394918732103,385.49875706095418,0
448200,143823997.13389745,356480038.49925268,0,-944.34141266030372,381.00017380962277,0
450000,142122553.97445863,357161783.58242238,0,-946.14740470862421,376.49292778398291,0
451800,140417879.38444862,357835407.90309513,0,-947.93188426956817,371.97712146497207,0
453600,138710012.12293455,358500896.14512175,0,-949.69481076954833,367.45285752816295,0
455400,136998991.02157477,359158233.17734271,0,-951.43614412502825,362.92023884142804,0
457200,135284854.98373654,359807404.05393189,0,-953.15584474343302,358.37936846260186,0
459000,133567642.98361094,360448394.01473641,0,-954.85387352405007,353.83034963713618,0
460800,131847394.06532729,361081188.48561233,0,-956.53019185891776,349.2732857957543,0
462600,130124147.34206478,361705773.07875615,0,-958.18476163370337,344.70828055209785,0
464400,128397941.9951638,362322133.59303147,0,-959.81754522856943,340.13543770037205,0
466200,126668817.2732345,362930256.01429254,0,-961.42850551902973,335.5548612129848,0
468000,124936812.49126486,363530126.51570237,0,-963.01760587679291,330.96665523818371,0
469800,123201967.02972637,364121731.45804721,0,-964.58481017059501,326.37092409768672,0
471600,121464320.33367912,364705057.39004689,0,-966.13008276702158,321.76777228431189,0
473400,119723911.91187437,365280091.04866058,0,-967.65338853131777,317.15730445959963,0
475200,117980781.33585683,365846819.35938811,0,-969.15469282818697,312.53962545143486,0
477000,116234968.2390644,366405229.43656754,0,-970.63396152257837,307.91484025166193,0
478800,114486512.31592751,366955308.58366799,0,-972.09116098046297,303.28305401369892,0
480600,112735453.32096604,367497044.29357839,0,-973.52625806959884,298.64437205014508,0
482400,110981831.06788608,368030424.24889171,0,-974.93922016028364,293.99889983038844,0
484200,109225685.428674,368555436.32218528,0,-976.33001512609712,289.34674297820538,0
486000,107467056.33269058,369072068.57629627,0,-977.69861134463144,284.68800726936161,0
487800,105705983.76576242,369580309.26459324,0,-979.04497769821,280.02279862920449,0
489600,103942507.76927347,370080146.83124328,0,-980.36908357459549,275.35122313025715,0
491400,102176668.43925399,370571569.91147447,0,-981.67089886768474,270.67338698980456,0
493200,100408505.92546949,371054567.33183461,0,-982.95039397819482,265.98939656748041,0
495000,98638060.430507258,371529128.11044526,0,-984.20753981433472,261.29935836284699,0
496800,96865372.208862871,371995241.45725101,0,-985.44230779246743,256.60337901297532,0
498600,95090481.566024289,372452896.77426541,0,-986.65466983775968,251.90156529001905,0
500400,93313428.857556075,372902083.65581149,0,-987.84459838482087,247.1940240987885,0
502200,91534254.488181263,373342791.8887586,0,-989.01206637832854,242.48086247431809,0
504000,89752998.910863236,373775011.45275432,0,-990.15704727364448,237.76218757943451,0
505800,87969702.625885308,374198732.52045274,0,-991.27951503741838,233.03810670231843,0
507600,86184406.179930583,374613945.45773757,0,-992.379444148179,228.30872725406684,0
509400,84397150.16515933,375020640.82394129,0,-993.45680959691504,223.57415676624908,0
511200,82607975.218286768,375418809.37205976,0,-994.51158688764372,218.8345028884637,0
513000,80816922.019658357,375808442.04896259,0,-995.54375203796769,214.08987338588901,0
514800,79024031.292325571,376189529.99559885,0,-996.55328157961981,209.34037613683464,0
516600,77229343.801119387,376562064.54719853,0,-997.54015255899776,204.58611913028702,0
518400,75432900.351723924,376926037.23346961,0,-998.50434253768481,199.82721046345569,0
520200,73634741.789748088,377281439.77879053,0,-999.4458295929611,195.06375833931372,0
522000,71834908.999797553,377628264.10239851,0,-1000.3645923183011,190.29587106413945,0
523800,70033442.904544413,377966502.31857312,0,-1001.2606098238612,185.52365704505195,0
525600,68230384.46379748,378296146.73681575,0,-1002.1338617369538,180.74722478754808,0
527400,66425774.673570342,378617189.86202425,0,-1002.9843282025114,175.96668289303389,0
529200,64619654.565149523,378929624.39466351,0,-1003.8119898835372,171.18214005635591,0
531000,62812065.204161793,379233443.23093152,0,-1004.6168279615457,166.39370506333043,0
532800,61003047.689639889,379528639.46292061,0,-1005.3988241369897,161.60148678826866,0
534600,59192643.153088689,379815206.37877458,0,-1006.1579606296767,156.80559419150276,0
536400,57380892.757549368,380093137.46284163,0,-1006.8942201791737,152.00613631690692,0
538200,55567837.696664155,380362426.39582217,0,-1007.6075860451986,147.20322228941967,0
540000,53753519.193739004,380623067.05491245,0,-1008.2980420080015,142.3969613125609,0
541800,51937978.500807017,380875053.51394403,0,-1008.9655723687334,137.58746266595085,0
543600,50121256.89768979,381118380.04351854,0,-1009.6101619498037,132.77483570282342,0
545400,48303395.691059552,381353041.11113757,0,-1010.2317960952236,127.95918984754178,0
547200,46484436.213499255,381579031.38132888,0,-1010.8304606709411,123.14063459310853,0
549000,44664419.822563507,381796345.7157675,0,-1011.4061420651618,118.31927949867799,0
550800,42843387.899837561,382004979.17339259,0,-1011.958827188658,113.49523418706335,0
552600,41021381.849997059,382204927.0105198,0,-1012.4885034750666,108.66860834224592,0
554400,39198443.099865973,382396184.68094921,0,-1012.9951588811751,103.83951170687961,0
556200,37374613.09747535,382578747.83606851,0,-1013.4787818871949,99.008054079797319,0
558000,35549933.311120257,382752612.32495195,0,-1013.9393614970235,94.174345313512831,0
559800,33724445.22841756,382917774.19445485,0,-1014.3768872384945,89.338495311724785,0
561600,31898190.355361979,383074229.68930334,0,-1014.7913491636158,84.500614026816066,0
563400,30071210.215383004,383221975.25217974,0,-1015.1827378487955,79.66081145735555,0
565200,28243546.348400161,383361007.52380365,0,-1015.5510443950564,74.819197645595409,0
567000,26415240.30987915,383491323.34300786,0,-1015.8962604282384,69.97588267497072,0
568800,24586333.669886343,383612919.74681073,0,-1016.2183780991886,65.130976667594837,0
570600,22756868.012144297,383725793.97048342,0,-1016.5173900839403,60.284589781757305,0
572400,20926884.933085557,383829943.44761252,0,-1016.7932895838786,55.436832209417375,0
574200,19096426.040907595,383925365.81015873,0,-1017.046070325896,50.587814173700423,0
576000,17265532.954626072,384012058.88851041,0,-1017.2757265625346,45.737645926389987,0
577800,15434247.303129222,384090020.71153301,0,-1017.4822530721162,40.886437745422782,0
579600,13602610.724230673,384159249.50661427,0,-1017.6656451588625,36.034299932379518,0
581400,11770664.863723403,384219743.69970363,0,-1017.8258986530001,31.181342809978801,0
583200,9938451.3744321652,384271501.91534907,0,-1017.9630099108565,26.327676719566899,0
585000,8106011.9152671071,384314522.97672749,0,-1018.0769758149427,21.473412018610745,0
586800,6273388.1502759,384348805.90567213,0,-1018.1677937740241,16.618659078186933,0
588600,4440621.7476971028,384374349.92269439,0,-1018.2354617231787,11.763528280474027,0
590400,2607754.3790120762,384391154.44700181,0,-1018.2799781238455,6.9081300162410066,0
592200,774827.71799817926,384399219.09651101,0,-1018.3013419638579,2.0525746823391189,0
594000,-1058116.5602194432,384398543.68785667,0,-1018.2995527574679,-2.8030273208100103,-0
595800,-2891036.7801147448,384389128.23639548,0,-1018.2746105453566,-7.658565591722736,-0
597600,-4723891.2667090325,384370972.9562059,0,-1018.2265158946334,-12.513929730365394,-0
599400,-6556638.3465178451,384344078.26008332,0,-1018.1552698988227,-17.369009340662643,-0
601200,-8389236.3484991658,384308444.75953048,0,-1018.06087417784,-22.223694033009355,-0
603000,-10221643.605000203,384264073.2647438,0,-1017.9433308779541,-27.077873426778719,-0
604800,-12053818.452705478,384210964.78459495,0,-1017.8026426717388,-31.931437152833759,-0
606600,-13885719.233583432,384149120.52660769,0,-1017.638812758012,-36.78427485603499,-0
608400,-15717304.295834286,384078541.89693052,0,-1017.451844861763,-41.636276197751371,-0
610200,-17548531.99483639,383999230.50030488,0,-1017.2417432340678,-46.487330858367244,-0
612000,-19379360.694093786,383911188.14002836,0,-1017.0085126519924,-51.33732853979248,-0
613800,-21209748.766182188,383814416.81791407,0,-1016.7521584184843,-56.186158967968488,-0
615600,-23039654.593696184,383708918.73424476,0,-1016.4726863622517,-61.03371189537738,-0
617400,-24869036.570194755,383594696.28772289,0,-1016.1701028376311,-65.879877103546761,-0
619200,-26697853.101148009,383471752.07541633,0,-1015.8444147244433,-70.724544405557651,-0
621000,-28526062.604882199,383340088.892699,0,-1015.4956294278358,-75.56760364854793,-0
622800,-30353623.513525851,383199709.73318756,0,-1015.1237548781156,-80.408944716218713,-0
624600,-32180494.27395422,383050617.78867298,0,-1014.7287995305684,-85.248457531336257,-0
626400,-34006633.348734751,382892816.44904852,0,-1014.3107723652662,-90.086032058236569,-0
628200,-35831999.217070833,382726309.30223221,0,-1013.8696828868635,-94.921558305325462,-0
630000,-37656550.375746533,382551100.13408524,0,-1013.405541124381,-99.754926327581273,-0
631800,-39480245.340069577,382367192.92832637,0,-1012.9183576309772,-104.58602622905279,-0
633600,-41303042.644815259,382174591.86644083,0,-1012.4081434837095,-109.41474816535987,-0
635400,-43124900.845168568,381973301.32758552,0,-1011.8749102832811,-114.24098234618906,-0
637200,-44945778.517667167,381763325.88848931,0,-1011.318670153778,-119.06461903779176,-0
639000,-46765634.261142582,381544670.32334906,0,-1010.7394357423931,-123.88554856547732,-0
640800,-48584426.697662212,381317339.60372108,0,-1010.1372202191387,-128.70366131610874,-0
642600,-50402114.473469444,381081338.89840806,0,-1009.5120372765472,-133.5188477405928,-0
644400,-52218656.259924583,380836673.57334155,0,-1008.8639011293593,-138.33099835637299,-0
646200,-54034010.754443921,380583349.19145989,0,-1008.1928265142012,-143.14000374991681,-0
648000,-55848136.681439407,380321371.51258183,0,-1007.4988286892495,-147.94575457920541,-0
649800,-57660992.793256558,380050746.49327564,0,-1006.7819234338846,-152.74814157621773,-0
651600,-59472537.871112876,379771480.28672338,0,-1006.0421270483306,-157.54705554941694,-0
653400,-61282730.726034455,379483579.24258119,0,-1005.2794563532865,-162.3423873862312,-0
655200,-63091530.199793093,379187049.90683508,0,-1004.4939286895425,-167.13402805553622,-0
657000,-64898895.16584149,378881899.0216518,0,-1003.6855619175861,-171.92186861013286,-0
658800,-66704784.530248873,378568133.5252257,0,-1002.8543744171961,-176.70580018922536,-0
660600,-68509157.232635155,378245760.5516209,0,-1002.0003850870247,-181.48571402089624,-0
662400,-70311972.247104198,377914787.43060917,0,-1001.1236133441674,-186.26150142457851,-0
664200,-72113188.583177254,377575221.68750322,0,-1000.2240791237222,-191.03305381352837,-0
666000,-73912765.286724299,377227071.04298556,0,-999.30180287833559,-195.80026269729242,-0
667800,-75710661.440895811,376870343.41293305,0,-998.35680557773799,-200.56301968417603,-0
669600,-77506836.167052507,376505046.90823698,0,-997.38910870826714,-205.32121648370622,-0
671400,-79301248.625695407,376131189.83461833,0,-996.39873427237899,-210.07474490909559,-0
673200,-81093858.017393768,375748780.69243926,0,-995.38570478814779,-214.82349687970023,-0
675000,-82884623.583713353,375357828.17650974,0,-994.35004328875436,-219.56736442347918,-0
676800,-84673504.608142555,374958341.17588973,0,-993.29177332196139,-224.30623967944732,-0
678600,-86460460.417018786,374550328.77368724,0,-992.21091894957942,-229.04001490012985,-0
680400,-88245450.380452618,374133800.24685174,0,-991.10750474691849,-233.76858245401016,-0
682200,-90028433.913252234,373708765.06596315,0,-989.98155580223033,-238.49183482797886,-0
684000,-91809370.47584556,373275232.89501679,0,-988.83309771613744,-243.20966462977657,-0
685800,-93588219.575202703,372833213.59120315,0,-987.66215660105058,-247.92196459043751,-0
687600,-95364940.765755907,372382717.20468438,0,-986.46875908057655,-252.62862756672646,-0
689400,-97139493.650319874,371923753.97836518,0,-985.25293228891098,-257.32954654357707,-0
691200,-98911837.881009594,371456334.34766048,0,-984.01470387022277,-262.02461463652264,-0
693000,-100681933.1601584,370980468.94025767,0,-982.75410197802478,-266.7137250941289,-0
694800,-102449739.24123354,370496168.57587516,0,-981.47115527453411,-271.39677130041872,-0
696600,-104215215.92975196,370003444.2660166,0,-980.16589293002028,-276.07364677729851,-0
698400,-105978323.08419345,369502307.21372008,0,-978.83834462214179,-280.74424518697708,-0
700200,-107739020.61691414,368992768.81330371,0,-977.48854053527191,-285.40846033438555,-0
702000,-109497268.49505718,368474840.65010655,0,-976.11651135981162,-290.0661861695898,-0
703800,-111253026.74146368,367948534.50022495,0,-974.72228829149242,-294.71731679020365,-0
705600,-113006255.43558097,367413862.33024508,0,-973.30590303066663,-299.36174644379497,-0
707400,-114756914.71437106,366870836.29697061,0,-971.8673877815869,-303.99936953029209,-0
709200,-116504964.77321613,366319468.74714661,0,-970.40677525167393,-308.63008060438256,-0
711000,-118250365.86682445,365759772.2171784,0,-968.92409865077252,-313.25377437791309,-0
712800,-119993078.31013322,365191759.4328469,0,-967.41939169039711,-317.87034572228117,-0
714600,-121733062.47921164,364615443.30901897,0,-965.8926885829643,-322.4796896708275,-0
716400,-123470278.81216119,364030836.94935411,0,-964.34402404101627,-327.08170142122054,-0
718200,-125204687.81001574,363437953.64600623,0,-962.77343327642996,-331.67627633784139,-0
720000,-126936250.03763907,362836806.87932152,0,-961.18095199961817,-336.26330995416112,-0
721800,-128664926.12462199,362227410.31753194,0,-959.56661641871597,-340.84269797511752,-0
723600,-130390676.76617709,361609777.81644458,0,-957.93046323875899,-345.41433627948493,-0
725400,-132113462.72403283,360983923.41912633,0,-956.27252966084734,-349.97812092224342,-0
727200,-133833244.82732527,360349861.35558492,0,-954.59285338130087,-354.5339481369403,-0
729000,-135549983.97348908,359707606.04244512,0,-952.89147259080175,-359.08171433805109,-0
730800,-137263641.12914622,359057172.08262116,0,-951.16842597352615,-363.62131612333337,-0
732600,-138974177.33099395,358398574.26498437,0,-949.42375270626428,-368.1526502761792,-0
734400,-140681553.68669006,357731827.56402737,0,-947.65749245753057,-372.67561376796044,-0
736200,-142385731.37573799,357056947.13952321,0,-945.86968538666019,-377.19010376037289,-0
738000,-144086671.65036854,356373948.33618093,0,-944.06037214289802,-381.69601760777277,-0
739800,-145784335.83642185,355682846.6832965,0,-942.22959386447258,-386.19325285951254,-0
741600,-147478685.33422586,354983657.89440006,0,-940.3773921776617,-390.68170726226828,-0
743400,-149169681.61947471,354276397.866898,0,-938.50380919584529,-395.16127876236663,-0
745200,-150857286.24410394,353561082.68171227,0,-936.60888751854895,-399.6318655081032,-0
747000,-152541460.83716533,352837728.60291404,0,-934.69267023047394,-404.09336585206017,-0
748800,-154222167.10569885,352106352.07735455,0,-932.75520090051918,-408.54567835341578,-0
750600,-155899366.83560368,351366969.73429066,0,-930.79652358078886,-412.98870178025248,-0
752400,-157573021.89250678,350619598.38500702,0,-928.81668280559268,-417.42233511185691,-0
754200,-159243094.22263026,349864255.02243382,0,-926.81572359043173,-421.84647754101849,-0
756000,-160909545.85365617,349100956.82076007,0,-924.79369143097563,-426.26102847631967,-0
757800,-162572338.89559042,348329721.13504374,0,-922.75063230202841,-430.66588754442489,-0
759600,-164231435.54162389,347550565.5008167,0,-920.68659265648239,-435.06095459236138,-0
761400,-165886798.06899217,346763507.63368613,0,-918.60161942426294,-439.4461296897972,-0
763200,-167538388.83983335,345968565.42893153,0,-916.49576001126013,-443.82131313131316,-0
765000,-169186170.30204332,345165756.96109843,0,-914.36906229825274,-448.18640543866843,-0
766800,-170830104.99013028,344355100.48358679,0,-912.22157463981773,-452.5413073630649,-0
768600,-172470155.52606624,343536614.42823613,0,-910.0533458632317,-456.88591988740211,-0
770400,-174106284.62013701,342710317.40490675,0,-907.86442526736062,-461.22014422852931,-0
772200,-175738455.07178947,341876228.2010563,0,-905.65486262153956,-465.54388183948981,-0
774000,-177366629.77047834,341034365.78131264,0,-903.42470816443938,-469.85703441176446,-0
775800,-178990771.69650939,340184749.28704274,0,-901.17401260292615,-474.15950387750485,-0
777600,-180610843.92188135,339327398.03591734,0,-898.90282711090731,-478.45119241176388,-0
779400,-182226809.61112502,338462331.5214721,0,-896.61120332816893,-482.73200243471877,-0
781200,-183838632.02214167,337589569.4126637,0,-894.29919335920056,-487.00183661389178,-0
783000,-185446274.50703788,336709131.55342317,0,-891.96684977201107,-491.26059786636171,-0
784800,-187049700.51295903,335821037.96220452,0,-889.61422559693335,-495.50818936097221,-0
786600,-188648873.58291987,334925308.8315298,0,-887.2413743254192,-499.74451452053171,-0
788400,-190243757.35663423,334021964.52752948,0,-884.84834990882177,-503.96947702401161,-0
790200,-191834315.57134134,333111025.58947986,0,-882.43520675716991,-508.18298080873512,-0
792000,-193420512.06263033,332192512.72933584,0,-880.00199973793053,-512.38493007256113,-0
793800,-195002310.76526251,331266446.83126009,0,-877.54878417476164,-516.57522927606351,-0
795600,-196579675.71399125,330332848.95114821,0,-875.0756158462541,-520.75378314470174,-0
797400,-198152571.04438004,329391740.31614995,0,-872.58255098466327,-524.92049667098865,-0
799200,-199720960.99361786,328443142.32418656,0,-870.06964627463037,-529.0752751166508,-0
801000,-201284809.90133217,327487076.543464,0,-867.53695885189381,-533.21802401478101,-0
802800,-202844082.21039951,326523564.71198338,0,-864.98454630199092,-537.34864917198684,-0
804600,-204398742.46775445,325552628.73704565,0,-862.4124666589471,-541.46705667053322,-0
806400,-205948755.32519555,324574290.69475424,0,-859.82077840395743,-545.57315287047686,-0
808200,-207494085.54018894,323588572.82951266,0,-857.2095404640562,-549.66684441179598,-0
810000,-209034697.97666931,322595497.55351937,0,-854.57881221077832,-553.74803821651153,-0
811800,-210570557.60583964,321595087.44625729,0,-851.92865345880807,-557.81664149080586,-0
813600,-212101629.50696683,320587365.25398105,0,-849.25912446461928,-561.87256172713069,-0
815400,-213627878.86817637,319572353.88919967,0,-846.57028592510619,-565.91570670631165,-0
817200,-215149270.98724291,318550076.43015563,0,-843.86219897620276,-569.94598449964326,-0
819000,-216665771.27238041,317520556.12030005,0,-841.13492519149247,-573.96330347098171,-0
820800,-218177345.2430279,316483816.36776417,0,-838.38852658080884,-577.96757227882631,-0
822600,-219683958.53063393,315439880.74482715,0,-835.62306558882449,-581.95869987839774,-0
824400,-221185576.87943721,314388772.98738045,0,-832.8386050936333,-585.93659552370605,-0
826200,-222682166.14724645,313330516.99438757,0,-830.03520840531849,-589.90116876961645,-0
828000,-224173692.30621621,312265136.82734102,0,-827.21293926451449,-593.85232947390432,-0
829800,-225660121.44362059,311192656.70971495,0,-824.37186184095719,-597.78998779930544,-0
831600,-227141419.76262397,310113101.02641511,0,-821.51204073202575,-601.71405421555698,-0
833400,-228617553.58305022,309026494.32322341,0,-818.63354096127273,-605.62443950143575,-0
835200,-230088489.34214786,307932861.30624056,0,-815.73642797694583,-609.5210547467849,-0
837000,-231554193.5953536,306832226.84132385,0,-812.8207676505001,-613.40381135453651,-0
838800,-233014633.01705199,305724615.95352226,0,-809.88662627510121,-617.27262104272427,-0
840600,-234469774.40133417,304610053.82650709,0,-806.93407056411593,-621.12739584649319,-0
842400,-235919584.66275227,303488565.80199945,0,-803.96316764959738,-624.96804812009827,-0
844200,-237364030.8370719,302360177.37919402,0,-800.97398508075662,-628.79449053889766,-0
846000,-238803080.08202109,301224914.21417969,0,-797.96659082242968,-632.60663610133679,-0
847800,-240236699.67803797,300082802.11935556,0,-794.94105325352893,-636.40439813092917,-0
849600,-241664857.02901399,298933867.06284434,0,-791.89744116549059,-640.18769027822486,-0
851400,-243087519.66303554,297778135.16790211,0,-788.83582376070956,-643.95642652277547,-0
853200,-244504655.23312151,296615632.71232432,0,-785.75627065096728,-647.71052117508782,-0
855000,-245916231.51795965,295446386.12784785,0,-782.65885185584716,-651.4498888785746,-0
856800,-247322216.42263862,294270421.99955058,0,-779.54363780114375,-655.17444461149364,-0
858600,-248722577.97937825,293087767.06524652,0,-776.41069931726076,-658.88410368888253,-0
860400,-250117284.34825534,291898448.21487844,0,-773.26010763760223,-662.57878176448105,-0
862200,-251506303.81792897,290702492.48990577,0,-770.09193439695036,-666.25839483265293,-0
864000,-252889604.80636045,289499927.08269018,0,-766.90625162983861,-669.92285923029272,-0
865800,-254267155.86153221,288290779.33587712,0,-763.70313176891307,-673.5720916387304,-0
867600,-255638925.66216189,287075076.74177456,0,-760.48264764328644,-677.20600908562301,-0
869400,-257004883.01841566,285852846.94172728,0,-757.24487247688103,-680.82452894684411,-0
871200,-258364996.87261656,284624117.72548878,0,-753.98987988676413,-684.42756894836054,-0
873000,-259719236.29995117,283388917.03058928,0,-750.71774388147458,-688.01504716810427,-0
874800,-261067570.50917205,282147272.9417007,0,-747.42853885934039,-691.58688203783299,-0
876600,-262409968.84329876,280899213.68999779,0,-744.12233960678577,-695.14299234498753,-0
878400,-263746400.78031421,279644767.65251654,0,-740.79922129663203,-698.68329723453644,-0
880200,-265076835.93385896,278383963.35150862,0,-737.4592594863874,-702.20771621081531,-0
882000,-266401244.05392185,277116829.45379347,0,-734.10253011653072,-705.71616913935588,-0
883800,-267719595.02752811,275843394.77010584,0,-730.7291095087827,-709.20857624870951,-0
885600,-269031858.87942386,274563688.25444096,0,-727.33907436437141,-712.68485813225982,-0
887400,-270338005.77275777,273277739.00339645,0,-723.93250176228889,-716.14493575002916,-0
889200,-271638006.00975907,271985576.25551063,0,-720.50946915753889,-719.58873043047413,-0
891000,-272931830.03241336,270687229.3905974,0,-717.07005437937369,-723.01616387227614,-0
892800,-274219448.42313433,269382727.92907876,0,-713.61433562952686,-726.42715814612052,-0
894600,-275500831.90543276,268072101.53131297,0,-710.14239148043362,-729.82163569646968,-0
896400,-276775951.34458184,266755379.99692103,0,-706.65430087344578,-733.19951934332414,-0
898200,-278044777.74828017,265432593.26410836,0,-703.15014311703533,-736.56073228397997,-0
900000,-279307282.2673105,264103771.40898427,0,-699.62999788499212,-739.90519809477348,-0
901800,-280563436.19619596,262768944.64487836,0,-696.09394521461172,-743.23284073281968,-0
903600,-281813210.97385234,261428143.32165363,0,-692.54206550487731,-746.54358453774023,-0
905400,-283056578.18423802,260081397.92501587,0,-688.97443951462901,-749.83735423338499,-0
907200,-284293509.55699962,258728739.07582098,0,-685.3911483607294,-753.11407492954254,-0
909000,-285523976.96811527,257370197.52937844,0,-681.79227351621842,-756.37367212364416,-0
910800,-286747952.4405331,256005804.17475277,0,-678.17789680846272,-759.61607170245554,-0
912600,-287965408.14480859,254635590.03406006,0,-674.5481004172924,-762.84119994376454,-0
914400,-289176316.39973652,253259586.26176339,0,-670.90296687313378,-766.04898351805593,-0
916200,-290380649.67298067,251877824.1439642,0,-667.24257905513343,-769.23934949017917,-0
918000,-291578380.58169943,250490335.09769139,0,-663.56702018927365,-772.41222532100562,-0
919800,-292769481.89316899,249097150.67018628,0,-659.87637384647917,-775.56753886907984,-0
921600,-293953926.52540213,247698302.53818575,0,-656.17072394071772,-778.70521839225819,-0
923400,-295131687.54776406,246293822.50720194,0,-652.4501547270919,-781.82519254934084,-0
925200,-296302738.18158484,244883742.51079896,0,-648.71475079992365,-784.92739040169374,-0
927000,-297467051.80076796,243468094.60986739,0,-644.96459709083138,-788.01174141486081,-0
928800,-298624601.93239611,242046910.99189439,0,-641.19977886679749,-791.07817546016906,-0
930600,-299775362.25733304,240620223.97023252,0,-637.42038172823061,-794.12662281632197,-0
932400,-300919306.6108216,239188065.98336467,0,-633.62649160701869,-797.15701417098535,-0
934200,-302056408.98307908,237750469.59416711,0,-629.81819476457713,-800.16928062236252,-0
936000,-303186643.51988822,236307467.48916829,0,-625.99557778988435,-803.16335368076204,-0
937800,-304309984.52318549,234859092.47780612,0,-622.15872759751517,-806.13916527015419,-0
939600,-305426406.4516452,233405377.4916819,0,-618.30773142566386,-809.09664772971905,-0
941400,-306535883.92125976,231946355.58381179,0,-614.44267683416183,-812.03573381538433,-0
943200,-307638391.70591766,230482059.92787477,0,-610.56365170248444,-814.95635670135562,-0
945000,-308733904.73797649,229012523.81745881,0,-606.67074422775511,-817.85844998163441,-0
946800,-309822398.10883319,227537780.66530353,0,-602.76404292273844,-820.74194767152915,-0
948600,-310903847.06948984,226057864.0025411,0,-598.8436366138294,-823.60678420915383,-0
950400,-311978227.0311172,224572807.47793308,0,-594.90961443903188,-826.45289445692094,-0
952200,-313045513.56561315,223082644.85710579,0,-590.9620658459329,-829.28021370302042,-0
954000,-314105682.40615857,221587410.02178243,0,-587.00108058966828,-832.08867766289291,-0
955800,-315158709.44776845,220087136.96901318,0,-583.02674873088381,-834.87822248068903,-0
957600,-316204570.74784064,218581859.81040132,0,-579.03916063368433,-837.64878473072361,-0
959400,-317243242.5266999,217071612.77132839,0,-575.03840696358191,-840.40030141891657,-0
961200,-318274701.16813886,215556430.19017553,0,-571.02457868543229,-843.13270998422581,-0
963000,-319298923.21995407,214036346.51754352,0,-566.99776706136936,-845.8459483000679,-0
964800,-320315885.39448071,212511396.31546825,0,-562.95806364872681,-848.53995467573372,-0
966600,-321325564.56912076,210981614.25663587,0,-558.90556029795869,-851.21466785778819,-0
968400,-322327937.78686965,209447035.12359396,0,-554.84034915055008,-853.87002703146561,-0
970200,-323322982.25683731,207907693.80796123,0,-550.76252263692322,-856.5059718220491,-0
972000,-324310675.35476744,206363625.30963331,0,-546.67217347433382,-859.12244229624673,-0
973800,-325290994.62355101,204814864.73598781,0,-542.56939466476513,-861.71937896355234,-0
975600,-326263917.77373761,203261447.30108535,0,-538.45427949281134,-864.2967227775988,-0
977400,-327229422.68404126,201703408.32486978,0,-534.32692152355912,-866.85441513749947,-0
979200,-328187487.40184456,200140783.2323643,0,-530.18741460045783,-869.39239788918223,-0
981000,-329138090.1436969,198573607.55286628,0,-526.03585284318672,-871.91061332671086,-0
982800,-330081209.2958104,197001916.91913947,0,-521.87233064551492,-874.4090041935973,-0
984600,-331016823.41455054,195425747.06660414,0,-517.69694267315606,-876.88751368410237,-0
986400,-331944911.22692484,193845133.83252388,0,-513.50978386161432,-879.34608544452976,-0
988200,-332865451.63106543,192260113.15519127,0,-509.31094941402648,-881.78466357450509,-0
990000,-333778423.69670963,190670721.07311046,0,-505.10053479899761,-884.20319262824796,-0
991800,-334683806.66567534,189076993.72417834,0,-500.87863574843112,-886.60161761583231,-0
993600,-335581579.95233327,187478967.34486207,0,-496.64534825535003,-888.97988400443694,-0
995400,-336471723.1440751,185876678.26937571,0,-492.40076857171607,-891.33793771958528,-0
997200,-337354216.00177729,184270162.92885372,0,-488.14499320624031,-893.67572514637527,-0
999000,-338229038.4602614,182659457.85052338,0,-483.87811892219042,-895.99319313069702,-0
1000800,-339096170.62875032,181044599.65687332,0,-479.60024273518815,-898.29028898044339,-0
1002600,-339955592.79132074,179425625.06482127,0,-475.31146191100532,-900.56696046670675,-0
1004400,-340807285.40735102,177802570.8848792,0,-471.01187396335109,-902.82315582496676,-0
1006200,-341651229.11196554,176175474.02031681,0,-466.70157665165681,-905.05882375626709,-0
1008000,-342487404.71647549,174544371.46632159,0,-462.38066797885068,-907.27391342838246,-0
1009800,-343315793.20881444,172909300.30915821,0,-458.04924618913094,-909.46837447697362,-0
1011600,-344136375.7539714,171270297.72532508,0,-453.70740976573165,-911.6421570067339,-0
1013400,-344949133.69441825,169627400.98070967,0,-449.35525742868469,-913.79521159252124,-0
1015200,-345754048.55053455,167980647.42974025,0,-444.99288813257294,-915.92748928048422,-0
1017000,-346551102.02102757,166330074.51453704,0,-440.62040106428208,-918.03894158917421,-0
1018800,-347340275.98334831,164675719.76406094,0,-436.23789564074445,-920.12952051064804,-0
1020600,-348121552.49410349,163017620.79326048,0,-431.8454715066801,-922.19917851155844,-0
1022400,-348894913.7894637,161355815.3022159,0,-427.4432285323291,-924.24786853423643,-0
1024200,-349660342.28556728,159690341.07528237,0,-423.03126681118204,-926.27554399776011,-0
1026000,-350417820.57892025,158021235.98023081,0,-418.60968665770372,-928.28215879901472,-0
1027800,-351167331.44679123,156348537.96738735,0,-414.17858860505362,-930.26766731373914,-0
1029600,-351908857.84760427,154672285.0687696,0,-409.73807340279791,-932.23202439756562,-0
1031400,-352642382.9213255,152992515.39722246,0,-405.28824201462027,-934.17518538704428,-0
1033200,-353367889.98984653,151309267.14555132,0,-400.82919561602523,-936.09710610065986,-0
1035000,-354085362.55736387,149622578.58565435,0,-396.36103559203997,-937.99774283983515,-0
1036800,-354794784.31075388,147932488.06765115,0,-391.88386353490591,-939.87705238992578,-0
1038600,-355496139.1199438,146239034.01901168,0,-387.3977812417711,-941.73499202120161,-0
1040400,-356189411.03827852,144542254.94368207,0,-382.90289071237459,-943.57151948981982,-0
1042200,-356874584.30288267,142842189.42120981,0,-378.39929414672872,-945.38659303878296,-0
1044000,-357551643.33501983,141138876.1058656,0,-373.88709394279329,-947.18017139889116,-0
1045800,-358220572.74044603,139432353.72576526,0,-369.36639269414889,-948.95221378967858,-0
1047600,-358881357.30976027,137722661.08198857,0,-364.83729318766308,-950.70267992034144,-0
1049400,-359533982.01874989,136009837.04769799,0,-360.29989840115559,-952.43152999065342,-0
1051200,-360178432.02873254,134293920.56725362,0,-355.75431150105391,-954.13872469187163,-0
1053000,-360814692.6868934,132574950.65532845,0,-351.20063584004953,-955.8242252076293,-0
1054800,-361442749.52661848,130852966.39602125,0,-346.6389749547476,-957.48799321481931,-0
1056600,-362062588.26782328,129128006.94196747,0,-342.06943256331209,-959.12999088446486,-0
1058400,-362674194.81727761,127400111.51344992,0,-337.49211256310974,-960.75018088257946,-0
1060200,-363277555.2689262,125669319.397506,0,-332.90711902834488,-962.34852637101665,-0
1062000,-363872655.90420467,123935669.94703498,0,-328.31455620769486,-963.92499100830685,-0
1063800,-364459483.19235146,122199202.57990305,0,-323.71452852193897,-965.47953895048386,-0
1065600,-365038023.79071552,120459956.77804759,0,-319.10714056158577,-967.01213485189953,-0
1067400,-365608264.5450598,118717972.08657865,0,-314.49249708449292,-968.52274386602824,-0
1069200,-366170192.48986012,116973288.11288032,0,-309.87070301348626,-970.01133164625855,-0
1071000,-366723794.84860009,115225944.52570996,0,-305.241863433974,-971.47786434667421,-0
1072800,-367269059.03406149,113475981.05429681,0,-300.60608359155884,-972.92230862282349,-0
1074600,-367805972.64861083,111723437.48743783,0,-295.96346888964246,-974.34463163247813,-0
1076400,-368334523.48448074,109968353.6725935,0,-291.31412488703069,-975.74480103637927,-0
1078200,-368854699.52404785,108210769.51498164,0,-286.65815729553248,-977.12278499897332,-0
1080000,-369366488.94010586,106450724.97667068,0,-281.99567197755835,-978.4785521891348,-0
1081800,-369869880.0961346,104688260.07567002,0,-277.32677494371035,-979.81207178088016,-0
1083600,-370364861.54656458,102923414.88502085,0,-272.65157235037395,-981.12331345406767,-0
1085400,-370851422.03703731,101156229.53188473,0,-267.97017049730312,-982.41224739508743,-0
1087200,-371329550.50466073,99386744.196631745,0,-263.28267582520527,-983.67884429753792,-0
1089000,-371799236.07826144,97614999.111926109,0,-258.58919491331858,-984.92307536289434,-0
1090800,-372260468.07863134,95841034.561811849,0,-253.88983447699022,-986.14491230116198,-0
1092600,-372713236.01877075,94064890.880796775,0,-249.18470136524948,-987.34432733151982,-0
1094400,-373157529.60412657,92286608.45293586,0,-244.47390255837968,-988.52129318295204,-0
1096200,-373593338.73282677,90506227.710912168,0,-239.75754516548352,-989.67578309486851,-0
1098000,-374020653.49590951,88723789.135118097,0,-235.03573642204918,-990.80777081771271,-0
1099800,-374439464.17754906,86939333.252734751,0,-230.30858368751137,-991.91723061355913,-0
1101600,-374849761.25527608,85152900.636811078,0,-225.57619444281224,-993.00413725669773,-0
1103400,-375251535.4001947,83364531.905340359,0,-220.8386762879546,-994.06846603420831,-0
1105200,-375644777.47719431,81574267.720337406,0,-216.0961369395574,-995.11019274652188,-0
1107000,-376029478.54515725,79782148.786913604,0,-211.34868422840583,-996.12929370797121,-0
1108800,-376405629.85716224,77988215.852352172,0,-206.59642609700097,-997.12574574732866,-0
1110600,-376773222.8606832,76192509.70518063,0,-201.83947059710326,-998.09952620833417,-0
1112400,-377132249.19778377,74395071.174244046,0,-197.07792588727719,-999.05061295020926,-0
1114200,-377482700.70530719,72595941.127776474,0,-192.31190023043149,-999.97898434816148,-0
1116000,-377824569.41506201,70795160.472472265,0,-187.54150199135901,-1000.8846192938749,-0
1117800,-378157847.5540033,68992770.152555108,0,-182.76683963427055,-1001.7674971959915,-0
1119600,-378482527.54440939,67188811.148847669,0,-177.98802172033024,-1002.6275979805779,-0
1121400,-378798602.00405395,65383324.477839462,0,-173.2051569051863,-1003.4649020915828,-0
1123200,-379106063.74637413,63576351.190755039,0,-168.41835393650248,-1004.2793904912811,-0
1125000,-379404905.78063381,61767932.37261948,0,-163.62772165148272,-1005.071044660707,-0
1126800,-379695121.31208253,59958109.141325004,0,-158.83336897439827,-1005.8398466000751,-0
1128600,-379976703.74211013,58146922.646695673,0,-154.03540491411019,-1006.5857788291896,-0
1130400,-380249646.66839641,56334414.069552511,0,-149.23393856159274,-1007.3088243878411,-0
1132200,-380513943.88505733,54520624.620776117,0,-144.42907908745013,-1008.008966836194,-0
1134000,-380769589.38278544,52705595.540370353,0,-139.62093573943628,-1008.6861902551577,-0
1135800,-381016577.34898698,50889368.096524313,0,-134.80961783996972,-1009.3404792467512,-0
1137600,-381254902.16791379,49071983.584674731,0,-129.99523478365003,-1009.9718189344511,-0
1139400,-381484558.42079121,47253483.326565996,0,-125.17789603476764,-1010.5801949635313,-0
1141200,-381705540.88594103,45433908.669311292,0,-120.3577111248168,-1011.1655935013885,-0
1143000,-381917844.53890038,43613300.984452195,0,-115.53478965000429,-1011.728001237857,-0
1144800,-382121464.55253601,41791701.667018667,0,-110.70924126875929,-1012.2674053855116,-0
1146600,-382316396.29715383,39969152.134586826,0,-105.88117569923745,-1012.7837936799577,-0
1148400,-382502635.34060436,38145693.826337948,0,-101.05070271682803,-1013.2771543801109,-0
1150200,-382680177.44838369,36321368.202115901,0,-96.217932151656953,-1013.7474762684635,-0
1152000,-382849018.58372915,34496216.741485164,0,-91.382973886091506,-1014.1947486513396,-0
1153800,-383009154.90771168,32670280.942786694,0,-86.545937852239248,-1014.6189613591381,-0
1155600,-383160582.77932292,30843602.322195061,0,-81.706934029450181,-1015.0201047465646,-0
1157400,-383303298.75555795,29016222.412774149,0,-76.86607244181539,-1015.3981696928499,-0
1159200,-383437299.59149361,27188182.763533521,0,-72.023463155667216,-1015.7531476019576,-0
1161000,-383562582.24036217,25359524.938482665,0,-67.179216277073863,-1016.0850304027798,-0
1162800,-383679143.85362089,23530290.515686668,0,-62.333441949337846,-1016.3938105493207,-0
1164600,-383786981.78101647,21700521.086320527,0,-57.486250350490764,-1016.6794810208676,-0
1166400,-383886093.57064551,19870258.253724132,0,-52.637751690789933,-1016.9420353221509,-0
1168200,-383976476.96901023,18039543.632455345,0,-47.788056210209859,-1017.1814674834918,-0
1170000,-384058129.92106956,16208418.847344497,0,-42.93727417593756,-1017.397772060938,-0
1171800,-384131050.5702861,14376925.532547601,0,-38.085515879864474,-1017.5909441363875,-0
1173600,-384195237.25866807,12545105.330600416,0,-33.232891636080588,-1017.7609793177003,-0
1175400,-384250688.52680731,10712999.891470615,0,-28.379511778363558,-1017.9078737387986,-0
1177200,-384297403.11391211,8880650.8716114368,0,-23.525486657671802,-1018.0316240597538,-0
1179000,-384335379.95783621,7048099.9330142466,0,-18.670926639634597,-1018.1322274668636,-0
1180800,-384364618.19510287,5215388.7422619229,0,-13.815942102044493,-1018.2096816727156,-0
1182600,-384385117.1609242,3382558.969580479,0,-8.960643432344968,-1018.2639849162389,-0
1184400,-384396876.38921666,1549652.287892286,0,-4.1051410251223368,-1018.2951359627442,-0
1186200,-384399895.61261159,-283289.62813161005,-0,0.75045472040470929,-1018.3031341039526,0
1188000,-384394174.76246107,-2116225.1030192119,-0,5.6060334028957088,-1018.2879791580109,0
1189800,-384379713.96883965,-3949112.4614444636,-0,10.461484621396805,-1018.2496714694959,0
1191600,-384356513.56054139,-5781910.0291758412,-0,15.316697977853636,-1018.1882119094068,0
1193400,-384324574.06507236,-7614576.1340232138,-0,20.171563079619638,-1018.1036018751456,0
1195200,-384283896.20863861,-9447069.1067856848,-0,25.025969541966955,-1017.9958432904845,0
1197000,-384234480.91612977,-11279347.28219834,-0,29.879806990594403,-1017.8649386055229,0
1198800,-384176329.3110978,-13111368.999880603,-0,34.732965064139805,-1017.7108907966315,0
1200600,-384109442.7157318,-14943092.605282795,-0,39.585333416687426,-1017.5337033663847,0
1202400,-384033822.65082753,-16774476.450633559,-0,44.436801720277799,-1017.3333803434805,0
1204200,-383949470.83575314,-18605478.895886134,-0,49.287259667414467,-1017.1099262826496,0
1206000,-383856389.18840992,-20436058.309666138,-0,54.13659697357474,-1016.8633462645513,0
1207800,-383754579.82518888,-22266173.070217445,-0,58.984703379715405,-1016.5936458956583,0
1209600,-383644045.06092221,-24095781.566348899,-0,63.831468654780565,-1016.3008313081287,0
1211400,-383524787.40883124,-25924842.198379729,-0,68.676782598206216,-1015.984909159668,0
1213200,-383396809.58046889,-27753313.379086416,-0,73.520535042428492,-1015.6458866333753,0
1215000,-383260114.48565805,-29581153.534647595,-0,78.362615855386807,-1015.2837714375823,0
1216800,-383114705.23242551,-31408321.105589639,-0,83.202914943028759,-1014.8985718056771,0
1218600,-382960585.12693131,-33234774.547730912,-0,88.041322251811579,-1014.4902964959165,0
1220400,-382797757.67339349,-35060472.333127402,-0,92.877727771207091,-1014.0589547912278,0
1222200,-382626226.57400858,-36885372.95101624,-0,97.712021536201235,-1013.6045564989972,0
1224000,-382445995.72886705,-38709434.908759855,-0,102.54409362979513,-1013.1271119508468,0
1225800,-382257069.23586512,-40532616.732788727,-0,107.37383418550263,-1012.6266320024,0
1227600,-382059451.39061117,-42354876.969545387,-0,112.20113338985091,-1012.1031280330345,0
1229400,-381853146.68632841,-44176174.186426274,-0,117.02588148487554,-1011.5566119456231,0
1231200,-381638159.81375241,-45996466.972724088,-0,121.8479687706169,-1010.9870961662641,0
1233000,-381414495.66102469,-47815713.940568708,-0,126.66728560761271,-1010.3945936439978,0
1234800,-381182159.31358147,-49633873.725869223,-0,131.48372241939353,-1009.7791178505129,0
1236600,-380941156.05403793,-51450904.989253715,-0,136.2971696949723,-1009.1406827798392,0
1238400,-380691491.36206847,-53266766.417009614,-0,141.1075179913355,-1008.4793029480302,0
1240200,-380433170.91428167,-55081416.722022258,-0,145.91465793592926,-1007.7949933928332,0
1242000,-380166200.58409148,-56894814.644714735,-0,150.71848022914941,-1007.0877696733465,0
1243800,-379890586.44158363,-58706918.953985289,-0,155.51887564682428,-1006.3576478696665,0
1245600,-379606334.75337756,-60517688.448145136,-0,160.31573504269949,-1005.6046445825212,0
1247400,-379313451.98248416,-62327081.955854565,-0,165.10894935091741,-1004.8287769328942,0
1249200,-379011944.78815836,-64135058.337060109,-0,169.89840958850007,-1004.0300625616337,0
1251000,-378701820.02574825,-65941576.483929195,-0,174.6840068578249,-1003.2085196290527,0
1252800,-378383084.74653882,-67746595.321785226,-0,179.46563234910187,-1002.3641668145151,0
1254600,-378055746.19759184,-69550073.810040787,-0,184.24317734284574,-1001.4970233160119,0
1256400,-377719811.82158101,-71351970.943131775,-0,189.01653321235048,-1000.6071088497245,0
1258200,-377375289.25662279,-73152245.751449063,-0,193.78559142615751,-999.69444364957553,0
1260000,-377022186.33610255,-74950857.302270398,-0,198.55024355052416,-998.75904846676985,0
1261800,-376660511.08849674,-76747764.700690404,-0,203.31038125188732,-997.80094456932261,0
1263600,-376290271.73719019,-78542927.090551376,-0,208.06589629932952,-996.8201537415747,0
1265400,-375911476.70028913,-80336303.655371606,-0,212.81668056703757,-995.81669828369888,0
1267200,-375524134.59042984,-82127853.619273707,-0,217.56262603676228,-994.79060101119171,0
1269000,-375128254.2145828,-83917536.247911096,-0,222.30362480027256,-993.741885254355,0
1270800,-374723844.57385236,-85705310.849395171,-0,227.03956906181139,-992.6705748577657,0
1272600,-374310914.86327231,-87491136.775219843,-0,231.77035114054539,-991.57669417973329,0
1274400,-373889474.47159654,-89274973.421186075,-0,236.4958634730136,-990.46026809174623,0
1276200,-373459532.98108584,-91056780.228324458,-0,241.21599861557175,-989.32132197790656,0
1278000,-373021100.16728973,-92836516.6838184,-0,245.93064924683765,-988.15988173435221,0
1279800,-372574185.99882454,-94614142.321924552,-0,250.63970817012952,-986.97597376866895,0
1281600,-372118800.63714635,-96389616.724893257,-0,255.34306831590439,-985.76962499928925,0
1283400,-371654954.43632036,-98162899.523886859,-0,260.04062274419067,-984.54086285488086,0
1285200,-371182657.94278526,-99933950.399898529,-0,264.7322646470223,-983.28971527372278,0
1287000,-370701921.89511329,-101702729.08466832,-0,269.41788735086533,-982.01621070306999,0
1288800,-370212757.22376633,-103469195.36159916,-0,274.09738431904452,-980.72037809850679,0
1290600,-369715175.05084735,-105233309.06667051,-0,278.77064915416372,-979.40224692328843,0
1292400,-369209186.68984747,-106995030.08935256,-0,283.43757560052745,-978.06184714767153,0
1294200,-368694803.64538866,-108754318.37351763,-0,288.09805754655554,-976.69920924823202,0
1296000,-368172037.61296207,-110511133.91835122,-0,292.75198902719632,-975.31436420717205,0
1297800,-367640900.47866261,-112265436.77926075,-0,297.39926422633431,-973.90734351161711,0
1299600,-367101404.31891811,-114017187.06878498,-0,302.03977747919873,-972.47817915289806,0
1301400,-366553561.40021503,-115766344.95750004,-0,306.67342327476422,-971.02690362582507,0
1303200,-365997384.17881942,-117512870.67492551,-0,311.30009625815086,-969.5535499279481,0
1305000,-365432885.30049402,-119256724.51042797,-0,315.91969123301772,-968.05815155880725,0
1306800,-364860077.60021019,-120997866.81412484,-0,320.53210316395717,-966.54074251917098,0
1308600,-364278974.10185671,-122736257.99778534,-0,325.13722717888186,-965.00135731026205,0
1310400,-363689588.01794302,-124471858.53573085,-0,329.73495857140938,-963.44003093297454,0
1312200,-363091932.74929941,-126204628.96573299,-0,334.32519280324186,-961.85679888707716,0
1314000,-362486021.88477194,-127934529.88991185,-0,338.90782550654495,-960.25169717040615,0
1315800,-361871869.20091355,-129661521.97563104,-0,343.48275248631933,-958.62476227804689,0
1317600,-361249488.66167074,-131385565.95639232,-0,348.04986972277015,-956.97603120150438,0
1319400,-360618894.41806644,-133106622.63272838,-0,352.60907337367263,-955.30554142786161,0
1321200,-359980100.80787784,-134824652.87309363,-0,357.16025977673132,-953.61333093892813,0
1323000,-359333122.35531062,-136539617.6147548,-0,361.70332545193975,-951.89943821037537,0
1324800,-358677973.77066857,-138251477.8646785,-0,366.23816710393129,-950.16390221086215,0
1326600,-358014669.95001918,-139960194.70041806,-0,370.76468162432877,-948.40676240114931,0
1328400,-357343225.97485518,-141665729.27099797,-0,375.28276609408738,-946.6280587332019,0
1330200,-356663657.1117512,-143368042.79779813,-0,379.79231778583681,-944.82783164928082,0
1332000,-355975978.8120169,-145067096.57543492,-0,384.29323416621565,-943.00612208102336,0
1333800,-355280206.71134579,-146762851.97264159,-0,388.78541289820328,-941.16297144851251,0
1335600,-354576356.62945944,-148455270.43314591,-0,393.26875184344516,-939.29842165933542,0
1337400,-353864444.56974798,-150144313.4765479,-0,397.74314906457772,-937.41251510763027,0
1339200,-353144486.71890604,-151829942.69919392,-0,402.20850282754412,-935.50529467312231,0
1341000,-352416499.44656491,-153512119.77505046,-0,406.66471160390864,-933.5768037201492,0
1342800,-351680499.30492038,-155190806.45657462,-0,411.1116740731631,-931.62708609667493,0
1344600,-350936503.02835619,-156865964.57558483,-0,415.54928912503311,-929.65618613329286,0
1346400,-350184527.53306371,-158537556.04412815,-0,419.9774558617757,-927.66414864221758,0
1348200,-349424589.91665697,-160205542.85534638,-0,424.39607360047381,-925.65101891626591,0
1350000,-348656707.45778465,-161869887.08433974,-0,428.80504187532404,-923.61684272782816,0
1351800,-347880897.61573642,-163530550.88903001,-0,433.20426043992353,-921.56166632782583,0
1353600,-347097178.0300464,-165187496.51102039,-0,437.59362926954731,-919.48553644466097,0
1355400,-346305566.52009195,-166840686.27645436,-0,441.97304856342379,-917.38850028315335,0
1357200,-345506081.08468878,-168490082.59687144,-0,446.34241874700183,-915.27060552346813,0
1359000,-344698739.90168124,-170135647.97006303,-0,450.70164047421753,-913.1319003200299,0
1360800,-343883561.32752931,-171777344.98092434,-0,455.05061462975135,-910.97243330042943,0
1362600,-343060563.89689118,-173415136.30230534,-0,459.38924233128245,-908.79225356431721,0
1364400,-342229766.32220209,-175048984.69585901,-0,463.71742493173531,-906.59141068228769,0
1366200,-341391187.49324816,-176678853.01288882,-0,468.03506402152527,-904.36995469475141,0
1368000,-340544846.47673774,-178304704.19519284,-0,472.34206143079433,-902.1279361107978,0
1369800,-339690762.51586723,-179926501.27590656,-0,476.63831923164383,-899.86540590704658,0
1371600,-338828955.02988398,-181544207.3803429,-0,480.92373974035991,-897.58241552648894,0
1373400,-337959443.6136446,-183157785.72683141,-0,485.19822551963654,-895.2790168773173,0
1375200,-337082248.03716928,-184767199.62755406,-0,489.46167938078941,-892.95526233174598,0
1377000,-336197388.24519235,-186372412.4893797,-0,493.71400438596663,-890.61120472481912,0
1378800,-335304884.3567093,-187973387.81469548,-0,497.95510385035124,-888.24689735321112,0
1380600,-334404756.66451854,-189570089.20223749,-0,502.1848813443616,-885.862393974013,0
1382400,-333497025.63476038,-191162480.34791791,-0,506.40324069584261,-883.45774880351166,0
1384200,-332581711.9064517,-192750525.04565081,-0,510.610085992253,-881.03301651595552,0
1386000,-331658836.291017,-194334187.18817466,-0,514.80532158284484,-878.58825224231384,0
1387800,-330728419.77181441,-195913430.76787421,-0,518.98885208084016,-876.12351156902059,0
1389600,-329790483.50365931,-197488219.87759861,-0,523.16058236559866,-873.6388505367122,0
1391400,-328845048.81234294,-199058518.71147814,-0,527.3204175847809,-871.1343256389523,0
1393200,-327892137.19414794,-200624291.56573775,-0,531.46826315650367,-868.60999382094917,0
1395000,-326931770.31535912,-202185502.8395097,-0,535.60402477149262,-866.0659124782585,0
1396800,-325963970.01177096,-203742117.03564239,-0,539.72760839522505,-863.50213945547966,0
1398600,-324988758.28819114,-205294098.7615079,-0,543.83892027006902,-860.9187330449405,0
1400400,-324006157.31794077,-206841412.72980595,-0,547.93786691741309,-858.31575198537246,0
1402200,-323016189.4423492,-208384023.75936717,-0,552.02435513979435,-855.69325546057348,0
1404000,-322018877.17024672,-209921896.77595249,-0,556.0982920230158,-853.05130309806373,0
1405800,-321014243.1774528,-211454996.81305078,-0,560.15958493825997,-850.38995496772907,0
1407600,-320002310.30626035,-212983289.01267341,-0,564.20814154419281,-847.7092715804564,0
1409400,-318983101.56491625,-214506738.62614769,-0,568.24386978906659,-845.00931388675622,0
1411200,-317956640.12709832,-216025311.01490632,-0,572.26667791281022,-842.29014327537743,0
1413000,-316922949.33138841,-217538971.65127519,-0,576.27647444911713,-839.55182157191223,0
1414800,-315882052.68074208,-219047686.11925796,-0,580.27316822752323,-836.79441103739009,0
1416600,-314833973.84195364,-220551420.11531943,-0,584.25666837548169,-834.01797436686115,0
1418400,-313778736.6451183,-222050139.44916496,-0,588.22688432042844,-831.22257468797204,0
1420200,-312716365.08309025,-223543810.0445179,-0,592.18372579184154,-828.40827555952933,0
1422000,-311646883.3109377,-225032397.93989414,-0,596.12710282329215,-825.57514097005605,0
1423800,-310570315.64539278,-226515869.28937495,-0,600.05692575449325,-822.72323533633505,0
1425600,-309486686.56429923,-227994190.36337596,-0,603.97310523333533,-819.85262350194523,0
1427400,-308396020.70605552,-229467327.54941449,-0,607.87555221792002,-816.96337073578684,0
1429200,-307298342.86905527,-230935247.352873,-0,611.76417797858221,-814.05554273059863,0
1431000,-306193678.01112258,-232397916.39776176,-0,615.63889409991043,-811.12920560146222,0
1432800,-305082051.24894512,-233855301.42747703,-0,619.49961248275531,-808.18442588430037,0
1434600,-303963487.85750264,-235307369.30555731,-0,623.34624534623288,-805.22127053436316,0
1436400,-302838013.26949304,-236754087.01643661,-0,627.17870522972032,-802.2398069247073,0
1438200,-301705653.07475322,-238195421.66619563,-0,630.99690499484552,-799.24010284466192,0
1440000,-300566433.0196777,-239631340.4833093,-0,634.80075782746758,-796.22222649828916,0
1441800,-299420379.00663322,-241061810.81939176,-0,638.59017723965053,-793.18624650283232,0
1443600,-298267517.0933696,-242486800.14993921,-0,642.36507707163048,-790.13223188715585,0
1445400,-297107873.49242783,-243906276.07506862,-0,646.12537149377329,-787.0602520901773,0
1447200,-295941474.57054317,-245320206.32025531,-0,649.87097500852803,-783.970376959286,0
1449000,-294768346.84804642,-246728558.73706612,-0,653.60180245236961,-780.86267674875694,0
1450800,-293588516.99826044,-248131301.30389076,-0,657.31776899773536,-777.73722211815209,0
1452600,-292402011.84689426,-249528402.12666938,-0,661.01879015495331,-774.59408413071537,0
1454400,-291208858.37143236,-250919829.43961838,-0,664.70478177416476,-771.43333425175513,0
1456200,-290009083.70052183,-252305551.6059522,-0,668.37566004723556,-768.25504434702032,0
1458000,-288802715.11335552,-253685537.11860305,-0,672.03134150966389,-765.05928668106606,0
1459800,-287589780.03905171,-255059754.6009365,-0,675.6717430424751,-761.84613391561129,0
1461600,-286370306.05603033,-256428172.80746591,-0,679.29678187411446,-758.61565910788568,0
1463400,-285144320.89138603,-257790760.62456223,-0,682.90637558232754,-755.36793570896884,0
1465200,-283911852.42025769,-259147487.07116172,-0,686.50044209603504,-752.10303756212056,0
1467000,-282672928.66519487,-260498321.29946968,-0,690.07889969719724,-748.82103890110193,0
1468800,-281427577.79552037,-261843232.59566289,-0,693.64166702267414,-745.52201434848689,0
1470600,-280175828.12668973,-263182190.38058731,-0,697.18866306607447,-742.20603891396615,0
1472400,-278917708.11964756,-264515164.21045351,-0,700.7198071795973,-738.87318799264051,0
1474200,-277653246.38018072,-265842123.77752843,-0,704.23501907586535,-735.52353736330929,0
1476000,-276382471.65826726,-267163038.9108254,-0,707.73421882975185,-732.15716318674436,0
1477800,-275105412.84742308,-268477879.57678938,-0,711.21732688019665,-728.77414200395958,0
1479600,-273822098.98404497,-269786615.87998015,-0,714.6842640320159,-725.37455073447109,0
1481400,-272532559.24675077,-271089218.06375176,-0,718.13495145770139,-721.95846667454816,0
1483200,-271236822.95571524,-272385656.51092952,-0,721.56931069921484,-718.52596749545523,0
1485000,-269934919.57200372,-273675901.74448311,-0,724.98726366977019,-715.07713124168572,0
1486800,-268626878.69690233,-274959924.42819703,-0,728.38873265561028,-711.61203632918819,0
1488600,-267312730.07124519,-276237695.36733705,-0,731.77364031777176,-708.13076154358407,0
1490400,-265992503.57473764,-277509185.50931478,-0,735.14190969384629,-704.63338603837428,0
1492200,-264666229.22527716,-278774365.9443478,-0,738.49346419972869,-701.11998933314123,0
1494000,-263333937.17827073,-280033207.9061172,-0,741.82822763135869,-697.59065131173963,0
1495800,-261995657.72594979,-281285682.772421,-0,745.14612416645275,-694.04545222048193,0
1497600,-260651421.29668048,-282531762.06582594,-0,748.44707836622979,-690.48447266631183,0
1499400,-259301258.45427248,-283771417.45431423,-0,751.73101517712485,-686.90779361497221,0
1501200,-257945199.89728382,-285004620.75192809,-0,754.99785993249668,-683.31549638916431,0
1503000,-256583276.45832333,-286231343.91941023,-0,758.24753835432386,-679.70766266669966,0
1504800,-255215519.10334891,-287451559.06484181,-0,761.47997655489598,-676.08437447864083,0
1506600,-253841958.93096384,-288665238.44427639,-0,764.6951010384912,-672.44571420743819,0
1508400,-252462627.17170963,-289872354.46237099,-0,767.89283870304973,-668.79176458505538,0
1510200,-251077555.18735632,-291072879.67301267,-0,771.07311684183264,-665.12260869109036,0
1512000,-249686774.47018823,-292266786.7799443,-0,774.23586314508009,-661.43832995088258,0
1513800,-248290316.64228988,-293454048.63738292,-0,777.38100570164897,-657.73901213362194,0
1515600,-246888213.45482495,-294634638.25063896,-0,780.50847300065345,-654.02473935043804,0
1517400,-245480496.78731558,-295808528.77672887,-0,783.61819393308815,-650.29559605249131,0
1519200,-244067198.64691725,-296975693.52498585,-0,786.71009779344593,-646.55166702905251,0
1521000,-242648351.16769087,-298136105.9576667,-0,789.78411428132483,-642.79303740557373,0
1522800,-241223986.6098724,-299289739.69055504,-0,792.84017350302679,-639.01979264175395,0
1524600,-239794137.35913917,-300436568.49356139,-0,795.87820597314737,-635.23201852959562,0
1526400,-238358835.92587337,-301576566.29131961,-0,798.89814261615493,-631.42980119145307,0
1528200,-236918114.94442382,-302709707.16377908,-0,801.89991476796013,-627.61322707807733,0
1530000,-235472007.17236245,-303835965.34679526,-0,804.88345417748019,-623.78238296664654,0
1531800,-234020545.48974055,-304955315.23271465,-0,807.84869300818809,-619.93735595879537,0
1533600,-232563762.89834094,-306067731.37095708,-0,810.7955638396561,-616.07823347863405,0
1535400,-231101692.52092746,-307173188.46859467,-0,813.72399966908779,-612.20510327076033,0
1537200,-229634367.60049209,-308271661.39092666,-0,816.63393391284285,-608.31805339826519,0
1539000,-228161821.49949893,-309363125.16205108,-0,819.52530040794977,-604.41717224072954,0
1540800,-226684087.69912541,-310447554.96543258,-0,822.39803341361119,-600.50254849221483,0
1542600,-225201199.79850218,-311524926.14446628,-0,825.25206761269669,-596.57427115924895,0
1544400,-223713191.51394743,-312595214.20303923,-0,828.08733811323077,-592.63242955879821,0
1546200,-222220096.67820153,-313658394.80608654,-0,830.9037804498663,-588.67711331623934,0
1548000,-220721949.23965728,-314714443.78014535,-0,833.70133058535089,-584.70841236332114,0
1549800,-219218783.26158825,-315763337.11390382,-0,836.47992491198249,-580.72641693611979,0
1551600,-217710632.92137417,-316805050.95874774,-0,839.23950025305669,-576.73121757298657,0
1553400,-216197532.5097239,-317839561.62930214,-0,841.97999386430149,-572.72290511249048,0
1555200,-214679516.42989534,-318866845.60397053,-0,844.70134343530606,-568.70157069135041,0
1557000,-213156619.19691452,-319886879.52546859,-0,847.40348709093439,-564.66730574236772,0
1558800,-211628875.4367891,-320899640.20135653,-0,850.08636339273562,-560.62020199234155,0
1560600,-210096319.88572207,-321905104.6045658,-0,852.74991134033905,-556.5603514599868,0
1562400,-208558987.38932183,-322903249.87392241,-0,855.39407037284093,-552.48784645384114,0
1564200,-207016912.90180987,-323894053.31466734,-0,858.01878037018264,-548.40277957016622,0
1566000,-205470131.48522592,-324877492.39897192,-0,860.62398165451634,-544.30524369084185,0
1567800,-203918678.30863094,-325853544.76645052,-0,863.20961499156249,-540.19533198125521,0
1569600,-202362588.64730698,-326822188.22466892,-0,865.77562159195736,-536.0731378881801,0
1571400,-200801897.88195646,-327783400.74964809,-0,868.32194311258729,-531.93875513765738,0
1573200,-199236641.4978959,-328737160.48636633,-0,870.84852165791847,-527.79227773285766,0
1575000,-197666855.08425021,-329683445.74925524,-0,873.35529978131115,-523.63379995194748,0
1576800,-196092574.33314329,-330622235.02269286,-0,875.84222048632637,-519.46341634594557,0
1578600,-194513835.03888658,-331553506.96149319,-0,878.30922722802211,-515.28122173657232,0
1580400,-192930673.09716487,-332477240.39139128,-0,880.75626391423862,-511.08731121409397,0
1582200,-191343124.5042206,-333393414.30952471,-0,883.18327490687375,-506.88178013516108,0
1584000,-189751225.35603514,-334302007.88491124,-0,885.59020502314831,-502.66472412063939,0
1585800,-188155011.84750777,-335203000.45892233,-0,887.97699953686106,-498.43623905343594,0
1587600,-186554520.27163395,-336096371.54575264,-0,890.34360417963114,-494.19642107632149,0
1589400,-184949787.01867852,-336982100.83288628,-0,892.68996514213461,-489.94536658974027,0
1591200,-183340848.57534918,-337860168.18155849,-0,895.01602907532651,-485.68317224962072,0
1593000,-181727741.52396679,-338730553.62721324,-0,897.32174309165384,-481.40993496517757,0
1594800,-180110502.54163361,-339593237.37995768,-0,899.60705476625822,-477.12575189670815,0
1596600,-178489168.39939928,-340448199.82501149,-0,901.87191213816777,-472.83072045338321,0
1598400,-176863775.96142477,-341295421.52315348,-0,904.11626371147906,-468.52493829103241,0
1600200,-175234362.18414402,-342134883.21116322,-0,906.34005845652757,-464.20850330992283,0
1602000,-173600964.11542472,-342966565.80225873,-0,908.54324581104686,-459.88151365253634,0
1603800,-171963618.89372426,-343790450.38653129,-0,910.72577568132067,-455.54406770133357,0
1605600,-170322363.74724641,-344606518.23137462,-0,912.8875984433198,-451.19626407651958,0
1607400,-168677235.99309471,-345414750.78191131,-0,915.02866494383147,-446.83820163380148,0
1609200,-167028273.03642383,-346215129.66141433,-0,917.14892650157617,-442.4699794621402,0
1611000,-165375512.36958921,-347007636.67172503,-0,919.24833490831531,-438.09169688149785,0
1612800,-163718991.57129452,-347792253.79366696,-0,921.32684242994662,-433.70345344057921,0
1614600,-162058748.30573708,-348568963.18745571,-0,923.38440180759051,-429.30534891456784,0
1616400,-160394820.32175246,-349337747.19310367,-0,925.42096625866213,-424.89748330286028,0
1618200,-158727245.4519546,-350098588.33082294,-0,927.43648947793884,-420.479956826788,0
1620000,-157056061.6118767,-350851469.3014217,-0,929.43092563860989,-416.05286992734142,0
1621800,-155381306.79910886,-351596372.98669803,-0,931.40422939331972,-411.61632326288594,0
1623600,-153703019.09243417,-352333282.44982886,-0,933.35635587519903,-407.1704177068728,0
1625400,-152021236.65096283,-353062180.93575537,-0,935.28726069888444,-402.7152543455457,0
1627200,-150335997.71326455,-353783051.87156349,-0,937.19689996152783,-398.25093447564234,0
1629000,-148647340.596499,-354495878.86686146,-0,939.08523024379542,-393.77755960209072,0
1630800,-146955303.69554549,-355200645.71415132,-0,940.95220861085284,-389.29523143570407,0
1632600,-145259925.48212847,-355897336.38919884,-0,942.79779261334397,-384.80405189086378,0
1634400,-143561244.50394377,-356585935.05139673,-0,944.62194028835415,-380.3041230832049,0
1636200,-141859299.38378203,-357266426.0441255,-0,946.42461016036555,-375.79554732729417,0
1638000,-140154128.81865042,-357938793.89510888,-0,948.20576124219917,-371.27842713430334,0
1639800,-138445771.57889286,-358603023.31676608,-0,949.96535303594737,-366.75286520967813,0
1641600,-136734266.50730839,-359259099.2065593,-0,951.70334553389466,-362.21896445080375,0
1643400,-135019652.51826787,-359907006.64733702,-0,953.41969921942768,-357.67682794466378,0
1645200,-133301968.59683029,-360546730.90767264,-0,955.11437506793163,-353.12655896550001,0
1647000,-131581253.79785453,-361178257.44220078,-0,956.78733454768098,-348.56826097245914,0
1648800,-129857547.24511264,-361801571.89194661,-0,958.43853962071285,-344.00203760724395,0
1650600,-128130888.13039999,-362416660.08465308,-0,960.0679527436929,-339.42799269175578,0
1652400,-126401315.7126441,-363023508.03510302,-0,961.67553686876897,-334.84623022573396,0
1654200,-124668869.3170121,-363622101.94543707,-0,963.26125544441345,-330.25685438439132,0
1656000,-122933588.33401655,-364212428.20546722,-0,964.82507241625353,-325.65996951604541,0
1657800,-121195512.21861944,-364794473.39298677,-0,966.36695222789263,-321.05568013974511,0
1659600,-119454680.48933657,-365368224.27407473,-0,967.88685982171671,-316.44409094289779,0
1661400,-117711132.72733687,-365933667.8033976,-0,969.38476063969335,-311.8253067788836,0
1663200,-115964908.57554388,-366490791.12450534,-0,970.86062062415647,-307.19943266467516,0
1665000,-114216047.73773403,-367039581.57012403,-0,972.31440621858064,-302.56657377844863,0
1666800,-112464589.97763392,-367580026.66244358,-0,973.74608436834455,-297.92683545719262,0
1668600,-110710575.11801612,-368112114.11340183,-0,975.15562252148243,-293.28032319431287,0
1670400,-108954043.03979385,-368635831.82496351,-0,976.54298862942346,-288.6271426372337,0
1672200,-107195033.68111384,-369151167.88939583,-0,977.90815114772204,-283.96739958499529,0
1674000,-105433587.03644948,-369658110.58953851,-0,979.25107903677292,-279.30119998585116,0
1675800,-103669743.15568964,-370156648.39907092,-0,980.57174176251874,-274.62864993485448,0
1677600,-101903542.14322931,-370646769.98277366,-0,981.87010929714336,-269.94985567144903,0
1679400,-100135024.15705734,-371128464.1967867,-0,983.14615211975513,-265.26492357705274,0
1681200,-98364229.407843605,-371601720.0888623,-0,984.39984121705766,-260.57396017263909,0
1683000,-96591198.158024415,-372066526.89861435,-0,985.63114808400951,-255.87707211631496,0
1684800,-94815970.720887348,-372522874.05776292,-0,986.84004472447248,-251.17436620089561,0
1686600,-93038587.459654137,-372970751.19037467,-0,988.02650365184866,-246.46594935147567,0
1688400,-91259088.786564365,-373410148.11309832,-0,989.19049788970358,-241.75192862300156,0
1690200,-89477515.161954612,-373841054.83539689,-0,990.33200097238216,-237.03241119783209,0
1692000,-87693907.093339786,-374263461.55977446,-0,991.45098694560852,-232.30750438330486,0
1693800,-85908305.134491801,-374677358.68199873,-0,992.54743036707703,-227.57731560929574,0
1695600,-84120749.88451755,-375082736.79131985,-0,993.62130630702995,-222.8419524257761,0
1697400,-82331281.98693575,-375479586.67068404,-0,994.67259034882534,-218.10152250036751,0
1699200,-80539942.128752843,-375867899.29694343,-0,995.70125858949154,-213.35613361589367,0
1701000,-78746771.039537564,-376247665.841061,-0,996.70728764027058,-208.60589366792888,0
1702800,-76951809.490496248,-376618877.6683113,-0,997.69065462715025,-203.85091066234847,0
1704600,-75155098.293543801,-376981526.33847696,-0,998.65133719138407,-199.09129271286764,0
1706400,-73356678.300377056,-377335603.60604066,-0,999.58931348999999,-194.32714803858687,0
1708200,-71556590.401545614,-377681101.42037219,-0,1000.5045621962963,-189.55858496153041,0
1710000,-69754875.525522172,-378018011.92591202,-0,1001.3970625003274,-184.78571190418353,0
1711800,-67951574.63777186,-378346327.46234947,-0,1002.266794109376,-180.00863738702714,0
1713600,-66146728.739820868,-378666040.56479716,-0,1003.1137372484154,-175.22747002607051,0
1715400,-64340378.868324161,-378977143.96396065,-0,1003.9378726605588,-170.44231853038156,0
1717200,-62532566.094132103,-379279630.58630377,-0,1004.739181607497,-165.65329169961427,0
1719000,-60723331.521358006,-379573493.55420923,-0,1005.5176458699243,-160.86049842153867,0
1720800,-58912716.286441498,-379858726.18613529,-0,1006.2732477479534,-156.06404766955944,0
1722600,-57100761.557214551,-380135321.99676758,-0,1007.005970061517,-151.2640485002419,0
1724400,-55287508.531965114,-380403274.69716656,-0,1007.7157961507594,-146.46061005083149,0
1726200,-53472998.438500464,-380662578.19491029,-0,1008.4027098764142,-141.65384153677238,0
1728000,-51657272.533209682,-380913226.59423333,-0,1009.066695620172,-136.84385224922408,0
1729800,-49840372.1001257,-381155214.19616061,-0,1009.7077382850358,-132.03075155257667,0
1731600,-48022338.449986279,-381388535.4986369,-0,1010.325823295663,-127.21464888196326,0
1733400,-46203212.919296063,-381613185.196652,-0,1010.9209365986979,-122.39565374077522,0
1735200,-44383036.869384684,-381829158.18236154,-0,1011.4930646630912,-117.57387569816719,0
1737000,-42561851.68546772,-382036449.54520279,-0,1012.0421944804069,-112.74942438656937,0
1738800,-40739698.77570533,-382235054.57200658,-0,1012.5683135651187,-107.92240949919383,0
1740600,-38916619.570260808,-382424968.74710423,-0,1013.0714099548941,-103.09294078754053,0
1742400,-37092655.520358555,-382606187.75243044,-0,1013.5514722108653,-98.261128058901832,0
1744200,-35267848.097341619,-382778707.46762145,-0,1014.0084894178906,-93.427081173865858,0
1746000,-33442238.791728444,-382942523.97010845,-0,1014.4424511848016,-88.590910043817686,0
1747800,-31615869.112270813,-383097633.53520709,-0,1014.8533476446401,-83.752724628443914,0
1749600,-29788780.585008077,-383244032.63620204,-0,1015.2411694548816,-78.912634933227096,0
1751400,-27961014.752324309,-383381717.94442725,-0,1015.6059077976493,-74.070751006948171,0
1753200,-26132613.172003426,-383510686.32934141,-0,1015.9475543799125,-69.227182939183365,0
1755000,-24303617.416284308,-383630934.85859942,-0,1016.2661014336771,-64.382040857801115,0
1756800,-22474069.07091555,-383742460.79811883,-0,1016.5615417161608,-59.53543492645813,0
1758600,-20644009.734209936,-383845261.61214221,-0,1016.8338685099588,-54.687475342094523,0
1760400,-18813481.016098291,-383939334.96329463,-0,1017.0830756231957,-49.838272332427465,0
1762200,-16982524.537184753,-384024678.71263683,-0,1017.3091573896667,-44.98793615344848,0
1764000,-15151181.927798396,-384101290.91971403,-0,1017.5121086689666,-40.136577086911174,0
1765800,-13319494.827048073,-384169169.84259981,-0,1017.6919248466063,-35.284305437827399,0
1767600,-11487504.881875297,-384228313.93793583,-0,1017.848601834118,-30.431231531958311,0
1769400,-9655253.7461073436,-384278721.86096686,-0,1017.9821360691478,-25.577465713305941,0
1771200,-7822783.0795101579,-384320392.46557158,-0,1018.0925245155374,-20.723118341604277,0
1773000,-5990134.5468411408,-384353324.80428839,-0,1018.1797646633925,-15.868299789810051,0
1774800,-4157349.8169014803,-384377518.12833691,-0,1018.2438545291395,-11.013120441592266,0
1776600,-2324470.5615900988,-384392971.88763523,-0,1018.2847926555719,-6.1576906888260563,0
1778400,-491538.4549541077,-384399685.73081243,-0,1018.3025781118824,-1.3021209290772604,0
1780200,1341404.8277573602,-384397659.50521618,0,1018.2972104936844,3.5534784369040424,0
1782000,3174317.6110410634,-384386893.2569167,0,1018.2686899230208,8.4089970076946194,0
1783800,5007158.2200872255,-384367387.23070544,0,1018.217017048362,13.264324383708274,0
1785600,6839884.9817270879,-384339141.87008953,0,1018.1421930445904,18.119350169705992,0
1787400,8672456.2253804319,-384302157.81728172,0,1018.0442196129743,22.973963977305985,0
1789200,10504830.284003388,-384256435.91318589,0,1017.9230989811286,27.828055427494501,0
1791000,12336965.495034436,-384201977.19737774,0,1017.7788339029649,32.681514153131872,0
1792800,14168820.201343749,-384138782.90808129,0,1017.6114276586279,37.534229801467362,0
1794600,16000352.752178971,-384066854.48214072,0,1017.4208840544219,42.386092036644634,0
1796400,17831521.504112568,-383986193.55498761,0,1017.2072074227234,47.236990542211316,0
1798200,19662284.821988687,-383896801.96060377,0,1016.9704026218831,52.086815023627331,0
1800000,21492601.079869792,-383798681.7314797,0,1016.710475036115,56.935455210772581,0
1801800,23322428.661983125,-383691835.09856808,0,1016.4274305753746,61.782800860454202,0
1803600,25151725.963667244,-383576264.49123341,0,1016.121275675224,66.628741758914032,0
1805400,26980451.392316647,-383451972.53719652,0,1015.7920172966857,71.473167724330935,0
1807200,28808563.368329488,-383318962.06247479,0,1015.4396629260843,76.315968609331406,0
1809000,30636020.326051604,-383177236.09131819,0,1015.064220574877,81.157034303490391,0
1810800,32462780.714721944,-383026797.84614015,0,1014.6656987794698,85.996254735835734,0
1812600,34288802.999417298,-382867650.74744457,0,1014.244106601025,90.833519877350852,0
1814400,36114045.66199667,-382699798.41374785,0,1013.7994536252545,95.668719743476515,0
1816200,37938467.202045277,-382523244.66149688,0,1013.331749962202,100.50174439661149,0
1818000,39762026.137818493,-382337993.50498176,0,1012.8410062460127,105.33248394861309,0
1819800,41584681.007183626,-382144049.15624529,0,1012.3272336346926,110.16082856329216,0
1821600,43406390.368564725,-381941416.02498651,0,1011.7904438098533,114.98666845891574,0
1823400,45227112.801883414,-381730098.71846074,0,1011.2306489764476,119.80989391069957,0
1825200,47046806.909501061,-381510102.04137474,0,1010.6478618624916,124.63039525330387,0
1827000,48865431.317159995,-381281430.99577767,0,1010.0420957187748,129.44806288332671,0
1828800,50682944.674924225,-381044090.78094703,0,1009.4133643185601,134.26278726179606,0
1830600,52499305.658119641,-380798086.79327077,0,1008.7616819572692,139.07445891666043,0
1832400,54314472.968273923,-380543424.6261242,0,1008.0870634521581,143.88296844527881,0
1834200,56128405.334054202,-380280110.06974339,0,1007.3895241419809,148.6882065169045,0
1836000,57941061.512207456,-380008149.11109293,0,1006.6690798866401,153.49006387517633,0
1837800,59752400.288496941,-379727547.93373007,0,1005.9257470668264,158.28843134059946,0
1839600,61562380.478639536,-379438312.91766423,0,1005.1595425836459,163.08319981302827,0
1841400,63370960.929242253,-379140450.63921165,0,1004.3704838582366,167.87426027414736,0
1843200,65178100.518737845,-378833967.87084621,0,1003.5585888313715,172.66150378995002,0
1845000,66983758.158319853,-378518871.58104515,0,1002.7238759630508,177.44482151321523,0
1846800,68787892.79287678,-378195168.93413079,0,1001.8663642320829,182.22410468598241,0
1848600,70590463.401925966,-377862867.29010749,0,1000.9860731356517,186.99924464202519,0
1850400,72391429.000544831,-377521974.20449466,0,1000.083022688875,191.77013280931848,0
1852200,74190748.640304834,-377172497.42815441,0,999.15723342434706,196.53666071251257,0
1854000,75988381.410201177,-376814444.90711582,0,998.20872639167385,201.29871997539587,0
1855800,77784286.437583253,-376447824.78239399,0,997.23752315699335,206.05620232335991,0
1857600,79578422.889084071,-376072645.38980514,0,996.24364580248584,210.80899958586127,0
1859400,81370749.971548557,-375688915.25977683,0,995.22711692587097,215.55700369888086,0
1861200,83161226.932961211,-375296643.11715412,0,994.18795963989464,220.3001067073813,0
1863000,84949813.063372895,-374895837.88100135,0,993.12619757180346,225.03820076776199,0
1864800,86736467.695825145,-374486508.66439921,0,992.04185486280767,229.77117815030783,0
1866600,88521150.207276896,-374068664.77423733,0,990.93495616753137,234.49893124164399,0
1868400,90303820.019526646,-373642315.71100312,0,989.8055266534526,239.22135254717904,0
1870200,92084436.60013558,-373207471.16856551,0,988.65359200033163,243.93833469354993,0
1872000,93862959.463348985,-372764141.03395426,0,987.47917839962577,248.64977043106356,0
1873800,95639348.171016917,-372312335.38713574,0,986.28231255389505,253.35555263613492,0
1875600,97413562.333513543,-371852064.50078332,0,985.06302167619469,258.05557431372324,0
1877400,99185561.610655874,-371383338.84004384,0,983.82133348945558,262.74972859976504,0
1879200,100955305.71261954,-370906169.06230009,0,982.55727622585573,267.43790876360077,0
1881000,102722754.40085706,-370420566.0169279,0,981.27087862617657,272.12000821040704,0
1882800,104487867.48901114,-369926540.74504966,0,979.9621699391505,276.79592048361587,0
1884600,106250604.84382898,-369424104.47928345,0,978.63117992079515,281.46553926733708,0
1886400,108010926.38607459,-368913268.64348751,0,977.27793883373772,286.12875838877488,0
1888200,109768792.09144016,-368394044.85250062,0,975.90247744652606,290.7854718206421,0
1890000,111524161.99145608,-367866444.91187763,0,974.50482703292948,295.43557368357119,0
1891800,113276996.1744,-367330480.81762147,0,973.08501937122753,300.0789582485221,0
1893600,115027254.78620307,-366786164.75591058,0,971.64308674348842,304.71551993918303,0
1895400,116774898.0313579,-366233509.10282087,0,970.17906193483282,309.34515333437582,0
1897200,118519886.17382225,-365672526.42404544,0,968.69297823269073,313.96775317044973,0
1899000,120262179.53792277,-365103229.47460824,0,967.18486942604329,318.58321434367559,0
1900800,122001738.50925708,-364525631.19857413,0,965.65476980465485,323.19143191263544,0
1902600,123738523.53559448,-363939744.7287547,0,964.10271415829368,327.79230110060865,0
1904400,125472495.1277753,-363345583.38640976,0,962.5287377759405,332.38571729795433,0
1906200,127203613.86060901,-362743160.68094391,0,960.93287644498571,336.97157606449036,0
1908000,128931840.37376937,-362132490.30960047,0,959.31516645041756,341.54977313186492,0
1909800,130657135.37269139,-361513586.15714878,0,957.67564457399476,346.12020440593244,0
1911600,132379459.62946329,-360886462.29556924,0,956.01434809341151,350.68276596911653,0
1913400,134098773.98371889,-360251132.9837333,0,954.33131478144969,355.23735408277406,0
1915200,135815039.34352794,-359607612.66707909,0,952.62658290512024,359.78386518955352,0
1917000,137528216.68628499,-358955915.977283,0,950.90019122479237,364.32219591574989,0
1918800,139238267.0595966,-358296057.73192716,0,949.1521789933131,368.85224307365473,0
1920600,140945151.58216733,-357628052.9341622,0,947.38258595511388,373.37390366390355,0
1922400,142648831.44468248,-356951916.7723667,0,945.59145234530865,377.88707487781392,0
1924200,144349267.91069254,-356267664.61980122,0,943.77881888877675,382.39165409972844,0
1926000,146046422.31749246,-355575312.03425902,0,941.94472679923808,386.88753890934436,0
1927800,147740256.07700115,-354874874.75771254,0,940.08921777831642,391.37462708404314,0
1929600,149430730.6766389,-354166368.71595502,0,938.21233401459062,395.85281660121473,0
1931400,151117807.68020293,-353449810.01823896,0,936.31411818263553,400.32200564057723,0
1933200,152801448.72874144,-352725214.95690924,0,934.39461344205176,404.78209258649201,0
1935000,154481615.54142591,-351992600.00703293,0,932.45386343648397,409.23297603027493,0
1936800,156158269.9164204,-351251981.82602531,0,930.4919122926301,413.67455477249865,0
1938600,157831373.73175198,-350503377.25326991,0,928.50880461923578,418.10672782529883,0
1940400,159500888.94617614,-349746803.30973667,0,926.50458550608141,422.52939441466657,0
1942200,161166777.60004222,-348982277.19759429,0,924.47930052295692,426.94245398274103,0
1944000,162829001.81615642,-348209816.29981965,0,922.43299571862531,431.34580619009535,0
1945800,164487523.80064294,-347429438.17980212,0,920.36571761977575,435.73935091801837,0
1947600,166142305.84380344,-346641160.58094442,0,918.27751322996585,440.12298827079076,0
1949400,167793310.32097459,-345845001.42625904,0,916.16843002855239,444.49661857795758,0
1951200,169440499.69338247,-345040978.81796134,0,914.03851596961329,448.86014239659056,0
1953000,171083836.5089978,-344229111.03705704,0,911.88781948085546,453.21346051355465,0
1954800,172723283.40338629,-343409416.54292697,0,909.71638946251437,457.5564739477602,0
1956600,174358803.10055861,-342581913.97290754,0,907.52427528624264,461.88908395241464,0
1958400,175990358.41381773,-341746622.14186698,0,905.31152679398679,466.21119201726714,0
1960200,177617912.24660459,-340903560.04177701,0,903.0781942968548,470.52269987084884,0
1962000,179241427.59334153,-340052746.84128183,0,900.82432857397123,474.82350948270727,0
1963800,180860867.54027393,-339194201.88526142,0,898.5499808713231,479.11352306563577,0
1965600,182476195.26630837,-338327944.6943928,0,896.25520290059603,483.39264307789398,0
1967400,184087374.04385161,-337453994.96470493,0,893.94004683799562,487.66077222543015,0
1969200,185694367.23964447,-336572372.56713164,0,891.60456532306353,491.91781346409039,0
1971000,187297138.31559497,-335683097.54705989,0,889.24881145747963,496.16367000182566,0
1972800,188895650.8296093,-334786190.12387347,0,886.87283880385473,500.39824530089288,0
1974600,190489868.43642017,-333881670.69049382,0,884.47670138451304,504.62144308004952,0
1976400,192079754.88841337,-332969559.81291598,0,882.06045368026332,508.83316731674302,0
1978200,193665274.03645179,-332049878.22974133,0,879.62415062916091,513.03332224929397,0
1980000,195246389.83069777,-331122646.85170537,0,877.1678476252572,517.22181237907409,0
1981800,196823066.32143146,-330187886.76120359,0,874.69160051734298,521.39854247267465,0
1983600,198395267.65987006,-329245619.21181053,0,872.19546560767481,525.56341756407653,0
1985400,199962958.09898162,-328295865.6277976,0,869.67949965069795,529.71634295680587,0
1987200,201526101.99429831,-327338647.60364556,0,867.143759851754,533.85722422608853,0
1989000,203084663.80472669,-326373986.90355384,0,864.58830386578188,537.98596722099649,0
1990800,204638608.09335586,-325401905.46094519,0,862.01318979600535,542.10247806658924,0
1992600,206187899.52826318,-324422425.37796748,0,859.41847619261296,546.20666316604729,0
1994400,207732502.88331792,-323435568.92499053,0,856.804222051426,550.29842920280203,0
1996200,209272383.03898105,-322441358.54010105,0,854.17048681255915,554.3776831426535,0
1998000,210807504.98310545,-321439816.82859081,0,851.51733035906591,558.44433223589101,0
1999800,212337833.8117308,-320430966.56244349,0,848.84481301557867,562.49828401939851,0
2001600,213863334.72987759,-319414830.67981726,0,846.15299554693775,566.53944631875777,0
2003400,215383973.05233806,-318391432.28452253,0,843.44193915680853,570.56772725034421,0
2005200,216899714.20446509,-317360794.64549708,0,840.71170548629061,574.58303522341589,0
2007000,218410523.72295803,-316322941.19627684,0,837.96235661251603,578.5852789421964,0
2008800,219916367.25664678,-315277895.53446287,0,835.19395504723741,582.57436740795072,0
2010600,221417210.56727171,-314225681.42118567,0,832.40656373540833,586.55020992105199,0
2012400,222913019.53026366,-313166322.78056383,0,829.60024605374997,590.51271608304774,0
2014200,224403760.13551888,-312099843.69916064,0,826.77506580931095,594.4617957987125,0
2016000,225889398.48817244,-311026268.42543644,0,823.93108723801708,598.39735927809693,0
2017800,227369900.80936906,-309945621.36919707,0,821.06837500321012,602.31931703856935,0
2019600,228845233.43703094,-308857927.10103917,0,818.18699419417806,606.22757990685045,0
2021400,230315362.82662326,-307763210.3517912,0,815.28701032467484,610.12205902104063,0
2023200,231780255.55191728,-306661496.01195115,0,812.36848933143028,614.00266583264158,0
2025000,233239878.30574891,-305552809.13112128,0,809.43149757265337,617.86931210856585,0
2026800,234694197.900778,-304437174.91743755,0,806.47610182651965,621.72190993314837,0
2028600,236143181.27024153,-303314618.73699701,0,803.50236928965558,625.56037171014168,0
2030400,237586795.46870607,-302185166.11328101,0,800.51036757560985,629.38461016470899,0
2032200,239025007.67281643,-301048842.7265749,0,797.50016471331628,633.19453834540775,0
2034000,240457785.18204239,-299905674.41338408,0,794.47182914554685,636.9900696261675,0
2035800,241885095.41942188,-298755687.16584653,0,791.42542972735555,640.77111770825888,0
2037600,243306905.93230209,-297598907.13114172,0,788.36103572451236,644.53759662225673,0
2039400,244723184.39307633,-296435360.61089671,0,785.27871681193051,648.289420729992,0
2041200,246133898.59992051,-295265074.06058723,0,782.17854307207904,652.02650472650305,0
2043000,247539016.47752437,-294088074.08893669,0,779.06058499339156,655.74876364197235,0
2044800,248938506.07782099,-292904387.45731121,0,775.92491346866279,659.45611284365918,0
2046600,250332335.58071315,-291714041.07911092,0,772.77159979343685,663.14846803782405,0
2048400,251720473.294797,-290517062.01915818,0,769.60071566438637,666.82574527164513,0
2050200,253102887.65808234,-289313477.49308217,0,766.41233317768206,670.48786093512706,0
2052000,254479547.23871076,-288103314.86669987,0,763.20652482735284,674.13473176300295,0
2053800,255850420.73566908,-286886601.65539473,0,759.98336350364036,677.76627483662423,0
2055600,257215476.97950277,-285663365.52348971,0,756.74292249133737,681.38240758585073,0
2057400,258574684.93302348,-284433634.28361923,0,753.48527546812488,684.98304779092507,0
2059200,259928013.69201496,-283197435.89609653,0,750.21049650289524,688.56811358434254,0
2061000,261275432.48593593,-281954798.46827781,0,746.91866005406882,692.13752345271314,0
2062800,262616910.67861941,-280705750.25392342,0,743.60984096790082,695.69119623861411,0
2064600,263952417.76896963,-279450319.65255529,0,740.28411447677934,699.22905114243599,0
2066400,265281923.39165547,-278188535.20881093,0,736.94155619751439,702.75100772421979,0
2068200,266605397.31780007,-276920425.61179549,0,733.58224212962125,706.25698590548359,0
2070000,267922809.45566955,-275646019.69442797,0,730.20624865358809,709.74690597104734,0
2071800,269234129.85135633,-274365346.43278658,0,726.8136525291427,713.22068857084287,0
2073600,270539328.68946022,-273078434.94544971,0,723.40453089350592,716.67825472171774,0
2075400,271838376.29376644,-271785314.49283385,0,719.9789612596378,720.1195258092323,0
2077200,273131243.12792063,-270486014.47652835,0,716.53702151447567,723.54442358944664,0
2079000,274417899.79609984,-269180564.43862677,0,713.07878991716279,726.95287019069917,0
2080800,275698317.04368168,-267868994.06105512,0,709.60434509726861,730.34478811537861,0
2082600,276972465.75790823,-266551333.16489783,0,706.11376605300325,733.72010024168299,0
2084400,278240316.96854955,-265227611.70971829,0,702.60713214941745,737.07872982537742,0
2086200,279501841.84856129,-263897859.79287866,0,699.08452311660153,740.42060050153566,0
2088000,280757011.71474046,-262562107.64885533,0,695.54601904787035,743.74563628627777,0
2089800,282005798.02837765,-261220385.64855134,0,691.99170039794365,747.05376157849798,0
2091600,283248172.39590567,-259872724.29860601,0,688.42164798111605,750.34490116158247,0
2093400,284484106.56954551,-258519154.2407012,0,684.83594296941953,753.61898020512103,0
2095200,285713572.44794858,-257159706.25086439,0,681.2346668907777,756.87592426660785,0
2097000,286936542.0768345,-255794411.23877001,0,677.61790162715408,760.11565929313224,0
2098800,288152987.6496287,-254423300.247035,0,673.98572941268708,763.3381116230662,0
2100600,289362881.5080933,-253046404.45051411,0,670.33823283182244,766.54320798773665,0
2102400,290566196.14295614,-251663755.15559071,0,666.67549481743436,769.73087551309118,0
2104200,291762904.19453663,-250275383.79946524,0,662.99759864894145,772.90104172135659,0
2106000,292952978.45336741,-248881321.94944003,0,659.30462795041126,776.05363453268524,0
2107800,294136391.86081332,-247481601.30220196,0,655.59666668866066,779.18858226679515,0
2109600,295313117.50968641,-246076253.68310151,0,651.87379917134547,782.3058136445984,0
2111400,296483128.64485818,-244665311.04542887,0,648.13611004504332,785.4052577898243,0
2113200,297646398.66386682,-243248805.46968868,0,644.38368429333195,788.48684423062662,0
2115000,298802901.11752337,-241826769.16286898,0,640.61660723485261,791.55050290119038,0
2116800,299952609.71051264,-240399234.45770976,0,636.83496452137285,794.59616414332311,0
2118600,301095498.30199051,-238966233.81196776,0,633.03884213583865,797.6237587080376,0
2120400,302231540.90617907,-237527799.80767849,0,629.22832639041917,800.63321775712825,0
2122200,303360711.69295716,-236083965.15041533,0,625.40350392454445,803.62447286473503,0
2124000,304482984.98844749,-234634762.6685459,0,621.56446170293555,806.59745601889983,0
2125800,305598335.27560085,-233180225.3124854,0,617.71128701362625,809.55209962311289,0
2127600,306706737.19477534,-231720386.15394852,0,613.8440674659812,812.48833649784831,0
2129400,307808165.54431421,-230255278.38519591,0,609.96289098870045,815.40609988209417,0
2131200,308902595.28111809,-228784935.31828037,0,606.067845827822,818.30532343486823,0
2133000,309990001.52121472,-227309390.38428944,0,602.15902054471519,821.18594123672756,0
2134800,311070359.54032427,-225828677.13258511,0,598.23650401406735,824.04788779126648,0
2136600,312143644.77442217,-224342829.230041,0,594.30038542186242,826.89109802660641,0
2138400,313209832.820297,-222851880.46027696,0,590.35075426335345,829.71550729687488,0
2140200,314268899.43610597,-221355864.7228907,0,586.38770034102743,832.52105138367665,0
2142000,315320820.54192513,-219854816.0326879,0,582.41131376256556,835.30766649755071,0
2143800,316365572.22029799,-218348768.5189074,0,578.42168493879058,838.07528927942462,0
2145600,317403130.7167787,-216837756.42444628,0,574.41890458161436,840.82385680205289,0
2147400,318433472.4404723,-215321814.10508072,0,570.40306370197368,843.55330657144782,0
2149200,319456573.96457112,-213800976.02868536,0,566.37425360776194,846.26357652830097,0
2151000,320472412.0268873,-212275276.77444914,0,562.33256590175245,848.95460504939376,0
2152800,321480963.5303818,-210744751.03208929,0,558.27809247951598,851.626330948999,0
2154600,322482205.54368997,-209209433.60106233,0,554.21092552733046,854.27869348027218,0
2156400,323476115.30164158,-207669359.38977385,0,550.13115752008787,856.91163233663087,0
2158200,324462670.20578033,-206124563.41478333,0,546.0388812191876,859.52508765312894,0
2160000,325441847.82487625,-204575080.80000865,0,541.9341896704293,862.11900000781566,0
2161800,326413625.89543635,-203020946.77592781,0,537.81717620189818,864.69331042308715,0
2163600,327377982.32221061,-201462196.67877734,0,533.68793442184108,867.24796036702764,0
2165400,328334895.17869425,-199898865.94974929,0,529.54655821654001,869.78289175473992,0
2167200,329284342.70762676,-198330990.13418505,0,525.39314174817594,872.29804694966629,0
2169000,330226303.32148612,-196758604.88076711,0,521.22777945268786,874.79336876489924,0
2170800,331160755.60297942,-195181745.94070962,0,517.05056603762853,877.26880046448059,0
2172600,332087678.30553067,-193600449.16694373,0,512.86159648000671,879.72428576469338,0
2174400,333007050.35376316,-192014750.51330361,0,508.66096602413,882.15976883533961,0
2176200,333918850.84397894,-190424686.03370869,0,504.44877017943952,884.57519430101127,0
2178000,334823059.04463404,-188830291.88134381,0,500.2251047183376,886.9705072423485,0
2179800,335719654.39680982,-187231604.30783731,0,495.99006567401045,889.34565319728847,0
2181600,336608616.51468045,-185628659.66243678,0,491.74374933824458,891.7005781623036,0
2183400,337489925.18597656,-184021494.39118221,0,487.48625225923695,894.03522859363011,0
2185200,338363560.37244427,-182410145.03607863,0,483.21767123940236,896.34955140848353,0
2187000,339229502.21030158,-180794648.23426327,0,478.93810333316821,898.64349398626837,0
2188800,340087731.01068938,-179175040.71717399,0,474.64764584477075,900.91700416977255,0
2190600,340938227.26011962,-177551359.30971363,0,470.34639632604183,903.17003026635405,0
2192400,341780971.62091839,-175923640.92941281,0,466.03445257419094,905.4025210491161,0
2194200,342615944.93166614,-174291922.58559051,0,461.71191262958166,907.61442575807177,0
2196000,343443128.2076332,-172656241.37851265,0,457.3788747735025,909.80569410129863,0
2197800,344262502.64121127,-171016634.49854809,0,453.03543752593123,911.97627625608163,0
2199600,345074049.60234094,-169373139.22532445,0,448.6816996432986,914.12612287004561,0
2201400,345877750.6389358,-167725792.92687851,0,444.31776011623748,916.25518506227866,0
2203200,346673587.4773016,-166074633.05880785,0,439.94371816733565,918.36341442444279,0
2205000,347461542.02255189,-164419697.16341892,0,435.55967324887916,920.4507630218742,0
2206800,348241596.35901916,-162761022.86887348,0,431.16572504059076,922.51718339467402,0
2208600,349013732.75066257,-161098647.8883329,0,426.76197344736346,924.56262855878663,0
2210400,349777933.64147097,-159432610.01910096,0,422.34851859698938,926.58705200706834,0
2212200,350534181.65586221,-157762947.14176384,0,417.92546083788199,928.59040771034506,0
2214000,351282459.59907794,-156089697.21933019,0,413.49290073679782,930.57265011845777,0
2215800,352022750.4575749,-154412898.29636624,0,409.05093907654526,932.53373416129966,0
2217600,352755037.39941162,-152732588.49813181,0,404.59967685369577,934.4736152498399,0
2219400,353479303.7746312,-151048806.0297133,0,400.13921527628736,936.39224927713803,0
2221200,354195533.11563969,-149361589.17515492,0,395.6696557615229,938.28959261934631,0
2223000,354903709.13758063,-147670976.29658836,0,391.19109993346467,940.16560213670175,0
2224800,355603815.73870528,-145977005.83336034,0,386.70364962072313,942.02023517450721,0
2226600,356295837.00073904,-144279716.30115855,0,382.2074068541416,943.85344956410131,0
2228400,356979757.18924248,-142579146.29113704,0,377.70247386447897,945.66520362381607,0
2230200,357655560.75397038,-140875334.46903685,0,373.18895308008086,947.45545615992637,0
2232000,358323232.32922423,-139168319.57430825,0,368.66694712455364,949.22416646758541,0
2233800,358982756.73420215,-137458140.41922954,0,364.1365588144306,950.97129433175098,0
2235600,359634118.97334385,-135744835.88802454,0,359.59789115683384,952.69680002809855,0
2237400,360277304.23667175,-134028444.93597861,0,355.05104734713245,954.40064432392603,0
2239200,360912297.90012735,-132309006.58855277,0,350.49613076659631,956.08278847904478,0
2241000,361539085.52590424,-130586559.9404965,0,345.93324498004512,957.74319424666078,0
2242800,362157652.86277604,-128861144.15495847,0,341.36249373349312,959.38182387424445,0
2244600,362767985.84642029,-127132798.46259737,0,336.78398095179341,960.99864010438796,0
2246400,363370070.59973866,-125401562.16068803,0,332.19781073627007,962.59360617565403,0
2248200,363963893.43317235,-123667474.61222917,0,327.60408736235468,964.16668582341072,0
2250000,364549440.84501302,-121930575.24504809,0,323.00291527721424,965.71784328065598,0
2251800,365126699.5217101,-120190903.5509043,0,318.39439909737678,967.24704327883126,0
2253600,365695656.33817351,-118448499.08459142,0,313.77864360635232,968.75425104862302,0
2255400,366256298.35807186,-116703401.46303795,0,309.15575375225075,970.23943232075374,0
2257200,366808612.83412689,-114955650.36440617,0,304.52583464539447,971.70255332676095,0
2259000,367352587.20840269,-113205285.52719124,0,299.88899155593231,973.14358079976409,0
2260800,367888209.1125921,-111452346.74931569,0,295.24532991144031,974.56248197522234,0
2262600,368415466.36829734,-109696873.88722599,0,290.59495529452863,975.95922459167923,0
2264400,368934346.98730707,-107938906.8549858,0,285.93797344043969,977.3337768914954,0
2266200,369444839.17186892,-106178485.62336862,0,281.2744902346443,978.68610762157141,0
2268000,369946931.3149578,-104415650.2189489,0,276.60461171043403,980.0161860340578,0
2269800,370440612.00053978,-102650440.72319192,0,271.92844404651021,981.32398188705497,0
2271600,370925870.00383168,-100882897.27154225,0,267.24609356456921,982.60946544530009,0
2273400,371402694.29155612,-99113060.052512378,0,262.55766672688821,983.87260748084316,0
2275200,371871074.02219254,-97340969.306767076,0,257.8632701338995,985.1133792737121,0
2277000,372330998.54622394,-95566665.326209694,0,253.16301052177016,986.33175261256542,0
2278800,372782457.40637851,-93790188.453065768,0,248.45699475997424,987.52769979533389,0
2280600,373225440.33786768,-92011579.078965738,0,243.74532984886307,988.70119362984985,0
2282400,373659937.26861954,-90230877.644026563,0,239.02812291723225,989.85220743446621,0
2284200,374085938.31950778,-88448124.635932237,0,234.30548121988593,990.98071503866231,0
2286000,374503433.8045764,-86663360.589012906,0,229.57751213519717,992.08669078364039,0
2287800,374912414.23125947,-84876626.083324566,0,224.84432316267024,993.17010952290627,0
2289600,375312870.30059785,-83087961.743724391,0,220.10602192049095,994.23094662284439,0
2291400,375704792.90744984,-81297408.23894839,0,215.36271614308325,995.26917796327575,0
2293200,376088173.14069849,-79505006.280686393,0,210.61451367865891,996.28477993800698,0
2295000,376463002.2834543,-77710796.622656375,0,205.86152248676535,997.27772945536697,0
2296800,376829271.81325328,-75914820.059677854,0,201.10385063583087,998.24800393873181,0
2298600,377186973.40225071,-74117117.426744372,0,196.34160630070772,999.19558132703867,0
2300400,377536098.91741061,-72317729.598094642,0,191.57489776021137,1000.1204400752869,0
2302200,377876640.42069048,-70516697.486284539,0,186.80383339466238,1001.0225591550274,0
2304000,378208590.16922206,-68714062.041254923,0,182.02852168341667,1001.9019180548418,0
2305800,378531940.61548704,-66909864.24940186,0,177.24907120240275,1002.7584967808084,0
2307600,378846684.407489,-65104145.132644355,0,172.46559062165187,1003.5922758569566,0
2309400,379152814.38892037,-63296945.74749171,0,167.67818870282758,1004.4032363257099,0
2311200,379450323.59932506,-61488307.184109963,0,162.88697429675247,1005.1913597483168,0
2313000,379739205.27425712,-59678270.565387644,0,158.09205634093348,1005.9566282052701,0
2314800,380019452.84543401,-57866877.046000443,0,153.29354385708393,1006.6990242967146,0
2316600,380291059.94088632,-56054167.811476812,0,148.49154594864842,1007.418531142842,0
2318400,380554020.38510251,-54240184.077259518,0,143.68617179831671,1008.1151323842756,0
2320200,380808328.19916928,-52424967.087769896,0,138.87753066554478,1008.7888121824417,0
2322000,381053977.60090774,-50608558.115469657,0,134.06573188406981,1009.4395552199297,0
2323800,381290963.00500464,-48790998.459922604,0,129.25088485942422,1010.0673467008409,0
2325600,381519279.02313936,-46972329.44685553,0,124.43309906644809,1010.6721723511242,0
2327400,381738920.46410656,-45152592.427218594,0,119.61248404680009,1011.254018418901,0
2329200,381949882.33393419,-43331828.776244834,0,114.78914940646594,1011.8128716747781,0
2331000,382152159.83599693,-41510079.892510712,0,109.96320481326983,1012.3487194121479,0
2332800,382345748.3711254,-39687387.196992874,0,105.1347599943756,1012.8615494474781,0
2334600,382530643.53771061,-37863792.13212768,0,100.30392473379545,1013.3513501205878,0
2336400,382706841.13180399,-36039336.160868593,0,95.470808869892892,1013.8181102949134,0
2338200,382874337.14721334,-34214060.765743442,0,90.635522292885327,1014.2618193577617,0
2340000,383033127.77559334,-32388007.447911255,0,85.79817494234554,1014.6824672205505,0
2341800,383183209.40653265,-30561217.726218615,0,80.958876804701944,1015.080044319039,0
2343600,383324578.62763566,-28733733.136255343,0,76.117737910737006,1015.4545416135443,0
2345400,383457232.22460032,-26905595.229411446,0,71.274868333089003,1015.8059505891476,0
2347200,383581167.18129104,-25076845.571930319,0,66.430378183743954,1016.1342632558876,0
2349000,383696380.67980736,-23247525.743965052,0,61.584377611535629,1016.4394721489424,0
2350800,383802870.10054809,-21417677.338632643,0,56.736976799640139,1016.7215703287985,0
2352600,383900633.02227068,-19587341.961068321,0,51.888285963070778,1016.9805513814094,0
2354400,383989667.22214639,-17756561.227479573,0,47.038415346172016,1017.216409418341,0
2356200,384069970.67581093,-15925376.764199916,0,42.18747522011293,1017.4291390769056,0
2358000,384141541.55741018,-14093830.206742089,0,37.335575880379032,1017.6187355202837,0
2359800,384204378.23964208,-12261963.198852776,0,32.48282764426812,1017.7851944376346,0
2361600,384258479.29379332,-10429817.391563689,0,27.629340848376582,1017.9285120441931,0
2363400,384303843.48977208,-8597434.4422459267,0,22.775225846094298,1018.0486850813571,0
2365200,384340469.79613578,-6764856.0136624705,0,17.92059300509462,1018.1457108167606,0
2367000,384368357.38011473,-4932123.7730208989,0,13.065552704824977,1018.2195870443361,0
2368800,384387505.60763073,-3099279.3910260019,0,8.2102153339971551,1018.2703120843652,0
2370600,384397914.04331195,-1266364.5409323245,0,3.3546912880774262,1018.2978847835159,0
2372400,384399582.45050257,566579.10240336333,0,-1.5009090332235271,1018.30230451487,0
2374200,384392510.79126799,2399509.863469962,0,-6.3564752284616546,1018.2835711779361,0
2376000,384376699.2263962,4232386.0670482516,0,-11.211896896966117,1018.241685198653,0
2377800,384352148.11539352,6065166.0391605049,0,-16.067063641354881,1018.1766475293791,0
2379600,384318858.01647693,7897808.1080166632,0,-20.9218650700412,1018.0884596488715,0
2381400,384276829.68656099,9730270.6049621627,0,-25.776190799744487,1017.9771235622518,0
2383200,384226064.08124095,11562511.865425356,0,-30.629930458000093,1017.8426418009608,0
2385000,384166562.35477084,13394490.229864834,0,-35.482973685668831,1017.6850174227009,0
2386800,384098325.86003727,15226164.044716628,0,-40.33521013944619,1017.5042540113667,0
2388600,384021356.14852858,17057491.663341645,0,-45.186529494372159,1017.3003556769628,0
2390400,383935654.97029978,18888431.446971204,0,-50.036821446336006,1017.073327055512,0
2392200,383841224.27393246,20718941.765655819,0,-54.885975714589705,1016.8231733089477,0
2394000,383738066.20649093,22548980.999210384,0,-59.73388204425175,1016.5499001249984,0
2395800,383626183.11347288,24378507.538160823,0,-64.58043020881496,1016.2535137170573,0
2397600,383505577.53875631,26207479.784690157,0,-69.425510012652623,1015.9340208240415,0
2399400,383376252.22454184,28035856.153584313,0,-74.269011293524045,1015.5914287102385,0
2401200,383238210.11128998,29863595.073177651,0,-79.110823925079302,1015.2257451651411,0
2403000,383091454.33765471,31690654.986298516,0,-83.950837819364125,1014.8369785032705,0
2404800,382935988.2404117,33516994.35121274,0,-88.788942929319205,1014.4251375639875,0
2406600,382771815.35438287,35342571.64257025,0,-93.625029251287941,1013.9902317112904,0
2408400,382598939.41235548,37167345.352347821,0,-98.458986827513755,1013.5322708336032,0
2410200,382417364.34499788,38991273.990793236,0,-103.29070574864133,1013.0512653435503,0
2412000,382227094.28076965,40814316.087368578,0,-108.12007615621542,1012.5472261777201,0
2413800,382028133.54582787,42636430.191693187,0,-112.94698824517879,1012.0201647964158,0
2415600,381820486.66392881,44457574.874486096,0,-117.77133226636879,1011.4700931833949,0
2417400,381604158.35632521,46277708.728508338,0,-122.59299852901371,1010.8970238455972,0
2419200,381379153.54165864,48096790.369503081,0,-127.4118774032231,1010.3009698128608,0
2421000,381145477.33584791,49914778.43713861,0,-132.2278593224859,1009.6819446376238,0
2422800,380903135.05197245,51731631.595947348,0,-137.04083478615797,1009.0399623946189,0
2424600,380652132.20015186,53547308.536266081,0,-141.85069436195278,1008.375037680551,0
2426400,380392474.4874205,55361767.975175194,0,-146.65732868842952,1007.6871856137672,0
2428200,380124167.81759751,57174968.657437295,0,-151.46062847747959,1006.9764218339116,0
2430000,379847218.29115301,58986869.356435284,0,-156.2604845168116,1006.2427625015706,0
2431800,379561632.20506883,60797428.875110008,0,-161.05678767243538,1005.486224297905,0
2433600,379267416.05269599,62606606.046895616,0,-165.84942889113964,1004.7068244242714,0
2435400,378964576.52360654,64414359.736657627,0,-170.63829920297707,1003.90458060183,0
2437200,378653120.50344169,66220648.841626793,0,-175.42328972373821,1003.0795110711425,0
2439000,378333055.07375515,68025432.292334065,0,-180.20429165742831,1002.2316345917571,0
2440800,378004387.51185226,69828669.053544313,0,-184.98119629874063,1001.3609704417821,0
2442600,377667125.29062432,71630318.125189438,0,-189.7538950355285,1000.4675384174474,0
2444400,377321276.07837898,73430338.543300435,0,-194.52227935127439,999.55135883265427,0
2446200,376966847.7386654,75228689.38093929,0,-199.28624082755854,998.61245251851392,0
2448000,376603848.33009613,77025329.749128103,0,-204.04567114652016,997.65084082287376,0
2449800,376232286.10616332,78820218.797780797,0,-208.80046209332585,996.66654560983159,0
2451600,375852169.51505125,80613315.716630578,0,-213.55050555862633,995.65958925923871,0
2453400,375463507.19944423,82404579.736158207,0,-218.29569354101554,994.62999466619146,0
2455200,375066307.9963302,84193970.128518924,0,-223.03591814948612,993.5777852405098,0
2457000,374660580.93679971,85981446.208468512,0,-227.77107160588261,992.50298490620617,0
2458800,374246335.24584037,87766967.334288344,0,-232.50104624735206,991.40561810094039,0
2460600,373823580.34212756,89550492.908709764,0,-237.22573452879263,990.28570977546451,0
2462400,373392325.8378101,91331982.379835859,0,-241.94502902529558,989.14328539305666,0
2464200,372952581.53829134,93111395.242065445,0,-246.65882243459276,987.9783709289394,0
2466000,372504357.44200671,94888691.037012666,0,-251.36700757949313,986.79099286969165,0
2467800,372047663.74019623,96663829.354427353,0,-256.06947741032025,985.58117821264545,0
2469600,371582510.81667256,98436769.83311373,0,-260.76612500734643,984.34895446527196,0
2471400,371108909.24758518,100207472.16184808,0,-265.4568435832237,983.09434964455613,0
2473200,370626869.80117995,101975896.0802954,0,-270.14152648541182,981.81739227636035,0
2475000,370136403.43755382,103742001.37992504,0,-274.82006719860408,980.51811139477456,0
2476800,369637521.30840653,105505747.90492366,0,-279.49235934714579,979.19653654145804,0
2478600,369130234.75678599,107267095.55311018,0,-284.1582966974579,977.85269776496523,0
2480400,368614555.31683105,109026004.27684629,0,-288.81777316044918,976.48662562006461,0
2482200,368090494.71350908,110782434.08394735,0,-293.47068279392914,975.09835116704312,0
2484000,367558064.86234933,112536345.03859167,0,-298.11691980501683,973.68790597099951,0
2485800,367017277.86917222,114287697.26222852,0,-302.75637855254627,972.25532210112794,0
2487600,366468146.02981371,116036450.93448482,0,-307.38895354946823,970.80063212998766,0
2489400,365910681.82984596,117782566.29407103,0,-312.01453946524998,969.32386913276252,0
2491200,365344897.94429362,119526003.63968359,0,-316.63303112826623,967.8250666865099,0
2493000,364770807.23734534,121266723.33090985,0,-321.24432352819582,966.30425886939599,0
2494800,364188422.7620613,123004685.78912793,0,-325.84831181840599,964.76148025992188,0
2496600,363597757.76007664,124739851.49840692,0,-330.44489131833689,963.19676593613701,0
2498400,362998825.66130018,126472181.00640546,0,-335.03395751588192,961.61015147484125,0
2500200,362391640.08360916,128201634.92526868,0,-339.61540606976388,960.00167295077688,0
2502000,361776214.83253962,129928173.93252373,0,-344.18913281190731,958.37136693580749,0
2503800,361152563.90097243,131651758.77197394,0,-348.75503374980707,956.7192704980871,0
2505600,360520701.46881515,133372350.25459169,0,-353.31300506889386,955.04542120121641,0
2507400,359880641.9026798,135089909.25940812,0,-357.86294313489071,953.34985710339038,0
2509200,359232399.75555605,136804396.73440453,0,-362.40474449617477,951.63261675653132,0
2511000,358575989.76648021,138515773.69739914,0,-366.93830588612627,949.89373920541277,0
2512800,357911426.86020017,140224001.23693359,0,-371.46352422547682,948.13326398677179,0
2514600,357238726.14683646,141929040.51315781,0,-375.98029662465353,946.35123112841063,0
2516400,356557902.921538,143630852.75871295,0,-380.48852038611813,944.54768114828562,0
2518200,355868972.66413492,145329399.27961305,0,-384.98809300670234,942.72265505358655,0
2520000,355171951.03878611,147024641.4561249,0,-389.47891217993885,940.87619433980387,0
2521800,354466853.89362395,148716540.74364513,0,-393.96087579838462,939.00834098978635,0
2523600,353753697.26039261,150405058.67357817,0,-398.43388195594702,937.11913747278436,0
2525400,353032497.35408461,152090156.85420999,0,-402.89782895019783,935.20862674348655,0
2527200,352303270.57257193,153771796.97158107,0,-407.35261528468646,933.27685224104164,0
2529000,351566033.49623275,155449940.79035771,0,-411.79813967124755,931.3238578880713,0
2530800,350820802.88757503,157124550.15470117,0,-416.23430103230402,929.34968808967187,0
2532600,350067595.69085491,158795586.9891355,0,-420.66099850316516,927.35438773240344,0
2534400,349306429.03169173,160463013.29941335,0,-425.07813143432094,925.33800218327099,0
2536200,348537320.21667874,162126791.17337868,0,-429.48559939372723,923.3005772886919,0
2538000,347760286.73298919,163786882.78183061,0,-433.88330216909401,921.24215937345355,0
2539800,346975346.2479791,165443250.37938237,0,-438.27113977016086,919.16279523965989,0
2541600,346182516.60878533,167095856.3053197,0,-442.64901243097103,917.06253216566813,0
2543400,345381815.84192002,168744662.98445722,0,-447.01682061214001,914.94141790501249,0
2545200,344573262.1528604,170389632.92799279,0,-451.37446500311864,912.79950068531991,0
2547000,343756873.92563528,172030728.7343598,0,-455.72184652445111,910.63682920721226,0
2548800,342932669.72240645,173667913.09007803,0,-460.05886633002859,908.45345264319951,0
2550600,342100668.28304756,175301148.77060059,0,-464.38542580933347,906.24942063656238,0
2552400,341260888.52471703,176930398.6411624,0,-468.70142658968615,904.02478330022234,0
2554200,340413349.54142851,178555625.65762299,0,-473.00677053847875,901.77959121560286,0
2556000,339558070.60361654,180176792.86730945,0,-477.30135976540703,899.51389543147934,0
2557800,338695071.15769863,181793863.40985623,0,-481.58509662469601,897.22774746281857,0
2559600,337824370.82563269,183406800.51804352,0,-485.85788371732019,894.92119928960665,0
2561400,336945989.40447134,185015567.51863304,0,-490.11962389321843,892.59430335566844,0
2563200,336059946.86591142,186620127.83320236,0,-494.37022025350302,890.24711256747355,0
2565000,335166263.35584038,188220444.97897518,0,-498.60957615266028,887.87968029293552,0
2566800,334264959.19387764,189816482.56965277,0,-502.83759520075228,885.49206036019621,0
2568600,333356054.87291288,191408204.31624001,0,-507.05418126560568,883.08430705640296,0
2570400,332439571.05864006,192995574.02787089,0,-511.25923847499786,880.65647512647411,0
2572200,331515528.58908755,194578555.61263135,0,-515.45267121883728,878.20861977185473,0
2574000,330583948.4741444,196157113.07837966,0,-519.6343841513368,875.74079664926069,0
2575800,329644851.89508253,197731210.53356519,0,-523.80428219318185,873.25306186941384,0
2577600,328698260.20407504,199300812.18804446,0,-527.96227053369319,870.74547199576546,0
2579400,327744194.9237113,200865882.35389382,0,-532.10825463297897,868.21808404321189,0
2581200,326782677.74650675,202426385.44622266,0,-536.24214022408944,865.67095547679594,0
2583000,325813730.53441018,203982285.98398128,0,-540.36383331515708,863.10414421040173,0
2584800,324837375.31830662,205533548.59076798,0,-544.47324019153439,860.51770860543752,0
2586600,323853634.29751635,207080137.9956333,0,-548.57026741792436,857.91170746950866,0
2588400,322862529.83929008,208622019.03388214,0,-552.65482184050552,855.28620005508094,0
2590200,321864084.47830069,210159156.64787316,0,-556.72681058904982,852.64124605813277,0
2592000,320858320.9161303,211691515.88781619,0,-560.78614107903422,849.97690561679758,0
