0,6999999.9999999991,0,0,0,7546.053290107543,0
300,6637117.7702602902,2224560.1146507757,0,-2398.0927388860705,7154.8634838719863,0
600,5586094.9418014083,4218476.4194174092,0,-4547.5496948551163,6021.8528734905185,0
900,3955902.2310514953,5775018.40156045,0,-6225.513801360973,4264.4927208528443,0
1200,1915559.0568055084,6732802.7967474591,0,-7258.0126708630578,2064.9872461432169,0
1500,-323390.50079238549,6992525.9087111913,0,-7537.9961627988987,-348.61742178484201,-0
1800,-2528810.7252462273,6527259.4797418369,0,-7036.4354103559299,-2726.0772133290743,-0
2100,-4472042.2426809147,5385242.6296015196,0,-5805.3325518759866,-4820.895582697457,-0
2400,-5951609.5713972533,3684880.392855735,0,-3972.3291160231101,-6415.8804268111071,-0
2700,-6814110.2281682128,1602467.4094574854,0,-1727.4720667752513,-7345.6627009177373,-0
3000,-6970119.5954277888,-646090.41583480593,-0,696.49038687388338,-7513.8419865029828,0
3300,-6403462.5225898577,-2827661.1752094999,-0,3048.2402734998554,-6902.9813480956427,0
3600,-5172890.3759656204,-4716058.2225246429,-0,5083.9466666315402,-5576.4152058458549,0
3900,-3405989.6596758189,-6115491.3488763459,-0,6592.5462305446481,-3671.6827824955662,0
4200,-1285953.7656221364,-6880866.4361897241,-0,7417.626401371429,-1386.2679491427273,0
4500,967410.63409186515,-6932828.9078157702,0,7473.6423413679777,1042.8760283248505,0
4800,3120473.2829563916,-6265991.2615926443,0,6754.786282189466,3363.8939547922532,0
5100,4950003.2738888022,-4949491.649502011,0,5335.5896780120629,5336.141212995959,0
5400,6266313.7718933187,-3119825.5900258478,0,3363.1957368823209,6755.1339507488274,0
5700,6932928.8659568932,-966694.02583323116,0,1042.1035191665937,7473.7500970050824,0
6000,6880733.4784475444,1286664.9908080765,0,-1387.034655307639,7417.4830719131742,0
6300,6115139.260394278,3406621.7615086823,0,-3672.3641930835051,6592.1666764805796,0
6600,4715523.5080608083,5173377.8177246908,0,-5576.9406717729662,5083.3702403688194,0
6900,2826999.2743001608,6403754.7660030192,0,-6903.2963887198448,3047.5267392806245,0
7200,645369.95478791825,6970186.340511784,0,-7513.9139382116527,695.71372438056244,0
7500,-1603171.7327815914,6813944.5547502143,0,-7345.4841037118858,-1728.2313326805604,-0
7800,-3685495.5537661193,5951228.656602785,0,-6415.4697977628148,-3972.9922641676453,-0
8100,-5385704.8478231039,4471485.5799985258,0,-4820.2954960880397,-5805.8308266376625,-0
8400,-6527520.8321949318,2528136.0298174671,0,-2725.3498865205001,-7036.7171502900073,-0
8700,-6992559.2982069599,322667.72546913399,0,-347.83826448398196,-7538.0321569295256,-0
9000,-6732604.7614417095,-1916254.9742172791,-0,2065.7374504110326,-7257.7991872958391,0
9300,-5774609.473879843,-3956499.1373911845,-0,4265.1361904311962,-6225.072974208163,0
9600,-4217898.9972443879,-5586530.9494394474,-0,6022.3228930435889,-4546.9272293567565,0
9900,-2223874.0654840963,-6637347.6736470023,-0,7155.1113214730822,-2397.3531726615838,0
10200,723.54614567538908,-6999999.9626057856,0,7546.0532497962904,0.7799882533043041,0
10500,2225246.1400501146,-6636887.795962207,0,7154.6155698278844,2398.8322794891837,0
10800,4219053.7965199631,-5585658.8744811909,0,6021.3827895995946,4548.1721117671714,0
11100,5775427.2675403981,-3955305.2824467099,0,4263.8492057123894,6225.9545620000072,0
11400,6733000.7601195257,-1914863.1189277961,0,2064.2370198129543,7258.2260768852202,0
11700,6992492.4445068436,324113.27266050375,0,-349.39657536104517,7537.9600881318584,0
12000,6526998.0575510999,2529485.39365701,0,-2726.8045110120634,7036.1535952441473,0
12300,5384780.3538436722,4472598.8575837221,0,-4821.4956178001239,5804.834215089787,0
12600,3684265.1925758529,5951990.4226043597,0,-6416.2909873117414,3971.6659254379601,0
12900,1601763.069012512,6814275.8287838362,0,-7345.8412196420768,1726.7127824135184,0
13200,-646810.86997882347,6970052.7758746035,0,-7513.7699545159621,-697.26704192585862,-0
13500,-2828323.0459079319,6403170.2107617063,0,-6902.6662337195648,-3048.9537751515022,-0
13800,-4716592.8866018187,5172402.8789390689,0,-5575.8896803399784,-5084.5230385770647,-0
14100,-6115843.3720201282,3405357.5214531445,0,-3671.001332679135,-6592.9257141735516,-0
14400,-6880999.3204162987,1285242.5266969902,0,-1385.5012281668496,-7417.769651579305,-0
14700,-6932728.8756038733,-968127.23201462138,-0,1043.6485263409479,-7473.5345058820185,0
15000,-6265668.684345738,-3121120.9425475937,-0,3364.5921367621149,-6754.4385414615599,0
15300,-4948979.972234549,-4950514.8453894518,-0,5336.6926909681824,-5335.0380860224041,0
15600,-3119177.86376291,-6266636.2152443063,-0,6755.4815471359061,-3362.4974830398146,0
15900,-965977.40724638419,-6933028.7500261804,-0,7473.8577727921729,-1041.3309988744452,0
16200,1287376.202247214,-6880600.4471911872,0,7417.3396632060649,1387.801346653393,0
16500,3407253.8269449868,-6114787.1065776898,0,6591.7870519853905,3673.0455644356775,0
16800,5173865.2042110786,-4714988.7432160275,0,5082.7937597950449,5577.4660781157063,0
17100,6404046.9409980653,-2826337.3431869941,0,3046.8131725014314,6903.6113555888005,0
17400,6970253.0111258784,-644649.48684585223,0,694.93705445418288,7513.9858096412072,0
17700,6813778.8085316084,1603876.038977318,0,-1728.9905801213486,7345.3054280264287,0
18000,5950847.6782250097,3686110.6753004594,0,-3973.6553698645084,6415.0591001712401,0
18300,4470928.8695425196,5386167.0085034724,0,-5806.3290393694733,4819.6953579783049,0
18600,2527461.307377947,6527782.1149075879,0,-7036.9988150433646,2724.6225305941252,0
18900,321944.94669849594,6992592.6129937898,0,-7538.0680705233508,347.05910346681344,0
19200,-1916950.8711556597,6732406.6542043937,0,-7257.5856261858498,-2066.4876326083813,-0
19500,-3957096.0014593801,5774200.48450296,0,-6224.6320805462983,-4265.7796144405611,-0
19800,-5586966.8973906431,4217321.5300070727,0,-4546.3047152787458,-6022.7928482537945,-0
20100,-6637577.5061198752,2223187.9925574195,0,-2396.6135808236404,-7155.3590826285235,-0
20400,-6999999.8504231377,-1447.0922836234756,-0,1.5599764982751652,-7546.0531288625407,0
20700,-6636657.7507552067,-2225932.1416747798,-0,2399.5717944630123,-7154.3675793434304,0
21000,-5585222.7474834472,-4219631.1285458924,-0,4548.7944800862724,-6020.9126413758459,0
21300,-3954708.2915832056,-5775836.0718153249,-0,6226.3952561205451,-4263.2056450167138,0
21600,-1914167.1605915646,-6733198.6515558017,-0,7258.4394053600427,-2063.4867714282532,0
21900,324836.0410657663,-6992458.9055942791,0,7537.9239329287811,350.1757252042637,0
22200,2530160.0350426161,-6526736.5656255167,0,7035.871704957658,2727.5317795617084,0
22500,4473155.4247009968,-5384318.0205545109,0,5804.3358162843833,4822.0956013896239,0
22800,5952371.2102200314,-3683649.9529330567,0,3971.0026924192825,6416.7014792603277,0
23100,6814441.3565953122,-1601058.7114542159,0,1725.9534796034891,7346.0196598829953,0
23400,6969985.8818529416,647531.31721227395,0,-698.04368952819277,7513.6978422513603,0
23700,6402877.8305216907,2828984.8863883745,0,-3049.6672442279282,6902.351045594979,0
24000,5171915.3266502405,4717127.5002866248,0,-5085.0993561992336,5575.3640952609539,0
24300,3404725.3468474299,6116195.3298218539,0,-6593.3051273632236,3670.3198436415141,0
24600,1284531.2740402273,6881132.1311258525,0,-7417.9128225352761,1384.7344923881856,0
24900,-968843.81959384016,6932628.7693222724,0,-7473.4265905483589,-1044.4210132066346,-0
25200,-3121768.5687925741,6265346.0401560254,0,-6754.0907285688018,-3365.2902827844996,-0
25500,-4951026.3639984895,4948468.242091882,0,-5334.4864370328723,-5337.2441119228506,-0
25800,-6266958.5916421777,3118530.1041744533,0,-3361.799193272147,-6755.8290713470215,-0
26100,-6933128.5600225581,965260.77833897853,0,-1040.5584674566585,-7473.965368728107,-0
26400,-6880467.3424220709,-1288087.3999319298,-0,1388.5680231717715,-7417.1961752516463,0
26700,-6114434.8874303391,-3407885.85597798,-0,3673.7268965447961,-6591.4073570631454,0
27000,-4714453.9279960273,-5174352.5354195628,-0,5577.9914248684372,-5082.2172249164032,0
27300,-2825675.3818770689,-6404339.0475718807,-0,6903.9262486991383,-3046.0995731699031,0
27600,-643929.01201632957,-6970319.6072693607,-0,7514.0576007908639,-694.16037710307285,0
27900,1604580.3280371213,-6813612.9895141758,0,7345.1266738632721,1729.7498090894812,0
28200,3686725.7574521429,-5950466.6362680281,0,6414.6483340407849,3974.3184331065672,0
28500,5386629.1116376994,-4470372.1113188388,0,4819.0951683746443,5806.8271900661066,0
28800,6528043.3278770093,-2526786.55793489,0,2723.8951455577262,7037.2804046129868,0
29100,6992625.8530713283,-321222.16448818147,0,346.27993874164389,7538.1039035799949,0
29400,6732208.4750376297,1917646.7476132039,0,-2067.2377927272341,7257.3719875353709,0
29700,5773791.4334341455,3957692.8232497359,0,-4266.4229928740951,6224.1911203800701,0
30000,4216744.0177116627,5587402.7856503157,0,-6023.262739116085,4545.6821526277708,0
30300,2222501.895878064,6637807.2676764596,0,-7155.6067673356692,2395.873963380132,0
30600,-2170.6384060983037,6999999.663452059,0,-7546.0529273062957,-2.3399647265657375,-0
30900,-2226618.1195174712,6636427.6346417367,0,-7154.1195124212663,-2400.3112837996955,-0
31200,-4220208.415488991,5584786.5608128607,0,-6020.4424288243199,-4549.4167998057446,-0
31500,-5776244.814380859,3954111.2584673525,0,-4262.5620387726876,-6226.8358837178966,-0
31800,-6733396.471054161,1913471.1818042626,0,-2062.736500997144,-7258.6526562852468,-0
32100,-6992425.2919738488,-325558.80600048864,-0,350.95487130620972,-7537.88769719006,0
32400,-6526475.00396787,-2530834.6493958523,-0,2728.259018970246,-7035.5897394994781,0
32700,-5383855.6297389613,-4473711.9440268083,-0,4822.6955334595541,-5803.8373554650962,0
33000,-3683034.673933926,-5952751.9342402006,-0,6417.1119026524666,-3970.3394169741764,0
33300,-1600354.3367900848,-6814606.8116008863,-0,7346.1980216385873,-1725.1941583532398,0
33600,648251.75752747199,-6969918.9133635238,0,7513.6256497099403,698.82032967259818,0
33900,2829646.6966437669,-6402585.381872938,0,6902.035783725245,3050.3806807215205,0
34200,4717662.063573339,-5171427.7191043627,0,5574.8384506144002,5085.6756194918771,0
34500,6116547.2222777819,-3404093.1358654019,0,3669.6383153899442,6593.6844701096315,0
34800,6881264.8683169652,-1283820.0076594439,0,1383.967741814919,7418.0559142378124,0
35100,6932528.5889720358,969560.39682186884,0,-1045.1934889136621,7473.3185953681486,0
35400,6265023.3290269794,3122416.1616843618,0,-3365.9883928518907,6753.7428435149368,0
35700,4947956.4590794565,4951537.8297104724,0,-5337.7954758540927,5333.9347310493431,0
36000,3117882.3112674272,6267280.9010834759,0,-6756.1765233784436,3361.1008675868125,0
36300,964544.13911866653,6933228.2959449599,0,-7474.0728848117351,1039.7859249214814,0
36600,-1288798.5838546399,6880334.1641416159,0,-7417.0526080514483,-1389.3346848546048,-0
36900,-3408517.848600931,6114082.6029559756,0,-6591.027591717886,-3674.4081894036167,-0
37200,-5174839.8113449598,4713919.0624064915,0,-5081.6406357390188,-5578.5167120255846,-0
37500,-6404631.0857213419,2825013.3903774512,0,-3045.3859412936586,-6904.241068047505,-0
37800,-6970386.1289415173,643208.53030702658,0,-693.38369233551009,-7514.1293116598672,-0
38100,-6813447.0976996738,-1605284.5999535171,-0,1730.5090195768855,-7344.9478412243252,0
38400,-5950085.5307358773,-3687340.8002146455,-0,3974.9814538867831,-6414.2374993758167,0
38700,-4469815.3053334234,-5387091.1572208535,-0,5807.3252787222336,-4818.494927283471,0
39000,-2526111.7814954882,-6528304.4711004188,-0,7037.561918995867,-2723.1677314190624,0
39300,-320499.37884588452,-6992659.0184392249,-0,7538.1396560990661,-345.5007703167712,0
39600,1918342.6035825156,-6732010.2239435343,0,7257.1582713466705,2067.987930759617,0
39900,3958289.6027558143,-5773382.3206778206,0,6223.750093714224,4267.0663257248571,0
40200,5587838.6142138606,-4216166.4603642635,0,4545.0595414104018,6023.732565625498,0
40500,6638036.958314307,-2221815.7754533412,0,2395.1343203389315,7155.854375591879,0
40800,6999999.4016925488,2894.184505403658,0,-3.1199529298827908,7546.0526451275564,0
41100,6636197.4476242764,2227304.0735707874,0,-2401.0507474912524,7153.8713690640652,0
41400,5584350.314474036,4220785.6573431604,0,-4550.0390709190096,6019.9721519499863,0
41700,3953514.1831055079,5776653.495232651,0,-6227.2764447873651,4261.9183869871649,0
42000,1912775.1825732915,6733594.2186125033,0,-7258.8658296585691,2061.9862085276072,0
42300,-326281.56745687075,6992391.6036459161,0,-7537.851380916085,-351.73401365847906,-0
42600,-2531509.2367094471,6526213.3725809781,0,-7035.3076988726434,-2728.986229229849,-0
42900,-4474268.415555222,5383393.1814019484,0,-5803.3388326372351,-4823.2954140035308,-0
43200,-5953132.5946608111,3682419.3555850019,0,-3969.6760991096971,-6417.5222574838044,-0
43500,-6814772.1937987674,1599649.9450277151,0,-1724.4348186709612,-7346.3763049069348,-0
43800,-6969851.8704070644,-648972.1909166621,-0,699.59696235071056,-7513.5533768924852,0
44100,-6402292.8648185553,-2830308.4766670661,-0,3051.0940846246808,-6901.7204481137233,0
44400,-5170940.0563066136,-4718196.5764562832,-0,5086.2518284488642,-5574.3127464059098,0
44700,-3403460.8885138747,-6116899.0493841227,-0,6594.0637424086763,-3668.956747931778,0
45000,-1283108.7275622969,-6881397.5319882147,-0,7418.1989266853652,-1383.2009764553084,0
45300,970276.96369107871,-6932428.3345542373,0,7473.2105203425326,1045.9659534538043,0
45600,3123063.7212160835,-6264700.55096203,0,6753.3948863036485,3366.6864669568772,0
45900,4952049.2425198816,-4947444.623202797,0,5333.3829680777599,5338.3467827559607,0
46200,6267603.1435647327,-3117234.485048803,0,3360.4025059913147,6756.5239032264335,0
46500,6933327.957792324,-963827.48959308444,0,1039.0133712771408,7474.1803210419121,0
46800,6880200.9123512385,1289509.7540077681,0,-1390.1013316937263,7416.9089616069987,0
47100,6113730.253158398,3409149.8048070208,0,-3675.0894430047852,6590.6477559537079,0
47400,4713384.1464531878,5175327.031982014,0,-5579.0419395814797,5081.0639922691162,0
47700,2824351.3686951925,6404923.0554433372,0,-6904.5558136305463,3044.6722768803006,0
48000,642488.04172561911,6970452.5761416387,0,-7514.2009422474539,692.60700015976715,0
48300,-1605988.8547189045,6813281.1330898926,0,-7344.7689301115142,-1731.2682115753739,-0
48600,-3687955.8035813281,5949704.3616326712,0,-6413.8265961807683,-3975.6444321980084,-0
48900,-5387553.1452480061,4469258.4515922051,0,-4817.8946347111814,-5807.8233053325603,-0
49200,-6528565.5445750272,2525436.9780669268,0,-2722.4402881858814,-7037.8433581890122,-0
49500,-6992692.1090971194,319776.58977934951,0,-344.72159820054691,-7538.1753280801895,-0
49800,-6731811.9009242374,-1919038.4390560922,-0,2068.7380466974364,-7256.9444776220589,0
50100,-5772973.1462382926,-3958886.3399713282,-0,4267.7096129860602,-6223.3090005534177,0
50400,-4215588.8579710796,-5588274.3830765961,-0,6024.2023277769731,-4544.4368816333345,0
50700,-2221129.6312906011,-6638266.5780309625,-0,7156.1019073944935,-2394.394651707968,0
51000,3617.7305737376273,-6999999.065144618,0,7546.05228232632,3.8999410998124557,0
51300,2227990.003827496,-6635967.1897052629,0,7153.62314927444,2401.790185529886,0
51600,4221362.8541021924,-5583914.0084716743,0,6019.5018107578935,4550.6612934193754,0
51900,5777062.1143663172,-3952917.0655040783,0,4261.2746896670415,6227.7169393242275,0
52200,6733791.894228694,-1912079.1629061636,0,2061.2358940277322,7259.0789254777064,0
52500,6992357.8406108366,327004.3254272872,0,-352.5131522528539,7537.81498410724,0
52800,6525951.6714675995,2532183.7969762851,0,-2729.7134103328426,7035.0255830801298,0
53100,5382930.6755484287,4474824.8392802756,0,-4823.8952430151239,5802.8402478061498,0
53400,3681803.9978929241,5953513.1914777588,0,-6417.932543749911,3969.0127388330015,0
53700,1598945.5361745374,6814937.5031872112,0,-7346.5545096861588,1723.6754605646636,0
54000,-649692.6173722425,6969784.7529842723,0,-7513.4810237997599,-700.37358755433968,-0
54300,-2830970.2264511739,6402000.2793616792,0,-6901.4050387637972,-3051.8074559297656,-0
54600,-4718731.038929686,5170452.3382622534,0,-5573.7869826411543,-5086.8279830639867,-0
54900,-6117250.8111371584,3402828.604799516,0,-3668.2751412742036,-6594.4429442563642,-0
55200,-6881530.1221381957,1282397.4337562851,0,-1382.4341963174395,-7418.3418598764356,-0
55500,-6932328.0060699452,-970993.52019379288,-0,1046.7384068187814,-7473.102365472675,0
55800,-6264377.7059646538,-3123711.2473807591,-0,3367.3845050919276,-6753.0468569386967,0
56100,-4946932.7344672978,-4952560.6024213312,-0,5338.8980326226356,-5332.8311481239462,0
56400,-3116586.6255254075,-6267925.3190825582,-0,6756.8712108873251,-3359.7041084930206,0
56700,-963110.82976990938,-6933427.5455635898,-0,7474.2876774174802,-1038.2408065319166,0
57000,1290220.9103836452,-6880067.5870523844,0,7416.7652359198401,1390.8679636808663,0
57300,3409781.7245895863,-6113377.8380413288,0,6590.2678497746119,3675.7706573411178,0
57600,5175814.1973255863,-4712849.1801417647,0,5080.4872945127681,5579.5671075305818,0
57900,6405214.9567347365,-2823689.3168373927,0,3043.9585799374745,6904.870485444887,0
58200,6970518.9488690076,-641767.54627988243,0,691.83030058422139,7514.2724925528501,0
58500,6813115.0956865819,1606693.0923258532,0,-1732.0273850769374,7344.5899405267292,0
58800,5949323.1289624283,3688570.7675457029,0,-3976.3073680332491,6413.4156244599781,0
59100,4468701.5501011508,5388015.0757142073,0,-5808.321269891745,4817.2942906642102,0
59400,2524762.1476564403,6528826.5482980367,0,-7038.1247221894073,2721.7128158659821,0
59700,319053.79729630158,6992725.1250446588,0,-7538.2109195229841,343.94242240129608,0
60000,-1919734.2540265429,6731613.5059818448,0,-7256.7306063638061,-2069.4881405327324,-0
60300,-3959483.034889814,5772563.9101199899,0,-6222.8678409024251,-4268.3528546507496,-0
60600,-5588710.092233832,4215011.210538324,0,-4543.8141733032662,-6024.6720255654718,-0
60900,-6638496.1268239506,2220443.4633972193,0,-2393.6549574951941,-7156.3493627408589,-0
61200,-6999998.6538082631,-4341.2766034723873,-0,4.6799292281285254,-7546.0518389025956,0
61500,-6635736.8608871652,-2228675.9102802253,-0,2402.5295979076432,-7153.3748530550638,0
61800,-5583477.6428104276,-4221940.0057599284,-0,4551.2834673001917,-6019.0314052530712,0
62100,-3952319.9056694373,-5777470.6717775008,-0,6228.1573673237717,-4260.6309468191948,0
62400,-1911383.1228102634,-6733989.4979006406,-0,7259.2919437403907,-2060.4855575054858,0
62700,327727.07990391937,-6992324.0028689802,0,7537.7785067639115,353.29228708090272,0
63000,2532858.3301890674,-6525689.9006305737,0,7034.7433921249831,2730.4405622713598,0
63300,4475381.2151959827,-5382468.1121833809,0,5802.3416009771881,4824.4950204878778,0
63600,5953893.7246870277,-3681188.600864186,0,3968.3493361510805,6418.3427614464581,0
63900,6815102.7397644399,-1598241.1102381307,0,1722.9160840425106,7346.7326359743411,0
64200,6969717.5610958673,650413.03688646387,0,-701.150205275134,7513.408590432542,0
64500,6401707.6255054343,2831631.9459890192,0,-3052.5207946291503,6901.0895556788337,0
64800,5169964.5649763923,4719265.4509879462,0,-5087.4040833312038,5573.2611593256452,0
65100,3402196.2847291683,6117602.5075330827,0,-6594.8220756485925,3667.5934954246009,0
65400,1281686.1262491087,6881662.6387654729,0,-7418.4847138094747,1381.6674014096125,0
65700,-971710.06632230314,6932227.6035202369,0,-7472.9941307597401,-1047.5108490002885,-0
66000,-3124358.7401715545,6264054.7940382557,0,-6752.6987554237539,-3368.0825072496855,-0
66300,-4953071.9094093163,4946420.792878462,0,-5332.2792711938346,-5339.4492254481984,-0
66600,-6268247.4276334802,3115938.7327042054,0,-3359.0056750994395,-6757.2184463573894,-0
66900,-6933527.0592576852,962394.15965679614,0,-1037.4682306940633,-7474.3949539372989,-0
67200,-6879934.1882464429,-1290932.0529748236,-0,1391.6345808079921,-7416.6214309914849,0
67500,-6113025.3576085772,-3410413.6079417937,-0,3676.451832405241,-6589.8878731847153,0
67800,-4712314.1634780047,-5176301.3073704112,-0,5580.0922158672047,-5079.9105424762201,0
68100,-2823027.2348111672,-6405506.7895924086,-0,6905.1850834871384,-3043.2448504728554,0
68400,-641047.04397741205,-6970585.2471229304,-0,7514.3439625752944,-691.05359361706451,0
68700,1607397.3127667934,-6812948.9854915328,0,7344.4108724718853,1732.7865400734131,0
69000,3689185.6921011596,-5948941.8327292539,0,6413.0045842178515,3976.970261385376,0
69300,5388476.948614521,-4468144.600866219,0,4816.6938951489674,5808.8191723944665,0
69600,6529087.482266658,-2524087.2902712426,0,2720.9853144671338,7038.4060109940419,0
69900,6992758.0662814844,-318331.00140456564,0,343.16324292745009,7538.2464304270652,0
70200,6731415.0391184622,1920430.0484864796,0,-2070.23821225754,7256.5166575741814,0
70500,5772154.6123272274,3960079.687504977,0,-4268.9960507121377,6222.4266147659018,0
70800,4214433.5180720855,5589145.7416809732,0,-6025.1416589860355,4543.1914164267673,0
71100,2219757.2717804341,6638725.6046908507,0,-7156.5967416283647,2392.9152377084138,0
71400,-5064.8225868246791,6999998.1676834878,0,-7546.0513148563896,-5.4599173064439457,-0
71700,-2229361.7929216428,6635506.4611724429,0,-7153.1264804085913,-2403.2689846166281,-0
72000,-4222517.1123101953,5583041.217494959,0,-6018.560935440546,-4551.9055925548173,-0
72300,-5777879.1674617724,3951722.7036080463,0,-4259.9871584505918,-6228.5977287812429,-0
72600,-6734187.0296262391,1910687.0622929777,0,-2059.7351989688323,-7259.5048844443681,-0
72900,-6992290.0904206987,-328449.8308791481,-0,354.07141813440847,-7537.7419488864907,0
73200,-6525428.060072653,-2533532.8363406858,-0,2731.1676850377303,-7034.4611260101838,0
73500,-5382005.4913116787,-4475937.5432964843,-0,4825.0947464154679,-5801.8428921556169,0
73800,-3680573.1645054012,-5954274.1942845332,-0,6418.7529105690292,-3967.6858910710694,0
74100,-1597536.6672260168,-6815267.9035286959,-0,7346.9106837695745,-1722.1566891126154,0
74400,651133.4494516321,-6969650.294742574,0,7513.3360767915956,701.92681550479597,0
74700,2832293.6352734417,-6401414.9032529965,0,6900.7739988622443,3053.2341007151163,0
75000,4719799.8126251716,-5169476.7364544161,0,5572.735276465176,5087.9801292441634,0
75300,6117954.1385681862,-3401563.9283095063,0,3666.9118103901542,6595.2011365813614,0
75600,6881795.0818686485,-1280974.8050482732,0,1380.9005917399124,7418.6274884829763,0
75900,6932127.1269061733,972426.60206904903,0,-1048.2832799901776,7472.8858162048691,0
76200,6263731.8151863068,3125006.1995815057,0,-3368.7804734226402,6752.350581762561,0
76500,4945908.7984417584,4953583.1634783726,0,-5340.0003612267556,5331.7273372933259,0
76800,3115290.8065921213,6268569.4692140585,0,-6757.5656096329167,3358.3072058180378,0
77100,961677.47926150227,6933626.4988735337,0,-7474.5021506002058,1036.6956437719423,0
77400,-1291643.1817734574,6879800.7159348857,0,-7416.4775468235202,-1392.4011830666511,-0
77700,-3411045.4548569745,6112672.8118638583,0,-6589.5078261880235,-3677.1329681899761,-0
78000,-5176788.3621113449,4711779.0964675518,0,-5079.333736165554,-5580.6172645858169,-0
78300,-6405798.554013269,2822365.1226234967,0,-3042.5310884939709,-6905.4996077539899,-0
78600,-6970651.4709026897,640326.53482595249,0,-690.27687926664805,-7514.4153523140258,-0
78900,-6812782.8025065158,-1608101.516034205,-0,1733.5456765566898,-7344.2317259489046,0
79200,-5948560.472937217,-3689800.5772411316,-0,3977.6331122473043,-6412.5934754587897,0
79500,-4467587.603893429,-5388938.7639439553,-0,5809.3170128353322,-4816.0934481719505,0
79800,-2523412.4059186326,-6529348.3464780748,-0,7038.6872245998702,-2720.25778399721,0
80100,-317608.20211166225,-6992790.9328072602,-0,7538.2818607920553,-342.38405978711972,0
80400,1921125.8224284225,-6731216.5003362307,0,7256.3026312554812,2070.9882618637948,0
80700,3960676.2978104027,-5771745.2528644139,0,6221.9853221485828,4269.6392011633079,0
81000,5589581.3314133333,-4213855.7805785844,0,4542.568611010528,6025.6112280336129,0
81300,6638955.011629194,-2219071.0564476298,0,2392.1754923555786,7156.84404405435,0
81600,6999997.6067702984,5788.3685160609866,0,-6.239905326425272,7546.0507101877065,0
81900,6635275.9905635575,2230047.6517444188,0,-2404.0083456489378,7152.8780313376747,0
82200,5582604.7325299932,4223094.1737467479,0,-4552.5276691765184,6018.0904013254149,0
82500,3951125.4593261238,5778287.6014148807,0,-6229.0380236920519,4259.3433245679398,0
82800,1909990.9813617924,6734384.4894033661,0,-7259.7177475873505,2058.9848184258421,0
83100,-329172.57834519842,6992256.1032663556,0,-7537.7053104753713,-354.85054540499357,-0
83400,-2534207.3154238821,6525166.1497966554,0,-7034.1787847387704,-2731.8947786241388,-0
83700,-4476493.823575791,5381542.8129382962,0,-5801.3441213467995,-4825.6944207914521,-0
84000,-5954654.6002662042,3679957.6888231426,0,-3967.0224036000573,-6419.1629911132522,-0
84300,-6815432.9944782062,1596832.2071457196,0,-1721.3972757830909,-7347.0886530699609,-0
84600,-6969582.9539251141,-651853.85505995457,-0,702.70341823492151,-7513.2634828777154,0
84900,-6401122.1126074037,-2832955.2942975587,-0,3053.9473741802367,-6900.4583683173141,0
85200,-5168988.8527013622,-4720334.1238358421,-0,5088.556120796904,-5572.2093340651854,0
85500,-3400931.535547324,-6118305.7042386951,-0,6595.580127050589,-3666.2300861781946,0
85800,-1280263.4701614233,-6881927.4514463069,-0,7418.7701838953981,-1380.1337673165847,0
86100,973143.12742632907,-6932026.5762288393,0,7472.7774218092181,1049.0556997801434,0
86400,3125653.6256036968,-6263408.7694122661,0,6752.0023359588349,3369.4784036033361,0
86700,4954094.36462304,-4945396.751162665,0,5331.1753464283092,5340.5514399524191,0
87000,6268891.4438208072,-3114642.8471961701,0,3357.6087006563675,6757.9127007101479,0
87300,6933725.8644101014,-960960.78859149187,0,1035.9230457735948,7474.6092674050888,0
87600,6879667.1701190928,1292354.2967721904,0,-1393.1677704489148,7416.3335834174341,0
87900,6112320.2008109642,3411677.2653283323,0,-3677.8140646879938,6589.1277087886265,0
88200,4711243.9791161567,5177275.3615431506,0,-5581.1422536807704,5078.7568755869761,0
88500,2821702.980281502,6406090.2499941811,0,-6905.8140582420601,3041.8172940084992,0
88800,639606.01883320441,6970717.6202075751,0,-7514.4866617682801,689.50015754127139,0
89100,-1608805.70212056,6812616.546733303,0,-7344.0525009596995,-1734.3047945186588,-0
89400,-3690415.4229589622,5948179.0495904423,0,-6412.1822981872392,-3978.2959206118667,-0
89700,-5389400.5216976963,4467030.5591885792,0,-4815.4929497394123,-5809.8147912091681,-0
90000,-6529609.1409295648,2522737.4946056334,0,-2719.5302244637833,-7038.9683630039699,-0
90300,-6992823.7246216238,316885.39942541014,0,-341.6048729887367,-7538.3172106175771,-0
90600,-6731017.8896372644,-1921821.5758449424,-0,2071.7382893434824,-7256.0885274099955,0
90900,-5771335.8317359155,-3961272.8657997227,-0,4270.2823059973862,-6221.5439630551882,0
91200,-4213277.9980639853,-5590016.8614262668,-0,6026.0807327031835,-4541.9457570612039,0
91500,-2218384.8174061319,-6639184.3476365376,-0,7157.0912700161662,-2391.4357214445922,0
91800,6511.9143833545295,-6999996.9710687082,0,7546.0500248965473,7.0198932796318267,0
92100,2230733.486741133,-6635045.4490630096,0,7152.6295058449969,2404.7476809965724,0
92400,4223671.190063579,-5582168.1879200777,0,6017.6198029125626,4553.1496971588167,0
92700,5778695.9736324064,-3950528.1728301351,0,4258.6994451781957,6229.4782520514345,0
93000,6734581.8772299113,-1909294.8800241495,0,2058.2344158845303,7259.9305331670585,0
93300,6992222.0414063158,329895.32229434565,0,-355.62966888433346,7537.6685915309445,0
93600,6524904.1698053777,2534881.7674314482,0,-2732.6218430228137,7033.8963683137581,0
93900,5381080.0770681752,4477050.05602796,0,-4826.2940436094195,5800.8452885560664,0
94200,3679342.1738240723,5955034.9426279236,0,-6419.5730030746863,3966.3588737452264,0
94500,1596127.730004865,6815598.0126111852,0,-7347.2665438735758,1720.6378440621577,0
94800,-652574.2537039289,6969515.5386441881,0,-7513.1908086916555,-703.48001345742773,-0
95100,-2833616.9230542057,6400829.2535718251,0,-6900.1426640474638,-3054.6606150167972,-0
95400,-4720868.3846141696,5168500.9137225114,0,-5571.6833321313661,-5089.1320579832009,-0
95700,-6118657.2045408459,3400299.1064493773,0,-3665.5483227960058,-6595.9590470522335,-0
96000,-6882059.7474970249,1279552.1215961566,0,-1379.3669281478224,-7418.9128000452238,-0
96300,-6931925.9514893042,-973859.64238649094,-0,1049.8281083619327,-7472.668947573954,0
96600,-6263085.6567196213,-3126301.0182311269,-0,3370.1762977842191,-6751.6540180163456,0
96900,-4944884.6510467166,-4954605.5128377909,-0,5341.1024616192208,-5330.6232986047617,0
97200,-3113994.854523093,-6269213.3514503827,-0,6758.2597195854669,-3356.9101596217033,0
97500,-960244.0876545168,-6933825.1558663184,-0,7474.716304350778,-1035.150436707381,0
97800,1293065.3979633299,-6879533.5508005163,0,7416.1895407747752,1393.9343429464877,0
98100,3412309.0393491187,-6111967.5244536689,0,6588.747520990577,3678.4951218920191,0
98400,5177762.305660625,-4710708.8114295462,0,5078.1799607466437,5581.6671831464546,0
98700,6406381.8775320267,-2821040.8077922617,0,3041.1034670240615,6906.1284349479847,0
99000,6970783.6950368816,-638885.49600686948,0,688.72342844923219,7514.557890937298,0
99300,6812450.2181736967,1609509.8710182363,0,-1735.0638939511034,7343.873197506211,0
99600,5947797.5626929021,3691030.2292482485,0,-3978.9586864721618,6411.7710524074864,0
99900,4466473.4667576971,5389862.2218707483,0,-5810.3125075105845,4814.892399857853,0
100200,2522062.5563395498,6529869.8656183053,0,-7039.2494262032988,2718.8026358747297,0
100500,316162.59335353476,6992856.4417242259,0,-7538.3524799032548,340.82568254062647,0
100800,-1922517.3087286011,6730819.2070236858,0,-7255.8743460400137,-2072.4882946885914,-0
101100,-3961869.3914665575,5770926.3489461076,0,-6221.1025374904348,-4270.9253652075076,-0
101400,-5590452.3317151126,4212700.1705344627,0,-4541.3228545854518,-6026.5501729897396,-0
101700,-6639413.6127103921,2217698.5546633657,0,-2390.6959249834595,-7157.3384195111457,-0
102000,-6999996.2605787152,-7235.4601811769617,-0,7.7998811579446414,-7546.0492589829237,0
102300,-6634814.8366731945,-2231419.2979046516,-0,2405.4869906518347,-7152.3809039331509,0
102600,-5581731.5836699298,-4224248.1612544497,-0,4553.7716764949782,-6017.1491402070897,0
102900,-3949930.8441264601,-5779104.284109992,-0,6229.9184138546807,-4258.0555202882442,0
103200,-1908598.7582874815,-6734779.1931037735,-0,7260.1432411812175,-2057.4839913529149,0
103500,330618.06271887076,-6992187.9048409481,0,7537.6317920535957,356.40878856410393,0
103800,2535556.1923561804,-6524642.120101626,0,7033.6138767381581,2733.3488782259883,0
104100,4477606.2406469714,-5380617.2837063316,0,5800.3463937888082,4826.8936148628791,0
104400,5955415.2213657321,-3678726.6195146036,0,3965.6953015134804,6419.9829464490613,0
104700,6815762.9579259148,-1595423.23581079,0,1719.8783939577186,7347.4443561785674,0
105000,6969448.048900526,653294.6453757569,0,-704.25660116390986,7513.1180542342026,0
105300,6400536.3261493891,2834278.5215363125,0,-3055.373823217175,6899.8268860560647,0
105600,5168012.9195230752,4721402.594954446,0,-5089.7079407968959,5571.1572706693414,0
105900,3399666.6410224242,6119008.6394708836,0,-6596.3378965822458,3664.8665202508755,0
106200,1278840.7593600757,6882191.9700193899,0,-7419.0553369309282,1378.6000742418196,0
106500,-974576.14694177767,6931825.2526886556,0,-7472.56039350025,-1050.6005057271884,-0
106800,-3126948.3774570515,6262762.4771117372,0,-6751.3056279387229,-3370.8741559580294,-0
107100,-4955116.6081172992,4944372.4980992433,0,-5330.0711938284294,-5341.6534262214345,-0
107400,-6269535.1920992928,3113346.8285798999,0,-3356.2115827216026,-6758.606666255122,-0
107700,-6933924.3732411172,959527.37645823148,0,-1034.3778165815556,-7474.8232614361386,-0
108000,-6879399.8579805763,-1293776.4853392825,-0,1394.7009005511795,-7416.0454188970925,0
108300,-6111614.7827957328,-3412940.7769125886,-0,3679.176139794773,-6588.3672627979422,0
108600,-4710173.5934134293,-5178249.1944585722,-0,5582.1920529772578,-5077.6029916507214,0
108900,-2820378.6051629381,-6406673.4366236581,-0,6906.4427378683604,-3040.3896075483844,0
109200,-638164.96635474137,-6970849.6953899013,-0,7514.6290398202991,-687.9466919989361,0
109500,1610214.0227199059,-6812283.8168294337,0,7343.6938155902981,1735.8229748461222,0
109800,3691644.9961023377,-5947416.0122487294,0,6411.3597381239697,3979.6214098210139,0
110100,5390323.8644581782,-4465916.3266067421,0,4814.2917985336835,5810.8101617342645,0
110400,6530130.5205415115,-2521387.5911275987,0,2718.0750182378201,7039.5304141948518,0
110700,6992889.0841147155,-315439.78390376194,0,340.04648845111342,7538.387668648711,0
111000,6730620.4524976183,1923213.0210719635,0,-2073.2382778911069,7255.6600871478258,0
111300,5770516.8044994194,3962465.8748044511,0,-4271.568378786711,6220.6610454591028,0
111600,4212122.2979962695,5590887.7422751598,0,-6027.0195488881964,4540.6999035900144,0
111900,2217012.2682264759,6639642.8068483705,0,-7157.5854925367148,2389.9561029798851,0
112200,-7959.005901695291,6999995.4753003288,0,-7546.0484124468467,-8.5798689529230501,-0
112500,-2232105.0852275472,6634584.1533966055,0,-7152.132225604827,-2406.2262746067277,-0
112800,-4224825.087313192,5581294.9197842171,0,-6016.6784132140237,-4554.3936071783673,-0
113100,-5779512.5328432685,3949333.4732214771,0,-4257.411549904964,-6230.3585090970992,-0
113400,-6734976.4370228369,1907902.616159224,0,-2056.7335448390122,-7260.3558716275584,-0
113700,-6992153.6935706111,-331340.79961105523,-0,357.18790443598078,-7537.5949120437253,0
114000,-6524380.0006882297,-2536230.590190785,-0,2734.0758842257928,-7033.3313100150326,0
114300,-5380154.4328575749,-4478162.3774270425,-0,4827.493134545588,-5799.8474370502208,0
114600,-3678111.0259013902,-5955795.4364755219,-0,6420.3928212319379,-3965.0316869119979,0
114900,-1594718.7245711139,-6815927.8304206179,-0,7347.6220899830059,-1719.118925477992,0
115200,654015.0300677442,-6969380.4846948562,0,7513.0452195061271,705.03318134607071,0
115500,2834940.0897368114,-6400243.3303432344,0,6899.5110343464858,3056.0869987737492,0
115800,4721936.754850965,-5167524.8701082757,0,5570.6311496847266,5090.2837692318381,0
116100,6119360.009025055,-3399034.1392732263,0,3664.1846785500829,6596.7166756365777,0
116400,6882324.1190119702,-1278129.3834608824,0,1377.8332056068732,7419.1977945509689,0
116700,6931724.4798279433,975292.64108472818,0,-1051.3728918678694,7472.4517595892357,0
117000,6262439.2305921102,3127595.7032744647,0,-3371.5719781172115,6750.9571657297365,0
117300,4943860.2923257863,4955627.6504560346,0,-5342.2043337530931,5329.5190321052924,0
117600,3112698.7693735161,6269856.9657641007,0,-6758.953540715409,3355.5129699635322,0
117900,958810.65501029638,6934023.516533439,0,-7474.9301386600282,1033.6051854043749,0
118200,-1294487.5588924468,6879266.0916607017,0,-7415.901217785924,-1395.4674432548022,-0
118500,-3413572.4780119872,6111261.9758409252,0,-6587.9869342147867,-3679.8571183889849,-0
118800,-5178736.0279317833,4709638.3250735262,0,-5077.0259683053755,-5582.7168631675813,-0
119100,-6406964.9272660725,2819716.3724003308,0,-3039.6757155888004,-6906.756966999963,-0
119400,-6970915.6212659478,637444.42988421826,0,-687.16994819836111,-7514.7001084165613,-0
119700,-6812117.3427022845,-1610918.1572180497,-0,1736.5820371956049,-7343.5143552138834,0
120000,-5947034.3982620472,-3692259.7235145844,-0,3980.2840906512529,-6410.9483553411455,0
120300,-4465359.1387417344,-5390785.4494549958,-0,5811.3077538748148,-4813.6911457734032,0
120600,-2520712.5989770782,-6530391.1056963699,-0,7039.811326975585,-2717.3473715609284,0
120900,-314716.97108391026,-6992921.651792747,-0,7538.4227768535566,-339.26729072862986,0
121200,1923908.7128675031,-6730421.6260612179,0,7255.4457507357401,2073.988238942914,0
121500,3963062.3158071958,-5770107.198400123,0,6220.2194869657778,4272.2113467283016,0
121800,5591323.0931018749,-4211544.3804554259,0,4540.0769040813693,6027.4888603936706,0
122100,6639871.9300479945,-2216325.9581028945,0,2389.2162554418705,7157.8324890901995,0
122400,6999994.6152335573,8682.5515371760011,0,-9.3598566562336067,7546.0474852883244,0
122700,6634353.3992357077,2232790.8487024922,0,-2406.9655328533495,7151.8834708626828,0
123000,5580858.196267602,4225401.9682336403,0,-4555.0154892023338,6016.2076219383998,0
123300,3948736.0601215702,5779920.7198278755,0,-6230.7985377739824,4256.7675340352398,0
123600,1907206.4536468165,6735173.6089849938,0,-7260.5684245038119,2055.9830763508439,0
123900,-332063.53296317405,6992119.4075956708,0,-7537.5579515017262,-357.96701649164021,-0
124200,-2536904.9609283293,6524117.8115678802,0,-7033.0486681472848,-2734.8028610147644,-0
124500,-4478718.466362224,5379691.5245268513,0,-5799.3484183456385,-4828.0926026511488,-0
124800,-5956175.5879531717,3677495.3929910944,0,-3964.3680299479652,-6420.8026274188887,-0
125100,-6816092.6300935019,1594014.1962934588,0,-1718.3594386311966,-7347.7997452849722,-0
125400,-6969312.8460279023,-654735.4077720989,-0,705.80975399550664,-7512.9723045082246,0
125700,-6399950.2661565226,-2835601.6276485482,-0,3056.800141678802,-6899.1951089221475,0
126000,-5167036.765483385,-4722470.8642979506,-0,5090.8595432817901,-5570.104969183215,0
126300,-3398401.601208624,-6119711.3131995611,-0,6597.0953842111239,-3663.5027977010081,0
126600,-1277417.9939059776,-6882456.1944733988,-0,7419.3401729038569,-1377.0663222509663,0
126900,976009.12480759167,-6931623.6329082632,0,7472.3430458420808,1052.1452667756171,0
127200,3128242.9956764509,-6262115.9171642009,0,6750.6086313931009,3372.2697642543094,0
127500,4956138.6398485359,-4943348.0337318256,0,5328.9668134412395,5342.7551842083103,0
127800,6270178.672441368,-3112050.6769108707,0,3354.8143213549533,6759.3003429626197,0
128100,6934122.5857422221,-958093.92331837222,0,1032.8325431840919,7475.0369360213035,0
128400,6879132.2518423209,1295198.6186152233,0,-1396.2339710491638,7415.7569374428094,0
128700,6110909.103593016,3414204.1426405651,0,-3680.5380576673756,6587.6065352451742,0
129000,4709103.0064155543,5179222.806075057,0,-5583.2416137118125,5076.4488907167752,0
129300,2819054.1095117894,6407256.3494560374,0,-6907.0711223393073,3038.9617911532337,0
129600,636723.88660329836,6970981.472664291,0,-7514.7710967252951,686.39319705612741,0
129900,-1611622.2745047538,6811950.795794121,0,-7343.3348163789842,-1737.3410809910263,-0
130200,-3692874.4114785842,5946652.7207368296,0,-6410.5369040632977,-3980.9467289559852,-0
130500,-5391246.9768563909,4464801.903168478,0,-4813.0904415832692,-5811.8052839270676,-0
130800,-6530651.6210801592,2520037.5798950139,0,-2716.6196958516289,-7040.0921645425797,-0
131100,-6992954.144757974,313994.15490150062,0,-338.48808938128633,-7538.4578045174349,-0
131400,-6730222.7277165484,-1924604.3841079823,-0,2074.7381778362037,-7255.2313368059968,0
131700,-5769697.5306526423,-3963658.7144683413,-0,4272.8542690253189,-6219.777862015243,0
132000,-4210966.417918182,-5591758.3841905538,-0,6027.9581075010756,-4539.4538560662631,0
132300,-2215639.6242999486,-6640100.9823068213,-0,7158.079409168955,-2388.4763823773214,0
132600,9406.0970798917933,-6999993.6803784147,0,7546.0464775073588,10.139844259542874,0
132900,2233476.5883221608,-6634122.5741929747,0,7151.6346397093703,2407.7047653838026,0
133200,4225978.8040096313,-5580421.4131247588,0,6015.7367663852356,4555.637322560232,0
133500,5780328.8450594507,-3948138.6048331275,0,4256.1234726859448,6231.2384998806301,0
133800,6735370.7089881394,-1906510.2707577012,0,2055.2325858964241,7260.7808998077044,0
134100,6992085.0469164941,332786.26276750257,0,-358.74612472275788,7537.5209104279957,0
134400,6523855.5527434871,2537579.30456133,0,-2735.5298085848322,7032.7659511380516,0
134700,5379228.5587193603,4479274.5074462704,0,-4828.6920191728232,5798.84933768067,0
135000,3676879.720790125,5956555.6757947244,0,-6421.2123650056446,3963.7043306282903,0
135300,1593309.6509851604,6816257.356942853,0,-7347.9773220826182,1717.5999334252397,0
135600,-655455.77848131885,6969245.1329003694,0,-7512.8993092412538,-706.58631910413476,-0
135900,-2836263.1352646323,6399657.1335923048,0,-6898.8791097863405,-3057.5132519249137,-0
136200,-4723004.9232898373,5166548.6056534871,0,-5569.5787291702854,-5091.4352629407667,-0
136500,-6120062.55199074,3397769.0268351994,0,-3662.8208777107488,-6597.4740223019498,-0
136800,-6882588.1964022378,1276706.5907030576,0,-1376.2994241823976,-7419.4824719880571,-0
137100,-6931522.7119306857,-976725.59810271685,-0,1052.9176304421796,-7472.234252259952,0
137400,-6261792.5368314553,-3128890.2546561002,-0,3372.9675143618674,-6750.260024932546,0
137700,-4942835.7223228281,-4956649.5762893511,-0,5343.3059775811971,-5328.4145378421772,0
138000,-3111402.5511988821,-6270500.3121276628,-0,6759.6470729930425,-3354.1156369033297,0
138300,-957377.1813901132,-6934221.5808664169,-0,7475.1436535188177,-1032.0598899289623,0
138600,1295909.6645000174,-6878998.3385268729,0,7415.6125778692849,1397.0004839260753,0
138900,3414835.7707915739,-6110556.1660557808,0,6587.2260658931627,3681.2189576226697,0
139200,5179709.5288831927,-4708567.6374452403,0,5075.8717588910768,5583.7663046043444,0
139500,6407547.7031903975,-2818391.8165044864,0,3038.2478342494064,6907.3852038829909,0
139800,6971047.2495842185,-636003.33651978255,0,685.61643858063974,7514.842004745733,0
140100,6811784.1761066066,1612326.374572977,0,-1738.1001062247965,7343.1551990873941,0
140400,5946270.979677205,3693489.0599876824,0,-3981.6093247280364,6410.1253842948827,0
140700,4464244.6198929995,5391708.4466573689,0,-5812.3027518856352,4812.489685969781,0
141000,2519362.5338887116,6530912.0666900622,0,-7040.3729268927964,2715.8919911177995,0
141300,313271.33536435792,6992986.5630100453,0,-7538.4927516399657,337.70888441751538,0
141600,-1925300.0347858691,6730023.7574657612,0,-7255.0168453609149,-2075.4880945628652,-0
141900,-3964255.0707815127,5769287.8012613561,0,-6219.3361706122187,-4273.4971456709018,-0
142200,-5592193.6155365389,4210388.4103907105,0,-4538.8307595513515,-6028.4272902054081,-0
142500,-6640329.9636223968,2214953.26682497,0,-2387.7364837941427,-7158.32625277035,-0
142800,-6999992.6707349066,-10129.642522115375,-0,10.919831754517418,-7546.0453891039688,0
143100,-6633891.6782708643,-2234162.3040792313,-0,2408.4439721901886,-7151.3857321475516,0
143400,-5579984.5703603467,-4226555.5946350088,-0,4556.259107245417,-6015.2658465595696,0
143700,-3947541.1073625279,-5780736.9085336393,-0,6231.6783954123339,-4255.4793658639637,0
144000,-1905814.0674993116,-6735567.7370301727,-0,7260.9932975369602,-2054.4820734837717,0
144300,333508.98901612329,-6992050.611533463,0,7537.4837888229304,359.52522912079553,0
144600,2538253.6210824898,-6523593.2242178963,0,7032.4831589903861,2736.2567269281308,0
144900,4479830.5006736238,-5378765.5354397362,0,5798.3501950602949,4829.2913841046175,0
145200,5956935.6999960663,-3676264.0093051502,0,3963.040588960152,6421.6220339877718,0
145500,6816422.0109668877,-1592605.0886538466,0,1716.8404098683386,7348.1548203740231,0
145800,6969177.3453129875,656176.14218760584,0,-707.36287666355088,7512.8262337060032,0
146100,6399363.9326537531,2836924.612577904,0,-3058.2263295043645,6898.5630369424862,0
146400,5166060.3906238619,4723538.9318208462,0,-5092.0109282025351,5569.0524296516369,0
146700,3397136.4161598003,6120413.7253947919,0,-6597.8525899049582,3662.1389185866879,0
147000,1275995.173859725,6882720.1247970788,0,-7419.6246918020515,1375.5325114093616,0
147300,-977442.0609624451,6931421.7168962909,0,-7472.1253788440135,-1053.6899828593059,-0
147600,-3129537.4802064914,6261469.0895973314,0,-6749.9113463517997,-3373.665228432435,-0
147900,-4957160.4597730143,4942323.3581042672,0,-5327.8622053140043,-5343.8567138658773,-0
148200,-6270821.8848195439,3110754.392244475,0,-3353.4169166161273,-6759.9937308029803,-0
148500,-6934320.5019049579,956660.42923317465,0,-1031.2872256472406,-7475.2502911514366,-0
148800,-6878864.3517157789,-1296620.6965392362,-0,1397.766981877347,-7415.4681390669002,0
149100,-6110203.1632329859,-3415467.36245827,-0,3681.8998182475912,-6586.8455261628214,0
149400,-4708032.218168444,-5180196.1963508632,-0,5584.2909358394254,-5075.2945728346103,0
149700,-2817729.4933851277,-6407838.9884662069,-0,6907.6992116278261,-3037.533844884555,0
150000,-635282.77964096959,-6971112.9520250689,-0,7514.9128324771491,-684.83967277977013,0
150300,1613030.4574150052,-6811617.4836415732,0,7342.9755033410747,1738.8591128885973,0
150600,3694103.669035315,-5945889.1750872582,0,6409.7137960402861,3982.2718779603274,0
150900,5392169.8588529984,-4463687.2889212612,0,4811.888878939355,5812.8001577452005,0
151200,6531172.442523296,-2518687.460965388,0,2715.1642573672102,7040.6536140232347,0
151500,6993018.9065486165,-312548.51248020818,0,336.92967584564178,7538.5276182207772,0
151800,6729824.7153109834,1925995.6648937287,0,-2076.237989114883,7254.8022764027874,0
152100,5768878.0102306418,3964851.3847403349,0,-4274.1399766581771,6218.8944127614277,0
152400,4209810.357879187,5592628.7871351801,0,-6028.8964085016523,4538.2076145432948,0
152700,2214266.8856852925,6640558.8739922764,0,-7158.5730198917472,2386.996559700242,0
153000,-10853.187856113227,6999991.5863030422,0,-7546.0442200781654,-11.699819132823814,-0
153300,-2234847.9959663735,6633660.7114718426,0,-7151.136748179887,-2409.183153264612,-0
153600,-4227132.340103603,5579547.6679790337,0,-6014.7948624664305,-4556.8808432512524,-0
153900,-5781144.910246077,3946943.5677161524,0,-4254.8352135761779,-6232.1182243644071,-0
154200,-6735764.6931089284,1905117.843879276,0,-2053.7315391211123,-7261.2056176892584,-0
154500,-6992016.1014469191,-334231.71170171531,-0,360.30432967785748,-7537.4465866869141,0
154800,-6523330.8259937577,-2538927.9104849808,-0,2736.9836160372915,-7032.2002917071586,0
155100,-5378302.4546930473,-4480386.4460381949,-0,4829.8906974399615,-5797.8509904899875,0
155400,-3675648.2585427426,-5957315.6605531443,-0,6422.0316343608865,-3962.3768049506421,0
155700,-1591900.5093070415,-6816586.5921638524,-0,7348.3322401572823,-1716.0808679686081,0
156000,656896.49888326623,-6969109.4832664905,0,7512.7530779032495,708.13942666545825,0
156300,2837586.0595812965,-6399070.663344007,0,6898.2468903939534,3058.939374409535,0
156600,4724072.8898852728,-5165572.1203997349,0,5568.5260706328845,5092.5865390609451,0
156900,6120764.8334079636,-3396503.7691891901,0,3661.456920336107,6598.2310870161027,0
157200,6882851.9796565101,-1275283.7433835845,0,1374.7655839400511,7419.7668323443186,0
157500,6931320.6478061555,978158.51337911922,0,-1054.4623240187432,7472.0164255954269,0
157800,6261145.5754652834,3130184.6723207091,0,-3374.3629064585543,6749.5625956545846,0
158100,4941810.9410816161,4957671.290294067,0,-5344.4073930564618,5327.3098158626262,0
158400,3110106.2000545748,6271143.3905135756,0,-6760.3403163887306,3352.7181605008141,0
158700,955943.66685521638,6934419.34885679,0,-7475.3568489180216,1030.5145503471833,0
159000,-1297331.7147250832,6878730.2914105086,0,-7415.3236210372361,-1398.53346489458,-0
159300,-3416098.9176337277,6109850.0951284971,0,-6586.4649160583213,-3682.580639534684,-0
159600,-5180682.8084731307,4707496.7485905914,0,-5074.7173325532231,-5584.8155074117458,-0
159900,-6408130.2052802667,2817067.1401609709,0,-3036.8198230665034,-6908.0131455703777,-0
160200,-6971178.5799861168,634562.21597475314,0,-684.06289966203065,-7514.983579918774,-0
160500,-6811450.7184007969,-1613734.5230233197,-0,1739.6181009743195,-7342.7957291419534,0
160800,-5945507.3069710629,-3694718.2386149196,-0,3982.9343886457764,-6409.3021393039126,0
161100,-4463129.9102592096,-5392631.2134383572,-0,5813.2975015004449,-4811.2880204984085,0
161400,-2518012.361132252,-6531432.7485770844,-0,7040.9342259308905,-2714.4364946076389,0
161700,-311825.68625677074,-6993051.1753733447,-0,7538.5624042594882,-336.15046367399066,0
162000,1926691.274424131,-6729625.6012543477,0,7254.5876299338997,2076.9878614842455,0
162300,3965447.6563384393,-5768468.1575648831,0,6218.4525884675795,4274.7827619802756,0
162600,5593063.8989818292,-4209232.2603897946,0,4537.5844210487439,6029.3654623847942,0
162900,6640787.7134140134,-2213580.4808882554,0,2386.2566101035213,7158.8197105305098,0
163200,6999990.4270828338,11576.733074151844,0,-12.479806386128613,7546.0429704299613,0
163500,6633429.6737983795,2235533.6639762591,0,-2409.9223085991734,7150.8876878090387,0
163800,5579110.7059854865,4227709.040409253,0,-4557.5025305710906,6014.3238141108577,0
164100,3946345.985900552,5781552.8501922917,0,-6232.557986732023,4254.1910158296514,0
164400,1904421.5999046515,6735961.5772224106,0,-7261.4178602624488,2052.9809828160533,0
164700,-334954.43081635493,6991981.5166572426,0,-7537.4093040203543,-361.08342638540603,-0
165000,-2539602.1727614086,6523068.3580739489,0,-7031.9173492914715,-2737.7104759043532,-0
165300,-4480942.3435340393,5377839.3164842427,0,-5797.3517239750827,-4830.4899591724588,-0
165600,-5957695.5574618913,3675032.468509479,0,-3961.7129786068535,-6422.4411661206232,-0
165900,-6816751.1005319851,1591195.9129522701,0,-1715.3213077341632,-7348.5095814305078,-0
166200,-6969041.5467615956,-657616.84856060729,-0,708.91596910155999,-7512.6798418337794,0
166500,-6398777.325666192,-2838247.4762677485,-0,3059.6523866328075,-6897.9306701441246,0
166800,-5165083.7949863132,-4724606.7974774167,-0,5093.1620955098415,-5567.9996521196554,0
167100,-3395871.085930123,-6121115.8760265112,-0,6598.6095136313343,-3660.7748829662937,0
167400,-1274572.2992822335,-6882983.7609791318,-0,7419.9088936133339,-1373.9986417826597,0
167700,978874.9553450871,-6931219.5046613682,0,7471.9073925153507,1055.2346539122395,0
168000,3130831.8309918391,-6260821.994438773,0,6749.2137728446214,3375.0605484327712,0
168300,4958182.0678470517,-4941298.4712603558,0,5326.7573694939374,5344.9580151470673,0
168600,6271464.8292063223,-3109457.9746361119,0,3352.0193685648514,6760.686829746588,0
168900,6934518.1217208281,-955226.89426409756,0,1029.7418640372571,7475.4633268174057,0
169200,6878596.1576124206,1298042.7190503511,0,-1399.2999329700056,7415.1790237817595,0
169500,6109496.9617458945,3416730.4363115449,0,-3683.2614214770438,6586.0842355835211,0
169800,4706961.2287175525,5181169.3652446605,0,-5585.3400193155512,5074.1400380532477,0
170100,2816404.7568390942,6408421.3536294671,0,-6908.3270057072932,3036.1057688028841,0
170400,633841.64552883466,6971244.13346666,0,-7515.054247069852,683.28611923572169,0
170700,-1614438.5713903944,6811283.8803860592,0,-7342.6158764919519,-1740.3770704738558,-0
171000,-3695332.7687199255,5945125.3753326992,0,-6408.8904140901595,-3983.5968567773116,-0
171300,-5393092.5104085095,4462572.4839128014,0,-4810.6871106533654,-5813.7947831460642,-0
171600,-6531692.9848486409,2517337.2343965136,0,-2713.7087028468595,-7041.2147626127717,-0
171900,-6993083.3694838816,311102.85670176533,0,-335.37124791088706,-7538.5971097557349,-0
172200,-6729426.4152979739,-1927386.8633696488,-0,2077.7377116629405,-7254.3729059565494,0
172500,-5768058.2432684517,-3966043.8855694598,-0,4275.4255016303277,-6218.0106977353989,0
172800,-4208654.1179287042,-5593498.9510718416,-0,6029.8344518498179,-4536.9611790743611,0
173100,-2212894.0524411867,-6641016.4818851678,-0,7159.066324683994,-2385.5166350118875,0
173400,12300.278168503926,-6999989.1930743009,0,7546.0416401593629,13.25979350609839,0
173700,2236219.3081013756,-6633198.5652530119,0,7150.6385510377286,2410.6614381857726,0
174000,4228285.6955456389,-5578673.6843845006,0,6013.8527014980009,4558.1241691981186,0
174300,5781960.7283681491,-3945748.3619217863,0,4253.5467726309043,6232.997682510726,0
174600,6736158.3893684614,-1903725.3355830726,0,2052.2304045768178,7261.6300252542014,0
174900,6991946.857164802,335677.14635231782,0,-361.86251923511685,7537.3719408236502,0
175200,6522805.8204612723,2540276.4079045677,0,-2738.4373065215464,7031.6343317463461,0
175500,5377376.1208182676,4481498.1931552179,0,-4831.0891692957039,5796.8523955209184,0
175800,3674416.639211941,5958075.3907182505,0,-6422.8506292626025,3961.0491099358819,0
176100,1590491.2995970629,6816915.5360695254,0,-7348.686844191805,1714.5617291731207,0
176400,-658337.19121192896,6968973.5357990293,0,-7512.606525498375,-709.69250396356028,-0
176700,-2838908.8626301885,6398483.9196234448,0,-6897.6143761963822,-3060.365366166568,-0
177000,-4725140.6545915687,5164595.4143888168,0,-5567.4731741175756,-5093.7375975430841,-0
177300,-6121466.8532466767,3395238.3663893566,0,-3660.0928064845343,-6598.9878697466156,-0
177600,-6883115.4687635275,1273860.8415632704,0,-1373.2316849453816,-7420.0508756075851,-0
177900,-6931118.287463001,-979591.38685269759,-0,1056.0069725315432,-7471.7982796049564,0
178200,-6260498.3465212528,-3131478.9562129732,-0,3375.7581543476313,-6748.8648779256418,0
178500,-4940785.9486459568,-4958692.7924265182,-0,5345.5085801318082,-5326.2048662138441,0
178800,-3108809.7159961849,-6271786.2008942673,-0,6761.0332708727492,-3351.3205408158983,0
179100,-954510.11146707833,-6934616.8204960776,-0,7475.5697248485003,-1028.9691667252928,0
179400,1298753.70950725,-6878461.9503229922,0,7415.0343473020466,1400.0663860952241,0
179700,3417361.9184848024,-6109143.7630890533,0,6585.7034847425866,3683.9421640672108,0
180000,5181655.866660255,-4706425.6585550532,0,5073.5626893408426,5585.8644715452392,0
180300,6408712.4335106965,-2815742.3434265791,0,3035.3916821013213,6908.6407920352167,0
180600,6971309.6124659991,-633121.06831091619,0,682.50933150914136,7515.124833929628,0
180900,6811116.9695991427,1615142.6025087051,0,-1741.1360213790956,7342.4359453929901,0
181200,5944743.3801762462,3695947.2593437657,0,-3984.2592823478526,6408.4786204034299,0
181500,4462015.0098879915,5393553.7497585276,0,-5814.2920026767415,4810.0861494106466,0
181800,2516662.0807653875,6531953.1513351845,0,-7041.4952240658822,2712.980882092651,0
182100,310380.02382291772,6993115.4888798827,0,-7538.6317347091463,334.59202856465669,0
182400,-1928082.4317228454,6729227.1574439919,0,-7254.1581044730337,-2078.4875396429588,-0
182700,-3966640.0724270223,5767648.2673457284,0,-6217.568740569609,-4276.0681956014751,-0
183000,-5593933.9434005655,4208075.9305020906,0,-4536.3378886268038,-6030.303376891723,-0
183300,-6641245.1794032911,2212207.6003514188,0,-2384.7766344332458,-7159.312862349575,-0
183600,-6999987.884277449,-13023.823131243238,-0,14.03978048418524,-7546.0402292663912,0
183900,-6632967.3858380765,-2236904.9283347796,-0,2411.4005420169178,-7150.3893378684861,0
184200,-5578236.6031804988,-4228862.3055069223,-0,4558.7457591260354,-6013.3815246326421,0
184500,-3945150.6957864012,-5782368.5447691856,-0,6233.4373116956913,-4252.9024839870008,0
184800,-1903029.0509219747,-6736355.1295449855,-0,7261.842112662247,-2051.4798044114264,0
185100,336399.85830188514,-6991912.1229699748,0,7537.3344970971939,362.64160821866608,0
185400,2540950.6159072556,-6522543.2131585423,0,7031.3512390748019,2739.1641078811058,0
185700,4482053.9948957907,-5376912.8677000785,0,5796.3530051328207,4831.6883278032919,0
186000,5958455.1603181623,-3673800.7706567133,0,3960.3851989448153,6423.260023782449,0
186300,6817079.8987747179,-1589786.6692489521,0,1713.8021322935947,7348.8640284392804,0
186600,6968905.4503795169,659057.52682953258,0,-710.46903124316179,7512.5331288978214,0
186900,6398190.4452188984,2839570.2186615481,0,-3061.0783130031946,6897.2980085541021,0
187200,5164106.9786124621,4725674.4612220246,0,-5094.3130451545185,5566.9466366322713,0
187500,3394605.6105736531,6121817.7650647108,0,-6599.3661553579059,3659.4106908981207,0
187800,1273149.3702342992,6883247.1030082908,0,-7420.192778325556,1372.4647134364125,0
188100,-980307.80789429322,6931016.9962121369,0,-7471.6890868654091,-1056.7792798684043,-0
188400,-3132126.047977013,6260174.6317162691,0,-6748.5159109014712,-3376.4557241954935,-0
188700,-4959203.4640268628,4940273.3732440351,0,-5325.6523060284007,-5346.0590880046575,-0
189000,-6272107.5055741481,3108161.4241413628,0,-3350.6216772610369,-6761.3796397637116,-0
189300,-6934715.4451814517,953793.31847201113,0,-1028.1964584197576,-7475.6760430101494,-0
189600,-6878327.6695436491,-1299464.6860881874,-0,1400.8328242620462,-7414.8895915996509,0
189900,-6108790.4991617417,-3417993.3641467583,-0,3684.62286729791,-6585.3226635395886,0
190200,-4705890.0381088089,-5182142.3127147229,-0,5586.3888640952018,-5072.9852864221793,0
190500,-2815079.8999304981,-6409003.4449208509,-0,6908.9545045507903,-3034.6775629694466,0
190800,-632400.48432869278,-6971375.0169834401,-0,7515.195340497341,-681.73253649058893,0
191100,1615846.6163707322,-6810949.9860418355,0,7342.2559358469834,1741.8949536819302,0
191400,3696561.710479877,-5944361.3215057934,0,6408.0667582481128,3984.9216653503208,0
191700,5394014.9314834811,-4461457.4881907422,0,4809.4851367766669,5814.7891600871635,0
192000,6532213.2480339352,-2515986.900246093,0,2712.2530323527858,7041.7756102872236,0
192300,6993147.5335610034,-309657.187627954,0,333.8128056436243,7538.6662791193512,0
192600,6729027.8276945297,1928777.9794762877,0,-2079.2373454162876,7253.9432254856465,0
192900,5767238.2298010942,3967236.2169047538,0,-4276.7108438868436,6217.1267169749362,0
193200,4207497.6981162913,5594368.8759632325,0,-6030.7722375053663,4535.7145497129086,0
193500,2211521.1246264763,6641473.8059658762,0,-7159.5593235245487,2384.0366083757094,0
193800,-13747.367955034168,6999986.500692293,0,-7546.0387377510624,-14.819767312484688,-0
194100,-2237590.524668952,6632736.1355561065,0,-7150.1400483040452,-2412.1396200845129,-0
194400,-4229438.8702867776,5577799.4623782719,0,-6012.9102835199437,-4559.3673003480344,-0
194700,-5782776.2993910378,3944552.9875007803,0,-4252.2581499048247,-6233.8768742822322,-0
195000,-6736551.7977498733,1902332.7459287934,0,-2050.7291823278965,-7262.0541224843246,-0
195300,-6991877.314073124,-337122.56665733887,-0,363.42069332772985,-7537.2969728413918,0
195600,-6522280.5361685539,-2541624.7967622741,-0,2739.8908799752653,-7031.0680712798667,0
195900,-5376449.557134619,-4482609.748749827,-0,4832.2874346888211,-5795.8535528161292,0
196200,-3673184.8628503704,-5958834.8662575753,-0,6423.6693496757825,-3959.7212456407474,0
196500,-1589082.0219154616,-6817244.1886458118,-0,7349.0411341710324,-1713.0425171037002,0
196800,659777.85540572461,-6968837.2905037934,0,7512.4596520328923,711.24555093206811,0
197100,2840231.5443547633,-6397896.902455695,0,6896.9815672206614,3061.791227135071,0
197400,4726208.2173630809,-5163618.4876624737,0,5566.4200396693604,5094.8884383379982,0
197700,6122168.6114768637,-3393972.8184897779,0,3658.7285362143357,6599.7443704611605,0
198000,6883378.6637120154,-1272437.885302925,0,1371.6977272639454,7420.3346017657313,0
198300,6930915.6309098853,981024.21846201969,0,-1057.5515759143573,7471.5798142979065,0
198600,6259850.850027103,3132773.1062774011,0,-3377.1532579692857,6748.1668717756465,0
198900,4939760.7450597845,4959714.0826429101,0,-5346.6095387600326,5325.0996889432108,0
199200,3107513.0990787512,6272428.7432424445,0,-6761.725936415678,3349.9227779079292,0
199500,953076.51528655703,6934813.9957758971,0,-7475.7822813012153,1027.4237391289091,0
199800,-1300175.6487855637,6878193.3152758265,0,-7414.7447566761184,-1401.5992474622851,-0
200100,-3418624.7732906607,6108437.1699677333,0,-6584.9417719785997,-3685.3035311618746,-0
200400,-5182628.703402861,4705354.3673845446,0,-5072.4078293034299,-5586.9131969598457,-0
200700,-6409294.3878568141,2814417.4263579268,0,-3033.9634114148885,-6909.2681432506688,-0
201000,-6971440.3470182791,631679.89358986088,0,-680.95573418836398,-7515.2657667722442,-0
201300,-6810782.9297159165,-1616550.6129689578,-0,1742.6538673742511,-7342.0758478558628,0
201600,-5943979.1993254144,-3697176.1221216978,-0,3985.5840057776368,-6407.6548276286157,0
201900,-4460899.9188270047,-5394476.0555784525,-0,5815.2862553720151,-4808.8840727578518,0
202200,-2515311.6928458377,-6532473.2749421215,-0,7042.0559212737935,-2711.5251536350411,0
202500,-308934.34812459361,-6993179.5035269083,-0,7538.7007429859759,-333.0335791561152,0
202800,1929473.5066225466,-6728828.4260517238,0,7253.7282689966778,2079.9871289749162,0
203100,3967832.3189961249,-5766828.1306390464,0,6216.6846269562129,4277.3534464793938,0
203400,5594803.7487554336,-4206919.4207771728,0,4535.0911623389848,6031.2410336859948,0
203700,6641702.3615706069,-2210834.6252733208,0,2383.2965568467735,7159.805708206417,0
204000,6999985.042318847,14470.91263194426,0,-15.599753982448822,7546.0371656133893,0
204300,6632504.8144095726,2238276.097096567,0,-2412.8786723806588,7149.8906823470688,0
204600,5577362.2619824894,4230015.389879046,0,-4559.9887928574708,6012.4389781649452,0
204900,3943955.2370713102,5783183.992229349,0,-6234.3163702656475,4251.6137703912627,0
205200,1901636.4206109717,6736748.3939810246,0,-7262.2660547181695,2049.9785383342519,0
205500,-337845.27141095413,6991842.4304746231,0,-7537.2593680566451,-364.19977455398481,-0
205800,-2542298.9504624158,6522017.7894941168,0,-7030.7848283645681,-2740.6176227962637,-0
206100,-4483165.4547113813,5375986.1891268389,0,-5795.3540385761798,-4832.8864899458958,-0
206400,-5959214.5085324282,3672568.9157994906,0,-3959.0572500307735,-6424.078606938242,-0
206700,-6817408.4056810467,1588377.3576041183,0,-1712.2828836115532,-7349.2181613851772,-0
207000,-6968769.0561725795,-660498.17693281267,-0,712.02206302198294,-7512.3860949043838,0
207300,-6397603.291336963,-2840892.8397027738,-0,3062.5041085545799,-6896.6650521994425,0
207600,-5163129.9415440653,-4726741.9230090417,-0,5095.4637770873715,-5565.8933832344756,0
207900,-3393339.9901446602,-6122519.3924792977,-0,6600.1225150522305,-3658.0463424406557,0
208200,-1271726.3867769411,-6883510.1508732662,-0,7420.4763459265496,-1370.9307264363856,0
208500,981740.61854861968,-6930814.1915572807,0,7471.4704619035474,1058.3238606615764,0
208800,3133420.1311070463,-6259527.0014573075,0,6747.817760551985,3377.8507556613631,0
209100,4960224.6482690647,-4939248.0640988294,0,5324.5470149643234,5347.1599323919017,0
209400,6272749.9138957215,-3106864.7408152819,0,3349.2238427640382,6762.072160824946,0
209700,6934912.4722783575,-952359.70191837789,0,1026.6510088610016,7475.8884397205629,0
210000,6878058.8875209605,1300886.5975917801,0,-1402.3656556877509,7414.5998425329963,0
210300,6108083.7755108038,3419256.1459097625,0,-3685.9841556518272,6584.5608100636873,0
210600,4704818.6463879822,5183115.0387194725,0,-5587.4374701335628,5071.8303179907643,0
210900,2813754.9227159456,6409585.26231548,0,-6909.5817081315026,3033.2492274452802,0
211200,630959.29610212159,6971505.6025698157,0,-7515.3361127535854,680.17892461076633,0
211500,-1617254.592295856,6810615.800623171,0,-7341.8956814215517,-1743.4127624479518,-0
211800,-3697790.4942626599,5943597.013639194,0,-6407.2428285493388,-3986.2463036227305,-0
212100,-5394937.122038506,4460342.3018027348,0,-4808.2829573606205,-5815.7832885259932,-0
212400,-6532733.2320569567,2514636.4585718345,0,-2710.7972459471935,-7042.3361570226061,-0
212700,-6993211.3987772502,308211.50532055664,0,-332.25434911045465,-7538.7351263086575,-0
213000,-6728628.9525177516,-1930169.0131540038,-0,2080.7368903106267,-7253.5132350084859,0
213300,-5766417.9698637379,-3968428.3786950982,-0,4277.9960033726084,-6216.2424705179255,0
213600,-4206341.0984910652,-5595238.5617724117,-0,6031.7097654284671,-4534.4677265118644,0
213900,-2210148.1022994709,-6641930.8462149827,-0,7160.0520163924739,-2382.5564798545497,0
214200,15194.457154246231,-6999983.5091571333,0,7546.0355128533847,16.379740485744222,0
214500,2238961.6456103008,-6632273.4224009514,0,7149.6412400002127,2413.6176988974598,0
214800,4230591.8642775659,-5576925.0019978276,0,6011.9676085726715,4560.6102366477053,0
215100,5783591.6232797643,-3943357.444504383,0,4250.9693454531944,6234.7557996412434,0
215400,6736944.9182363376,-1900940.0749759525,0,2049.2278724385083,7262.4779093615161,0
215700,6991807.4721748447,338567.97255500674,0,-364.97885188910681,7537.2216827433558,0
216000,6521754.9731380381,2542973.077000476,0,-2741.3443363363335,7030.5015103319329,0
216300,5375522.7636816893,4483721.1127745183,0,-4833.4854935681133,5794.854462418316,0
216600,3671952.9295106567,5959594.087138663,0,-6424.4877955654492,3958.3932121219896,0
216900,1587672.6763224525,6817572.549878668,0,-7349.3951100798231,1711.5232318252713,0
217200,-661218.49140309717,6968700.7473866064,0,-7512.3124575130796,-712.79856750461056,-0
217500,-2841554.104698509,6397309.6118658418,0,-6896.3484634938304,-3063.2169572541079,-0
217800,-4727275.5781540507,5162641.3402625909,0,-5565.3666673333855,-5096.03906139634,-0
218100,-6122870.1080684504,3392707.1255447129,0,-3657.3641095839948,-6600.5005891272885,-0
218400,-6883641.5644907029,1271014.8746635555,0,-1370.1637109615058,-7420.6180108065801,-0
218700,-6930712.6781554269,-982457.00814624573,-0,1059.0961341015977,-7471.3610296835386,0
219000,-6259203.0860103378,-3134067.1224590419,-0,3378.5482172642733,-6747.4685772342218,0
219300,-4938735.3303666422,-4960735.1608998766,-0,5347.7102688943796,-5323.9942840976473,0
219600,-3106216.3493578765,-6273071.0175305568,-0,6762.4183129878147,-3348.5248718368321,0
219900,-951642.87837512873,-6935010.8746877918,-0,7475.9945182670526,-1025.8782676242911,0
220200,1301597.5324992435,-6877924.3862804938,0,7414.4548491718269,1403.132048930255,0
220500,3419887.48199732,-6107730.3157947343,0,6584.1797777989159,3686.6647407604974,0
220800,5183601.3186593615,-4704282.8751248503,0,5071.2527524903471,5587.9616836107543,0
221100,6409876.0682937382,-2813092.3890116368,0,3032.5350110682489,6909.8951991899394,0
221400,6971570.783637356,-630238.69187317765,0,679.4021077660949,7515.4063784406144,0
221700,6810448.5987653835,1617958.5543439039,0,-1744.1716388949221,7341.7154365459764,0
222000,5943214.764451215,3698404.8268961972,0,-3986.9085588785224,6406.8307610146885,0
222300,4459784.6371238902,5395398.1308587166,0,-5816.2802595437834,4807.6817905914022,0
222600,2513961.1974314852,6532993.1193755949,0,-7042.6163175305892,2710.0693092972238,0
222900,307488.65922376746,6993243.2193116806,0,-7538.7694290870195,331.47511551518267,0
223200,-1930864.4990636066,6728429.407094636,0,-7253.2981235232564,-2081.4866294158237,-0
223500,-3969024.3959951364,5766007.7474796614,0,-6215.8002476649199,-4278.6385145594531,-0
223800,-5595673.3150095129,4205762.7312641488,0,-4533.8442422382122,-6032.1784327277837,-0
224100,-6642159.2598965587,2209461.5557122594,0,-2381.8163774069444,-7160.2982480800947,-0
224400,-6999981.9012071621,-15918.001514212789,-0,17.159726814037452,-7546.0337794710731,0
224700,-6632041.9595327107,-2239647.1702028345,-0,2414.3566996270188,-7149.391721266149,0
225000,-5576487.6824289542,-4231168.2934761867,-0,4561.2316317120949,-6011.4961747481657,0
225300,-3942759.6098063802,-5783999.1925379336,-0,6235.1951624043159,-4250.3248750975054,0
225600,-1900243.7090311716,-6737141.3705137204,-0,7262.6896864120954,-2048.4771846486879,0
225900,339290.67008177802,-6991772.4391741669,0,7537.1839169019195,365.75792532477209,0
226200,2543647.176369254,-6521492.0871031303,0,7030.2181171849797,2742.0710205877112,0
226500,4484276.7229333008,-5375059.2808041275,0,5794.3548243478635,4834.0844455490733,0
226800,5959973.602072225,-3671336.9039904554,0,3957.7291319214864,6424.8969155530322,0
227100,6817736.6212369204,-1586967.9780779977,0,1710.7635617529693,7349.5719802530784,0
227400,6968632.3641466014,661938.79880887968,0,-713.57506437165421,7512.2387398597675,0
227700,6397015.8640455492,2842215.3393347198,0,-3063.9297732258401,6896.031801107295,0
228000,5162152.6838230006,4727809.1827927018,0,-5096.6142912590713,5564.8398919714346,0
228300,3392074.2246968718,6123220.7582404809,0,-6600.8785926821938,3656.6818376518322,0
228600,1270303.348970568,6883772.9045628877,0,-7420.7595964042721,1369.3966808477135,0
228900,-983173.38724723994,6930611.0907054087,0,-7471.2515176390498,-1059.8683962261712,-0
229200,-3134714.0803264696,6258879.1036896547,0,-6747.1193218260905,-3379.2456427705683,-0
229500,-4961245.6205298863,4938222.5438687,0,-5323.4414963490872,-5348.2605482615936,-0
229800,-6273392.0541435126,3105567.9247134617,0,-3347.8258651337787,-6762.7643929005899,-0
230100,-6935109.2030031383,950926.04466446524,0,-1025.1055154270332,-7476.1005169395557,-0
230400,-6877789.8115558559,-1302308.4535003619,-0,1403.8984271816089,-7414.3097765941657,0
230700,-6107376.7908232957,-3420518.7815465922,-0,3687.3452864806118,-6583.7986751883627,0
231000,-4703747.0536008682,-5184087.5432173386,-0,5588.4858373858133,-5070.6751328083519,0
231300,-2812429.8252520743,-6410166.80578849,-0,6910.2086164226239,-3031.8207622914256,0
231600,-629518.08091072435,-6971635.8902202072,-0,7515.4765638325707,-678.62528366264928,0
231900,1618662.4991055822,-6810281.3241443485,0,7341.5351132310543,1744.9304967070548,0
232200,3699019.1200157483,-5942832.4517655652,0,6406.4186250290568,3987.5707715379358,0
232500,5395859.0820340319,-4459226.9247965906,0,4807.0805724567763,5816.7771684199397,0
232800,6533252.9368954012,-2513285.9094316377,0,2709.3413436925043,7042.8964027949023,0
233100,6993274.9651298746,-306765.80984155502,0,330.69587837819569,7538.8036513207153,0
233400,6728229.7897845637,1931559.9643437315,0,-2082.2363462822882,7253.0829345433422,0
233700,5765597.4634912005,3969620.3708898704,0,-4279.2809800330597,6215.3579584019262,0
234000,4205184.3191026021,5596108.0084620947,0,-6032.6470355789343,4533.2207095246922,0
234300,2208774.9855190241,6642387.6026128922,0,-7160.5444032666501,2381.0762495118684,0
234600,-16641.545704110435,6999980.2184689492,0,-7546.0319654664718,-17.93971295899512,-0
234900,-2240332.6708668382,6631810.4258073224,0,-7149.1421261475452,-2415.095674561444,-0
235200,-4231744.6774687422,5576050.3032805398,0,-6011.0246766964638,-4561.8529780440076,-0
235500,-5784406.6999994973,3942161.7329836884,0,-4249.6803593310842,-6235.6344585501838,-0
235800,-6737337.7508110665,1899547.3227840671,0,-2047.7264749728101,-7262.9013858676508,-0
236100,-6991737.3314729594,-340013.36398355005,-0,366.53699485265702,-7537.1460705327445,0
236400,-6521229.1313921968,-2544321.2485615523,-0,2742.7976755426307,-7029.9346489267427,0
236700,-5374595.7404990969,-4484832.285181799,-0,4834.683345882373,-5793.8551243701668,0
237000,-3670720.8392454633,-5960353.0533290654,-0,6425.3059668966143,-3957.06500943636,0
237300,-1586263.2628784722,-6817900.6197540145,-0,7349.7487719030005,-1710.0038734029722,0
237600,662659.09914246679,-6968563.9064533031,0,7512.164941945226,714.35155361481748,0
237900,2842876.5436048894,-6396722.0478789862,0,6895.7150650429512,3064.6425564627489,0
238200,4728342.7369192913,-5161663.9722305238,0,5564.3130571542415,5097.1894666694188,0
238500,6123571.3429917358,-3391441.2876077304,0,3655.9995266512665,6601.2565257130091,0
238800,6883904.1710884515,-1269591.809705389,0,1368.6296361029908,7420.9011027181505,0
239100,6930509.4292082842,983889.7558441431,0,-1060.640647027257,7471.1419257712187,0
239400,6258555.0544986287,3135361.0047025941,0,-3379.9430321729847,6746.7699943312255,0
239700,4937709.7046106225,4961756.0271535004,0,-5348.8107704875119,5322.8886517247047,0
240000,3104919.4668891449,6273713.0237310696,0,-6763.1104005594798,3347.1268226625421,0
240300,950209.20079424605,6935207.4572233222,0,-7476.2064357369127,1024.3327522776983,0
240600,-1303019.3605873405,6877655.163348522,0,-7414.1646248016023,-1404.6647904334161,-0
240900,-3421150.0445506563,6107023.2006003615,0,-6583.4175022362033,-3688.0257928047181,-0
241200,-5184573.7123880684,4703211.1818219088,0,-5070.0974589511097,-5589.0099314530034,-0
241500,-6410457.4747965429,2811767.2314445181,0,-3031.1064811226374,-6910.5219598261292,-0
241800,-6971700.9223176511,628797.46322265617,0,-677.84845230894246,-7515.5466689286941,-0
242100,-6810113.9767618896,-1619366.4265731806,-0,1745.6893358760333,-7341.354711478768,0
242400,-5942450.0755864317,-3699633.3736145864,-0,3988.2329415937138,-6406.0064205969675,0
242700,-4458669.1648264788,-5396319.9755597878,-0,5817.2740151494218,-4806.479302962839,0
243000,-2512610.5945796873,-6533512.6846135333,-0,7043.1764128124696,-2708.6133491410146,0
243300,-306042.95718183753,-6993306.6362314923,-0,7538.837793009362,-329.91663770803348,0
243600,1932255.4089869494,-6728030.100589674,0,7252.8676680710378,2082.9860409020107,0
243900,3970216.3033729349,-5765187.1179027455,0,6214.9156027336585,4279.923399786564,0
244200,5596542.6421255097,-4204605.8620126108,0,4532.5971283779591,6033.115573976911,0
244500,6642615.8743615458,-2208088.3917271039,0,2380.3360961772255,7160.7904819495061,0
244800,6999978.4609425142,17365.089716205675,0,-18.719698912283778,7546.0300708396007,0
245100,6631578.821227259,2241018.1475949874,0,-2415.8346236928373,7148.8924546470671,0
245400,5575612.8645572588,4232321.0162490755,0,-4562.4742756368023,6010.553114422607,0
245700,3941563.8140426963,5784814.1456601014,0,-6236.0736880741488,4249.0357981608176,0
246000,1898850.916242081,6737534.0591262784,0,-7263.1130077259222,2046.975743418898,0
246300,-340736.0542525982,6991702.1490715975,0,-7537.1081436362392,-367.31606046443835,-0
246600,-2544995.2935701646,6520966.1060080463,0,-7029.6511055602514,-2743.5243011933335,-0
246900,-4485387.7995140683,5374132.1427715542,0,-5793.3553624905644,-4835.2821945616197,-0
247200,-5960732.4409051249,3670104.7352822595,0,-3956.4008446737066,-6425.7149495918347,-0
247500,-6818064.5454283254,1585558.5307308217,0,-1709.2441667827698,-7349.9254850278512,-0
247800,-6968495.374307435,-663379.39239616657,-0,715.12803522580441,-7512.0910637702536,0
248100,-6396428.1633695289,-2843537.7175014131,-0,3065.3553069566301,-6895.3982553044489,0
248400,-5161175.2054906422,-4728876.2405278338,-0,5097.7645876209172,-5563.786162887729,0
248700,-3390808.3142843936,-6123921.8623182857,-0,6601.6343882154833,-3655.3171765899629,0
249000,-1268880.2568760081,-6884035.3640659275,-0,7421.042529746619,-1367.8625767359558,0
249300,984606.11392891034,-6930407.6936652027,0,7471.0322540812713,1061.4128864961808,0
249600,3136007.8955797935,-6258230.9384410866,0,6746.4205947537366,3380.6403854633054,0
249900,4962266.3807655443,-4937196.8125976129,0,5322.3357502300951,5349.3609355665558,0
250200,6274033.9262899766,-3104270.9758915021,0,3346.427744430202,6763.4563359609756,0
250500,6935305.6373473471,-949492.34677173942,0,1023.5599781841162,7476.3122746580484,0
250800,6877520.4416598575,1303730.2537529727,0,-1405.4311386779082,7414.0193937956083,0
251100,6106669.5451295143,3421781.2710031131,0,-3688.7062597259146,6583.036258946302,0
251400,4702675.2597934008,5185059.8261666251,0,-5589.5339658070116,5069.5197309244777,0
251700,2811104.6075956835,6410748.0753149493,0,-6910.8352293972785,3030.3921675691267,0
252000,628076.83881627873,6971765.8799290275,0,-7515.6166937282742,677.07161371284792,0
252300,-1620070.3367395608,6809946.5566197066,0,-7341.1742312909482,-1746.448156394169,-0
252600,-3700247.5876864805,5942067.6359176878,0,-6405.594147722597,-3988.895069039148,-0
252900,-5396780.8114309246,4458111.357219669,0,-4805.8779821161797,-5817.7707997267926,-0
253200,-6533772.3625272112,2511935.2528828476,0,-2707.8853256505313,-7043.4563475803079,-0
253500,-6993338.2326161871,305320.10125233518,0,-329.13739351302138,-7538.8718541526005,-0
253800,-6727830.3395120921,-1932950.8329858354,-0,2083.7357132669804,-7252.652324108647,0
254100,-5764776.7107186727,-3970812.193437967,-0,4280.5657738130985,-6214.4731806648488,0
254400,-4204027.3600003496,-5596977.2159951236,-0,6033.5840479167036,-4531.9734988046766,0
254700,-2207401.7743438301,-6642844.075140086,-0,7161.0364841260298,-2379.5959174109244,0
255000,18088.633542771218,-6999976.6286278833,0,7546.0280955904727,19.499684665570015,0
255300,2241703.6003799592,-6631347.1457950035,0,7148.6427067673758,2416.5735470133036,0
255600,4232897.3098110268,-5575175.3662637891,0,6010.0814879316249,4563.0955244838387,0
255900,5785221.5295153912,-3940965.8529897961,0,4248.3911915935878,6236.5128509715169,0
256200,6737730.2954572598,-1898154.4894126579,0,2046.2249899949693,7263.324551984646,0
256500,6991666.8919704566,341458.74088119826,0,-368.09512215179205,7537.0701362128066,0
256800,6520703.0109534906,2545669.3113878877,0,-2744.250897532052,7029.3674870885361,0
257100,5373668.4876264483,4485943.2659241771,0,-4835.880991580414,5792.8555387143988,0
257400,3669488.5921074306,5961111.7647963492,0,-6426.1238636343205,3955.7366376406253,0
257700,1584853.781643159,6818228.3982579671,0,-7350.102119625597,1708.4844419011069,0
258000,-664099.67856227967,6968426.7677097321,0,-7512.0171053356371,-715.90450919631985,-0
258300,-2844198.8610174027,6396134.2105202377,0,-6895.0813718950885,-3066.0680247000682,-0
258600,-4729409.6936127683,5160686.3836084446,0,-5563.2592091773813,-5098.3396541075872,-0
258900,-6124272.3162164744,3390175.3047334496,0,-3654.6347874750236,-6602.0121801856903,-0
259200,-6884166.4834939418,1268168.6904898293,0,-1367.0955027545917,-7421.1838774882135,-0
259500,-6930305.8840772714,-985322.46149369411,-0,1062.185114624478,-7470.9225025704163,0
259800,-6257906.7555200392,-3136654.7529520504,-0,3381.3377026350377,-6746.0711230968818,0
260100,-4936683.8678352861,-4962776.6813604329,-0,5349.9110434926943,-5321.7827918713228,0
260400,-3103622.4517276362,-6274354.7618167214,-0,6763.802199101282,-3345.728630444421,0
260700,-948775.48260479758,-6935403.7433741419,-0,7476.418033701797,-1022.7871931547558,0
261000,1304441.1329894697,-6877385.6464913441,0,7413.8740835777671,1406.1974719066866,0
261300,3422412.4608970461,-6106315.8244146388,0,6582.6549453228308,3689.3866872367448,0
261600,5185545.8845476797,-4702139.2875212254,0,5068.9419487347805,5590.0579404420932,0
261900,6411038.6073405268,-2810441.9537128378,0,3029.6778216387174,6911.1484251326383,0
262200,6971830.7630536258,-627356.20769949292,0,676.2947678828782,7515.6866382305425,0
262500,6809779.0637196312,1620774.2295970069,0,-1747.206958253144,7340.9936726695705,0
262800,5941685.1327635236,3700861.7622246994,0,-3989.5571538669828,6405.1818064104664,0
263100,4457553.5019821208,5397241.589642521,0,-5818.2675221467416,4805.2766099232276,0
263400,2511259.8843483357,6534031.9706336604,0,-7043.7362070954259,2707.1572732288364,0
263700,304597.24206077395,6993369.7542836247,0,-7538.9058347500695,328.35814580148542,0
264000,-1933646.2363329544,6727630.5065539554,0,-7252.4369026584745,-2084.4853633691914,-0
264300,-3971408.041078595,5764366.2419433678,0,-6214.0306922002237,-4281.2081021058075,-0
264600,-5597411.7300662845,4203448.8130719978,0,-4531.3498208115097,-6034.0524573933153,-0
264900,-6643072.2049460681,2206715.1333765369,0,-2378.8557132208725,-7161.2824097936,-0
265200,-6999974.7215250665,-18812.177176079796,-0,20.279670210520408,-7546.0260397191169,0
265500,-6631115.3995130248,-2242389.0292144357,-0,2417.3124445149479,-7148.3928825111443,0
265800,-5574737.8084048014,-4233473.5581484465,-0,4563.7167245784776,-6009.6097972285606,0
266100,-3940367.8498313734,-5785628.851561022,-0,6236.9519472375914,-4247.7465396362841,0
266400,-1897458.0423032346,-6737926.4598019179,-0,7263.5360186415573,-2045.4742147090462,0
266700,342181.42386163201,-6991631.5601699185,0,7537.0320482628449,368.87417990639466,0
267000,2546343.3020075215,-6520439.8462313451,0,7029.0837935146192,2744.9774645510242,0
267300,4486498.6844061902,-5373204.7750687422,0,5792.3556530470032,4836.4797369323569,0
267600,5961491.0249986844,-3668872.4097275627,0,3955.0723883442074,6426.5327090197025,0
267900,6818392.1782412333,-1584149.0156228247,0,1707.7246987658909,7350.2786756943997,0
268200,6968358.0866609253,664819.95763310802,0,-716.68097551806716,7511.9430666421686,0
268500,6395840.189334251,2844859.9741457938,0,-3066.7807096854453,6894.7644148182544,0
268800,5160197.5065891538,4729943.096168397,0,-5098.9146661232817,5562.7321960288318,0
269100,3389542.25896201,6124622.7046823651,0,-6602.3899016193855,3653.9523593141193,0
269400,1267457.1105548488,6884297.5293710232,0,-7421.3251459413432,1366.3284141675178,0
269700,-986038.79853162589,6930204.0004454656,0,-7470.8126712397043,-1062.95733140475,-0
270000,-3137301.5768120941,6257582.5057391282,0,-6745.7215793645883,-3382.0349836803521,-0
270300,-4963286.9289327068,4936170.8703291221,0,-5321.2297766542933,-5350.4610942600548,-0
270600,-6274675.5303078713,3102973.8944044737,0,-3345.0294807126679,-6764.1479899767091,-0
270900,-6935501.7753026541,948058.60830107715,0,-1022.0143971978737,-7476.523712867036,-0
271200,-6877250.7778444169,-1305151.9982892408,-0,1406.9637901115643,-7413.7286941496395,0
271500,-6105962.0384595068,-3423043.6142257182,-0,3690.0670753299387,-6582.2735613698687,0
271800,-4701603.265011101,-5186031.8875260474,-0,5590.5818553526469,-5068.3641123881935,0
272100,-2809779.269803056,-6411329.0708701769,-0,6911.4615470288572,-3028.9634433390429,0
272400,-626635.56987999438,-6971895.5716907578,-0,7515.7565024347459,-675.51791482733347,0
272700,1621478.1051380008,-6809611.4980634609,0,7340.8130356165575,1747.9657414448518,0
273000,3701475.8972226805,-5941302.5661280341,0,6404.769396664974,3990.2191960701402,0
273300,5397702.3101896541,-4456995.5991198011,0,4804.6751863904001,5818.764182403962,0
273600,6534291.5089301066,-2510584.4889833727,0,2706.4291918837052,7044.0159913548314,0
273900,6993401.2012334643,-303874.37961488019,0,327.5788945817506,7538.9397348014045,0
274200,6727430.6017173966,1934341.6190208748,0,-2085.2349912006312,7252.2214037228186,0
274500,5763955.7115812171,3972003.8462884524,0,-4281.8503846578251,6213.5881373445163,0
274800,4202870.2212337386,5597846.1843343526,0,-6034.5208024017393,4530.726094405125,0
275100,2206028.4688325627,6643300.2637770539,0,-7161.5282589495882,2378.1154836149822,0
275400,-19535.720608397911,6999972.7396340864,0,-7546.0239032255531,-21.059655538801572,-0
275700,-2243074.4340910879,6630883.5823837966,0,-7148.1429818810439,-2418.0513161898789,-0
276000,-4234049.761255173,5574300.1909849672,0,-6009.1380423184546,-4564.3378759140896,-0
276300,-5786036.1117926361,3939769.8045738149,0,-4247.1018422957941,-6237.3909768676913,-0
276600,-6738122.5521581527,1896761.5749212496,0,-2044.7234175691499,-7263.7474076944027,-0
276900,-6991596.1536703557,-342904.10318618146,-0,369.6532337199227,-7536.9938797867699,0
277200,-6520176.6118444167,-2547017.2654218702,-0,2745.7040022424862,-7028.8000248415383,0
277500,-5372741.0051033823,-4487054.0549541777,-0,4837.0784306110481,-5791.855705493721,0
277800,-3668256.1881492338,-5961870.2215080876,-0,6426.9414857436068,-3954.4080967915502,0
278100,-1583444.2326773438,-6818555.8853763817,-0,7350.4551532323658,-1706.9649373852383,0
278400,665540.22960095864,-6968289.3311617542,0,7511.8689476906302,717.45743418275049,0
278700,2845521.0568795246,-6395546.0998147177,0,6894.4473840773271,3067.493361905148,0
279000,4730476.4481887268,-5159708.5744382674,0,5562.205123447995,5099.4896236615414,0
279300,6124973.0277125994,-3388909.1769761476,0,3653.2698921137849,6602.7675525129462,0
279600,6884428.5016959151,-1266745.5170778907,0,1365.5613109820847,7421.4663351046574,0
279900,6930102.0427709315,986755.12503465521,0,-1063.7295368283194,7470.7027600903712,0
280200,6257258.1891018162,3137948.3671530108,0,-3382.7322285917944,6745.3719635605912,0
280500,4935657.8200846035,4963797.123476916,0,-5351.0110878627602,5320.676704584921,0
280800,3102325.3039289457,6274996.2317599999,0,-6764.4937085835645,3344.3302952424156,0
281100,947341.72386823955,6935599.7331318343,0,-7476.6293121526351,1021.2415903217271,0
281400,-1305862.8496446866,6877115.8357205158,0,-7413.5832255127789,-1407.730093284355,-0
281700,-3423674.7309823791,6105608.1872678967,0,-6581.8921070914903,-3690.7474239982312,-0
282000,-5186517.8350965288,4701067.1922687562,0,-5067.7862218908922,-5591.1057105330829,-0
282300,-6411619.4659007881,2809116.5558734164,0,-3028.2490326777352,-6911.7745950825956,-0
282600,-6971960.3058397258,625914.9253654799,0,-674.7410545545132,-7515.8262863401442,-0
282900,-6809443.8596529793,-1622181.963355026,-0,1748.7245059611851,-7340.6323201338473,0
283200,-5940919.9360152986,-3702089.9926738697,-0,3990.8811956415484,-6404.3569184905282,0
283500,-4456437.648638662,-5398162.9730674066,-0,5819.2607804931404,-4804.0737115241245,0
283800,-2509909.0667951684,-6534550.9774137838,-0,7044.2957003555302,-2705.7010816229163,0
284100,-303151.51392237359,-6993432.5734653799,-0,7538.9735543062361,-326.7996398621425,0
284400,1935036.98104217,-6727230.6250045588,0,7252.0058273039785,2085.9845967532915,0
284700,3972599.6090611741,-5763545.1196366129,0,6213.1455161024442,4282.4926214622883,0
285000,5598280.5787946843,-4202291.5844917586,0,4530.1023195921807,6034.9890829369706,0
285300,6643528.251630608,-2205341.7807192476,0,2377.3752286011572,7161.774031591367,0
285600,6999970.6829549633,20259.263831992073,0,-21.839640642080067,7546.0216861098079,0
285900,6630651.6944097979,2243759.8150025923,0,-2418.7901620301996,7147.8930048797447,0
286200,5573862.5140089653,4234625.9191250475,0,-4564.9589784840327,6008.6662232063518,0
286500,3939171.7172235106,5786443.3102058796,0,-6237.8299398571198,4246.4570995790082,0
286800,1896065.087274147,6738318.5725238686,0,-7263.9587191409255,2043.9725985833043,0
287100,-343626.77884712222,6991560.6724721463,0,-7536.955630784988,-370.43228358405298,-0
287400,-2547691.2016237285,6519913.3077955162,0,-7028.5161810723257,-2746.4305105986796,-0
287700,-4487609.3775622016,5372277.1777353249,0,-5791.3556960598962,-4837.6770726100976,-0
288000,-5962249.3543204982,3667639.9273790275,0,-3953.743762989754,-6427.3501938016761,-0
288300,-6818719.5196616556,1582739.4328142442,0,-1706.2051577672662,-7350.6315522376171,-0
288600,-6968220.5012129862,-666260.49445774348,-0,718.233885181647,-7511.7947484818633,0
288900,-6395251.9419649346,-2846182.1092111729,-0,3068.2059813511687,-6894.1302796758728,0
289200,-5159219.5871604653,-4731009.7496686513,-0,5100.0645267168511,-5561.6779914399249,0
289500,-3388276.0587829691,-6125323.2853032481,-0,6603.145132862127,-3652.587385881689,0
289800,-1266033.9100669445,-6884559.4004671518,-0,7421.607444976562,-1364.79419320691,0
290100,987471.4409951315,-6930000.0110547636,0,7470.592769123582,1064.5017308869367,0
290400,3138595.123967893,-6256933.8056115769,0,6745.0222756886187,3383.4294373619168,0
290700,4964307.2649876084,-4935144.717107215,0,5320.1235756691058,5351.5610242949324,0
291000,6275316.8661696771,-3101676.6803079862,0,3343.6310740411304,6764.839354918151,0
291300,6935697.6168606374,-946624.82931394805,0,1020.4687725345724,7476.7348315574664,0
291600,6876980.8201210825,1306573.6870482108,0,-1408.49638141687,7413.4376776687386,0
291900,6105254.2708435897,3424305.8111602855,0,-3691.427733234349,6581.5105824917719,0
292200,4700531.0692999177,5187003.7272539316,0,-5591.6295059778004,5067.208277249053,0
292500,2808453.8119310015,6411909.79242926,0,-6912.0875692905101,3027.5345896624303,0
292800,625194.2741636514,6972024.965499837,0,-7515.8959899459915,673.96418707271846,0
293100,-1622885.8042405581,6809276.1484899782,0,-7340.451526223369,-1749.4832517940392,-0
293400,-3702704.0485716988,5940537.2424294073,0,-6403.94437189154,-3991.5431525741369,-0
293700,-5398623.5782708507,4455879.6505446676,0,-4803.4721853308301,-5819.7573164089818,-0
294000,-6534810.3760819128,2509233.6177909384,0,-2704.9729424542497,-7044.5753340945412,-0
294300,-6993463.8709790269,302428.64499097463,0,-326.02038165098685,-7539.0072932642106,-0
294600,-6727030.5764175719,-1935732.3223894138,-0,2086.7341800191625,-7251.7901734042589,0
294900,-5763134.4661139334,-3973195.329390401,-0,4283.1348125123332,-6212.7028284787411,0
295200,-4201712.9028522344,-5598714.9134426452,-0,6035.4572989939998,-4529.4784963793418,0
295500,-2204655.0690439241,-6643756.1685043015,-0,7162.0197277163052,-2376.6349481873085,0
295800,20982.806839135003,-6999968.5514877262,0,7546.0193883718939,22.619625512022488,0
296100,2244445.1719416273,-6630419.7355935117,0,7147.6429515099117,2419.5289820280168,0
296400,4235202.0317519167,-5573424.7774814768,0,6008.1943398972817,4565.5800322816722,0
296700,5786850.4467964051,-3938573.5877868575,0,4245.8123114928103,6238.2688362011895,0
297000,6738514.5208969703,-1895368.5793693706,0,2043.2217577595277,7264.169952978863,0
297300,6991525.1165756695,344349.45083673025,0,-371.21132949046182,7536.9173012579085,0
297600,6519649.9340874581,2548365.1106058946,0,-2747.1569896118394,7028.2322622100137,0
297900,5371813.2929695239,4488164.6522243284,0,-4838.275662923108,5790.8556247508741,0
298200,3667023.6274235281,5962628.4234318677,0,-6427.7588331895395,3953.0793869459167,0
298500,1582034.6160414459,6818883.0810952177,0,-7350.8078727081711,1705.4453599205119,0
298800,-666980.75219655607,6968151.5968152806,0,-7511.7204690165781,-719.01032850731599,-0
299100,-2846843.1311343987,6394957.7157877218,0,-6893.8131016169327,-3068.9185680166815,-0
299400,-4731543.0006021736,5158730.5447612405,0,-5561.1508000105432,-5100.6393752827598,-0
299700,-6125673.4774505636,3387642.904389238,0,-3651.9048406251231,-6603.5226426628997,-0
300000,-6884690.2256833296,1265322.2895296111,0,-1364.0270608501889,-7421.7484755555561,-0
300300,-6929897.9052980458,-988187.74640540546,-0,1065.2739135723516,-7470.482698340521,0
300600,-6256609.3552718693,-3139241.8472498348,-0,3384.1266099832683,-6744.6725157524115,0
300900,-4934631.5614024345,-4964817.3534593396,-0,5352.1109035506915,-5319.570389912762,0
301200,-3101028.0235485211,-6275637.4335334878,-0,6765.1849289767724,-3342.9318171162845,0
301500,-945907.924645858,-6935795.4264880242,-0,7476.8402710803957,-1019.6959438446657,0
301800,1307284.5104922203,-6876845.731047566,0,7413.2920506190667,1409.2626545009223,0
302100,3424936.8547526966,-6104900.2891903743,0,6581.1289875747843,3692.1080030310245,0
302400,5187489.5639930647,-4699994.8961103195,0,5066.6302784688451,5592.1532416812015,0
302700,6412200.0504524913,-2807791.0379828964,0,3026.8201143007573,6912.4004696492539,0
303000,6972089.5506704021,-624473.61628221197,0,673.18731239024851,7515.9656132515447,0
303300,6809108.3645762475,1623589.6277870757,0,-1750.2419789353055,7340.2706538870552,0
303600,5940154.485374446,3703318.0649096076,0,-3992.2050668608335,6403.5317568724176,0
303900,4455321.6048437776,5399084.1257950654,0,-5820.2537901461774,4802.8706078169444,0
304200,2508558.1419779011,6535069.704931723,0,-7044.8548925688756,2704.2447743854877,0
304500,301705.77282840916,6993495.0937740738,0,-7539.0409516749678,325.24111995660957,0
304800,-1936427.6430551736,6726830.4559585731,0,-7251.5744420259689,-2087.4837409902384,-0
305100,-3973791.007269762,5762723.7510175686,0,-6212.2600744781384,-4283.776957801103,-0
305400,-5599149.1882735873,4201134.1763213491,0,-4528.8546247732747,-6035.9254505678355,-0
305700,-6643984.0143956924,2203968.3338139276,0,-2375.8946423813445,-7162.2653473217842,-0
306000,-6999966.3452323908,-21706.349622099442,-0,23.399610140295426,-7546.0170100118448,0
306300,-6630187.7059374098,-2245130.5049008755,-0,2420.2677761754348,-7147.3928217742186,0
306600,-5572986.9814071711,-4235778.0991296293,-0,4566.2010373003695,-6007.7223923962938,0
306900,-3937975.4162702397,-5787257.521559868,-0,6238.7076658952037,-4245.1674780440899,0
307200,-1894672.0512143595,-6738710.3972753724,-0,7264.3811092059568,-2042.470895105844,0
307500,345072.11914728733,-6991489.4859813116,0,7536.8788912059345,371.9903714308258,0
307800,2549038.9923611693,-6519386.4907230632,0,7027.9482682576299,2747.8834392742037,0
308100,4488719.8789346246,-5371349.3508109422,0,5790.3554915719869,4838.8742015436801,0
308400,5963007.4288379364,-3666407.2882896657,0,3952.4149686674996,6428.1674039026057,0
308700,6819046.5696755005,-1581329.7823657079,0,1704.6855438522557,7350.9841146423387,0
309000,6968082.6179694114,667701.00280930207,0,-719.78676415103405,7511.6461092956088,0
309300,6394663.4212863846,2847504.1226417748,0,-3069.631121893678,6893.4958499040695,0
309600,5158241.4472458195,4732076.2009835979,0,-5101.214169353123,5560.623549165487,0
309900,3387009.7138017202,6126023.6041508038,0,-6603.9000819112316,3651.2222563513833,0
310200,1264610.6554734961,6884820.9773430508,0,-7421.8894268401318,1363.25991392012,0
310500,-988904.04125782021,6929795.7255018698,0,-7470.3725477423623,-1066.046084876315,-0
310800,-3139888.5369919222,6256284.838086159,0,-6744.3226837557095,-3384.8237464484046,-0
311100,-4965327.3888866538,4934118.3529757448,0,-5319.0171473217997,-5352.6607256241714,-0
311400,-6275957.9338479992,3100379.3336574784,0,-3342.2325244753465,-6765.5304307557417,-0
311700,-6935893.1620129421,945191.00987162651,0,-1018.9231042602646,-7476.9456307203045,-0
312000,-6876710.5685014045,-1307995.3199691249,-0,1410.0289125283248,-7413.1463443653274,0
312300,-6104546.2423120253,-3425567.8617528747,-0,3692.7882333809885,-6580.7473223446086,0
312600,-4699458.6727056829,-5187975.3453087434,-0,5592.6769176376893,-5066.0522255564447,0
312900,-2807128.2340361774,-6412490.2399673844,-0,6912.7132961554798,-3026.1056066003507,0
313200,-623752.9517288577,-6972154.0613507358,-0,7516.0351562560509,-672.41043051540362,0
313500,1624293.4339870608,-6808940.5079135876,0,7340.0897031268314,1751.0006873768782,0
313800,3703932.0416810368,-5939771.6648545135,0,6403.1190734375623,3992.8669384945629,0
314100,5399544.6156351306,-4454763.5115419617,0,4802.26897898889,5820.7502016994222,0
314400,6535328.9639604436,-2507882.6393632772,0,2703.5165774244056,7045.1343757755467,0
314700,6993526.2418501843,-300982.89744240383,0,324.46185478733594,7539.0745295381475,0
315000,6726630.2636297001,1937122.9430320179,0,-2088.2332796585083,7251.3586331714105,0
315300,5762312.9743519062,3974386.6426928933,0,-4284.4190573217375,6211.81725410537,0
315600,4200555.4049052838,5599583.4032828733,0,-6036.393537653471,4528.2307047806498,0
315900,2203281.5750365956,6644211.7893023454,0,-7162.5108904051804,2375.1543111911774,0
316200,-22429.8921731519,6999964.0641889814,0,-7546.0145510296861,-24.179594518565505,-0
316500,-2245815.8138730098,6629955.6054439712,0,-7147.1426156753423,-2421.0065444645656,-0
316800,-4236354.1212520264,5572549.1257907283,0,-6007.2503807084286,-4566.8219935334964,-0
317100,-5787664.5344919125,3937377.2026800471,0,-4244.52259923974,-6239.1464289344858,-0
317400,-6738906.2016569739,1893975.5028165518,0,-2041.7200106302739,-7264.5921878199561,-0
317700,-6991453.7806894463,-345794.78377107583,-0,372.76940939682157,-7536.8404006294813,0
318000,-6519122.9777052822,-2549712.8468819871,-0,2748.6098595776102,-7027.6641992183695,0
318300,-5370885.3512647869,-4489275.0576868597,-0,4839.47268846509,-5789.85529652886,0
318600,-3665790.9099833411,-5963386.3705350794,-0,6428.5759059369529,-3951.7505081608697,0
318900,-1580624.9317949447,-6819209.9854006739,-0,7351.1602780381327,-1703.9257095710338,0
319200,668421.2462882892,-6968013.5646761218,0,7511.5716693197437,720.56319210450556,0
319500,2848165.0837262394,-6394369.0584640736,0,6893.1785245406672,3070.3436429745461,0
319800,4732609.3508072244,-5157752.2946194327,0,5560.0962389103825,5101.7889089217979,0
320100,6126373.6654002275,-3386376.487027185,0,3650.5396330677577,6604.2774506030855,0
320400,6884951.6554449163,-1263899.0079062062,0,1362.4927524248974,7422.0302988287849,0
320700,6929693.4716673261,989620.32554472017,0,-1066.8182447905758,7470.2623173302845,0
321000,6255960.254057914,3140535.1931872438,0,-3385.5208467498746,6743.9727797022497,0
321300,4933605.0918326275,4965837.3712641029,0,-5353.2104905094939,5318.4638479021332,0
321600,3099730.610641791,6276278.3671097858,0,-6765.8758602513681,3341.5331961257934,0
321900,944474.08499891567,6935990.8234343482,0,-7477.0509104760658,1018.1502537896268,0
322200,-1308706.1154713263,6876575.3324840404,0,-7413.0005589090752,-1410.7951554908927,-0
322500,-3426198.8321540733,6104192.1302123265,0,-6580.3655868053238,-3693.4684242769777,-0
322800,-5188461.071195771,4698922.3990917392,0,-5065.474118518031,-5593.2005338416739,-0
323100,-6412780.3609708343,2806465.4000979252,0,-3025.3910665688445,-6913.0260488058511,-0
323400,-6972218.4975401442,623032.28051128553,0,-671.63354145648395,-7516.104618958776,-0
323700,-6808772.5785037847,-1624997.2228329983,-0,1751.7593771106508,-7339.9086739446366,0
324000,-5939388.7808736917,-3704545.9788794308,-0,3993.5287674682531,-6402.7063215913877,0
324300,-4454205.3706451748,-5400005.0477861324,-0,5821.2465510634074,-4801.6672988530972,0
324600,-2507207.1099542794,-6535588.1531653097,-0,7045.4137837115613,-2702.7883515787853,0
324900,-300260.01884067844,-6993557.3152070343,-0,7539.1080268533833,-323.68258615149176,0
325200,1937818.222312521,-6726429.9994330993,0,7251.1427468428838,2088.9827960159651,0
325500,3974982.2356534302,-5761902.136121341,0,6211.374367365157,4285.0611110673726,0
325800,5600017.5584658626,-4199976.5886102319,0,4527.6067364081255,6036.8615602459058,0
326100,6644439.4932218278,-2202594.792719272,0,2374.4139546247138,7162.7563569638678,0
326400,6999961.7083575223,23153.434484558897,0,-24.959578638499291,7546.0120114254432,0
326700,6629723.4341156771,2246501.0988507071,0,-2421.7452868875116,7146.8923332159557,0
327000,5572111.2106368225,4236930.098112952,0,-4567.4429009744144,6006.7783048387328,0
327300,3936778.9470226727,5788071.4855881892,0,-6239.585125314341,4243.87767508665,0
327600,1893278.9341833931,6739101.9340396849,0,-7264.803188818606,2040.9691043408434,0
327900,-346517.44469997397,6991418.0007004747,0,-7536.8018295289839,-373.5484433796978,-0
328200,-2550386.6741618859,6518859.3950366434,0,-7027.3800550949563,-2749.3362505151022,-0
328500,-4489830.1884757066,5370421.2943355041,0,-5789.3550396262854,-4840.0711236816069,-0
328800,-5963765.2485190313,3665174.4925114778,0,-3951.0860054334939,-6428.9843392880039,-0
329100,-6819373.3282689843,1579920.0643366843,0,-1703.1658570849638,-7351.3363628936786,-0
329400,-6967944.4369361438,-669141.4826258258,-0,721.33961235943536,-7511.4971490897851,0
329700,-6394074.6273239264,-2848826.0143807367,-0,3071.0561312516711,-6892.8611255301194,0
330000,-5157263.0868873,-4733142.4500673665,-0,5102.3635939826427,-5559.5688692508656,0
330300,-3385743.224072394,-6126723.6611951012,-0,6604.6547487344278,-3649.8569707815409,0
330600,-1263187.3468353406,-6885082.2599875396,-0,7422.1710915200019,-1361.725576372718,0
330900,990336.59925845533,-6929591.1437955145,0,7470.1520071054565,1067.5903933068844,0
331200,3141181.8158288933,-6255635.6031906074,0,6743.6228035957629,3386.2179108802302,0
331500,4966347.3005862357,-4933091.7779785739,0,5317.9104916596671,5353.7601982007836,0
331800,6276598.7333154259,-3099081.8545083939,0,3340.8338320750918,6766.221217459959,0
332100,6936088.4107511975,-943757.15003538853,0,1017.3773924410084,7477.1561103465538,0
332400,6876440.0229969183,1309416.8969912282,0,-1411.5613833804375,7412.8546942518697,0
332700,6103837.9528950602,3426829.7659495496,0,-3694.1485757117216,6579.983780961009,0
333000,4698386.075274216,5188946.741648959,0,-5593.7240902875601,5064.8959573597813,0
333300,2805802.5361752221,6413070.4134597424,0,-6913.338727597029,3024.6764942138761,0
333600,622311.60263719771,6972282.8592379373,0,-7516.1740013589761,670.85664522179059,0
333900,-1625700.9943173646,6808604.5763486344,0,-7339.727566342408,-1752.5180481285195,-0
334200,-3705159.8764982256,5939005.8334360719,0,-6402.293501338303,-3994.1905537748376,-0
334500,-5400465.4222431453,4453647.1821593819,0,-4801.0655674159943,-5821.7428382328389,-0
334800,-6535847.2725435467,2506531.5537581244,0,-2702.0600968564067,-7045.6931163739428,-0
335100,-6993588.313844284,299537.1370309536,0,-322.90331405740272,-7539.1414436203249,-0
335400,-6726229.6633709027,-1938513.4808892577,-0,2089.7322900545992,-7250.9267830427016,0
335700,-5761491.2363302549,-3975577.7861450161,-0,4285.7031190311473,-6210.931414262237,0
336000,-4199397.727442367,-5600451.6538179228,-0,6037.3295183401333,-4526.9827196623692,0
336300,-2201907.9868692886,-6644667.1261517135,-0,7163.0017469952199,-2373.6735726898651,0
336600,23876.976548593168,-6999959.277738044,0,7546.0093911991371,25.739562491763397,0
336900,2247186.3598266472,-6629491.1919550113,0,7146.6419743987235,2422.484003436382,0
337200,4237506.0297062537,-5571673.235950144,0,6006.3061647922432,4568.0637596164906,0
337500,5788478.3748441273,-3936180.6493048412,0,4243.2327055920614,6240.0237550298425,0
337800,6739297.5944213048,-1892582.3453227114,0,2040.2181762459845,7265.0141121995339,0
338100,6991382.1460147407,347240.10192705272,0,-374.32747337198771,7536.7631779048106,0
338400,6518595.7427201057,2551060.4741932931,0,-2750.0626120785141,7027.0958358905827,0
338700,5369957.1800283063,4490385.27129493,0,-4840.6695071865061,5788.8547208698901,0
339000,3664558.035880663,5964144.0627857465,0,-6429.3927039513901,3950.4214604924741,0
339300,1579215.1799984598,6819536.5982786873,0,-7351.5123692070938,1702.4059864021658,0
339600,-669861.71181421308,6967875.234750215,0,-7511.4225486065279,-722.11602490752864,-0
339900,-2849486.9145982,6393780.1278690891,0,-6892.54365287582,-3071.7685867174455,-0
340200,-4733675.4987583207,5156773.8240546482,0,-5559.0414401925718,-5102.9382245295228,-0
340500,-6127073.591531679,3385109.9249441107,0,-3649.1742695000257,-6605.0319763012321,-0
340800,-6885212.7909695152,1262475.672268501,0,-1360.9583857717778,-7422.3118049122868,-0
341100,-6929488.741887521,-991052.8623913764,-0,1068.3625304169909,-7470.041617069066,0
341400,-6255310.8854877017,-3141828.4049099656,-0,3386.9149388320229,-6743.2727554399944,0
341700,-4932578.4114190601,-4966857.1768476134,-0,5354.3098486921663,-5317.3570786003156,0
342000,-3098433.0652642143,-6276919.0324615026,-0,6766.5665023778211,-3340.1344323307148,0
342300,-943040.20498870162,-6936185.9239624552,-0,7477.2612303306405,-1016.604520222667,0
342600,1310127.6645212385,-6876304.6400414919,0,7412.7087503952616,1412.3275961887732,0
342900,3427460.6631325642,-6103483.7103640158,0,6579.6019048157368,3694.8286876779534,0
343200,5189432.3566631181,-4697849.7012588512,0,5064.3177420878674,5594.2475869697519,0
343500,6413360.3974310067,-2805139.6422751555,0,3023.9618895430754,6913.6513325256683,0
343800,6972347.1464434275,-621590.91811429756,0,670.079741819623,7516.2433034559108,0
344100,6808436.5014499296,1626404.7484326384,0,-1753.2767004223765,7339.5463803220764,0
344400,5938622.8225457445,3705773.7345308615,0,-3994.8522974072448,6401.8806126827239,0
344700,4453088.9460905455,5400925.7390012508,0,-5822.2390632024108,4800.4637846840133,0
345000,2505855.9707820299,6536106.3220923869,0,-7045.972373759706,2701.3318132650534,0
345300,298814.25202095526,6993619.2377616027,0,-7539.1747798386168,322.12403851339502,0
345600,-1939208.7187547963,6726029.2554452522,0,-7250.7107417731713,-2090.4817617664066,-0
345900,-3976173.294161282,5761080.2749830391,0,-6210.4883948013421,-4286.3450812062083,-0
346200,-5600885.6893344102,4198818.8214078769,0,-4526.3586545500502,-6037.7974119311639,-0
346500,-6644894.6880895626,2201221.1574939815,0,-2372.9331653945401,-7163.2470604966202,-0
346800,-6999956.7723305672,-24600.51835752746,-0,26.519546070024418,-7546.0066903508023,0
347100,-6629258.8789644511,-2247871.5967935133,-0,2423.2226941032818,-7146.391539226328,0
347400,-5571235.2017356018,-4238081.9160254681,-0,4568.6845694527474,-6005.8339605742658,0
347700,-3935582.3095322824,-5788885.2022558348,-0,6240.4623180767821,-4242.5876907621559,0
348000,-1891885.7362411798,-6739493.1827999651,-0,7265.2249579607142,-2039.4672263528955,0
348300,347962.75544419675,-6991346.216632653,0,7536.7244457573888,375.10649936493974,0
348600,2551734.2469690121,-6518332.0207584938,0,7026.8115416082792,2750.7889442600876,0
348900,4490940.3061385974,-5369493.0083481595,0,5788.3543402650084,4841.2678389733919,0
349200,5964522.8133311756,-3663941.5400974881,0,3949.7568733449057,6429.8009999227461,0
349500,6819699.7954280386,-1578510.2787878064,0,1701.6460975307566,7351.6882969764993,0
349800,6967805.9581190748,670581.93384575367,0,-722.89242974048943,7511.3478678707706,0
350100,6393485.5601027086,2850147.7843715665,0,-3072.4810093642532,6892.2261065811599,0
350400,5156284.5061267046,4734208.496874392,0,-5103.5128005562956,5558.513951741139,0
350700,3384476.5896491027,6127423.4564062236,0,-6605.4091332994703,3648.4915292305104,0
351000,1261763.9842132926,6885343.2483894527,0,-7422.452439004137,1360.1911806302755,0
351300,-991769.11493582709,6929386.2659444408,0,-7469.9311472222907,-1069.134656112647,-0
351600,-3142474.9604235487,6254986.1009526672,0,-6742.922635238685,-3387.61193059781,-0
351900,-4967367.0000427803,4932064.9921595743,0,-5316.8036087299934,-5354.8594419777755,-0
352200,-6277239.2645445857,3097784.2429161821,0,-3339.4349969001341,-6766.9117150012689,-0
352500,-6936283.3630670719,942323.24986651202,0,-1015.8316371428599,-7477.3662704272065,-0
352800,-6876169.1836191993,-1310838.4180537676,-0,1413.093793907713,-7412.5627273408163,0
353100,-6103129.4026229735,-3428091.5236963816,-0,3695.5087601684054,-6579.219958373591,0
353400,-4697313.2770513687,-5189917.9162330665,-0,5594.7710238826539,-5063.7394727084702,0
353700,-2804476.718404803,-6413650.3128815386,-0,6913.9638635884257,-3023.2472525640787,0
354000,-620870.22695028153,-6972411.3591559371,-0,7516.3125252488326,-669.30283125828225,0
354300,1627108.4851713029,-6808268.353809475,0,7339.3651158855737,1754.035333984117,0
354600,3706387.5529707819,-5938239.7482068101,0,6401.4676556290515,3995.5139983584027,0
354900,5401385.9980555288,-4452530.6624446362,0,4799.8619506635787,5822.7352259668214,0
355200,6536365.3018090613,-2505180.3610332198,0,2700.6035008125032,7046.2515558658652,0
355500,6993650.0869586598,-298091.36381841032,0,321.34475952779411,7539.2080355079006,0
355800,6725828.775658288,1939903.9359017066,0,-2091.2312111433771,7250.4946230366022,0
356100,5760669.2520840857,3976768.7596958647,0,-4286.9869975856946,6210.0453089872117,0
356400,4198239.8705129456,5601319.6650106879,0,-6038.2652410139945,4525.7345410778407,0
356700,2200534.3046006914,6645122.179032946,0,-7163.4922974654492,2372.1927327466528,0
357000,-25324.059903628287,6999954.1921351189,0,-7546.003908880467,-27.299529364948992,-0
357300,-2248556.8097436023,6629026.4951466061,0,-7146.1410277015848,-2423.9613588799166,-0
357600,-4238657.7570650671,5570797.107997397,0,-6005.361692189329,-4569.3053304772402,-0
357900,-5789291.9678187324,3934983.9277117183,0,-4241.9426306041833,-6240.9008144502404,-0
358200,-6739688.6991734616,1891189.1069466216,0,-2038.7162546700124,-7265.435726099784,-0
358500,-6991310.212554588,-348685.40524368832,-0,375.88552135023053,-7536.6856330871387,0
358800,-6518068.2291546175,-2552407.9924818482,-0,2751.5152470520602,-7026.527172251087,0
359100,-5369028.7793000154,-4491495.2930007856,-0,4841.8661190358707,-5787.8538978169909,0
359400,-3663325.0051685343,-5964901.5001512803,-0,6430.2092271977062,-3949.092243997889,0
359700,-1577805.3607122514,-6819862.9197153011,-0,7351.8641462000069,-1700.8861904788553,0
360000,671302.1487127553,-6967736.6070434703,0,7511.2731068833027,723.66882685002292,0
360300,2850808.6236937772,-6393190.9240279384,0,6891.9084866495259,3073.1933991844844,0
360600,4734741.4444098845,-5155795.1331087044,0,5557.9864039021968,5104.0873220568219,0
360900,6127773.2558149956,-3383843.218194142,0,3647.8087499802846,6605.7862197251088,0
361200,6885473.6322459551,-1261052.2826773236,0,1359.4239609564058,7422.5929937940473,0
361500,6929283.7159673674,992485.35688415274,0,-1069.9067703856022,7469.8205975663113,0
361800,6254661.2495889729,3143121.4823627328,0,-3388.3088861701412,6742.5724429955762,0
362100,4931551.5202055983,4967876.77016629,0,-5355.4089780517343,5316.2500820546165,0
362400,3097135.3874712312,6277559.4295612564,0,-6767.2568553266174,3338.7355257908271,0
362700,941606.28467648232,6936380.7280640081,0,-7477.471230635133,1015.0587432098455,0
363000,-1311549.1575812176,6876033.6537314905,0,-7412.4166250900962,-1413.8599765290728,-0
363300,-3428722.3476342568,6102775.0296757184,0,-6578.8379416386551,-3696.188793175817,-0
363600,-5190403.4203536091,4696776.802657499,0,-5063.1611492277671,-5595.2944010206802,-0
363900,-6413940.1598082324,2803813.7645712462,0,-3022.532583284521,-6914.2763207819671,-0
364200,-6972475.4973747693,620149.52915284666,0,-668.5259135460683,-7516.3816667370083,-0
364500,-6808100.133429057,-1627812.2045258435,-0,1754.7939488056347,-7339.1837730348425,0
364800,-5937856.6104233526,-3707001.3318114318,-0,3996.1756566212393,-6401.054630181703,0
365100,-4451972.3312276127,-5401846.1994010722,-0,5823.231326520764,-4799.2600653611207,0
365400,-2504504.7245189068,-6536624.2116908105,-0,7046.5306626894335,-2699.8751595065378,0
365700,-297368.47243103868,-6993680.8614351321,-0,7539.2412106278152,-320.5654771089259,0
366000,1940599.1323225629,-6725628.2240121579,0,7250.2784268352952,2091.9806381775038,0
366300,3977364.1827424034,-5760258.1676377896,0,6209.602156824566,4287.6288681627448,0
366600,5601753.5808421187,-4197660.8747637654,0,4525.1103792524,6038.7330055836273,0
366900,6645349.5989793064,-2199847.428197138,0,2371.4522747545175,7163.7374578989493,0
367200,6999951.5371517269,26047.601178764293,0,-28.079512367774761,7546.0010467881639,0
367500,6628794.040503704,2249241.9986703466,0,-2424.6999977592041,7145.8904398268933,0
367800,5570358.9547404498,4239233.5528185852,0,-4569.9260426829933,6004.8893596427415,0
368100,3934385.5038495413,5789698.6715284763,0,-6241.3392441455298,4241.2975251250364,0
368400,1890492.4574464818,6739884.1435397081,0,-7265.6464166144924,2037.965261205361,0
368700,-349408.05131780345,6991274.1337809321,0,-7536.646739894476,-376.66453931953765,-0
369000,-2553081.7107245992,6517804.3679112978,0,-7026.2427278220475,-2752.241520446677,-0
369300,-4492050.2318755593,5368564.4928888362,0,-5787.3533935311852,-4842.4643473675551,-0
369600,-5965280.1232420066,3662708.4311003876,0,-3948.4275724585277,-6430.6173857719195,-0
369900,-6820025.9711387251,1577100.4257793236,0,-1700.1262652545802,-7352.0399168757467,-0
370200,-6967667.181524137,-672022.35640752665,-0,724.44521622783373,-7511.1982656449309,0
370500,-6392896.2196479198,-2851469.432557777,-0,3073.9057561705263,-6891.5907930843168,0
370800,-5155305.7050058683,-4735274.3413591124,-0,5104.6617890249609,-5557.4587966813833,0
371100,-3383209.8105859905,-6128122.9897542642,-0,6606.1632355741158,-3647.1259317566446,0
371400,-1260340.5676681937,-6885603.9425376365,-0,7422.7334692805098,-1358.6567267583666,0
371700,993201.58822870313,-6929181.0919574043,0,7469.7099681023019,1070.6788732276073,0
372000,3143767.970720612,-6254336.3314000964,0,6742.2221787144017,3389.0058055415707,0
372300,4968386.4872126952,-4931037.995562627,0,5315.6964985800923,5355.9584569081744,0
372600,6277879.5275080921,-3096486.4989362978,0,3338.036019010261,6767.6019233501756,0
372900,6936478.0189522216,-940889.30942627636,0,1014.2858384318806,7477.576110953295,0
373200,6875898.0503798109,1312259.8830959927,0,-1414.6261440446644,7412.2704436446593,0
373500,6102420.5915260362,3429353.134939448,0,-3696.8687866929181,6578.4558546150101,0
373800,4696240.2780829733,5190888.8690195596,0,-5595.8177183782354,5062.5827716519416,0
374100,2803150.780781568,6414229.9382079914,0,-6914.5887041029564,3021.8178817120411,0
374400,619428.8247296958,6972539.5610992424,0,-7516.4507279197014,667.74898869128276,0
374700,-1628515.9064887373,6807931.8403104767,0,-7339.0023517718209,-1755.5525448788269,-0
375000,-3707615.0710462499,5937473.4091994669,0,-6400.6415363450933,-3996.8372721886913,-0
375300,-5402306.3430329543,4451413.9524454409,0,-4798.6581287830722,-5823.727364858948,-0
375600,-6536883.051734861,2503829.0612463085,0,-2699.1467893549388,-7046.8096942274342,-0
375900,-6993711.5611906853,296645.5778665609,0,-319.78619126511614,-7539.2743051980124,-0
376200,-6725427.6005089991,-1941294.3080099421,-0,2092.7300428607796,-7250.0621531715669,0
376500,-5759847.0216485383,-3977959.5632945416,-0,4288.2706929305023,-6209.158938318149,0
376800,-4197081.8341668332,-5602187.4368238347,-0,6039.2007056348002,-4524.4861690807429,0
377100,-2199160.5282899006,-6645576.947926471,-0,7163.9825417947659,-2370.7117914252331,0
377400,26771.14217600401,-6999948.8073804239,0,7545.9981040739121,28.85949507102622,0
377700,2249927.1635660492,-6628561.5150383608,0,7145.6397756050628,2425.4386107328469,0
378000,4239809.3032798665,-5569920.7419694485,0,6004.4169629395401,4570.5467060633737,0
378300,5790105.3133807192,-3933787.0379521502,0,4240.652374331602,6241.7776071579647,0
378600,6740079.5158966137,-1889795.7877482069,0,2037.214245966961,7265.8570295025856,0
378900,6991237.9803120699,350130.69365881837,0,-377.44355326453734,7536.6077661798163,0
379200,6517540.4370313501,2553755.4016900654,0,-2752.9677644361741,7025.9582083241976,0
379500,5368100.1491195792,4492605.1227569906,0,-4843.0625239620531,5786.852827412943,0
379800,3662091.8178996374,5965658.6825993108,0,-6431.0254756410195,3947.762858733925,0
380100,1576395.4739965571,6820188.9496965688,0,-7352.2156090018379,1699.3663218660524,0
380400,-672742.55692236929,6967597.6815618146,0,-7511.1233441564555,-725.22159786562759,-0
380700,-2852130.2109564999,6392601.4469658015,0,-6891.2730258889278,-3074.6180803147713,-0
381000,-4735807.1877163751,5154816.2218234269,0,-5556.9311300843383,-5105.2362014545824,-0
381300,-6128472.6582202855,3382576.3668314144,0,-3646.4430745668847,-6606.5401808424667,-0
381600,-6885734.1792630991,1259628.8391935045,0,-1357.8894780443545,-7422.873865462032,-0
381900,-6929078.3939156402,-993917.80896182975,-0,1071.4509646304125,-7469.5992588314521,0
382200,-6254011.3463895032,-3144414.4254902839,-0,3389.7026887046509,-6741.8718423989103,0
382500,-4930524.4182361392,-4968896.1511765569,-0,5356.5078785412188,-5315.1428583123379,0
382800,-3095837.5773183107,-6278199.5583816804,-0,6767.946919068253,-3337.3364765659121,0
383100,-940172.32412355056,-6936575.2357306816,-0,7477.6809113805684,-1013.5129228172227,0
383400,1312970.5945905019,-6875762.373565617,0,7412.1241830060635,1415.3922964463031,0
383700,3429983.8856052174,-6102066.088177721,0,6578.0736973067333,3697.5487407124442,0
384000,5191374.2622257303,-4695703.7033335324,0,5062.0043399871656,5596.3409759497281,0
384300,6414519.6480777208,-2802487.7670428585,0,3021.1031478542709,6914.901013548053,0
384600,6972603.5503286691,-618708.11368853238,0,666.97205670222559,7516.5197087961706,0
384900,6807763.4744555308,1629219.591052464,0,-1756.3111221955867,7338.8208520984454,0
385200,5937090.1445392482,3708228.7706686771,0,-3997.4988450536871,6400.2283741236379,0
385500,4450855.5261040851,5402766.4289462604,0,-5824.2233409760693,4798.0561409358679,0
385800,2503153.371222645,6537141.8219384477,0,-7047.0886504768878,2698.4183903654907,0
386100,295922.68013270333,6993742.1862249896,0,-7539.3073192181391,319.00690200469131,0
386400,-1941989.4629560302,6725226.9051510664,0,-7249.8458020478483,-2093.4794251847879,-0
386700,-3978554.9013455859,5759435.8141209502,0,-6208.7156534729384,-4288.9124718817602,-0
387000,-5602621.23295167,4196502.7487276997,0,-4523.8619105688531,-6039.668341163042,-0
387300,-6645804.2258718805,2198473.6048866943,0,-2369.9712827671165,-7164.2275491501532,-0
387600,-6999946.0028212331,-27494.682887222312,-0,29.639477465941045,-7545.9950807377527,0
387900,-6628328.9187530559,-2250612.3044233955,-0,2426.1771977929525,-7145.3890350387746,0
388200,-5569482.4696890684,-4240385.0084427698,-0,4571.1673206117484,-6003.944502084777,0
388500,-3933188.5300259348,-5790511.8933711257,-0,6242.2159034828574,-4240.007178230775,0
388800,-1889099.0978592369,-6740274.8162420979,-0,7266.06756476181,-2036.4632089628385,0
389100,350853.33225901518,-6991201.7521483935,0,7536.568711943567,378.22256317690676,0
389400,2554429.06537105,-6517276.4365176046,0,7025.6736137605722,2753.693979012794,0
389700,4493159.9656391479,-5367635.747997215,0,5786.352199467603,4843.6606488129701,0
390000,5966037.178219147,-3661475.1655728752,0,3947.0981028311776,6431.433496800646,0
390300,6820351.8553870916,-1575690.5053714875,0,1698.6063603213895,7352.391222576407,0
390600,6967528.1071572471,673462.75024958618,0,-725.99797175510889,7511.0483424186759,0
390900,6392306.6059847334,2852790.9588828855,0,-3075.3303716096061,6890.9551850667549,0
391200,5154326.6835666075,4736339.9834759803,0,-5105.8105593395439,5556.4034041167006,0
391500,3381942.8869371819,6128822.2612093277,0,-6606.9170555261389,3645.7601784183043,0
391800,1258917.0972608628,6885864.3424209496,0,-7423.0141823371132,1357.1222148225686,0
392100,-994634.0190758768,6928975.6218431732,0,-7469.4884697549433,-1072.2230445857706,-0
392400,-3145060.8466648376,6253686.2945606643,0,-6741.5214340528455,-3390.3995356519417,-0
392700,-4969405.7620524252,4930010.7882316234,0,-5314.5891612572696,-5357.0572429450067,-0
393000,-6278519.522178594,3095188.6226242022,0,-3336.6368984652536,-6768.2918424771688,-0
393300,-6936672.3783983402,939455.32877596281,0,-1012.7399963741302,-7477.7856319158382,-0
393600,-6875626.6232903507,-1313681.2920571554,-0,1416.1584337258025,-7411.977843175875,0
393900,-6101711.5196345514,-3430614.5996248312,-0,3698.2286552271294,-6577.6914697179091,0
394200,-4695167.0784149012,-5191859.5999669442,-0,5596.8641737295648,-5061.4258542396219,0
394500,-2801824.7233621953,-6414809.2894143304,-0,6915.2132491139155,-3020.3883817188475,0
394800,-617987.39603705308,-6972667.4650623752,-0,7516.5886093656745,-666.19511758719773,0
395100,1629923.2582095077,-6807595.035866023,0,7338.6392740166502,1757.06968074781,0
395400,3708842.430672159,-5936706.8164467961,0,6399.8151435217424,3998.1603752091578,0
395700,5403226.457136075,-4450297.0522095198,0,4797.4541018259333,5824.7192548668299,0
396000,6537400.5222988054,-2502477.6544551407,0,2697.6899625459732,7047.3675314348111,0
396300,6993772.7365377024,-295199.77923759032,0,318.22760933640541,7539.3402526878244,0
396600,6725026.1379402801,1942684.5971541621,0,-2094.2287851423434,7249.6293734662113,0
396900,5759024.5450589657,3979150.1968898294,0,-4289.5542050103659,6208.2723022931868,0
397200,4195923.6184528703,5603054.9692207538,0,-6040.1359121630949,4523.2376037237482,0
397500,2197786.6579948589,6646031.4328131052,0,-7164.4724799624928,2369.2307487880821,0
397800,-28218.223304685711,6999943.1234741872,0,-7545.9919767797182,-30.419459544185877,-0
398100,-2251297.4212350599,6628096.2516502738,0,-7145.1382181307126,-2426.9157589316333,-0
398400,-4240960.6683011353,5569044.1379039921,0,-6003.4719770835009,-4571.787886321491,-0
398700,-5790918.4114953429,3932589.9800772881,0,-4239.3619368294494,-6242.6541331155349,-0
399000,-6740470.0445740679,1888402.3877870128,0,-2035.7121502010166,-7266.2780223899199,-0
399300,-6991165.4492902849,-351575.96711067657,-0,379.00156904832284,-7536.5295771861556,0
399600,-6517012.3663728721,-2555102.701760361,-0,2754.420164168775,-7025.3889441342162,0
399900,-5367171.2895266954,-4493714.7605161127,-0,4844.258721913915,-5785.8515097005184,0
400200,-3660858.4741266859,-5966415.6100974791,-0,6431.8414492464353,-3946.43330475739,0
400500,-1574985.5199116429,-6820514.6882085577,-0,7352.5667575975676,-1697.8463806287109,0
400800,674182.93638148508,-6967458.4583111843,0,7510.9732604323863,726.77433788798282,0
401100,2853451.6763298758,-6392011.6967078717,0,6890.6372706211869,3076.0426300474214,0
401400,4736872.728632235,-5153837.0902406499,0,5555.8756187841027,5106.3848626737108,0
401700,6129171.7987176506,-3381309.3709100676,0,3645.077243318196,6607.2938596211006,0
402000,6885994.4320098003,-1258205.3418778763,0,1356.3549371012045,7423.1544199042546,0
402300,6928872.7757411022,995350.21856318973,0,-1072.9951130854308,7469.3776008739615,0
402600,6253361.1759170536,3145707.234237364,0,-3391.0963463759931,6741.1709536799517,0
402900,4929497.1055545658,4969915.3198348526,0,-5357.6065501136645,5314.0354074208062,0
403200,3094539.6348609054,6278839.4188954178,0,-6768.6366935732394,3335.9372847157624,0
403500,938738.32339117606,6936769.4469541619,0,-7477.8902725579865,1011.9670591108617,0
403800,-1314391.9754883565,6875490.7995554646,0,-7411.8314241556609,-1416.9245558749788,-0
404100,-3431245.2769915462,6101356.8859003196,0,-6577.3091718526266,-3698.9085302297149,-0
404400,-5192344.8822380062,4694630.4033328136,0,-5060.8473144154923,-5597.387311712162,-0
404700,-6415098.8622147199,2801161.649746662,0,-3019.6735833134071,-6915.5254107972141,-0
405000,-6972731.3052996695,617266.67178295541,0,-665.4181713544998,-7516.6574296274839,-0
405300,-6807426.5245437482,-1630626.9079523543,-0,1757.8282205273915,-7338.457617528381,0
405600,-5936323.424926199,-3709456.0510501429,-0,3998.8218626480343,-6399.401844543826,0
405900,-4449738.5307677044,-5403686.4275974883,-0,5825.2151065259241,-4796.8520114597013,0
406200,-2501801.9109513811,-6537659.1528130351,-0,7047.6463370980664,-2696.9615059045695,0
406500,-294476.87518814701,-6993803.2121285377,-0,7539.3731056067463,-317.44831326772754,0
406800,1943379.7105965316,-6724825.2988789054,0,7249.4128674290832,2094.9781227250301,0
407100,3979745.4499205854,-5758613.2144672126,0,6207.8288847838658,4290.1958923091088,0
407400,5603488.64562645,-4195344.4433485381,0,4522.6132485520884,6040.603418629963,0
407700,6646258.568747716,-2197099.6876217392,0,2368.490189496039,7164.7173342291662,0
408000,6999940.1693393132,28941.763420660773,0,-31.199441297427327,7545.9887921998406,0
408300,6627863.5137324994,2251982.513993721,0,-2427.6542941409953,7144.8873248835534,0
408600,5568605.7466189023,4241536.2828488136,0,-4572.4084031859702,6002.9993879407639,0
408900,3931991.3881126065,5791324.8677490288,0,-6243.0922960513099,4238.7166501345237,0
409200,1887705.6575389809,6740665.2008904386,0,-7266.4884023846707,2034.9610696895224,0
409500,-352298.59820607852,6991129.0717381304,0,-7536.4903619079969,-379.78057087046307,-0
409800,-2555776.3108507958,6516748.2265999755,0,-7025.1041994481729,-2755.1463198963643,-0
410100,-4494269.5073819486,5366706.7737129861,0,-5785.3507581170397,-4844.8567432585041,-0
410400,-5966793.9782302557,3660241.7435676563,0,-3945.7684645196655,-6432.2493329740373,-0
410700,-6820677.4481592225,1574280.5176245528,0,-1697.0863827961361,-7352.7422140634544,-0
411000,-6967388.7350243619,-674903.11531037523,-0,727.55069625595479,-7510.8980981983968,0
411300,-6391716.7191383587,-2854112.3632904156,-0,3076.7548556206052,-6890.3192825556234,0
411600,-5153347.4418507759,-4737405.4231794542,-0,5106.9591114509431,-5555.3477740921862,0
411900,-3380675.8187568337,-6129521.2707415288,-0,6607.6705931233209,-3644.3942692738565,0
412200,-1257493.573052146,-6886124.4480282646,-0,7423.2945781619492,-1355.5876448884601,0
412500,996066.40741611936,-6928769.8556105299,0,7469.2666521896817,1073.7671701211452,0
412800,3146353.5882009594,-6253035.9904621495,0,6740.820401283966,3391.7931208693617,0
413100,4970424.8245183965,-4928983.3702104604,0,5313.481596808856,5358.1558000413224,0
413400,6279159.2485287311,-3093890.6140353605,0,3335.2376353249101,6768.981472352777,0
413700,6936866.4413971091,-938021.30797685427,0,1011.1941110356743,7477.9948333058946,0
414000,6875354.9023624081,1315102.6448765101,0,-1417.6906628856452,7411.6849259469827,0
414300,6101002.1869788105,3431875.9176986222,0,-3699.588365712932,6576.9268037149686,0
414600,4694093.6780930031,5192830.1090337345,0,-5597.9103898919284,5060.2687205209613,0
414900,2800498.5462033432,6415388.3664757954,0,-6915.8374985946148,3018.9587526455907,0
415200,616545.9409339421,6972795.0710398704,0,-7516.7261695808629,664.64121801243357,0
415500,-1631330.5402734815,6807257.9404905075,0,-7338.2758826355794,-1758.5867415262292,-0
415800,-3710069.6317957304,5935939.9699817654,0,-6398.9884771945335,-3999.4833073628893,-0
416100,-5404146.3403253285,4449179.9617849123,0,-4796.2498698439367,-5825.7108959477919,-0
416400,-6537917.7134786509,2501126.1407178412,0,-2696.2330204482614,-7047.9250674639879,-0
416700,-6993833.6129971454,293753.96799249161,0,-316.66901380741217,-7539.405877974541,-0
417000,-6724624.3879690794,-1944074.803275716,-0,2095.7274379248397,-7249.1962839387797,0
417300,-5758201.8223500792,-3980340.6604314987,-0,4290.8375337711304,-6207.3854009497181,0
417600,-4194765.2234208854,-5603922.2621641317,-0,6041.0708605586451,-4521.9888450605495,0
417900,-2196412.6937746699,-6646485.6336732972,-0,7164.9621119475532,-2367.7496048989005,0
418200,29665.303227420238,-6999937.140416652,0,7545.9855269981472,31.979422717332007,0
418500,2252667.5826920611,-6627630.7050022278,0,7144.6363552999728,2428.3928034131491,0
418800,4242111.852079655,-5568167.2958384901,0,6002.5267346616047,4573.0288711985559,0
419100,5791731.2621278409,-3931392.7541382895,0,4238.0713181528827,6243.5303922855019,0
419400,6740860.2851891248,-1887008.907122588,0,2034.2099674363772,7266.6987047438097,0
419700,6991092.6194923203,353021.22553749749,0,-380.5595686350041,7536.4510661095128,0
420000,6516484.0172017375,2556449.8926351564,0,-2755.8724461877982,7024.8193797054855,0
420300,5366242.2005610485,4494824.2062307307,0,-4845.4547128403447,5784.8499447225213,0
420600,3659624.9739023764,5967172.2826134358,0,-6432.65714797909,3945.1035821251089,0
420900,1573575.4985177524,6820840.1352373464,0,-7352.9175919721893,1696.326366831787,0
421200,-675623.28702855867,6967318.9372975277,0,-7510.8228557175098,-728.32704685073065,-0
421500,-2854773.0197574417,6391421.6732793506,0,-6890.001220873467,-3077.4670483215532,-0
421800,-4737938.0671119373,5152857.7384022186,0,-5554.8198700465909,-5107.5333056651107,-0
422100,-6129870.6772772213,3380042.2304842491,0,-3643.7112562925831,-6608.0472560287844,-0
422400,-6886254.390474949,1256781.790791274,0,-1354.8203381925334,-7423.434657108709,-0
422700,-6928666.8614525516,-996782.58562701708,-0,1074.539215684664,-7469.1556237032983,0
423000,-6252710.7381994221,-3146999.908548723,-0,3392.489859124601,-6740.4697768686392,0
423300,-4928469.5822047908,-4970934.276097619,-0,5358.7049927221087,-5312.9277294273397,0
423600,-3093241.5601544962,-6279479.0110751232,-0,6769.3261788120953,-3334.5379503001723,0
423900,-937304.28254065488,-6936963.3617261508,-0,7478.0993141584386,-1010.4211521568263,0
424200,1315813.3002140252,-6875218.9317126404,0,7411.5383485514003,1418.4567547496167,0
424500,3432506.5217393236,-6100647.4228738239,0,6576.5443653090133,3700.2681616695181,0
424800,5193315.2803489435,-4693556.9027012102,0,5059.6900725622027,5598.4334082632749,0
425100,6415677.802194464,-2799835.4127393295,0,3018.2438897230313,6916.1495125027814,0
425400,6972858.7622822961,-615825.20349771739,0,663.86425756929941,7516.7948292250758,0
425700,6807089.2837081924,1632034.1551649831,0,-1759.3452437358001,7338.0940693402872,0
426000,5935556.4516171701,3710683.1729030404,0,-4000.1447093473821,6398.5750414778304,0
426300,4448621.3452664986,5404606.1953151869,0,-5826.2066231276785,4795.6476769844157,0
426600,2500450.3437621142,6538176.2042927491,0,-7048.2037225294453,2695.5045061852352,0
426900,293031.05765835056,6993863.9391432013,0,-7539.4385697908601,315.88971096378577,0
427200,-1944769.8751842843,6724423.40521295,0,-7248.9796229976173,-2096.4767307337697,-0
427500,-3980935.8284162064,5757790.3687119596,0,-6206.9418507954815,-4291.4791293895832,-0
427800,-5604355.8188291611,4194185.9586761007,0,-4521.3643932558025,-6041.538237944158,-0
428100,-6646712.6275874125,2195725.6764609893,0,-2367.0089950045776,-7165.2068131150436,-0
428400,-6999934.0367062269,-30388.842717236883,-0,32.759403795566541,-7545.9821811746797,0
428700,-6627397.825461938,-2253352.627322766,-0,2429.1312867402025,-7144.3853093826556,0
429000,-5567728.7855674326,-4242687.3759875167,-0,4573.649290352615,-6002.0540172510809,0
429300,-3930794.0781607293,-5792137.5946274428,-0,6243.9684218134234,-4237.4259408914268,0
429600,-1886312.1365452756,-6741055.2974680476,-0,7266.9089294650876,-2033.4588434496068,0
429900,353743.84909721569,-6991056.0925532496,0,7536.4116897911144,381.33856233362309,0
430200,2557123.4471062478,-6516219.7381809866,0,7024.534484909188,2756.5985430353212,0
430500,4495378.8570565321,-5365777.5700758519,0,5784.3490695223027,4846.0526306530473,0
430800,5967550.5232429765,-3659008.1651374423,0,3944.4386575808212,6433.064894257237,0
431100,6821002.7494411916,-1572870.4625987774,0,1695.5663327437817,7353.0928913219013,0
431400,6967249.0651314259,676343.45152833825,0,-729.10338966401514,7510.7475329905292,0
431700,6391126.5591339953,2855433.6457238947,0,-3078.1792081426515,6889.6830855781127,0
432000,5152367.9799002083,4738470.6604239978,0,-5108.1074453100791,5554.2919066529612,0
432300,3379408.6060990826,6130220.0183209963,0,-6608.4238483334639,3643.028204381676,0
432600,1256069.9951028673,6886384.2593484642,0,-7423.5746567430351,1354.0530170216236,0
432900,-997498.75318822789,6928563.7932682671,0,-7469.0445154159961,-1075.3112497677407,-0
433200,-3147646.1952737439,6252385.4191323454,0,-6740.1190804377193,-3393.1865611342723,-0
433500,-4971443.6745670717,4927955.7415430471,0,-5312.3738052821764,-5359.2541281501644,-0
433800,-6279798.7065311726,3092592.4732252462,0,-3333.8382296490249,-6769.6708129475155,-0
434100,-6937060.207940246,936587.24709023582,0,-1009.6481824825763,-7478.2037151145096,-0
434400,-6875082.8876076061,-1316523.9414933133,-0,1419.2228314587085,-7411.3916919704861,0
434700,-6100292.5935891401,-3433137.0891069164,-0,3700.9479180922085,-6576.1618566388534,0
435000,-4693020.0771631645,-5193800.3961784551,-0,5598.9563668206083,-5059.1113705454027,0
435300,-2799172.2493620645,-6415967.1693674801,-0,6916.4614525182023,-3017.5289945537602,0
435600,-615104.45948237425,-6972922.3790262379,-0,7516.8634085593467,-663.08729003382552,0
435900,1632737.7526201173,-6806920.5541984281,0,7337.9121776442389,1760.1037271488342,0
436200,3711296.674365181,-5935172.869836729,0,6398.1615373983504,4000.8060685940804,0
436500,5405065.9925618963,-4448062.6812187433,0,4795.045432887895,5826.7022880600143,0
436800,6538434.6252525663,-2499774.5200914256,0,2694.7759631232711,7048.4823022914597,0
437100,6993894.1905663805,-292308.14419345075,0,315.11040474517404,7539.4711810553536,0
437400,6724222.3506126646,1945464.9263148091,0,-2097.2260011438125,7248.7628846079115,0
437700,5757378.8535572514,3981530.9538683468,0,-4292.1206791576069,6206.4982343258998,0
438000,4193606.6491203723,5604789.3156169048,0,-6042.0055507815032,4520.7398931445223,0
438300,2195038.6356880395,6646939.5504876385,0,-7165.4514377290243,2366.2683598209874,0
438600,-31112.381882377253,6999930.8582080752,0,-7545.9787547294754,-33.539384523797622,-0
438900,-2254037.6478785109,6627164.8751141196,0,-7144.1341871342875,-2429.8697441142695,-0
439200,-4243262.8545662416,5567290.2158104163,0,-6001.5812357142404,-4574.2696606415266,-0
439500,-5792543.8652434871,3930195.3601863198,0,-4236.7805183570499,-6244.4063846304061,-0
439800,-6741250.2377251172,1885615.3458144846,0,-2032.707697737236,-7267.1190765462625,-0
440100,-6991019.4909213027,-354466.4688775161,-0,382.11755195799725,-7536.3722329532302,0
440400,-6515955.3895405391,-2557796.9742568783,-0,2757.3246104311738,-7024.2495150623308,0
440700,-5365312.8822623547,-4495933.4598534321,-0,4846.6504966902212,-5783.8481325217417,0
441000,-3658391.3172794371,-5967928.7001148444,-0,6433.4725718041163,-3943.7736908939055,0
441300,-1572165.4098751571,-6821165.2907690275,-0,7353.2681121107089,-1694.8062805402408,0
441600,677063.6088020223,-6967179.1185268089,0,7510.6721300182526,729.87972468751377,0
441900,2856094.241182717,-6390831.3767054547,0,6889.3648766729557,3078.8913350762937,0
442200,4739003.2031099433,-5151878.1663499866,0,5553.7638839169304,5108.6815303797111,0
442500,6130569.2938691191,-3378774.9456081106,0,3642.3451135484297,6608.8003700333347,0
442800,6886514.0546474243,-1255358.1859945348,0,1353.2856813839276,7423.7145770634334,0
443100,6928460.6510587772,998214.91009209771,0,-1076.0832723621252,7468.9333273289631,0
443400,6252060.0332643948,3148292.4483691165,0,-3393.8832268909277,6739.7683119949525,0
443700,4927441.8482307186,4971953.0199213112,0,-5359.8032063196179,5311.8198243792867,0
444000,3091943.3532545459,6280118.3348934632,0,-6770.0153747553568,3333.1384733789459,0
444300,935870.20163326024,6937156.9800383607,0,-7478.3080361729917,1008.8752020211831,0
444600,-1317234.5687067779,6874946.7700487617,0,-7411.2449562058073,-1419.9888930047366,-0
444900,-3433767.6197946602,6099937.6991285533,0,-6575.7792777085751,-3701.6276349737459,-0
445200,-5194285.4565168153,4692483.2014848953,0,-5058.5326144770625,-5599.4792655580632,-0
445500,-6416256.4679920636,2798509.0560779036,0,-3016.8140671446286,-6916.7733186378964,-0
445800,-6972985.9212710792,614383.70889481786,0,-662.31031541345862,-7516.9319075830235,-0
446100,-6806751.7519631013,-1633441.3326309843,-0,1760.8621917568112,-7337.7302075494863,0
446400,-5934789.2246445315,-3711910.1361756036,-0,4001.4673850959184,-6397.7479649605175,0
446700,-4447503.9696476106,-5405525.7320605526,-0,5827.1978907394978,-4794.4431375608119,0
447000,-2499098.6697129905,-6538692.9763553506,-0,7048.7608067470492,-2694.0473912701541,0
447300,-291585.2276055126,-6993924.3672663681,-0,7539.5037117676657,-314.33109515990327,0
447600,1946159.9566598656,-6724021.2241703765,0,7248.5460687719706,2097.9752491469631,0
447900,3982126.0367815644,-5756967.2768903561,0,6206.0545515457015,4292.7621830683483,0
448200,5605222.7525227312,-4193027.2947598957,0,4520.1153447333754,6042.4727990656893,0
448500,6647166.40237155,-2194351.5714631649,0,2365.5276993560378,7165.6959857868806,0
448800,6999927.6049222266,31835.920715107906,0,-34.319364893691827,7545.975247662569,0
449100,6626931.8539612601,2254722.6443519765,0,-2430.6081755274581,7143.8829885575506,0
449400,5566851.5865721237,4243838.287809683,0,-4574.8899820586585,6001.1083900561398,0
449700,3929596.6002214598,5792950.0739716338,0,-6244.8442807317651,4236.1350505566525,0
450000,1884918.5349376625,6741445.1059582531,0,-7267.3291459850916,2031.9565303072925,0
450300,-355189.08487067471,6990982.8145968691,0,-7536.3326955962802,-382.8965374998042,-0
450600,-2558470.4740798469,6515690.9712832207,0,-7023.9644701679608,-2758.0506483676022,-0
450900,-4496488.0146155003,5364848.1371255228,0,-5783.3471337261908,-4847.2483109454861,-0
451200,-5968306.8132249918,3657774.4303349517,0,-3943.108682071469,-6433.8801806153815,-0
451500,-6821327.75921911,1571460.3403544214,0,-1694.0462102292843,-7353.4432543367475,-0
451800,-6967109.0974844182,-677783.75884192029,-0,730.6560519129323,-7510.5966468014922,0
452100,-6390536.1259968746,-2856754.8061268562,-0,3079.603429114869,-6889.0465941613975,0
452400,-5151388.2977567771,-4739535.695164091,-0,5109.2555608678713,-5553.2358018441419,0
452700,-3378141.2490180973,-6130918.5039178664,-0,6609.1768211243707,-3641.661983800142,0
453000,-1254646.3634738773,-6886643.7763704471,-0,7423.8544180684021,-1352.5183312876432,0
453300,998931.05633097747,-6928357.4348251903,0,7468.8220594433797,1076.8552834595691,0
453600,3148938.6678279373,-6251734.5805990547,0,6739.4174715440813,3394.5798563871249,0
453900,4972462.3121548956,-4926927.902273301,0,5311.2657867245825,5360.3522272246018,0
454200,6280437.8961585807,-3091294.2002493357,0,3332.4386814974082,6770.3598642319366,0
454500,6937253.6780194594,-935153.14617739304,0,1008.1022107809049,7478.4122773327708,0
454800,6874810.5790375592,1317945.1818468242,0,-1420.7549393795155,7411.0981412589317,0
455100,6099582.7394960485,3434398.11379547,0,-3702.3073123064905,6575.3966285224769,0
455400,4691946.2756715491,5194770.4613593733,0,-5600.0021044706227,5057.9538043627335,0
455700,2797845.8328942982,6416545.6980649661,0,-6917.0851108583593,3016.0991075036723,0
456000,613662.9517431478,6973049.3890161077,0,-7517.0003262953369,661.53333371692815,0
456300,-1634144.8951900625,6806582.8770040181,0,-7337.548159057972,-1761.6206375516288,-0
456600,-3712523.558327747,5934405.5160446791,0,-6397.3343241687517,-4002.1286588458329,-0
456900,-5405985.4138062363,4446945.2105590701,0,-4793.840791009603,-5827.6934311608429,-0
457200,-6538951.2575983331,2498422.7926340289,0,-2693.3187906336675,-7049.0392358932449,-0
457500,-6993954.4692428336,290862.30790225684,0,-313.5517822162995,-7539.5361619274563,-0
457800,-6723820.0258882288,-1946854.9662120321,-0,2098.7244747352142,-7248.3291754921156,0
458100,-5756555.6387156649,-3982721.0771495053,-0,4293.4036411149509,-6205.6108024596342,0
458400,-4192447.8956008563,-5605656.1295420174,-0,6042.9399827917168,-4519.4907480290367,0
458700,-2193664.483793702,-6647393.1832367294,-0,7165.9404572859921,-2364.7870136176448,0
459000,32559.459207701617,-6999924.2768487232,0,7545.9716599739913,35.099344896915824,0
459300,2255407.6167358453,-6626698.7620058563,0,7143.6317136551215,2431.3465809718778,0
459600,4244413.6757116923,-5566412.8978572516,0,6000.6354802818223,4575.5102545973823,0
459900,5793356.2208075421,-3928997.7982725506,0,4235.4895374971229,6245.2821101128229,0
460200,6741639.9021653691,-1884221.7039222582,0,2031.2053411677989,7267.5391377793267,0
460500,6990946.0635803426,355911.69706896815,0,-383.67551895072074,7536.2930777206893,0
460800,6515426.4834118551,2559143.9465679568,0,-2758.7766568368461,7023.6793502291221,0
461100,5364383.3346703192,4497042.5213368107,0,-4847.8460734124501,5782.8460731410059,0
461400,3657157.5043105767,5968684.8625693787,0,-6434.2877206866751,3942.4436311206177,0
461700,1570755.254044106,6821490.1547897039,0,-7353.6183179981463,1693.2861218190349,0
462000,-678503.90164033463,6967039.0020050034,0,-7510.5210833410565,-731.43237133197692,-0
462300,-2857415.3405492497,6390240.8070114106,0,-6888.7282380468432,-3080.3154902507731,-0
462600,-4740068.1365807438,5150898.3741258169,0,-5552.70766044024,-5109.8295367684323,-0
462900,-6131267.6484634997,3377507.5163358119,0,-3640.9788151441126,-6609.5532016025563,-0
463200,-6886773.4245161396,1253934.5275484978,0,-1351.7509667409688,-7423.9941797564516,-0
463500,-6928254.1445686044,-999647.19189721951,-0,1077.6272830518246,-7468.7107117604419,0
463800,-6251409.0611397931,-3149584.8536433065,-0,3395.2764496154196,-6739.0665590888575,0
464100,-4926413.9036762798,-4972971.5512623908,-0,5360.9011908592493,-5310.7116923239864,0
464400,-3090645.0142165469,-6280757.3903231155,-0,6770.7042813735688,-3331.73885401189,0
464700,-934436.08073068608,-6937350.3018824635,-0,7478.5164385926691,-1007.3292087704253,0
465000,1318655.7809054716,-6874674.3145755343,0,7410.9512471315002,1421.5209705744392,0
465300,3435028.5711033037,-6099227.7146950336,0,6575.0139090842213,3702.9869500839291,0
465600,5195255.4107006816,-4691409.2997291647,0,5057.3749402089097,5600.5248835524135,0
465900,6416834.8595830956,-2797182.5798183396,0,3015.3841156385256,6917.3968291762576,0
466200,6973112.7822606433,-612942.18803506799,0,660.75634495253416,7517.0686646955564,0
466500,6806413.9293229803,1634848.4402898331,0,-1762.3790645251822,7337.3660321716416,0
466800,5934021.7440412696,3713136.9408150581,0,-4002.7898898367594,6396.9206150274758,0
467100,4446386.4039590899,5406445.0377940359,0,-5828.1889093187519,4793.2383932407065,0
467400,2497746.8888617628,6539209.4689787542,0,-7049.3175897270712,2692.5901612215994,0
467700,290139.38509141013,6993984.4964954564,0,-7539.568531534379,312.77246592268943,0
468000,-1947549.9549638801,6723618.7557683708,0,-7248.1122047706667,-2099.4736779005671,-0
468300,-3983316.0749658076,5756143.9390375763,0,-6205.1669870724372,-4294.0450532905661,-0
468600,-5606089.4466701252,4191868.4516494418,0,-4518.8661030381791,-6043.4071019546054,-0
468900,-6647619.8930807486,2192977.3726869901,0,-2364.0463026137204,-7166.1848522237569,-0
469200,-6999920.8739875965,-33282.997352431164,-0,35.879324525136226,-7545.9679916637888,0
469500,-6626465.599250393,-2256092.5650228034,-0,2432.084960439639,-7143.3803624296906,0
469800,-5565974.149670478,-4244989.0182661293,-0,4576.1304782510688,-6000.1625063963438,0
470100,-3928398.9543459853,-5793762.3057468804,-0,6245.7198727688956,-4234.8439791853607,0
470400,-1883524.8527757123,-6741834.6263443949,-0,7267.7490519267203,-2030.4541303267815,0
470700,356634.30546467897,-6990909.23787212,0,7536.2533793268713,384.45449630242427,0
471000,2559817.3917140141,-6515161.9259292763,0,7023.3941552488559,2759.5026358311502,0
471300,4497596.9800114399,-5363918.4749017181,0,5782.3449507715313,4848.4437840847258,0
471600,5969062.8481439659,-3656540.5392129095,0,3941.7785380484534,6434.6951920136407,0
471900,6821652.4774790732,-1570050.1509517482,0,1692.5260153176114,7353.7933030930344,0
472200,6966968.8320893105,679224.03718956839,0,-732.20868293635272,7510.4454396377505,0
472500,6389945.4197522178,2858075.8444428393,0,-3081.0275184763964,6888.4098083326926,0
472800,5150408.3954623379,4740600.5273542153,0,-5110.4034580752586,5552.1794597108701,0
473100,3376873.7475680267,6131616.7275022892,0,-6609.929511463868,3640.2956075876432,0
473400,1253222.6782260041,6886902.9990831194,0,-7424.133862126092,1350.983587752105,0
473700,-1000363.3167831688,6928150.7802901203,0,-7468.5992842813394,-1078.3992711306444,-0
474000,-3150231.0058083162,6251083.4748900896,0,-6738.7155746330318,-3395.9730065683739,-0
474300,-4973480.7372383485,4925899.852445147,0,-5310.1575411834183,-5361.4500972176993,-0
474600,-6281076.8173834737,3089995.7951634708,0,-3331.0389909302517,-6771.0486261763908,-0
474900,-6937446.851626439,933719.00530000916,0,-1006.5561959971529,-7478.6205199516953,-0
475200,-6874537.9766639145,-1319366.3658763045,-0,1422.2869865825874,-7410.8042738248487,0
475500,-6098872.6247294927,-3435658.9917110838,-0,3703.6665482984235,-6574.631119398111,0
475800,-4690872.2736631762,-5195740.3045358313,-0,5601.0476027981349,-5056.7960220214618,0
476100,-2796519.2968571084,-6417123.9525433714,-0,6917.7084735882563,-3014.6690915568279,0
476400,-612221.41777787963,-6973176.101004052,-0,7517.1369227829837,-659.9793491281514,0
476700,1635551.9679227816,-6806244.9089218006,0,7337.1838268924339,1763.1374726693687,0
477000,3713750.283631321,-5933637.9086381989,0,6396.5068375408709,4003.4510780619935,0
477300,5406904.6040190412,-4445827.5498536481,0,4792.6359442605517,5828.6843252079316,0
477600,6539467.610493998,-2497070.9584030472,0,2691.8615030413289,7049.5958682457067,0
477900,6994014.4490239145,-289416.45918069954,0,311.99314628739893,7539.6008205880871,0
478200,6723417.4138128432,1948244.9229083634,0,-2100.2228586354236,7247.8951566098222,0
478500,5755732.1778604891,3983911.0302241128,0,-4294.68641958834,6204.7231053888581,0
478800,4191288.9629115262,5606522.7039026637,0,-6043.8741565496157,4518.2414097671372,0
479100,2192290.2381503712,6647846.5319011845,0,-7166.4291705975602,2363.3055663521814,0
479400,-34006.535141165208,6999917.3963388819,0,-7545.9642427320023,-36.659303769590814,-0
479700,-2256777.4892055285,6626232.3656973587,0,-7143.1289348839446,-2432.8233139228573,-0
480000,-4245564.3154665222,5565535.3420167333,0,-5999.6894684050203,-4576.7506530127566,-0
480300,-5794168.3287853012,3927800.0684481612,0,-4234.1983756282643,-6246.1575686953156,-0
480600,-6742029.2784931334,1882827.981505851,0,-2029.7028977926798,-7267.9588884249215,-0
480900,-6990872.3374725906,-357356.91005009005,-0,385.23346954659212,-7536.213600415258,0
481200,-6514897.2988384487,-2560490.8095104573,-0,2760.2285853423564,-7023.1088852303692,0
481500,-5363453.5578246787,-4498151.3906334704,-0,4849.0414429559269,-5781.8437666231275,0
481800,-3655923.535048876,-5969440.7699445151,-0,6435.1025945916963,-3941.1134028624488,0
482100,-1569345.0310848772,-6821814.7272854922,-0,7353.9682096195356,-1691.7658907331352,0
482400,679944.16548153444,-6966898.5877381368,0,7510.3697156924181,732.98498671733864,0
482700,2858736.3178005689,-6389649.9642224573,0,6888.0913050223426,3081.7395137841304,0
483000,4741132.8674785234,-5149918.3617718518,0,5551.6511996619583,5110.977324781903,0
483300,6131965.7410305049,-3376239.9427215178,0,3639.612361138029,6610.305750704284,0
483600,6887032.5000699284,-1252510.8155143971,0,1350.2161943296705,7424.2734651757528,0
483900,6928047.3419908443,1001079.430981172,0,-1079.1712476877794,7468.4877770072617,0
484200,6250757.8218536023,3150877.1243157056,0,-3396.6695272381589,6738.3645181805487,0
484500,4925385.7485853946,4973989.8700773297,0,-5361.9989462940866,5309.6033333088035,0
484800,3089346.5430963305,6281396.1773365932,0,-6771.392898637102,3330.3390922592048,0
485100,933001.91989302612,6937543.3272503568,0,-7478.7245214087361,1005.7831724693476,0
485400,-1320076.9367501636,6874401.5653044544,0,-7410.6572213408699,-1423.0529873940918,-0
485700,-3436289.3756124172,6098517.4696030235,0,-6574.2482594680268,-3704.3461069430937,-0
486000,-5196225.1428588359,4690335.1974802082,0,-5056.2170498075293,-5601.5702622013459,-0
486300,-6417412.9769428549,2795855.9840173251,0,-3013.9540352658255,-6918.020044091204,-0
486600,-6973239.3452455448,611500.64098046965,0,-659.20234625336286,-7517.205100556781,-0
486900,-6806075.8158021858,-1636255.4780817823,-0,1763.8958619765021,-7337.0015432222026,0
487200,-5933254.0098401941,-3714363.5867689755,-0,4004.1122235133798,-6396.0929917140475,0
487500,-4445268.6482484015,-5407364.1124766013,-0,5829.1796788233542,-4792.0334440752467,0
487800,-2496395.0012662136,-6539725.6821408868,-0,7049.8740714457153,-2691.1328161018455,0
488100,-288693.530177448,-6994044.3268279126,-0,7539.6330290882479,-311.21382331832575,0
488400,1948939.8700369128,-6723216.0000241343,0,7247.6780310122531,2100.972016930546,0
488700,3984505.9429183919,-5755320.3551885821,0,6204.2791574133844,4295.3277400017705,0
489000,5606955.9012342887,-4190709.4293942619,0,4517.6166682236089,6044.3411465709878,0
489300,6648073.0996954916,-2191603.0801915703,0,2362.5648048413454,7166.6734124046598,0
489600,6999913.843902613,34730.072567364026,0,-37.439282623232991,7545.9604131786655,0
489900,6625999.061349377,2257462.3892763243,0,-2433.5616414132337,7142.8774310207091,0
490200,5565096.4748999802,4246139.5673076753,0,-4577.3707788768415,5999.2163663121273,0
490500,3927201.1405858062,5794574.2899182467,0,-6246.5951978871635,4233.5527268330889,0
490800,1882131.0901189726,6742223.8586098272,0,-7268.168647272033,2028.9516435722824,0
491100,-358079.51081708033,6990835.3623821689,0,-7536.173740986299,-386.01243867447369,-0
491400,-2561164.1999511989,6514632.602141764,0,-7022.8235401762413,-2760.9545053639113,-0
491700,-4498705.7531966669,5362988.5834444258,0,-5781.3425207014234,-4849.6390500193447,-0
492000,-5969818.6279676044,3655306.4918240486,0,-3940.4482255686139,-6435.5099284171711,-0
492300,-6821976.90420713,1568639.8944514119,0,-1691.005748074145,-7354.1430375756918,-0
492600,-6966828.2689521089,-680664.28650973039,-0,733.76128266792136,-7510.2939115057507,0
492900,-6389354.4404254444,-2859396.7606150238,-0,3082.4514761659761,-6887.7727281193747,0
493200,-5149428.2730587795,-4741665.1569488654,-0,5111.5511368831794,-5551.1228802982823,0
493500,-3375606.1018034006,-6132314.6890442343,-0,6610.6819193195761,-3638.929075802947,0
493800,-1251798.9394201036,-6887161.9274754049,-0,7424.4129889041651,-1349.4487864805988,0
494100,1001795.5344831866,-6927943.8296719445,0,7468.3761899394567,1079.9432127145576,0
494400,3151523.2091596387,-6250432.102033278,0,6738.0133897345713,3397.3660116184828,0
494700,4974498.9497736152,-4924871.5921028042,0,5309.0490687063593,5362.547738082244,0
495000,6281715.4701790614,-3088697.2580220681,0,3329.6391580062236,6771.7370987520235,0
495300,6937639.7287530247,-932284.82451858476,0,1005.0101381965425,7478.8284429625101,0
495600,6874265.0804983117,1320787.493521018,0,-1423.8189730024526,7410.5100896808117,0
495900,6098162.2493200051,3436919.7227995275,0,-3705.0256260095525,6573.8653292986919,0
496200,4689798.0711848158,5196709.9256655825,0,-5602.0928617576101,5055.6380235720271,0
496500,2795192.6413071728,6417701.9327779822,0,-6918.331540681258,3013.2389467743415,0
496800,610779.85764895589,6973302.5149845863,0,-7517.2731980163726,658.42533633476148,0
497100,-1636958.9707581545,6805906.6499662213,0,-7336.8191811631968,-1764.6542324372303,-0
497400,-3714976.8502228144,5932870.0476505142,0,-6395.6790775505169,-4004.7733261853136,-0
497700,-5407823.5631610435,4444709.6991502419,0,-4791.4308926922231,-5829.6749701589215,-0
498000,-6539983.6839172253,2495719.0174569963,0,-2690.4041004093306,-7050.1521993247406,-0
498300,-6994074.1299070744,287970.59809056896,0,-310.43449702508184,-7539.6651570344693,-0
498600,-6723014.5144039476,-1949634.796343636,-0,2101.7211527795757,-7247.4608279798049,0
498900,-5754908.4710269282,-3985100.813041314,-0,4295.9690145229461,-6203.8351431514975,0
499200,-4190129.8511031987,-5607389.0386608569,-0,6044.8080720142416,-4516.9918784135843,0
499500,-2190915.8988167895,-6648299.5964616276,-0,7166.917577642841,-2361.8240180879061,0
499800,35453.609621708798,-6999910.216678841,0,7545.9565030038193,38.21926107601368,0
500100,2258147.2652290054,-6625765.6862085592,0,7142.6258508422479,2434.2999429040992,0
500400,4246714.7737821778,-5564657.5483258804,0,5998.7432001237512,4577.9908558353309,0
500700,5794980.1891420465,-3926602.1707643378,0,4232.9070328056623,6247.032760340483,0
501000,6742418.3666919693,-1881434.1786240588,0,2028.2003676752654,7268.3783284653528,0
501300,6990798.3126011873,358802.10775911878,0,-386.79140367903119,7536.1338010403506,0
501600,6514367.8358426308,2561837.5630275607,0,-2761.680395886458,7022.5381200901493,0
501900,5362523.5517651569,4499260.0676960209,0,-4850.2366052695761,5780.8412130109509,0
502200,3654689.4095463781,5970196.4222083641,0,-6435.9171934848127,3939.7830061755208,0
502500,1567934.7410577249,6822139.0082425224,0,-7354.3177869599231,1690.2455873475103,0
502800,-681384.40026487468,6966757.8757321332,0,-7510.2180270787239,-734.53757077809985,-0
503100,-2860057.1728802328,6389058.8483638465,0,-6887.4540776266695,-3083.1634056155058,-0
503400,-4742197.3957583774,5148938.1293294355,0,-5550.5945016266469,-5112.1248943716992,-0
503700,-6132663.5715403156,3374972.2248193999,0,-3638.2457515885694,-6611.0580173063481,-0
504000,-6887291.2812978737,1251087.0499522933,0,-1348.6813642147763,-7424.5524333095382,-0
504300,-6927840.2433343492,-1002511.6272827466,-0,1080.7151662040042,-7468.2645230789376,0
504600,-6250106.3154333085,-3152169.2603317965,-0,3398.0624597003707,-6737.66218929963,0
504900,-4924357.3830020139,-4975007.9763226099,-0,5363.0964725772101,-5308.4947473810971,0
505200,-3088047.9399486864,-6282034.6959069483,-0,6772.0812265169052,-3328.9391881799411,0
505500,-931567.71918276616,-6937736.0561336325,-0,7478.9322846121277,-1004.2370931852968,0
505800,1321498.0361797151,-6874128.5222472511,0,7410.362878846563,1424.5849433978008,0
506100,3437550.0332670668,-6097806.9638834577,0,6573.4823288933476,3705.7051054920353,0
506400,5197194.652949824,-4689260.8947839271,0,5055.0589433224113,5602.6154014601934,0
506700,6417990.8200463019,-2794529.2687322837,0,3012.5238260884385,6918.6429633557727,0
507000,6973365.6102203596,-610059.06779262866,0,657.64831938235773,7517.3412151608782,0
507300,6805737.4114153413,1637662.4459459267,0,-1765.4125840451175,7336.6367407169628,0
507600,5932486.0220741043,3715590.073984934,0,-4005.4343860692757,6395.2650950556163,0
507900,4444150.7025639135,5408282.9560684664,0,-5830.1701992104263,4790.8282901165967,0
508200,2495043.0069841053,6540241.6158196889,0,-7050.430251879201,2689.675355973176,0
508500,287247.66292619909,6994103.8582611475,0,-7539.6972044264794,309.65516741427979,0
508800,-1950329.7018195759,6722812.9569548788,0,-7247.2435475152779,-2102.4702661728652,-0
509100,-3985695.6405871715,5754496.5253794752,0,-6203.3910626074539,-4296.6102431457266,-0
509400,-5607822.116178208,4189550.2280438896,0,-4516.3670403430533,-6045.2749328749105,-0
509700,-6648526.022196671,2190228.6940348824,0,-2361.083206101408,-7167.1616663089653,-0
510000,-6999906.5146675892,-36177.146298063934,-0,38.999239121315291,-7545.9525122075065,0
510300,-6625532.2402779069,-2258832.1170547525,-0,2435.038218385941,-7142.374194351808,0
510600,-5564218.5622981507,-4247289.9348851535,-0,4578.6108838829623,-5998.2699698439128,0
510900,-3926003.1589914663,-5795386.0264514787,-0,6247.4702560496316,-4232.2612935543048,0
511200,-1880737.2470270195,-6742612.8027379159,-0,7268.5879320030945,-2027.4490701080038,0
511500,359524.70086689846,-6990761.188130131,0,7536.0937805779222,387.57036455022859,0
511800,2562510.8987338319,-6514102.9999433029,0,7022.2526249745079,2762.4062569038392,0
512100,4499814.3341243919,-5362058.4627928725,0,5780.3398435581612,4850.8341086989221,0
512400,5970574.1526635922,-3654072.2882211059,0,3939.1177446888091,6436.3243897911661,0
512700,6822301.0393895796,-1567229.570912906,0,1689.4854085630232,7354.4924577699785,0
513000,6966687.4080788074,682104.50674085529,0,-735.31385104128731,7510.1420624119828,0
513300,6388763.1880414728,2860717.5545876855,0,-3083.875302123543,6887.1353535483313,0
513600,5148447.9305879762,4742729.5839025425,0,-5112.6985972425909,5550.0660636515395,0
513900,3374338.3117776839,6133012.3885142561,0,-6611.4340446597571,3637.5623885037039,0
514200,1250375.1471170082,6887420.5615362376,0,-7424.6917983906906,1347.9139275387158,0
514500,-1003227.7093706229,6927736.5829793941,0,-7468.1527764271441,-1081.4871081461754,-0
514800,-3152815.2778266934,6249780.4620564571,0,-6737.310916878705,-3398.7588714779181,-0
515100,-4975516.9497177517,4923843.121289649,0,-5307.9403693401591,-5363.6451497719218,-0
515400,-6282353.8545175381,3087398.5888816933,0,-3328.2391827862953,-6772.4252819288331,-0
515700,-6937832.3093909314,930850.60389480612,0,-1003.4640374455698,-7479.0360463562583,-0
516000,-6873991.8905524248,-1322208.5647202309,-0,1425.3508985736373,-7410.2155888393791,0
516300,-6097451.6132979551,-3438180.3070069202,-0,3706.3845453817871,-6573.0992582569343,0
516600,-4688723.6682820935,-5197679.3247074541,-0,5603.1378813046576,-5054.479809063595,0
516900,-2793865.8663012004,-6418279.6387440981,-0,6918.9543121107317,-3011.8086732173306,0
517200,-609338.27141759975,-6973428.6309523406,-0,7517.4091519897165,-656.87129540274407,0
517500,1638365.9036360381,-6805568.1001517344,0,7336.4542218858433,1766.1709167903928,0
517800,3716203.2580501335,-5932101.9331142297,0,6394.8510442328461,4006.0954031596552,0
518100,5408742.2911929553,-4443591.6584966248,0,4790.2256363561246,5830.6653659714884,0
518400,6540499.4778460879,-2494366.9698532806,0,2688.9465827995605,7050.7082291067354,0
518700,6994133.5118897473,-286524.72469365585,0,308.87583449595979,7539.7291712638653,0
519000,6722611.3276788592,1951024.5864580704,0,-2103.2193571032321,7247.0261896207567,0
519300,5754084.5182501711,3986290.4255502629,0,-4297.251425863963,6202.9469157855119,0
519600,4188970.5602238039,5608255.1337807635,0,-6045.7417291469746,4515.7421540200676,0
519900,2189541.4658516794,6648752.3768986985,0,-7167.4056784009636,2360.342368888138,0
520200,-36900.682587104398,6999902.7378689079,0,-7545.9484407897762,-39.779216749088775,-0
520500,-2259516.9447477493,6625298.723559401,0,-7142.1224615515275,-2435.7764678524973,-0
520800,-4247865.0506091872,5563779.5168224489,0,-5997.7966754787085,-4579.2308630117532,-0
521100,-5795791.8018430928,3925404.1052722745,0,-4231.6155090844959,-6247.9076850109086,-0
521400,-6742807.1667451551,1880040.2953368316,0,-2026.6977508801776,-7268.7974578825651,-0
521700,-6990723.9889693074,-360247.29013429204,-0,388.34932128145698,-7536.0536795993603,0
522000,-6513838.0944471871,-2563184.2070613415,-0,2763.1320884067018,-7021.9670548330005,0
522300,-5361593.3165315101,-4500368.5524770822,-0,4851.4315603023106,-5779.8384123473115,0
522600,-3653455.1278561777,-5970951.8193284255,-0,6436.731517330978,-3938.452441117051,0
522900,-1566524.384022933,-6822462.9976469344,-0,7354.6670500043701,-1688.725211727133,0
523200,682824.60592839681,-6966616.8659930453,0,7510.0660175064977,736.09012344748226,0
523500,2861377.9057317809,-6388467.4594608387,0,6886.8165558870587,3084.5871656840491,0
523800,4743261.7213745052,-5147957.6768407263,0,5549.5375663797604,5113.2722454884652,0
524100,6133361.1399630951,-3373704.3626836357,0,3636.8789865541444,6611.8100013766107,0
524400,6887549.7681888314,-1249663.2309234242,0,1347.1464764623036,7424.8310841458251,0
524700,6927632.8486079564,1003943.780740737,0,-1082.2590385345202,7468.040949985023,0
525000,6249454.5419069221,3153461.2616360043,0,-3399.4552469421492,6736.959572476323,0
525300,4923328.8069700729,4976025.8699547211,0,-5364.1937696617215,5307.3859345882529,0
525600,3086749.2048294568,6282672.9460067181,0,-6772.7692649833743,3327.5391418343102,0
525900,930133.47866079188,6937928.4885241063,0,-7479.1397281940226,1002.6909709839216,0
526200,-1322919.0791334065,6873855.1854155939,0,-7410.0682196611579,-1426.1168385200956,-0
526500,-3438810.5440137354,6097096.1975665092,0,-6572.7161173927025,-3707.0639456730478,-0
526800,-5198163.9409322236,4688186.3916862356,0,-5053.9006208030423,-5603.6603012842806,-0
527100,-6418568.3888689149,2793202.4340195493,0,-3011.0934881670855,-6919.2655869435002,-0
527400,-6973491.5771797085,608617.46853315283,0,-656.09426440593109,-7517.4770085020191,-0
527700,-6805398.7161768293,-1639069.3438225242,-0,1766.9292306666227,-7336.2716246713953,0
528000,-5931717.7807758329,-3716816.4024105174,-0,4006.7563774479345,-6394.4369250875507,0
528300,-4443032.5669537261,-5409201.5685301116,-0,5831.1604704373558,-4789.6229314165857,0
528600,-2493690.906073228,-6540757.2699931096,-0,7050.9861310037577,-2688.2177808978749,0
528900,-285801.78339986462,-6994163.0907925991,-0,7539.7610575463141,-308.09649827759131,0
529200,1951719.4502524615,-6722409.6265778271,0,7246.8087542983158,2103.968425563497,0
529500,3986885.1679229257,-5753672.4496443309,0,6202.5027026913867,4297.8925626693945,0
529800,5608688.0914648483,-4188390.8476478634,0,4515.1172194499241,6046.2084608264749,0
530100,6648978.6605647942,-2188854.21427604,0,2359.6015064576382,7167.649613915688,0
530400,6999898.8862828268,37624.218482688382,0,-40.559193952716512,7545.9442887506648,0
530700,6625065.1360560488,2260201.7482991731,0,-2436.514691294255,7141.870652444647,0
531000,5563340.4119024975,4248440.1209493997,0,-4579.8507932164421,5997.3233170321573,0
531300,3924805.0096144802,5796197.515311663,0,-6248.3450472186732,4230.9696794045603,0
531600,1879343.3235594092,6743001.4587120395,0,-7269.0069061019894,2025.9464099981619,0
531900,-360969.87555198645,6990686.7151191952,0,-7536.0134981051806,-389.12827386268077,-0
532200,-2563857.4880043729,6513573.1193565289,0,-7021.68140966805,-2763.8578903888915,-0
532500,-4500922.7227469459,5361128.1129870648,0,-5779.3369193848639,-4852.0289600720516,-0
532800,-5971329.4221996544,3652837.9284568285,0,-3937.7870954658924,-6437.1385761008059,-0
533100,-6822624.8830124941,1565819.18039689,0,-1687.964996849634,-7354.8415636608534,-0
533400,-6966546.2494754381,-683544.69782139349,-0,736.86638799009825,-7509.9898923629216,0
533700,-6388171.6626257468,-2862038.2263040156,-0,3085.298996287851,-6886.4976846469644,0
534000,-5147467.3680918375,-4743793.808169757,-0,5113.8458391044505,-5549.0090098157989,0
534300,-3373070.3775454182,-6133709.8258823464,-0,6612.1858874520585,-3636.1955457486961,0
534600,-1248951.3013775779,-6887678.9012545645,-0,7424.970290573754,-1346.3790109920508,0
534900,1004659.841383866,-6927529.040221381,0,7467.9290437540103,1083.0309573590932,0
535200,3154107.2117542494,-6249128.5549874753,0,6736.6081560954581,3400.1515860871555,0
535500,4976534.7370269615,-4922814.4400499184,0,5306.8314431325125,5364.7423322395407,0
535800,6282991.9703717809,-3086099.7877974906,0,3326.8390653299193,6773.1131756776085,0
536100,6938024.5935319178,-929416.34348996601,0,1001.9178938103111,7479.2433301240835,0
536400,6873718.4068379179,1323629.5794132121,0,-1426.8827632306757,7409.92077131315,0
536700,6096740.7166937012,3439440.7442793907,0,-3707.7433063570606,6572.3329063055908,0
537000,4687649.0650009122,5198648.5016200198,0,-5604.182661394625,5053.3213785456701,0
537300,2792538.9718958805,6418857.0704170307,0,-6919.5767878500683,3010.3782709469215,0
537600,607896.65914540633,6973554.448901928,0,-7517.5447846972083,655.3172263985125,0
537900,-1639772.7664963182,6805229.259492809,0,-7336.088949075971,-1767.687525664039,-0
538200,-3717429.5070602046,5931333.5650625955,0,-6394.0227376236944,-4007.4173089277842,-0
538500,-5409660.7880755272,4442473.4279405773,0,-4789.0201753037563,-5831.6555126032945,-0
538800,-6541014.9922582731,2493014.8156504263,0,-2687.4889502751043,-7051.2639575676094,-0
539100,-6994192.5949694104,285078.8390517513,0,-307.3171587666435,-7539.7928632735275,-0
539400,-6722207.8536543772,-1952414.2931938008,-0,2104.7174715440087,-7246.5912415507619,0
539700,-5753260.3195654443,-3987479.8677001195,-0,4298.5336535565784,-6202.0584233288509,0
540000,-4187811.0903235343,-5609120.989224893,-0,6046.6751279073924,-4514.4922366406763,0
540300,-2188166.9393137903,-6649204.8731930461,-0,7167.8934728510658,-2358.8606188161943,0
540600,38347.753975497093,-6999894.9599094028,0,7545.9400560902177,41.33917072214944,0
540900,2260886.5277032135,-6624831.4777698405,0,7141.6187670332993,2437.2528887049516,0
541200,4249015.1458983812,-5562901.2475439617,0,5996.8498945103493,4580.4706744890391,0
541500,5796603.1668537445,-3924205.8720231717,0,4230.3238045199687,6248.7823426692157,0
541800,6743195.6786360638,-1878646.3317037376,0,2025.1950474716357,7269.2162766586625,0
542100,6990649.3665801138,361692.45711384818,0,-389.90722228729067,7535.973236095726,0
542400,6513308.0746747432,2564530.7415542491,0,-2764.583662841053,7021.3956894833391,0
542700,5360662.8521634825,4501476.8449292816,0,-4852.6263080030731,5778.8353646750766,0
543000,3652220.6900310102,5971706.9612724148,0,-6437.5455660954003,3937.1217077439073,0
543300,1565113.9600407619,6822786.6954848841,0,-7355.0159987379493,1687.2047639369778,0
543600,-684264.78241056413,6966475.5585268978,0,-7509.913686982235,-737.64264465913504,-0
543900,-2862698.5162987825,6387875.797538708,0,-6886.1787398307542,-3086.0107939289132,-0
544200,-4744325.844281435,5146977.004347628,0,-5548.4803939664644,-5114.4193780831629,-0
544500,-6134058.4462690447,3372436.356368409,0,-3635.512066093158,-6612.5617028829211,-0
544800,-6887807.9607317671,1248239.3584886389,0,-1345.6115311378448,-7425.1094176726911,-0
545100,-6927425.1578205414,-1005375.8912939379,-0,1083.8028646133453,-7467.8170577350602,0
545400,-6248802.5013023093,-3154753.1281731124,-0,3400.8478889039652,-6736.2566677406421,0
545700,-4922300.0205335431,-4977043.550930162,-0,5365.290837500721,-5306.2768949776482,0
546000,-3085450.3377941572,-6283310.927608625,-0,6773.457014007101,-3326.138953282144,0
546300,-928699.19838840968,-6938120.6244135564,-0,7479.3468521455543,-1001.1448059312975,0
546600,1324340.0655504954,-6873581.5548211643,0,7409.7732437972481,1427.648672695509,0
546900,3440070.9077985412,-6096385.1706825523,0,6571.9496249988406,3708.4226274280613,0
547200,5199133.0067645991,-4687111.6882330533,0,5052.7420822989325,5604.7049616289614,0
547500,6419145.683385998,-2791875.4799358263,0,3009.6630215629011,6919.8879148277929,0
547800,6973617.2461181907,-607175.84326365055,0,654.54018139049856,7517.6124805744121,0
548100,6805059.7301012967,1640476.1716506758,0,-1768.445801775372,7335.90619510132,0
548400,5930949.2859781999,3718042.571993317,0,-4008.0781975928671,6393.6084818452555,0
548700,4441914.2414643811,5410119.9498232864,0,-5832.1504924629207,4788.4173680254071,0
549000,2492338.6985913552,6541272.6446391121,0,-7051.5417087956312,2686.7600909382368,0
549300,284355.89165863313,6994222.0244198032,0,-7539.8245884450944,306.53781597315765,0
549600,-1953109.1152761888,6722006.0089102192,0,-7246.3736513799431,-2105.4664950384145,-0
549900,-3988074.5248741773,5752848.1280188197,0,-6201.614077703628,-4299.1746985172613,-0
550200,-5609553.8270572172,4187231.288255733,0,-4513.8672055976267,-6047.141730385777,-0
550500,-6649431.0147805307,2187479.6409737831,0,-2358.1197059733527,-7168.1372552039602,-0
550800,-6999890.9587486628,-39071.289059394941,-0,42.119147050769975,-7545.9357428084786,0
551100,-6624597.7487037778,-2261571.2829510537,-0,2437.9910600750741,-7141.3668053207321,0
551400,-5562462.0237505604,-4249590.1254512602,-0,4581.0905068242828,-5996.3764079173061,0
551700,-3923606.6925060642,-5797008.7564641181,-0,6249.2195713568935,-4229.6778844390474,0
552000,-1877949.319775725,-6743389.826515587,-0,7269.4255695508064,-2024.4436633069736,0
552300,362415.03481057048,-6990611.9433525475,0,7535.9328935715057,390.68616654525084,0
552600,2565203.9677052605,-6513042.9604040841,0,7021.1098942812841,2765.3094057570306,0
552900,4502030.9190169498,-5360197.5340667628,0,5778.3337482244015,4853.2236040876778,0
553200,5972084.4365435028,-3651603.4125839663,0,3936.4562779567373,6437.9524873113087,0
553500,6822948.4350620201,-1564408.7229636388,0,1686.4445129989574,7355.1903552334106,0
553800,6966404.7931480221,684984.85968979669,0,-738.41889344800597,7509.8374013650855,0
554100,6387579.8642035332,2863358.7757075736,0,-3086.7225585980618,6885.8597214425381,0
554400,5146486.5856122561,4744857.8297050269,0,-5114.9928624197337,5547.9517188362433,0
554700,3371802.2991607776,6134407.0011186991,0,-6612.9374476643543,3634.828547596338,0
555000,1247527.4022626502,6887936.9466193449,0,-7425.2484654414538,1344.8440369061996,0
555300,-1006091.9304617241,6927321.2014067769,0,-7467.704991929616,-1084.5747602873325,-0
555600,-3155399.0108871073,6248476.3808541922,0,-6735.9051074148601,-3401.5441553866749,-0
555900,-4977552.3116577603,4921785.5484275743,0,-5305.7222901308032,-5365.8392854382018,-0
556200,-6283629.8177145347,3084800.8548249654,0,-3325.4388056969242,-6773.8007799689412,-0
556500,-6938216.5811677771,927982.04336535966,0,-1000.3717073568409,-7479.4502942571098,-0
556800,-6873444.6293664882,-1325050.5375392328,-0,1428.4145669080981,-7409.6256371147101,0
557100,-6096029.559537637,-3440701.034563072,-0,3709.1019088772964,-6571.5662734773978,0
557400,-4686574.2613872094,-5199617.4563618591,-0,5605.2272019828542,-5052.1627320677499,0
557700,-2791211.9581479314,-6419434.2277721036,-0,6920.1989678726613,-3008.9477400242422,0
558000,-606455.0208947903,-6973679.9688279014,-0,7517.6800961329745,-653.76312938933688,0
558300,1641179.5592788581,-6804890.1280039251,0,7335.7233627491896,1769.2040589933545,0
558600,3718655.5972019578,-5930564.9435276035,0,6393.1941577575572,4008.7390434346671,0
558900,5410579.0537694935,-4441355.0075298874,0,4787.8145095866439,5832.6454100120363,0
559200,6541530.2271323046,-2491662.5549047315,0,2686.0312028966582,7051.8193846842396,0
559500,6994251.3791435258,-283632.94122664712,0,305.75846990374555,7539.8562330607465,0
559800,6721804.0923479544,1953803.9164906715,0,-2106.2154960370613,7246.1559837886616,0
560100,5752435.8750079563,3988669.1394400522,0,-4299.8156975460024,6201.1696658194942,0
560400,4186651.44145193,5609986.6049562441,0,-6047.6082682556125,4513.2421263288325,0
560700,2186792.3192618522,6649657.0853253314,0,-7168.3809609723039,2357.3787679354018,0
561000,-39794.823725056915,6999886.8828006582,0,-7545.9313489055012,-42.899122928529088,-0
561300,-2262256.0140368785,6624363.9488598453,0,-7141.1147673090854,-2438.7292053983638,-0
561600,-4250165.0596006215,5562022.740527953,0,-5995.9028572591278,-4581.7102902141942,-0
561900,-5797414.284139337,3923007.4710682388,0,-4229.0319191672752,-6249.6567332780105,-0
562200,-6743583.9023481021,1877252.2877843499,0,-2023.692257513856,-7269.6347847757315,-0
562500,-6990574.4454368083,-363137.6086360261,-0,391.46510662995252,-7535.8924705328709,0
562800,-6512777.7765479637,-2565877.1664487375,-0,2766.0351191274713,-7020.8240240655723,0
563100,-5359732.158700848,-4502584.9450052558,-0,4853.8208483207954,-5777.8320700371005,0
563400,-3650986.0961236446,-5972461.8480080608,-0,6438.3593397432815,-3935.7908061129565,0
563700,-1563703.4691715003,-6823110.1017425368,-0,7355.3646331457494,-1685.6842440420232,0
564000,685704.92964981659,-6966333.9533397304,0,7509.7610355124471,739.19513434670989,0
564300,2864019.0045247874,-6387283.8626227388,0,6885.5406294850154,3087.4342902892586,0
564600,4745389.7644336782,-5145996.1118920483,0,5547.4229844319416,5115.5662921067742,0
564900,6134755.4904283518,-3371168.2059279089,0,3634.1449902640329,6613.3131217931686,0
565200,6888065.8589156354,-1246815.4327087882,0,1344.0765283070009,7425.3874338782534,0
565500,6927217.1709809685,1006807.9588811466,0,-1085.3466443745046,7467.5928463386299,0
565800,6248150.1936473232,3156044.8598879115,0,-3402.2403855263092,6735.5534751226387,0
566100,4921271.0237363772,4978061.0192054398,0,-5366.3876760473286,5305.1676285966878,0
566400,3084151.3388982834,6283948.6406854037,0,-6774.1444735586983,3324.7386225832834,0
566700,927264.87842690316,6938312.4637937695,0,-7479.5536564578733,999.59859809350178,0
567000,-1325760.9953702665,6873307.6304756561,0,-7409.4779512674386,-1429.1804458585764,-0
567300,-3441331.1245676335,6095673.883261973,0,-6571.1828517445147,-3709.7811506990083,-0
567600,-5200101.8504055487,4686036.7844703067,0,-5051.5833278595856,-5605.7493824495832,-0
567900,-6419722.7035725759,2790548.4065385531,0,-3008.2324263377986,-6920.5099469816978,-0
568200,-6973742.617030452,605734.19204573147,0,-652.98607040247464,-7517.7476313722555,-0
568500,-6804720.4532028716,-1641882.9293718063,-0,1769.9622973082169,-7335.540452021939,0
568800,-5930180.5377140595,-3719268.5826809313,-0,4009.3998464475767,-6392.7797653641219,0
569100,-4440795.726144297,-5411038.0999082401,-0,5833.1402652442575,-4787.2115999952375,0
569400,-2490986.3845962863,-6541787.7397356723,-0,7052.0969852310755,-2685.3022861565546,0
569700,-282909.98776510422,-6994280.6591402069,-0,7539.8877971200691,-304.9791205684482,0
570000,1954498.6968313563,-6721602.103969302,0,7245.9382387787591,2106.9644745335954,0
570300,3989263.7113900846,-5752023.5605381709,0,6200.7251876821638,4300.45665063454,0
570600,5610419.3229183014,-4186071.5499170511,0,4512.6169988395905,6048.0747415129417,0
570900,6649883.0848245351,-2186104.9741868568,0,2356.6378047118842,7168.6245901529555,0
571200,6999882.7320654234,40518.357966341238,0,-43.679098348809198,7545.9268743813245,0
571500,6624130.0782410549,2262940.7209518654,0,-2439.4673246653074,7140.8626530016072,0
571800,5561583.397879866,4250739.9483415876,0,-4582.3300246535127,5995.4292425398371,0
572100,3922408.2077174168,5797819.7498741755,0,-6250.0938284269278,4228.3859087129786,0
572400,1876555.2357355282,6743777.9061319623,0,-7269.8439223316609,2022.9408300986611,0
572700,-363860.17858090228,6990536.8728333805,0,-7535.8519669803418,-392.24404253136044,-0
573000,-2566550.3377789641,6512512.5231086286,0,-7020.5380788386301,-2766.7608029462231,-0
573300,-4503138.9228870552,5359266.7260717349,0,-5777.3303301196374,-4854.418040694738,-0
573600,-5972839.1956628812,3650368.7406552802,0,-3935.1252922182116,-6438.7661233878771,-0
573900,-6823271.6955243433,1562998.1986734301,0,-1684.9239570759701,-7355.5388324727292,-0
574200,-6966263.0391026177,-686424.99228451785,-0,739.97136734866092,-7509.6845894249764,0
574500,-6386987.792800134,-2864679.2027419233,-0,3088.1459889933321,-6885.2214639623035,0
574800,-5145505.5831911592,-4745921.6484628823,-0,5116.1396671394159,-5546.8941907580493,0
575100,-3370534.0766779673,-6135103.9141935185,-0,6613.6887252645192,-3633.4613941050493,0
575400,-1246103.4498330895,-6888194.6976195518,-0,7425.5263229819029,-1343.3090053467615,0
575700,1007523.9765429829,-6927113.0665444629,0,7467.4806209635381,1086.1185168649172,0
576000,3156690.6751700477,-6247823.9396844786,0,6735.2017708669582,3402.9365793169636,0
576300,4978569.6735666469,-4920756.4464665884,0,5304.6129103824396,5366.9360093210344,0
576600,6284267.3965185266,-3083501.7900196286,0,3324.0384039471583,6774.4880947734573,0
576900,6938408.2722902941,-926547.70358228358,0,998.82547815123951,7479.6569387465106,0
577200,6873170.5581499776,1326471.4390367852,0,-1429.9463095396022,7409.3301862568487,0
577500,6095318.1418601414,3441961.177804105,0,-3710.4603528844414,6570.7993598051326,0
577800,4685499.2574874964,5200586.1888910299,0,-5606.2715030241397,5051.0038696799966,0
578100,2789884.8251140523,6420011.1107846498,0,-6920.8208521519227,3007.5170805104299,0
578400,605013.35672576376,6973805.190725036,0,-7517.8150862913835,652.209004439924,0
578700,-1642586.2819235492,6804550.7056995761,0,-7335.3574629211225,-1770.7205167135285,-0
579000,-3719881.5284223342,5929796.0685425224,0,-6392.3653046702902,-4010.0606066230857,-0
579300,-5411497.0882356241,4440236.3973123543,0,-4786.6086392563038,-5833.6350581553979,-0
579600,-6542045.1824458903,2490310.1876747306,0,-2684.5733407273165,-7052.3745104325671,-0
579900,-6994309.8644095929,282187.0312801355,0,-304.19976797387778,-7539.9192806228011,-0
580200,-6721400.0437768577,-1955193.4562892958,-0,2107.7134305183663,-7245.7204163530432,0
580500,-5751611.184612955,-3989858.2407192355,-0,4301.0975577774361,-6200.280643295413,0
580800,-4185491.6136585623,-5610851.9809378218,-0,6048.5411501517483,-4511.9918231379561,0
581100,-2185417.6057546237,-6650109.0132762305,-0,7168.8681427438414,-2355.8968163090876,0
581400,41241.891773929114,-6999878.5065430198,0,7545.9223192359987,44.459073301561233,0
581700,2263625.4036902059,-6623896.1368493969,0,7140.6104624004302,2440.205417869643,0
582000,4251314.7916667508,-5561143.9958119672,0,5994.9555637655258,4582.9497101342513,0
582300,5798225.1536651952,-3921808.9024586887,0,4227.7398530816317,6250.5308567999382,0
582600,6743971.8378646681,-1875858.1636382451,0,2022.1893810710667,7270.0529822158996,0
582900,6990499.2255425816,364582.74463906558,0,-393.02297424286542,7535.8113829142621,0
583200,6512247.2000894975,2567223.4816872664,0,-2767.4864572039328,7020.2520586041419,0
583500,5358801.2361833714,4503692.8526576469,0,-4855.015181204436,5776.8285284762715,0
583800,3649751.3461868288,5973216.4795031035,0,-6439.1728382398524,3934.45973628108,0
584100,1562292.9114754149,6823433.2164060706,0,-7355.7129532128702,1684.1636521072505,0
584400,-687145.04758461996,6966192.0504375957,0,-7509.6080631036575,-740.74759244385882,-0
584700,-2865339.3703533751,6386691.6547382306,0,-6884.9022248771116,-3088.8576547042489,-0
585000,-4746453.4817857789,5145014.9995159088,0,-5546.3653378213785,-5116.7129875102783,-0
585300,-6135452.2724112384,3369899.9114163318,0,-3632.777759125187,-6614.0642580752265,-0
585600,-6888323.4627294261,1245391.4536447253,0,-1342.5414680353695,-7425.6651327506179,-0
585900,-6927008.8880981375,-1008239.9834411616,-0,1086.8903777520206,-7467.3683158053,0
586200,-6247497.618969854,-3157336.4567251988,-0,3403.6327367496656,-6734.8499946523525,0
586500,-4920241.8166225646,-4979078.274737074,-0,5367.4842852546644,-5304.0581354927699,0
586800,-3082852.2081973632,-6284586.0852098027,-0,6774.8316436087835,-3323.3381497975711,0
587100,-925830.51883837068,-6938504.0066564418,-0,7479.7601411220257,-998.05234753746379,0
587400,1327181.8685319819,-6873033.412390775,0,7409.1823420843493,1430.7121579438353,0
587700,3442591.1942664497,-6094962.3353355601,0,6570.4157976629194,3711.1395154270863,0
588000,5201070.4718136564,-4684961.680443936,0,5050.4243575345299,5606.7935637015198,0
588300,6420299.4494046085,-2789221.2138829841,0,3006.8017025513482,6921.1316833793289,0
588600,6973867.6899111206,-604292.51494100643,0,651.43193150827733,7517.8824608897867,0
588900,6804380.8854962261,1643289.6169250226,0,-1771.4787171995181,7335.1743954490967,0
589200,5929411.5360162538,3720494.4344209647,0,-4010.7213239555876,6391.950775679582,0
589500,4439677.0210412657,5411956.0187457325,0,-5834.1297887390765,4786.0056273776145,0
589800,2489633.964145802,6542302.5552607756,0,-7052.6519602863627,2683.8443666151315,0
590100,281464.0717810581,6994338.9949513068,0,-7539.950683568537,303.4204121300757,0
590400,-1955888.1948585911,6721197.9117723377,0,-7245.5025165133666,-2108.4623639850224,-0
590700,-3990452.7274198397,5751198.7472376227,0,-6199.8360326649718,-4301.7384189664381,-0
591000,-5611284.5790111274,4184911.6326813819,0,-4511.3665992292345,-6049.0074941680859,-0
591300,-6650334.8706775,2184730.2139740083,0,-2355.1558027365577,-7169.1116187418329,-0
591600,-6999874.2062334744,-41965.425141684995,-0,45.239047780167652,-7545.9176834695709,0
591900,-6623662.1246878793,-2264310.062243084,-0,2440.9434850018606,-7140.3581955088075,0
592200,-5560704.5343279764,-4251889.5895712432,-0,4583.5693466511511,-5994.4818209402183,0
592500,-3921209.5552997706,-5798630.495507177,-0,6250.9678183914039,-4227.093752281563,0
592800,-1875161.0714984103,-6744165.6975445794,-0,7270.2619644266679,-2021.4379104374498,0
593100,365305.30680120946,-6990461.5035649044,0,7535.7707183351476,393.80190175443181,0
593400,2567896.5981679331,-6511981.8074928289,0,7019.9659633645288,2768.2120818944436,0
593700,4504246.7343098959,-5358335.6890417608,0,5776.3266651134609,4855.6122698421932,0
594000,5973593.6995255239,-3649133.9127235333,0,3933.794138307203,6439.5794842957539,0
594300,6823594.6643856363,-1561587.6075865447,0,1683.4033291456583,7355.8869953639305,0
594600,6966120.987345268,687865.09554401098,0,-741.52380962571738,7509.531456549139,0
594900,6386395.4484408423,2865999.5073506352,0,-3089.5692874128358,6884.5829122335517,0
595200,5144524.3608704591,4746985.2643978568,0,-5117.2862532144936,5545.8364256264194,0
595500,3369265.7101511746,6135800.5650770226,0,-6614.4397202204518,3632.0940853332577,0
595800,1244679.4441497379,6888452.1542441677,0,-7425.8038631832233,1341.7739163793381,0
596100,-1008955.9795664544,6926904.6356433351,0,-7467.2559308653636,-1087.6622270258724,-0
596400,-3157982.2045478816,6247171.2315062191,0,-6734.4981464818102,-3404.3288578185134,-0
596700,-4979586.8227101592,4919727.1342109395,0,-5303.5033039348255,-5368.0325038411611,-0
597000,-6284904.7067561708,3082202.5934377126,0,-3322.6378601412334,-6775.1751200613926,-0
597300,-6938599.666891288,925113.32420203602,0,-997.27920625958484,-7479.8632635834374,-0
597600,-6872896.1931998078,-1327892.2838467078,-0,1431.4779910614086,-7409.0344187518531,0
597900,-6094606.4636916323,-3443221.1739486344,-0,3711.8186383204325,-6570.0321653215569,0
598200,-4684424.0533465454,-5201554.6991671976,-0,5607.3155644749922,-5049.8447914306544,0
598500,-2788557.5728509729,-6420587.7194300154,-0,6921.4424406612743,-3006.0862924666244,0
598800,-603571.66670074314,-6973930.1145879086,-0,7517.9497551665891,-650.65485161754611,0
599100,1643992.9343702614,-6804210.9925942682,0,7334.9912496074076,1772.2368987597533,0
599400,3721107.3006689288,-5929026.9401402129,0,6391.5361783973267,4011.3819984365673,0
599700,5412414.8914346723,-4439117.5973357819,0,4785.402564364279,5834.6244569910968,0
600000,6542559.8581770118,-2488957.7140182182,0,2683.1153638293881,7052.9293347888834,0
600300,6994368.0507650999,-280741.10927400918,0,302.64105304365393,7539.9820059570102,0
600600,6720995.7079583444,1956582.9125302895,0,-2109.2112749239118,7245.284539262535,0
600900,5750786.2484156722,3991047.1714868513,0,-4302.3792341961062,6199.3913557946144,0
601200,4184331.6069929847,5611717.1171326442,0,-6049.4737735559402,4510.7413271214855,0
601500,2184042.7988508432,6650560.6570264287,0,-7169.3550181448627,2354.4147640005858,0
601800,-42688.958060283861,6999869.8311368441,0,-7545.9129670820976,-46.019021774579443,-0
602100,-2264994.6966046849,6623428.0417584879,0,-7140.1058523288812,-2441.6815260557005,-0
602400,-4252464.3420476485,5560265.0134335589,0,-5994.0080140700184,-4584.1889341962342,-0
602700,-5799035.7753966767,3920610.1662457455,0,-4226.447606318251,-6251.4047131976286,-0
603000,-6744359.4851691937,1874463.9593250027,0,-2020.686418207491,-7270.4708689612808,-0
603300,-6990423.7069006609,-366027.8650612068,-0,394.580825059451,-7535.7299732433503,0
603600,-6511716.3453220343,-2568569.6872122977,-0,2768.9376770084064,-7019.6797931234805,0
603900,-5357870.0846508471,-4504800.5678391093,-0,4856.2093066029438,-5775.8247400354676,0
604200,-3648516.4402733441,-5973970.8557252903,-0,6439.9860615503367,-3933.1284983051573,0
604500,-1560882.2870127999,-6823756.0394616779,-0,7356.060958924425,-1682.6429881976442,0
604800,688585.13615341671,-6966049.8498265576,0,7509.4547697624021,742.30001888423578,0
