csv_path,metadata_path,format,manufacturer,manufacturer_abbrev,designation,common_name,motor_id,simfile_id,type,impulse_class,diameter_mm,length_mm,burn_time_s,avg_thrust_n,max_thrust_n,total_impulse_ns,sample_count,sampled_duration_s,sampled_avg_thrust_n,sampled_peak_thrust_n,sampled_total_impulse_ns,license,source,info_url,data_url
aerotech_c3_4t_rocksim_5f923f0a1bca5800041716ae.csv,aerotech_c3_4t_rocksim_5f923f0a1bca5800041716ae.json,RockSim,AeroTech,AeroTech,C3.4T,C3,5f4294d2000231000000040c,5f923f0a1bca5800041716ae,reload,C,18,72,2.86,3.14,9.08,8.96,24,2.86,3.132522552447553,9.08,8.9590145,PD,user,/simfiles/5f923f0a1bca5800041716ae/,/simfiles/5f923f0a1bca5800041716ae/download/data.rse
aerotech_d10w_rocksim_5f923f481bca5800041716b3.csv,aerotech_d10w_rocksim_5f923f481bca5800041716b3.json,RockSim,AeroTech,AeroTech,D10W,D10,5f4294d200023100000002e3,5f923f481bca5800041716b3,SU,D,18,70,1.4,13.39,25.13,18.75,24,1.385,13.47283393501805,25.0,18.659875,PD,user,/simfiles/5f923f481bca5800041716b3/,/simfiles/5f923f481bca5800041716b3/download/data.rse
aerotech_d22w_rasp_60159e84b94d0e00040a8406.csv,aerotech_d22w_rasp_60159e84b94d0e00040a8406.json,RASP,AeroTech,AeroTech,D22W,D22,60159ce4b94d0e00040a8402,60159e84b94d0e00040a8406,SU,D,24,86.7,0.89,21.66,27.58,19.33,13,1.008,19.0907000125036,27.6909606634316,19.24342561260363,PD,cert,/simfiles/60159e84b94d0e00040a8406/,/simfiles/60159e84b94d0e00040a8406/download/data.eng
aerotech_d22w_rocksim_6016b2f03f5c3700044cc279.csv,aerotech_d22w_rocksim_6016b2f03f5c3700044cc279.json,RockSim,AeroTech,AeroTech,D22W,D22,60159ce4b94d0e00040a8402,6016b2f03f5c3700044cc279,SU,D,24,86.7,0.89,21.66,27.58,19.33,14,1.01,19.05291522772277,27.691,19.24344438,PD,user,/simfiles/6016b2f03f5c3700044cc279/,/simfiles/6016b2f03f5c3700044cc279/download/data.rse
aerotech_d2_3t_rocksim_5f923f261bca5800041716b0.csv,aerotech_d2_3t_rocksim_5f923f261bca5800041716b0.json,RockSim,AeroTech,AeroTech,D2.3T,D2,5f4294d2000231000000040d,5f923f261bca5800041716b0,reload,D,18,72,8.14,2.12,10.14,17.21,27,8.14,2.1141031326781325,10.14,17.2087995,PD,user,/simfiles/5f923f261bca5800041716b0/,/simfiles/5f923f261bca5800041716b0/download/data.rse
aerotech_e24c_rasp_6394ed0b67012f00045fc15e.csv,aerotech_e24c_rasp_6394ed0b67012f00045fc15e.json,RASP,AeroTech,AeroTech,E24C,E24,63628c12a244550004a0cf01,6394ed0b67012f00045fc15e,SU,E,29,110,1.64,22.35,33,36.32,19,1.6680000000000001,22.462720323741006,34.636,37.4678175,PD,cert,/simfiles/6394ed0b67012f00045fc15e/,/simfiles/6394ed0b67012f00045fc15e/download/data.eng
aerotech_e26w_rasp_60159eecb94d0e00040a8433.csv,aerotech_e26w_rasp_60159eecb94d0e00040a8433.json,RASP,AeroTech,AeroTech,E26W,E26,60159d7db94d0e00040a8404,60159eecb94d0e00040a8433,SU,E,24,87.7,1.18,23.5,27.89,27.85,12,1.217,22.693984414633153,26.9550277597882,27.618579032608547,PD,cert,/simfiles/60159eecb94d0e00040a8433/,/simfiles/60159eecb94d0e00040a8433/download/data.eng
aerotech_e26w_rocksim_6016b3363f5c3700044cc27a.csv,aerotech_e26w_rocksim_6016b3363f5c3700044cc27a.json,RockSim,AeroTech,AeroTech,E26W,E26,60159d7db94d0e00040a8404,6016b3363f5c3700044cc27a,SU,E,24,87.7,1.18,23.5,27.89,27.85,13,1.223,22.582681255928044,26.955,27.618619176,PD,user,/simfiles/6016b3363f5c3700044cc27a/,/simfiles/6016b3363f5c3700044cc27a/download/data.rse
aerotech_e30t_rasp_62431a34ee302a00044520da.csv,aerotech_e30t_rasp_62431a34ee302a00044520da.json,RASP,AeroTech,AeroTech,E30T,E30,5f4294d20002310000000034,62431a34ee302a00044520da,SU,E,24,70,1.02,32.38,49.3,33.56,30,1.014,33.064347140039445,49.3,33.527248,PD,cert,/simfiles/62431a34ee302a00044520da/,/simfiles/62431a34ee302a00044520da/download/data.eng
aerotech_f115sn_12a_rasp_691a270b2d19df0002c3d0c9.csv,aerotech_f115sn_12a_rasp_691a270b2d19df0002c3d0c9.json,RASP,AeroTech,AeroTech,F115SN-12A,F115,6919efdd2d19df0002c39e51,691a270b2d19df0002c3d0c9,SU,F,29,123,0.69,114.16,146.7,79.15,33,0.717,110.38768898186892,147.455,79.14797300000001,PD,cert,/simfiles/691a270b2d19df0002c3d0c9/,/simfiles/691a270b2d19df0002c3d0c9/download/data.eng
aerotech_f23fj_rasp_654b1ae91b5ae70002c2dbb3.csv,aerotech_f23fj_rasp_654b1ae91b5ae70002c2dbb3.json,RASP,AeroTech,AeroTech,F23FJ,F23,654b01231b5ae70002c2beae,654b1ae91b5ae70002c2dbb3,SU,F,29,83,2.21,18.58,29.8,41.2,31,2.342,17.37891941929974,27.5128,40.70142928,PD,cert,/simfiles/654b1ae91b5ae70002c2dbb3/,/simfiles/654b1ae91b5ae70002c2dbb3/download/data.eng
aerotech_f27r_l_rocksim_5f923fa81bca58000417170b.csv,aerotech_f27r_l_rocksim_5f923fa81bca58000417170b.json,RockSim,AeroTech,AeroTech,F27R/L,F27,5f4294d200023100000001d4,5f923fa81bca58000417170b,SU,F,29,83,2.03,24.4,37.7,49.6,32,2.425,20.41903942474227,35.9684,49.516170605,PD,user,/simfiles/5f923fa81bca58000417170b/,/simfiles/5f923fa81bca58000417170b/download/data.rse
aerotech_f30fj_rocksim_5f923fc91bca58000417170e.csv,aerotech_f30fj_rocksim_5f923fc91bca58000417170e.json,RockSim,AeroTech,AeroTech,F30FJ,F30,5f4294d200023100000003b0,5f923fc91bca58000417170e,SU,F,24,95,1.55,30.4,40.6,47,22,1.6,29.451908749999998,38.241,47.123053999999996,PD,user,/simfiles/5f923fc91bca58000417170e/,/simfiles/5f923fc91bca58000417170e/download/data.rse
aerotech_f35w_rocksim_5f923fe01bca58000417170f.csv,aerotech_f35w_rocksim_5f923fe01bca58000417170f.json,RockSim,AeroTech,AeroTech,F35W,F35,5f4294d2000231000000022f,5f923fe01bca58000417170f,reload,F,24,95,1.63,34.9,55.2,57.1,33,1.6,36.00608156249999,58.363,57.6097305,PD,user,/simfiles/5f923fe01bca58000417170f/,/simfiles/5f923fe01bca58000417170f/download/data.rse
aerotech_f44w_rasp_5f4294d20002e900000007ef.csv,aerotech_f44w_rasp_5f4294d20002e900000007ef.json,RASP,AeroTech,AeroTech,F44W,F44,5f4294d200023100000003ff,5f4294d20002e900000007ef,SU,F,24,70,1,44,50,41.5,23,0.978,43.099768404907984,65.218,42.151573500000005,PD,mfr,/simfiles/5f4294d20002e900000007ef/,/simfiles/5f4294d20002e900000007ef/download/data.eng
aerotech_f44w_rocksim_5f9240051bca580004171711.csv,aerotech_f44w_rocksim_5f9240051bca580004171711.json,RockSim,AeroTech,AeroTech,F44W,F44,5f4294d200023100000003ff,5f9240051bca580004171711,SU,F,24,70,1,44,50,41.5,24,0.998,42.26285921843687,65.218,42.1783335,PD,user,/simfiles/5f9240051bca580004171711/,/simfiles/5f9240051bca580004171711/download/data.rse
aerotech_f51nt_rasp_5f4294d20002e90000000890.csv,aerotech_f51nt_rasp_5f4294d20002e90000000890.json,RASP,AeroTech,AeroTech,F51NT,F51,5f4294d2000231000000045d,5f4294d20002e90000000890,reload,F,24,95,0.99,55.89,76.53,55.11,23,1.046,50.40046606118547,71.343,52.7188875,PD,user,/simfiles/5f4294d20002e90000000890/,/simfiles/5f4294d20002e90000000890/download/data.eng
aerotech_f51nt_rocksim_5f9240261bca580004171712.csv,aerotech_f51nt_rocksim_5f9240261bca580004171712.json,RockSim,AeroTech,AeroTech,F51NT,F51,5f4294d2000231000000045d,5f9240261bca580004171712,reload,F,24,95,0.99,55.89,76.53,55.11,24,1.05,50.33946619047619,71.343,52.8564395,PD,user,/simfiles/5f9240261bca580004171712/,/simfiles/5f9240261bca580004171712/download/data.rse
aerotech_f52c_rasp_5f5e5a6a1e865c0004c95620.csv,aerotech_f52c_rasp_5f5e5a6a1e865c0004c95620.json,RASP,AeroTech,AeroTech,F52C,F52,5f5e57811e865c0004c955d8,5f5e5a6a1e865c0004c95620,SU,F,29,111.4,1.26,52.65,64.33,66.2,14,1.309,50.65556760886173,61.323,66.308138,PD,cert,/simfiles/5f5e5a6a1e865c0004c95620/,/simfiles/5f5e5a6a1e865c0004c95620/download/data.eng
aerotech_f52c_rocksim_5f9240401bca580004171714.csv,aerotech_f52c_rocksim_5f9240401bca580004171714.json,RockSim,AeroTech,AeroTech,F52C,F52,5f5e57811e865c0004c955d8,5f9240401bca580004171714,SU,F,29,111.4,1.26,52.65,64.33,66.2,15,1.329,49.89526561324304,61.323,66.310808,PD,user,/simfiles/5f9240401bca580004171714/,/simfiles/5f9240401bca580004171714/download/data.rse
aerotech_f62fj_rocksim_5f9240611bca580004171716.csv,aerotech_f62fj_rocksim_5f9240611bca580004171716.json,RockSim,AeroTech,AeroTech,F62FJ,F62,5f4294d20002310000000460,5f9240611bca580004171716,reload,F,24,95,0.84,56.91,73.1,47.57,19,0.78,60.19260192307692,72.196,46.9502295,PD,user,/simfiles/5f9240611bca580004171716/,/simfiles/5f9240611bca580004171716/download/data.rse
aerotech_f63r_rocksim_5f92407d1bca580004171718.csv,aerotech_f63r_rocksim_5f92407d1bca580004171718.json,RockSim,AeroTech,AeroTech,F63R,F63,5f4294d20002310000000461,5f92407d1bca580004171718,reload,F,24,95,0.85,58.06,69.94,49.5,17,0.8,61.927245625000005,72.931,49.541796500000004,PD,user,/simfiles/5f92407d1bca580004171718/,/simfiles/5f92407d1bca580004171718/download/data.rse
aerotech_f67c_rasp_639413fa1766e20004fd1199.csv,aerotech_f67c_rasp_639413fa1766e20004fd1199.json,RASP,AeroTech,AeroTech,F67C,F67,63628d72a244550004a0cf0a,639413fa1766e20004fd1199,SU,F,29,112,1.41,55.22,72.79,77.46,29,1.447,53.47386903939184,68.699,77.3766885,PD,cert,/simfiles/639413fa1766e20004fd1199/,/simfiles/639413fa1766e20004fd1199/download/data.eng
aerotech_f67w_rocksim_5f4294d20002e9000000088b.csv,aerotech_f67w_rocksim_5f4294d20002e9000000088b.json,RockSim,AeroTech,AeroTech,F67W,F67,5f4294d2000231000000045a,5f4294d20002e9000000088b,SU,F,29,83,0.88,69,86,61.1,34,0.92,67.47373804347826,86.146,62.075839,PD,mfr,/simfiles/5f4294d20002e9000000088b/,/simfiles/5f4294d20002e9000000088b/download/data.rse
aerotech_g125t_rasp_5f4294d20002e900000007e9.csv,aerotech_g125t_rasp_5f4294d20002e900000007e9.json,RASP,AeroTech,AeroTech,G125T,G125,5f4294d200023100000003f9,5f4294d20002e900000007e9,SU,G,29,124,0.95,125,160,128,15,0.9929999999999999,125.3238932527694,155.17,124.446626,PD,cert,/simfiles/5f4294d20002e900000007e9/,/simfiles/5f4294d20002e900000007e9/download/data.eng
aerotech_g125t_rocksim_5f92415b1bca580004171729.csv,aerotech_g125t_rocksim_5f92415b1bca580004171729.json,RockSim,AeroTech,AeroTech,G125T,G125,5f4294d200023100000003f9,5f92415b1bca580004171729,SU,G,29,124,0.95,125,160,128,16,1.001,124.68056143856144,155.17,124.80524199999999,PD,user,/simfiles/5f92415b1bca580004171729/,/simfiles/5f92415b1bca580004171729/download/data.rse
aerotech_g12st_rasp_6015a048b94d0e00040a8436.csv,aerotech_g12st_rasp_6015a048b94d0e00040a8436.json,RASP,AeroTech,AeroTech,G12ST,G12,5f4294d20002310000000464,6015a048b94d0e00040a8436,SU,G,29,156,12.7,11.31,30.88,143.97,25,12.596,11.578790933629723,31.2631,145.8464506,PD,cert,/simfiles/6015a048b94d0e00040a8436/,/simfiles/6015a048b94d0e00040a8436/download/data.eng
aerotech_g12st_rocksim_6016b4423f5c3700044cc27c.csv,aerotech_g12st_rocksim_6016b4423f5c3700044cc27c.json,RockSim,AeroTech,AeroTech,G12ST,G12,5f4294d20002310000000464,6016b4423f5c3700044cc27c,SU,G,29,156,12.7,11.31,30.88,143.97,26,12.601,11.574227509721448,31.2631,145.84684084999998,PD,user,/simfiles/6016b4423f5c3700044cc27c/,/simfiles/6016b4423f5c3700044cc27c/download/data.rse
aerotech_g25w_rasp_5f4294d20002e900000007ea.csv,aerotech_g25w_rasp_5f4294d20002e900000007ea.json,RASP,AeroTech,AeroTech,G25W,G25,5f4294d20002310000000052,5f4294d20002e900000007ea,reload,G,29,124,5.3,22.17,41.18,117.5,18,4.404,25.32315338328792,46.186,111.5231675,PD,cert,/simfiles/5f4294d20002e900000007ea/,/simfiles/5f4294d20002e900000007ea/download/data.eng
aerotech_g69n_rasp_5f4294d20002e90000000876.csv,aerotech_g69n_rasp_5f4294d20002e90000000876.json,RASP,AeroTech,AeroTech,G69N,G69,5f4294d200023100000001d5,5f4294d20002e90000000876,reload,G,38,106,1.88,72.3,87.3,136.7,28,1.999,68.18478642096046,86.4412,136.30138805549998,PD,cert,/simfiles/5f4294d20002e90000000876/,/simfiles/5f4294d20002e90000000876/download/data.eng
aerotech_g72dm_14a_rasp_5f4294d20002e900000008b3.csv,aerotech_g72dm_14a_rasp_5f4294d20002e900000008b3.json,RASP,AeroTech,AeroTech,G72DM-14A,G72,5f4294d20002310000000467,5f4294d20002e900000008b3,SU,G,29,156.4,1.3,80.78,105.57,105.02,16,1.409,74.90233883574962,103.6710078,105.53739541957121,PD,cert,/simfiles/5f4294d20002e900000008b3/,/simfiles/5f4294d20002e900000008b3/download/data.eng
aerotech_g72dm_14a_rocksim_5f9240991bca58000417171a.csv,aerotech_g72dm_14a_rocksim_5f9240991bca58000417171a.json,RockSim,AeroTech,AeroTech,G72DM-14A,G72,5f4294d20002310000000467,5f9240991bca58000417171a,SU,G,29,156.4,1.3,80.78,105.57,105.02,17,1.41,74.84928725957448,103.671,105.53749503600001,PD,user,/simfiles/5f9240991bca58000417171a/,/simfiles/5f9240991bca58000417171a/download/data.rse
aerotech_g73c_rasp_691a279d2d19df0002c3d279.csv,aerotech_g73c_rasp_691a279d2d19df0002c3d279.json,RASP,AeroTech,AeroTech,G73C,G73,6919f1512d19df0002c39fbb,691a279d2d19df0002c3d279,SU,G,29,153,1.85,69.32,89.9,128.64,28,1.997,64.4164316474712,96.003,128.639614,PD,cert,/simfiles/691a279d2d19df0002c3d279/,/simfiles/691a279d2d19df0002c3d279/download/data.eng
aerotech_g74w_rasp_5f4294d20002e900000007f0.csv,aerotech_g74w_rasp_5f4294d20002e900000007f0.json,RASP,AeroTech,AeroTech,G74W,G74,5f4294d20002310000000400,5f4294d20002e900000007f0,SU,G,29,93,1.1,74,95,82.75,29,1.169,72.89239349871684,91.215,85.211208,PD,mfr,/simfiles/5f4294d20002e900000007f0/,/simfiles/5f4294d20002e900000007f0/download/data.eng
aerotech_g74w_rocksim_5f9240af1bca58000417171c.csv,aerotech_g74w_rocksim_5f9240af1bca58000417171c.json,RockSim,AeroTech,AeroTech,G74W,G74,5f4294d20002310000000400,5f9240af1bca58000417171c,SU,G,29,93,1.1,74,95,82.75,30,1.192,71.54911451342281,91.215,85.28654449999999,PD,user,/simfiles/5f9240af1bca58000417171c/,/simfiles/5f9240af1bca58000417171c/download/data.rse
aerotech_g75j_rasp_5f4294d20002e90000000005.csv,aerotech_g75j_rasp_5f4294d20002e90000000005.json,RASP,AeroTech,AeroTech,G75J,G75,5f4294d20002310000000064,5f4294d20002e90000000005,reload,G,29,194,2.43,75,70.3,135.6,26,2.396,60.45953213689483,78.854,144.861039,PD,cert,/simfiles/5f4294d20002e90000000005/,/simfiles/5f4294d20002e90000000005/download/data.eng
aerotech_g75m_rasp_5f4294d20002e900000008be.csv,aerotech_g75m_rasp_5f4294d20002e900000008be.json,RASP,AeroTech,AeroTech,G75M,G75,5f4294d2000231000000046e,5f4294d20002e900000008be,SU,G,29,157,1.31,87.54,110.72,115.15,20,1.377,83.40138707334786,103.37,114.84371,PD,cert,/simfiles/5f4294d20002e900000008be/,/simfiles/5f4294d20002e900000008be/download/data.eng
aerotech_g75m_rocksim_5f9240ca1bca58000417171e.csv,aerotech_g75m_rocksim_5f9240ca1bca58000417171e.json,RockSim,AeroTech,AeroTech,G75M,G75,5f4294d2000231000000046e,5f9240ca1bca58000417171e,SU,G,29,157,1.31,87.54,110.72,115.15,21,1.398,82.15691344778256,103.37,114.855365,PD,user,/simfiles/5f9240ca1bca58000417171e/,/simfiles/5f9240ca1bca58000417171e/download/data.rse
aerotech_g77r_l_rocksim_5f9240eb1bca580004171720.csv,aerotech_g77r_l_rocksim_5f9240eb1bca580004171720.json,RockSim,AeroTech,AeroTech,G77R/L,G77,5f4294d20002310000000246,5f9240eb1bca580004171720,SU,G,29,124,1.28,80.12,100.5,102.86,31,1.277,79.63756421299922,99.309,101.6971695,PD,user,/simfiles/5f9240eb1bca580004171720/,/simfiles/5f9240eb1bca580004171720/download/data.rse
aerotech_g78g_l_rasp_682f41400b264d0002aaad78.csv,aerotech_g78g_l_rasp_682f41400b264d0002aaad78.json,RASP,AeroTech,AeroTech,G78G/L,G78,5f4294d20002310000000230,682f41400b264d0002aaad78,SU,G,29,124,1.38,79.9,101.9,109.94,31,1.468,74.78109741144414,102.242,109.778651,PD,user,/simfiles/682f41400b264d0002aaad78/,/simfiles/682f41400b264d0002aaad78/download/data.eng
aerotech_g78g_l_rocksim_5f92410b1bca580004171722.csv,aerotech_g78g_l_rocksim_5f92410b1bca580004171722.json,RockSim,AeroTech,AeroTech,G78G/L,G78,5f4294d20002310000000230,5f92410b1bca580004171722,SU,G,29,124,1.38,79.9,101.9,109.94,32,1.8079,73.70070684772388,102.2,133.24350791,PD,user,/simfiles/5f92410b1bca580004171722/,/simfiles/5f92410b1bca580004171722/download/data.rse
aerotech_g80t_rocksim_5f9241441bca580004171726.csv,aerotech_g80t_rocksim_5f9241441bca580004171726.json,RockSim,AeroTech,AeroTech,G80T,G80,5f4294d20002310000000068,5f9241441bca580004171726,SU,G,29,124,1.7,77.6,108.5,136.6,35,1.701,79.73451704879481,106.954,135.6284135,PD,user,/simfiles/5f9241441bca580004171726/,/simfiles/5f9241441bca580004171726/download/data.rse
aerotech_g8st_rasp_5f4294d20002e900000008a2.csv,aerotech_g8st_rasp_5f4294d20002e900000008a2.json,RASP,AeroTech,AeroTech,G8ST,G8,5f4294d20002310000000462,5f4294d20002e900000008a2,SU,G,29,156,19.81,6.56,7.85,129.99,25,17.230999999999998,8.013665515640417,10.397,138.0834705,PD,cert,/simfiles/5f4294d20002e900000008a2/,/simfiles/5f4294d20002e900000008a2/download/data.eng
aerotech_g8st_rasp_60159fcfb94d0e00040a8435.csv,aerotech_g8st_rasp_60159fcfb94d0e00040a8435.json,RASP,AeroTech,AeroTech,G8ST,G8,5f4294d20002310000000462,60159fcfb94d0e00040a8435,SU,G,29,156,19.81,6.56,7.85,129.99,21,19.939999999999998,6.512709240220663,7.423,129.86342225,PD,cert,/simfiles/60159fcfb94d0e00040a8435/,/simfiles/60159fcfb94d0e00040a8435/download/data.eng
aerotech_g8st_rocksim_5f4294d20002e900000008a3.csv,aerotech_g8st_rocksim_5f4294d20002e900000008a3.json,RockSim,AeroTech,AeroTech,G8ST,G8,5f4294d20002310000000462,5f4294d20002e900000008a3,SU,G,29,156,19.81,6.56,7.85,129.99,26,17.269,8.001665962128671,10.397,138.1807695,PD,cert,/simfiles/5f4294d20002e900000008a3/,/simfiles/5f4294d20002e900000008a3/download/data.rse
aerotech_h100w_dms_rocksim_5f9242581bca58000417172e.csv,aerotech_h100w_dms_rocksim_5f9242581bca58000417172e.json,RockSim,AeroTech,AeroTech,H100W_DMS,H100,5f4294d20002310000000440,5f9242581bca58000417172e,SU,H,38,153.10000000000002,2.32,97.7,137.75,226.8,28,2.398,95.24809320266888,130.245,228.40492749999999,PD,user,/simfiles/5f9242581bca58000417172e/,/simfiles/5f9242581bca58000417172e/download/data.rse
aerotech_h112j_rasp_5f4294d20002e90000000007.csv,aerotech_h112j_rasp_5f4294d20002e90000000007.json,RASP,AeroTech,AeroTech,H112J,H112,5f4294d2000231000000007e,5f4294d20002e90000000007,reload,H,38,191,2.92,112,121.7,261.1,26,3.259,79.15354387849032,104.922,257.96139949999997,PD,cert,/simfiles/5f4294d20002e90000000007/,/simfiles/5f4294d20002e90000000007/download/data.eng
aerotech_h123w_rasp_5f4294d20002e90000000009.csv,aerotech_h123w_rasp_5f4294d20002e90000000009.json,RASP,AeroTech,AeroTech,H123W,H123,5f4294d20002310000000080,5f4294d20002e90000000009,reload,H,38,152,1.76,123,174.2,223.6,26,2.4,97.04195666666668,152.496,232.900696,PD,cert,/simfiles/5f4294d20002e90000000009/,/simfiles/5f4294d20002e90000000009/download/data.eng
aerotech_h125w_rasp_5f4294d20002e9000000000b.csv,aerotech_h125w_rasp_5f4294d20002e9000000000b.json,RASP,AeroTech,AeroTech,H125W,H125,5f4294d20002310000000082,5f4294d20002e9000000000b,SU,H,29,330,2.6,125,307,299.4,26,2.719,113.81554799558661,275.994,309.464475,PD,cert,/simfiles/5f4294d20002e9000000000b/,/simfiles/5f4294d20002e9000000000b/download/data.eng
aerotech_h128w_rasp_5f4294d20002e9000000000d.csv,aerotech_h128w_rasp_5f4294d20002e9000000000d.json,RASP,AeroTech,AeroTech,H128W,H128,5f4294d20002310000000083,5f4294d20002e9000000000d,reload,H,29,194,1.27,128,168.7,172.9,26,1.269,139.1194984239559,190.483,176.5426435,PD,cert,/simfiles/5f4294d20002e9000000000d/,/simfiles/5f4294d20002e9000000000d/download/data.eng
aerotech_h130w_rasp_5f4294d20002e90000000856.csv,aerotech_h130w_rasp_5f4294d20002e90000000856.json,RASP,AeroTech,AeroTech,H130W,H130,5f4294d20002310000000442,5f4294d20002e90000000856,reload,H,38,152,1.65,130,260,210,22,1.622,129.29768927250308,260.237,209.720852,PD,mfr,/simfiles/5f4294d20002e90000000856/,/simfiles/5f4294d20002e90000000856/download/data.eng
aerotech_h130w_rocksim_5f4294d20002e9000000087f.csv,aerotech_h130w_rocksim_5f4294d20002e9000000087f.json,RockSim,AeroTech,AeroTech,H130W,H130,5f4294d20002310000000442,5f4294d20002e9000000087f,reload,H,38,152,1.65,130,260,210,23,1.633,128.73292927127986,260.237,210.2208735,PD,cert,/simfiles/5f4294d20002e9000000087f/,/simfiles/5f4294d20002e9000000087f/download/data.rse
aerotech_h13st_rasp_5f5e5b3b1e865c0004c95621.csv,aerotech_h13st_rasp_5f5e5b3b1e865c0004c95621.json,RASP,AeroTech,AeroTech,H13ST,H13,5f5e58171e865c0004c955f8,5f5e5b3b1e865c0004c95621,SU,H,29,213.4,15.22,13.89,43.51,211.19,23,15.427,13.932361930381798,44.529,214.9345475,PD,cert,/simfiles/5f5e5b3b1e865c0004c95621/,/simfiles/5f5e5b3b1e865c0004c95621/download/data.eng
aerotech_h13st_rocksim_5f9241741bca58000417172b.csv,aerotech_h13st_rocksim_5f9241741bca58000417172b.json,RockSim,AeroTech,AeroTech,H13ST,H13,5f5e58171e865c0004c955f8,5f9241741bca58000417172b,SU,H,29,213.4,15.22,13.89,43.51,211.19,24,15.432,13.927865150336961,44.529,214.934815,PD,user,/simfiles/5f9241741bca58000417172b/,/simfiles/5f9241741bca58000417172b/download/data.rse
aerotech_h148r_rasp_5f4294d20002e9000000000f.csv,aerotech_h148r_rasp_5f4294d20002e9000000000f.json,RASP,AeroTech,AeroTech,H148R,H148,5f4294d20002310000000087,5f4294d20002e9000000000f,reload,H,38,152,1.39189189189189,148,,206,26,1.508,142.0073693633952,192.497,214.147113,PD,cert,/simfiles/5f4294d20002e9000000000f/,/simfiles/5f4294d20002e9000000000f/download/data.eng
aerotech_h14st_rasp_645a18264d01ef0002706951.csv,aerotech_h14st_rasp_645a18264d01ef0002706951.json,RASP,AeroTech,AeroTech,H14ST,H14,6457b5ce8cd35f00024615fc,645a18264d01ef0002706951,SU,H,29,240,18.26,13.21,42.13,240.12,18,17.915,13.497412726765281,40.246,241.806149,PD,user,/simfiles/645a18264d01ef0002706951/,/simfiles/645a18264d01ef0002706951/download/data.eng
aerotech_h165r_rasp_5f4294d20002e90000000011.csv,aerotech_h165r_rasp_5f4294d20002e90000000011.json,RASP,AeroTech,AeroTech,H165R,H165,5f4294d2000231000000008a,5f4294d20002e90000000011,reload,H,29,194,1,165,,165,26,1.058,151.72787948960303,190.488,160.5280965,PD,cert,/simfiles/5f4294d20002e90000000011/,/simfiles/5f4294d20002e90000000011/download/data.eng
aerotech_h169ws_13_rasp_5f4294d20002e900000008b4.csv,aerotech_h169ws_13_rasp_5f4294d20002e900000008b4.json,RASP,AeroTech,AeroTech,H169WS-13,H169,5f4294d20002310000000468,5f4294d20002e900000008b4,SU,H,29,220.70000000000002,1.38,168.8,231.41,232.95,16,1.5090000000000001,155.4123601894146,233.462276081466,234.51725152582668,PD,cert,/simfiles/5f4294d20002e900000008b4/,/simfiles/5f4294d20002e900000008b4/download/data.eng
aerotech_h169ws_13_rocksim_5f9242771bca580004171730.csv,aerotech_h169ws_13_rocksim_5f9242771bca580004171730.json,RockSim,AeroTech,AeroTech,H169WS-13,H169,5f4294d20002310000000468,5f9242771bca580004171730,SU,H,29,220.70000000000002,1.38,168.8,231.41,232.95,17,1.53,153.30616694117649,233.462,234.55843542000002,PD,user,/simfiles/5f9242771bca580004171730/,/simfiles/5f9242771bca580004171730/download/data.rse
aerotech_h170m_rocksim_5f4294d20002e90000000719.csv,aerotech_h170m_rocksim_5f4294d20002e90000000719.json,RockSim,AeroTech,AeroTech,H170M,H170,5f4294d20002310000000387,5f4294d20002e90000000719,reload,H,38,191,1.91,166.8,208,319.9,33,2.138,148.7370500467727,205.821,317.999813,PD,mfr,/simfiles/5f4294d20002e90000000719/,/simfiles/5f4294d20002e90000000719/download/data.rse
aerotech_h178dm_rocksim_5f92429c1bca580004171732.csv,aerotech_h178dm_rocksim_5f92429c1bca580004171732.json,RockSim,AeroTech,AeroTech,H178DM,H178,5f4294d200023100000003c5,5f92429c1bca580004171732,reload,H,38,191,1.74,162,202,283,34,1.735,164.64656426512968,215.719,285.661789,PD,user,/simfiles/5f92429c1bca580004171732/,/simfiles/5f92429c1bca580004171732/download/data.rse
aerotech_h180w_rasp_5f4294d20002e90000000013.csv,aerotech_h180w_rasp_5f4294d20002e90000000013.json,RASP,AeroTech,AeroTech,H180W,H180,5f4294d2000231000000008b,5f4294d20002e90000000013,reload,H,29,238,1.3,180,228.5,217.7,26,1.289,179.9021951124903,243.126,231.89392949999998,PD,cert,/simfiles/5f4294d20002e90000000013/,/simfiles/5f4294d20002e90000000013/download/data.eng
aerotech_h210r_rasp_5f4294d20002e90000000015.csv,aerotech_h210r_rasp_5f4294d20002e90000000015.json,RASP,AeroTech,AeroTech,H210R,H210,5f4294d2000231000000008c,5f4294d20002e90000000015,reload,H,29,238,1,215.41,275.73,215.41,26,1.008,207.96653918650793,260.221,209.6302715,PD,cert,/simfiles/5f4294d20002e90000000015/,/simfiles/5f4294d20002e90000000015/download/data.eng
aerotech_h219t_rasp_5f4294d20002e9000000086a.csv,aerotech_h219t_rasp_5f4294d20002e9000000086a.json,RASP,AeroTech,AeroTech,H219T,H219,5f4294d2000231000000044e,5f4294d20002e9000000086a,SU,H,38,155,1.05,222,279,233,27,1.072,218.43413666044773,295.987,234.1613945,PD,cert,/simfiles/5f4294d20002e9000000086a/,/simfiles/5f4294d20002e9000000086a/download/data.eng
aerotech_h219t_rocksim_5f8cbcef63ef420004f3e180.csv,aerotech_h219t_rocksim_5f8cbcef63ef420004f3e180.json,RockSim,AeroTech,AeroTech,H219T,H219,5f4294d2000231000000044e,5f8cbcef63ef420004f3e180,SU,H,38,155,1.05,222,279,233,28,1.081,216.9851771507863,295.987,234.5609765,PD,user,/simfiles/5f8cbcef63ef420004f3e180/,/simfiles/5f8cbcef63ef420004f3e180/download/data.rse
aerotech_h238t_rasp_5f4294d20002e90000000017.csv,aerotech_h238t_rasp_5f4294d20002e90000000017.json,RASP,AeroTech,AeroTech,H238T,H238,5f4294d20002310000000090,5f4294d20002e90000000017,reload,H,29,194,0.71,238,263.4,165.5,26,1.0170000000000001,172.97701966568337,229.324,175.917629,PD,cert,/simfiles/5f4294d20002e90000000017/,/simfiles/5f4294d20002e90000000017/download/data.eng
aerotech_h242t_rasp_5f4294d20002e90000000019.csv,aerotech_h242t_rasp_5f4294d20002e90000000019.json,RASP,AeroTech,AeroTech,H242T,H242,5f4294d20002310000000091,5f4294d20002e90000000019,reload,H,38,152,1.06,242,276.6,231.7,26,1.569,153.85252804333973,211.481,241.3946165,PD,cert,/simfiles/5f4294d20002e90000000019/,/simfiles/5f4294d20002e90000000019/download/data.eng
aerotech_h242t_rasp_5f4294d20002e9000000001b.csv,aerotech_h242t_rasp_5f4294d20002e9000000001b.json,RASP,AeroTech,AeroTech,H242T,H242,5f4294d20002310000000091,5f4294d20002e9000000001b,reload,H,38,152,1.06,242,276.6,231.7,26,1.3150000000000002,190.42067300380225,247.21,250.403185,PD,cert,/simfiles/5f4294d20002e9000000001b/,/simfiles/5f4294d20002e9000000001b/download/data.eng
aerotech_h268r_rasp_5f4294d20002e9000000001d.csv,aerotech_h268r_rasp_5f4294d20002e9000000001d.json,RASP,AeroTech,AeroTech,H268R,H268,5f4294d20002310000000093,5f4294d20002e9000000001d,reload,H,29,333,1.19,268,,320,26,1.185,258.6859333333333,332.446,306.542831,PD,cert,/simfiles/5f4294d20002e9000000001d/,/simfiles/5f4294d20002e9000000001d/download/data.eng
aerotech_h283st_15a_rocksim_5f9242b61bca580004171734.csv,aerotech_h283st_15a_rocksim_5f9242b61bca580004171734.json,RockSim,AeroTech,AeroTech,H283ST-15A,H283,5f4294d20002310000000455,5f9242b61bca580004171734,SU,H,38,155,0.7,283,327,201,37,0.74,269.0309472972973,337.193,199.082901,PD,user,/simfiles/5f9242b61bca580004171734/,/simfiles/5f9242b61bca580004171734/download/data.rse
aerotech_h45w_rasp_5f4294d20002e9000000001f.csv,aerotech_h45w_rasp_5f4294d20002e9000000001f.json,RASP,AeroTech,AeroTech,H45W,H45,5f4294d20002310000000073,5f4294d20002e9000000001f,SU,H,38,194,6,45,102,289,26,7.098,40.04238679909834,69.315,284.2208615,PD,cert,/simfiles/5f4294d20002e9000000001f/,/simfiles/5f4294d20002e9000000001f/download/data.eng
aerotech_h55w_rasp_5f4294d20002e90000000021.csv,aerotech_h55w_rasp_5f4294d20002e90000000021.json,RASP,AeroTech,AeroTech,H55W,H55,5f4294d20002310000000076,5f4294d20002e90000000021,SU,H,29,191,2.45,55,113.3,162.3,26,2.695,58.931017996289434,98.019,158.8190935,PD,cert,/simfiles/5f4294d20002e90000000021/,/simfiles/5f4294d20002e90000000021/download/data.eng
aerotech_h70w_rasp_5f4294d20002e90000000023.csv,aerotech_h70w_rasp_5f4294d20002e90000000023.json,RASP,AeroTech,AeroTech,H70W,H70,5f4294d20002310000000079,5f4294d20002e90000000023,SU,H,29,229,2,70,174,215,26,2.8489999999999998,75.73201597051597,131.427,215.7605135,PD,cert,/simfiles/5f4294d20002e90000000023/,/simfiles/5f4294d20002e90000000023/download/data.eng
aerotech_h73j_rasp_5f4294d20002e90000000025.csv,aerotech_h73j_rasp_5f4294d20002e90000000025.json,RASP,AeroTech,AeroTech,H73J,H73,5f4294d2000231000000007a,5f4294d20002e90000000025,reload,H,38,152,2.55,73,97.1,185.6,26,2.897,64.51813151536072,94.641,186.909027,PD,cert,/simfiles/5f4294d20002e90000000025/,/simfiles/5f4294d20002e90000000025/download/data.eng
aerotech_h97j_rasp_5f4294d20002e90000000027.csv,aerotech_h97j_rasp_5f4294d20002e90000000027.json,RASP,AeroTech,AeroTech,H97J,H97,5f4294d2000231000000007c,5f4294d20002e90000000027,reload,H,29,238,2.23,97,111.5,177.3,26,2.291,81.62271540811872,103.55,186.997641,PD,cert,/simfiles/5f4294d20002e90000000027/,/simfiles/5f4294d20002e90000000027/download/data.eng
aerotech_h999n_rasp_685351934a21c50002d2dec9.csv,aerotech_h999n_rasp_685351934a21c50002d2dec9.json,RASP,AeroTech,AeroTech,H999N,H999,5f4294d2000231000000009c,685351934a21c50002d2dec9,reload,H,38,203,0.32022022022022,999,1710,319.9,35,0.388,822.3577435567009,1027.081,319.07480449999997,PD,user,/simfiles/685351934a21c50002d2dec9/,/simfiles/685351934a21c50002d2dec9/download/data.eng
aerotech_hp_g138t_rasp_5f4294d20002e90000000768.csv,aerotech_hp_g138t_rasp_5f4294d20002e90000000768.json,RASP,AeroTech,AeroTech,HP-G138T,G138,5f4294d200023100000003b1,5f4294d20002e90000000768,reload,G,29,124,1.14,138,190.1,157.1,39,1.097,151.8534380127621,194.691,166.5832215,PD,user,/simfiles/5f4294d20002e90000000768/,/simfiles/5f4294d20002e90000000768/download/data.eng
aerotech_hp_g75m_rocksim_5f4294d20002e90000000718.csv,aerotech_hp_g75m_rocksim_5f4294d20002e90000000718.json,RockSim,AeroTech,AeroTech,HP-G75M,G75,5f4294d20002310000000386,5f4294d20002e90000000718,SU,G,29,123.9,1.61,74.74,102,120.39,34,1.971,60.50979274479959,101.497,119.26480149999999,PD,mfr,/simfiles/5f4294d20002e90000000718/,/simfiles/5f4294d20002e90000000718/download/data.rse
aerotech_hp_h115dm_rasp_5f4294d20002e900000007e8.csv,aerotech_hp_h115dm_rasp_5f4294d20002e900000007e8.json,RASP,AeroTech,AeroTech,HP-H115DM,H115,5f4294d200023100000003fa,5f4294d20002e900000007e8,SU,H,29,203,1.5,115,126,172,25,1.679,105.47549493746277,130.742,177.093356,PD,cert,/simfiles/5f4294d20002e900000007e8/,/simfiles/5f4294d20002e900000007e8/download/data.eng
aerotech_hp_h115dm_rocksim_5f92431c1bca580004171739.csv,aerotech_hp_h115dm_rocksim_5f92431c1bca580004171739.json,RockSim,AeroTech,AeroTech,HP-H115DM,H115,5f4294d200023100000003fa,5f92431c1bca580004171739,SU,H,29,203,1.5,115,126,172,26,1.693,104.97236326048434,130.742,177.718211,PD,user,/simfiles/5f92431c1bca580004171739/,/simfiles/5f92431c1bca580004171739/download/data.rse
aerotech_hp_h135w_rocksim_5f9243541bca58000417173d.csv,aerotech_hp_h135w_rocksim_5f9243541bca58000417173d.json,RockSim,AeroTech,AeroTech,HP-H135W,H135,5f4294d200023100000003f1,5f9243541bca58000417173d,SU,H,29,216,1.95,115.86,159.88,225.84,19,2.072,110.53655453667953,159.806,229.03174099999998,PD,user,/simfiles/5f9243541bca58000417173d/,/simfiles/5f9243541bca58000417173d/download/data.rse
aerotech_hp_h182r_rasp_5f4294d20002e900000007fb.csv,aerotech_hp_h182r_rasp_5f4294d20002e900000007fb.json,RASP,AeroTech,AeroTech,HP-H182R,H182,5f4294d20002310000000405,5f4294d20002e900000007fb,SU,H,29,203,1.2,182,192,218,13,1.2280000000000002,175.7798546416938,200.81,215.8576615,PD,user,/simfiles/5f4294d20002e900000007fb/,/simfiles/5f4294d20002e900000007fb/download/data.eng
aerotech_hp_h182r_rocksim_5f92438b1bca580004171741.csv,aerotech_hp_h182r_rocksim_5f92438b1bca580004171741.json,RockSim,AeroTech,AeroTech,HP-H182R,H182,5f4294d20002310000000405,5f92438b1bca580004171741,SU,H,29,203,1.2,182,192,218,14,1.235,175.01706518218623,200.81,216.1460755,PD,user,/simfiles/5f92438b1bca580004171741/,/simfiles/5f92438b1bca580004171741/download/data.rse
aerotech_hp_h195nt_rocksim_5f9244341bca580004171745.csv,aerotech_hp_h195nt_rocksim_5f9244341bca580004171745.json,RockSim,AeroTech,AeroTech,HP-H195NT,H195,5f4294d200023100000003f3,5f9244341bca580004171745,SU,H,29,203,1.14,206.68,247.16,236.09,24,1.169,202.61685543199314,256.571,236.859104,PD,user,/simfiles/5f9244341bca580004171745/,/simfiles/5f9244341bca580004171745/download/data.rse
aerotech_hp_h45w_rasp_5f4294d20002e900000007fd.csv,aerotech_hp_h45w_rasp_5f4294d20002e900000007fd.json,RASP,AeroTech,AeroTech,HP-H45W,H45,5f4294d20002310000000407,5f4294d20002e900000007fd,SU,H,38,203,6,45,87,320,11,6.146,52.07177733485194,86.004,320.0331435,PD,user,/simfiles/5f4294d20002e900000007fd/,/simfiles/5f4294d20002e900000007fd/download/data.eng
aerotech_hp_h45w_rocksim_5f9242d71bca580004171737.csv,aerotech_hp_h45w_rocksim_5f9242d71bca580004171737.json,RockSim,AeroTech,AeroTech,HP-H45W,H45,5f4294d20002310000000407,5f9242d71bca580004171737,SU,H,38,203,6,45,87,320,12,6.186,52.00666399935337,86.004,321.71322349999997,PD,user,/simfiles/5f9242d71bca580004171737/,/simfiles/5f9242d71bca580004171737/download/data.rse
aerotech_hp_h550st_rocksim_5f9244531bca580004171747.csv,aerotech_hp_h550st_rocksim_5f9244531bca580004171747.json,RockSim,AeroTech,AeroTech,HP-H550ST,H550,5f4294d20002310000000432,5f9244531bca580004171747,SU,H,38,206,0.56,552,640,312,40,0.579,541.252335924007,643.372,313.3851025,PD,user,/simfiles/5f9244531bca580004171747/,/simfiles/5f9244531bca580004171747/download/data.rse
aerotech_hp_i140w_rasp_5f4294d20002e900000007e2.csv,aerotech_hp_i140w_rasp_5f4294d20002e900000007e2.json,RASP,AeroTech,AeroTech,HP-I140W,I140,5f4294d200023100000003f5,5f4294d20002e900000007e2,SU,I,38,202.7,2.4,140,181,336,23,2.467,137.30588366436967,179.023,338.733615,PD,mfr,/simfiles/5f4294d20002e900000007e2/,/simfiles/5f4294d20002e900000007e2/download/data.eng
aerotech_hp_i140w_rocksim_5f92449d1bca58000417174c.csv,aerotech_hp_i140w_rocksim_5f92449d1bca58000417174c.json,RockSim,AeroTech,AeroTech,HP-I140W,I140,5f4294d200023100000003f5,5f92449d1bca58000417174c,SU,I,38,202.7,2.4,140,181,336,24,2.478,136.91001957223568,179.023,339.2630285,PD,user,/simfiles/5f92449d1bca58000417174c/,/simfiles/5f92449d1bca58000417174c/download/data.rse
aerotech_hp_i205w_rasp_5f4294d20002e900000007fc.csv,aerotech_hp_i205w_rasp_5f4294d20002e900000007fc.json,RASP,AeroTech,AeroTech,HP-I205W,I205,5f4294d20002310000000406,5f4294d20002e900000007fc,SU,I,29,305,1.7,205,253,345,15,1.884,183.0794713375796,377.299,344.921724,PD,user,/simfiles/5f4294d20002e900000007fc/,/simfiles/5f4294d20002e900000007fc/download/data.eng
aerotech_hp_i205w_rocksim_5f9244bf1bca58000417174e.csv,aerotech_hp_i205w_rocksim_5f9244bf1bca58000417174e.json,RockSim,AeroTech,AeroTech,HP-I205W,I205,5f4294d20002310000000406,5f9244bf1bca58000417174e,SU,I,29,305,1.7,205,253,345,16,1.892,183.10302325581398,377.299,346.43092,PD,user,/simfiles/5f9244bf1bca58000417174e/,/simfiles/5f9244bf1bca58000417174e/download/data.rse
aerotech_hp_i280dm_rasp_5f4294d20002e900000007e3.csv,aerotech_hp_i280dm_rasp_5f4294d20002e900000007e3.json,RASP,AeroTech,AeroTech,HP-I280DM,I280,5f4294d200023100000003f6,5f4294d20002e900000007e3,SU,I,38,356.4,1.9,280,386,561,32,1.955,283.7149787723785,342.389,554.6627835,PD,mfr,/simfiles/5f4294d20002e900000007e3/,/simfiles/5f4294d20002e900000007e3/download/data.eng
aerotech_hp_i280dm_rocksim_5f9244e11bca580004171750.csv,aerotech_hp_i280dm_rocksim_5f9244e11bca580004171750.json,RockSim,AeroTech,AeroTech,HP-I280DM,I280,5f4294d200023100000003f6,5f9244e11bca580004171750,SU,I,38,356.4,1.9,280,386,561,33,1.971,282.8015705225774,342.389,557.4018955,PD,user,/simfiles/5f9244e11bca580004171750/,/simfiles/5f9244e11bca580004171750/download/data.rse
aerotech_hp_i500t_rasp_5f4294d20002e900000007e7.csv,aerotech_hp_i500t_rasp_5f4294d20002e900000007e7.json,RASP,AeroTech,AeroTech,HP-I500T,I500,5f4294d200023100000003fb,5f4294d20002e900000007e7,SU,I,38,356,1.24,500,613,620,36,1.327,467.87877920120576,581.557,620.87514,PD,cert,/simfiles/5f4294d20002e900000007e7/,/simfiles/5f4294d20002e900000007e7/download/data.eng
aerotech_hp_i500t_rocksim_5f9245031bca580004171752.csv,aerotech_hp_i500t_rocksim_5f9245031bca580004171752.json,RockSim,AeroTech,AeroTech,HP-I500T,I500,5f4294d200023100000003fb,5f9245031bca580004171752,SU,I,38,356,1.24,500,613,620,37,1.335,466.41455280898884,581.557,622.6634280000001,PD,user,/simfiles/5f9245031bca580004171752/,/simfiles/5f9245031bca580004171752/download/data.rse
aerotech_hp_i65w_rasp_5f4294d20002e900000007fa.csv,aerotech_hp_i65w_rasp_5f4294d20002e900000007fa.json,RASP,AeroTech,AeroTech,HP-I65W,I65,5f4294d20002310000000409,5f4294d20002e900000007fa,SU,I,54,218,7.92,80.16,145,634.97,13,8.473,77.71849020417797,196.341,658.5087675,PD,user,/simfiles/5f4294d20002e900000007fa/,/simfiles/5f4294d20002e900000007fa/download/data.eng
aerotech_hp_i65w_rocksim_5f9244721bca580004171749.csv,aerotech_hp_i65w_rocksim_5f9244721bca580004171749.json,RockSim,AeroTech,AeroTech,HP-I65W,I65,5f4294d20002310000000409,5f9244721bca580004171749,SU,I,54,218,7.92,80.16,145,634.97,14,8.496,77.70879455037664,196.341,660.2139185,PD,user,/simfiles/5f9244721bca580004171749/,/simfiles/5f9244721bca580004171749/download/data.rse
aerotech_hp_j270w_rasp_5f4294d20002e900000007e4.csv,aerotech_hp_j270w_rasp_5f4294d20002e900000007e4.json,RASP,AeroTech,AeroTech,HP-J270W,J270,5f4294d200023100000003f7,5f4294d20002e900000007e4,SU,J,38,356.4,2.6,270,356,703,38,2.556,273.93735622065725,367.585,700.1838825,PD,mfr,/simfiles/5f4294d20002e900000007e4/,/simfiles/5f4294d20002e900000007e4/download/data.eng
aerotech_hp_j270w_rocksim_5f9245211bca580004171754.csv,aerotech_hp_j270w_rocksim_5f9245211bca580004171754.json,RockSim,AeroTech,AeroTech,HP-J270W,J270,5f4294d200023100000003f7,5f9245211bca580004171754,SU,J,38,356.4,2.6,270,356,703,39,2.563,273.6911548966055,367.585,701.47043,PD,user,/simfiles/5f9245211bca580004171754/,/simfiles/5f9245211bca580004171754/download/data.rse
aerotech_hp_j425r_rasp_5f4294d20002e900000007fe.csv,aerotech_hp_j425r_rasp_5f4294d20002e900000007fe.json,RASP,AeroTech,AeroTech,HP-J425R,J425,5f4294d20002310000000408,5f4294d20002e900000007fe,SU,J,38,356,1.63,417.6,473.31,680.33,13,1.63,413.7561653374233,452.851,674.4225495,PD,user,/simfiles/5f4294d20002e900000007fe/,/simfiles/5f4294d20002e900000007fe/download/data.eng
aerotech_hp_j425r_rocksim_5f9245401bca580004171756.csv,aerotech_hp_j425r_rocksim_5f9245401bca580004171756.json,RockSim,AeroTech,AeroTech,HP-J425R,J425,5f4294d20002310000000408,5f9245401bca580004171756,SU,J,38,356,1.63,417.6,473.31,680.33,14,1.648,410.69979520631074,452.851,676.8332625,PD,user,/simfiles/5f9245401bca580004171756/,/simfiles/5f9245401bca580004171756/download/data.rse
aerotech_hp_k535w_rasp_5f4294d20002e900000007ff.csv,aerotech_hp_k535w_rasp_5f4294d20002e900000007ff.json,RASP,AeroTech,AeroTech,HP-K535W,K535,5f4294d2000231000000040a,5f4294d20002e900000007ff,SU,K,54,358,2.8,535,655,1434,19,2.937,485.2248687436159,642.221,1425.1054394999999,PD,user,/simfiles/5f4294d20002e900000007ff/,/simfiles/5f4294d20002e900000007ff/download/data.eng
aerotech_hp_k535w_rocksim_5f9245601bca580004171758.csv,aerotech_hp_k535w_rocksim_5f9245601bca580004171758.json,RockSim,AeroTech,AeroTech,HP-K535W,K535,5f4294d2000231000000040a,5f9245601bca580004171758,SU,K,54,358,2.8,535,655,1434,20,2.952,483.9465106707317,642.221,1428.6100995,PD,user,/simfiles/5f9245601bca580004171758/,/simfiles/5f9245601bca580004171758/download/data.rse
aerotech_hp_l1000w_rasp_5f4294d20002e900000007f6.csv,aerotech_hp_l1000w_rasp_5f4294d20002e900000007f6.json,RASP,AeroTech,AeroTech,HP-L1000W,L1000,5f4294d2000231000000040b,5f4294d20002e900000007f6,SU,L,54,635,2.7,1000,1261,2714,24,2.996,901.890598130841,1322.279,2702.0642319999997,PD,user,/simfiles/5f4294d20002e900000007f6/,/simfiles/5f4294d20002e900000007f6/download/data.eng
aerotech_hp_l1000w_rocksim_5f9245791bca58000417175a.csv,aerotech_hp_l1000w_rocksim_5f9245791bca58000417175a.json,RockSim,AeroTech,AeroTech,HP-L1000W,L1000,5f4294d2000231000000040b,5f9245791bca58000417175a,SU,L,54,635,2.7,1000,1261,2714,25,3.0,900.6947238333333,1322.28,2702.0841715,PD,user,/simfiles/5f9245791bca58000417175a/,/simfiles/5f9245791bca58000417175a/download/data.rse
aerotech_i117fj_rocksim_5f9245911bca58000417175c.csv,aerotech_i117fj_rocksim_5f9245911bca58000417175c.json,RockSim,AeroTech,AeroTech,I117FJ,I117,5f4294d200023100000001eb,5f9245911bca58000417175c,reload,I,54,156,3.1,117,,361,32,2.806,130.26659604419103,164.749,365.5280685,PD,user,/simfiles/5f9245911bca58000417175c/,/simfiles/5f9245911bca58000417175c/download/data.rse
aerotech_i132w_rasp_5f4294d20002e90000000029.csv,aerotech_i132w_rasp_5f4294d20002e90000000029.json,RASP,AeroTech,AeroTech,I132W,I132,5f4294d200023100000000a7,5f4294d20002e90000000029,SU,I,38,335,4.83,132,512.9,610.7,26,4.866,120.21858302507192,204.011,584.983625,PD,cert,/simfiles/5f4294d20002e90000000029/,/simfiles/5f4294d20002e90000000029/download/data.eng
aerotech_i154j_rasp_5f4294d20002e9000000002b.csv,aerotech_i154j_rasp_5f4294d20002e9000000002b.json,RASP,AeroTech,AeroTech,I154J,I154,5f4294d200023100000000ad,5f4294d20002e9000000002b,reload,I,38,241,2.99,154,170.5,378,26,3.339,113.80064450434263,156.806,379.98035200000004,PD,cert,/simfiles/5f4294d20002e9000000002b/,/simfiles/5f4294d20002e9000000002b/download/data.eng
aerotech_i161w_rasp_5f4294d20002e9000000002d.csv,aerotech_i161w_rasp_5f4294d20002e9000000002d.json,RASP,AeroTech,AeroTech,I161W,I161,5f4294d200023100000000b1,5f4294d20002e9000000002d,reload,I,38,191,1.82,161,266.6,328.7,26,2.2359999999999998,147.06001252236138,212.379,328.826188,PD,cert,/simfiles/5f4294d20002e9000000002d/,/simfiles/5f4294d20002e9000000002d/download/data.eng
aerotech_i170g_rasp_5f4294d20002e9000000076b.csv,aerotech_i170g_rasp_5f4294d20002e9000000076b.json,RASP,AeroTech,AeroTech,I170G,I170,5f4294d2000231000000038f,5f4294d20002e9000000076b,reload,I,54,147.1,2.4,171.78,207.35,418.54,12,2.34,172.19551282051282,207.3,402.9375,PD,cert,/simfiles/5f4294d20002e9000000076b/,/simfiles/5f4294d20002e9000000076b/download/data.eng
aerotech_i175ws_rasp_5f4294d20002e900000008bf.csv,aerotech_i175ws_rasp_5f4294d20002e900000008bf.json,RASP,AeroTech,AeroTech,I175WS,I175,5f4294d2000231000000046f,5f4294d20002e900000008bf,SU,I,38,214,1.89,176.45,260.41,333.04,14,1.948,171.02993069815196,252.63,333.166305,PD,cert,/simfiles/5f4294d20002e900000008bf/,/simfiles/5f4294d20002e900000008bf/download/data.eng
aerotech_i175ws_rocksim_5f9245ad1bca580004171795.csv,aerotech_i175ws_rocksim_5f9245ad1bca580004171795.json,RockSim,AeroTech,AeroTech,I175WS,I175,5f4294d2000231000000046f,5f9245ad1bca580004171795,SU,I,38,214,1.89,176.45,260.41,333.04,15,1.97,169.13508375634518,252.63,333.196115,PD,user,/simfiles/5f9245ad1bca580004171795/,/simfiles/5f9245ad1bca580004171795/download/data.rse
aerotech_i180w_rasp_5f4294d20002e90000000857.csv,aerotech_i180w_rasp_5f4294d20002e90000000857.json,RASP,AeroTech,AeroTech,I180W,I180,5f4294d20002310000000443,5f4294d20002e90000000857,reload,I,38,191,1.8,180,362,326,23,1.929,168.2175435458787,361.192,324.4916415,PD,mfr,/simfiles/5f4294d20002e90000000857/,/simfiles/5f4294d20002e90000000857/download/data.eng
aerotech_i180w_rocksim_5f9245c41bca580004171797.csv,aerotech_i180w_rocksim_5f9245c41bca580004171797.json,RockSim,AeroTech,AeroTech,I180W,I180,5f4294d20002310000000443,5f9245c41bca580004171797,reload,I,38,191,1.8,180,362,326,24,1.956,166.81825,361.192,326.296497,PD,user,/simfiles/5f9245c41bca580004171797/,/simfiles/5f9245c41bca580004171797/download/data.rse
aerotech_i195j_rasp_5f4294d20002e9000000002f.csv,aerotech_i195j_rasp_5f4294d20002e9000000002f.json,RASP,AeroTech,AeroTech,I195J,I195,5f4294d200023100000000b4,5f4294d20002e9000000002f,reload,I,38,299,2.1,195,216.3,426.1,26,2.552,182.63059071316613,353.638,466.0732675,PD,cert,/simfiles/5f4294d20002e9000000002f/,/simfiles/5f4294d20002e9000000002f/download/data.eng
aerotech_i195j_rasp_5f4294d20002e90000000031.csv,aerotech_i195j_rasp_5f4294d20002e90000000031.json,RASP,AeroTech,AeroTech,I195J,I195,5f4294d200023100000000b4,5f4294d20002e90000000031,reload,I,38,299,2.1,195,216.3,426.1,26,1.7530000000000001,239.55599401026808,414.842,419.94165749999996,PD,cert,/simfiles/5f4294d20002e90000000031/,/simfiles/5f4294d20002e90000000031/download/data.eng
aerotech_i200w_rasp_5f4294d20002e90000000033.csv,aerotech_i200w_rasp_5f4294d20002e90000000033.json,RASP,AeroTech,AeroTech,I200W,I200,5f4294d200023100000000b5,5f4294d20002e90000000033,reload,I,29,333,1.65,200,463.3,324.5,26,1.77,181.79082033898305,303.951,321.769752,PD,cert,/simfiles/5f4294d20002e90000000033/,/simfiles/5f4294d20002e90000000033/download/data.eng
aerotech_i211w_rasp_5f4294d20002e90000000035.csv,aerotech_i211w_rasp_5f4294d20002e90000000035.json,RASP,AeroTech,AeroTech,I211W,I211,5f4294d200023100000000b9,5f4294d20002e90000000035,reload,I,38,248,1.72,211,399.5,441.6,26,2.28,186.46577346491227,298.204,425.1419635,PD,cert,/simfiles/5f4294d20002e90000000035/,/simfiles/5f4294d20002e90000000035/download/data.eng
aerotech_i215r_rocksim_611e7ff0c6d315000487da97.csv,aerotech_i215r_rocksim_611e7ff0c6d315000487da97.json,RockSim,AeroTech,AeroTech,I215R,I215,5f4294d200023100000001e9,611e7ff0c6d315000487da97,reload,I,54,156,1.85581395348837,215,,399,21,1.859,213.47506051640667,259.145,396.8501375,PD,user,/simfiles/611e7ff0c6d315000487da97/,/simfiles/611e7ff0c6d315000487da97/download/data.rse
aerotech_i218r_rasp_5f4294d20002e90000000037.csv,aerotech_i218r_rasp_5f4294d20002e90000000037.json,RASP,AeroTech,AeroTech,I218R,I218,5f4294d200023100000000bb,5f4294d20002e90000000037,reload,I,38,203,1.51,218,,330,26,1.508,210.41935311671088,284.371,317.3123845,PD,cert,/simfiles/5f4294d20002e90000000037/,/simfiles/5f4294d20002e90000000037/download/data.eng
aerotech_i229t_rocksim_611e8044c6d315000487daa6.csv,aerotech_i229t_rocksim_611e8044c6d315000487daa6.json,RockSim,AeroTech,AeroTech,I229T,I229,5f4294d200023100000001e8,611e8044c6d315000487daa6,reload,I,54,156,1.77729257641921,229,,407,23,1.73,239.1221965317919,273.66,413.6814,PD,user,/simfiles/611e8044c6d315000487daa6/,/simfiles/611e8044c6d315000487daa6/download/data.rse
aerotech_i284w_rasp_5f4294d20002e90000000039.csv,aerotech_i284w_rasp_5f4294d20002e90000000039.json,RASP,AeroTech,AeroTech,I284W,I284,5f4294d200023100000000c5,5f4294d20002e90000000039,reload,I,38,299,1.94,284,570.6,607.3,26,1.77,330.3453855932203,508.8,584.7113325,PD,cert,/simfiles/5f4294d20002e90000000039/,/simfiles/5f4294d20002e90000000039/download/data.eng
aerotech_i284w_rasp_5f4294d20002e9000000003b.csv,aerotech_i284w_rasp_5f4294d20002e9000000003b.json,RASP,AeroTech,AeroTech,I284W,I284,5f4294d200023100000000c5,5f4294d20002e9000000003b,reload,I,38,299,1.94,284,570.6,607.3,26,2.119,278.8545011798018,459.029,590.892688,PD,cert,/simfiles/5f4294d20002e9000000003b/,/simfiles/5f4294d20002e9000000003b/download/data.eng
aerotech_i285r_rasp_5f4294d20002e9000000003d.csv,aerotech_i285r_rasp_5f4294d20002e9000000003d.json,RASP,AeroTech,AeroTech,I285R,I285,5f4294d200023100000000c7,5f4294d20002e9000000003d,reload,I,38,250,1.47,285,,420,26,1.5050000000000001,274.63695514950166,373.966,413.3286175,PD,cert,/simfiles/5f4294d20002e9000000003d/,/simfiles/5f4294d20002e9000000003d/download/data.eng
aerotech_i327dm_rocksim_5f9245e01bca580004171799.csv,aerotech_i327dm_rocksim_5f9245e01bca580004171799.json,RockSim,AeroTech,AeroTech,I327DM,I327,5f4294d200023100000003c6,5f9245e01bca580004171799,reload,I,38,337,1.72,327,400,539,24,1.723,315.0224927452118,432.602,542.783755,PD,user,/simfiles/5f9245e01bca580004171799/,/simfiles/5f9245e01bca580004171799/download/data.rse
aerotech_i350r_rasp_5f4294d20002e90000000795.csv,aerotech_i350r_rasp_5f4294d20002e90000000795.json,RASP,AeroTech,AeroTech,I350R,I350,5f4294d200023100000003b7,5f4294d20002e90000000795,SU,I,38,355.6,1.86,340,473,634.6,27,1.601,402.00521392879455,486.027,643.6103475000001,PD,mfr,/simfiles/5f4294d20002e90000000795/,/simfiles/5f4294d20002e90000000795/download/data.eng
aerotech_i350r_rocksim_5f9245f61bca58000417179b.csv,aerotech_i350r_rocksim_5f9245f61bca58000417179b.json,RockSim,AeroTech,AeroTech,I350R,I350,5f4294d200023100000003b7,5f9245f61bca58000417179b,SU,I,38,355.6,1.86,340,473,634.6,28,1.605,401.00683208722745,486.027,643.6159655,PD,user,/simfiles/5f9245f61bca58000417179b/,/simfiles/5f9245f61bca58000417179b/download/data.rse
aerotech_i357t_rasp_5f4294d20002e9000000003f.csv,aerotech_i357t_rasp_5f4294d20002e9000000003f.json,RASP,AeroTech,AeroTech,I357T,I357,5f4294d200023100000000d3,5f4294d20002e9000000003f,reload,I,38,203,1,357,432.8,342,26,1.4869999999999999,236.62780295897784,351.768,351.865543,PD,cert,/simfiles/5f4294d20002e9000000003f/,/simfiles/5f4294d20002e9000000003f/download/data.eng
aerotech_i366r_rasp_5f4294d20002e90000000041.csv,aerotech_i366r_rasp_5f4294d20002e90000000041.json,RASP,AeroTech,AeroTech,I366R,I366,5f4294d200023100000000d5,5f4294d20002e90000000041,reload,I,38,299,1.52,355,507,539,26,1.508,354.71952619363395,485.393,534.9170455,PD,cert,/simfiles/5f4294d20002e90000000041/,/simfiles/5f4294d20002e90000000041/download/data.eng
aerotech_i40n_p_rasp_61815b4a993aab0004245a6b.csv,aerotech_i40n_p_rasp_61815b4a993aab0004245a6b.json,RASP,AeroTech,AeroTech,I40N-P,I40,616e6152763045000425980a,61815b4a993aab0004245a6b,SU,I,38,203,9.95,37.73,101.66,374.9,18,9.957999999999998,37.83975145611569,95.015,376.808245,PD,cert,/simfiles/61815b4a993aab0004245a6b/,/simfiles/61815b4a993aab0004245a6b/download/data.eng
aerotech_i435t_rasp_5f4294d20002e90000000043.csv,aerotech_i435t_rasp_5f4294d20002e90000000043.json,RASP,AeroTech,AeroTech,I435T,I435,5f4294d200023100000000da,5f4294d20002e90000000043,reload,I,38,299,1.1,435,785.6,568.9,26,1.371,428.30756345733045,702.334,587.2096695,PD,cert,/simfiles/5f4294d20002e90000000043/,/simfiles/5f4294d20002e90000000043/download/data.eng
aerotech_i435t_rasp_5f4294d20002e90000000045.csv,aerotech_i435t_rasp_5f4294d20002e90000000045.json,RASP,AeroTech,AeroTech,I435T,I435,5f4294d200023100000000da,5f4294d20002e90000000045,reload,I,38,299,1.1,435,785.6,568.9,26,1.25,441.2737,808.049,551.592125,PD,cert,/simfiles/5f4294d20002e90000000045/,/simfiles/5f4294d20002e90000000045/download/data.eng
aerotech_i599n_rocksim_611e8330c6d315000487dad4.csv,aerotech_i599n_rocksim_611e8330c6d315000487dad4.json,RockSim,AeroTech,AeroTech,I599N,I599,5f4294d200023100000001ea,611e8330c6d315000487dad4,reload,I,54,156,0.6,667.82,763.46,404.87,36,0.623,649.6179999999999,797.44,404.71201399999995,PD,user,/simfiles/611e8330c6d315000487dad4/,/simfiles/611e8330c6d315000487dad4/download/data.rse
aerotech_i65w_rasp_5f4294d20002e90000000047.csv,aerotech_i65w_rasp_5f4294d20002e90000000047.json,RASP,AeroTech,AeroTech,I65W,I65,5f4294d2000231000000009d,5f4294d20002e90000000047,SU,I,54,235,8.26,76.33,150.07,630.5,26,9.114,71.16910763660302,148.283,648.6352469999999,PD,cert,/simfiles/5f4294d20002e90000000047/,/simfiles/5f4294d20002e90000000047/download/data.eng
aerotech_j125w_rasp_5f4294d20002e90000000049.csv,aerotech_j125w_rasp_5f4294d20002e90000000049.json,RASP,AeroTech,AeroTech,J125W,J125,5f4294d200023100000000e3,5f4294d20002e90000000049,SU,J,54,368,7.75,125,338.9,1202.4,26,8.801,134.6378394500625,285.163,1184.947625,PD,cert,/simfiles/5f4294d20002e90000000049/,/simfiles/5f4294d20002e90000000049/download/data.eng
aerotech_j1265t_rasp_63bd1a4b292aef00048b8bde.csv,aerotech_j1265t_rasp_63bd1a4b292aef00048b8bde.json,RASP,AeroTech,AeroTech,J1265T,J1265,63bb65281d26f30004b4b07b,63bd1a4b292aef00048b8bde,SU,J,54,397,0.85,1261.1,1745.3,1073.3,24,0.881,1219.6899767309874,1568.426,1074.5468695,PD,cert,/simfiles/63bd1a4b292aef00048b8bde/,/simfiles/63bd1a4b292aef00048b8bde/download/data.eng
aerotech_j135w_rasp_5f4294d20002e9000000004b.csv,aerotech_j135w_rasp_5f4294d20002e9000000004b.json,RASP,AeroTech,AeroTech,J135W,J135,5f4294d200023100000000e4,5f4294d20002e9000000004b,reload,J,54,368,6.83,157,274,1069,26,7.444999999999999,137.7592649429147,259.308,1025.6177275,PD,cert,/simfiles/5f4294d20002e9000000004b/,/simfiles/5f4294d20002e9000000004b/download/data.eng
aerotech_j145h_2jet_std_rasp_5f4294d20002e9000000004d.csv,aerotech_j145h_2jet_std_rasp_5f4294d20002e9000000004d.json,RASP,AeroTech,AeroTech,J145H_2JET_STD,J145,5f4294d200023100000000e7,5f4294d20002e9000000004d,hybrid,J,54,709,5.65,145,303.3,825.7,26,5.685,141.99696569920846,300.149,807.25275,PD,cert,/simfiles/5f4294d20002e9000000004d/,/simfiles/5f4294d20002e9000000004d/download/data.eng
aerotech_j170h_3jet_std_rasp_5f4294d20002e900000007ee.csv,aerotech_j170h_3jet_std_rasp_5f4294d20002e900000007ee.json,RASP,AeroTech,AeroTech,J170H_3JET_STD,J170,5f4294d200023100000000ed,5f4294d20002e900000007ee,hybrid,J,54,709,4.4,170,,739,40,4.482,176.05406381079877,432.068,789.0743140000001,PD,user,/simfiles/5f4294d20002e900000007ee/,/simfiles/5f4294d20002e900000007ee/download/data.eng
aerotech_j1799n_rasp_5f4294d20002e90000000877.csv,aerotech_j1799n_rasp_5f4294d20002e90000000877.json,RASP,AeroTech,AeroTech,J1799N,J1799,5f4294d200023100000001cf,5f4294d20002e90000000877,reload,J,54,330,0.61,1963.39,2965.88,1214.8,37,0.648,1658.0337692901232,2114.006,1074.4058825,PD,cert,/simfiles/5f4294d20002e90000000877/,/simfiles/5f4294d20002e90000000877/download/data.eng
aerotech_j1799n_rocksim_5f4294d20002e90000000878.csv,aerotech_j1799n_rocksim_5f4294d20002e90000000878.json,RockSim,AeroTech,AeroTech,J1799N,J1799,5f4294d200023100000001cf,5f4294d20002e90000000878,reload,J,54,330,0.61,1963.39,2965.88,1214.8,38,0.652,1649.9017576687115,2114.01,1075.735946,PD,cert,/simfiles/5f4294d20002e90000000878/,/simfiles/5f4294d20002e90000000878/download/data.rse
aerotech_j180t_rasp_5f4294d20002e9000000004f.csv,aerotech_j180t_rasp_5f4294d20002e9000000004f.json,RASP,AeroTech,AeroTech,J180T,J180,5f4294d200023100000000ee,5f4294d20002e9000000004f,reload,J,54,230,4.5,180,392,764,26,4.715,163.91462990455992,313.71,772.85748,PD,cert,/simfiles/5f4294d20002e9000000004f/,/simfiles/5f4294d20002e9000000004f/download/data.eng
aerotech_j250fj_rocksim_5f92460f1bca58000417179d.csv,aerotech_j250fj_rocksim_5f92460f1bca58000417179d.json,RockSim,AeroTech,AeroTech,J250FJ,J250,5f4294d200023100000001ec,5f92460f1bca58000417179d,reload,J,54,241,2.9,250,,731,23,2.796,252.92659120171675,306.038,707.182749,PD,user,/simfiles/5f92460f1bca58000417179d/,/simfiles/5f92460f1bca58000417179d/download/data.rse
aerotech_j250w_rocksim_5f9246421bca58000417179f.csv,aerotech_j250w_rocksim_5f9246421bca58000417179f.json,RockSim,AeroTech,AeroTech,J250W,J250,5f4294d2000231000000043f,5f9246421bca58000417179f,SU,J,54,218.20000000000002,2.7,260,338,704,21,2.902,244.228194348725,335.735,708.75022,PD,user,/simfiles/5f9246421bca58000417179f/,/simfiles/5f9246421bca58000417179f/download/data.rse
aerotech_j275w_rasp_5f4294d20002e90000000051.csv,aerotech_j275w_rasp_5f4294d20002e90000000051.json,RASP,AeroTech,AeroTech,J275W,J275,5f4294d200023100000000ff,5f4294d20002e90000000051,reload,J,54,230,3.3,275,370,774,26,3.823,218.08779884907142,336.422,833.7496550000001,PD,cert,/simfiles/5f4294d20002e90000000051/,/simfiles/5f4294d20002e90000000051/download/data.eng
aerotech_j315r_rasp_5f4294d20002e90000000053.csv,aerotech_j315r_rasp_5f4294d20002e90000000053.json,RASP,AeroTech,AeroTech,J315R,J315,5f4294d20002310000000106,5f4294d20002e90000000053,reload,J,54,230,2.4231746031746,315,,763.3,26,2.606,288.71851784343824,376.062,752.4004575,PD,cert,/simfiles/5f4294d20002e90000000053/,/simfiles/5f4294d20002e90000000053/download/data.eng
aerotech_j340m_rocksim_5f4294d20002e9000000071a.csv,aerotech_j340m_rocksim_5f4294d20002e9000000071a.json,RockSim,AeroTech,AeroTech,J340M,J340,5f4294d20002310000000388,5f4294d20002e9000000071a,reload,J,38,337,1.836,354.1,605,651.68,20,2.19,298.06690844748863,606.518,652.7665295,PD,mfr,/simfiles/5f4294d20002e9000000071a/,/simfiles/5f4294d20002e9000000071a/download/data.rse
aerotech_j350w_old_rasp_5f4294d20002e900000002a7.csv,aerotech_j350w_old_rasp_5f4294d20002e900000002a7.json,RASP,AeroTech,AeroTech,J350W-OLD,J350,5f4294d2000231000000010e,5f4294d20002e900000002a7,reload,J,38,337,1.78,394.2,890.4,697.4,26,1.943,348.0833075141533,706.781,676.3258665,PD,cert,/simfiles/5f4294d20002e900000002a7/,/simfiles/5f4294d20002e900000002a7/download/data.eng
aerotech_j401fj_rocksim_5f9246651bca5800041717a1.csv,aerotech_j401fj_rocksim_5f9246651bca5800041717a1.json,RockSim,AeroTech,AeroTech,J401FJ,J401,5f4294d2000231000000024a,5f9246651bca5800041717a1,reload,J,54,325,2.8,408.88,479.99,1115.38,34,2.783,397.97036381602584,488.102,1107.5515225,PD,user,/simfiles/5f9246651bca5800041717a1/,/simfiles/5f9246651bca5800041717a1/download/data.rse
aerotech_j415w_rasp_5f4294d20002e90000000055.csv,aerotech_j415w_rasp_5f4294d20002e90000000055.json,RASP,AeroTech,AeroTech,J415W,J415,5f4294d2000231000000011a,5f4294d20002e90000000055,reload,J,54,314,2.88,415,732.8,1231.7,26,3.293,387.6474957485575,553.889,1276.5232035,PD,cert,/simfiles/5f4294d20002e90000000055/,/simfiles/5f4294d20002e90000000055/download/data.eng
aerotech_j420r_rasp_5f4294d20002e90000000057.csv,aerotech_j420r_rasp_5f4294d20002e90000000057.json,RASP,AeroTech,AeroTech,J420R,J420,5f4294d2000231000000011c,5f4294d20002e90000000057,reload,J,38,337,1.56666666666667,420,,658,26,1.609,404.1487852703543,563.47,650.2753955000001,PD,cert,/simfiles/5f4294d20002e90000000057/,/simfiles/5f4294d20002e90000000057/download/data.eng
aerotech_j435ws_rasp_5f4294d20002e90000000895.csv,aerotech_j435ws_rasp_5f4294d20002e90000000895.json,RASP,AeroTech,AeroTech,J435WS,J435,5f4294d20002310000000458,5f4294d20002e90000000895,SU,J,38,365.9,1.64,441.61,712.85,742.77,58,1.752,440.6120890410959,694.661,771.95238,PD,cert,/simfiles/5f4294d20002e90000000895/,/simfiles/5f4294d20002e90000000895/download/data.eng
aerotech_j435ws_rocksim_5f4294d20002e90000000896.csv,aerotech_j435ws_rocksim_5f4294d20002e90000000896.json,RockSim,AeroTech,AeroTech,J435WS,J435,5f4294d20002310000000458,5f4294d20002e90000000896,SU,J,38,365.9,1.64,441.61,712.85,742.77,59,1.781,433.5277914093206,694.661,772.1129965,PD,cert,/simfiles/5f4294d20002e90000000896/,/simfiles/5f4294d20002e90000000896/download/data.rse
aerotech_j450dm_rasp_5f4294d20002e9000000086b.csv,aerotech_j450dm_rasp_5f4294d20002e9000000086b.json,RASP,AeroTech,AeroTech,J450DM,J450,5f4294d2000231000000044f,5f4294d20002e9000000086b,SU,J,54,359,2.27,465,558,1055,36,2.299,461.0581709438887,541.417,1059.972735,PD,cert,/simfiles/5f4294d20002e9000000086b/,/simfiles/5f4294d20002e9000000086b/download/data.eng
aerotech_j450dm_rocksim_5f9246821bca5800041717a3.csv,aerotech_j450dm_rocksim_5f9246821bca5800041717a3.json,RockSim,AeroTech,AeroTech,J450DM,J450,5f4294d2000231000000044f,5f9246821bca5800041717a3,SU,J,54,359,2.27,465,558,1055,37,2.311,459.3669333621809,541.417,1061.596983,PD,user,/simfiles/5f9246821bca5800041717a3/,/simfiles/5f9246821bca5800041717a3/download/data.rse
aerotech_j460t_rasp_5f4294d20002e90000000059.csv,aerotech_j460t_rasp_5f4294d20002e90000000059.json,RASP,AeroTech,AeroTech,J460T,J460,5f4294d2000231000000011f,5f4294d20002e90000000059,reload,J,54,230,1.81,460,870.5,805.5,26,2.117,400.4909742560227,545.793,847.8393925,PD,cert,/simfiles/5f4294d20002e90000000059/,/simfiles/5f4294d20002e90000000059/download/data.eng
aerotech_j510w_rocksim_5f9246991bca5800041717a5.csv,aerotech_j510w_rocksim_5f9246991bca5800041717a5.json,RockSim,AeroTech,AeroTech,J510W,J510,5f4294d2000231000000030a,5f9246991bca5800041717a5,reload,J,38,584.2,2.27,509.9,1041.7,1162,16,2.5,472.1998426,1055.9,1180.4996065,PD,user,/simfiles/5f9246991bca5800041717a5/,/simfiles/5f9246991bca5800041717a5/download/data.rse
aerotech_j540r_rasp_5f4294d20002e9000000005b.csv,aerotech_j540r_rasp_5f4294d20002e9000000005b.json,RASP,AeroTech,AeroTech,J540R,J540,5f4294d20002310000000124,5f4294d20002e9000000005b,reload,J,54,314,2.15,540,,1161,26,2.255,503.55269356984485,666.924,1135.511324,PD,cert,/simfiles/5f4294d20002e9000000005b/,/simfiles/5f4294d20002e9000000005b/download/data.eng
aerotech_j550st_14_rasp_691a27eb2d19df0002c3d2ce.csv,aerotech_j550st_14_rasp_691a27eb2d19df0002c3d2ce.json,RASP,AeroTech,AeroTech,J550ST-14,J550,6919f2962d19df0002c3a09f,691a27eb2d19df0002c3d2ce,reload,J,54,231,1.31,557,649,732,27,1.381,530.0112309920347,610.49,731.94551,PD,cert,/simfiles/691a27eb2d19df0002c3d2ce/,/simfiles/691a27eb2d19df0002c3d2ce/download/data.eng
aerotech_j570w_rasp_5f4294d20002e9000000005d.csv,aerotech_j570w_rasp_5f4294d20002e9000000005d.json,RASP,AeroTech,AeroTech,J570W,J570,5f4294d20002310000000126,5f4294d20002e9000000005d,reload,J,38,479,1.91,509.3,1142.5,973.1,26,2.013,502.43994808743173,1149.795,1011.4116155,PD,cert,/simfiles/5f4294d20002e9000000005d/,/simfiles/5f4294d20002e9000000005d/download/data.eng
aerotech_j615st_20a_rasp_617e9fa90cf99000040b10a0.csv,aerotech_j615st_20a_rasp_617e9fa90cf99000040b10a0.json,RASP,AeroTech,AeroTech,J615ST-20A,J615,616e62f1763045000425980d,617e9fa90cf99000040b10a0,reload,J,54,240.4,1.2,615.06,933.94,745.45,17,1.2400000000000002,615.2394217741935,829.659,762.896883,PD,cert,/simfiles/617e9fa90cf99000040b10a0/,/simfiles/617e9fa90cf99000040b10a0/download/data.eng
aerotech_j615st_20a_rocksim_63b8c4a793c0ec0004f1e136.csv,aerotech_j615st_20a_rocksim_63b8c4a793c0ec0004f1e136.json,RockSim,AeroTech,AeroTech,J615ST-20A,J615,616e62f1763045000425980d,63b8c4a793c0ec0004f1e136,reload,J,54,240.4,1.2,615.06,933.94,745.45,18,1.243,613.7574340305712,829.659,762.9004905,PD,user,/simfiles/63b8c4a793c0ec0004f1e136/,/simfiles/63b8c4a793c0ec0004f1e136/download/data.rse
aerotech_j800t_rasp_5f4294d20002e9000000005f.csv,aerotech_j800t_rasp_5f4294d20002e9000000005f.json,RASP,AeroTech,AeroTech,J800T,J800,5f4294d20002310000000129,5f4294d20002e9000000005f,reload,J,54,316,1.76,696.5,1001,1229.11,26,2.05,608.594736097561,841.341,1247.619209,PD,cert,/simfiles/5f4294d20002e9000000005f/,/simfiles/5f4294d20002e9000000005f/download/data.eng
aerotech_j825r_rasp_5f4294d20002e90000000879.csv,aerotech_j825r_rasp_5f4294d20002e90000000879.json,RASP,AeroTech,AeroTech,J825R,J825,5f4294d200023100000001d6,5f4294d20002e90000000879,reload,J,38,478,1.15,892.9,1244.3,974.9,31,1.109,866.3964765554554,1202.978,960.8336925,PD,cert,/simfiles/5f4294d20002e90000000879/,/simfiles/5f4294d20002e90000000879/download/data.eng
aerotech_j825r_rocksim_5f4294d20002e9000000087a.csv,aerotech_j825r_rocksim_5f4294d20002e9000000087a.json,RockSim,AeroTech,AeroTech,J825R,J825,5f4294d200023100000001d6,5f4294d20002e9000000087a,reload,J,38,478,1.15,892.9,1244.3,974.9,32,1.115,862.9307206278027,1202.98,962.1677535,PD,cert,/simfiles/5f4294d20002e9000000087a/,/simfiles/5f4294d20002e9000000087a/download/data.rse
aerotech_j90w_rasp_5f4294d20002e90000000061.csv,aerotech_j90w_rasp_5f4294d20002e90000000061.json,RASP,AeroTech,AeroTech,J90W,J90,5f4294d200023100000000df,5f4294d20002e90000000061,reload,J,54,243,6.85,90,188,707,26,7.189,94.74402921129503,187.242,681.114826,PD,cert,/simfiles/5f4294d20002e90000000061/,/simfiles/5f4294d20002e90000000061/download/data.eng
aerotech_k1000t_rasp_5f4294d20002e90000000716.csv,aerotech_k1000t_rasp_5f4294d20002e90000000716.json,RASP,AeroTech,AeroTech,K1000T,K1000,5f4294d20002310000000377,5f4294d20002e90000000716,reload,K,75,382.9,2.35,1066,1674,2511.5,34,2.496,999.5320226362179,1139.581,2494.8319285,PD,mfr,/simfiles/5f4294d20002e90000000716/,/simfiles/5f4294d20002e90000000716/download/data.eng
aerotech_k1000t_rocksim_5f9247991bca5800041717b7.csv,aerotech_k1000t_rocksim_5f9247991bca5800041717b7.json,RockSim,AeroTech,AeroTech,K1000T,K1000,5f4294d20002310000000377,5f9247991bca5800041717b7,reload,K,75,382.9,2.35,1066,1674,2511.5,35,2.5,998.6488072,1139.58,2496.622018,PD,user,/simfiles/5f9247991bca5800041717b7/,/simfiles/5f9247991bca5800041717b7/download/data.rse
aerotech_k1050w_su_rasp_5f4294d20002e90000000063.csv,aerotech_k1050w_su_rasp_5f4294d20002e90000000063.json,RASP,AeroTech,AeroTech,K1050W-SU,K1050,5f4294d20002310000000164,5f4294d20002e90000000063,SU,K,54,676,2.28,1050,2164,2530,26,2.5,990.37454,1379.519,2475.93635,PD,cert,/simfiles/5f4294d20002e90000000063/,/simfiles/5f4294d20002e90000000063/download/data.eng
aerotech_k1100t_rasp_5f4294d20002e90000000065.csv,aerotech_k1100t_rasp_5f4294d20002e90000000065.json,RASP,AeroTech,AeroTech,K1100T,K1100,5f4294d20002310000000166,5f4294d20002e90000000065,reload,K,54,398,1.61,1100,1245,1472,25,1.708,916.2100433255268,1234.653,1564.8867539999999,PD,cert,/simfiles/5f4294d20002e90000000065/,/simfiles/5f4294d20002e90000000065/download/data.eng
aerotech_k1103x_rocksim_5f9247e51bca5800041717ba.csv,aerotech_k1103x_rocksim_5f9247e51bca5800041717ba.json,RockSim,AeroTech,AeroTech,K1103X,K1103,5f4294d200023100000003c9,5f9247e51bca5800041717ba,reload,K,54,401,1.6,1103,1780,1789,25,1.688,1071.9936409952606,1619.8,1809.525266,PD,user,/simfiles/5f9247e51bca5800041717ba/,/simfiles/5f9247e51bca5800041717ba/download/data.rse
aerotech_k1275r_rasp_5f4294d20002e90000000067.csv,aerotech_k1275r_rasp_5f4294d20002e90000000067.json,RASP,AeroTech,AeroTech,K1275R,K1275,5f4294d20002310000000167,5f4294d20002e90000000067,reload,K,54,568,1.75,1275,1554,2224.9,26,2.006,1053.0935159521437,1557.989,2112.505593,PD,cert,/simfiles/5f4294d20002e90000000067/,/simfiles/5f4294d20002e90000000067/download/data.eng
aerotech_k1800st_p_rasp_62fa61998859e1000491b7e4.csv,aerotech_k1800st_p_rasp_62fa61998859e1000491b7e4.json,RASP,AeroTech,AeroTech,K1800ST-P,K1800,62f9c49d6ae9e200040442ab,62fa61998859e1000491b7e4,reload,K,75,402,1.37,1776.5,2082.4,2443.7,55,1.412,1736.3496370396604,2075.61,2451.7256875000003,PD,user,/simfiles/62fa61998859e1000491b7e4/,/simfiles/62fa61998859e1000491b7e4/download/data.eng
aerotech_k185w_rasp_5f4294d20002e90000000069.csv,aerotech_k185w_rasp_5f4294d20002e90000000069.json,RASP,AeroTech,AeroTech,K185W,K185,5f4294d2000231000000012d,5f4294d20002e90000000069,reload,K,54,437,6.87,185,404.7,1417.2,26,7.5649999999999995,179.4638919365499,339.677,1357.6443425,PD,cert,/simfiles/5f4294d20002e90000000069/,/simfiles/5f4294d20002e90000000069/download/data.eng
aerotech_k1999n_rasp_5f4294d20002e9000000087c.csv,aerotech_k1999n_rasp_5f4294d20002e9000000087c.json,RASP,AeroTech,AeroTech,K1999N,K1999,5f4294d200023100000001ca,5f4294d20002e9000000087c,reload,K,98,289,1.34,1887.37,2159.6,2540,24,1.34,1879.462166044776,2336.975,2518.4793025,PD,cert,/simfiles/5f4294d20002e9000000087c/,/simfiles/5f4294d20002e9000000087c/download/data.eng
aerotech_k1999n_rocksim_5f4294d20002e9000000087b.csv,aerotech_k1999n_rocksim_5f4294d20002e9000000087b.json,RockSim,AeroTech,AeroTech,K1999N,K1999,5f4294d200023100000001ca,5f4294d20002e9000000087b,reload,K,98,289,1.34,1887.37,2159.6,2540,25,1.359,1869.5214584253129,2336.97,2540.679662,PD,cert,/simfiles/5f4294d20002e9000000087b/,/simfiles/5f4294d20002e9000000087b/download/data.rse
aerotech_k2050st_rasp_5f4294d20002e9000000086f.csv,aerotech_k2050st_rasp_5f4294d20002e9000000086f.json,RASP,AeroTech,AeroTech,K2050ST,K2050,5f4294d20002310000000453,5f4294d20002e9000000086f,reload,K,54,383,0.73,1874,2086,1384,31,0.761,1831.0530453350852,2065.245,1393.4313674999999,PD,cert,/simfiles/5f4294d20002e9000000086f/,/simfiles/5f4294d20002e9000000086f/download/data.eng
aerotech_k2050st_rasp_5f4294d20002e90000000870.csv,aerotech_k2050st_rasp_5f4294d20002e90000000870.json,RASP,AeroTech,AeroTech,K2050ST,K2050,5f4294d20002310000000453,5f4294d20002e90000000870,reload,K,54,383,0.73,1874,2086,1384,39,0.756,1832.1975449735448,2168.275,1385.141344,PD,user,/simfiles/5f4294d20002e90000000870/,/simfiles/5f4294d20002e90000000870/download/data.eng
aerotech_k2050st_rocksim_5f9248011bca5800041717bc.csv,aerotech_k2050st_rocksim_5f9248011bca5800041717bc.json,RockSim,AeroTech,AeroTech,K2050ST,K2050,5f4294d20002310000000453,5f9248011bca5800041717bc,reload,K,54,383,0.73,1874,2086,1384,40,0.773,1812.2677742561448,2168.28,1400.8829895,PD,user,/simfiles/5f9248011bca5800041717bc/,/simfiles/5f9248011bca5800041717bc/download/data.rse
aerotech_k250w_rasp_5f4294d20002e9000000006b.csv,aerotech_k250w_rasp_5f4294d20002e9000000006b.json,RASP,AeroTech,AeroTech,K250W,K250,5f4294d20002310000000132,5f4294d20002e9000000006b,SU,K,54,673,9,250,545.8,2353,26,10.017,251.23962104422483,418.669,2516.667284,PD,cert,/simfiles/5f4294d20002e9000000006b/,/simfiles/5f4294d20002e9000000006b/download/data.eng
aerotech_k375nw_rasp_5f4294d20002e90000000715.csv,aerotech_k375nw_rasp_5f4294d20002e90000000715.json,RASP,AeroTech,AeroTech,K375NW,K375,5f4294d20002310000000382,5f4294d20002e90000000715,reload,K,54,579,5.78,430.58,1371.77,2228.14,31,5.773,384.1976355447774,1343.555,2217.97295,PD,user,/simfiles/5f4294d20002e90000000715/,/simfiles/5f4294d20002e90000000715/download/data.eng
aerotech_k400c_rasp_5f4294d20002e9000000086c.csv,aerotech_k400c_rasp_5f4294d20002e9000000086c.json,RASP,AeroTech,AeroTech,K400C,K400,5f4294d20002310000000450,5f4294d20002e9000000086c,SU,K,54,359,3.2,409,546,1304,23,3.251,401.64624884650874,548.466,1305.751955,PD,cert,/simfiles/5f4294d20002e9000000086c/,/simfiles/5f4294d20002e9000000086c/download/data.eng
aerotech_k400c_rocksim_5f9246d11bca5800041717a9.csv,aerotech_k400c_rocksim_5f9246d11bca5800041717a9.json,RockSim,AeroTech,AeroTech,K400C,K400,5f4294d20002310000000450,5f9246d11bca5800041717a9,SU,K,54,359,3.2,409,546,1304,24,3.259,401.12226173672906,548.466,1307.257451,PD,user,/simfiles/5f9246d11bca5800041717a9/,/simfiles/5f9246d11bca5800041717a9/download/data.rse
aerotech_k455nw_17_rasp_5f4294d20002e900000008b5.csv,aerotech_k455nw_17_rasp_5f4294d20002e900000008b5.json,RASP,AeroTech,AeroTech,K455NW-17,K455,5f4294d20002310000000469,5f4294d20002e900000008b5,SU,K,54,674.9000000000001,5.09,455.42,1307.87,2327.9,24,5.386,432.2699715979156,1300.21555601058,2328.2060670263736,PD,cert,/simfiles/5f4294d20002e900000008b5/,/simfiles/5f4294d20002e900000008b5/download/data.eng
aerotech_k455nw_17_rocksim_5f9246ea1bca5800041717ab.csv,aerotech_k455nw_17_rocksim_5f9246ea1bca5800041717ab.json,RockSim,AeroTech,AeroTech,K455NW-17,K455,5f4294d20002310000000469,5f9246ea1bca5800041717ab,SU,K,54,674.9000000000001,5.09,455.42,1307.87,2327.9,25,5.4,431.1651374629629,1300.22,2328.2917423,PD,user,/simfiles/5f9246ea1bca5800041717ab/,/simfiles/5f9246ea1bca5800041717ab/download/data.rse
aerotech_k456dm_rocksim_5f9247021bca5800041717ad.csv,aerotech_k456dm_rocksim_5f9247021bca5800041717ad.json,RockSim,AeroTech,AeroTech,K456DM,K456,5f4294d200023100000003c7,5f9247021bca5800041717ad,reload,K,54,401,2.89,438,534,1281,31,3.037,429.9104464932499,519.582,1305.6380259999999,PD,user,/simfiles/5f9247021bca5800041717ad/,/simfiles/5f9247021bca5800041717ad/download/data.rse
aerotech_k458w_rasp_5f4294d20002e9000000006d.csv,aerotech_k458w_rasp_5f4294d20002e9000000006d.json,RASP,AeroTech,AeroTech,K458W,K458,5f4294d2000231000000013e,5f4294d20002e9000000006d,reload,K,98,275,6,458,585.8,2464.6,26,6.758,388.1201686889612,623.155,2622.9161,PD,cert,/simfiles/5f4294d20002e9000000006d/,/simfiles/5f4294d20002e9000000006d/download/data.eng
aerotech_k480w_rasp_5f4294d20002e90000000714.csv,aerotech_k480w_rasp_5f4294d20002e90000000714.json,RASP,AeroTech,AeroTech,K480W,K480,5f4294d20002310000000383,5f4294d20002e90000000714,reload,K,54,579,4.26,545.27,1017.79,2273.26,42,4.77,479.39728700209645,915.996,2286.725059,PD,mfr,/simfiles/5f4294d20002e90000000714/,/simfiles/5f4294d20002e90000000714/download/data.eng
aerotech_k480w_rocksim_5f92472d1bca5800041717af.csv,aerotech_k480w_rocksim_5f92472d1bca5800041717af.json,RockSim,AeroTech,AeroTech,K480W,K480,5f4294d20002310000000383,5f92472d1bca5800041717af,reload,K,54,579,4.26,545.27,1017.79,2273.26,43,4.8,478.07506645833337,915.996,2294.760319,PD,user,/simfiles/5f92472d1bca5800041717af/,/simfiles/5f92472d1bca5800041717af/download/data.rse
aerotech_k485h_3jet_rasp_5f4294d20002e9000000006f.csv,aerotech_k485h_3jet_rasp_5f4294d20002e9000000006f.json,RASP,AeroTech,AeroTech,K485H-3JET,K485,5f4294d20002310000000142,5f4294d20002e9000000006f,hybrid,K,54,699,3.5,485,851.1,1686.8,26,3.823,435.55720272037667,831.332,1665.135186,PD,cert,/simfiles/5f4294d20002e9000000006f/,/simfiles/5f4294d20002e9000000006f/download/data.eng
aerotech_k513fj_rocksim_5f92474c1bca5800041717b1.csv,aerotech_k513fj_rocksim_5f92474c1bca5800041717b1.json,RockSim,AeroTech,AeroTech,K513FJ,K513,5f4294d200023100000001ee,5f92474c1bca5800041717b1,reload,K,54,410,2.79,556.84,658.25,1496.27,39,2.726,541.0358695891416,656.019,1474.8637805,PD,user,/simfiles/5f92474c1bca5800041717b1/,/simfiles/5f92474c1bca5800041717b1/download/data.rse
aerotech_k540m_rocksim_5f4294d20002e9000000071b.csv,aerotech_k540m_rocksim_5f4294d20002e9000000071b.json,RockSim,AeroTech,AeroTech,K540M,K540,5f4294d20002310000000389,5f4294d20002e9000000071b,reload,K,54,401,2.85,557.4,854,1596.33,30,3.289,484.26663879598664,855.514,1592.752975,PD,mfr,/simfiles/5f4294d20002e9000000071b/,/simfiles/5f4294d20002e9000000071b/download/data.rse
aerotech_k550w_rasp_5f4294d20002e90000000071.csv,aerotech_k550w_rasp_5f4294d20002e90000000071.json,RASP,AeroTech,AeroTech,K550W,K550,5f4294d20002310000000146,5f4294d20002e90000000071,reload,K,54,410,3.879,396.8,655.3,1539.118,26,3.291,487.76502096627166,797.939,1605.234684,PD,cert,/simfiles/5f4294d20002e90000000071/,/simfiles/5f4294d20002e90000000071/download/data.eng
aerotech_k560w_rasp_5f4294d20002e90000000073.csv,aerotech_k560w_rasp_5f4294d20002e90000000073.json,RASP,AeroTech,AeroTech,K560W,K560,5f4294d20002310000000149,5f4294d20002e90000000073,reload,K,75,396,4.09,560,753.7,2417,26,4.869,501.27237358800573,789.305,2440.695187,PD,cert,/simfiles/5f4294d20002e90000000073/,/simfiles/5f4294d20002e90000000073/download/data.eng
aerotech_k62n_rasp_63bd1c3e292aef00048b8be1.csv,aerotech_k62n_rasp_63bd1c3e292aef00048b8be1.json,RASP,AeroTech,AeroTech,K62N,K62,63bb643e1d26f30004b4b077,63bd1c3e292aef00048b8be1,SU,K,54,274,23.1,62.54,258.7,1438.5,15,21.822,64.42443453853909,252.038,1405.8700105,PD,cert,/simfiles/63bd1c3e292aef00048b8be1/,/simfiles/63bd1c3e292aef00048b8be1/download/data.eng
aerotech_k650t_rasp_5f4294d20002e90000000075.csv,aerotech_k650t_rasp_5f4294d20002e90000000075.json,RASP,AeroTech,AeroTech,K650T,K650,5f4294d20002310000000153,5f4294d20002e90000000075,reload,K,98,289,3.67,650,752.8,2405.7,26,4.029,587.6229172251179,747.557,2367.5327335,PD,cert,/simfiles/5f4294d20002e90000000075/,/simfiles/5f4294d20002e90000000075/download/data.eng
aerotech_k695r_rasp_5f4294d20002e90000000077.csv,aerotech_k695r_rasp_5f4294d20002e90000000077.json,RASP,AeroTech,AeroTech,K695R,K695,5f4294d20002310000000158,5f4294d20002e90000000077,reload,K,54,410,2.17841726618705,695,,1514,26,2.256,655.63663785461,900.125,1479.116255,PD,cert,/simfiles/5f4294d20002e90000000077/,/simfiles/5f4294d20002e90000000077/download/data.eng
aerotech_k700w_rasp_5f4294d20002e90000000079.csv,aerotech_k700w_rasp_5f4294d20002e90000000079.json,RASP,AeroTech,AeroTech,K700W,K700,5f4294d2000231000000015a,5f4294d20002e90000000079,reload,K,54,568,3.51,700,1617,2261,26,3.524,638.1926089670828,1029.337,2248.990754,PD,cert,/simfiles/5f4294d20002e90000000079/,/simfiles/5f4294d20002e90000000079/download/data.eng
aerotech_k750st_rasp_62cc834fb513640004fcec8e.csv,aerotech_k750st_rasp_62cc834fb513640004fcec8e.json,RASP,AeroTech,AeroTech,K750ST,K750,627bbef01b11ab0004a4bb20,62cc834fb513640004fcec8e,reload,K,75,267,1.74,746.56,835.69,1298.73,29,1.769,732.986011023177,814.601,1296.6522535,PD,user,/simfiles/62cc834fb513640004fcec8e/,/simfiles/62cc834fb513640004fcec8e/download/data.eng
aerotech_k76wn_p_rasp_5f7d2e17606b5d00041d9ab6.csv,aerotech_k76wn_p_rasp_5f7d2e17606b5d00041d9ab6.json,RASP,AeroTech,AeroTech,K76WN-P,K76,5f7d2b90606b5d00041d9ab1,5f7d2e17606b5d00041d9ab6,SU,K,54,368,20.22,66.76,299.73,1349.83,22,20.574,66.02090599786138,284.07,1358.31412,PD,cert,/simfiles/5f7d2e17606b5d00041d9ab6/,/simfiles/5f7d2e17606b5d00041d9ab6/download/data.eng
aerotech_k76wn_p_rocksim_5f9246ba1bca5800041717a7.csv,aerotech_k76wn_p_rocksim_5f9246ba1bca5800041717a7.json,RockSim,AeroTech,AeroTech,K76WN-P,K76,5f7d2b90606b5d00041d9ab1,5f9246ba1bca5800041717a7,SU,K,54,368,20.22,66.76,299.73,1349.83,23,20.576,66.01453197900466,284.07,1358.31501,PD,user,/simfiles/5f9246ba1bca5800041717a7/,/simfiles/5f9246ba1bca5800041717a7/download/data.rse
aerotech_k780r_rasp_5f4294d20002e9000000007b.csv,aerotech_k780r_rasp_5f4294d20002e9000000007b.json,RASP,AeroTech,AeroTech,K780R,K780,5f4294d2000231000000015d,5f4294d20002e9000000007b,reload,K,75,395,2.98,780,965,2371,26,3.0100000000000002,781.0302712624584,953.578,2350.9011165,PD,cert,/simfiles/5f4294d20002e9000000007b/,/simfiles/5f4294d20002e9000000007b/download/data.eng
aerotech_k850dm_rasp_5f4294d20002e9000000086d.csv,aerotech_k850dm_rasp_5f4294d20002e9000000086d.json,RASP,AeroTech,AeroTech,K850DM,K850,5f4294d20002310000000451,5f4294d20002e9000000086d,SU,K,54,635,2,922,1094,1869,29,2.098,890.7748929933271,1064.922,1868.8457255,PD,cert,/simfiles/5f4294d20002e9000000086d/,/simfiles/5f4294d20002e9000000086d/download/data.eng
aerotech_k850dm_rocksim_5f92476a1bca5800041717b3.csv,aerotech_k850dm_rocksim_5f92476a1bca5800041717b3.json,RockSim,AeroTech,AeroTech,K850DM,K850,5f4294d20002310000000451,5f92476a1bca5800041717b3,SU,K,54,635,2,922,1094,1869,30,2.118,882.6027813975448,1064.92,1869.3526909999998,PD,user,/simfiles/5f92476a1bca5800041717b3/,/simfiles/5f92476a1bca5800041717b3/download/data.rse
aerotech_k990dm_rasp_5f4294d20002e9000000086e.csv,aerotech_k990dm_rasp_5f4294d20002e9000000086e.json,RASP,AeroTech,AeroTech,K990DM,K990,5f4294d20002310000000452,5f4294d20002e9000000086e,reload,K,54,598,2.04,931,1075,1867,32,2.121,883.6732743988684,1068.828,1874.271015,PD,cert,/simfiles/5f4294d20002e9000000086e/,/simfiles/5f4294d20002e9000000086e/download/data.eng
aerotech_k990dm_rocksim_5f9247831bca5800041717b5.csv,aerotech_k990dm_rocksim_5f9247831bca5800041717b5.json,RockSim,AeroTech,AeroTech,K990DM,K990,5f4294d20002310000000452,5f9247831bca5800041717b5,reload,K,54,598,2.04,931,1075,1867,33,2.137,877.1908427702386,1068.83,1874.556831,PD,user,/simfiles/5f9247831bca5800041717b5/,/simfiles/5f9247831bca5800041717b5/download/data.rse
aerotech_l1040dm_rocksim_5f9248771bca5800041717c6.csv,aerotech_l1040dm_rocksim_5f9248771bca5800041717c6.json,RockSim,AeroTech,AeroTech,L1040DM,L1040,5f4294d200023100000003ce,5f9248771bca5800041717c6,reload,L,75,681,3.79,992,1255,3769,28,4.127,938.1038148776353,1268.42,3871.5544440000003,PD,user,/simfiles/5f9248771bca5800041717c6/,/simfiles/5f9248771bca5800041717c6/download/data.rse
aerotech_l1090w_rasp_5f4294d20002e90000000855.csv,aerotech_l1090w_rasp_5f4294d20002e90000000855.json,RASP,AeroTech,AeroTech,L1090W,L1090,5f4294d20002310000000441,5f4294d20002e90000000855,reload,L,54,625.8000000000001,2.45,1090,1487,2671,36,2.9530000000000003,912.1015174398916,1321.586,2693.435781,PD,cert,/simfiles/5f4294d20002e90000000855/,/simfiles/5f4294d20002e90000000855/download/data.eng
aerotech_l1090w_rocksim_5f92488b1bca5800041717c8.csv,aerotech_l1090w_rocksim_5f92488b1bca5800041717c8.json,RockSim,AeroTech,AeroTech,L1090W,L1090,5f4294d20002310000000441,5f92488b1bca5800041717c8,reload,L,54,625.8000000000001,2.45,1090,1487,2671,37,2.962,911.0252246792707,1321.59,2698.4567155,PD,user,/simfiles/5f92488b1bca5800041717c8/,/simfiles/5f92488b1bca5800041717c8/download/data.rse
aerotech_l1120w_rasp_5f4294d20002e9000000007d.csv,aerotech_l1120w_rasp_5f4294d20002e9000000007d.json,RASP,AeroTech,AeroTech,L1120W,L1120,5f4294d2000231000000018e,5f4294d20002e9000000007d,reload,L,75,665,4.43,1120,1794,4947,26,4.912,988.4832645561889,1554.962,4855.4297955,PD,cert,/simfiles/5f4294d20002e9000000007d/,/simfiles/5f4294d20002e9000000007d/download/data.eng
aerotech_l1150r_rasp_5f4294d20002e9000000007f.csv,aerotech_l1150r_rasp_5f4294d20002e9000000007f.json,RASP,AeroTech,AeroTech,L1150R,L1150,5f4294d2000231000000018f,5f4294d20002e9000000007f,reload,L,75,530,3.07,1150,1346,3517,26,3.112,1113.0298380462725,1309.708,3463.748856,PD,cert,/simfiles/5f4294d20002e9000000007f/,/simfiles/5f4294d20002e9000000007f/download/data.eng
aerotech_l1170fj_rocksim_5f9248a21bca5800041717ca.csv,aerotech_l1170fj_rocksim_5f9248a21bca5800041717ca.json,RockSim,AeroTech,AeroTech,L1170FJ,L1170,5f4294d200023100000002e4,5f9248a21bca5800041717ca,reload,L,75,665,3.7,1141,1489,4232,17,3.67,1148.3524144414168,1473.29,4214.453361,PD,user,/simfiles/5f9248a21bca5800041717ca/,/simfiles/5f9248a21bca5800041717ca/download/data.rse
aerotech_l1250dm_rasp_5f4294d20002e900000007ec.csv,aerotech_l1250dm_rasp_5f4294d20002e900000007ec.json,RASP,AeroTech,AeroTech,L1250DM,L1250,5f4294d200023100000003fd,5f4294d20002e900000007ec,reload,L,75,801,3.7,1254,2042,4374,23,3.81,1148.5268002624673,1553.606,4375.887109,PD,cert,/simfiles/5f4294d20002e900000007ec/,/simfiles/5f4294d20002e900000007ec/download/data.eng
aerotech_l1250dm_rocksim_5f9248b91bca5800041717cc.csv,aerotech_l1250dm_rocksim_5f9248b91bca5800041717cc.json,RockSim,AeroTech,AeroTech,L1250DM,L1250,5f4294d200023100000003fd,5f9248b91bca5800041717cc,reload,L,75,801,3.7,1254,2042,4374,24,3.842,1145.2548201457573,1553.61,4400.069019,PD,user,/simfiles/5f9248b91bca5800041717cc/,/simfiles/5f9248b91bca5800041717cc/download/data.rse
aerotech_l1256ws_rasp_5f4294d20002e900000008b6.csv,aerotech_l1256ws_rasp_5f4294d20002e900000008b6.json,RASP,AeroTech,AeroTech,L1256WS,L1256,5f4294d2000231000000046a,5f4294d20002e900000008b6,reload,L,75,560.8,3.01,1257.07,1508.53,3784.98,16,3.0420000000000003,1236.9661984538354,1469.66069211678,3762.8511756965677,PD,cert,/simfiles/5f4294d20002e900000008b6/,/simfiles/5f4294d20002e900000008b6/download/data.eng
aerotech_l1256ws_rocksim_5f9248e71bca5800041717ce.csv,aerotech_l1256ws_rocksim_5f9248e71bca5800041717ce.json,RockSim,AeroTech,AeroTech,L1256WS,L1256,5f4294d2000231000000046a,5f9248e71bca5800041717ce,reload,L,75,560.8,3.01,1257.07,1508.53,3784.98,17,3.059,1230.1312099869237,1469.66,3762.97137135,PD,user,/simfiles/5f9248e71bca5800041717ce/,/simfiles/5f9248e71bca5800041717ce/download/data.rse
aerotech_l1300r_rasp_5f4294d20002e9000000087d.csv,aerotech_l1300r_rasp_5f4294d20002e9000000087d.json,RASP,AeroTech,AeroTech,L1300R,L1300,5f4294d20002310000000192,5f4294d20002e9000000087d,reload,L,98,443,3.51307692307692,1300,1552,4567,36,3.5180000000000002,1296.1838799033542,1536.105,4559.9748895,PD,cert,/simfiles/5f4294d20002e9000000087d/,/simfiles/5f4294d20002e9000000087d/download/data.eng
aerotech_l1300r_rocksim_5f4294d20002e9000000087e.csv,aerotech_l1300r_rocksim_5f4294d20002e9000000087e.json,RockSim,AeroTech,AeroTech,L1300R,L1300,5f4294d20002310000000192,5f4294d20002e9000000087e,reload,L,98,443,3.51307692307692,1300,1552,4567,37,3.552,1283.8542868806305,1536.11,4560.250427,PD,cert,/simfiles/5f4294d20002e9000000087e/,/simfiles/5f4294d20002e9000000087e/download/data.rse
aerotech_l1365m_rasp_5f4294d20002e900000007eb.csv,aerotech_l1365m_rasp_5f4294d20002e900000007eb.json,RASP,AeroTech,AeroTech,L1365M,L1365,5f4294d200023100000003fc,5f4294d20002e900000007eb,reload,L,75,665,3.5,1365,1735,4780,76,3.743,1277.5319074271977,1623.6,4781.8019295,PD,mfr,/simfiles/5f4294d20002e900000007eb/,/simfiles/5f4294d20002e900000007eb/download/data.eng
aerotech_l1365m_rocksim_5f9249011bca5800041717d0.csv,aerotech_l1365m_rocksim_5f9249011bca5800041717d0.json,RockSim,AeroTech,AeroTech,L1365M,L1365,5f4294d200023100000003fc,5f9249011bca5800041717d0,reload,L,75,665,3.5,1365,1735,4780,77,3.752,1274.6671247334755,1623.6,4782.551052,PD,user,/simfiles/5f9249011bca5800041717d0/,/simfiles/5f9249011bca5800041717d0/download/data.rse
aerotech_l1390g_rocksim_5f9249161bca5800041717d2.csv,aerotech_l1390g_rocksim_5f9249161bca5800041717d2.json,RockSim,AeroTech,AeroTech,L1390G,L1390,5f4294d20002310000000258,5f9249161bca5800041717d2,reload,L,75,530,2.63,1390,,3949,39,2.911,1355.713619890072,1649.83,3946.4823475,PD,user,/simfiles/5f9249161bca5800041717d2/,/simfiles/5f9249161bca5800041717d2/download/data.rse
aerotech_l1500t_rasp_5f4294d20002e90000000081.csv,aerotech_l1500t_rasp_5f4294d20002e90000000081.json,RASP,AeroTech,AeroTech,L1500T,L1500,5f4294d20002310000000196,5f4294d20002e90000000081,reload,L,98,443,3.47,1500,1752,5089.3,26,3.743,1337.942834090302,1704.286,5007.9200280000005,PD,cert,/simfiles/5f4294d20002e90000000081/,/simfiles/5f4294d20002e90000000081/download/data.eng
aerotech_l1520t_rocksim_5f92492e1bca5800041717d4.csv,aerotech_l1520t_rocksim_5f92492e1bca5800041717d4.json,RockSim,AeroTech,AeroTech,L1520T,L1520,5f4294d2000231000000038e,5f92492e1bca5800041717d4,reload,L,75,517.9,2.36,1567.8,1765.25,3715.9,34,2.6,1449.6131426923075,1696.63,3768.994171,PD,user,/simfiles/5f92492e1bca5800041717d4/,/simfiles/5f92492e1bca5800041717d4/download/data.rse
aerotech_l1940x_rasp_60ac84458dc4640004c24eb6.csv,aerotech_l1940x_rasp_60ac84458dc4640004c24eb6.json,RASP,AeroTech,AeroTech,L1940X,L1940,60ac748b8dc4640004c24d85,60ac84458dc4640004c24eb6,reload,L,75,560,2.23,1939.3,2318.5,4329.2,20,2.289,1885.7767501092178,2289.184,4316.542981,PD,mfr,/simfiles/60ac84458dc4640004c24eb6/,/simfiles/60ac84458dc4640004c24eb6/download/data.eng
aerotech_l2200g_rocksim_5f9249431bca5800041717d6.csv,aerotech_l2200g_rocksim_5f9249431bca5800041717d6.json,RockSim,AeroTech,AeroTech,L2200G,L2200,5f4294d2000231000000024b,5f9249431bca5800041717d6,reload,L,75,681,2.32,2200,,5104,38,2.4,2126.72271,3101.77,5104.134504,PD,user,/simfiles/5f9249431bca5800041717d6/,/simfiles/5f9249431bca5800041717d6/download/data.rse
aerotech_l2500st_rasp_5f4294d20002e9000000085f.csv,aerotech_l2500st_rasp_5f4294d20002e9000000085f.json,RASP,AeroTech,AeroTech,L2500ST,L2500,5f4294d20002310000000444,5f4294d20002e9000000085f,reload,L,98,443,1.86,2504,2830,4668,27,1.907,2449.7903728369165,2822.148,4671.750241,PD,cert,/simfiles/5f4294d20002e9000000085f/,/simfiles/5f4294d20002e9000000085f/download/data.eng
aerotech_l2500st_rocksim_5f9249591bca5800041717d8.csv,aerotech_l2500st_rocksim_5f9249591bca5800041717d8.json,RockSim,AeroTech,AeroTech,L2500ST,L2500,5f4294d20002310000000444,5f9249591bca5800041717d8,reload,L,98,443,1.86,2504,2830,4668,28,1.923,2429.5109282371295,2822.15,4671.949515,PD,user,/simfiles/5f9249591bca5800041717d8/,/simfiles/5f9249591bca5800041717d8/download/data.rse
aerotech_l2775st_ps_rasp_66256f4df307ea0002dc1865.csv,aerotech_l2775st_ps_rasp_66256f4df307ea0002dc1865.json,RASP,AeroTech,AeroTech,L2775ST-PS,L2775,6623cea6f873440002ac69a1,66256f4df307ea0002dc1865,reload,L,75,558.2,1.14,2773.5,3095.6,3149.9,9,1.176,2679.0212627551023,3096.42,3150.5290050000003,PD,user,/simfiles/66256f4df307ea0002dc1865/,/simfiles/66256f4df307ea0002dc1865/download/data.eng
aerotech_l2775st_ps_rasp_66266b86f307ea0002dca9a7.csv,aerotech_l2775st_ps_rasp_66266b86f307ea0002dca9a7.json,RASP,AeroTech,AeroTech,L2775ST-PS,L2775,6623cea6f873440002ac69a1,66266b86f307ea0002dca9a7,reload,L,75,558.2,1.14,2773.5,3095.6,3149.9,147,1.1788,2668.0837728512893,3081.7441,3145.1371514371,PD,cert,/simfiles/66266b86f307ea0002dca9a7/,/simfiles/66266b86f307ea0002dca9a7/download/data.eng
aerotech_l339n_rasp_5f4294d20002e90000000793.csv,aerotech_l339n_rasp_5f4294d20002e90000000793.json,RASP,AeroTech,AeroTech,L339N,L339,5f4294d2000231000000024d,5f4294d20002e90000000793,reload,L,98,302,8.82,316.5,445.5,3042.9,66,8.377,334.29492252596395,421.031,2800.388566,PD,user,/simfiles/5f4294d20002e90000000793/,/simfiles/5f4294d20002e90000000793/download/data.eng
aerotech_l339n_rocksim_5f9248181bca5800041717be.csv,aerotech_l339n_rocksim_5f9248181bca5800041717be.json,RockSim,AeroTech,AeroTech,L339N,L339,5f4294d2000231000000024d,5f9248181bca5800041717be,reload,L,98,302,8.82,316.5,445.5,3042.9,67,8.426,332.35927177783054,421.031,2800.459224,PD,user,/simfiles/5f9248181bca5800041717be/,/simfiles/5f9248181bca5800041717be/download/data.rse
aerotech_l400w_rasp_5f4294d20002e90000000788.csv,aerotech_l400w_rasp_5f4294d20002e90000000788.json,RASP,AeroTech,AeroTech,L400W,L400,5f4294d2000231000000038d,5f4294d20002e90000000788,reload,L,98,443.9,12.24,379.15,770.24,4641.58,33,15.907,293.554526529201,720.612,4669.5718535,PD,mfr,/simfiles/5f4294d20002e90000000788/,/simfiles/5f4294d20002e90000000788/download/data.eng
aerotech_l400w_rocksim_5f92482f1bca5800041717c0.csv,aerotech_l400w_rocksim_5f92482f1bca5800041717c0.json,RockSim,AeroTech,AeroTech,L400W,L400,5f4294d2000231000000038d,5f92482f1bca5800041717c0,reload,L,98,443.9,12.24,379.15,770.24,4641.58,34,15.938,293.4082139854436,720.612,4676.3401145,PD,user,/simfiles/5f92482f1bca5800041717c0/,/simfiles/5f92482f1bca5800041717c0/download/data.rse
aerotech_l850w_rasp_5f4294d20002e90000000083.csv,aerotech_l850w_rasp_5f4294d20002e90000000083.json,RASP,AeroTech,AeroTech,L850W,L850,5f4294d20002310000000181,5f4294d20002e90000000083,reload,L,75,531,4.42,850,1866.2,3646.2,26,4.606,792.1737024533218,1184.795,3648.7520735,PD,cert,/simfiles/5f4294d20002e90000000083/,/simfiles/5f4294d20002e90000000083/download/data.eng
aerotech_l875dm_rasp_5f4294d20002e90000000874.csv,aerotech_l875dm_rasp_5f4294d20002e90000000874.json,RASP,AeroTech,AeroTech,L875DM,L875,5f4294d20002310000000457,5f4294d20002e90000000874,SU,L,75,638,4.44,875,1355,3887,26,4.617,817.5215397444229,1038.617,3774.4969490000003,PD,cert,/simfiles/5f4294d20002e90000000874/,/simfiles/5f4294d20002e90000000874/download/data.eng
aerotech_l875dm_rocksim_5f92484a1bca5800041717c2.csv,aerotech_l875dm_rocksim_5f92484a1bca5800041717c2.json,RockSim,AeroTech,AeroTech,L875DM,L875,5f4294d20002310000000457,5f92484a1bca5800041717c2,SU,L,75,638,4.44,875,1355,3887,27,4.64,814.5697229525863,1038.62,3779.6035145,PD,user,/simfiles/5f92484a1bca5800041717c2/,/simfiles/5f92484a1bca5800041717c2/download/data.rse
aerotech_l900dm_rocksim_5f9248601bca5800041717c4.csv,aerotech_l900dm_rocksim_5f9248601bca5800041717c4.json,RockSim,AeroTech,AeroTech,L900DM,L900,5f4294d200023100000003c8,5f9248601bca5800041717c4,reload,L,75,665,4.4,900,,3868,29,4.484,861.5406098349688,1054.59,3863.1480945,PD,user,/simfiles/5f9248601bca5800041717c4/,/simfiles/5f9248601bca5800041717c4/download/data.rse
aerotech_l952w_rasp_5f4294d20002e90000000085.csv,aerotech_l952w_rasp_5f4294d20002e90000000085.json,RASP,AeroTech,AeroTech,L952W,L952,5f4294d20002310000000185,5f4294d20002e90000000085,reload,L,98,427,6.15,952,1021.5,4656,26,7.111,703.48589663901,1121.541,5002.488211,PD,cert,/simfiles/5f4294d20002e90000000085/,/simfiles/5f4294d20002e90000000085/download/data.eng
aerotech_m1075dm_rocksim_5f9249951bca5800041717e7.csv,aerotech_m1075dm_rocksim_5f9249951bca5800041717e7.json,RockSim,AeroTech,AeroTech,M1075DM,M1075,5f4294d200023100000003cd,5f9249951bca5800041717e7,reload,M,98,597,5.2,1070,1330,5571,23,5.5,1023.3075520000001,1264.43,5628.191536,PD,user,/simfiles/5f9249951bca5800041717e7/,/simfiles/5f9249951bca5800041717e7/download/data.rse
aerotech_m1305m_rocksim_5f9249b61bca5800041717e9.csv,aerotech_m1305m_rocksim_5f9249b61bca5800041717e9.json,RockSim,AeroTech,AeroTech,M1305M,M1305,5f4294d200023100000003cc,5f9249b61bca5800041717e9,reload,M,98,597,4.8,1406,2098,6891,30,5.707,1207.1593713860173,1927.67,6889.2585325,PD,user,/simfiles/5f9249b61bca5800041717e9/,/simfiles/5f9249b61bca5800041717e9/download/data.rse
aerotech_m1315w_rasp_5f4294d20002e90000000087.csv,aerotech_m1315w_rasp_5f4294d20002e90000000087.json,RASP,AeroTech,AeroTech,M1315W,M1315,5f4294d200023100000001a5,5f4294d20002e90000000087,reload,M,75,801,5.4,1248,2362,6713.5,26,5.833,1122.0788347334133,1728.683,6545.085843,PD,cert,/simfiles/5f4294d20002e90000000087/,/simfiles/5f4294d20002e90000000087/download/data.eng
aerotech_m1340w_rasp_5f4294d20002e90000000871.csv,aerotech_m1340w_rasp_5f4294d20002e90000000871.json,RASP,AeroTech,AeroTech,M1340W,M1340,5f4294d20002310000000454,5f4294d20002e90000000871,SU,M,98,557,5.5,1340,1865,7369,26,5.626,1310.1450274617846,1891.731,7370.8759245,PD,cert,/simfiles/5f4294d20002e90000000871/,/simfiles/5f4294d20002e90000000871/download/data.eng
aerotech_m1340w_rocksim_5f9249ce1bca5800041717eb.csv,aerotech_m1340w_rocksim_5f9249ce1bca5800041717eb.json,RockSim,AeroTech,AeroTech,M1340W,M1340,5f4294d20002310000000454,5f9249ce1bca5800041717eb,SU,M,98,557,5.5,1340,1865,7369,27,5.642,1306.4899210386386,1891.73,7371.2161344999995,PD,user,/simfiles/5f9249ce1bca5800041717eb/,/simfiles/5f9249ce1bca5800041717eb/download/data.rse
aerotech_m1350w_rasp_5f4294d20002e90000000875.csv,aerotech_m1350w_rasp_5f4294d20002e90000000875.json,RASP,AeroTech,AeroTech,M1350W,M1350,5f4294d20002310000000431,5f4294d20002e90000000875,SU,M,75,622,3.8166,1356.725,1765.489,5178.154,24,3.966,1300.5652215078164,1749.913,5158.0416685,PD,cert,/simfiles/5f4294d20002e90000000875/,/simfiles/5f4294d20002e90000000875/download/data.eng
aerotech_m1350w_rocksim_5f9249ea1bca5800041717ee.csv,aerotech_m1350w_rocksim_5f9249ea1bca5800041717ee.json,RockSim,AeroTech,AeroTech,M1350W,M1350,5f4294d20002310000000431,5f9249ea1bca5800041717ee,SU,M,75,622,3.8166,1356.725,1765.489,5178.154,25,3.996,1296.1655053803804,1749.91,5179.4773595,PD,user,/simfiles/5f9249ea1bca5800041717ee/,/simfiles/5f9249ea1bca5800041717ee/download/data.rse
aerotech_m1419w_rasp_5f4294d20002e90000000089.csv,aerotech_m1419w_rasp_5f4294d20002e90000000089.json,RASP,AeroTech,AeroTech,M1419W,M1419,5f4294d200023100000001a8,5f4294d20002e90000000089,reload,M,98,579,7.1,1419,1590.9,7755.5,26,7.783,974.5833251959399,1513.113,7585.18202,PD,cert,/simfiles/5f4294d20002e90000000089/,/simfiles/5f4294d20002e90000000089/download/data.eng
aerotech_m1500g_rocksim_5f924a011bca5800041717f0.csv,aerotech_m1500g_rocksim_5f924a011bca5800041717f0.json,RockSim,AeroTech,AeroTech,M1500G,M1500,5f4294d2000231000000024c,5f924a011bca5800041717f0,reload,M,75,681,3.46,1508.67052023121,,5220,44,3.6,1449.2330680555556,1716.51,5217.239045,PD,user,/simfiles/5f924a011bca5800041717f0/,/simfiles/5f924a011bca5800041717f0/download/data.rse
aerotech_m1550r_rasp_5f4294d20002e9000000008b.csv,aerotech_m1550r_rasp_5f4294d20002e9000000008b.json,RASP,AeroTech,AeroTech,M1550R,M1550,5f4294d200023100000001aa,5f4294d20002e9000000008b,reload,M,75,801,3,1550,2180,5600,26,3.608,1516.0334226718403,2125.329,5469.848589,PD,cert,/simfiles/5f4294d20002e9000000008b/,/simfiles/5f4294d20002e9000000008b/download/data.eng
aerotech_m1600r_rasp_5f4294d20002e9000000008d.csv,aerotech_m1600r_rasp_5f4294d20002e9000000008d.json,RASP,AeroTech,AeroTech,M1600R,M1600,5f4294d200023100000001ac,5f4294d20002e9000000008d,reload,M,98,579,4,1600,1917,7084,26,4.507,1540.204487463945,1856.37,6941.701625,PD,cert,/simfiles/5f4294d20002e9000000008d/,/simfiles/5f4294d20002e9000000008d/download/data.eng
aerotech_m1780nt_rasp_5f4294d20002e9000000071d.csv,aerotech_m1780nt_rasp_5f4294d20002e9000000071d.json,RASP,AeroTech,AeroTech,M1780NT,M1780,5f4294d2000231000000030b,5f4294d20002e9000000071d,reload,M,75,665,3.1,1859,3056,5783,22,3.472,1610.6463991935486,2566.025,5592.164298000001,PD,cert,/simfiles/5f4294d20002e9000000071d/,/simfiles/5f4294d20002e9000000071d/download/data.eng
aerotech_m1780nt_rocksim_5f924a171bca5800041717f2.csv,aerotech_m1780nt_rocksim_5f924a171bca5800041717f2.json,RockSim,AeroTech,AeroTech,M1780NT,M1780,5f4294d2000231000000030b,5f924a171bca5800041717f2,reload,M,75,665,3.1,1859,3056,5783,41,3.035,1759.8282219110376,2197.23,5341.0786535,PD,user,/simfiles/5f924a171bca5800041717f2/,/simfiles/5f924a171bca5800041717f2/download/data.rse
aerotech_m1800fj_rocksim_5f924a2f1bca5800041717f4.csv,aerotech_m1800fj_rocksim_5f924a2f1bca5800041717f4.json,RockSim,AeroTech,AeroTech,M1800FJ,M1800,5f4294d20002310000000248,5f924a2f1bca5800041717f4,reload,M,98,751,4.5,1833.29,3956,8207.7,41,4.952,1658.4611844709207,3007.36,8212.699785499999,PD,user,/simfiles/5f924a2f1bca5800041717f4/,/simfiles/5f924a2f1bca5800041717f4/download/data.rse
aerotech_m1845nt_rocksim_5f924a461bca5800041717f6.csv,aerotech_m1845nt_rocksim_5f924a461bca5800041717f6.json,RockSim,AeroTech,AeroTech,M1845NT,M1845,5f4294d2000231000000030c,5f924a461bca5800041717f6,reload,M,98,597,4.43,1875,3081,8307,17,4.729,1711.4523818989217,2433.83,8093.458314,PD,user,/simfiles/5f924a461bca5800041717f6/,/simfiles/5f924a461bca5800041717f6/download/data.rse
aerotech_m1850w_rocksim_5f4294d20002e90000000880.csv,aerotech_m1850w_rocksim_5f4294d20002e90000000880.json,RockSim,AeroTech,AeroTech,M1850W,M1850,5f4294d200023100000001cd,5f4294d20002e90000000880,reload,M,75,923,4.01,1909.6,4489.4,7658.6,24,6.5,1133.2153846153847,2411.0,7365.9,PD,cert,/simfiles/5f4294d20002e90000000880/,/simfiles/5f4294d20002e90000000880/download/data.rse
aerotech_m1939w_rasp_5f4294d20002e9000000008f.csv,aerotech_m1939w_rasp_5f4294d20002e9000000008f.json,RASP,AeroTech,AeroTech,M1939W,M1939,5f4294d200023100000001b1,5f4294d20002e9000000008f,reload,M,98,732,6.2,1939,2429.7,10481.5,26,6.816,1502.4806672535212,2229.881,10240.908228,PD,cert,/simfiles/5f4294d20002e9000000008f/,/simfiles/5f4294d20002e9000000008f/download/data.eng
aerotech_m2000r_rasp_5f4294d20002e90000000091.csv,aerotech_m2000r_rasp_5f4294d20002e90000000091.json,RASP,AeroTech,AeroTech,M2000R,M2000,5f4294d200023100000001b2,5f4294d20002e90000000091,reload,M,98,732,4,2000,2327,9218,26,4.708,1936.4142508496177,2316.158,9116.638293,PD,cert,/simfiles/5f4294d20002e90000000091/,/simfiles/5f4294d20002e90000000091/download/data.eng
aerotech_m2050x_p_rasp_5f4294d20002e900000008b7.csv,aerotech_m2050x_p_rasp_5f4294d20002e900000008b7.json,RASP,AeroTech,AeroTech,M2050X-P,M2050,5f4294d2000231000000046b,5f4294d20002e900000008b7,reload,M,75,699.7,2.7,2047.6,2544.2,5493.35,19,2.7359999999999998,2004.9404475209176,2562.0753495965,5485.51706441723,PD,cert,/simfiles/5f4294d20002e900000008b7/,/simfiles/5f4294d20002e900000008b7/download/data.eng
aerotech_m2050x_p_rocksim_5f924a5d1bca5800041717f9.csv,aerotech_m2050x_p_rocksim_5f924a5d1bca5800041717f9.json,RockSim,AeroTech,AeroTech,M2050X-P,M2050,5f4294d2000231000000046b,5f924a5d1bca5800041717f9,reload,M,75,699.7,2.7,2047.6,2544.2,5493.35,20,2.764,1986.7429743125906,2562.08,5491.357581,PD,user,/simfiles/5f924a5d1bca5800041717f9/,/simfiles/5f924a5d1bca5800041717f9/download/data.rse
aerotech_m2100g_rocksim_5f924a761bca5800041717fb.csv,aerotech_m2100g_rocksim_5f924a761bca5800041717fb.json,RockSim,AeroTech,AeroTech,M2100G,M2100,5f4294d20002310000000213,5f924a761bca5800041717fb,reload,M,98,598,3.7,2100,,7802,48,3.541,2162.057954673821,2968.18,7655.8472175,PD,user,/simfiles/5f924a761bca5800041717fb/,/simfiles/5f924a761bca5800041717fb/download/data.rse
aerotech_m2225ws_rasp_63bd1874292aef00048b8bda.csv,aerotech_m2225ws_rasp_63bd1874292aef00048b8bda.json,RASP,AeroTech,AeroTech,M2225WS,M2225,63bb66061d26f30004b4b07e,63bd1874292aef00048b8bda,reload,M,75,692,2.32,2239.2,2418.4,5205,19,2.39,2168.909451046025,2391.125,5183.693588,PD,cert,/simfiles/63bd1874292aef00048b8bda/,/simfiles/63bd1874292aef00048b8bda/download/data.eng
aerotech_m2400t_rasp_5f4294d20002e90000000093.csv,aerotech_m2400t_rasp_5f4294d20002e90000000093.json,RASP,AeroTech,AeroTech,M2400T,M2400,5f4294d200023100000001b6,5f4294d20002e90000000093,reload,M,98,597,3.2,2400,3401.6,7716.5,26,3.5460000000000003,2126.6536555273547,2695.807,7541.1138625,PD,cert,/simfiles/5f4294d20002e90000000093/,/simfiles/5f4294d20002e90000000093/download/data.eng
aerotech_m2500t_rasp_5f4294d20002e90000000095.csv,aerotech_m2500t_rasp_5f4294d20002e90000000095.json,RASP,AeroTech,AeroTech,M2500T,M2500,5f4294d200023100000001b8,5f4294d20002e90000000095,reload,M,98,751,3.85,2500,3710.9,9671,26,4.182,2263.096038857006,2861.69,9464.2676345,PD,cert,/simfiles/5f4294d20002e90000000095/,/simfiles/5f4294d20002e90000000095/download/data.eng
aerotech_m4500st_rasp_5f4294d20002e90000000860.csv,aerotech_m4500st_rasp_5f4294d20002e90000000860.json,RASP,AeroTech,AeroTech,M4500ST,M4500,5f4294d20002310000000445,5f4294d20002e90000000860,reload,M,98,597,1.6,4533,5549,7301,28,1.677,4346.315892665474,5548.68,7288.771752000001,PD,cert,/simfiles/5f4294d20002e90000000860/,/simfiles/5f4294d20002e90000000860/download/data.eng
aerotech_m6000st_rasp_5f4294d20002e90000000869.csv,aerotech_m6000st_rasp_5f4294d20002e90000000869.json,RASP,AeroTech,AeroTech,M6000ST,M6000,5f4294d2000231000000044d,5f4294d20002e90000000869,reload,M,98,808,1.38,5958.9,6788.7,8247.1,35,1.711,5613.420440093512,7099.551,9604.562373,PD,cert,/simfiles/5f4294d20002e90000000869/,/simfiles/5f4294d20002e90000000869/download/data.eng
aerotech_m6000st_rocksim_5f924ab81bca5800041717fe.csv,aerotech_m6000st_rocksim_5f924ab81bca5800041717fe.json,RockSim,AeroTech,AeroTech,M6000ST,M6000,5f4294d2000231000000044d,5f924ab81bca5800041717fe,reload,M,98,808,1.38,5958.9,6788.7,8247.1,36,1.736,5533.411809043779,7099.55,9606.0029005,PD,user,/simfiles/5f924ab81bca5800041717fe/,/simfiles/5f924ab81bca5800041717fe/download/data.rse
aerotech_m685w_rocksim_5f92497e1bca5800041717e5.csv,aerotech_m685w_rocksim_5f92497e1bca5800041717e5.json,RockSim,AeroTech,AeroTech,M685W,M685,5f4294d200023100000003f0,5f92497e1bca5800041717e5,reload,M,75,935.9,11.5,657,1517,7561,23,11.994,630.1191494080373,1380.01,7557.6490779999995,PD,user,/simfiles/5f92497e1bca5800041717e5/,/simfiles/5f92497e1bca5800041717e5/download/data.rse
aerotech_n1975w_ps_rasp_61815946993aab0004245a68.csv,aerotech_n1975w_ps_rasp_61815946993aab0004245a68.json,RASP,AeroTech,AeroTech,N1975W-PS,N1975,616e64637630450004259814,61815946993aab0004245a68,SU,N,98,1110.1000000000001,7.04,1970.7,2903.3,13893.1,19,7.253,1894.7800918930097,2816.634,13742.8400065,PD,cert,/simfiles/61815946993aab0004245a68/,/simfiles/61815946993aab0004245a68/download/data.eng
aerotech_n2000w_rasp_5f4294d20002e90000000097.csv,aerotech_n2000w_rasp_5f4294d20002e90000000097.json,RASP,AeroTech,AeroTech,N2000W,N2000,5f4294d200023100000001bf,5f4294d20002e90000000097,reload,N,98,1046,6.9,2000,3140.8,13347.1,26,7.533,1733.8193720961103,2834.354,13060.86133,PD,cert,/simfiles/5f4294d20002e90000000097/,/simfiles/5f4294d20002e90000000097/download/data.eng
aerotech_n2220dm_rasp_5f4294d20002e900000007ed.csv,aerotech_n2220dm_rasp_5f4294d20002e900000007ed.json,RASP,AeroTech,AeroTech,N2220DM,N2220,5f4294d200023100000003fe,5f4294d20002e900000007ed,reload,N,98,1046,5.4,2199,4472,10657,26,5.3260000000000005,2022.4554610401801,3063.078,10771.5977855,PD,cert,/simfiles/5f4294d20002e900000007ed/,/simfiles/5f4294d20002e900000007ed/download/data.eng
aerotech_n2220dm_rocksim_5f924aff1bca580004171801.csv,aerotech_n2220dm_rocksim_5f924aff1bca580004171801.json,RockSim,AeroTech,AeroTech,N2220DM,N2220,5f4294d200023100000003fe,5f924aff1bca580004171801,reload,N,98,1046,5.4,2199,4472,10657,27,5.371,2016.5646105939302,3063.08,10830.9685235,PD,user,/simfiles/5f924aff1bca580004171801/,/simfiles/5f924aff1bca580004171801/download/data.rse
aerotech_n2700w_ps_rasp_6625852af307ea0002dc20c5.csv,aerotech_n2700w_ps_rasp_6625852af307ea0002dc20c5.json,RASP,AeroTech,AeroTech,N2700W-PS,N2700,6623cf91f873440002ac6a28,6625852af307ea0002dc20c5,reload,N,75,1232.5,3.8,2692.6,5553.5,10637,10,3.789,2724.1059540775927,3844.14,10321.63746,PD,user,/simfiles/6625852af307ea0002dc20c5/,/simfiles/6625852af307ea0002dc20c5/download/data.eng
aerotech_n2700w_ps_rasp_674b7dfd5f568e00027083df.csv,aerotech_n2700w_ps_rasp_674b7dfd5f568e00027083df.json,RASP,AeroTech,AeroTech,N2700W-PS,N2700,6623cf91f873440002ac6a28,674b7dfd5f568e00027083df,reload,N,75,1232.5,3.8,2692.6,5553.5,10637,53,3.7750000000000004,2646.5468333774834,3586.07,9990.714296,PD,user,/simfiles/674b7dfd5f568e00027083df/,/simfiles/674b7dfd5f568e00027083df/download/data.eng
aerotech_n2700w_ps_rocksim_674b7feb5f568e0002708522.csv,aerotech_n2700w_ps_rocksim_674b7feb5f568e0002708522.json,RockSim,AeroTech,AeroTech,N2700W-PS,N2700,6623cf91f873440002ac6a28,674b7feb5f568e0002708522,reload,N,75,1232.5,3.8,2692.6,5553.5,10637,54,3.781,2642.3670760380846,3586.07,9990.7899145,PD,user,/simfiles/674b7feb5f568e0002708522/,/simfiles/674b7feb5f568e0002708522/download/data.rse
aerotech_n3120x_ps_rasp_691a315a2d19df0002c3ed70.csv,aerotech_n3120x_ps_rasp_691a315a2d19df0002c3ed70.json,RASP,AeroTech,AeroTech,N3120X-PS,N3120,6919f5c92d19df0002c3a2c9,691a315a2d19df0002c3ed70,SU,N,75,1156,3.31,3121,4084,10329,23,3.343,3079.681472629375,5085.397,10295.375163,PD,mfr,/simfiles/691a315a2d19df0002c3ed70/,/simfiles/691a315a2d19df0002c3ed70/download/data.eng
aerotech_n3300r_rasp_5f4294d20002e90000000884.csv,aerotech_n3300r_rasp_5f4294d20002e90000000884.json,RASP,AeroTech,AeroTech,N3300R,N3300,5f4294d2000231000000030d,5f4294d20002e90000000884,reload,N,98,1046,4.37,3168,4301,14041,26,4.4830000000000005,3130.587325674771,3775.78,14034.422981,PD,cert,/simfiles/5f4294d20002e90000000884/,/simfiles/5f4294d20002e90000000884/download/data.eng
aerotech_n3300r_rocksim_5f924b171bca580004171803.csv,aerotech_n3300r_rocksim_5f924b171bca580004171803.json,RockSim,AeroTech,AeroTech,N3300R,N3300,5f4294d2000231000000030d,5f924b171bca580004171803,reload,N,98,1046,4.37,3168,4301,14041,27,4.519,3105.8092721841113,3775.78,14035.152101,PD,user,/simfiles/5f924b171bca580004171803/,/simfiles/5f924b171bca580004171803/download/data.rse
aerotech_n4000w_ps_rasp_6450e4dcdf10040002d18677.csv,aerotech_n4000w_ps_rasp_6450e4dcdf10040002d18677.json,RASP,AeroTech,AeroTech,N4000W-PS,N4000,645072a02cdedd00028df82d,6450e4dcdf10040002d18677,reload,N,98,1433,4.65,3905.9,5398.3,18183.8,49,4.896,3733.3164130923205,4749.016,18278.317158500002,PD,mfr,/simfiles/6450e4dcdf10040002d18677/,/simfiles/6450e4dcdf10040002d18677/download/data.eng
aerotech_n4800t_rasp_5f4294d20002e90000000099.csv,aerotech_n4800t_rasp_5f4294d20002e90000000099.json,RASP,AeroTech,AeroTech,N4800T,N4800,5f4294d200023100000001c2,5f4294d20002e90000000099,reload,N,98,1201,4.44,4800,6599.35,19361,26,5.1080000000000005,3727.67739398982,6007.533,19040.976128500002,PD,cert,/simfiles/5f4294d20002e90000000099/,/simfiles/5f4294d20002e90000000099/download/data.eng
aerotech_o5500x_ps_rasp_5f4294d20002e900000008b8.csv,aerotech_o5500x_ps_rasp_5f4294d20002e900000008b8.json,RASP,AeroTech,AeroTech,O5500X-PS,O5500,5f4294d2000231000000046c,5f4294d20002e900000008b8,SU,O,98,1507,4.03,5514.6,7551.5,21384,19,4.497000000000001,4941.732524969354,6321.0,22222.971164787188,PD,cert,/simfiles/5f4294d20002e900000008b8/,/simfiles/5f4294d20002e900000008b8/download/data.eng
aerotech_o5500x_ps_rasp_63c1fca4c1da530004d92ed3.csv,aerotech_o5500x_ps_rasp_63c1fca4c1da530004d92ed3.json,RASP,AeroTech,AeroTech,O5500X-PS,O5500,5f4294d2000231000000046c,63c1fca4c1da530004d92ed3,SU,O,98,1507,4.03,5514.6,7551.5,21384,40,3.988,5364.943031845536,7724.49,21395.392810999998,PD,cert,/simfiles/63c1fca4c1da530004d92ed3/,/simfiles/63c1fca4c1da530004d92ed3/download/data.eng
aerotech_o5500x_ps_rocksim_5f924b321bca580004171805.csv,aerotech_o5500x_ps_rocksim_5f924b321bca580004171805.json,RockSim,AeroTech,AeroTech,O5500X-PS,O5500,5f4294d2000231000000046c,5f924b321bca580004171805,SU,O,98,1507,4.03,5514.6,7551.5,21384,20,4.517,4920.067747420855,6321.0,22223.946015100002,PD,user,/simfiles/5f924b321bca580004171805/,/simfiles/5f924b321bca580004171805/download/data.rse
aerotech_o6000w_rasp_656e92ee7f1a4b00027f15ad.csv,aerotech_o6000w_rasp_656e92ee7f1a4b00027f15ad.json,RASP,AeroTech,AeroTech,O6000W,O6000,656e92d97f1a4b00027f1588,656e92ee7f1a4b00027f15ad,SU,O,152,1120,6.77,5853,9564,39620,32,6.827,5813.237733191739,8808.324,39686.9740045,PD,cert,/simfiles/656e92ee7f1a4b00027f15ad/,/simfiles/656e92ee7f1a4b00027f15ad/download/data.eng
aerotech_o6000w_rocksim_65c39d829666b200028e0c7b.csv,aerotech_o6000w_rocksim_65c39d829666b200028e0c7b.json,RockSim,AeroTech,AeroTech,O6000W,O6000,656e92d97f1a4b00027f1588,65c39d829666b200028e0c7b,SU,O,152,1120,6.77,5853,9564,39620,33,6.828,5812.4217048916225,8808.32,39687.215401,PD,cert,/simfiles/65c39d829666b200028e0c7b/,/simfiles/65c39d829666b200028e0c7b/download/data.rse
amw_2245k1075_p_rasp_5f4294d20002e9000000073d.csv,amw_2245k1075_p_rasp_5f4294d20002e9000000073d.json,RASP,Animal Motor Works,AMW,2245K1075-P,K1075,5f4294d200023100000003af,5f4294d20002e9000000073d,reload,K,54,728,2.09,1073,1607,2245.1,39,2.191,1026.7594413509812,1574.366,2249.629936,PD,cert,/simfiles/5f4294d20002e9000000073d/,/simfiles/5f4294d20002e9000000073d/download/data.eng
amw_2245k1075_p_rocksim_5f4294d20002e9000000073c.csv,amw_2245k1075_p_rocksim_5f4294d20002e9000000073c.json,RockSim,Animal Motor Works,AMW,2245K1075-P,K1075,5f4294d200023100000003af,5f4294d20002e9000000073c,reload,K,54,728,2.09,1073,1607,2245.1,40,2.198,1025.9968416742493,1574.37,2255.1410579999997,PD,cert,/simfiles/5f4294d20002e9000000073c/,/simfiles/5f4294d20002e9000000073c/download/data.rse
amw_sk_98_17500_rasp_601a296b66316a0004301376.csv,amw_sk_98_17500_rasp_601a296b66316a0004301376.json,RASP,Animal Motor Works,AMW,SK-98-17500,N2801,5f4294d2000231000000027f,601a296b66316a0004301376,reload,N,98,1213,5.2,2775.6,4199,11939.73,19,5.337,2693.4707359940044,3664.122,14375.053318,PD,user,/simfiles/601a296b66316a0004301376/,/simfiles/601a296b66316a0004301376/download/data.eng
apogee_a2_rasp_686c63c5d5f12000029ed1e9.csv,apogee_a2_rasp_686c63c5d5f12000029ed1e9.json,RASP,Apogee Components,Apogee,A2,A2,5f4294d20002310000000008,686c63c5d5f12000029ed1e9,SU,A,10.5,57,1.31,1.89,4.82,2.47,26,1.296,1.905437885802469,4.82,2.4694475,PD,cert,/simfiles/686c63c5d5f12000029ed1e9/,/simfiles/686c63c5d5f12000029ed1e9/download/data.eng
cesaroni_1013j453_16a_rasp_5f4294d20002e900000007d1.csv,cesaroni_1013j453_16a_rasp_5f4294d20002e900000007d1.json,RASP,Cesaroni Technology,Cesaroni,1013J453-16A,J453,5f4294d200023100000003d3,5f4294d20002e900000007d1,reload,J,38,500,2.24,452.7,725.3,1012.6,11,2.346,431.3798263000852,725.18,1012.0170724999999,PD,cert,/simfiles/5f4294d20002e900000007d1/,/simfiles/5f4294d20002e900000007d1/download/data.eng
cesaroni_1013j453_16a_rocksim_5f4294d20002e9000000079d.csv,cesaroni_1013j453_16a_rocksim_5f4294d20002e9000000079d.json,RockSim,Cesaroni Technology,Cesaroni,1013J453-16A,J453,5f4294d200023100000003d3,5f4294d20002e9000000079d,reload,J,38,500,2.24,452.7,725.3,1012.6,12,2.364,430.6223238155668,725.18,1017.9911734999998,PD,cert,/simfiles/5f4294d20002e9000000079d/,/simfiles/5f4294d20002e9000000079d/download/data.rse
cesaroni_108g68_13a_rasp_5f4294d20002e90000000732.csv,cesaroni_108g68_13a_rasp_5f4294d20002e90000000732.json,RASP,Cesaroni Technology,Cesaroni,108G68-13A,G68,5f4294d20002310000000399,5f4294d20002e90000000732,reload,G,29,142,1.61,67,94.1,107.8,30,1.7469999999999999,61.638336863194056,91.831,107.6821745,PD,cert,/simfiles/5f4294d20002e90000000732/,/simfiles/5f4294d20002e90000000732/download/data.eng
cesaroni_108g68_13a_rocksim_5f4294d20002e90000000733.csv,cesaroni_108g68_13a_rocksim_5f4294d20002e90000000733.json,RockSim,Cesaroni Technology,Cesaroni,108G68-13A,G68,5f4294d20002310000000399,5f4294d20002e90000000733,reload,G,29,142,1.61,67,94.1,107.8,31,1.759,61.38951023308699,91.831,107.9841485,PD,cert,/simfiles/5f4294d20002e90000000733/,/simfiles/5f4294d20002e90000000733/download/data.rse
cesaroni_12066n2200_p_rasp_5f4294d20002e900000007da.csv,cesaroni_12066n2200_p_rasp_5f4294d20002e900000007da.json,RASP,Cesaroni Technology,Cesaroni,12066N2200-P,N2200,5f4294d200023100000003eb,5f4294d20002e900000007da,reload,N,98,1010,5.55,2174,2879,12066,12,5.827,2066.675047880556,2755.85,12042.515504,PD,user,/simfiles/5f4294d20002e900000007da/,/simfiles/5f4294d20002e900000007da/download/data.eng
cesaroni_12066n2200_p_rocksim_5f4294d20002e900000007b6.csv,cesaroni_12066n2200_p_rocksim_5f4294d20002e900000007b6.json,RockSim,Cesaroni Technology,Cesaroni,12066N2200-P,N2200,5f4294d200023100000003eb,5f4294d20002e900000007b6,reload,N,98,1010,5.55,2174,2879,12066,13,5.86,2062.796421331058,2755.85,12087.987029,PD,cert,/simfiles/5f4294d20002e900000007b6/,/simfiles/5f4294d20002e900000007b6/download/data.rse
cesaroni_1211j140_p_rasp_5f4294d20002e90000000751.csv,cesaroni_1211j140_p_rasp_5f4294d20002e90000000751.json,RASP,Cesaroni Technology,Cesaroni,1211J140-P,J140,5f4294d200023100000003a5,5f4294d20002e90000000751,reload,J,54,329,8.47,142.9,221.8,1210.6,21,9.391,128.250059045895,216.2,1204.3963045,PD,cert,/simfiles/5f4294d20002e90000000751/,/simfiles/5f4294d20002e90000000751/download/data.eng
cesaroni_1211j140_p_rocksim_5f4294d20002e90000000750.csv,cesaroni_1211j140_p_rocksim_5f4294d20002e90000000750.json,RockSim,Cesaroni Technology,Cesaroni,1211J140-P,J140,5f4294d200023100000003a5,5f4294d20002e90000000750,reload,J,54,329,8.47,142.9,221.8,1210.6,22,9.464,127.99833046280642,216.2,1211.3761995,PD,cert,/simfiles/5f4294d20002e90000000750/,/simfiles/5f4294d20002e90000000750/download/data.rse
cesaroni_1266j760_19a_rasp_5f4294d20002e9000000074a.csv,cesaroni_1266j760_19a_rasp_5f4294d20002e9000000074a.json,RASP,Cesaroni Technology,Cesaroni,1266J760-19A,J760,5f4294d200023100000003a8,5f4294d20002e9000000074a,reload,J,54,329,1.67,757.7,937.3,1265.7,32,1.719,735.1345244328097,938.596,1263.6962475,PD,cert,/simfiles/5f4294d20002e9000000074a/,/simfiles/5f4294d20002e9000000074a/download/data.eng
cesaroni_1266j760_19a_rocksim_5f4294d20002e9000000074b.csv,cesaroni_1266j760_19a_rocksim_5f4294d20002e9000000074b.json,RockSim,Cesaroni Technology,Cesaroni,1266J760-19A,J760,5f4294d200023100000003a8,5f4294d20002e9000000074b,reload,J,54,329,1.67,757.7,937.3,1265.7,33,1.731,732.1188639514731,938.596,1267.2977535,PD,cert,/simfiles/5f4294d20002e9000000074b/,/simfiles/5f4294d20002e9000000074b/download/data.rse
cesaroni_131g84_10a_rasp_5f4294d20002e90000000724.csv,cesaroni_131g84_10a_rasp_5f4294d20002e90000000724.json,RASP,Cesaroni Technology,Cesaroni,131G84-10A,G84,5f4294d20002310000000396,5f4294d20002e90000000724,reload,G,24,228,1.56,84.2,132.3,131,29,1.6360000000000001,80.12851222493887,129.828,131.090246,PD,cert,/simfiles/5f4294d20002e90000000724/,/simfiles/5f4294d20002e90000000724/download/data.eng
cesaroni_131g84_10a_rocksim_5f4294d20002e90000000725.csv,cesaroni_131g84_10a_rocksim_5f4294d20002e90000000725.json,RockSim,Cesaroni Technology,Cesaroni,131G84-10A,G84,5f4294d20002310000000396,5f4294d20002e90000000725,reload,G,24,228,1.56,84.2,132.3,131,30,1.641,80.00664594759293,129.828,131.290906,PD,cert,/simfiles/5f4294d20002e90000000725/,/simfiles/5f4294d20002e90000000725/download/data.rse
cesaroni_134g60_14a_rasp_5f4294d20002e9000000009b.csv,cesaroni_134g60_14a_rasp_5f4294d20002e9000000009b.json,RASP,Cesaroni Technology,Cesaroni,134G60-14A,G60,5f4294d2000231000000005d,5f4294d20002e9000000009b,reload,G,38,127,2.23,60.3,87.8,134.2,26,2.191,62.90188178913739,84.596,137.818023,PD,cert,/simfiles/5f4294d20002e9000000009b/,/simfiles/5f4294d20002e9000000009b/download/data.eng
cesaroni_13628n5600_p_rasp_5f4294d20002e900000007e0.csv,cesaroni_13628n5600_p_rasp_5f4294d20002e900000007e0.json,RASP,Cesaroni Technology,Cesaroni,13628N5600-P,N5600,5f4294d200023100000003f4,5f4294d20002e900000007e0,reload,N,98,1010,2.42,5636,6789,13628,22,2.464,5507.038095170455,6750.0,13569.341866499999,PD,cert,/simfiles/5f4294d20002e900000007e0/,/simfiles/5f4294d20002e900000007e0/download/data.eng
cesaroni_13628n5600_p_rocksim_5f4294d20002e900000007e1.csv,cesaroni_13628n5600_p_rocksim_5f4294d20002e900000007e1.json,RockSim,Cesaroni Technology,Cesaroni,13628N5600-P,N5600,5f4294d200023100000003f4,5f4294d20002e900000007e1,reload,N,98,1010,2.42,5636,6789,13628,11,2.462,5538.49334037368,6592.69,13635.770604000001,PD,cert,/simfiles/5f4294d20002e900000007e1/,/simfiles/5f4294d20002e900000007e1/download/data.rse
cesaroni_137g58_13a_rasp_5f4294d20002e9000000075f.csv,cesaroni_137g58_13a_rasp_5f4294d20002e9000000075f.json,RASP,Cesaroni Technology,Cesaroni,137G58-13A,G58,5f4294d2000231000000039e,5f4294d20002e9000000075f,reload,G,38,127,2.36,57.9,97.7,136.8,24,2.471,54.93559894779442,90.25,135.745865,PD,cert,/simfiles/5f4294d20002e9000000075f/,/simfiles/5f4294d20002e9000000075f/download/data.eng
cesaroni_137g58_13a_rocksim_5f4294d20002e9000000075e.csv,cesaroni_137g58_13a_rocksim_5f4294d20002e9000000075e.json,RockSim,Cesaroni Technology,Cesaroni,137G58-13A,G58,5f4294d2000231000000039e,5f4294d20002e9000000075e,reload,G,38,127,2.36,57.9,97.7,136.8,25,2.5,54.821796000000006,90.25,137.05449000000002,PD,cert,/simfiles/5f4294d20002e9000000075e/,/simfiles/5f4294d20002e9000000075e/download/data.rse
cesaroni_139g107_12a_rasp_5f4294d20002e9000000072f.csv,cesaroni_139g107_12a_rasp_5f4294d20002e9000000072f.json,RASP,Cesaroni Technology,Cesaroni,139G107-12A,G107,5f4294d20002310000000391,5f4294d20002e9000000072f,reload,G,24,228,1.3,106.9,230.7,139.1,27,1.445,96.36649238754325,221.835,139.2495815,PD,cert,/simfiles/5f4294d20002e9000000072f/,/simfiles/5f4294d20002e9000000072f/download/data.eng
cesaroni_139g107_12a_rocksim_5f4294d20002e9000000072e.csv,cesaroni_139g107_12a_rocksim_5f4294d20002e9000000072e.json,RockSim,Cesaroni Technology,Cesaroni,139G107-12A,G107,5f4294d20002310000000391,5f4294d20002e9000000072e,reload,G,24,228,1.3,106.9,230.7,139.1,28,1.451,96.24346347346658,221.835,139.6492655,PD,cert,/simfiles/5f4294d20002e9000000072e/,/simfiles/5f4294d20002e9000000072e/download/data.rse
cesaroni_140g145_15a_rasp_5f4294d20002e900000007db.csv,cesaroni_140g145_15a_rasp_5f4294d20002e900000007db.json,RASP,Cesaroni Technology,Cesaroni,140G145-15A,G145,5f4294d200023100000003ea,5f4294d20002e900000007db,reload,G,24,228,0.96,145.2,346.9,139.7,11,1.008,137.9637390873016,346.018,139.067449,PD,user,/simfiles/5f4294d20002e900000007db/,/simfiles/5f4294d20002e900000007db/download/data.eng
cesaroni_140g145_15a_rocksim_5f4294d20002e900000007b7.csv,cesaroni_140g145_15a_rocksim_5f4294d20002e900000007b7.json,RockSim,Cesaroni Technology,Cesaroni,140G145-15A,G145,5f4294d200023100000003ea,5f4294d20002e900000007b7,reload,G,24,228,0.96,145.2,346.9,139.7,12,1.015,137.5517142857143,346.018,139.61499,PD,cert,/simfiles/5f4294d20002e900000007b7/,/simfiles/5f4294d20002e900000007b7/download/data.rse
cesaroni_142g117_11a_rasp_5f4294d20002e9000000072b.csv,cesaroni_142g117_11a_rasp_5f4294d20002e9000000072b.json,RASP,Cesaroni Technology,Cesaroni,142G117-11A,G117,5f4294d20002310000000393,5f4294d20002e9000000072b,reload,G,24,228,1.22,116.8,181.2,142.3,27,1.433,99.3335373342638,177.866,142.34495900000002,PD,cert,/simfiles/5f4294d20002e9000000072b/,/simfiles/5f4294d20002e9000000072b/download/data.eng
cesaroni_142g117_11a_rocksim_5f4294d20002e9000000072a.csv,cesaroni_142g117_11a_rocksim_5f4294d20002e9000000072a.json,RockSim,Cesaroni Technology,Cesaroni,142G117-11A,G117,5f4294d20002310000000393,5f4294d20002e9000000072a,reload,G,24,228,1.22,116.8,181.2,142.3,28,1.441,99.25019500346981,177.866,143.019531,PD,cert,/simfiles/5f4294d20002e9000000072a/,/simfiles/5f4294d20002e9000000072a/download/data.rse
cesaroni_143g150_13a_rasp_5f4294d20002e90000000730.csv,cesaroni_143g150_13a_rasp_5f4294d20002e90000000730.json,RASP,Cesaroni Technology,Cesaroni,143G150-13A,G150,5f4294d20002310000000390,5f4294d20002e90000000730,reload,G,24,228,0.97,146.7,247.4,142.5,29,1.094,130.908,247.032,143.213352,PD,cert,/simfiles/5f4294d20002e90000000730/,/simfiles/5f4294d20002e90000000730/download/data.eng
cesaroni_143g150_13a_rocksim_5f4294d20002e90000000731.csv,cesaroni_143g150_13a_rocksim_5f4294d20002e90000000731.json,RockSim,Cesaroni Technology,Cesaroni,143G150-13A,G150,5f4294d20002310000000390,5f4294d20002e90000000731,reload,G,24,228,0.97,146.7,247.4,142.5,30,1.099,130.57351410373067,247.032,143.500292,PD,cert,/simfiles/5f4294d20002e90000000731/,/simfiles/5f4294d20002e90000000731/download/data.rse
cesaroni_143g33_9a_rocksim_5f4294d20002e90000000814.csv,cesaroni_143g33_9a_rocksim_5f4294d20002e90000000814.json,RockSim,Cesaroni Technology,Cesaroni,143G33-9A,G33,5f4294d20002310000000412,5f4294d20002e90000000814,reload,G,29,187,4.38,32.7,66.1,143.1,13,4.461,32.12245370993051,62.823,143.298266,PD,cert,/simfiles/5f4294d20002e90000000814/,/simfiles/5f4294d20002e90000000814/download/data.rse
cesaroni_144g65_8a_rasp_5f4294d20002e90000000727.csv,cesaroni_144g65_8a_rasp_5f4294d20002e90000000727.json,RASP,Cesaroni Technology,Cesaroni,144G65-8A,G65,5f4294d20002310000000395,5f4294d20002e90000000727,reload,G,24,228,2.23,64.7,159.7,144.3,22,2.387,60.106476749057386,157.857,143.47415999999998,PD,cert,/simfiles/5f4294d20002e90000000727/,/simfiles/5f4294d20002e90000000727/download/data.eng
cesaroni_144g65_8a_rocksim_5f4294d20002e90000000726.csv,cesaroni_144g65_8a_rocksim_5f4294d20002e90000000726.json,RockSim,Cesaroni Technology,Cesaroni,144G65-8A,G65,5f4294d20002310000000395,5f4294d20002e90000000726,reload,G,24,228,2.23,64.7,159.7,144.3,23,2.398,60.192816305254375,157.857,144.3423735,PD,cert,/simfiles/5f4294d20002e90000000726/,/simfiles/5f4294d20002e90000000726/download/data.rse
cesaroni_1633k940_18a_rasp_5f4294d20002e90000000749.csv,cesaroni_1633k940_18a_rasp_5f4294d20002e90000000749.json,RASP,Cesaroni Technology,Cesaroni,1633K940-18A,K940,5f4294d200023100000003a9,5f4294d20002e90000000749,reload,K,54,404,1.75,934.8,1120.8,1632.7,31,1.787,913.0534233351987,1115.789,1631.6264675,PD,cert,/simfiles/5f4294d20002e90000000749/,/simfiles/5f4294d20002e90000000749/download/data.eng
cesaroni_1633k940_18a_rocksim_5f4294d20002e90000000748.csv,cesaroni_1633k940_18a_rocksim_5f4294d20002e90000000748.json,RockSim,Cesaroni Technology,Cesaroni,1633K940-18A,K940,5f4294d200023100000003a9,5f4294d20002e90000000748,reload,K,54,404,1.75,934.8,1120.8,1632.7,32,1.797,910.4366847523651,1115.79,1636.0547225,PD,cert,/simfiles/5f4294d20002e90000000748/,/simfiles/5f4294d20002e90000000748/download/data.rse
cesaroni_16803n1560_p_rocksim_5f4294d20002e90000000806.csv,cesaroni_16803n1560_p_rocksim_5f4294d20002e90000000806.json,RockSim,Cesaroni Technology,Cesaroni,16803N1560-P,N1560,5f4294d2000231000000041f,5f4294d20002e90000000806,reload,N,98,1239,10.76,1561.4,3216.3,16803,12,10.823,1552.7558182574144,3198.35,16805.476220999997,PD,cert,/simfiles/5f4294d20002e90000000806/,/simfiles/5f4294d20002e90000000806/download/data.rse
cesaroni_168h54_10a_rasp_5f4294d20002e90000000735.csv,cesaroni_168h54_10a_rasp_5f4294d20002e90000000735.json,RASP,Cesaroni Technology,Cesaroni,168H54-10A,H54,5f4294d20002310000000398,5f4294d20002e90000000735,reload,H,29,187,3.12,53.8,105,167.7,20,3.483,48.039279500430666,103.061,167.32081050000002,PD,cert,/simfiles/5f4294d20002e90000000735/,/simfiles/5f4294d20002e90000000735/download/data.eng
cesaroni_168h54_10a_rocksim_5f4294d20002e90000000734.csv,cesaroni_168h54_10a_rocksim_5f4294d20002e90000000734.json,RockSim,Cesaroni Technology,Cesaroni,168H54-10A,H54,5f4294d20002310000000398,5f4294d20002e90000000734,reload,H,29,187,3.12,53.8,105,167.7,21,3.5,48.056236857142856,103.061,168.196829,PD,cert,/simfiles/5f4294d20002e90000000734/,/simfiles/5f4294d20002e90000000734/download/data.rse
cesaroni_1711k520_17a_rocksim_5f4294d20002e9000000080d.csv,cesaroni_1711k520_17a_rocksim_5f4294d20002e9000000080d.json,RockSim,Cesaroni Technology,Cesaroni,1711K520-17A,K520,5f4294d20002310000000419,5f4294d20002e9000000080d,reload,K,54,404,3.29,520.2,619.2,1710.5,11,3.34,512.0362670658683,615.459,1710.201132,PD,cert,/simfiles/5f4294d20002e9000000080d/,/simfiles/5f4294d20002e9000000080d/download/data.rse
cesaroni_17613n2900_p_rocksim_5f4294d20002e900000007d8.csv,cesaroni_17613n2900_p_rocksim_5f4294d20002e900000007d8.json,RockSim,Cesaroni Technology,Cesaroni,17613N2900-P,N2900,5f4294d200023100000002fd,5f4294d20002e900000007d8,reload,N,98,1239,6.14,2867.5,4164.5,17613.7,16,6.296,2818.3751776524773,4022.13,17744.490118499998,PD,user,/simfiles/5f4294d20002e900000007d8/,/simfiles/5f4294d20002e900000007d8/download/data.rse
cesaroni_17907n2540_p_rasp_5f4294d20002e900000007bc.csv,cesaroni_17907n2540_p_rasp_5f4294d20002e900000007bc.json,RASP,Cesaroni Technology,Cesaroni,17907N2540-P,N2540,5f4294d200023100000003df,5f4294d20002e900000007bc,reload,N,98,1239,7.04,2543.4,2915.3,17907,13,7.149,2491.5148232619945,2894.98,17811.8394715,PD,user,/simfiles/5f4294d20002e900000007bc/,/simfiles/5f4294d20002e900000007bc/download/data.eng
cesaroni_17907n2540_p_rocksim_5f4294d20002e900000007ab.csv,cesaroni_17907n2540_p_rocksim_5f4294d20002e900000007ab.json,RockSim,Cesaroni Technology,Cesaroni,17907N2540-P,N2540,5f4294d200023100000003df,5f4294d20002e900000007ab,reload,N,98,1239,7.04,2543.4,2915.3,17907,14,7.222,2479.4235414705067,2894.98,17906.3968165,PD,cert,/simfiles/5f4294d20002e900000007ab/,/simfiles/5f4294d20002e900000007ab/download/data.rse
cesaroni_186h42_10a_rocksim_5f4294d20002e90000000813.csv,cesaroni_186h42_10a_rocksim_5f4294d20002e90000000813.json,RockSim,Cesaroni Technology,Cesaroni,186H42-10A,H42,5f4294d20002310000000413,5f4294d20002e90000000813,reload,H,29,231,4.41,42.2,83.5,186,13,4.448,41.860500562050355,82.796,186.1955065,PD,cert,/simfiles/5f4294d20002e90000000813/,/simfiles/5f4294d20002e90000000813/download/data.rse
cesaroni_1955k735_p_rasp_5f4294d20002e900000007ca.csv,cesaroni_1955k735_p_rasp_5f4294d20002e900000007ca.json,RASP,Cesaroni Technology,Cesaroni,1955K735-P,K735,5f4294d200023100000003da,5f4294d20002e900000007ca,reload,K,75,350,2.66,735.7,911,1955.2,14,2.778,699.5394877609791,889.282,1943.320697,PD,cert,/simfiles/5f4294d20002e900000007ca/,/simfiles/5f4294d20002e900000007ca/download/data.eng
cesaroni_1955k735_p_rocksim_5f4294d20002e900000007a6.csv,cesaroni_1955k735_p_rocksim_5f4294d20002e900000007a6.json,RockSim,Cesaroni Technology,Cesaroni,1955K735-P,K735,5f4294d200023100000003da,5f4294d20002e900000007a6,reload,K,75,350,2.66,735.7,911,1955.2,15,2.831,692.8379927587425,889.282,1961.4243575,PD,cert,/simfiles/5f4294d20002e900000007a6/,/simfiles/5f4294d20002e900000007a6/download/data.rse
cesaroni_1997k650_21a_rasp_5f4294d20002e900000007ce.csv,cesaroni_1997k650_21a_rasp_5f4294d20002e900000007ce.json,RASP,Cesaroni Technology,Cesaroni,1997K650-21A,K650,5f4294d200023100000003d6,5f4294d20002e900000007ce,reload,K,54,488,3.07,651.5,1354.9,1997.1,8,3.44,578.4688228197674,1353.5,1989.9327504999999,PD,cert,/simfiles/5f4294d20002e900000007ce/,/simfiles/5f4294d20002e900000007ce/download/data.eng
cesaroni_1997k650_21a_rocksim_5f4294d20002e900000007a2.csv,cesaroni_1997k650_21a_rocksim_5f4294d20002e900000007a2.json,RockSim,Cesaroni Technology,Cesaroni,1997K650-21A,K650,5f4294d200023100000003d6,5f4294d20002e900000007a2,reload,K,54,488,3.07,651.5,1354.9,1997.1,9,3.451,578.7820922920893,1353.5,1997.3770005,PD,cert,/simfiles/5f4294d20002e900000007a2/,/simfiles/5f4294d20002e900000007a2/download/data.rse
cesaroni_2021k261_p_rasp_5f4294d20002e9000000074e.csv,cesaroni_2021k261_p_rasp_5f4294d20002e9000000074e.json,RASP,Cesaroni Technology,Cesaroni,2021K261-P,K261,5f4294d200023100000003a6,5f4294d20002e9000000074e,reload,K,54,488,7.78,259.8,370.1,2020.9,25,8.943999999999999,226.32173378801434,359.348,2024.221587,PD,cert,/simfiles/5f4294d20002e9000000074e/,/simfiles/5f4294d20002e9000000074e/download/data.eng
cesaroni_2021k261_p_rocksim_5f4294d20002e9000000074f.csv,cesaroni_2021k261_p_rocksim_5f4294d20002e9000000074f.json,RockSim,Cesaroni Technology,Cesaroni,2021K261-P,K261,5f4294d200023100000003a6,5f4294d20002e9000000074f,reload,K,54,488,7.78,259.8,370.1,2020.9,26,8.979,225.99121889965477,359.348,2029.1751545,PD,cert,/simfiles/5f4294d20002e9000000074f/,/simfiles/5f4294d20002e9000000074f/download/data.rse
cesaroni_21062o3400_p_rasp_5f4294d20002e900000007c0.csv,cesaroni_21062o3400_p_rasp_5f4294d20002e900000007c0.json,RASP,Cesaroni Technology,Cesaroni,21062O3400-P,O3400,5f4294d200023100000003ee,5f4294d20002e900000007c0,reload,O,98,1239,6.16,3416.7,4750.3,21062.2,15,6.282,3336.8058519579754,4698.582,20961.814362,PD,cert,/simfiles/5f4294d20002e900000007c0/,/simfiles/5f4294d20002e900000007c0/download/data.eng
cesaroni_21062o3400_p_rocksim_5f4294d20002e900000007bf.csv,cesaroni_21062o3400_p_rocksim_5f4294d20002e900000007bf.json,RockSim,Cesaroni Technology,Cesaroni,21062O3400-P,O3400,5f4294d200023100000003ee,5f4294d20002e900000007bf,reload,O,98,1239,6.16,3416.7,4750.3,21062.2,16,6.322,3328.2192840082253,4698.58,21041.0023135,PD,cert,/simfiles/5f4294d20002e900000007bf/,/simfiles/5f4294d20002e900000007bf/download/data.rse
cesaroni_2130k600_17a_rocksim_5f4294d20002e9000000080c.csv,cesaroni_2130k600_17a_rocksim_5f4294d20002e9000000080c.json,RockSim,Cesaroni Technology,Cesaroni,2130K600-17A,K600,5f4294d2000231000000041a,5f4294d20002e9000000080c,reload,K,54,488,3.55,600.3,799.7,2129.8,13,3.535,599.273658132956,785.114,2118.4323815,PD,cert,/simfiles/5f4294d20002e9000000080c/,/simfiles/5f4294d20002e9000000080c/download/data.rse
cesaroni_217h135_12a_rasp_5f4294d20002e90000000736.csv,cesaroni_217h135_12a_rasp_5f4294d20002e90000000736.json,RASP,Cesaroni Technology,Cesaroni,217H135-12A,H135,5f4294d2000231000000039a,5f4294d20002e90000000736,reload,H,29,231,1.6,135.1,171.8,216.7,23,1.664,129.93287139423077,166.804,216.208298,PD,cert,/simfiles/5f4294d20002e90000000736/,/simfiles/5f4294d20002e90000000736/download/data.eng
cesaroni_217h135_12a_rocksim_5f4294d20002e90000000737.csv,cesaroni_217h135_12a_rocksim_5f4294d20002e90000000737.json,RockSim,Cesaroni Technology,Cesaroni,217H135-12A,H135,5f4294d2000231000000039a,5f4294d20002e90000000737,reload,H,29,231,1.6,135.1,171.8,216.7,24,1.676,129.59971479713604,166.804,217.209122,PD,cert,/simfiles/5f4294d20002e90000000737/,/simfiles/5f4294d20002e90000000737/download/data.rse
cesaroni_2330k2000_p_rasp_5f4294d20002e900000007cd.csv,cesaroni_2330k2000_p_rasp_5f4294d20002e900000007cd.json,RASP,Cesaroni Technology,Cesaroni,2330K2000-P,K2000,5f4294d200023100000003d7,5f4294d20002e900000007cd,reload,K,75,350,1.14,2036.1,2480.9,2329.9,13,1.181,1965.783716765453,2473.684,2321.5905695,PD,cert,/simfiles/5f4294d20002e900000007cd/,/simfiles/5f4294d20002e900000007cd/download/data.eng
cesaroni_2330k2000_p_rocksim_5f4294d20002e900000007a3.csv,cesaroni_2330k2000_p_rocksim_5f4294d20002e900000007a3.json,RockSim,Cesaroni Technology,Cesaroni,2330K2000-P,K2000,5f4294d200023100000003d7,5f4294d20002e900000007a3,reload,K,75,350,1.14,2036.1,2480.9,2329.9,14,1.191,1957.589018052057,2473.68,2331.4885205,PD,cert,/simfiles/5f4294d20002e900000007a3/,/simfiles/5f4294d20002e900000007a3/download/data.rse
cesaroni_234h53_12a_rocksim_5f4294d20002e90000000812.csv,cesaroni_234h53_12a_rocksim_5f4294d20002e90000000812.json,RockSim,Cesaroni Technology,Cesaroni,234H53-12A,H53,5f4294d20002310000000414,5f4294d20002e90000000812,reload,H,29,276,4.44,52.7,101.8,234.2,14,4.447,52.429860130425006,101.042,233.155588,PD,cert,/simfiles/5f4294d20002e90000000812/,/simfiles/5f4294d20002e90000000812/download/data.rse
cesaroni_2372k1440_17a_rasp_5f4294d20002e90000000852.csv,cesaroni_2372k1440_17a_rasp_5f4294d20002e90000000852.json,RASP,Cesaroni Technology,Cesaroni,2372K1440-17A,K1440,5f4294d20002310000000261,5f4294d20002e90000000852,reload,K,54,572,1.65,1437,1828.9,2372,27,1.685,1403.217221068249,1718.827,2364.4210175,PD,mfr,/simfiles/5f4294d20002e90000000852/,/simfiles/5f4294d20002e90000000852/download/data.eng
cesaroni_2377k711_18a_rocksim_5f4294d20002e9000000080b.csv,cesaroni_2377k711_18a_rocksim_5f4294d20002e9000000080b.json,RockSim,Cesaroni Technology,Cesaroni,2377K711-18A,K711,5f4294d2000231000000041b,5f4294d20002e9000000080b,reload,K,54,572,3.35,710.4,1700.6,2377.3,12,3.359,706.798462339982,1702.76,2374.1360349999995,PD,cert,/simfiles/5f4294d20002e9000000080b/,/simfiles/5f4294d20002e9000000080b/download/data.rse
cesaroni_2430k661_p_rasp_5f4294d20002e900000007c5.csv,cesaroni_2430k661_p_rasp_5f4294d20002e900000007c5.json,RASP,Cesaroni Technology,Cesaroni,2430K661-P,K661,5f4294d200023100000003dd,5f4294d20002e900000007c5,reload,K,75,350,3.68,660.5,761.3,2430.4,16,3.757,645.3071192440776,758.091,2424.418847,PD,cert,/simfiles/5f4294d20002e900000007c5/,/simfiles/5f4294d20002e900000007c5/download/data.eng
cesaroni_2430k661_p_rocksim_5f4294d20002e900000007a9.csv,cesaroni_2430k661_p_rocksim_5f4294d20002e900000007a9.json,RockSim,Cesaroni Technology,Cesaroni,2430K661-P,K661,5f4294d200023100000003dd,5f4294d20002e900000007a9,reload,K,75,350,3.68,660.5,761.3,2430.4,17,3.798,641.5178942864666,758.091,2436.4849625,PD,cert,/simfiles/5f4294d20002e900000007a9/,/simfiles/5f4294d20002e900000007a9/download/data.rse
cesaroni_24e22_13a_rasp_5f4294d20002e900000007c3.csv,cesaroni_24e22_13a_rasp_5f4294d20002e900000007c3.json,RASP,Cesaroni Technology,Cesaroni,24E22-13A,E22,5f4294d200023100000003d0,5f4294d20002e900000007c3,reload,E,24,69,1.03,23.4,34.4,24.2,14,1.079,22.424792400370716,30.792,24.196351,PD,cert,/simfiles/5f4294d20002e900000007c3/,/simfiles/5f4294d20002e900000007c3/download/data.eng
cesaroni_24e22_13a_rocksim_5f4294d20002e900000007ac.csv,cesaroni_24e22_13a_rocksim_5f4294d20002e900000007ac.json,RockSim,Cesaroni Technology,Cesaroni,24E22-13A,E22,5f4294d200023100000003d0,5f4294d20002e900000007ac,reload,E,24,69,1.03,23.4,34.4,24.2,15,1.087,22.327064397424103,30.792,24.269519,PD,cert,/simfiles/5f4294d20002e900000007ac/,/simfiles/5f4294d20002e900000007ac/download/data.rse
cesaroni_2645l265_p_rasp_5f4294d20002e90000000819.csv,cesaroni_2645l265_p_rasp_5f4294d20002e90000000819.json,RASP,Cesaroni Technology,Cesaroni,2645L265-P,L265,5f4294d20002310000000418,5f4294d20002e90000000819,reload,L,54,649,9.91,266.8,471.1,2644.6,29,11.416,230.62851747547302,471.0,2632.8551555,PD,user,/simfiles/5f4294d20002e90000000819/,/simfiles/5f4294d20002e90000000819/download/data.eng
cesaroni_2645l265_p_rocksim_5f4294d20002e9000000080e.csv,cesaroni_2645l265_p_rocksim_5f4294d20002e9000000080e.json,RockSim,Cesaroni Technology,Cesaroni,2645L265-P,L265,5f4294d20002310000000418,5f4294d20002e9000000080e,reload,L,54,649,9.91,266.8,471.1,2644.6,13,9.882,266.4872205525197,461.131,2633.4267135,PD,cert,/simfiles/5f4294d20002e9000000080e/,/simfiles/5f4294d20002e9000000080e/download/data.rse
cesaroni_269h110_14a_rasp_5f4294d20002e9000000075c.csv,cesaroni_269h110_14a_rasp_5f4294d20002e9000000075c.json,RASP,Cesaroni Technology,Cesaroni,269H110-14A,H110,5f4294d2000231000000039f,5f4294d20002e9000000075c,reload,H,38,186,2.47,109.3,127.5,269.1,25,2.6630000000000003,101.09387307547878,124.92,269.212984,PD,cert,/simfiles/5f4294d20002e9000000075c/,/simfiles/5f4294d20002e9000000075c/download/data.eng
cesaroni_269h110_14a_rocksim_5f4294d20002e9000000075d.csv,cesaroni_269h110_14a_rocksim_5f4294d20002e9000000075d.json,RockSim,Cesaroni Technology,Cesaroni,269H110-14A,H110,5f4294d2000231000000039f,5f4294d20002e9000000075d,reload,H,38,186,2.47,109.3,127.5,269.1,26,2.692,100.5097000371471,124.92,270.5721125,PD,cert,/simfiles/5f4294d20002e9000000075d/,/simfiles/5f4294d20002e9000000075d/download/data.rse
cesaroni_26e31_15a_rasp_5f4294d20002e900000007d3.csv,cesaroni_26e31_15a_rasp_5f4294d20002e900000007d3.json,RASP,Cesaroni Technology,Cesaroni,26E31-15A,E31,5f4294d200023100000003cf,5f4294d20002e900000007d3,reload,E,24,69,0.85,30.8,52.6,26.1,12,0.85,30.171461764705885,43.824,25.6457425,PD,cert,/simfiles/5f4294d20002e900000007d3/,/simfiles/5f4294d20002e900000007d3/download/data.eng
cesaroni_26e31_15a_rocksim_5f4294d20002e9000000079b.csv,cesaroni_26e31_15a_rocksim_5f4294d20002e9000000079b.json,RockSim,Cesaroni Technology,Cesaroni,26E31-15A,E31,5f4294d200023100000003cf,5f4294d20002e9000000079b,reload,E,24,69,0.85,30.8,52.6,26.1,13,0.87,29.98158908045977,43.824,26.0839825,PD,cert,/simfiles/5f4294d20002e9000000079b/,/simfiles/5f4294d20002e9000000079b/download/data.rse
cesaroni_2833l805_p_rasp_5f4294d20002e900000007cf.csv,cesaroni_2833l805_p_rasp_5f4294d20002e900000007cf.json,RASP,Cesaroni Technology,Cesaroni,2833L805-P,L805,5f4294d200023100000003d5,5f4294d20002e900000007cf,reload,L,54,649,3.52,804.5,1634,2833,10,3.815,746.1593933158584,1618.1,2846.5980855,PD,cert,/simfiles/5f4294d20002e900000007cf/,/simfiles/5f4294d20002e900000007cf/download/data.eng
cesaroni_2833l805_p_rocksim_5f4294d20002e900000007a1.csv,cesaroni_2833l805_p_rocksim_5f4294d20002e900000007a1.json,RockSim,Cesaroni Technology,Cesaroni,2833L805-P,L805,5f4294d200023100000003d5,5f4294d20002e900000007a1,reload,L,54,649,3.52,804.5,1634,2833,11,3.827,746.3565940684609,1618.1,2856.3066855,PD,cert,/simfiles/5f4294d20002e900000007a1/,/simfiles/5f4294d20002e900000007a1/download/data.rse
cesaroni_2856l910_p_rasp_5f4294d20002e900000007c8.csv,cesaroni_2856l910_p_rasp_5f4294d20002e900000007c8.json,RASP,Cesaroni Technology,Cesaroni,2856L910-P,L910,5f4294d200023100000003db,5f4294d20002e900000007c8,reload,L,75,350,3.15,907.1,1086.1,2856.1,13,3.228,884.3215043370508,1047.55,2854.589816,PD,cert,/simfiles/5f4294d20002e900000007c8/,/simfiles/5f4294d20002e900000007c8/download/data.eng
cesaroni_2856l910_p_rocksim_5f4294d20002e900000007a7.csv,cesaroni_2856l910_p_rocksim_5f4294d20002e900000007a7.json,RockSim,Cesaroni Technology,Cesaroni,2856L910-P,L910,5f4294d200023100000003db,5f4294d20002e900000007a7,reload,L,75,350,3.15,907.1,1086.1,2856.1,14,3.262,879.5795257510729,1047.55,2869.188413,PD,cert,/simfiles/5f4294d20002e900000007a7/,/simfiles/5f4294d20002e900000007a7/download/data.rse
cesaroni_2946l820_p_rasp_5f4294d20002e90000000745.csv,cesaroni_2946l820_p_rasp_5f4294d20002e90000000745.json,RASP,Cesaroni Technology,Cesaroni,2946L820-P,L820,5f4294d200023100000003ab,5f4294d20002e90000000745,reload,L,75,486,3.59,819.9,984.8,2945.6,31,3.7750000000000004,778.5446894039735,957.784,2939.0062025,PD,cert,/simfiles/5f4294d20002e90000000745/,/simfiles/5f4294d20002e90000000745/download/data.eng
cesaroni_2946l820_p_rocksim_5f4294d20002e90000000744.csv,cesaroni_2946l820_p_rocksim_5f4294d20002e90000000744.json,RockSim,Cesaroni Technology,Cesaroni,2946L820-P,L820,5f4294d200023100000003ab,5f4294d20002e90000000744,reload,L,75,486,3.59,819.9,984.8,2945.6,32,3.801,774.9202566429886,957.784,2945.4718955,PD,cert,/simfiles/5f4294d20002e90000000744/,/simfiles/5f4294d20002e90000000744/download/data.rse
cesaroni_29920o3700_p_rasp_5f4294d20002e9000000073e.csv,cesaroni_29920o3700_p_rasp_5f4294d20002e9000000073e.json,RASP,Cesaroni Technology,Cesaroni,29920O3700-P,O3700,5f4294d200023100000003ae,5f4294d20002e9000000073e,reload,O,161,957,8.19,3654.3,4081.6,29919.9,34,8.335,3590.909577204559,4030.284,29930.231326,PD,cert,/simfiles/5f4294d20002e9000000073e/,/simfiles/5f4294d20002e9000000073e/download/data.eng
cesaroni_29920o3700_p_rocksim_5f4294d20002e9000000073f.csv,cesaroni_29920o3700_p_rocksim_5f4294d20002e9000000073f.json,RockSim,Cesaroni Technology,Cesaroni,29920O3700-P,O3700,5f4294d200023100000003ae,5f4294d20002e9000000073f,reload,O,161,957,8.19,3654.3,4081.6,29919.9,35,8.387,3571.7733607964706,4030.28,29956.463177,PD,cert,/simfiles/5f4294d20002e9000000073f/,/simfiles/5f4294d20002e9000000073f/download/data.rse
cesaroni_30795o25000_p_rasp_5f4294d20002e900000007d4.csv,cesaroni_30795o25000_p_rasp_5f4294d20002e900000007d4.json,RASP,Cesaroni Technology,Cesaroni,30795O25000-P,O25000,5f4294d200023100000003c4,5f4294d20002e900000007d4,SU,O,132,1407,1.31,23507,29275,30794,11,1.312,23493.175438262195,26281.513,30823.046175,PD,cert,/simfiles/5f4294d20002e900000007d4/,/simfiles/5f4294d20002e900000007d4/download/data.eng
cesaroni_3300l3200_p_rasp_5f4294d20002e900000007cc.csv,cesaroni_3300l3200_p_rasp_5f4294d20002e900000007cc.json,RASP,Cesaroni Technology,Cesaroni,3300L3200-P,L3200,5f4294d200023100000003d8,5f4294d20002e900000007cc,reload,L,75,486,1.03,3209.4,3723,3300.3,13,1.047,3138.7930095510983,3711.924,3286.316281,PD,cert,/simfiles/5f4294d20002e900000007cc/,/simfiles/5f4294d20002e900000007cc/download/data.eng
cesaroni_3300l3200_p_rocksim_5f4294d20002e900000007a4.csv,cesaroni_3300l3200_p_rocksim_5f4294d20002e900000007a4.json,RockSim,Cesaroni Technology,Cesaroni,3300L3200-P,L3200,5f4294d200023100000003d8,5f4294d20002e900000007a4,reload,L,75,486,1.03,3209.4,3723,3300.3,14,1.055,3127.5608322274884,3711.92,3299.576678,PD,cert,/simfiles/5f4294d20002e900000007a4/,/simfiles/5f4294d20002e900000007a4/download/data.rse
cesaroni_3419l645_p_rasp_5f4294d20002e900000007cb.csv,cesaroni_3419l645_p_rasp_5f4294d20002e900000007cb.json,RASP,Cesaroni Technology,Cesaroni,3419L645-P,L645,5f4294d200023100000003d9,5f4294d20002e900000007cb,reload,L,75,486,5.3,644.8,776.6,3419.8,12,5.34,640.6222553370786,764.97,3420.9228435,PD,cert,/simfiles/5f4294d20002e900000007cb/,/simfiles/5f4294d20002e900000007cb/download/data.eng
cesaroni_3419l645_p_rocksim_5f4294d20002e900000007a5.csv,cesaroni_3419l645_p_rocksim_5f4294d20002e900000007a5.json,RockSim,Cesaroni Technology,Cesaroni,3419L645-P,L645,5f4294d200023100000003d9,5f4294d20002e900000007a5,reload,L,75,486,5.3,644.8,776.6,3419.8,13,5.39,637.0508197588127,764.97,3433.7039185000003,PD,cert,/simfiles/5f4294d20002e900000007a5/,/simfiles/5f4294d20002e900000007a5/download/data.rse
cesaroni_3727l1050_p_rasp_5f4294d20002e900000007c4.csv,cesaroni_3727l1050_p_rasp_5f4294d20002e900000007c4.json,RASP,Cesaroni Technology,Cesaroni,3727L1050-P,L1050,5f4294d200023100000003de,5f4294d20002e900000007c4,reload,L,75,486,3.56,1046.1,1208.4,3727,15,3.6959999999999997,1006.226986607143,1207.294,3719.0149425,PD,cert,/simfiles/5f4294d20002e900000007c4/,/simfiles/5f4294d20002e900000007c4/download/data.eng
cesaroni_3727l1050_p_rocksim_5f4294d20002e900000007aa.csv,cesaroni_3727l1050_p_rocksim_5f4294d20002e900000007aa.json,RockSim,Cesaroni Technology,Cesaroni,3727L1050-P,L1050,5f4294d200023100000003de,5f4294d20002e900000007aa,reload,L,75,486,3.56,1046.1,1208.4,3727,16,3.731,1000.1699123559367,1207.29,3731.633943,PD,cert,/simfiles/5f4294d20002e900000007aa/,/simfiles/5f4294d20002e900000007aa/download/data.rse
cesaroni_382i170_14a_rasp_5f4294d20002e9000000009d.csv,cesaroni_382i170_14a_rasp_5f4294d20002e9000000009d.json,RASP,Cesaroni Technology,Cesaroni,382I170-14A,I170,5f4294d200023100000000b2,5f4294d20002e9000000009d,reload,I,38,245,2.26,169.2,260.6,382,26,2.286,181.26812817147857,233.144,414.378941,PD,cert,/simfiles/5f4294d20002e9000000009d/,/simfiles/5f4294d20002e9000000009d/download/data.eng
cesaroni_382i243_13a_rasp_5f4294d20002e90000000739.csv,cesaroni_382i243_13a_rasp_5f4294d20002e90000000739.json,RASP,Cesaroni Technology,Cesaroni,382I243-13A,I243,5f4294d2000231000000039b,5f4294d20002e90000000739,reload,I,29,365,1.57,242.7,445.8,381.7,25,1.676,227.11252237470165,443.392,380.6405875,PD,cert,/simfiles/5f4294d20002e90000000739/,/simfiles/5f4294d20002e90000000739/download/data.eng
cesaroni_382i243_13a_rocksim_5f4294d20002e90000000738.csv,cesaroni_382i243_13a_rocksim_5f4294d20002e90000000738.json,RockSim,Cesaroni Technology,Cesaroni,382I243-13A,I243,5f4294d2000231000000039b,5f4294d20002e90000000738,reload,I,29,365,1.57,242.7,445.8,381.7,26,1.692,227.06130230496456,443.392,384.1877235,PD,cert,/simfiles/5f4294d20002e90000000738/,/simfiles/5f4294d20002e90000000738/download/data.rse
cesaroni_395i55_9a_rocksim_5f4294d20002e90000000811.csv,cesaroni_395i55_9a_rocksim_5f4294d20002e90000000811.json,RockSim,Cesaroni Technology,Cesaroni,395I55-9A,I55,5f4294d20002310000000415,5f4294d20002e90000000811,reload,I,38,245,7.51,55.2,94.5,394.6,15,7.246,54.545364752967146,92.296,395.235713,PD,cert,/simfiles/5f4294d20002e90000000811/,/simfiles/5f4294d20002e90000000811/download/data.rse
cesaroni_411i175_14a_rasp_5f4294d20002e9000000075a.csv,cesaroni_411i175_14a_rasp_5f4294d20002e9000000075a.json,RASP,Cesaroni Technology,Cesaroni,411I175-14A,I175,5f4294d200023100000003a0,5f4294d20002e9000000075a,reload,I,38,245,2.36,174.4,197.9,411.4,29,2.481,165.2538371624345,195.087,409.99477,PD,cert,/simfiles/5f4294d20002e9000000075a/,/simfiles/5f4294d20002e9000000075a/download/data.eng
cesaroni_411i175_14a_rocksim_5f4294d20002e9000000075b.csv,cesaroni_411i175_14a_rocksim_5f4294d20002e9000000075b.json,RockSim,Cesaroni Technology,Cesaroni,411I175-14A,I175,5f4294d200023100000003a0,5f4294d20002e9000000075b,reload,I,38,245,2.36,174.4,197.9,411.4,30,2.5,164.56571160000001,195.087,411.414279,PD,cert,/simfiles/5f4294d20002e9000000075b/,/simfiles/5f4294d20002e9000000075b/download/data.rse
cesaroni_4263l1350_p_rasp_5f4294d20002e900000007c6.csv,cesaroni_4263l1350_p_rasp_5f4294d20002e900000007c6.json,RASP,Cesaroni Technology,Cesaroni,4263L1350-P,L1350,5f4294d200023100000003dc,5f4294d20002e900000007c6,reload,L,75,486,3.16,1349.6,1672.5,4263.1,15,3.268,1306.2403364443085,1540.732,4268.7934195,PD,cert,/simfiles/5f4294d20002e900000007c6/,/simfiles/5f4294d20002e900000007c6/download/data.eng
cesaroni_4263l1350_p_rocksim_5f4294d20002e900000007a8.csv,cesaroni_4263l1350_p_rocksim_5f4294d20002e900000007a8.json,RockSim,Cesaroni Technology,Cesaroni,4263L1350-P,L1350,5f4294d200023100000003dc,5f4294d20002e900000007a8,reload,L,75,486,3.16,1349.6,1672.5,4263.1,16,3.284,1303.339339372716,1540.73,4280.1663905,PD,cert,/simfiles/5f4294d20002e900000007a8/,/simfiles/5f4294d20002e900000007a8/download/data.rse
cesaroni_4937l395_p_rasp_5f4294d20002e9000000081b.csv,cesaroni_4937l395_p_rasp_5f4294d20002e9000000081b.json,RASP,Cesaroni Technology,Cesaroni,4937L395-P,L395,5f4294d2000231000000041e,5f4294d20002e9000000081b,reload,L,75,757,12.52,393.7,587.5,4936.8,11,12.461,394.9592751785571,578.734,4921.587528,PD,user,/simfiles/5f4294d20002e9000000081b/,/simfiles/5f4294d20002e9000000081b/download/data.eng
cesaroni_4937l395_p_rocksim_5f4294d20002e90000000808.csv,cesaroni_4937l395_p_rocksim_5f4294d20002e90000000808.json,RockSim,Cesaroni Technology,Cesaroni,4937L395-P,L395,5f4294d2000231000000041e,5f4294d20002e90000000808,reload,L,75,757,12.52,393.7,587.5,4936.8,12,12.501,392.4421320694344,578.734,4905.9190929999995,PD,cert,/simfiles/5f4294d20002e90000000808/,/simfiles/5f4294d20002e90000000808/download/data.rse
cesaroni_50f51_13a_rocksim_5f4294d20002e90000000817.csv,cesaroni_50f51_13a_rocksim_5f4294d20002e90000000817.json,RockSim,Cesaroni Technology,Cesaroni,50F51-13A,F51,5f4294d2000231000000040f,5f4294d20002e90000000817,reload,F,24,101,1,49.6,69.4,49.9,18,1.045,47.64475167464115,67.976,49.7887655,PD,cert,/simfiles/5f4294d20002e90000000817/,/simfiles/5f4294d20002e90000000817/download/data.rse
cesaroni_5198m1101_p_rocksim_5f4294d20002e90000000809.csv,cesaroni_5198m1101_p_rocksim_5f4294d20002e90000000809.json,RockSim,Cesaroni Technology,Cesaroni,5198M1101-P,M1101,5f4294d2000231000000041d,5f4294d20002e90000000809,reload,M,75,621,4.68,1111.2,1475,5197.6,12,4.736,1097.8894923986486,1436.62,5199.604636,PD,cert,/simfiles/5f4294d20002e90000000809/,/simfiles/5f4294d20002e90000000809/download/data.rse
cesaroni_53f32_12a_rocksim_5f4294d20002e90000000816.csv,cesaroni_53f32_12a_rocksim_5f4294d20002e90000000816.json,RockSim,Cesaroni Technology,Cesaroni,53F32-12A,F32,5f4294d20002310000000410,5f4294d20002e90000000816,reload,F,29,98,1.67,31.6,49.3,52.8,15,1.726,30.663095307068364,48.044,52.924502499999996,PD,cert,/simfiles/5f4294d20002e90000000816/,/simfiles/5f4294d20002e90000000816/download/data.rse
cesaroni_53f70_14a_rocksim_5f4294d20002e90000000818.csv,cesaroni_53f70_14a_rocksim_5f4294d20002e90000000818.json,RockSim,Cesaroni Technology,Cesaroni,53F70-14A,F70,5f4294d2000231000000040e,5f4294d20002e90000000818,reload,F,24,101,0.77,69.1,97,52.9,13,0.816,64.72509068627453,96.149,52.81567400000001,PD,cert,/simfiles/5f4294d20002e90000000818/,/simfiles/5f4294d20002e90000000818/download/data.rse
cesaroni_548i242_15a_rasp_5f4294d20002e90000000759.csv,cesaroni_548i242_15a_rasp_5f4294d20002e90000000759.json,RASP,Cesaroni Technology,Cesaroni,548I242-15A,I242,5f4294d200023100000003a1,5f4294d20002e90000000759,reload,I,38,303,2.26435357290376,242.1,284.7,548.2,24,2.387,229.76358860494346,286.148,548.445686,PD,cert,/simfiles/5f4294d20002e90000000759/,/simfiles/5f4294d20002e90000000759/download/data.eng
cesaroni_548i242_15a_rocksim_5f4294d20002e90000000758.csv,cesaroni_548i242_15a_rocksim_5f4294d20002e90000000758.json,RockSim,Cesaroni Technology,Cesaroni,548I242-15A,I242,5f4294d200023100000003a1,5f4294d20002e90000000758,reload,I,38,303,2.26435357290376,242.1,284.7,548.2,25,2.402,229.08135033305578,286.148,550.2534035,PD,cert,/simfiles/5f4294d20002e90000000758/,/simfiles/5f4294d20002e90000000758/download/data.rse
cesaroni_5604m1830_p_rasp_5f4294d20002e900000007d9.csv,cesaroni_5604m1830_p_rasp_5f4294d20002e900000007d9.json,RASP,Cesaroni Technology,Cesaroni,5604M1830-P,M1830,5f4294d200023100000003e0,5f4294d20002e900000007d9,reload,M,75,621,3.07,1826.5,2342.3,5603.7,10,3.1470000000000002,1768.5632335557673,2300.79,5565.668496,PD,user,/simfiles/5f4294d20002e900000007d9/,/simfiles/5f4294d20002e900000007d9/download/data.eng
cesaroni_5604m1830_p_rocksim_5f4294d20002e900000007b9.csv,cesaroni_5604m1830_p_rocksim_5f4294d20002e900000007b9.json,RockSim,Cesaroni Technology,Cesaroni,5604M1830-P,M1830,5f4294d200023100000003e0,5f4294d20002e900000007b9,reload,M,75,621,3.07,1826.5,2342.3,5603.7,11,3.165,1765.0475848341234,2300.79,5586.3756060000005,PD,cert,/simfiles/5f4294d20002e900000007b9/,/simfiles/5f4294d20002e900000007b9/download/data.rse
cesaroni_567i125_10a_rasp_5f4294d20002e900000007c2.csv,cesaroni_567i125_10a_rasp_5f4294d20002e900000007c2.json,RASP,Cesaroni Technology,Cesaroni,567I125-10A,I125,5f4294d200023100000003ec,5f4294d20002e900000007c2,reload,I,38,367,4.41,128.5,294.3,566.6,14,4.539,124.57500903282663,267.82,565.445966,PD,cert,/simfiles/5f4294d20002e900000007c2/,/simfiles/5f4294d20002e900000007c2/download/data.eng
cesaroni_567i125_10a_rocksim_5f4294d20002e900000007bd.csv,cesaroni_567i125_10a_rocksim_5f4294d20002e900000007bd.json,RockSim,Cesaroni Technology,Cesaroni,567I125-10A,I125,5f4294d200023100000003ec,5f4294d20002e900000007bd,reload,I,38,367,4.41,128.5,294.3,566.6,15,4.585,124.2017417666303,267.82,569.464986,PD,cert,/simfiles/5f4294d20002e900000007bd/,/simfiles/5f4294d20002e900000007bd/download/data.rse
cesaroni_56f31_12a_rocksim_5f4294d20002e90000000815.csv,cesaroni_56f31_12a_rocksim_5f4294d20002e90000000815.json,RockSim,Cesaroni Technology,Cesaroni,56F31-12A,F31,5f4294d20002310000000411,5f4294d20002e90000000815,reload,F,29,98,1.78,31.1,65,55.5,13,1.828,30.410006564551416,64.053,55.58949199999999,PD,cert,/simfiles/5f4294d20002e90000000815/,/simfiles/5f4294d20002e90000000815/download/data.rse
cesaroni_5880m1160_p_rocksim_5f4294d20002e900000007b8.csv,cesaroni_5880m1160_p_rocksim_5f4294d20002e900000007b8.json,RockSim,Cesaroni Technology,Cesaroni,5880M1160-P,M1160,5f4294d200023100000003e2,5f4294d20002e900000007b8,reload,M,75,757,5.07,1160.2,1381.7,5880.2,16,5.136,1146.096616238318,1381.9,5886.352221000001,PD,cert,/simfiles/5f4294d20002e900000007b8/,/simfiles/5f4294d20002e900000007b8/download/data.rse
cesaroni_60f50_13a_rasp_5f4294d20002e900000007d0.csv,cesaroni_60f50_13a_rasp_5f4294d20002e900000007d0.json,RASP,Cesaroni Technology,Cesaroni,60F50-13A,F50,5f4294d200023100000003d1,5f4294d20002e900000007d0,reload,F,24,133,1.19,50,69.9,59.7,12,1.2830000000000001,46.153469992205764,69.516,59.214902,PD,cert,/simfiles/5f4294d20002e900000007d0/,/simfiles/5f4294d20002e900000007d0/download/data.eng
cesaroni_60f50_13a_rocksim_5f4294d20002e9000000079e.csv,cesaroni_60f50_13a_rocksim_5f4294d20002e9000000079e.json,RockSim,Cesaroni Technology,Cesaroni,60F50-13A,F50,5f4294d200023100000003d1,5f4294d20002e9000000079e,reload,F,24,133,1.19,50,69.9,59.7,13,1.298,45.99558320493066,69.516,59.702267,PD,cert,/simfiles/5f4294d20002e9000000079e/,/simfiles/5f4294d20002e9000000079e/download/data.rse
cesaroni_614i100_17a_rasp_5f4294d20002e90000000753.csv,cesaroni_614i100_17a_rasp_5f4294d20002e90000000753.json,RASP,Cesaroni Technology,Cesaroni,614I100-17A,I100,5f4294d200023100000003a4,5f4294d20002e90000000753,reload,I,54,236,6.23,98.5,358.4,613.6,21,8.951,69.6662209250363,332.429,623.5823435,PD,cert,/simfiles/5f4294d20002e90000000753/,/simfiles/5f4294d20002e90000000753/download/data.eng
cesaroni_614i100_17a_rocksim_5f4294d20002e90000000752.csv,cesaroni_614i100_17a_rocksim_5f4294d20002e90000000752.json,RockSim,Cesaroni Technology,Cesaroni,614I100-17A,I100,5f4294d200023100000003a4,5f4294d20002e90000000752,reload,I,54,236,6.23,98.5,358.4,613.6,22,8.993,69.96963755142889,332.429,629.2369505,PD,cert,/simfiles/5f4294d20002e90000000752/,/simfiles/5f4294d20002e90000000752/download/data.rse
cesaroni_644j94_p_rocksim_5f4294d20002e90000000810.csv,cesaroni_644j94_p_rocksim_5f4294d20002e90000000810.json,RockSim,Cesaroni Technology,Cesaroni,644J94-P,J94,5f4294d20002310000000416,5f4294d20002e90000000810,reload,J,38,367,6.82,94.4,172.5,644,15,6.928,93.04309721420323,168.646,644.6025774999999,PD,cert,/simfiles/5f4294d20002e90000000810/,/simfiles/5f4294d20002e90000000810/download/data.rse
cesaroni_650j270_13a_rasp_5f4294d20002e9000000073a.csv,cesaroni_650j270_13a_rasp_5f4294d20002e9000000073a.json,RASP,Cesaroni Technology,Cesaroni,650J270-13A,J270,5f4294d2000231000000039c,5f4294d20002e9000000073a,reload,J,38,367,2.4,270.8,238.3,650.3,31,2.492,261.78652006420543,301.926,652.3720079999999,PD,cert,/simfiles/5f4294d20002e9000000073a/,/simfiles/5f4294d20002e9000000073a/download/data.eng
cesaroni_650j270_13a_rocksim_5f4294d20002e9000000073b.csv,cesaroni_650j270_13a_rocksim_5f4294d20002e9000000073b.json,RockSim,Cesaroni Technology,Cesaroni,650J270-13A,J270,5f4294d2000231000000039c,5f4294d20002e9000000073b,reload,J,38,367,2.4,270.8,238.3,650.3,32,2.5,261.25935519999996,301.926,653.148388,PD,cert,/simfiles/5f4294d20002e9000000073b/,/simfiles/5f4294d20002e9000000073b/download/data.rse
cesaroni_654j316_17a_rasp_5f4294d20002e9000000079f.csv,cesaroni_654j316_17a_rasp_5f4294d20002e9000000079f.json,RASP,Cesaroni Technology,Cesaroni,654J316-17A,J316,5f4294d200023100000003d4,5f4294d20002e9000000079f,reload,J,38,367,2.08,315.1,448.7,654.3,13,2.1670000000000003,300.21223257960315,443.25,650.5599080000001,PD,cert,/simfiles/5f4294d20002e9000000079f/,/simfiles/5f4294d20002e9000000079f/download/data.eng
cesaroni_654j316_17a_rocksim_5f4294d20002e900000007a0.csv,cesaroni_654j316_17a_rocksim_5f4294d20002e900000007a0.json,RockSim,Cesaroni Technology,Cesaroni,654J316-17A,J316,5f4294d200023100000003d4,5f4294d20002e900000007a0,reload,J,38,367,2.08,315.1,448.7,654.3,14,2.184,299.4052211538462,443.25,653.9010030000001,PD,cert,/simfiles/5f4294d20002e900000007a0/,/simfiles/5f4294d20002e900000007a0/download/data.rse
cesaroni_6827m2080_p_rasp_5f4294d20002e90000000742.csv,cesaroni_6827m2080_p_rasp_5f4294d20002e90000000742.json,RASP,Cesaroni Technology,Cesaroni,6827M2080-P,M2080,5f4294d200023100000003ac,5f4294d20002e90000000742,reload,M,75,1025,3.28,2081.5,2611.3,6827.3,32,3.473,1960.5062402821768,2554.632,6808.8381725,PD,cert,/simfiles/5f4294d20002e90000000742/,/simfiles/5f4294d20002e90000000742/download/data.eng
cesaroni_6827m2080_p_rocksim_5f4294d20002e90000000743.csv,cesaroni_6827m2080_p_rocksim_5f4294d20002e90000000743.json,RockSim,Cesaroni Technology,Cesaroni,6827M2080-P,M2080,5f4294d200023100000003ac,5f4294d20002e90000000743,reload,M,75,1025,3.28,2081.5,2611.3,6827.3,33,3.5,1952.3778215714285,2554.63,6833.3223755,PD,cert,/simfiles/5f4294d20002e90000000743/,/simfiles/5f4294d20002e90000000743/download/data.rse
cesaroni_684j290_15a_rasp_5f4294d20002e90000000756.csv,cesaroni_684j290_15a_rasp_5f4294d20002e90000000756.json,RASP,Cesaroni Technology,Cesaroni,684J290-15A,J290,5f4294d200023100000003a2,5f4294d20002e90000000756,reload,J,38,367,2.31,295.4,391.6,683.6,26,2.387,285.5966625471303,391.557,681.7192335,PD,cert,/simfiles/5f4294d20002e90000000756/,/simfiles/5f4294d20002e90000000756/download/data.eng
cesaroni_684j290_15a_rocksim_5f4294d20002e90000000757.csv,cesaroni_684j290_15a_rocksim_5f4294d20002e90000000757.json,RockSim,Cesaroni Technology,Cesaroni,684J290-15A,J290,5f4294d200023100000003a2,5f4294d20002e90000000757,reload,J,38,367,2.31,295.4,391.6,683.6,27,2.402,284.85781473771857,391.557,684.228471,PD,cert,/simfiles/5f4294d20002e90000000757/,/simfiles/5f4294d20002e90000000757/download/data.rse
cesaroni_68f240_15a_rasp_5f4294d20002e9000000072c.csv,cesaroni_68f240_15a_rasp_5f4294d20002e9000000072c.json,RASP,Cesaroni Technology,Cesaroni,68F240-15A,F240,5f4294d20002310000000392,5f4294d20002e9000000072c,reload,F,24,133,0.29,236.2,285.9,68.3,25,0.324,209.28247376543212,281.398,67.80752150000001,PD,cert,/simfiles/5f4294d20002e9000000072c/,/simfiles/5f4294d20002e9000000072c/download/data.eng
cesaroni_68f240_15a_rocksim_5f4294d20002e9000000072d.csv,cesaroni_68f240_15a_rocksim_5f4294d20002e9000000072d.json,RockSim,Cesaroni Technology,Cesaroni,68F240-15A,F240,5f4294d20002310000000392,5f4294d20002e9000000072d,reload,F,24,133,0.29,236.2,285.9,68.3,26,0.328,207.34322408536585,281.398,68.0085775,PD,cert,/simfiles/5f4294d20002e9000000072d/,/simfiles/5f4294d20002e9000000072d/download/data.rse
cesaroni_68f79_13a_rasp_5f4294d20002e90000000723.csv,cesaroni_68f79_13a_rasp_5f4294d20002e90000000723.json,RASP,Cesaroni Technology,Cesaroni,68F79-13A,F79,5f4294d20002310000000397,5f4294d20002e90000000723,reload,F,24,133,0.86,78.8,98.3,67.8,23,0.992,68.7299929435484,96.291,68.180153,PD,cert,/simfiles/5f4294d20002e90000000723/,/simfiles/5f4294d20002e90000000723/download/data.eng
cesaroni_68f79_13a_rocksim_5f4294d20002e90000000722.csv,cesaroni_68f79_13a_rocksim_5f4294d20002e90000000722.json,RockSim,Cesaroni Technology,Cesaroni,68F79-13A,F79,5f4294d20002310000000397,5f4294d20002e90000000722,reload,F,24,133,0.86,78.8,98.3,67.8,24,0.997,68.53576028084252,96.291,68.330153,PD,cert,/simfiles/5f4294d20002e90000000722/,/simfiles/5f4294d20002e90000000722/download/data.rse
cesaroni_73f30_6a_rasp_5f4294d20002e90000000728.csv,cesaroni_73f30_6a_rasp_5f4294d20002e90000000728.json,RASP,Cesaroni Technology,Cesaroni,73F30-6A,F30,5f4294d20002310000000394,5f4294d20002e90000000728,reload,F,24,133,2.36,31,56.8,73.1,19,2.584,28.319592685758515,54.222,73.1778275,PD,cert,/simfiles/5f4294d20002e90000000728/,/simfiles/5f4294d20002e90000000728/download/data.eng
cesaroni_73f30_6a_rocksim_5f4294d20002e90000000729.csv,cesaroni_73f30_6a_rocksim_5f4294d20002e90000000729.json,RockSim,Cesaroni Technology,Cesaroni,73F30-6A,F30,5f4294d20002310000000394,5f4294d20002e90000000729,reload,F,24,133,2.36,31,56.8,73.1,20,2.598,28.313079869130103,54.222,73.5573815,PD,cert,/simfiles/5f4294d20002e90000000729/,/simfiles/5f4294d20002e90000000729/download/data.rse
cesaroni_7545m1590_p_rasp_5f4294d20002e90000000830.csv,cesaroni_7545m1590_p_rasp_5f4294d20002e90000000830.json,RASP,Cesaroni Technology,Cesaroni,7545M1590-P,M1590,5f4294d20002310000000315,5f4294d20002e90000000830,reload,M,75,893,4.74,1592.4,2499.2,7544.6,27,4.747,1581.338182746998,2305.957,7506.6123535,PD,cert,/simfiles/5f4294d20002e90000000830/,/simfiles/5f4294d20002e90000000830/download/data.eng
cesaroni_7545m1590_p_rocksim_5f4294d20002e90000000832.csv,cesaroni_7545m1590_p_rocksim_5f4294d20002e90000000832.json,RockSim,Cesaroni Technology,Cesaroni,7545M1590-P,M1590,5f4294d20002310000000315,5f4294d20002e90000000832,reload,M,75,893,4.74,1592.4,2499.2,7544.6,20,4.8,1574.9215068750002,2302.94,7559.623233,PD,cert,/simfiles/5f4294d20002e90000000832/,/simfiles/5f4294d20002e90000000832/download/data.rse
cesaroni_75f51_12a_rasp_5f4294d20002e900000007d2.csv,cesaroni_75f51_12a_rasp_5f4294d20002e900000007d2.json,RASP,Cesaroni Technology,Cesaroni,75F51-12A,F51,5f4294d200023100000003d2,5f4294d20002e900000007d2,reload,F,24,133,1.5,50,85.1,75,9,1.557,47.84530764290303,84.148,74.49514400000001,PD,cert,/simfiles/5f4294d20002e900000007d2/,/simfiles/5f4294d20002e900000007d2/download/data.eng
cesaroni_75f51_12a_rocksim_5f4294d20002e9000000079c.csv,cesaroni_75f51_12a_rocksim_5f4294d20002e9000000079c.json,RockSim,Cesaroni Technology,Cesaroni,75F51-12A,F51,5f4294d200023100000003d2,5f4294d20002e9000000079c,reload,F,24,133,1.5,50,85.1,75,10,1.577,47.719964489537105,84.148,75.25438400000002,PD,cert,/simfiles/5f4294d20002e9000000079c/,/simfiles/5f4294d20002e9000000079c/download/data.rse
cesaroni_8187m1545_p_rasp_5f4294d20002e90000000741.csv,cesaroni_8187m1545_p_rasp_5f4294d20002e90000000741.json,RASP,Cesaroni Technology,Cesaroni,8187M1545-P,M1545,5f4294d200023100000003ad,5f4294d20002e90000000741,reload,M,75,1025,5.29,1547.3,1840.2,8186.7,32,5.358,1521.650853676745,1828.496,8153.005274,PD,cert,/simfiles/5f4294d20002e90000000741/,/simfiles/5f4294d20002e90000000741/download/data.eng
cesaroni_8187m1545_p_rocksim_5f4294d20002e90000000740.csv,cesaroni_8187m1545_p_rocksim_5f4294d20002e90000000740.json,RockSim,Cesaroni Technology,Cesaroni,8187M1545-P,M1545,5f4294d200023100000003ad,5f4294d20002e90000000740,reload,M,75,1025,5.29,1547.3,1840.2,8186.7,33,5.396,1516.277001575241,1828.5,8181.8307005,PD,cert,/simfiles/5f4294d20002e90000000740/,/simfiles/5f4294d20002e90000000740/download/data.rse
cesaroni_819j354_16a_rasp_5f4294d20002e90000000754.csv,cesaroni_819j354_16a_rasp_5f4294d20002e90000000754.json,RASP,Cesaroni Technology,Cesaroni,819J354-16A,J354,5f4294d200023100000003a3,5f4294d20002e90000000754,reload,J,38,421,2.31,354.7,521.8,818.7,28,2.484,328.3427890499195,519.668,815.603488,PD,cert,/simfiles/5f4294d20002e90000000754/,/simfiles/5f4294d20002e90000000754/download/data.eng
cesaroni_819j354_16a_rocksim_5f4294d20002e90000000755.csv,cesaroni_819j354_16a_rocksim_5f4294d20002e90000000755.json,RockSim,Cesaroni Technology,Cesaroni,819J354-16A,J354,5f4294d200023100000003a3,5f4294d20002e90000000755,reload,J,38,421,2.31,354.7,521.8,818.7,29,2.5,327.754192,519.668,819.38548,PD,cert,/simfiles/5f4294d20002e90000000755/,/simfiles/5f4294d20002e90000000755/download/data.rse
cesaroni_821j430_18a_rasp_5f4294d20002e9000000074d.csv,cesaroni_821j430_18a_rasp_5f4294d20002e9000000074d.json,RASP,Cesaroni Technology,Cesaroni,821J430-18A,J430,5f4294d200023100000003a7,5f4294d20002e9000000074d,reload,J,54,236,1.9,432.4,546.8,821.1,25,1.9460000000000002,419.7523463514902,538.745,816.838066,PD,cert,/simfiles/5f4294d20002e9000000074d/,/simfiles/5f4294d20002e9000000074d/download/data.eng
cesaroni_821j430_18a_rocksim_5f4294d20002e9000000074c.csv,cesaroni_821j430_18a_rocksim_5f4294d20002e9000000074c.json,RockSim,Cesaroni Technology,Cesaroni,821J430-18A,J430,5f4294d200023100000003a7,5f4294d20002e9000000074c,reload,J,54,236,1.9,432.4,546.8,821.1,26,1.963,417.8492440142639,538.745,820.238066,PD,cert,/simfiles/5f4294d20002e9000000074c/,/simfiles/5f4294d20002e9000000074c/download/data.rse
cesaroni_836j210_16a_rasp_5f4294d20002e900000008b9.csv,cesaroni_836j210_16a_rasp_5f4294d20002e900000008b9.json,RASP,Cesaroni Technology,Cesaroni,836J210-16A,J210,5f4294d200023100000000f0,5f4294d20002e900000008b9,reload,J,54,236,3.99,210,335,836,14,3.95,210.00522784810124,335.0,829.5206499999999,PD,mfr,/simfiles/5f4294d20002e900000008b9/,/simfiles/5f4294d20002e900000008b9/download/data.eng
cesaroni_8429m2020_p_rasp_5f4294d20002e90000000746.csv,cesaroni_8429m2020_p_rasp_5f4294d20002e90000000746.json,RASP,Cesaroni Technology,Cesaroni,8429M2020-P,M2020,5f4294d200023100000003aa,5f4294d20002e90000000746,reload,M,75,893,4.17,2021.9,2680.4,8429.4,30,4.2780000000000005,1964.6694824684432,2649.446,8404.856046,PD,cert,/simfiles/5f4294d20002e90000000746/,/simfiles/5f4294d20002e90000000746/download/data.eng
cesaroni_8429m2020_p_rocksim_5f4294d20002e90000000747.csv,cesaroni_8429m2020_p_rocksim_5f4294d20002e90000000747.json,RockSim,Cesaroni Technology,Cesaroni,8429M2020-P,M2020,5f4294d200023100000003aa,5f4294d20002e90000000747,reload,M,75,893,4.17,2021.9,2680.4,8429.4,31,4.301,1959.698324226924,2649.45,8428.6624925,PD,cert,/simfiles/5f4294d20002e90000000747/,/simfiles/5f4294d20002e90000000747/download/data.rse
cesaroni_848j520_16a_rasp_5f4294d20002e9000000071f.csv,cesaroni_848j520_16a_rasp_5f4294d20002e9000000071f.json,RASP,Cesaroni Technology,Cesaroni,848J520-16A,J520,5f4294d200023100000002ed,5f4294d20002e9000000071f,reload,J,38,510,1.634,519.404,658.16,848.43,19,1.722,485.79229819976774,658.701,836.5343375,PD,cert,/simfiles/5f4294d20002e9000000071f/,/simfiles/5f4294d20002e9000000071f/download/data.eng
cesaroni_848j520_16a_rocksim_5f4294d20002e9000000071e.csv,cesaroni_848j520_16a_rocksim_5f4294d20002e9000000071e.json,RockSim,Cesaroni Technology,Cesaroni,848J520-16A,J520,5f4294d200023100000002ed,5f4294d20002e9000000071e,reload,J,38,510,1.634,519.404,658.16,848.43,20,1.756,482.763242881549,658.701,847.7322545000001,PD,cert,/simfiles/5f4294d20002e9000000071e/,/simfiles/5f4294d20002e9000000071e/download/data.rse
cesaroni_8634m6400_p_rasp_5f4294d20002e900000007c1.csv,cesaroni_8634m6400_p_rasp_5f4294d20002e900000007c1.json,RASP,Cesaroni Technology,Cesaroni,8634M6400-P,M6400,5f4294d200023100000003ed,5f4294d20002e900000007c1,reload,M,98,702,1.36,6365.2,7237.8,8634.4,12,1.372,6268.7853965014565,7244.596,8600.773564,PD,cert,/simfiles/5f4294d20002e900000007c1/,/simfiles/5f4294d20002e900000007c1/download/data.eng
cesaroni_8634m6400_p_rocksim_5f4294d20002e900000007be.csv,cesaroni_8634m6400_p_rocksim_5f4294d20002e900000007be.json,RockSim,Cesaroni Technology,Cesaroni,8634M6400-P,M6400,5f4294d200023100000003ed,5f4294d20002e900000007be,reload,M,98,702,1.36,6365.2,7237.8,8634.4,13,1.383,6243.104038322488,7244.6,8634.212885,PD,cert,/simfiles/5f4294d20002e900000007be/,/simfiles/5f4294d20002e900000007be/download/data.rse
cesaroni_949j150_p_rocksim_5f4294d20002e9000000080f.csv,cesaroni_949j150_p_rocksim_5f4294d20002e9000000080f.json,RockSim,Cesaroni Technology,Cesaroni,949J150-P,J150,5f4294d20002310000000417,5f4294d20002e9000000080f,reload,J,38,500,6.4,148.4,343.2,949.2,13,6.434,146.60641490519114,324.576,943.2656734999999,PD,cert,/simfiles/5f4294d20002e9000000080f/,/simfiles/5f4294d20002e9000000080f/download/data.rse
cesaroni_970j394_13a_rasp_5f4294d20002e90000000760.csv,cesaroni_970j394_13a_rasp_5f4294d20002e90000000760.json,RASP,Cesaroni Technology,Cesaroni,970J394-13A,J394,5f4294d2000231000000039d,5f4294d20002e90000000760,reload,J,38,500,2.46,394.1,515.7,970.4,36,2.536,382.44458458201893,491.758,969.8794665,PD,cert,/simfiles/5f4294d20002e90000000760/,/simfiles/5f4294d20002e90000000760/download/data.eng
cesaroni_970j394_13a_rocksim_5f4294d20002e90000000761.csv,cesaroni_970j394_13a_rocksim_5f4294d20002e90000000761.json,RockSim,Cesaroni Technology,Cesaroni,970J394-13A,J394,5f4294d2000231000000039d,5f4294d20002e90000000761,reload,J,38,500,2.46,394.1,515.7,970.4,37,2.55,381.25552294117654,491.758,972.2015835000001,PD,cert,/simfiles/5f4294d20002e90000000761/,/simfiles/5f4294d20002e90000000761/download/data.rse
cesaroni_985j595_16a_rasp_5f4294d20002e90000000721.csv,cesaroni_985j595_16a_rasp_5f4294d20002e90000000721.json,RASP,Cesaroni Technology,Cesaroni,985J595-16A,J595,5f4294d200023100000002e6,5f4294d20002e90000000721,reload,J,38,510,1.6538,595.38,925.38,985,20,1.6980000000000002,579.1797626619551,924.98,983.447237,PD,cert,/simfiles/5f4294d20002e90000000721/,/simfiles/5f4294d20002e90000000721/download/data.eng
cesaroni_985j595_16a_rocksim_5f4294d20002e90000000720.csv,cesaroni_985j595_16a_rocksim_5f4294d20002e90000000720.json,RockSim,Cesaroni Technology,Cesaroni,985J595-16A,J595,5f4294d200023100000002e6,5f4294d20002e90000000720,reload,J,38,510,1.6538,595.38,925.38,985,21,1.707,577.8247762155829,924.98,986.346893,PD,cert,/simfiles/5f4294d20002e90000000720/,/simfiles/5f4294d20002e90000000720/download/data.rse
cesaroni_9977m2245_p_rasp_5f4294d20002e900000007b5.csv,cesaroni_9977m2245_p_rasp_5f4294d20002e900000007b5.json,RASP,Cesaroni Technology,Cesaroni,9977M2245-P,M2245,5f4294d200023100000003e9,5f4294d20002e900000007b5,reload,M,75,1025,4.29,2326.4,3357,9976.7,10,4.328,2290.3972117606286,3045.655,9912.839132500001,PD,cert,/simfiles/5f4294d20002e900000007b5/,/simfiles/5f4294d20002e900000007b5/download/data.eng
cesaroni_9977m2245_p_rocksim_5f4294d20002e900000007b4.csv,cesaroni_9977m2245_p_rocksim_5f4294d20002e900000007b4.json,RockSim,Cesaroni Technology,Cesaroni,9977M2245-P,M2245,5f4294d200023100000003e9,5f4294d20002e900000007b4,reload,M,75,1025,4.29,2326.4,3357,9976.7,11,4.371,2282.846162663006,3045.66,9978.320577,PD,cert,/simfiles/5f4294d20002e900000007b4/,/simfiles/5f4294d20002e900000007b4/download/data.rse
cesaroni_i240_rasp_5f4294d20002e9000000009f.csv,cesaroni_i240_rasp_5f4294d20002e9000000009f.json,RASP,Cesaroni Technology,Cesaroni,I240,I240,5f4294d200023100000000c0,5f4294d20002e9000000009f,reload,I,38,302,2,240,279,556,26,2.2279999999999998,243.94835143626574,327.04,543.516927,PD,cert,/simfiles/5f4294d20002e9000000009f/,/simfiles/5f4294d20002e9000000009f/download/data.eng
cesaroni_j300_rasp_5f4294d20002e900000000a1.csv,cesaroni_j300_rasp_5f4294d20002e900000000a1.json,RASP,Cesaroni Technology,Cesaroni,J300,J300,5f4294d20002310000000105,5f4294d20002e900000000a1,reload,J,38,360,2.05,300,552,694,26,2.2319999999999998,304.7934027777778,436.586,680.2988750000001,PD,cert,/simfiles/5f4294d20002e900000000a1/,/simfiles/5f4294d20002e900000000a1/download/data.eng
cesaroni_j360_rasp_5f4294d20002e900000000a3.csv,cesaroni_j360_rasp_5f4294d20002e900000000a3.json,RASP,Cesaroni Technology,Cesaroni,J360,J360,5f4294d20002310000000112,5f4294d20002e900000000a3,reload,J,38,419,1.9,360,828,826,26,2.089,384.45278841550976,618.905,803.1218749999999,PD,cert,/simfiles/5f4294d20002e900000000a3/,/simfiles/5f4294d20002e900000000a3/download/data.eng
contrail_l2525_gf_rasp_645a08094d01ef0002706576.csv,contrail_l2525_gf_rasp_645a08094d01ef0002706576.json,RASP,Contrail Rockets,Contrail,L2525-GF,L2525,5f4294d2000231000000016b,645a08094d01ef0002706576,hybrid,L,75,1524,1.9,2456,4905.8,4677,20,1.886,2469.240560445387,4905.845,4656.987697,PD,user,/simfiles/645a08094d01ef0002706576/,/simfiles/645a08094d01ef0002706576/download/data.eng
ellis_i150_rasp_5f4294d20002e900000000a5.csv,ellis_i150_rasp_5f4294d20002e900000000a5.json,RASP,Ellis Mountain,Ellis,I150,I150,5f4294d200023100000000ac,5f4294d20002e900000000a5,reload,I,38,229,2.75,150,155.5,346.2,26,2.571,150.675494554648,212.937,387.3866965,PD,cert,/simfiles/5f4294d20002e900000000a5/,/simfiles/5f4294d20002e900000000a5/download/data.eng
ellis_i160_rasp_5f4294d20002e900000000a7.csv,ellis_i160_rasp_5f4294d20002e900000000a7.json,RASP,Ellis Mountain,Ellis,I160,I160,5f4294d200023100000000b0,5f4294d20002e900000000a7,reload,I,38,280,3.5,160,265.3,462.7,26,3.4779999999999998,140.28829456584245,212.769,487.9226885,PD,cert,/simfiles/5f4294d20002e900000000a7/,/simfiles/5f4294d20002e900000000a7/download/data.eng
ellis_i230_rasp_5f4294d20002e900000000a9.csv,ellis_i230_rasp_5f4294d20002e900000000a9.json,RASP,Ellis Mountain,Ellis,I230,I230,5f4294d200023100000000bf,5f4294d20002e900000000a9,reload,I,38,331,3.07,230,359.2,540,26,2.999,203.577981993998,317.66,610.5303680000001,PD,cert,/simfiles/5f4294d20002e900000000a9/,/simfiles/5f4294d20002e900000000a9/download/data.eng
ellis_j270_rasp_5f4294d20002e900000000ab.csv,ellis_j270_rasp_5f4294d20002e900000000ab.json,RASP,Ellis Mountain,Ellis,J270,J270,5f4294d200023100000000fc,5f4294d20002e900000000ab,reload,J,38,384,3.47,270,427.6,648.5,26,2.958,239.59204597701145,386.516,708.713272,PD,cert,/simfiles/5f4294d20002e900000000ab/,/simfiles/5f4294d20002e900000000ab/download/data.eng
ellis_j330_rasp_5f4294d20002e900000000ad.csv,ellis_j330_rasp_5f4294d20002e900000000ad.json,RASP,Ellis Mountain,Ellis,J330,J330,5f4294d20002310000000109,5f4294d20002e900000000ad,reload,J,38,433,3.64,330,660.7,737.8,26,2.855,298.8890649737303,515.156,853.3282805,PD,cert,/simfiles/5f4294d20002e900000000ad/,/simfiles/5f4294d20002e900000000ad/download/data.eng
ellis_l330_rasp_5f4294d20002e900000000af.csv,ellis_l330_rasp_5f4294d20002e900000000af.json,RASP,Ellis Mountain,Ellis,L330,L330,5f4294d2000231000000016c,5f4294d20002e900000000af,reload,L,76,381,7.3,330,484.56,2972.57,26,9.774,293.382845150399,407.731,2867.5239285,PD,cert,/simfiles/5f4294d20002e900000000af/,/simfiles/5f4294d20002e900000000af/download/data.eng
ellis_l600_rasp_5f4294d20002e900000000b1.csv,ellis_l600_rasp_5f4294d20002e900000000b1.json,RASP,Ellis Mountain,Ellis,L600,L600,5f4294d20002310000000177,5f4294d20002e900000000b1,reload,L,76,584,8,600,1056,4995.4,26,9.392,513.5913245315163,829.668,4823.64972,PD,cert,/simfiles/5f4294d20002e900000000b1/,/simfiles/5f4294d20002e900000000b1/download/data.eng
ellis_m1000_rasp_5f4294d20002e900000000b3.csv,ellis_m1000_rasp_5f4294d20002e900000000b3.json,RASP,Ellis Mountain,Ellis,M1000,M1000,5f4294d2000231000000019f,5f4294d20002e900000000b3,reload,M,76,787,7,1000,2425,7320,26,8.051,874.1746773071668,1897.088,7037.980327,PD,cert,/simfiles/5f4294d20002e900000000b3/,/simfiles/5f4294d20002e900000000b3/download/data.eng
estes_b4_rasp_5f4294d20002e90000000834.csv,estes_b4_rasp_5f4294d20002e90000000834.json,RASP,Estes Industries,Estes,B4,B4,5f4294d2000231000000000e,5f4294d20002e90000000834,SU,B,18,70,1.03,4.17,12.75,5,29,0.9909999999999999,5.06939404641776,11.367,5.0237695,PD,user,/simfiles/5f4294d20002e90000000834/,/simfiles/5f4294d20002e90000000834/download/data.eng
estes_c5_rasp_5f4294d20002e900000008c0.csv,estes_c5_rasp_5f4294d20002e900000008c0.json,RASP,Estes Industries,Estes,C5,C5,5f4294d20002310000000014,5f4294d20002e900000008c0,SU,C,18,70,1.99,3.91,20.41,7.79,31,1.987,3.920968042274786,20.401,7.7909635,PD,cert,/simfiles/5f4294d20002e900000008c0/,/simfiles/5f4294d20002e900000008c0/download/data.eng
estes_c5_rocksim_5f4294d20002e900000008c1.csv,estes_c5_rocksim_5f4294d20002e900000008c1.json,RockSim,Estes Industries,Estes,C5,C5,5f4294d20002310000000014,5f4294d20002e900000008c1,SU,C,18,70,1.99,3.91,20.41,7.79,32,1.992,3.912953815261044,20.41,7.794604,PD,cert,/simfiles/5f4294d20002e900000008c1/,/simfiles/5f4294d20002e900000008c1/download/data.rse
estes_c6_rasp_5f4294d20002e90000000833.csv,estes_c6_rasp_5f4294d20002e90000000833.json,RASP,Estes Industries,Estes,C6,C6,5f4294d20002310000000015,5f4294d20002e90000000833,SU,C,18,70,1.86,4.74,14.09,8.82,21,2.0100000000000002,4.984758955223881,11.635,10.019365500000001,PD,user,/simfiles/5f4294d20002e90000000833/,/simfiles/5f4294d20002e90000000833/download/data.eng
estes_e12_rocksim_5f923e731bca58000417164f.csv,estes_e12_rocksim_5f923e731bca58000417164f.json,RockSim,Estes Industries,Estes,E12,E12,5f4294d200023100000003e3,5f923e731bca58000417164f,SU,E,24,95,2.44,11.17,33.29,27.24,32,2.44,11.121277049180328,32.973,27.135916,PD,user,/simfiles/5f923e731bca58000417164f/,/simfiles/5f923e731bca58000417164f/download/data.rse
estes_e16_rocksim_5f923e8e1bca580004171651.csv,estes_e16_rocksim_5f923e8e1bca580004171651.json,RockSim,Estes Industries,Estes,E16,E16,5f4294d200023100000003f8,5f923e8e1bca580004171651,SU,E,29,114,2.09,15.97,26.44,33.38,30,2.09,16.089374641148325,26.44,33.626793,PD,user,/simfiles/5f923e8e1bca580004171651/,/simfiles/5f923e8e1bca580004171651/download/data.rse
estes_e30_rasp_5f4294d20002e900000007af.csv,estes_e30_rasp_5f4294d20002e900000007af.json,RASP,Estes Industries,Estes,E30,E30,5f4294d200023100000003e4,5f4294d20002e900000007af,SU,E,24,70,1.02,32.95,49.3,33.56,24,0.99,33.67676767676768,49.0,33.34,PD,cert,/simfiles/5f4294d20002e900000007af/,/simfiles/5f4294d20002e900000007af/download/data.eng
estes_e30_rocksim_5f923ea81bca580004171654.csv,estes_e30_rocksim_5f923ea81bca580004171654.json,RockSim,Estes Industries,Estes,E30,E30,5f4294d200023100000003e4,5f923ea81bca580004171654,SU,E,24,70,1.02,32.95,49.3,33.56,25,1.0,33.585,49.0,33.585,PD,user,/simfiles/5f923ea81bca580004171654/,/simfiles/5f923ea81bca580004171654/download/data.rse
estes_f15_rocksim_5f923edb1bca5800041716ab.csv,estes_f15_rocksim_5f923edb1bca5800041716ab.json,RockSim,Estes Industries,Estes,F15,F15,5f4294d200023100000003f2,5f923edb1bca5800041716ab,SU,F,29,114,3.45,14.38,25.26,49.61,27,3.45,14.379341304347825,25.26,49.6087275,PD,user,/simfiles/5f923edb1bca5800041716ab/,/simfiles/5f923edb1bca5800041716ab/download/data.rse
estes_f26_rasp_5fc5ac0c995c080004e6edc8.csv,estes_f26_rasp_5fc5ac0c995c080004e6edc8.json,RASP,Estes Industries,Estes,F26,F26,5f4294d200023100000003e5,5fc5ac0c995c080004e6edc8,SU,F,29,98,2.31,26.96,39.16,62.19,14,2.569,24.023393343713508,38.289,61.7160975,PD,user,/simfiles/5fc5ac0c995c080004e6edc8/,/simfiles/5fc5ac0c995c080004e6edc8/download/data.eng
estes_f26_rocksim_5fc5ac3c995c080004e6edc9.csv,estes_f26_rocksim_5fc5ac3c995c080004e6edc9.json,RockSim,Estes Industries,Estes,F26,F26,5f4294d200023100000003e5,5fc5ac3c995c080004e6edc9,SU,F,29,98,2.31,26.96,39.16,62.19,15,2.61,23.946751724137933,38.289,62.501022,PD,user,/simfiles/5fc5ac3c995c080004e6edc9/,/simfiles/5fc5ac3c995c080004e6edc9/download/data.rse
estes_f50_rasp_5f4294d20002e900000007b3.csv,estes_f50_rasp_5f4294d20002e900000007b3.json,RASP,Estes Industries,Estes,F50,F50,5f4294d200023100000003e6,5f4294d20002e900000007b3,SU,F,29,98,1.43,53.73,79.59,76.83,31,1.418,53.9634167842031,79.59,76.520125,PD,cert,/simfiles/5f4294d20002e900000007b3/,/simfiles/5f4294d20002e900000007b3/download/data.eng
estes_g40_rasp_5f4294d20002e900000007b0.csv,estes_g40_rasp_5f4294d20002e900000007b0.json,RASP,Estes Industries,Estes,G40,G40,5f4294d200023100000003e7,5f4294d20002e900000007b0,SU,G,29,124,2.38,40.88,84.51,97.14,12,2.276,43.1143591827768,74.325,98.1282815,PD,cert,/simfiles/5f4294d20002e900000007b0/,/simfiles/5f4294d20002e900000007b0/download/data.eng
estes_g40_rasp_5f4294d20002e900000007b1.csv,estes_g40_rasp_5f4294d20002e900000007b1.json,RASP,Estes Industries,Estes,G40,G40,5f4294d200023100000003e7,5f4294d20002e900000007b1,SU,G,29,124,2.38,40.88,84.51,97.14,12,2.276,43.1143591827768,74.325,98.1282815,PD,cert,/simfiles/5f4294d20002e900000007b1/,/simfiles/5f4294d20002e900000007b1/download/data.eng
estes_l2350_rasp_61ec5d89a1cd0a000491cffd.csv,estes_l2350_rasp_61ec5d89a1cd0a000491cffd.json,RASP,Estes Industries,Estes,L2350,L2350,61ec46faa1cd0a000491cf48,61ec5d89a1cd0a000491cffd,SU,L,152,210,1.82,2129,2585,3886,31,2.9146,1341.0310297759554,2583.67,3908.569039385,PD,cert,/simfiles/61ec5d89a1cd0a000491cffd/,/simfiles/61ec5d89a1cd0a000491cffd/download/data.eng
gorilla_j535bt_rasp_5f4294d20002e9000000085e.csv,gorilla_j535bt_rasp_5f4294d20002e9000000085e.json,RASP,Gorilla Rocket Motors,Gorilla,J535BT,J535,5f4294d20002310000000430,5f4294d20002e9000000085e,reload,J,54,326,2.07,535,662.35,1113.8,28,2.1310000000000002,522.2950788362272,684.409,1113.010813,PD,cert,/simfiles/5f4294d20002e9000000085e/,/simfiles/5f4294d20002e9000000085e/download/data.eng
gorilla_l1112bt_rasp_5f4294d20002e90000000827.csv,gorilla_l1112bt_rasp_5f4294d20002e90000000827.json,RASP,Gorilla Rocket Motors,Gorilla,L1112BT,L1112,5f4294d20002310000000437,5f4294d20002e90000000827,reload,L,75,498,3.29,1127,1297,3709,29,3.5450000000000004,1034.4308936530324,1299.169,3667.057518,PD,cert,/simfiles/5f4294d20002e90000000827/,/simfiles/5f4294d20002e90000000827/download/data.eng
gorilla_m1085wc_rasp_5f4294d20002e90000000859.csv,gorilla_m1085wc_rasp_5f4294d20002e90000000859.json,RASP,Gorilla Rocket Motors,Gorilla,M1085WC,M1085,5f4294d20002310000000429,5f4294d20002e90000000859,reload,M,75,1039,7,1085,2267.46,6957.99,15,7.19,998.0353873435328,2290.83,7175.874435000001,PD,cert,/simfiles/5f4294d20002e90000000859/,/simfiles/5f4294d20002e90000000859/download/data.eng
gorilla_m1952bt_rasp_5f4294d20002e90000000828.csv,gorilla_m1952bt_rasp_5f4294d20002e90000000828.json,RASP,Gorilla Rocket Motors,Gorilla,M1952BT,M1952,5f4294d20002310000000438,5f4294d20002e90000000828,reload,M,75,785,3.09,1952,2692,6032,32,3.3850000000000002,1778.1679602658787,2689.392,6019.0985455,PD,cert,/simfiles/5f4294d20002e90000000828/,/simfiles/5f4294d20002e90000000828/download/data.eng
gorilla_m2925wc_rasp_5f4294d20002e90000000858.csv,gorilla_m2925wc_rasp_5f4294d20002e90000000858.json,RASP,Gorilla Rocket Motors,Gorilla,M2925WC,M2925,5f4294d2000231000000042a,5f4294d20002e90000000858,reload,M,75,1039,2.71,2925,4532.2,7897.7,11,2.73,2939.0436904761905,4537.19,8023.589275,PD,cert,/simfiles/5f4294d20002e90000000858/,/simfiles/5f4294d20002e90000000858/download/data.eng
gorilla_m745wc_rasp_5f4294d20002e9000000085a.csv,gorilla_m745wc_rasp_5f4294d20002e9000000085a.json,RASP,Gorilla Rocket Motors,Gorilla,M745WC,M745,5f4294d20002310000000428,5f4294d20002e9000000085a,reload,M,75,787,7.75,745,1424,5367.96,7,7.15,737.6753146853147,1556.88,5274.3785,PD,cert,/simfiles/5f4294d20002e9000000085a/,/simfiles/5f4294d20002e9000000085a/download/data.eng
gorilla_n1720wc_rasp_5f4294d20002e9000000085c.csv,gorilla_n1720wc_rasp_5f4294d20002e9000000085c.json,RASP,Gorilla Rocket Motors,Gorilla,N1720WC,N1720,5f4294d2000231000000042d,5f4294d20002e9000000085c,reload,N,98,1213,8.3,1720,3613.41,14236.77,32,8.22,1724.2628643762164,3591.28,14173.4407451725,PD,cert,/simfiles/5f4294d20002e9000000085c/,/simfiles/5f4294d20002e9000000085c/download/data.eng
gorilla_n2717wc_rasp_5f4294d20002e9000000085b.csv,gorilla_n2717wc_rasp_5f4294d20002e9000000085b.json,RASP,Gorilla Rocket Motors,Gorilla,N2717WC,N2717,5f4294d2000231000000042c,5f4294d20002e9000000085b,reload,N,98,870,4.1,2717,4200.08,10812.7,30,4.346,2542.7279155273814,4194.88,11050.695520882,PD,cert,/simfiles/5f4294d20002e9000000085b/,/simfiles/5f4294d20002e9000000085b/download/data.eng
gorilla_o2645bl_rasp_5f4294d20002e9000000085d.csv,gorilla_o2645bl_rasp_5f4294d20002e9000000085d.json,RASP,Gorilla Rocket Motors,Gorilla,O2645BL,O2645,5f4294d2000231000000042e,5f4294d20002e9000000085d,reload,O,152,1203,9.18,2645,3920.22,24333.15,30,9.462,2570.7668106637075,3888.41,24324.5955625,PD,cert,/simfiles/5f4294d20002e9000000085d/,/simfiles/5f4294d20002e9000000085d/download/data.eng
gorilla_o2700bl_rasp_5f4294d20002e900000007f1.csv,gorilla_o2700bl_rasp_5f4294d20002e900000007f1.json,RASP,Gorilla Rocket Motors,Gorilla,O2700BL,O2700,5f4294d20002310000000401,5f4294d20002e900000007f1,reload,O,152,1206,9.2,2645,3920,24333,30,9.462,2570.7668106637075,3888.41,24324.5955625,PD,cert,/simfiles/5f4294d20002e900000007f1/,/simfiles/5f4294d20002e900000007f1/download/data.eng
hypertek_1685cc098l_l200_rasp_5f4294d20002e900000000b5.csv,hypertek_1685cc098l_l200_rasp_5f4294d20002e900000000b5.json,RASP,Hypertek,Hypertek,1685CC098L-L200,L200,5f4294d20002310000000169,5f4294d20002e900000000b5,hybrid,L,75,1031,13.1965,200,,2639.3,26,14.658,175.6422750034111,311.934,2574.5644669999997,PD,cert,/simfiles/5f4294d20002e900000000b5/,/simfiles/5f4294d20002e900000000b5/download/data.eng
hypertek_1685cc098lfx_l225fx_rasp_5f4294d20002e900000000b7.csv,hypertek_1685cc098lfx_l225fx_rasp_5f4294d20002e900000000b7.json,RASP,Hypertek,Hypertek,1685CC098LFX-L225FX,L225,5f4294d2000231000000016a,5f4294d20002e900000000b7,hybrid,L,75,1031,12.3942222222222,225,,2788.7,26,13.619,199.0885250385491,380.609,2711.3866225,PD,cert,/simfiles/5f4294d20002e900000000b7/,/simfiles/5f4294d20002e900000000b7/download/data.eng
hypertek_1685cc125l_l350_rasp_5f4294d20002e900000000b9.csv,hypertek_1685cc125l_l350_rasp_5f4294d20002e900000000b9.json,RASP,Hypertek,Hypertek,1685CC125L-L350,L350,5f4294d2000231000000016d,5f4294d20002e900000000b9,hybrid,L,75,1031,8.694,350,,3042.9,26,9.466999999999999,312.8340513362206,598.015,2961.599964,PD,cert,/simfiles/5f4294d20002e900000000b9/,/simfiles/5f4294d20002e900000000b9/download/data.eng
hypertek_1685cc125lfx_l355fx_rasp_5f4294d20002e900000000bb.csv,hypertek_1685cc125lfx_l355fx_rasp_5f4294d20002e900000000bb.json,RASP,Hypertek,Hypertek,1685CC125LFX-L355FX,L355,5f4294d2000231000000016e,5f4294d20002e900000000bb,hybrid,L,75,1031,8.0312676056338,355,,2851.1,26,9.356,294.9664167379222,638.681,2759.705795,PD,cert,/simfiles/5f4294d20002e900000000bb/,/simfiles/5f4294d20002e900000000bb/download/data.eng
hypertek_1685cc172l_l475_rasp_5f4294d20002e900000000bd.csv,hypertek_1685cc172l_l475_rasp_5f4294d20002e900000000bd.json,RASP,Hypertek,Hypertek,1685CC172L-L475,L475,5f4294d20002310000000170,5f4294d20002e900000000bd,hybrid,L,75,1031,5.84084210526316,475,,2774.4,26,6.545,420.59544491978613,674.617,2752.797187,PD,cert,/simfiles/5f4294d20002e900000000bd/,/simfiles/5f4294d20002e900000000bd/download/data.eng
hypertek_1685cc172lfx_l535fx_rasp_5f4294d20002e900000000bf.csv,hypertek_1685cc172lfx_l535fx_rasp_5f4294d20002e900000000bf.json,RASP,Hypertek,Hypertek,1685CC172LFX-L535FX,L535,5f4294d20002310000000171,5f4294d20002e900000000bf,hybrid,L,75,1031,5.59682242990654,535,,2994.3,26,5.994000000000001,488.3203998998999,838.518,2926.9924770000002,PD,cert,/simfiles/5f4294d20002e900000000bf/,/simfiles/5f4294d20002e900000000bf/download/data.eng
hypertek_1685ccrgl_l550_rasp_5f4294d20002e900000000c1.csv,hypertek_1685ccrgl_l550_rasp_5f4294d20002e900000000c1.json,RASP,Hypertek,Hypertek,1685CCRGL-L550,L550,5f4294d20002310000000173,5f4294d20002e900000000c1,hybrid,L,75,1031,5.62672727272727,550,,3094.7,26,6.284000000000001,477.1663650541056,816.849,2998.513438,PD,cert,/simfiles/5f4294d20002e900000000c1/,/simfiles/5f4294d20002e900000000c1/download/data.eng
hypertek_1685ccrglfx_l610fx_rasp_5f4294d20002e900000000c3.csv,hypertek_1685ccrglfx_l610fx_rasp_5f4294d20002e900000000c3.json,RASP,Hypertek,Hypertek,1685CCRGLFX-L610FX,L610,5f4294d20002310000000178,5f4294d20002e900000000c3,hybrid,L,75,1031,5.13262295081967,610,,3130.9,26,5.574999999999999,538.4166746188342,890.644,3001.672961,PD,cert,/simfiles/5f4294d20002e900000000c3/,/simfiles/5f4294d20002e900000000c3/download/data.eng
hypertek_2800cc172l_l540_rasp_5f4294d20002e900000000c5.csv,hypertek_2800cc172l_l540_rasp_5f4294d20002e900000000c5.json,RASP,Hypertek,Hypertek,2800CC172L-L540,L540,5f4294d20002310000000172,5f4294d20002e900000000c5,hybrid,L,75,1387,8.54648148148148,540,,4615.1,26,9.594999999999999,472.77788728504436,781.611,4536.3038285,PD,cert,/simfiles/5f4294d20002e900000000c5/,/simfiles/5f4294d20002e900000000c5/download/data.eng
hypertek_2800cc172l_l540_rasp_5f4294d20002e900000000ed.csv,hypertek_2800cc172l_l540_rasp_5f4294d20002e900000000ed.json,RASP,Hypertek,Hypertek,2800CC172L-L540,L540,5f4294d20002310000000172,5f4294d20002e900000000ed,hybrid,L,75,1387,8.54648148148148,540,,4615.1,26,9.594999999999999,472.77788728504436,781.611,4536.3038285,PD,cert,/simfiles/5f4294d20002e900000000ed/,/simfiles/5f4294d20002e900000000ed/download/data.eng
hypertek_2800cc172lfx_l570fx_rasp_5f4294d20002e900000000c7.csv,hypertek_2800cc172lfx_l570fx_rasp_5f4294d20002e900000000c7.json,RASP,Hypertek,Hypertek,2800CC172LFX-L570FX,L570,5f4294d20002310000000174,5f4294d20002e900000000c7,hybrid,L,75,1387,8.27280701754386,570,,4715.5,26,9.162,508.08056570617765,831.812,4655.034143,PD,cert,/simfiles/5f4294d20002e900000000c7/,/simfiles/5f4294d20002e900000000c7/download/data.eng
hypertek_2800cc172lfx_l570fx_rasp_5f4294d20002e900000000ef.csv,hypertek_2800cc172lfx_l570fx_rasp_5f4294d20002e900000000ef.json,RASP,Hypertek,Hypertek,2800CC172LFX-L570FX,L570,5f4294d20002310000000174,5f4294d20002e900000000ef,hybrid,L,75,1387,8.27280701754386,570,,4715.5,26,9.162,508.08056570617765,831.812,4655.034143,PD,cert,/simfiles/5f4294d20002e900000000ef/,/simfiles/5f4294d20002e900000000ef/download/data.eng
hypertek_2800ccrgl_l575_rasp_5f4294d20002e900000000c9.csv,hypertek_2800ccrgl_l575_rasp_5f4294d20002e900000000c9.json,RASP,Hypertek,Hypertek,2800CCRGL-L575,L575,5f4294d20002310000000175,5f4294d20002e900000000c9,hybrid,L,75,1387,8.4024347826087,575,,4831.4,26,9.569,494.59852414045355,749.383,4732.8132775,PD,cert,/simfiles/5f4294d20002e900000000c9/,/simfiles/5f4294d20002e900000000c9/download/data.eng
hypertek_2800ccrgl_l575_rasp_5f4294d20002e900000000f1.csv,hypertek_2800ccrgl_l575_rasp_5f4294d20002e900000000f1.json,RASP,Hypertek,Hypertek,2800CCRGL-L575,L575,5f4294d20002310000000175,5f4294d20002e900000000f1,hybrid,L,75,1387,8.4024347826087,575,,4831.4,26,9.569,494.59852414045355,749.383,4732.8132775,PD,cert,/simfiles/5f4294d20002e900000000f1/,/simfiles/5f4294d20002e900000000f1/download/data.eng
hypertek_2800ccrglfx_l625fx_rasp_5f4294d20002e900000000cb.csv,hypertek_2800ccrglfx_l625fx_rasp_5f4294d20002e900000000cb.json,RASP,Hypertek,Hypertek,2800CCRGLFX-L625FX,L625,5f4294d20002310000000179,5f4294d20002e900000000cb,hybrid,L,75,1387,7.9208,625,,4950.5,26,8.538,561.6119237526352,953.21,4795.042605,PD,cert,/simfiles/5f4294d20002e900000000cb/,/simfiles/5f4294d20002e900000000cb/download/data.eng
hypertek_2800ccrglfx_l625fx_rasp_5f4294d20002e900000000f3.csv,hypertek_2800ccrglfx_l625fx_rasp_5f4294d20002e900000000f3.json,RASP,Hypertek,Hypertek,2800CCRGLFX-L625FX,L625,5f4294d20002310000000179,5f4294d20002e900000000f3,hybrid,L,75,1387,7.9208,625,,4950.5,26,8.538,561.6119237526352,953.21,4795.042605,PD,cert,/simfiles/5f4294d20002e900000000f3/,/simfiles/5f4294d20002e900000000f3/download/data.eng
hypertek_440cc076j_j115_rasp_5f4294d20002e900000000cd.csv,hypertek_440cc076j_j115_rasp_5f4294d20002e900000000cd.json,RASP,Hypertek,Hypertek,440CC076J-J115,J115,5f4294d200023100000000e1,5f4294d20002e900000000cd,hybrid,J,54,614,5.85826086956522,115,,673.7,26,6.561999999999999,99.9822346845474,230.563,656.0834239999999,PD,cert,/simfiles/5f4294d20002e900000000cd/,/simfiles/5f4294d20002e900000000cd/download/data.eng
hypertek_440cc076jfx_j120fx_rasp_5f4294d20002e900000000cf.csv,hypertek_440cc076jfx_j120fx_rasp_5f4294d20002e900000000cf.json,RASP,Hypertek,Hypertek,440CC076JFX-J120FX,J120,5f4294d200023100000000e2,5f4294d20002e900000000cf,hybrid,J,54,614,6.3125,120,,757.5,26,6.787999999999999,107.81186719210373,264.084,731.8269545,PD,cert,/simfiles/5f4294d20002e900000000cf/,/simfiles/5f4294d20002e900000000cf/download/data.eng
hypertek_440cc086j_j150_rasp_5f4294d20002e900000000e3.csv,hypertek_440cc086j_j150_rasp_5f4294d20002e900000000e3.json,RASP,Hypertek,Hypertek,440CC086J-J150,J150,5f4294d200023100000000ea,5f4294d20002e900000000e3,hybrid,J,54,645,5.00933333333333,150,,751.4,26,5.63,130.64340417406748,204.034,735.5223655,PD,cert,/simfiles/5f4294d20002e900000000e3/,/simfiles/5f4294d20002e900000000e3/download/data.eng
hypertek_440cc098j_j170_rasp_5f4294d20002e900000000d1.csv,hypertek_440cc098j_j170_rasp_5f4294d20002e900000000d1.json,RASP,Hypertek,Hypertek,440CC098J-J170,J170,5f4294d200023100000000ec,5f4294d20002e900000000d1,hybrid,J,54,614,4.28235294117647,170,,728,26,4.678,150.47689258230014,351.486,703.9309035,PD,cert,/simfiles/5f4294d20002e900000000d1/,/simfiles/5f4294d20002e900000000d1/download/data.eng
hypertek_440cc098jfx_j190fx_rasp_5f4294d20002e900000000d3.csv,hypertek_440cc098jfx_j190fx_rasp_5f4294d20002e900000000d3.json,RASP,Hypertek,Hypertek,440CC098JFX-J190FX,J190,5f4294d200023100000000ef,5f4294d20002e900000000d3,hybrid,J,54,614,4.35263157894737,190,,827,26,4.83,167.08214979296065,384.416,807.0067835,PD,cert,/simfiles/5f4294d20002e900000000d3/,/simfiles/5f4294d20002e900000000d3/download/data.eng
hypertek_440cc110j_j220_rasp_5f4294d20002e900000000e5.csv,hypertek_440cc110j_j220_rasp_5f4294d20002e900000000e5.json,RASP,Hypertek,Hypertek,440CC110J-J220,J220,5f4294d200023100000000f2,5f4294d20002e900000000e5,hybrid,J,54,645,3.27681818181818,220,,720.9,26,3.6039999999999996,196.58523404550502,298.227,708.4931835,PD,cert,/simfiles/5f4294d20002e900000000e5/,/simfiles/5f4294d20002e900000000e5/download/data.eng
hypertek_440cc125j_j250_rasp_5f4294d20002e900000000d5.csv,hypertek_440cc125j_j250_rasp_5f4294d20002e900000000d5.json,RASP,Hypertek,Hypertek,440CC125J-J250,J250,5f4294d200023100000000fa,5f4294d20002e900000000d5,hybrid,J,54,614,2.978,250,,744.5,26,3.257,219.78640835124347,453.238,715.844332,PD,cert,/simfiles/5f4294d20002e900000000d5/,/simfiles/5f4294d20002e900000000d5/download/data.eng
hypertek_440cc125j_j250_rasp_5f4294d20002e900000000e7.csv,hypertek_440cc125j_j250_rasp_5f4294d20002e900000000e7.json,RASP,Hypertek,Hypertek,440CC125J-J250,J250,5f4294d200023100000000fa,5f4294d20002e900000000e7,hybrid,J,54,614,2.978,250,,744.5,26,2.8379999999999996,226.9608985200846,357.597,644.11503,PD,cert,/simfiles/5f4294d20002e900000000e7/,/simfiles/5f4294d20002e900000000e7/download/data.eng
hypertek_440cc125jfx_j270fx_rasp_5f4294d20002e900000000d7.csv,hypertek_440cc125jfx_j270fx_rasp_5f4294d20002e900000000d7.json,RASP,Hypertek,Hypertek,440CC125JFX-J270FX,J270,5f4294d200023100000000fd,5f4294d20002e900000000d7,hybrid,J,54,614,2.97111111111111,270,,802.2,26,3.241,240.1835738969454,498.603,778.434963,PD,cert,/simfiles/5f4294d20002e900000000d7/,/simfiles/5f4294d20002e900000000d7/download/data.eng
hypertek_440cc172j_i310_rasp_5f4294d20002e900000000e1.csv,hypertek_440cc172j_i310_rasp_5f4294d20002e900000000e1.json,RASP,Hypertek,Hypertek,440CC172J-I310,I310,5f4294d200023100000000cd,5f4294d20002e900000000e1,hybrid,I,54,645,1.85322580645161,310,,574.5,26,2.1860000000000004,277.33003339432753,465.886,606.243453,PD,cert,/simfiles/5f4294d20002e900000000e1/,/simfiles/5f4294d20002e900000000e1/download/data.eng
hypertek_4630ccrgm_m1000_rasp_5f4294d20002e900000000d9.csv,hypertek_4630ccrgm_m1000_rasp_5f4294d20002e900000000d9.json,RASP,Hypertek,Hypertek,4630CCRGM-M1000,M1000,5f4294d2000231000000019e,5f4294d20002e900000000d9,hybrid,M,98,1405,9.155,1000,,9155,26,9.904000000000002,898.0707883683358,1482.178,8894.493088,PD,cert,/simfiles/5f4294d20002e900000000d9/,/simfiles/5f4294d20002e900000000d9/download/data.eng
hypertek_4630ccrgm_m1000_rasp_5f4294d20002e900000000f5.csv,hypertek_4630ccrgm_m1000_rasp_5f4294d20002e900000000f5.json,RASP,Hypertek,Hypertek,4630CCRGM-M1000,M1000,5f4294d2000231000000019e,5f4294d20002e900000000f5,hybrid,M,98,1405,9.155,1000,,9155,26,9.904000000000002,898.0707883683358,1482.178,8894.493088,PD,cert,/simfiles/5f4294d20002e900000000f5/,/simfiles/5f4294d20002e900000000f5/download/data.eng
hypertek_4630ccrgmfx_m1010fx_rasp_5f4294d20002e900000000db.csv,hypertek_4630ccrgmfx_m1010fx_rasp_5f4294d20002e900000000db.json,RASP,Hypertek,Hypertek,4630CCRGMFX-M1010FX,M1010,5f4294d200023100000001a1,5f4294d20002e900000000db,hybrid,M,98,1405,9.02415841584158,1010,,9114.4,26,10.002,907.3719906018795,1473.475,9075.53465,PD,cert,/simfiles/5f4294d20002e900000000db/,/simfiles/5f4294d20002e900000000db/download/data.eng
hypertek_4630ccrgmfx_m1010fx_rasp_5f4294d20002e900000000f7.csv,hypertek_4630ccrgmfx_m1010fx_rasp_5f4294d20002e900000000f7.json,RASP,Hypertek,Hypertek,4630CCRGMFX-M1010FX,M1010,5f4294d200023100000001a1,5f4294d20002e900000000f7,hybrid,M,98,1405,9.02415841584158,1010,,9114.4,26,10.002,907.3719906018795,1473.475,9075.53465,PD,cert,/simfiles/5f4294d20002e900000000f7/,/simfiles/5f4294d20002e900000000f7/download/data.eng
hypertek_835cc125j_k240_rasp_5f4294d20002e900000000eb.csv,hypertek_835cc125j_k240_rasp_5f4294d20002e900000000eb.json,RASP,Hypertek,Hypertek,835CC125J-K240,K240,5f4294d2000231000000012f,5f4294d20002e900000000eb,hybrid,K,54,815,5.38,240,,1292,26,6.625,214.74607094339623,338.024,1422.69272,PD,cert,/simfiles/5f4294d20002e900000000eb/,/simfiles/5f4294d20002e900000000eb/download/data.eng
hypertek_835cc125j_k240_rasp_5f4294d20002e90000000881.csv,hypertek_835cc125j_k240_rasp_5f4294d20002e90000000881.json,RASP,Hypertek,Hypertek,835CC125J-K240,K240,5f4294d2000231000000012f,5f4294d20002e90000000881,hybrid,K,54,815,5.38,240,,1292,26,6.625,214.74607094339623,338.024,1422.69272,PD,cert,/simfiles/5f4294d20002e90000000881/,/simfiles/5f4294d20002e90000000881/download/data.eng
hypertek_835cc172j_j317_rasp_5f4294d20002e900000000dd.csv,hypertek_835cc172j_j317_rasp_5f4294d20002e900000000dd.json,RASP,Hypertek,Hypertek,835CC172J-J317,J317,5f4294d20002310000000107,5f4294d20002e900000000dd,hybrid,J,81,552,3.15078864353312,317,,998.8,26,3.6039999999999996,276.6288274139845,471.024,996.970294,PD,cert,/simfiles/5f4294d20002e900000000dd/,/simfiles/5f4294d20002e900000000dd/download/data.eng
hypertek_835cc172jfx_j330fx_rasp_5f4294d20002e900000000df.csv,hypertek_835cc172jfx_j330fx_rasp_5f4294d20002e900000000df.json,RASP,Hypertek,Hypertek,835CC172JFX-J330FX,J330,5f4294d2000231000000010a,5f4294d20002e900000000df,hybrid,J,54,762,3.19,330,,1051.1,26,3.472,288.79379910714283,485.741,1002.6920705,PD,cert,/simfiles/5f4294d20002e900000000df/,/simfiles/5f4294d20002e900000000df/download/data.eng
kba_i310s_rasp_5f4294d20002e900000004fd.csv,kba_i310s_rasp_5f4294d20002e900000004fd.json,RASP,Kosdon by AeroTech,KBA,I310S,I310,5f4294d200023100000000ce,5f4294d20002e900000004fd,reload,I,38,368,2.1,310,473.9,633.8,26,2.2960000000000003,267.3815328832752,351.943,613.9079995,PD,user,/simfiles/5f4294d20002e900000004fd/,/simfiles/5f4294d20002e900000004fd/download/data.eng
kba_i370f_rasp_5f4294d20002e900000004fe.csv,kba_i370f_rasp_5f4294d20002e900000004fe.json,RASP,Kosdon by AeroTech,KBA,I370F,I370,5f4294d200023100000000d6,5f4294d20002e900000004fe,reload,I,38,368,1.7,370,539.2,634.3,26,1.872,332.7920285790598,447.326,622.9866774999999,PD,user,/simfiles/5f4294d20002e900000004fe/,/simfiles/5f4294d20002e900000004fe/download/data.eng
kba_k600f_rasp_5f4294d20002e900000000f9.csv,kba_k600f_rasp_5f4294d20002e900000000f9.json,RASP,Kosdon by AeroTech,KBA,K600F,K600,5f4294d2000231000000014d,5f4294d20002e900000000f9,reload,K,54,403,2.38,600,874,1428.5,26,2.608,539.2655837806749,711.292,1406.4046425000001,PD,cert,/simfiles/5f4294d20002e900000000f9/,/simfiles/5f4294d20002e900000000f9/download/data.eng
kba_l1000s_rasp_5f4294d20002e900000000fb.csv,kba_l1000s_rasp_5f4294d20002e900000000fb.json,RASP,Kosdon by AeroTech,KBA,L1000S,L1000,5f4294d20002310000000187,5f4294d20002e900000000fb,reload,L,54,728,2.6,1000,1738,2592,26,3.01,842.076035215947,1249.95,2534.648866,PD,cert,/simfiles/5f4294d20002e900000000fb/,/simfiles/5f4294d20002e900000000fb/download/data.eng
klima_a6_rasp_5f7695519503a10004898854.csv,klima_a6_rasp_5f7695519503a10004898854.json,RASP,Raketenmodellbau Klima,Klima,A6,A6,5f76951c9503a10004898852,5f7695519503a10004898854,SU,A,18,70,0.6,6,10.5,2.5,8,0.622,3.9762299035369777,10.477,2.473215,PD,mfr,/simfiles/5f7695519503a10004898854/,/simfiles/5f7695519503a10004898854/download/data.eng
klima_a6_rocksim_5f8b0495d5fa3b000447e824.csv,klima_a6_rocksim_5f8b0495d5fa3b000447e824.json,RockSim,Raketenmodellbau Klima,Klima,A6,A6,5f76951c9503a10004898852,5f8b0495d5fa3b000447e824,SU,A,18,70,0.6,6,10.5,2.5,9,0.71,3.5145112676056343,10.477,2.4953030000000003,PD,mfr,/simfiles/5f8b0495d5fa3b000447e824/,/simfiles/5f8b0495d5fa3b000447e824/download/data.rse
klima_b2_rasp_5f8c7be563ef420004f3dfcc.csv,klima_b2_rasp_5f8c7be563ef420004f3dfcc.json,RASP,Raketenmodellbau Klima,Klima,B2,B2,5f7695bd9503a10004898855,5f8c7be563ef420004f3dfcc,SU,B,18,70,2.5,2,,5,22,2.2489999999999997,2.1332939084037355,5.105,4.797778,PD,mfr,/simfiles/5f8c7be563ef420004f3dfcc/,/simfiles/5f8c7be563ef420004f3dfcc/download/data.eng
klima_b4_rasp_5f8b05dad5fa3b000447e827.csv,klima_b4_rasp_5f8b05dad5fa3b000447e827.json,RASP,Raketenmodellbau Klima,Klima,B4,B4,5f8b05a5d5fa3b000447e825,5f8b05dad5fa3b000447e827,SU,B,18,70,1.2,4,8,5,22,1.3150000000000002,3.784953231939163,8.001,4.9772135,PD,mfr,/simfiles/5f8b05dad5fa3b000447e827/,/simfiles/5f8b05dad5fa3b000447e827/download/data.eng
klima_b4_rocksim_5f8b05efd5fa3b000447e828.csv,klima_b4_rocksim_5f8b05efd5fa3b000447e828.json,RockSim,Raketenmodellbau Klima,Klima,B4,B4,5f8b05a5d5fa3b000447e825,5f8b05efd5fa3b000447e828,SU,B,18,70,1.2,4,8,5,23,1.364,3.6638918621700873,8.001,4.9975485,PD,mfr,/simfiles/5f8b05efd5fa3b000447e828/,/simfiles/5f8b05efd5fa3b000447e828/download/data.rse
klima_c2_rasp_5f8b060ed5fa3b000447e82a.csv,klima_c2_rasp_5f8b060ed5fa3b000447e82a.json,RASP,Raketenmodellbau Klima,Klima,C2,C2,5f7696fb9503a10004898857,5f8b060ed5fa3b000447e82a,SU,C,18,70,5,2,5,9.8,19,5.043,1.9683041840174498,5.001,9.926158,PD,mfr,/simfiles/5f8b060ed5fa3b000447e82a/,/simfiles/5f8b060ed5fa3b000447e82a/download/data.eng
klima_c2_rocksim_5f8b0624d5fa3b000447e82c.csv,klima_c2_rocksim_5f8b0624d5fa3b000447e82c.json,RockSim,Raketenmodellbau Klima,Klima,C2,C2,5f7696fb9503a10004898857,5f8b0624d5fa3b000447e82c,SU,C,18,70,5,2,5,9.8,20,5.083,1.953715915797757,5.001,9.930738,PD,mfr,/simfiles/5f8b0624d5fa3b000447e82c/,/simfiles/5f8b0624d5fa3b000447e82c/download/data.rse
klima_c6_rasp_5f8b0644d5fa3b000447e82e.csv,klima_c6_rasp_5f8b0644d5fa3b000447e82e.json,RASP,Raketenmodellbau Klima,Klima,C6,C6,5f76974c9503a10004898858,5f8b0644d5fa3b000447e82e,SU,C,18,70,1.6,6,15,10,15,1.655,6.025906344410876,15.0,9.972875,PD,mfr,/simfiles/5f8b0644d5fa3b000447e82e/,/simfiles/5f8b0644d5fa3b000447e82e/download/data.eng
klima_c6_rocksim_5f8b0656d5fa3b000447e82f.csv,klima_c6_rocksim_5f8b0656d5fa3b000447e82f.json,RockSim,Raketenmodellbau Klima,Klima,C6,C6,5f76974c9503a10004898858,5f8b0656d5fa3b000447e82f,SU,C,18,70,1.6,6,15,10,16,1.701,5.875834215167549,15.0,9.994794,PD,mfr,/simfiles/5f8b0656d5fa3b000447e82f/,/simfiles/5f8b0656d5fa3b000447e82f/download/data.rse
klima_d3_rasp_5f8b0767d5fa3b000447e837.csv,klima_d3_rasp_5f8b0767d5fa3b000447e837.json,RASP,Raketenmodellbau Klima,Klima,D3,D3,5f8b0753d5fa3b000447e835,5f8b0767d5fa3b000447e837,SU,D,18,70,5.5,3,9.01,17.4,23,6.186999999999999,2.922794488443511,9.01,18.0833295,PD,mfr,/simfiles/5f8b0767d5fa3b000447e837/,/simfiles/5f8b0767d5fa3b000447e837/download/data.eng
klima_d3_rocksim_5f8b077dd5fa3b000447e838.csv,klima_d3_rocksim_5f8b077dd5fa3b000447e838.json,RockSim,Raketenmodellbau Klima,Klima,D3,D3,5f8b0753d5fa3b000447e835,5f8b077dd5fa3b000447e838,SU,D,18,70,5.5,3,9.01,17.4,24,6.26,2.8900460063897766,9.01,18.091688,PD,mfr,/simfiles/5f8b077dd5fa3b000447e838/,/simfiles/5f8b077dd5fa3b000447e838/download/data.rse
klima_d9_rasp_5f8b0680d5fa3b000447e831.csv,klima_d9_rasp_5f8b0680d5fa3b000447e831.json,RASP,Raketenmodellbau Klima,Klima,D9,D9,5f7697979503a10004898859,5f8b0680d5fa3b000447e831,SU,D,18,70,2.1,9,25,20,15,2.202,9.046216621253407,25.0,19.919769000000002,PD,mfr,/simfiles/5f8b0680d5fa3b000447e831/,/simfiles/5f8b0680d5fa3b000447e831/download/data.eng
klima_d9_rocksim_5f8b0694d5fa3b000447e832.csv,klima_d9_rocksim_5f8b0694d5fa3b000447e832.json,RockSim,Raketenmodellbau Klima,Klima,D9,D9,5f7697979503a10004898859,5f8b0694d5fa3b000447e832,SU,D,18,70,2.1,9,25,20,16,2.242,8.903652542372882,25.0,19.961989,PD,mfr,/simfiles/5f8b0694d5fa3b000447e832/,/simfiles/5f8b0694d5fa3b000447e832/download/data.rse
kosdon_g65dh_rasp_5f4294d20002e90000000802.csv,kosdon_g65dh_rasp_5f4294d20002e90000000802.json,RASP,Kosdon TRM,Kosdon,G65DH,G65,5f4294d2000231000000034a,5f4294d20002e90000000802,reload,G,29,206,1.9,71.6,,136.6,16,1.9979999999999998,67.7654351851852,88.721,135.3953395,PD,cert,/simfiles/5f4294d20002e90000000802/,/simfiles/5f4294d20002e90000000802/download/data.eng
kosdon_h155f_rasp_5f4294d20002e90000000803.csv,kosdon_h155f_rasp_5f4294d20002e90000000803.json,RASP,Kosdon TRM,Kosdon,H155F,H155,5f4294d20002310000000349,5f4294d20002e90000000803,reload,H,29,203,0.97,171.9,,160.8,34,1.4600000000000002,101.93240376712326,139.271,148.82130949999998,PD,cert,/simfiles/5f4294d20002e90000000803/,/simfiles/5f4294d20002e90000000803/download/data.eng
loki_g66_lr_rasp_5f4294d20002e90000000864.csv,loki_g66_lr_rasp_5f4294d20002e90000000864.json,RASP,Loki Research,Loki,G66-LR,G66,5f4294d20002310000000449,5f4294d20002e90000000864,reload,G,38,122.2,1.94,69,115,134,29,2.119,64.01781123171307,115.654,135.653742,PD,cert,/simfiles/5f4294d20002e90000000864/,/simfiles/5f4294d20002e90000000864/download/data.eng
loki_g70_ct_rasp_5f4294d20002e90000000865.csv,loki_g70_ct_rasp_5f4294d20002e90000000865.json,RASP,Loki Research,Loki,G70-CT,G70,5f4294d2000231000000044a,5f4294d20002e90000000865,reload,G,38,122.2,1.7,70,101,119,29,1.778,66.93587289088865,101.008,119.011982,PD,cert,/simfiles/5f4294d20002e90000000865/,/simfiles/5f4294d20002e90000000865/download/data.eng
loki_h125_ct_rasp_5f4294d20002e90000000862.csv,loki_h125_ct_rasp_5f4294d20002e90000000862.json,RASP,Loki Research,Loki,H125-CT,H125,5f4294d20002310000000447,5f4294d20002e90000000862,reload,H,38,177.8,1.94,124,206,240,20,1.97,122.54344111675127,205.936,241.41057899999998,PD,cert,/simfiles/5f4294d20002e90000000862/,/simfiles/5f4294d20002e90000000862/download/data.eng
loki_hp_g69_sf_rasp_5f4294d20002e9000000084f.csv,loki_hp_g69_sf_rasp_5f4294d20002e9000000084f.json,RASP,Loki Research,Loki,HP-G69-SF,G69,5f4294d200023100000002f3,5f4294d20002e9000000084f,reload,G,38,127,1.6,69,97,110,6,1.59,69.39364728578616,97.9215,110.3358991844,PD,cert,/simfiles/5f4294d20002e9000000084f/,/simfiles/5f4294d20002e9000000084f/download/data.eng
loki_hp_g94_ib_rasp_5f4294d20002e90000000866.csv,loki_hp_g94_ib_rasp_5f4294d20002e90000000866.json,RASP,Loki Research,Loki,HP-G94-IB,G94,5f4294d2000231000000044b,5f4294d20002e90000000866,reload,G,38,122,1.29,94,131,121,29,1.418,87.01343300423132,131.673,123.385048,PD,cert,/simfiles/5f4294d20002e90000000866/,/simfiles/5f4294d20002e90000000866/download/data.eng
loki_i316_sf_rocksim_5f4294d20002e9000000083d.csv,loki_i316_sf_rocksim_5f4294d20002e9000000083d.json,RockSim,Loki Research,Loki,I316-SF,I316,5f4294d200023100000002ac,5f4294d20002e9000000083d,reload,I,38,292,1.5,316,,408.58,8,1.5,316.0295630347233,500.0,474.04434455208497,PD,cert,/simfiles/5f4294d20002e9000000083d/,/simfiles/5f4294d20002e9000000083d/download/data.rse
loki_i377_ct_rasp_5f4294d20002e90000000863.csv,loki_i377_ct_rasp_5f4294d20002e90000000863.json,RASP,Loki Research,Loki,I377-CT,I377,5f4294d20002310000000448,5f4294d20002e90000000863,reload,I,38,292.1,1.38,377,659,522,19,1.418,370.0364506346968,656.968,524.711687,PD,cert,/simfiles/5f4294d20002e90000000863/,/simfiles/5f4294d20002e90000000863/download/data.eng
loki_i426lb_rasp_66229b94f873440002ab2f24.csv,loki_i426lb_rasp_66229b94f873440002ab2f24.json,RASP,Loki Research,Loki,I426LB,I426,66225d52b1ba54000208d807,66229b94f873440002ab2f24,reload,I,38,306.8,1.19,425.67,718.26,505.04,48,1.2611400000000001,403.61724198522757,713.92363,509.01784855725,PD,cert,/simfiles/66229b94f873440002ab2f24/,/simfiles/66229b94f873440002ab2f24/download/data.eng
loki_i430_lb_rocksim_5f4294d20002e9000000083e.csv,loki_i430_lb_rocksim_5f4294d20002e9000000083e.json,RockSim,Loki Research,Loki,I430-LB,I430,5f4294d20002310000000240,5f4294d20002e9000000083e,reload,I,38,292,1.21,436.96,639.5,532.55,8,1.2,435.28051285190827,534.483,522.3366154222899,PD,cert,/simfiles/5f4294d20002e9000000083e/,/simfiles/5f4294d20002e9000000083e/download/data.rse
loki_j1000_lw_rocksim_5f4294d20002e90000000842.csv,loki_j1000_lw_rocksim_5f4294d20002e90000000842.json,RockSim,Loki Research,Loki,J1000-LW,J1000,5f4294d200023100000002ee,5f4294d20002e90000000842,reload,J,38,625,1.25,976,1400,1220,11,1.25,976.28682,1400.0,1220.358525,PD,cert,/simfiles/5f4294d20002e90000000842/,/simfiles/5f4294d20002e90000000842/download/data.rse
loki_j1026ct_rocksim_5f4294d20002e90000000843.csv,loki_j1026ct_rocksim_5f4294d20002e90000000843.json,RockSim,Loki Research,Loki,J1026CT,J1026,5f4294d20002310000000439,5f4294d20002e90000000843,reload,J,38,625.5,1.2,1026,1212,1267,27,1.297,974.3748828064764,1193.17,1263.764223,PD,cert,/simfiles/5f4294d20002e90000000843/,/simfiles/5f4294d20002e90000000843/download/data.rse
loki_j300lr_rasp_5f4294d20002e90000000823.csv,loki_j300lr_rasp_5f4294d20002e90000000823.json,RASP,Loki Research,Loki,J300LR,J300,5f4294d20002310000000433,5f4294d20002e90000000823,reload,J,54,327,4.1,297,401,1208,24,4.263,284.36317675346004,403.147,1212.2402225,PD,cert,/simfiles/5f4294d20002e90000000823/,/simfiles/5f4294d20002e90000000823/download/data.eng
loki_j300lr_rocksim_5f4294d20002e90000000841.csv,loki_j300lr_rocksim_5f4294d20002e90000000841.json,RockSim,Loki Research,Loki,J300LR,J300,5f4294d20002310000000433,5f4294d20002e90000000841,reload,J,54,327,4.1,297,401,1208,25,4.278,283.5032918419823,403.147,1212.8270825,PD,cert,/simfiles/5f4294d20002e90000000841/,/simfiles/5f4294d20002e90000000841/download/data.rse
loki_j350_sf_rocksim_5f4294d20002e9000000083f.csv,loki_j350_sf_rocksim_5f4294d20002e9000000083f.json,RockSim,Loki Research,Loki,J350-SF,J350,5f4294d200023100000002b1,5f4294d20002e9000000083f,reload,J,54,327,2.67,350,448,931,9,2.7,354.856961242037,445.525,958.1137953535,PD,cert,/simfiles/5f4294d20002e9000000083f/,/simfiles/5f4294d20002e9000000083f/download/data.rse
loki_j474_ct_rasp_5f4294d20002e900000008b2.csv,loki_j474_ct_rasp_5f4294d20002e900000008b2.json,RASP,Loki Research,Loki,J474-CT,J474,5f4294d20002310000000466,5f4294d20002e900000008b2,reload,J,38,416.9,1.49,474,1243.1,709.1,17,1.632,436.4590042892157,1222.57,712.301095,PD,cert,/simfiles/5f4294d20002e900000008b2/,/simfiles/5f4294d20002e900000008b2/download/data.eng
loki_j650_sf_rocksim_5f4294d20002e90000000840.csv,loki_j650_sf_rocksim_5f4294d20002e90000000840.json,RockSim,Loki Research,Loki,J650-SF,J650,5f4294d200023100000002b2,5f4294d20002e90000000840,reload,J,38,625,1.45,648,974,942,10,1.45,653.7530275862068,923.483,947.94189,PD,cert,/simfiles/5f4294d20002e90000000840/,/simfiles/5f4294d20002e90000000840/download/data.rse
loki_j670lb_rasp_66229756f873440002ab2cbc.csv,loki_j670lb_rasp_66229756f873440002ab2cbc.json,RASP,Loki Research,Loki,J670LB,J670,66225c88b1ba54000208d7b9,66229756f873440002ab2cbc,reload,J,54,330,1.89,669.88,824.15,1269.8,64,1.94111,652.7384508936382,797.10778,1267.03713441415,PD,cert,/simfiles/66229756f873440002ab2cbc/,/simfiles/66229756f873440002ab2cbc/download/data.eng
loki_j_326_lr_rasp_5f4294d20002e900000008b1.csv,loki_j_326_lr_rasp_5f4294d20002e900000008b1.json,RASP,Loki Research,Loki,J-326-LR,J326,5f4294d20002310000000465,5f4294d20002e900000008b1,reload,J,38,417,2.25,326.2,925.8,732.9,16,2.488,299.1192473874598,975.833,744.2086875,PD,cert,/simfiles/5f4294d20002e900000008b1/,/simfiles/5f4294d20002e900000008b1/download/data.eng
loki_k1127_lb_rocksim_5f4294d20002e90000000844.csv,loki_k1127_lb_rocksim_5f4294d20002e90000000844.json,RockSim,Loki Research,Loki,K1127-LB,K1127,5f4294d2000231000000043a,5f4294d20002e90000000844,reload,K,38,625.5,1.24,1029,1428,1285,37,1.37,938.5726930656933,1392.85,1285.8445895,PD,cert,/simfiles/5f4294d20002e90000000844/,/simfiles/5f4294d20002e90000000844/download/data.rse
loki_k527lr_rasp_5f4294d20002e90000000824.csv,loki_k527lr_rasp_5f4294d20002e90000000824.json,RASP,Loki Research,Loki,K527LR,K527,5f4294d20002310000000434,5f4294d20002e90000000824,reload,K,54,492,3.9,526,754,1983,26,4.106,487.0135375060887,759.414,1999.6775850000001,PD,cert,/simfiles/5f4294d20002e90000000824/,/simfiles/5f4294d20002e90000000824/download/data.eng
loki_k527lr_rocksim_5f4294d20002e90000000846.csv,loki_k527lr_rocksim_5f4294d20002e90000000846.json,RockSim,Loki Research,Loki,K527LR,K527,5f4294d20002310000000434,5f4294d20002e90000000846,reload,K,54,492,3.9,526,754,1983,27,4.129,484.5454211673529,759.414,2000.688044,PD,cert,/simfiles/5f4294d20002e90000000846/,/simfiles/5f4294d20002e90000000846/download/data.rse
loki_k627lr_rasp_5f4294d20002e90000000861.csv,loki_k627lr_rasp_5f4294d20002e90000000861.json,RASP,Loki Research,Loki,K627LR,K627,5f4294d20002310000000446,5f4294d20002e90000000861,reload,K,38,625.48,2.42,627,987,1519,23,2.5500000000000003,596.570024117647,989.33,1521.2535615,PD,cert,/simfiles/5f4294d20002e90000000861/,/simfiles/5f4294d20002e90000000861/download/data.eng
loki_k690_sf_rocksim_5f4294d20002e90000000845.csv,loki_k690_sf_rocksim_5f4294d20002e90000000845.json,RockSim,Loki Research,Loki,K690-SF,K690,5f4294d200023100000002b0,5f4294d20002e90000000845,reload,K,54,498,2.35,687,910,1616,12,2.35,718.8012579123404,807.388,1689.182956094,PD,cert,/simfiles/5f4294d20002e90000000845/,/simfiles/5f4294d20002e90000000845/download/data.rse
loki_k830_sf_rocksim_5f4294d20002e90000000847.csv,loki_k830_sf_rocksim_5f4294d20002e90000000847.json,RockSim,Loki Research,Loki,K830-SF,K830,5f4294d200023100000002af,5f4294d20002e90000000847,reload,K,54,726,2.73,835,1174,2287,8,2.7,850.0660577040741,1136.19,2295.178355801,PD,cert,/simfiles/5f4294d20002e90000000847/,/simfiles/5f4294d20002e90000000847/download/data.rse
loki_l1040lr_rasp_5f4294d20002e90000000839.csv,loki_l1040lr_rasp_5f4294d20002e90000000839.json,RASP,Loki Research,Loki,L1040LR,L1040,5f4294d2000231000000043d,5f4294d20002e90000000839,reload,L,54,736,3.57,1036,1422,3707,29,3.685,1008.0882906377204,1394.959,3714.805351,PD,cert,/simfiles/5f4294d20002e90000000839/,/simfiles/5f4294d20002e90000000839/download/data.eng
loki_l1040lr_rocksim_5f4294d20002e9000000083b.csv,loki_l1040lr_rocksim_5f4294d20002e9000000083b.json,RockSim,Loki Research,Loki,L1040LR,L1040,5f4294d2000231000000043d,5f4294d20002e9000000083b,reload,L,54,736,3.57,1036,1422,3707,30,3.7,1006.0714418918918,1394.96,3722.464335,PD,cert,/simfiles/5f4294d20002e9000000083b/,/simfiles/5f4294d20002e9000000083b/download/data.rse
loki_l2050lw_rasp_5f4294d20002e9000000083a.csv,loki_l2050lw_rasp_5f4294d20002e9000000083a.json,RASP,Loki Research,Loki,L2050LW,L2050,5f4294d2000231000000043e,5f4294d20002e9000000083a,reload,L,54,1113.8,2.34,2052,3331,4802,29,2.4939999999999998,1930.020698877306,3329.624,4813.471623,PD,cert,/simfiles/5f4294d20002e9000000083a/,/simfiles/5f4294d20002e9000000083a/download/data.eng
loki_l2050lw_rocksim_5f4294d20002e9000000083c.csv,loki_l2050lw_rocksim_5f4294d20002e9000000083c.json,RockSim,Loki Research,Loki,L2050LW,L2050,5f4294d2000231000000043e,5f4294d20002e9000000083c,reload,L,54,1113.8,2.34,2052,3331,4802,30,2.521,1911.3119476398253,3329.62,4818.41742,PD,cert,/simfiles/5f4294d20002e9000000083c/,/simfiles/5f4294d20002e9000000083c/download/data.rse
loki_l480_lr_rocksim_5f4294d20002e90000000849.csv,loki_l480_lr_rocksim_5f4294d20002e90000000849.json,RockSim,Loki Research,Loki,L480-LR,L480,5f4294d200023100000002ef,5f4294d20002e90000000849,reload,L,76,498,6.4,500,567,3200,9,6.4,500.0699453125,567.282,3200.44765,PD,cert,/simfiles/5f4294d20002e90000000849/,/simfiles/5f4294d20002e90000000849/download/data.rse
loki_l780_sf_rocksim_5f4294d20002e90000000848.csv,loki_l780_sf_rocksim_5f4294d20002e90000000848.json,RockSim,Loki Research,Loki,L780-SF,L780,5f4294d200023100000002ae,5f4294d20002e90000000848,reload,L,76,498,3.83,783.3,995,3006,10,3.8,794.3063684210526,934.037,3018.3642,PD,cert,/simfiles/5f4294d20002e90000000848/,/simfiles/5f4294d20002e90000000848/download/data.rse
loki_l840ct_rocksim_5f4294d20002e9000000084a.csv,loki_l840ct_rocksim_5f4294d20002e9000000084a.json,RockSim,Loki Research,Loki,L840CT,L840,5f4294d2000231000000043b,5f4294d20002e9000000084a,reload,L,76,498,4.6,834,1170,3889,25,4.8,810.0430220833333,1189.9,3888.206506,PD,cert,/simfiles/5f4294d20002e9000000084a/,/simfiles/5f4294d20002e9000000084a/download/data.rse
loki_m1200_sf_rocksim_5f4294d20002e9000000084b.csv,loki_m1200_sf_rocksim_5f4294d20002e9000000084b.json,RockSim,Loki Research,Loki,M1200-SF,M1200,5f4294d200023100000002ad,5f4294d20002e9000000084b,reload,M,76,785,4.485,1241.6,1550,5122.6,12,4.5,1152.1203611111114,1514.51,5184.541625000001,PD,cert,/simfiles/5f4294d20002e9000000084b/,/simfiles/5f4294d20002e9000000084b/download/data.rse
loki_m1378lr_rasp_5f4294d20002e90000000867.csv,loki_m1378lr_rasp_5f4294d20002e90000000867.json,RASP,Loki Research,Loki,M1378LR,M1378,5f4294d2000231000000044c,5f4294d20002e90000000867,reload,M,54,1108,3.88,1378,2270,5363,46,4.045999999999999,1321.7407967128029,2318.606,5347.7632635,PD,cert,/simfiles/5f4294d20002e90000000867/,/simfiles/5f4294d20002e90000000867/download/data.eng
loki_m1650lc_rasp_5f4294d20002e90000000825.csv,loki_m1650lc_rasp_5f4294d20002e90000000825.json,RASP,Loki Research,Loki,M1650LC,M1650,5f4294d20002310000000435,5f4294d20002e90000000825,reload,M,76,784,4,1648,3719,6535,21,4.598000000000001,1418.1665419747715,3779.835,6520.72976,PD,cert,/simfiles/5f4294d20002e90000000825/,/simfiles/5f4294d20002e90000000825/download/data.eng
loki_m1650lc_rocksim_5f4294d20002e9000000084c.csv,loki_m1650lc_rocksim_5f4294d20002e9000000084c.json,RockSim,Loki Research,Loki,M1650LC,M1650,5f4294d20002310000000435,5f4294d20002e9000000084c,reload,M,76,784,4,1648,3719,6535,22,4.613,1416.6644736613916,3779.84,6535.073217,PD,cert,/simfiles/5f4294d20002e9000000084c/,/simfiles/5f4294d20002e9000000084c/download/data.rse
loki_m1969sf_rocksim_5f4294d20002e9000000084d.csv,loki_m1969sf_rocksim_5f4294d20002e9000000084d.json,RockSim,Loki Research,Loki,M1969SF,M1969,5f4294d2000231000000043c,5f4294d20002e9000000084d,reload,M,76,1038,3.7,1966,2447,7296,28,3.96,1842.59895239899,2454.7,7296.6918515,PD,cert,/simfiles/5f4294d20002e9000000084d/,/simfiles/5f4294d20002e9000000084d/download/data.rse
loki_m3464lb_rasp_5f4294d20002e90000000826.csv,loki_m3464lb_rasp_5f4294d20002e90000000826.json,RASP,Loki Research,Loki,M3464LB,M3464,5f4294d20002310000000436,5f4294d20002e90000000826,reload,M,76,1038,2.7,3464,4328,9395,24,2.969,3160.148470191984,4907.495,9382.480808,PD,cert,/simfiles/5f4294d20002e90000000826/,/simfiles/5f4294d20002e90000000826/download/data.eng
loki_m3464lb_rocksim_5f4294d20002e9000000084e.csv,loki_m3464lb_rocksim_5f4294d20002e9000000084e.json,RockSim,Loki Research,Loki,M3464LB,M3464,5f4294d20002310000000436,5f4294d20002e9000000084e,reload,M,76,1038,2.7,3464,4328,9395,25,2.976,3158.4861167674726,4907.49,9399.654683499999,PD,cert,/simfiles/5f4294d20002e9000000084e/,/simfiles/5f4294d20002e9000000084e/download/data.rse
loki_m900_lr_rasp_5f4294d20002e90000000850.csv,loki_m900_lr_rasp_5f4294d20002e90000000850.json,RASP,Loki Research,Loki,M900-LR,M900,5f4294d200023100000002f0,5f4294d20002e90000000850,reload,M,76,785,6,920,1060,5477,8,5.98,914.5173963210701,1060.69,5468.81403,PD,cert,/simfiles/5f4294d20002e90000000850/,/simfiles/5f4294d20002e90000000850/download/data.eng
loki_n3800_lw_rasp_5f4294d20002e90000000851.csv,loki_n3800_lw_rasp_5f4294d20002e90000000851.json,RASP,Loki Research,Loki,N3800-LW,N3800,5f4294d200023100000002f2,5f4294d20002e90000000851,reload,N,98,1016,3.25,3851,4965,12500,8,3.24,3856.0650462962963,4965.36,12493.65075,PD,cert,/simfiles/5f4294d20002e90000000851/,/simfiles/5f4294d20002e90000000851/download/data.eng
loki_n5500lw_rasp_66ced133463503000252e87a.csv,loki_n5500lw_rasp_66ced133463503000252e87a.json,RASP,Loki Research,Loki,N5500LW,N5500,66225b8cb1ba54000208d749,66ced133463503000252e87a,reload,N,98,1382.7,3.58,5343.5,6677.8,19137,29,3.818,5012.504825563122,6652.99,19137.743424,PD,user,/simfiles/66ced133463503000252e87a/,/simfiles/66ced133463503000252e87a/download/data.eng
quest_a3_rasp_5f4294d20002e9000000088c.csv,quest_a3_rasp_5f4294d20002e9000000088c.json,RASP,Quest Aerospace,Quest,A3,A3,5f4294d2000231000000045b,5f4294d20002e9000000088c,SU,A,18,81,0.77,3.24,8.4,2.5,23,0.911,2.684120746432492,7.11,2.445234,PD,cert,/simfiles/5f4294d20002e9000000088c/,/simfiles/5f4294d20002e9000000088c/download/data.eng
quest_a3_rasp_666a56b5071776000212afe3.csv,quest_a3_rasp_666a56b5071776000212afe3.json,RASP,Quest Aerospace,Quest,A3,A3,5f4294d2000231000000045b,666a56b5071776000212afe3,SU,A,18,81,0.77,3.24,8.4,2.5,48,0.932,2.6968047210300425,7.303,2.513422,PD,cert,/simfiles/666a56b5071776000212afe3/,/simfiles/666a56b5071776000212afe3/download/data.eng
quest_a3_rocksim_5f4294d20002e9000000088d.csv,quest_a3_rocksim_5f4294d20002e9000000088d.json,RockSim,Quest Aerospace,Quest,A3,A3,5f4294d2000231000000045b,5f4294d20002e9000000088d,SU,A,18,81,0.77,3.24,8.4,2.5,24,0.917,2.667058887677208,7.11,2.445693,PD,cert,/simfiles/5f4294d20002e9000000088d/,/simfiles/5f4294d20002e9000000088d/download/data.rse
quest_b14t_rasp_66253719f307ea0002dbd83d.csv,quest_b14t_rasp_66253719f307ea0002dbd83d.json,RASP,Quest Aerospace,Quest,B14T,B14,6623d0bcf873440002ac79dc,66253719f307ea0002dbd83d,SU,B,18,79,0.38,13,17.65,4.97,19,0.40299999999999997,12.360161290322582,17.45,4.981145,PD,cert,/simfiles/66253719f307ea0002dbd83d/,/simfiles/66253719f307ea0002dbd83d/download/data.eng
quest_b14t_rocksim_663f8e858dc6c20002fccf33.csv,quest_b14t_rocksim_663f8e858dc6c20002fccf33.json,RockSim,Quest Aerospace,Quest,B14T,B14,6623d0bcf873440002ac79dc,663f8e858dc6c20002fccf33,SU,B,18,79,0.38,13,17.65,4.97,20,0.415,12.00666265060241,17.45,4.982765,PD,user,/simfiles/663f8e858dc6c20002fccf33/,/simfiles/663f8e858dc6c20002fccf33/download/data.rse
quest_b4_rasp_5f4294d20002e9000000088e.csv,quest_b4_rasp_5f4294d20002e9000000088e.json,RASP,Quest Aerospace,Quest,B4,B4,5f4294d2000231000000045c,5f4294d20002e9000000088e,SU,B,18,81,1.1,4.4,7.5,4.86,32,1.173,4.1701457800511506,7.2,4.8915809999999995,PD,cert,/simfiles/5f4294d20002e9000000088e/,/simfiles/5f4294d20002e9000000088e/download/data.eng
quest_b4_rocksim_5f4294d20002e9000000088f.csv,quest_b4_rocksim_5f4294d20002e9000000088f.json,RockSim,Quest Aerospace,Quest,B4,B4,5f4294d2000231000000045c,5f4294d20002e9000000088f,SU,B,18,81,1.1,4.4,7.5,4.86,33,1.184,4.131876689189189,7.2,4.892142,PD,cert,/simfiles/5f4294d20002e9000000088f/,/simfiles/5f4294d20002e9000000088f/download/data.rse
quest_b6w_rasp_60ae6058d83fc60004c69f18.csv,quest_b6w_rasp_60ae6058d83fc60004c69f18.json,RASP,Quest Aerospace,Quest,B6W,B6,60ac76068dc4640004c24d93,60ae6058d83fc60004c69f18,SU,B,18,79.2,1.17,4.22,9.13,4.87,16,1.201,4.199133638634471,9.296,5.0431595,PD,cert,/simfiles/60ae6058d83fc60004c69f18/,/simfiles/60ae6058d83fc60004c69f18/download/data.eng
quest_b6w_rocksim_618ed8392bb16e00041a2ec5.csv,quest_b6w_rocksim_618ed8392bb16e00041a2ec5.json,RockSim,Quest Aerospace,Quest,B6W,B6,60ac76068dc4640004c24d93,618ed8392bb16e00041a2ec5,SU,B,18,79.2,1.17,4.22,9.13,4.87,17,1.211,4.165106936416185,9.296,5.0439445,PD,user,/simfiles/618ed8392bb16e00041a2ec5/,/simfiles/618ed8392bb16e00041a2ec5/download/data.rse
quest_c12_rasp_5f4294d20002e900000008a4.csv,quest_c12_rasp_5f4294d20002e900000008a4.json,RASP,Quest Aerospace,Quest,C12,C12,5f4294d2000231000000045e,5f4294d20002e900000008a4,SU,C,18,78.7,0.84,11.7,17.5,9.8,30,0.877,11.246074686431013,17.707,9.862807499999999,PD,cert,/simfiles/5f4294d20002e900000008a4/,/simfiles/5f4294d20002e900000008a4/download/data.eng
quest_c12_rocksim_5f4294d20002e900000008a5.csv,quest_c12_rocksim_5f4294d20002e900000008a5.json,RockSim,Quest Aerospace,Quest,C12,C12,5f4294d2000231000000045e,5f4294d20002e900000008a5,SU,C,18,78.7,0.84,11.7,17.5,9.8,31,0.889,11.096579865016873,17.707,9.8648595,PD,cert,/simfiles/5f4294d20002e900000008a5/,/simfiles/5f4294d20002e900000008a5/download/data.rse
quest_c18w_rasp_5f8325318d60410004e91a0b.csv,quest_c18w_rasp_5f8325318d60410004e91a0b.json,RASP,Quest Aerospace,Quest,C18W,C18,5f7d2f71606b5d00041d9aba,5f8325318d60410004e91a0b,SU,C,18,81,0.52,19.1,23.6,9.83,54,0.53,18.511025471698115,22.913,9.8108435,PD,user,/simfiles/5f8325318d60410004e91a0b/,/simfiles/5f8325318d60410004e91a0b/download/data.eng
quest_c18w_rocksim_5f923ddc1bca580004171646.csv,quest_c18w_rocksim_5f923ddc1bca580004171646.json,RockSim,Quest Aerospace,Quest,C18W,C18,5f7d2f71606b5d00041d9aba,5f923ddc1bca580004171646,SU,C,18,81,0.52,19.1,23.6,9.83,55,0.543,18.068366482504604,22.913,9.811123,PD,user,/simfiles/5f923ddc1bca580004171646/,/simfiles/5f923ddc1bca580004171646/download/data.rse
quest_d16_rasp_5f4294d20002e90000000893.csv,quest_d16_rasp_5f4294d20002e90000000893.json,RASP,Quest Aerospace,Quest,D16,D16,5f4294d2000231000000045f,5f4294d20002e90000000893,SU,D,18,79.69999999999999,0.79,15.6,22.3,12.4,27,0.831,15.06445487364621,22.275,12.518562,PD,cert,/simfiles/5f4294d20002e90000000893/,/simfiles/5f4294d20002e90000000893/download/data.eng
quest_d16_rocksim_5f4294d20002e90000000894.csv,quest_d16_rocksim_5f4294d20002e90000000894.json,RockSim,Quest Aerospace,Quest,D16,D16,5f4294d2000231000000045f,5f4294d20002e90000000894,SU,D,18,79.69999999999999,0.79,15.6,22.3,12.4,28,0.838,14.940334725536994,22.275,12.5200005,PD,cert,/simfiles/5f4294d20002e90000000894/,/simfiles/5f4294d20002e90000000894/download/data.rse
quest_d20w_rasp_5f7d3159606b5d00041d9ac0.csv,quest_d20w_rasp_5f7d3159606b5d00041d9ac0.json,RASP,Quest Aerospace,Quest,D20W,D20,5f7d30aa606b5d00041d9abc,5f7d3159606b5d00041d9ac0,SU,D,18,81,0.76,18.25,24.34,13.83,18,0.799,16.90286289230448,24.70023688,13.50538745095128,PD,cert,/simfiles/5f7d3159606b5d00041d9ac0/,/simfiles/5f7d3159606b5d00041d9ac0/download/data.eng
quest_d20w_rocksim_5f923e481bca58000417164c.csv,quest_d20w_rocksim_5f923e481bca58000417164c.json,RockSim,Quest Aerospace,Quest,D20W,D20,5f7d30aa606b5d00041d9abc,5f923e481bca58000417164c,SU,D,18,81,0.76,18.25,24.34,13.83,19,0.8,16.882964667,24.7002,13.5063717336,PD,user,/simfiles/5f923e481bca58000417164c/,/simfiles/5f923e481bca58000417164c/download/data.rse
quest_d5_p_rocksim_5f923e281bca58000417164a.csv,quest_d5_p_rocksim_5f923e281bca58000417164a.json,RockSim,Quest Aerospace,Quest,D5-P,D5,5f4294d20002310000000210,5f923e281bca58000417164a,SU,D,20,88,3.98,4.93,11.49,19.61,23,3.983,4.933450037660055,11.483,19.6499315,PD,user,/simfiles/5f923e281bca58000417164a/,/simfiles/5f923e281bca58000417164a/download/data.rse
quest_d5_rocksim_5f923e071bca580004171648.csv,quest_d5_rocksim_5f923e071bca580004171648.json,RockSim,Quest Aerospace,Quest,D5,D5,5f4294d20002310000000376,5f923e071bca580004171648,SU,D,20,96,4.61,3.82,16.8,17.61,28,4.61,3.8218845986984817,16.8,17.618888000000002,PD,user,/simfiles/5f923e071bca580004171648/,/simfiles/5f923e071bca580004171648/download/data.rse
quest_e35w_rasp_62a020cfe0d0450004037025.csv,quest_e35w_rasp_62a020cfe0d0450004037025.json,RASP,Quest Aerospace,Quest,E35W,E35,629ee7b1e0d0450004036826,62a020cfe0d0450004037025,SU,E,24,113,1.08,33.81,43.96,39.38,18,1.1400000000000001,34.47558333333333,46.498,39.302165,PD,cert,/simfiles/62a020cfe0d0450004037025/,/simfiles/62a020cfe0d0450004037025/download/data.eng
quest_e35w_rocksim_63c8a2cace317300046679ab.csv,quest_e35w_rocksim_63c8a2cace317300046679ab.json,RockSim,Quest Aerospace,Quest,E35W,E35,629ee7b1e0d0450004036826,63c8a2cace317300046679ab,SU,E,24,113,1.08,33.81,43.96,39.38,19,1.141,34.44564241893076,46.498,39.302478,PD,user,/simfiles/63c8a2cace317300046679ab/,/simfiles/63c8a2cace317300046679ab/download/data.rse
quest_f41w_rasp_62a01e29e0d0450004036ef0.csv,quest_f41w_rasp_62a01e29e0d0450004036ef0.json,RASP,Quest Aerospace,Quest,F41W,F41,629ee8bae0d045000403682e,62a01e29e0d0450004036ef0,SU,F,24,113,1.12,42.19,54.16,47.65,19,1.182,39.15130837563452,51.569,46.276846500000005,PD,cert,/simfiles/62a01e29e0d0450004036ef0/,/simfiles/62a01e29e0d0450004036ef0/download/data.eng
quest_f41w_rocksim_63c8a2aece317300046679aa.csv,quest_f41w_rocksim_63c8a2aece317300046679aa.json,RockSim,Quest Aerospace,Quest,F41W,F41,629ee8bae0d045000403682e,63c8a2aece317300046679aa,SU,F,24,113,1.12,42.19,54.16,47.65,20,1.2,38.569131250000005,51.569,46.2829575,PD,user,/simfiles/63c8a2aece317300046679aa/,/simfiles/63c8a2aece317300046679aa/download/data.rse
quest_micro_maxx_ii_rasp_5f4294d20002e9000000078b.csv,quest_micro_maxx_ii_rasp_5f4294d20002e9000000078b.json,RASP,Quest Aerospace,Quest,MICRO_MAXX_II,1/8A0.3,5f4294d20002310000000001,5f4294d20002e9000000078b,SU,A,6,26,0.772,0.284,2.108,0.218,37,0.75,0.26730533333333334,1.636,0.200479,PD,user,/simfiles/5f4294d20002e9000000078b/,/simfiles/5f4294d20002e9000000078b/download/data.eng
ratt_h70_rasp_5f4294d20002e900000000fd.csv,ratt_h70_rasp_5f4294d20002e900000000fd.json,RASP,R.A.T.T. Works,RATT,H70,H70,5f4294d20002310000000077,5f4294d20002e900000000fd,hybrid,H,29,457,3.6,70,204.25,207.5,26,2.637,67.04330053090634,134.902,176.7931835,PD,cert,/simfiles/5f4294d20002e900000000fd/,/simfiles/5f4294d20002e900000000fd/download/data.eng
ratt_i80_rasp_5f4294d20002e900000000ff.csv,ratt_i80_rasp_5f4294d20002e900000000ff.json,RASP,R.A.T.T. Works,RATT,I80,I80,5f4294d2000231000000009f,5f4294d20002e900000000ff,hybrid,I,29,730,5.8,80,104.4,359.5,26,4.708,73.25432657179269,118.708,344.8813695,PD,cert,/simfiles/5f4294d20002e900000000ff/,/simfiles/5f4294d20002e900000000ff/download/data.eng
ratt_i90l_rasp_5f4294d20002e90000000101.csv,ratt_i90l_rasp_5f4294d20002e90000000101.json,RASP,R.A.T.T. Works,RATT,I90L,I90,5f4294d200023100000000a1,5f4294d20002e90000000101,hybrid,I,29,921,5.39111111111111,90,,485.2,26,6.423,75.44607146193367,137.737,484.59011699999996,PD,cert,/simfiles/5f4294d20002e90000000101/,/simfiles/5f4294d20002e90000000101/download/data.eng
ratt_k240h_rasp_5f4294d20002e90000000103.csv,ratt_k240h_rasp_5f4294d20002e90000000103.json,RASP,R.A.T.T. Works,RATT,K240H,K240,5f4294d20002310000000130,5f4294d20002e90000000103,hybrid,K,64,908,7.68625,240,,1844.7,26,8.235,210.69089623557986,413.978,1735.0395305,PD,cert,/simfiles/5f4294d20002e90000000103/,/simfiles/5f4294d20002e90000000103/download/data.eng
ratt_k350tr_p_rasp_618811b3df914c0004442462.csv,ratt_k350tr_p_rasp_618811b3df914c0004442462.json,RASP,R.A.T.T. Works,RATT,K350TR-P,K350,5f4294d2000231000000038b,618811b3df914c0004442462,hybrid,K,64,908,3.89,463,853,1861,39,5.917,288.2615299138077,595.987,1705.6434725,PD,mfr,/simfiles/618811b3df914c0004442462/,/simfiles/618811b3df914c0004442462/download/data.eng
tsp_d12_rasp_66a2fae4d1517d00027c3f75.csv,tsp_d12_rasp_66a2fae4d1517d00027c3f75.json,RASP,Piotr Tendera Rocket Motors,TSP,D12,D12,66a288cdd1517d00027bf3fc,66a2fae4d1517d00027c3f75,SU,D,24,70,1.4,12,,19,62,1.721,10.976106042998257,28.067,18.889878500000002,PD,user,/simfiles/66a2fae4d1517d00027c3f75/,/simfiles/66a2fae4d1517d00027c3f75/download/data.eng
tsp_d20_rasp_66a2fb7fd1517d00027c3ff0.csv,tsp_d20_rasp_66a2fb7fd1517d00027c3ff0.json,RASP,Piotr Tendera Rocket Motors,TSP,D20,D20,66a0d3eaa8c15d000226a805,66a2fb7fd1517d00027c3ff0,SU,D,24,70,1,20,,20,61,1.192,19.148874161073827,35.138,22.825458,PD,user,/simfiles/66a2fb7fd1517d00027c3ff0/,/simfiles/66a2fb7fd1517d00027c3ff0/download/data.eng
tsp_e12_rasp_66a2fc03d1517d00027c4057.csv,tsp_e12_rasp_66a2fc03d1517d00027c4057.json,RASP,Piotr Tendera Rocket Motors,TSP,E12,E12,66a28863d1517d00027bf38d,66a2fc03d1517d00027c4057,SU,E,24,95,3.3,12,,39,85,3.517,10.987327694057436,28.341,38.6424315,PD,user,/simfiles/66a2fc03d1517d00027c4057/,/simfiles/66a2fc03d1517d00027c4057/download/data.eng
tsp_e20_rasp_66a2fd86d1517d00027c4109.csv,tsp_e20_rasp_66a2fd86d1517d00027c4109.json,RASP,Piotr Tendera Rocket Motors,TSP,E20,E20,66a0d44ba8c15d000226a854,66a2fd86d1517d00027c4109,SU,E,24,95,2,20,,36,50,2.19,18.29015570776256,35.111,40.055441,PD,user,/simfiles/66a2fd86d1517d00027c4109/,/simfiles/66a2fd86d1517d00027c4109/download/data.eng
tsp_f35_rasp_66afbff81292070002368f61.csv,tsp_f35_rasp_66afbff81292070002368f61.json,RASP,Piotr Tendera Rocket Motors,TSP,F35,F35,66a0d4a4a8c15d000226a881,66afbff81292070002368f61,SU,F,29,95,2,35,,65,84,2.19,30.602076940639268,54.915,67.0185485,PD,user,/simfiles/66afbff81292070002368f61/,/simfiles/66afbff81292070002368f61/download/data.eng
